N_mu, N_sigma, N, MST_Cost_mu, MST_Cost_sigma, MST_Runtime_mu, MST_Runtime_sigma, RunType, C173_MFC_Cost_mu, C173_MFC_Cost_sigma, C173_MFC_Completion_Cost_mu, C173_MFC_Completion_Cost_sigma, C173_MFC_Runtime_mu, C173_MFC_Runtime_sigma, C173_Gamma_mu, C173_Gamma_sigma, C173_Cluster_Size_Mu_mu, C173_Cluster_Size_Mu_sigma, C173_Cluster_Size_Sigma_mu, C173_Cluster_Size_Sigma_sigma, C173_Sub_Clustering_Runtime_mu, C173_Sub_Clustering_Runtime_sigma, C173_Completion_Edges_Runtime_mu, C173_Completion_Edges_Runtime_sigma, C173_Completion_Runtime_mu, C173_Completion_Runtime_sigma, C173_Clustering_Runtime_mu, C173_Clustering_Runtime_sigma, C173_Find_Reps_Runtime_mu, C173_Find_Reps_Runtime_sigma, C173_Pick_Reps_Runtime_mu, C173_Pick_Reps_Runtime_sigma, C173_Rep_Count_mu, C173_Rep_Count_sigma, C173_Reps_Cost_mu, C173_Reps_Cost_sigma, C173_Clustering_Dist_Calls_mu, C173_Clustering_Dist_Calls_sigma, C173_Sub_Clustering_Dist_Calls_mu, C173_Sub_Clustering_Dist_Calls_sigma, C173_MFC_Dist_Calls_mu, C173_MFC_Dist_Calls_sigma, C173_Dist_Calls_mu, C173_Dist_Calls_sigma, C86_MFC_Cost_mu, C86_MFC_Cost_sigma, C86_MFC_Completion_Cost_mu, C86_MFC_Completion_Cost_sigma, C86_MFC_Runtime_mu, C86_MFC_Runtime_sigma, C86_Gamma_mu, C86_Gamma_sigma, C86_Cluster_Size_Mu_mu, C86_Cluster_Size_Mu_sigma, C86_Cluster_Size_Sigma_mu, C86_Cluster_Size_Sigma_sigma, C86_Sub_Clustering_Runtime_mu, C86_Sub_Clustering_Runtime_sigma, C86_Completion_Edges_Runtime_mu, C86_Completion_Edges_Runtime_sigma, C86_Completion_Runtime_mu, C86_Completion_Runtime_sigma, C86_Clustering_Runtime_mu, C86_Clustering_Runtime_sigma, C86_Find_Reps_Runtime_mu, C86_Find_Reps_Runtime_sigma, C86_Pick_Reps_Runtime_mu, C86_Pick_Reps_Runtime_sigma, C86_Rep_Count_mu, C86_Rep_Count_sigma, C86_Reps_Cost_mu, C86_Reps_Cost_sigma, C86_Clustering_Dist_Calls_mu, C86_Clustering_Dist_Calls_sigma, C86_Sub_Clustering_Dist_Calls_mu, C86_Sub_Clustering_Dist_Calls_sigma, C86_MFC_Dist_Calls_mu, C86_MFC_Dist_Calls_sigma, C86_Dist_Calls_mu, C86_Dist_Calls_sigma, C43_MFC_Cost_mu, C43_MFC_Cost_sigma, C43_MFC_Completion_Cost_mu, C43_MFC_Completion_Cost_sigma, C43_MFC_Runtime_mu, C43_MFC_Runtime_sigma, C43_Gamma_mu, C43_Gamma_sigma, C43_Cluster_Size_Mu_mu, C43_Cluster_Size_Mu_sigma, C43_Cluster_Size_Sigma_mu, C43_Cluster_Size_Sigma_sigma, C43_Sub_Clustering_Runtime_mu, C43_Sub_Clustering_Runtime_sigma, C43_Completion_Edges_Runtime_mu, C43_Completion_Edges_Runtime_sigma, C43_Completion_Runtime_mu, C43_Completion_Runtime_sigma, C43_Clustering_Runtime_mu, C43_Clustering_Runtime_sigma, C43_Find_Reps_Runtime_mu, C43_Find_Reps_Runtime_sigma, C43_Pick_Reps_Runtime_mu, C43_Pick_Reps_Runtime_sigma, C43_Rep_Count_mu, C43_Rep_Count_sigma, C43_Reps_Cost_mu, C43_Reps_Cost_sigma, C43_Clustering_Dist_Calls_mu, C43_Clustering_Dist_Calls_sigma, C43_Sub_Clustering_Dist_Calls_mu, C43_Sub_Clustering_Dist_Calls_sigma, C43_MFC_Dist_Calls_mu, C43_MFC_Dist_Calls_sigma, C43_Dist_Calls_mu, C43_Dist_Calls_sigma
30000, 0, 30000, 0, 0, 0, 0, dp_1.000000, 37939.5625, 383.27502670243206, 1382.3125, 76.42211619518267, 88401.010526375, 4721.963853039088, inf, -nan, 173.4104046242774, 5.684341886080802e-14, 2143.003381004631, 50.06174186471143, 84335.210751, 4731.558160382658, 1405.1834264374997, 31.67287339103832, 0.7347376250000001, 0.32761206828749356, 2655.8840816875004, 79.20721230167543, 3.9880260625, 0.5622511881335233, 0.009503562500000002, 0.0009742709433693228, 173, 0, 0, 0, 10350001, 0, 400051032.4375, 18149050.587031905, 5485357.25, 112935.62139970498, 415886390.6875, 18036138.661463678, 37338.3125, 294.3273515046639, 788.0625, 49.713515202105754, 83164.806439875, 5662.46777060667, inf, -nan, 348.83720930232545, 1.1368683772161603e-13, 3121.14525223446, 16.823256673688842, 80960.814773125, 5633.343040482302, 722.2776190624999, 25.628792094031837, 0.1513239375, 0.010611290446198978, 1477.299899375, 54.05143742348529, 4.2573771875, 1.1271925863913639, 0.005447187500000001, 0.0007058205525087448, 86, 0, 0, 0, 5130001, 0, 424116278.5625, 4516613.681740156, 2652553.8125, 12582.511296531537, 431898833.375, 4504145.760909995, 36715.8125, 280.65909453240596, 450.1875, 48.21983351018541, 82952.91954643751, 5384.656845005282, inf, -nan, 697.6744186046509, 2.2737367544323206e-13, 4452.664427484341, 14.080255125399102, 81764.94794306249, 5361.588822507926, 380.52900862499996, 20.339011465869287, 0.033967624999999994, 0.003588650388290143, 803.2566263749999, 46.65339643600011, 4.1488091250000005, 1.1752326336696, 0.003191624999999999, 0.0005775547457817311, 43, 0, 0, 0, 2550001, 0, 436718119.5625, 2698136.6068654205, 1307861.5, 3703.94104299731, 440575982.0625, 2694621.23499128
30000, 0, 30000, 0, 0, 0, 0, dp_11.000000, 37710.6875, 377.8410245642339, 1153.4375, 85.2767324288988, 105248.16836749998, 4023.0386305887428, inf, -nan, 173.4104046242774, 5.684341886080802e-14, 2143.003381004631, 50.06174186471143, 84335.210751, 4731.558160382658, 10274.15342825, 940.6244329017541, 0.8061316875, 0.23504509373541466, 2655.8840816875004, 79.20721230167543, 7817.307722812499, 167.4341010814196, 164.8062520625, 0.8780734135965262, 1903, 0, 6.9375, 2.1350863565673404, 10350001, 0, 400051032.4375, 18149050.587031905, 99341020.5, 6493652.479189495, 509742053.9375, 12319712.618000548, 37199.75, 288.9295978261833, 649.5, 59.719134287094285, 92864.23978343749, 5593.731526426071, inf, -nan, 348.83720930232545, 1.1368683772161603e-13, 3121.14525223446, 16.823256673688842, 80960.814773125, 5633.343040482302, 5939.231700124999, 578.7947542578211, 0.180625, 0.017539610421842322, 1477.299899375, 54.05143742348529, 4467.6089963125, 157.88946599407276, 19.1037895, 0.05639801462374369, 946, 0, 10.4375, 2.499218627891526, 5130001, 0, 424116278.5625, 4516613.681740156, 51545132.625, 2770332.4119928703, 480791412.1875, 2689696.043514471, 36642.4375, 281.124075976694, 376.8125, 52.0783289262434, 88333.70684399999, 5207.113524715784, inf, -nan, 697.6744186046509, 2.2737367544323206e-13, 4452.664427484341, 14.080255125399102, 81764.94794306249, 5361.588822507926, 3159.8126279999997, 447.78926187854086, 0.0444716875, 0.0033683220733539943, 803.2566263749999, 46.65339643600011, 2603.2331261875, 86.14768964386275, 2.4120486875, 0.01934654787913964, 473, 0, 18.25, 9.283722313813572, 2550001, 0, 436718119.5625, 2698136.6068654205, 25807384.875, 2002354.8498932412, 465075505.4375, 1129718.247157669
30000, 0, 30000, 0, 0, 0, 0, dp_13.000000, 37710.6875, 377.8410245642339, 1153.4375, 85.2767324288988, 106997.964882625, 3886.0308126688997, inf, -nan, 173.4104046242774, 5.684341886080802e-14, 2143.003381004631, 50.06174186471143, 84335.210751, 4731.558160382658, 10598.291877874999, 1797.1127038356005, 0.75822175, 0.2307193272052918, 2655.8840816875004, 79.20721230167543, 9176.3067669375, 207.88415057569338, 231.513183375, 1.1904943519925777, 2249, 0, 5.6875, 1.0439558180306292, 10350001, 0, 400051032.4375, 18149050.587031905, 111796153.375, 11123729.673752714, 522197186.8125, 10677413.823478192, 37199.75, 288.9295978261833, 649.5, 59.719134287094285, 94020.41207906249, 5695.171045293904, inf, -nan, 348.83720930232545, 1.1368683772161603e-13, 3121.14525223446, 16.823256673688842, 80960.814773125, 5633.343040482302, 6301.0541378749995, 568.9615427078056, 0.1768968125, 0.014783934998076249, 1477.299899375, 54.05143742348529, 5254.011191187499, 156.1384085229526, 27.055180687500002, 0.11646489819132105, 1118, 0, 8.25, 0.4330127018922193, 5130001, 0, 424116278.5625, 4516613.681740156, 58339312.5625, 2609661.6683452222, 487585592.125, 3272683.3069854323, 36641.6875, 280.8408621332551, 376.0625, 52.92857067548679, 89099.82813343749, 5275.648783159303, inf, -nan, 697.6744186046509, 2.2737367544323206e-13, 4452.664427484341, 14.080255125399102, 81764.94794306249, 5361.588822507926, 3462.1008188124997, 456.88642070232527, 0.045092, 0.0039076069403152615, 803.2566263749999, 46.65339643600011, 3066.0893080625, 91.79436364530088, 3.3883451250000003, 0.015667013363572967, 559, 0, 11.375, 1.5360257159305635, 2550001, 0, 436718119.5625, 2698136.6068654205, 29741460.625, 2068024.676707246, 469009581.1875, 892677.8962055839
30000, 0, 30000, 0, 0, 0, 0, dp_15.000000, 37710.6875, 377.8410245642339, 1153.4375, 85.2767324288988, 109758.721675, 4066.473024014391, inf, -nan, 173.4104046242774, 5.684341886080802e-14, 2143.003381004631, 50.06174186471143, 84335.210751, 4731.558160382658, 11943.7056145, 975.8665210080818, 0.70919375, 0.08363246344235892, 2655.8840816875004, 79.20721230167543, 10511.745827125002, 206.95921455121714, 311.4662069375, 1.6664718358168953, 2595, 0, 5.1875, 0.5266343608235224, 10350001, 0, 400051032.4375, 18149050.587031905, 128063706.8125, 7792822.979932041, 538464740.25, 10736008.117209371, 37199.75, 288.9295978261833, 649.5, 59.719134287094285, 94907.00594100001, 5698.920373361792, inf, -nan, 348.83720930232545, 1.1368683772161603e-13, 3121.14525223446, 16.823256673688842, 80960.814773125, 5633.343040482302, 6382.8020591875, 851.0090906446043, 0.180979375, 0.017994689341146602, 1477.299899375, 54.05143742348529, 6049.4852260625, 173.51895288278232, 36.423003875, 0.09157293066108145, 1290, 0, 7.25, 0.4330127018922193, 5130001, 0, 424116278.5625, 4516613.681740156, 63657004.1875, 3913326.713141202, 492903283.75, 3175686.5841605123, 36641.6875, 280.8408621332551, 376.0625, 52.92857067548679, 89618.57917200001, 5240.539295040931, inf, -nan, 697.6744186046509, 2.2737367544323206e-13, 4452.664427484341, 14.080255125399102, 81764.94794306249, 5361.588822507926, 3515.4275578750003, 555.0434231975861, 0.048176687499999996, 0.004537685667258559, 803.2566263749999, 46.65339643600011, 3530.3726833124992, 99.1910159172341, 4.526184687500001, 0.021079466091788145, 645, 0, 9.8125, 0.6343057228182637, 2550001, 0, 436718119.5625, 2698136.6068654205, 32502334.6875, 2530320.6306370716, 471770455.25, 730664.1985449352
30000, 0, 30000, 0, 0, 0, 0, dp_17.000000, 37710.6875, 377.8410245642339, 1153.4375, 85.2767324288988, 113188.468424375, 4722.54256108944, inf, -nan, 173.4104046242774, 5.684341886080802e-14, 2143.003381004631, 50.06174186471143, 84335.210751, 4731.558160382658, 13893.164283812499, 854.8723685791681, 0.7479708125000002, 0.09968070106859875, 2655.8840816875004, 79.20721230167543, 11901.525553937503, 208.35262264046605, 401.935783125, 1.4366893874762465, 2941, 0, 5.0625, 0.24206145913796356, 10350001, 0, 400051032.4375, 18149050.587031905, 147706761.625, 5394081.357978146, 558107795.0625, 13671044.440871332, 37199.75, 288.9295978261833, 649.5, 59.719134287094285, 96453.99674587499, 5647.029140885767, inf, -nan, 348.83720930232545, 1.1368683772161603e-13, 3121.14525223446, 16.823256673688842, 80960.814773125, 5633.343040482302, 7171.475801875, 553.0721639068674, 0.1886881875, 0.018977556643370707, 1477.299899375, 54.05143742348529, 6796.9162975625, 218.82232461526374, 47.301285750000005, 0.1254001098760983, 1462, 0, 7, 0, 5130001, 0, 424116278.5625, 4516613.681740156, 72684675.8125, 2197343.293738464, 501930955.375, 3144440.9529879442, 36641.6875, 280.8408621332551, 376.0625, 52.92857067548679, 90289.006927, 5345.115581582122, inf, -nan, 697.6744186046509, 2.2737367544323206e-13, 4452.664427484341, 14.080255125399102, 81764.94794306249, 5361.588822507926, 3745.1070523750004, 446.37257494259705, 0.0457878125, 0.004163537246422055, 803.2566263749999, 46.65339643600011, 3969.80817, 124.18889743135553, 5.841347374999999, 0.016758948896317273, 731, 0, 9.25, 0.4330127018922193, 2550001, 0, 436718119.5625, 2698136.6068654205, 36143439.3125, 2090422.5559048972, 475411559.875, 1264419.082978616
30000, 0, 30000, 0, 0, 0, 0, dp_19.000000, 37710.6875, 377.8410245642339, 1153.4375, 85.2767324288988, 112237.90525356248, 3406.3041387522294, inf, -nan, 173.4104046242774, 5.684341886080802e-14, 2143.003381004631, 50.06174186471143, 84335.210751, 4731.558160382658, 11453.214497062498, 1812.7845454145104, 0.7249061874999999, 0.0953143875657151, 2655.8840816875004, 79.20721230167543, 13289.567764374999, 223.87876375893404, 503.30325324999995, 1.1770500509442328, 3287, 0, 4.125, 0.33071891388307384, 10350001, 0, 400051032.4375, 18149050.587031905, 146251419.125, 11094677.575155692, 556652452.5625, 7307556.95188724, 37199.75, 288.9295978261833, 649.5, 59.719134287094285, 96484.8393345625, 5666.639840480435, inf, -nan, 348.83720930232545, 1.1368683772161603e-13, 3121.14525223446, 16.823256673688842, 80960.814773125, 5633.343040482302, 6470.672474937499, 598.282113886162, 0.177537875, 0.010659780854190908, 1477.299899375, 54.05143742348529, 7516.2789139375, 219.32012384109046, 59.59573531249999, 0.12286499930702348, 1634, 0, 6, 0, 5130001, 0, 424116278.5625, 4516613.681740156, 74220138.75, 2670732.616478845, 503466418.3125, 3128313.826950445, 36641.6875, 280.8408621332551, 376.0625, 52.92857067548679, 90769.3041789375, 5175.248050781671, inf, -nan, 697.6744186046509, 2.2737367544323206e-13, 4452.664427484341, 14.080255125399102, 81764.94794306249, 5361.588822507926, 3790.6167175625, 736.4289834918352, 0.0494885, 0.0063014850134710315, 803.2566263749999, 46.65339643600011, 4403.113836875001, 134.94218217786096, 7.3195665624999995, 0.018938254842938824, 817, 0, 8.6875, 0.46351240544347894, 2550001, 0, 436718119.5625, 2698136.6068654205, 38913891.6875, 3439286.409201237, 478182012.25, 1290068.963469468
30000, 0, 30000, 0, 0, 0, 0, dp_21.000000, 37710.6875, 377.8410245642339, 1153.4375, 85.2767324288988, 115935.8328415, 3526.0142697959495, inf, -nan, 173.4104046242774, 5.684341886080802e-14, 2143.003381004631, 50.06174186471143, 84335.210751, 4731.558160382658, 13684.573339437498, 1981.4085758345677, 0.756700375, 0.08690910139182419, 2655.8840816875004, 79.20721230167543, 14641.9777979375, 274.88949169040006, 617.4301710625, 1.8553378638271194, 3633, 0, 4.125, 0.33071891388307384, 10350001, 0, 400051032.4375, 18149050.587031905, 167008694.375, 11093120.443408791, 577409727.8125, 7309174.239740305, 37199.75, 288.9295978261833, 649.5, 59.719134287094285, 98299.20037512499, 5694.604269709429, inf, -nan, 348.83720930232545, 1.1368683772161603e-13, 3121.14525223446, 16.823256673688842, 80960.814773125, 5633.343040482302, 7538.237814687501, 682.0200209807538, 0.1801385, 0.017095334615765786, 1477.299899375, 54.05143742348529, 8249.1759565625, 218.9510217719388, 73.49179287499999, 0.23475381144080415, 1806, 0, 6, 0, 5130001, 0, 424116278.5625, 4516613.681740156, 84536086, 2668952.4544331995, 513782365.5625, 3128989.0315441736, 36641.6875, 280.8408621332551, 376.0625, 52.92857067548679, 91197.7759465625, 5388.141792483869, inf, -nan, 697.6744186046509, 2.2737367544323206e-13, 4452.664427484341, 14.080255125399102, 81764.94794306249, 5361.588822507926, 3783.0822179375004, 545.9870743826863, 0.04892981249999999, 0.006293755647651389, 803.2566263749999, 46.65339643600011, 4837.442177749999, 129.53214367057325, 8.998051625, 0.060592403585221645, 903, 0, 8.125, 0.33071891388307384, 2550001, 0, 436718119.5625, 2698136.6068654205, 41366504.375, 2519535.899761052, 480634624.9375, 1412399.766825706
30000, 0, 30000, 0, 0, 0, 0, dp_23.000000, 37710.6875, 377.8410245642339, 1153.4375, 85.2767324288988, 118967.143176625, 4758.824042144579, inf, -nan, 173.4104046242774, 5.684341886080802e-14, 2143.003381004631, 50.06174186471143, 84335.210751, 4731.558160382658, 15354.770517875002, 1143.9664426427478, 0.7635996875000001, 0.07825234014928781, 2655.8840816875004, 79.20721230167543, 15879.023369562503, 304.0960115998119, 741.4908568125, 1.743212881452717, 3979, 0, 4, 0, 10350001, 0, 400051032.4375, 18149050.587031905, 185192949.875, 5267998.742098497, 595593983.3125, 13868207.851199657, 37199.75, 288.9295978261833, 649.5, 59.719134287094285, 100114.52599287502, 5721.868542629055, inf, -nan, 348.83720930232545, 1.1368683772161603e-13, 3121.14525223446, 16.823256673688842, 80960.814773125, 5633.343040482302, 8590.3523871875, 768.2724692684261, 0.1783236875, 0.01272734523437012, 1477.299899375, 54.05143742348529, 8997.129874, 219.97848568831037, 88.7507355, 0.2506603660284167, 1978, 0, 6, 0, 5130001, 0, 424116278.5625, 4516613.681740156, 94852033.25, 2667176.3243240854, 524098312.8125, 3129668.5391374957, 36641.6875, 280.8408621332551, 376.0625, 52.92857067548679, 92071.038631125, 5351.655771975398, inf, -nan, 697.6744186046509, 2.2737367544323206e-13, 4452.664427484341, 14.080255125399102, 81764.94794306249, 5361.588822507926, 4222.590371374999, 347.1232207463683, 0.048413312500000014, 0.0044724201602537005, 803.2566263749999, 46.65339643600011, 5269.404879062499, 141.83671206182007, 10.7903979375, 0.039180331697595404, 989, 0, 8, 0, 2550001, 0, 436718119.5625, 2698136.6068654205, 45983617.75, 1665524.9542702932, 485251738.3125, 1271713.4035787466
30000, 0, 30000, 0, 0, 0, 0, dp_25.000000, 37710.6875, 377.8410245642339, 1153.4375, 85.2767324288988, 122578.30215637501, 4875.723921818496, inf, -nan, 173.4104046242774, 5.684341886080802e-14, 2143.003381004631, 50.06174186471143, 84335.210751, 4731.558160382658, 17571.1026163125, 1638.8910181610088, 0.7610450624999998, 0.08289264986826994, 2655.8840816875004, 79.20721230167543, 17131.4457260625, 316.60805743809533, 883.89793625, 3.527406722379897, 4325, 0, 4, 0, 10350001, 0, 400051032.4375, 18149050.587031905, 205950225.125, 5266395.260483194, 616351258.5625, 13869696.683181673, 37199.75, 288.9295978261833, 649.5, 59.719134287094285, 99069.5895335, 5718.303156321105, inf, -nan, 348.83720930232545, 1.1368683772161603e-13, 3121.14525223446, 16.823256673688842, 80960.814773125, 5633.343040482302, 6777.9334173125, 1036.627856015286, 0.17822499999999997, 0.015351971050161605, 1477.299899375, 54.05143742348529, 9747.793357437502, 232.1652312417356, 105.56986125, 0.33430563655255957, 2150, 0, 5.0625, 0.24206145913796356, 5130001, 0, 424116278.5625, 4516613.681740156, 91094102.625, 5261005.631507414, 520340382.1875, 4206356.595163626, 36641.6875, 280.8408621332551, 376.0625, 52.92857067548679, 92468.1824308125, 5100.832262231272, inf, -nan, 697.6744186046509, 2.2737367544323206e-13, 4452.664427484341, 14.080255125399102, 81764.94794306249, 5361.588822507926, 4208.2761415, 979.1673931728822, 0.045667374999999996, 0.002938509015534069, 803.2566263749999, 46.65339643600011, 5678.87817425, 171.54786624571736, 12.77787825, 0.030252461204627577, 1075, 0, 7.625, 0.4841229182759271, 2550001, 0, 436718119.5625, 2698136.6068654205, 48522533.625, 4605108.815238175, 487790654.1875, 2322609.2940824176
30000, 0, 30000, 0, 0, 0, 0, dp_27.000000, 37710.6875, 377.8410245642339, 1153.4375, 85.2767324288988, 124882.01594231252, 5205.286990747605, inf, -nan, 173.4104046242774, 5.684341886080802e-14, 2143.003381004631, 50.06174186471143, 84335.210751, 4731.558160382658, 18475.017701, 3998.56808968918, 0.7408300000000001, 0.08933040715092481, 2655.8840816875004, 79.20721230167543, 18390.061536125, 305.94123909120896, 1025.1010425, 3.1690123465620186, 4671, 0, 3.875, 0.33071891388307384, 10350001, 0, 400051032.4375, 18149050.587031905, 220879760.6875, 17480729.542624116, 631280794.125, 18761487.772454552, 37199.75, 288.9295978261833, 649.5, 59.719134287094285, 100722.10000425, 5706.023475585943, inf, -nan, 348.83720930232545, 1.1368683772161603e-13, 3121.14525223446, 16.823256673688842, 80960.814773125, 5633.343040482302, 7699.699572125001, 836.8810979758682, 0.19103587500000002, 0.02190094381777587, 1477.299899375, 54.05143742348529, 10460.4100323125, 281.73558025420647, 123.68469143749999, 0.6489696092609012, 2322, 0, 5, 0, 5130001, 0, 424116278.5625, 4516613.681740156, 100459140.5, 3224667.5078178407, 529705420.0625, 3089575.5483095986, 36641.6875, 280.8408621332551, 376.0625, 52.92857067548679, 92516.7262135, 5305.109848118644, inf, -nan, 697.6744186046509, 2.2737367544323206e-13, 4452.664427484341, 14.080255125399102, 81764.94794306249, 5361.588822507926, 3853.7023657499994, 458.4280467027523, 0.0468255, 0.006221482650863859, 803.2566263749999, 46.65339643600011, 6079.8102025625, 191.4664520864886, 14.962250249999999, 0.056906122609412434, 1161, 0, 7, 0, 2550001, 0, 436718119.5625, 2698136.6068654205, 49327385.9375, 2059117.3089572403, 488595506.5, 1284852.5190853132
30000, 0, 30000, 0, 0, 0, 0, dp_29.000000, 37710.6875, 377.8410245642339, 1153.4375, 85.2767324288988, 121091.548901125, 2720.15142904984, inf, -nan, 173.4104046242774, 5.684341886080802e-14, 2143.003381004631, 50.06174186471143, 84335.210751, 4731.558160382658, 13248.343772250002, 3823.8877097476156, 0.7608606875, 0.08077722573358684, 2655.8840816875004, 79.20721230167543, 19667.312760124994, 319.62792146168516, 1184.0366753750002, 3.7644736946146, 5017, 0, 3.125, 0.33071891388307384, 10350001, 0, 400051032.4375, 18149050.587031905, 206427816.375, 19613570.388591126, 616828849.8125, 3266961.2954772706, 37199.75, 288.9295978261833, 649.5, 59.719134287094285, 102447.76989275, 5734.066368393216, inf, -nan, 348.83720930232545, 1.1368683772161603e-13, 3121.14525223446, 16.823256673688842, 80960.814773125, 5633.343040482302, 8744.955226749998, 911.1220497594944, 0.18697062500000003, 0.0191635446547442, 1477.299899375, 54.05143742348529, 11121.6284385625, 290.9502357377027, 142.88458431249998, 0.24229019360126763, 2494, 0, 5, 0, 5130001, 0, 424116278.5625, 4516613.681740156, 110775087.75, 3222993.3724960266, 540021367.3125, 3090050.6915296856, 36641.6875, 280.8408621332551, 376.0625, 52.92857067548679, 93455.7685765, 5324.958022739648, inf, -nan, 697.6744186046509, 2.2737367544323206e-13, 4452.664427484341, 14.080255125399102, 81764.94794306249, 5361.588822507926, 4398.0923001875, 432.2325101933331, 0.04635325000000001, 0.004125625232919249, 803.2566263749999, 46.65339643600011, 6472.1099151875005, 184.09621298925612, 17.3154384375, 0.05538907529013335, 1247, 0, 7, 0, 2550001, 0, 436718119.5625, 2698136.6068654205, 54485520.8125, 2058256.6132834118, 493753641.375, 1284843.0116767124
30000, 0, 30000, 0, 0, 0, 0, dp_3.000000, 37767.5625, 379.30610474094664, 1210.3125, 83.53795451021051, 92657.718154125, 4695.982293310506, inf, -nan, 173.4104046242774, 5.684341886080802e-14, 2143.003381004631, 50.06174186471143, 84335.210751, 4731.558160382658, 3892.9840170625002, 91.30842122157758, 0.7921989999999999, 0.09813624524162826, 2655.8840816875004, 79.20721230167543, 1764.342191375, 58.92583671080217, 8.504914, 0.11352777584307294, 519, 0, 423.9375, 47.85847462832471, 10350001, 0, 400051032.4375, 18149050.587031905, 26835367.5, 341285.0333577492, 437236400.9375, 17807966.964151915, 37246.625, 295.1005919597587, 696.375, 52.21455137219892, 85458.61767, 5666.875750685159, inf, -nan, 348.83720930232545, 1.1368683772161603e-13, 3121.14525223446, 16.823256673688842, 80960.814773125, 5633.343040482302, 1999.1774225624997, 26.02789390876439, 0.17440268750000001, 0.018301341503830906, 1477.299899375, 54.05143742348529, 1020.0641460625001, 39.97048927200937, 1.0870261875, 0.04001524275076116, 258, 0, 307.6875, 56.28800799237791, 5130001, 0, 424116278.5625, 4516613.681740156, 13104522.375, 44015.28181761847, 442350801.9375, 4476718.769402267, 36665.25, 284.5998287069056, 399.625, 45.48608990669565, 84203.62603274999, 5392.04424126174, inf, -nan, 697.6744186046509, 2.2737367544323206e-13, 4452.664427484341, 14.080255125399102, 81764.94794306249, 5361.588822507926, 1051.97643325, 25.083011018981196, 0.045938625000000004, 0.004109522278729609, 803.2566263749999, 46.65339643600011, 583.2216274375, 21.435204331435635, 0.177464, 0.011101083730879606, 129, 0, 179.1875, 55.95334970982524, 2550001, 0, 436718119.5625, 2698136.6068654205, 6497478, 14737.34213655909, 445765598.5625, 2689593.4609590387
30000, 0, 30000, 0, 0, 0, 0, dp_31.000000, 37710.6875, 377.8410245642339, 1153.4375, 85.2767324288988, 123935.045780625, 3904.411968462186, inf, -nan, 173.4104046242774, 5.684341886080802e-14, 2143.003381004631, 50.06174186471143, 84335.210751, 4731.558160382658, 14637.553942562497, 1562.2892715006458, 0.7903228124999999, 0.07253030289318627, 2655.8840816875004, 79.20721230167543, 20952.885199062497, 310.8701555256406, 1352.7214835, 4.517676322853735, 5363, 0, 3.0625, 0.24206145913796356, 10350001, 0, 400051032.4375, 18149050.587031905, 224625785.25, 14735606.731946612, 635026818.6875, 9664505.008615123, 37199.75, 288.9295978261833, 649.5, 59.719134287094285, 104203.73258393751, 5753.670508509619, inf, -nan, 348.83720930232545, 1.1368683772161603e-13, 3121.14525223446, 16.823256673688842, 80960.814773125, 5633.343040482302, 9816.212513812501, 1055.7132559906456, 0.18925118750000003, 0.023515350869747695, 1477.299899375, 54.05143742348529, 11785.528609125, 287.3041603196607, 163.6875373125, 0.3993973009153498, 2666, 0, 5, 0, 5130001, 0, 424116278.5625, 4516613.681740156, 121091035, 3221322.68921314, 550337314.5625, 3090530.266708691, 36641.6875, 280.8408621332551, 376.0625, 52.92857067548679, 94415.719599125, 5356.58210864533, inf, -nan, 697.6744186046509, 2.2737367544323206e-13, 4452.664427484341, 14.080255125399102, 81764.94794306249, 5361.588822507926, 4949.560127125, 407.4667379673816, 0.04843068749999999, 0.005693693448882171, 803.2566263749999, 46.65339643600011, 6878.060881875001, 188.52835006588606, 19.845590000000005, 0.10435636552637788, 1333, 0, 7, 0, 2550001, 0, 436718119.5625, 2698136.6068654205, 59643655.6875, 2057398.5370854775, 498911776.25, 1284838.2753125245
30000, 0, 30000, 0, 0, 0, 0, dp_33.000000, 37710.6875, 377.8410245642339, 1153.4375, 85.2767324288988, 127377.48655037502, 4467.884856367582, inf, -nan, 173.4104046242774, 5.684341886080802e-14, 2143.003381004631, 50.06174186471143, 84335.210751, 4731.558160382658, 16593.7392115, 1402.2106305953332, 0.7308012500000001, 0.09512306120264685, 2655.8840816875004, 79.20721230167543, 22256.1801096875, 349.17173273505836, 1535.7415952500003, 5.414930281341854, 5709, 0, 3, 0, 10350001, 0, 400051032.4375, 18149050.587031905, 242904409.875, 7291642.8949869275, 653305443.3125, 11738867.867217885, 37199.75, 288.9295978261833, 649.5, 59.719134287094285, 105956.45650218749, 5794.550859927978, inf, -nan, 348.83720930232545, 1.1368683772161603e-13, 3121.14525223446, 16.823256673688842, 80960.814773125, 5633.343040482302, 10875.565025000002, 1210.7159847587998, 0.19667875, 0.021891275729442997, 1477.299899375, 54.05143742348529, 12456.698922250001, 282.7444566345243, 185.88120368749998, 0.582483917099831, 2838, 0, 5, 0, 5130001, 0, 424116278.5625, 4516613.681740156, 131406982.25, 3219655.463342982, 560653261.8125, 3091014.2717837417, 36641.6875, 280.8408621332551, 376.0625, 52.92857067548679, 94499.0421371875, 5004.503477093132, inf, -nan, 697.6744186046509, 2.2737367544323206e-13, 4452.664427484341, 14.080255125399102, 81764.94794306249, 5361.588822507926, 4627.3413326875, 1338.8623290530156, 0.0474778125, 0.005872850577219187, 803.2566263749999, 46.65339643600011, 7280.921643312499, 181.15543234463104, 22.527113937499994, 0.08283072264599997, 1419, 0, 6.625, 0.4841229182759271, 2550001, 0, 436718119.5625, 2698136.6068654205, 60803166.3125, 6393350.760690631, 500071286.875, 4099562.00769739
30000, 0, 30000, 0, 0, 0, 0, dp_35.000000, 37710.6875, 377.8410245642339, 1153.4375, 85.2767324288988, 131089.2150889375, 4586.205343461674, inf, -nan, 173.4104046242774, 5.684341886080802e-14, 2143.003381004631, 50.06174186471143, 84335.210751, 4731.558160382658, 18819.4811754375, 1896.5135559727535, 0.7446235625, 0.10003790793179901, 2655.8840816875004, 79.20721230167543, 23546.522036937502, 330.59574829958916, 1731.3724203124998, 14.279865377568138, 6055, 0, 3, 0, 10350001, 0, 400051032.4375, 18149050.587031905, 263661685.125, 7289844.312241541, 674062718.5625, 11740229.196195617, 37199.75, 288.9295978261833, 649.5, 59.719134287094285, 103905.17160018749, 4983.607374513181, inf, -nan, 348.83720930232545, 1.1368683772161603e-13, 3121.14525223446, 16.823256673688842, 80960.814773125, 5633.343040482302, 8118.1006101250005, 2471.3484380126124, 0.179321875, 0.01366748252639728, 1477.299899375, 54.05143742348529, 13137.815265749998, 284.5428572245016, 210.96172993750002, 3.9995541974350166, 3010, 0, 4.3125, 0.46351240544347894, 5130001, 0, 424116278.5625, 4516613.681740156, 123376609.6875, 12617185.106589254, 552622889.25, 10501093.759841591, 36641.6875, 280.8408621332551, 376.0625, 52.92857067548679, 94288.1964105625, 5352.996696649595, inf, -nan, 697.6744186046509, 2.2737367544323206e-13, 4452.664427484341, 14.080255125399102, 81764.94794306249, 5361.588822507926, 4012.8656442500005, 794.898768369811, 0.04847093750000001, 0.006272406460728908, 803.2566263749999, 46.65339643600011, 7681.5270843125, 187.37979038740056, 25.550641624999997, 0.13814826963170515, 1505, 0, 6.0625, 0.24206145913796356, 2550001, 0, 436718119.5625, 2698136.6068654205, 60283466.5, 3611095.077869264, 499551587.0625, 2264465.389220722
30000, 0, 30000, 0, 0, 0, 0, dp_37.000000, 37710.6875, 377.8410245642339, 1153.4375, 85.2767324288988, 134854.36999600002, 4807.80327305337, inf, -nan, 173.4104046242774, 5.684341886080802e-14, 2143.003381004631, 50.06174186471143, 84335.210751, 4731.558160382658, 21059.231769125003, 2435.3662788374186, 0.7183195625000001, 0.08025953397647592, 2655.8840816875004, 79.20721230167543, 24866.953399625, 343.77638348847455, 1936.3716750000003, 18.144472787420362, 6401, 0, 3, 0, 10350001, 0, 400051032.4375, 18149050.587031905, 284418960.375, 7288047.092274186, 694819993.8125, 11741591.488728702, 37199.75, 288.9295978261833, 649.5, 59.719134287094285, 104119.42861587499, 5664.742002245185, inf, -nan, 348.83720930232545, 1.1368683772161603e-13, 3121.14525223446, 16.823256673688842, 80960.814773125, 5633.343040482302, 7592.868178500001, 845.6384806171426, 0.18854175, 0.02022148313520796, 1477.299899375, 54.05143742348529, 13852.909496875, 293.0479907246839, 235.34772625, 1.4305764884434922, 3182, 0, 4, 0, 5130001, 0, 424116278.5625, 4516613.681740156, 125343304.875, 3561123.0334166153, 554589584.4375, 2894568.1453309436, 36641.6875, 280.8408621332551, 376.0625, 52.92857067548679, 95100.4070783125, 5300.154140141367, inf, -nan, 697.6744186046509, 2.2737367544323206e-13, 4452.664427484341, 14.080255125399102, 81764.94794306249, 5361.588822507926, 4425.8662925625, 493.72980636090097, 0.045887374999999994, 0.002619320424151082, 803.2566263749999, 46.65339643600011, 8077.813075562501, 217.0200656753673, 28.477253375, 0.343496794777236, 1591, 0, 6, 0, 2550001, 0, 436718119.5625, 2698136.6068654205, 64780861.875, 2386222.489827983, 504048982.4375, 1141452.705939123
30000, 0, 30000, 0, 0, 0, 0, dp_39.000000, 37710.6875, 377.8410245642339, 1153.4375, 85.2767324288988, 138755.9873784375, 5119.635329496393, inf, -nan, 173.4104046242774, 5.684341886080802e-14, 2143.003381004631, 50.06174186471143, 84335.210751, 4731.558160382658, 23394.233069562502, 2982.3072073513417, 0.7015928750000001, 0.08863919850852879, 2655.8840816875004, 79.20721230167543, 26207.388332562496, 580.4961506995992, 2162.56955075, 14.168999230822982, 6747, 0, 3, 0, 10350001, 0, 400051032.4375, 18149050.587031905, 305176235.625, 7286251.236093288, 715577269.0625, 11742954.74448179, 37199.75, 288.9295978261833, 649.5, 59.719134287094285, 105961.8310234375, 5714.887284281389, inf, -nan, 348.83720930232545, 1.1368683772161603e-13, 3121.14525223446, 16.823256673688842, 80960.814773125, 5633.343040482302, 8661.7135236875, 940.8597283342315, 0.1824021875, 0.02616598565461167, 1477.299899375, 54.05143742348529, 14598.895899875002, 297.9415883445865, 262.9245251875, 2.0905091886932006, 3354, 0, 4, 0, 5130001, 0, 424116278.5625, 4516613.681740156, 135659252.125, 3559254.225787771, 564905531.6875, 2894641.35895204, 36641.6875, 280.8408621332551, 376.0625, 52.92857067548679, 96019.0130058125, 5353.625851870352, inf, -nan, 697.6744186046509, 2.2737367544323206e-13, 4452.664427484341, 14.080255125399102, 81764.94794306249, 5361.588822507926, 4971.653436625, 471.8881339076258, 0.0471109375, 0.0036750084433363906, 803.2566263749999, 46.65339643600011, 8447.468511000001, 231.33335642378074, 31.6393778125, 0.0703648638022016, 1677, 0, 6, 0, 2550001, 0, 436718119.5625, 2698136.6068654205, 69938996.75, 2385545.2272067307, 509207117.3125, 1141578.694072693
30000, 0, 30000, 0, 0, 0, 0, dp_5.000000, 37726.5625, 380.35262729965467, 1169.3125, 83.12319076978457, 96594.65178337498, 4701.265351815579, inf, -nan, 173.4104046242774, 5.684341886080802e-14, 2143.003381004631, 50.06174186471143, 84335.210751, 4731.558160382658, 6225.360361875, 116.05977326465913, 0.7990742499999999, 0.19287038474209178, 2655.8840816875004, 79.20721230167543, 3348.4152231875005, 93.61351930189024, 28.982291374999996, 0.6305078478070152, 865, 0, 139.25, 38.069837141758306, 10350001, 0, 400051032.4375, 18149050.587031905, 48150203.5625, 553423.7347703124, 458551237, 17597075.61695, 37218.5625, 292.30655328567303, 668.3125, 55.227618487039614, 87606.5227950625, 5676.968728764122, inf, -nan, 348.83720930232545, 1.1368683772161603e-13, 3121.14525223446, 16.823256673688842, 80960.814773125, 5633.343040482302, 3222.0383281874997, 37.930644260836594, 0.1793456875, 0.01631947898876811, 1477.299899375, 54.05143742348529, 1942.7788338749997, 71.7726457982646, 3.4116148125, 0.02259742467411592, 430, 0, 149.0625, 37.34044179907356, 5130001, 0, 424116278.5625, 4516613.681740156, 23557105.9375, 78310.28318767334, 452803385.5, 4442665.211029382, 36653.5, 284.3635437252814, 387.875, 47.33639588097091, 85366.47650606249, 5401.142665149425, inf, -nan, 697.6744186046509, 2.2737367544323206e-13, 4452.664427484341, 14.080255125399102, 81764.94794306249, 5361.588822507926, 1680.2761153749998, 26.256633580052796, 0.049359499999999994, 0.008257660980871035, 803.2566263749999, 46.65339643600011, 1117.449469, 37.7571038523677, 0.49699275, 0.018153283805898587, 215, 0, 100.4375, 43.669166396325906, 2550001, 0, 436718119.5625, 2698136.6068654205, 11662218.8125, 43380.042689897666, 450930339.375, 2669512.487870746
30000, 0, 30000, 0, 0, 0, 0, dp_7.000000, 37712.4375, 379.18415195489115, 1155.1875, 84.5556168669474, 100176.57007049999, 4646.544829017483, inf, -nan, 173.4104046242774, 5.684341886080802e-14, 2143.003381004631, 50.06174186471143, 84335.210751, 4731.558160382658, 8248.100772, 277.16975123791434, 0.8602854375, 0.24765902186321842, 2655.8840816875004, 79.20721230167543, 4875.3285356875, 147.3466704230021, 61.1856446875, 0.2406136748186075, 1211, 0, 30.375, 21.251102912554916, 10350001, 0, 400051032.4375, 18149050.587031905, 68555695.625, 1596106.355376572, 478956729.0625, 16902517.564143077, 37207, 290.8831380468796, 656.75, 57.19101765137599, 89653.07469806251, 5667.137099825221, inf, -nan, 348.83720930232545, 1.1368683772161603e-13, 3121.14525223446, 16.823256673688842, 80960.814773125, 5633.343040482302, 4392.288549125, 53.713079672084206, 0.1760815, 0.010902968603779433, 1477.299899375, 54.05143742348529, 2815.1513449374997, 104.61301007253617, 7.34405, 0.031902849994162, 602, 0, 63.0625, 24.96364544192214, 5130001, 0, 424116278.5625, 4516613.681740156, 33937656.5, 236080.94322101687, 463183936.0625, 4354411.1686478695, 36647.6875, 282.9489173751156, 382.0625, 49.18011380375202, 86470.78218506248, 5370.459869243963, inf, -nan, 697.6744186046509, 2.2737367544323206e-13, 4452.664427484341, 14.080255125399102, 81764.94794306249, 5361.588822507926, 2273.9245538749997, 58.465295695581446, 0.04556737500000001, 0.0029349456953025547, 803.2566263749999, 46.65339643600011, 1627.6276471875, 54.18985283086892, 0.9798471874999998, 0.02397326804280853, 301, 0, 56.0625, 30.58485889700981, 2550001, 0, 436718119.5625, 2698136.6068654205, 16757727.625, 256406.7488144752, 456025848.1875, 2526100.466514847
30000, 0, 30000, 0, 0, 0, 0, dp_9.000000, 37710.75, 377.923024569819, 1153.5, 85.1483998675254, 102975.51709499999, 4326.607125741288, inf, -nan, 173.4104046242774, 5.684341886080802e-14, 2143.003381004631, 50.06174186471143, 84335.210751, 4731.558160382658, 9549.877031875, 685.9869977642539, 0.7937141875000001, 0.21324663233279287, 2655.8840816875004, 79.20721230167543, 6327.9144183749995, 146.22808264427985, 105.83709787500001, 0.60549664621324, 1557, 0, 9.8125, 5.801064018781382, 10350001, 0, 400051032.4375, 18149050.587031905, 85403265.0625, 4544010.502418561, 495804298.5, 14655331.620698463, 37201.375, 289.9792826651587, 651.125, 59.08772609434213, 91455.83452575, 5574.300953370157, inf, -nan, 348.83720930232545, 1.1368683772161603e-13, 3121.14525223446, 16.823256673688842, 80960.814773125, 5633.343040482302, 5339.847760125, 326.6067929318239, 0.18240774999999998, 0.021790148839269087, 1477.299899375, 54.05143742348529, 3665.1178060624993, 114.46558357199184, 12.571879312499998, 0.1353636029804164, 774, 0, 23.375, 12.4191132936293, 5130001, 0, 424116278.5625, 4516613.681740156, 43513454.875, 1588773.5117124496, 472759734.4375, 3458026.9872901323, 36643.5, 281.89980489528546, 377.875, 51.565340830833264, 87462.372108625, 5292.143859703762, inf, -nan, 697.6744186046509, 2.2737367544323206e-13, 4452.664427484341, 14.080255125399102, 81764.94794306249, 5361.588822507926, 2768.926423, 239.13682276412695, 0.049326625, 0.0066870777331637914, 803.2566263749999, 46.65339643600011, 2123.5828461250003, 66.02339498887618, 1.6089434375, 0.01644345353768771, 387, 0, 32.1875, 19.310679525847867, 2550001, 0, 436718119.5625, 2698136.6068654205, 21477746, 1063667.7285665858, 460745866.5625, 1933046.09782433
30000, 0, 30000, 0, 0, 0, 0, fixed_reps_1, 37939.5625, 383.27502670243206, 1382.3125, 76.42211619518267, 88405.00374031249, 4720.828593087758, inf, -nan, 173.4104046242774, 5.684341886080802e-14, 2143.003381004631, 50.06174186471143, 84335.210751, 4731.558160382658, 1408.7259072500003, 30.68142377384312, 0.9268859374999999, 0.34453959133593576, 2655.8840816875004, 79.20721230167543, 4.256114437500001, 0.563479322847894, 0, 0, 173, 0, 1490.75, 63.207495599809995, 10350001, 0, 400051032.4375, 18149050.587031905, 5485357.25, 112935.62139970498, 415886390.6875, 18036138.661463678, 37338.3125, 294.3273515046639, 788.0625, 49.713515202105754, 83169.29796331248, 5663.981317585122, inf, -nan, 348.83720930232545, 1.1368683772161603e-13, 3121.14525223446, 16.823256673688842, 80960.814773125, 5633.343040482302, 726.5863480625002, 26.299667983563307, 0.16613775, 0.01039075243004567, 1477.299899375, 54.05143742348529, 4.430805, 1.167960580095921, 0, 0, 86, 0, 839.125, 53.687609138422246, 5130001, 0, 424116278.5625, 4516613.681740156, 2652553.8125, 12582.511296531537, 431898833.375, 4504145.760909995, 36715.8125, 280.65909453240596, 450.1875, 48.21983351018541, 82956.09094075, 5384.842662713507, inf, -nan, 697.6744186046509, 2.2737367544323206e-13, 4452.664427484341, 14.080255125399102, 81764.94794306249, 5361.588822507926, 383.62868718749996, 22.267847110062878, 0.044338187500000015, 0.005972510833170899, 803.2566263749999, 46.65339643600011, 4.213345937500001, 1.193680773750067, 0, 0, 43, 0, 459.8125, 50.631288189715264, 2550001, 0, 436718119.5625, 2698136.6068654205, 1307861.5, 3703.94104299731, 440575982.0625, 2694621.23499128
30000, 0, 30000, 0, 0, 0, 0, fixed_reps_11, 37734.1875, 378.87963437449366, 1176.9375, 83.92367719392425, 102304.10036437499, 4534.877088551361, inf, -nan, 173.4104046242774, 5.684341886080802e-14, 2143.003381004631, 50.06174186471143, 84335.210751, 4731.558160382658, 15247.3837529375, 433.21036681946606, 0.7470163125, 0.09252290130267664, 2655.8840816875004, 79.20721230167543, 64.8747624375, 3.028461606618737, 0, 0, 1903, 0, 258.6875, 30.59967064773737, 10350001, 0, 400051032.4375, 18149050.587031905, 60337199.75, 1242291.8353967548, 470738233.1875, 16907036.81513899, 37218.9375, 288.6488932834318, 668.6875, 58.16326025722767, 90373.898772, 5737.897729553648, inf, -nan, 348.83720930232545, 1.1368683772161603e-13, 3121.14525223446, 16.823256673688842, 80960.814773125, 5633.343040482302, 7863.632410937501, 253.93017596488448, 0.2017571875, 0.04285047289590097, 1477.299899375, 54.05143742348529, 71.949931375, 3.9964141673050464, 0, 0, 946, 0, 211.5, 34.2107439264334, 5130001, 0, 424116278.5625, 4516613.681740156, 29177231.9375, 138407.6242618469, 458423511.5, 4379502.602453003, 36652.375, 282.03653907782945, 386.75, 50.88283109261905, 86805.19755931248, 5429.393696615379, inf, -nan, 697.6744186046509, 2.2737367544323206e-13, 4452.664427484341, 14.080255125399102, 81764.94794306249, 5361.588822507926, 4159.3494579375, 217.6988996953484, 0.0570889375, 0.011288072319204628, 803.2566263749999, 46.65339643600011, 77.586443, 3.1845908818532327, 0, 0, 473, 0, 129.9375, 40.50689563210195, 2550001, 0, 436718119.5625, 2698136.6068654205, 14386046.5, 40743.35147297041, 453654167.0625, 2659495.669740845
30000, 0, 30000, 0, 0, 0, 0, fixed_reps_13, 37728.6875, 379.233390992605, 1171.4375, 84.09516094134074, 105032.10981299997, 4519.175127036521, inf, -nan, 173.4104046242774, 5.684341886080802e-14, 2143.003381004631, 50.06174186471143, 84335.210751, 4731.558160382658, 17963.881735937503, 499.9168227584351, 0.7548693125000001, 0.07075850029830227, 2655.8840816875004, 79.20721230167543, 76.3783750625, 3.363218229110299, 0, 0, 2249, 0, 208.5625, 32.34379528982336, 10350001, 0, 400051032.4375, 18149050.587031905, 71307568.25, 1468163.0781961647, 481708601.6875, 16681220.57851258, 37215.0625, 289.4135166051337, 664.8125, 58.72416320178603, 91783.3793788125, 5752.781233521906, inf, -nan, 348.83720930232545, 1.1368683772161603e-13, 3121.14525223446, 16.823256673688842, 80960.814773125, 5633.343040482302, 9260.327328749998, 303.88229448963835, 0.18409399999999998, 0.026579022419005553, 1477.299899375, 54.05143742348529, 84.75328356250002, 4.37256163749582, 0, 0, 1118, 0, 177.125, 28.153319076087637, 5130001, 0, 424116278.5625, 4516613.681740156, 34482167.5625, 163572.64685490998, 463728447.125, 4354582.128854513, 36650.5625, 282.171926480559, 384.9375, 50.799198751062995, 87573.29233375, 5436.900365077619, inf, -nan, 697.6744186046509, 2.2737367544323206e-13, 4452.664427484341, 14.080255125399102, 81764.94794306249, 5361.588822507926, 4912.8774829375, 257.3649799940786, 0.05050175, 0.00969305136102662, 803.2566263749999, 46.65339643600011, 92.159779625, 3.9426626152519995, 0, 0, 559, 0, 112.375, 34.73988162040855, 2550001, 0, 436718119.5625, 2698136.6068654205, 17001683.5, 48151.23355896503, 456269804.0625, 2652476.8050132277
30000, 0, 30000, 0, 0, 0, 0, fixed_reps_15, 37725, 379.6924742472518, 1167.75, 84.27521877752676, 107774.20940643751, 4512.05003272619, inf, -nan, 173.4104046242774, 5.684341886080802e-14, 2143.003381004631, 50.06174186471143, 84335.210751, 4731.558160382658, 20694.3382026875, 562.2926420708767, 0.778157875, 0.06902408679844575, 2655.8840816875004, 79.20721230167543, 87.99821318750001, 3.8866032893778715, 0, 0, 2595, 0, 168.6875, 30.965139168910575, 10350001, 0, 400051032.4375, 18149050.587031905, 82277936.75, 1694034.3209955746, 492678970.1875, 16455405.851760862, 37211.875, 290.10448010156614, 661.625, 59.171229284171545, 93219.7318533125, 5768.90482111015, inf, -nan, 348.83720930232545, 1.1368683772161603e-13, 3121.14525223446, 16.823256673688842, 80960.814773125, 5633.343040482302, 10683.490264062499, 358.29872054163553, 0.20194181249999998, 0.025329592182906216, 1477.299899375, 54.05143742348529, 97.9249749375, 5.110413390019495, 0, 0, 1290, 0, 147.875, 23.510303592255035, 5130001, 0, 424116278.5625, 4516613.681740156, 39787103.1875, 188737.66944797305, 469033382.75, 4329664.484196184, 36649.125, 282.10279044171114, 383.5, 50.919053408326434, 88323.5894321875, 5441.556441957075, inf, -nan, 697.6744186046509, 2.2737367544323206e-13, 4452.664427484341, 14.080255125399102, 81764.94794306249, 5361.588822507926, 5649.65519675, 297.81258712063135, 0.0503155, 0.0064340076740706485, 803.2566263749999, 46.65339643600011, 105.67935050000003, 4.369616768037858, 0, 0, 645, 0, 97.0625, 27.734159330147364, 2550001, 0, 436718119.5625, 2698136.6068654205, 19617320.5, 55559.115644959646, 458885441.0625, 2645460.0617529755
30000, 0, 30000, 0, 0, 0, 0, fixed_reps_17, 37722.0625, 379.91700882396674, 1164.8125, 83.74381973465266, 110508.026376625, 4484.139754393806, inf, -nan, 173.4104046242774, 5.684341886080802e-14, 2143.003381004631, 50.06174186471143, 84335.210751, 4731.558160382658, 23416.788673312498, 643.1665816232161, 0.7651705, 0.09436320177245999, 2655.8840816875004, 79.20721230167543, 99.37770012499999, 4.165281889344824, 0, 0, 2941, 0, 137.9375, 30.519397008296217, 10350001, 0, 400051032.4375, 18149050.587031905, 93248305.25, 1919905.5637949845, 503649338.6875, 16229592.697907954, 37209.6875, 289.40082903086164, 659.4375, 59.46844620258713, 94596.4307810625, 5785.073396775205, inf, -nan, 348.83720930232545, 1.1368683772161603e-13, 3121.14525223446, 16.823256673688842, 80960.814773125, 5633.343040482302, 12048.1303674375, 405.6345430192325, 0.19092487499999997, 0.027655677269493424, 1477.299899375, 54.05143742348529, 109.99481625, 5.764380690379372, 0, 0, 1462, 0, 126.6875, 20.93059587661087, 5130001, 0, 424116278.5625, 4516613.681740156, 45092038.8125, 213902.69204103615, 474338318.375, 4304749.717603188, 36648.6875, 281.9819849631355, 383.0625, 50.77212418000649, 89065.781685625, 5470.779395147627, inf, -nan, 697.6744186046509, 2.2737367544323206e-13, 4452.664427484341, 14.080255125399102, 81764.94794306249, 5361.588822507926, 6377.5727316249995, 341.44262289119604, 0.048819, 0.006986935263404119, 803.2566263749999, 46.65339643600011, 119.9555655625, 4.596381824621812, 0, 0, 731, 0, 83.6875, 22.46029482776217, 2550001, 0, 436718119.5625, 2698136.6068654205, 22232957.5, 62966.99773095427, 461501078.0625, 2638445.4568857267
30000, 0, 30000, 0, 0, 0, 0, fixed_reps_19, 37720.25, 379.4654957963899, 1163, 84.25556361451747, 113242.1529431875, 4505.349943361584, inf, -nan, 173.4104046242774, 5.684341886080802e-14, 2143.003381004631, 50.06174186471143, 84335.210751, 4731.558160382658, 26139.325927687503, 696.369501429563, 0.810156375, 0.03050689147527778, 2655.8840816875004, 79.20721230167543, 110.92202643750001, 4.745722051609073, 0, 0, 3287, 0, 117, 29.9311710429111, 10350001, 0, 400051032.4375, 18149050.587031905, 104218673.75, 2145776.8065943946, 514619707.1875, 16003781.183534605, 37207.875, 289.48313314423, 657.625, 60.06441854376016, 95998.66738412497, 5823.983177198859, inf, -nan, 348.83720930232545, 1.1368683772161603e-13, 3121.14525223446, 16.823256673688842, 80960.814773125, 5633.343040482302, 13437.1702189375, 462.26765882850094, 0.21060818750000004, 0.02080503379358812, 1477.299899375, 54.05143742348529, 123.1718845, 6.597517049071129, 0, 0, 1634, 0, 107.6875, 16.21619079037984, 5130001, 0, 424116278.5625, 4516613.681740156, 50396974.4375, 239067.71463409922, 479643254, 4279837.8793388745, 36646.875, 281.9057632880179, 381.25, 51.92121435405763, 89839.5433439375, 5486.342221850389, inf, -nan, 697.6744186046509, 2.2737367544323206e-13, 4452.664427484341, 14.080255125399102, 81764.94794306249, 5361.588822507926, 7137.372454625, 379.63051354282254, 0.050051437500000004, 0.008173920425419725, 803.2566263749999, 46.65339643600011, 133.9162684375, 4.756991451152412, 0, 0, 817, 0, 73.5625, 21.074180737338285, 2550001, 0, 436718119.5625, 2698136.6068654205, 24848594.5, 70374.87981694889, 464116715.0625, 2631433.0075124097
30000, 0, 30000, 0, 0, 0, 0, fixed_reps_21, 37718.375, 379.2966970262198, 1161.125, 84.16789396794957, 115952.34181212501, 4493.106466486387, inf, -nan, 173.4104046242774, 5.684341886080802e-14, 2143.003381004631, 50.06174186471143, 84335.210751, 4731.558160382658, 28838.244813875, 779.3701930169901, 0.8062496874999999, 0.04753803259591043, 2655.8840816875004, 79.20721230167543, 122.19591587500001, 4.827074863059482, 0, 0, 3633, 0, 99.6875, 34.003159320127885, 10350001, 0, 400051032.4375, 18149050.587031905, 115189042.25, 2371648.0493938043, 525590075.6875, 15777971.379032629, 37206.875, 289.20362095762215, 656.625, 60.3602466446253, 97436.9606551875, 5869.031755690302, inf, -nan, 348.83720930232545, 1.1368683772161603e-13, 3121.14525223446, 16.823256673688842, 80960.814773125, 5633.343040482302, 14863.237867249998, 509.58361336310236, 0.1974746875, 0.028390397828136255, 1477.299899375, 54.05143742348529, 135.41064074999997, 6.932773729583316, 0, 0, 1806, 0, 93.0625, 11.664415705469349, 5130001, 0, 424116278.5625, 4516613.681740156, 55701910.0625, 264232.7372271623, 484948189.625, 4254929.020837742, 36646.1875, 281.56398445779604, 380.5625, 52.08762898952111, 90580.67448074999, 5499.426560251389, inf, -nan, 697.6744186046509, 2.2737367544323206e-13, 4452.664427484341, 14.080255125399102, 81764.94794306249, 5361.588822507926, 7865.121633625, 428.6375670790306, 0.05208125, 0.009505155065147545, 803.2566263749999, 46.65339643600011, 147.29619643750002, 5.457372499618257, 0, 0, 903, 0, 65.625, 19.238226919339525, 2550001, 0, 436718119.5625, 2698136.6068654205, 27464231.5, 77782.7619029435, 466732352.0625, 2624422.730911444
30000, 0, 30000, 0, 0, 0, 0, fixed_reps_23, 37716.5625, 378.86722092805815, 1159.3125, 84.40876639158992, 118700.61857775, 4518.174586419862, inf, -nan, 173.4104046242774, 5.684341886080802e-14, 2143.003381004631, 50.06174186471143, 84335.210751, 4731.558160382658, 31575.295810562497, 855.0588248728934, 0.8284359375000001, 0.03501684777087442, 2655.8840816875004, 79.20721230167543, 133.39949856249999, 5.143433442859606, 0, 0, 3979, 0, 86.3125, 29.537515869652953, 10350001, 0, 400051032.4375, 18149050.587031905, 126159410.75, 2597519.2921932144, 536560444.1875, 15552163.35888152, 37205.9375, 289.2821867895602, 655.6875, 59.92048767950742, 98807.23434699999, 5853.957465545655, inf, -nan, 348.83720930232545, 1.1368683772161603e-13, 3121.14525223446, 16.823256673688842, 80960.814773125, 5633.343040482302, 16220.847889749999, 532.4404335173142, 0.19884218750000002, 0.025147522413298363, 1477.299899375, 54.05143742348529, 148.0729425625, 7.524413616143497, 0, 0, 1978, 0, 83.625, 12.383835229847012, 5130001, 0, 424116278.5625, 4516613.681740156, 61006845.6875, 289397.75982022536, 490253125.25, 4230023.194739576, 36645.75, 281.59423378329325, 380.125, 52.16185747267825, 91341.06116387501, 5503.158895364468, inf, -nan, 697.6744186046509, 2.2737367544323206e-13, 4452.664427484341, 14.080255125399102, 81764.94794306249, 5361.588822507926, 8611.3996448125, 458.15977010020583, 0.05194662500000001, 0.010142233493386698, 803.2566263749999, 46.65339643600011, 161.40500300000002, 6.47978967213652, 0, 0, 989, 0, 58.875, 17.91952496580197, 2550001, 0, 436718119.5625, 2698136.6068654205, 30079868.5, 85190.64398893813, 469347989.0625, 2617414.644540975
30000, 0, 30000, 0, 0, 0, 0, fixed_reps_25, 37715.9375, 378.76253588990295, 1158.6875, 84.69999907762691, 121626.66330668751, 4501.145414913725, inf, -nan, 173.4104046242774, 5.684341886080802e-14, 2143.003381004631, 50.06174186471143, 84335.210751, 4731.558160382658, 34490.1540126875, 947.436720883836, 0.8378630625000001, 0.03114161884734951, 2655.8840816875004, 79.20721230167543, 144.57659825000002, 5.712679320911044, 0, 0, 4325, 0, 75.8125, 24.925435678238404, 10350001, 0, 400051032.4375, 18149050.587031905, 137129779.25, 2823390.5349926245, 547530812.6875, 15326357.201949473, 37204.8125, 289.25231605598253, 654.5625, 59.22200683656372, 100190.372426875, 5881.030493042309, inf, -nan, 348.83720930232545, 1.1368683772161603e-13, 3121.14525223446, 16.823256673688842, 80960.814773125, 5633.343040482302, 17591.781770125002, 594.0818853474037, 0.19779537500000002, 0.024072427904853616, 1477.299899375, 54.05143742348529, 160.27818887499998, 8.28200054616847, 0, 0, 2150, 0, 71.9375, 13.768027954285973, 5130001, 0, 424116278.5625, 4516613.681740156, 66311781.3125, 314562.7824132884, 495558060.875, 4205120.454924758, 36645.0625, 281.69386502682306, 379.4375, 52.292409523275936, 92071.80042875001, 5522.92993893088, inf, -nan, 697.6744186046509, 2.2737367544323206e-13, 4452.664427484341, 14.080255125399102, 81764.94794306249, 5361.588822507926, 9328.9859740625, 496.7597406842256, 0.0505479375, 0.005782373771522708, 803.2566263749999, 46.65339643600011, 174.55933731249996, 6.748076933765759, 0, 0, 1075, 0, 53.0625, 16.45246467098471, 2550001, 0, 436718119.5625, 2698136.6068654205, 32695505.5, 92598.52607493274, 471963626.0625, 2610408.766041141
30000, 0, 30000, 0, 0, 0, 0, fixed_reps_27, 37714.375, 379.1984762297971, 1157.125, 84.74437665709743, 124063.96129625001, 4474.324177096841, inf, -nan, 173.4104046242774, 5.684341886080802e-14, 2143.003381004631, 50.06174186471143, 84335.210751, 4731.558160382658, 36916.802198875, 997.2063033792982, 0.82638475, 0.022211904591063328, 2655.8840816875004, 79.20721230167543, 155.2378799375, 6.192107191518039, 0, 0, 4671, 0, 67.0625, 21.34381863092919, 10350001, 0, 400051032.4375, 18149050.587031905, 148100147.75, 3049261.777792034, 558501181.1875, 15100552.991821444, 37203.6875, 289.47640636803203, 653.4375, 59.24522000760905, 101595.85724837499, 5906.429401777594, inf, -nan, 348.83720930232545, 1.1368683772161603e-13, 3121.14525223446, 16.823256673688842, 80960.814773125, 5633.343040482302, 18984.823366125005, 637.9836684647062, 0.195110875, 0.022509698403896373, 1477.299899375, 54.05143742348529, 172.724098875, 8.916560736981651, 0, 0, 2322, 0, 63.875, 14.645285077457523, 5130001, 0, 424116278.5625, 4516613.681740156, 71616716.9375, 339727.8050063515, 500862996.5, 4180220.8565508383, 36644.25, 281.6816687326316, 378.625, 52.58668438873096, 92842.5773870625, 5551.335448123861, inf, -nan, 697.6744186046509, 2.2737367544323206e-13, 4452.664427484341, 14.080255125399102, 81764.94794306249, 5361.588822507926, 10086.6139525625, 565.403002995565, 0.0481751875, 0.006030828137772105, 803.2566263749999, 46.65339643600011, 187.71068987499996, 7.25400611433463, 0, 0, 1161, 0, 48.3125, 14.915255403445158, 2550001, 0, 436718119.5625, 2698136.6068654205, 35311142.5, 100006.40816092737, 474579263.0625, 2603405.1132363756
30000, 0, 30000, 0, 0, 0, 0, fixed_reps_29, 37713.9375, 378.9469733270738, 1156.6875, 84.90341479440035, 126795.62915056251, 4472.06899670445, inf, -nan, 173.4104046242774, 5.684341886080802e-14, 2143.003381004631, 50.06174186471143, 84335.210751, 4731.558160382658, 39637.40412849999, 1064.9826854342587, 0.8235804374999998, 0.026732579944631123, 2655.8840816875004, 79.20721230167543, 166.3066089375, 6.51329620138225, 0, 0, 5017, 0, 60.25, 19.343926695477318, 10350001, 0, 400051032.4375, 18149050.587031905, 159070516.25, 3275133.0205914443, 569471549.6875, 14874750.81715704, 37203.5, 289.50388598428174, 653.25, 59.09896361189424, 103000.04935181251, 5934.738551990194, inf, -nan, 348.83720930232545, 1.1368683772161603e-13, 3121.14525223446, 16.823256673688842, 80960.814773125, 5633.343040482302, 20376.780135999998, 686.3607830459381, 0.1957946875, 0.023523189759572228, 1477.299899375, 54.05143742348529, 184.95874862500003, 9.28996382313427, 0, 0, 2494, 0, 57.75, 15.122417134836613, 5130001, 0, 424116278.5625, 4516613.681740156, 76921652.5625, 364892.82759941457, 506167932.125, 4155324.4560903846, 36643.875, 281.76671977896893, 378.25, 52.68598010856399, 93631.23107512499, 5596.127228913428, inf, -nan, 697.6744186046509, 2.2737367544323206e-13, 4452.664427484341, 14.080255125399102, 81764.94794306249, 5361.588822507926, 10861.121638312501, 588.250806420035, 0.050296125000000004, 0.008170689229457637, 803.2566263749999, 46.65339643600011, 201.85457125, 7.403991358624866, 0, 0, 1247, 0, 43.625, 12.648492993238364, 2550001, 0, 436718119.5625, 2698136.6068654205, 37926779.5, 107414.29024692198, 477194900.0625, 2596403.704137741
30000, 0, 30000, 0, 0, 0, 0, fixed_reps_3, 37811.5625, 377.4759874399297, 1254.3125, 81.21554557934091, 91232.26156525001, 4663.987153495696, inf, -nan, 173.4104046242774, 5.684341886080802e-14, 2143.003381004631, 50.06174186471143, 84335.210751, 4731.558160382658, 4223.22322275, 125.17375121143901, 0.9672666875, 0.27783636034357495, 2655.8840816875004, 79.20721230167543, 16.976243124999996, 0.951980438651438, 0, 0, 519, 0, 882.6875, 56.31465034740072, 10350001, 0, 400051032.4375, 18149050.587031905, 16455725.75, 338806.8641991149, 426856759.1875, 17810315.711767547, 37264.6875, 295.22358449783445, 714.4375, 52.96457395042464, 84637.78017237502, 5676.290984237863, inf, -nan, 348.83720930232545, 1.1368683772161603e-13, 3121.14525223446, 16.823256673688842, 80960.814773125, 5633.343040482302, 2181.5459705000003, 67.31006799748462, 0.176928125, 0.015227953362463882, 1477.299899375, 54.05143742348529, 17.94260125, 1.3347939431963132, 0, 0, 258, 0, 547.1875, 67.22742999512921, 5130001, 0, 424116278.5625, 4516613.681740156, 7957489.4375, 37747.53388959461, 437203769, 4479211.841825398, 36679.4375, 283.6216601279775, 413.8125, 48.71757735920373, 83749.992701375, 5394.567787958206, inf, -nan, 697.6744186046509, 2.2737367544323206e-13, 4452.664427484341, 14.080255125399102, 81764.94794306249, 5361.588822507926, 1161.5914392500003, 64.9518188826078, 0.0471785, 0.0065378394080154644, 803.2566263749999, 46.65339643600011, 20.1495141875, 1.9291714499401753, 0, 0, 129, 0, 308.4375, 55.71463985120966, 2550001, 0, 436718119.5625, 2698136.6068654205, 3923498.5, 11111.82312899193, 443191619.0625, 2687592.01082657
30000, 0, 30000, 0, 0, 0, 0, fixed_reps_31, 37713.3125, 378.9778553474464, 1156.0625, 85.07310734744559, 129462.61223312498, 4471.859597440657, inf, -nan, 173.4104046242774, 5.684341886080802e-14, 2143.003381004631, 50.06174186471143, 84335.210751, 4731.558160382658, 42293.5423833125, 1133.8078569209765, 0.826865375, 0.030337268099391794, 2655.8840816875004, 79.20721230167543, 177.14815174999998, 7.027306233451263, 0, 0, 5363, 0, 53.25, 16.219201583308593, 10350001, 0, 400051032.4375, 18149050.587031905, 170040884.75, 3501004.263390854, 580441918.1875, 14648950.772081532, 37202.625, 289.5381829310255, 652.375, 58.72699017487615, 104401.62203599999, 5972.511094824895, inf, -nan, 348.83720930232545, 1.1368683772161603e-13, 3121.14525223446, 16.823256673688842, 80960.814773125, 5633.343040482302, 21766.279194874995, 740.1210687306008, 0.20498825000000004, 0.019766331458125962, 1477.299899375, 54.05143742348529, 197.02318037499998, 9.715030935384258, 0, 0, 2666, 0, 51.6875, 14.69574236811465, 5130001, 0, 424116278.5625, 4516613.681740156, 82226588.1875, 390057.85019247764, 511472867.75, 4130431.3113701954, 36643.5625, 281.5561597510344, 377.9375, 52.67051920904141, 94341.837627375, 5570.614067883458, inf, -nan, 697.6744186046509, 2.2737367544323206e-13, 4452.664427484341, 14.080255125399102, 81764.94794306249, 5361.588822507926, 11558.079806125003, 641.1828721949008, 0.05260318750000001, 0.0062873571178471924, 803.2566263749999, 46.65339643600011, 215.50064862500003, 8.356633669769874, 0, 0, 1333, 0, 40, 11.973930014828047, 2550001, 0, 436718119.5625, 2698136.6068654205, 40542416.5, 114822.17233291661, 479810537.0625, 2589404.5569452946
30000, 0, 30000, 0, 0, 0, 0, fixed_reps_33, 37712.8125, 378.78460547354615, 1155.5625, 85.23934592516534, 132146.81777124997, 4462.806461736378, inf, -nan, 173.4104046242774, 5.684341886080802e-14, 2143.003381004631, 50.06174186471143, 84335.210751, 4731.558160382658, 44966.7205769375, 1207.1569448907892, 0.8177079375, 0.020495172841637467, 2655.8840816875004, 79.20721230167543, 188.18465368750003, 7.553173995831857, 0, 0, 5709, 0, 47.5625, 15.062240661667838, 10350001, 0, 400051032.4375, 18149050.587031905, 181011253.25, 3726875.506190264, 591412286.6875, 14423152.956613533, 37202.4375, 289.50539043988454, 652.1875, 58.631496175264026, 105796.24451356249, 5989.605245678584, inf, -nan, 348.83720930232545, 1.1368683772161603e-13, 3121.14525223446, 16.823256673688842, 80960.814773125, 5633.343040482302, 23148.732948375, 797.0852018361968, 0.18540718749999996, 0.021987672390508816, 1477.299899375, 54.05143742348529, 209.2114855, 10.626937669526653, 0, 0, 2838, 0, 45.5625, 13.628869863271863, 5130001, 0, 424116278.5625, 4516613.681740156, 87531523.8125, 415222.8727855407, 516777803.375, 4105541.481611893, 36643.5625, 281.5561597510344, 377.9375, 52.67051920904141, 95072.39934493748, 5614.704352684263, inf, -nan, 697.6744186046509, 2.2737367544323206e-13, 4452.664427484341, 14.080255125399102, 81764.94794306249, 5361.588822507926, 12274.289477249999, 661.064107471413, 0.051149625, 0.00703698807973802, 803.2566263749999, 46.65339643600011, 229.85414862500002, 8.764355090067388, 0, 0, 1419, 0, 36.4375, 10.049681276040548, 2550001, 0, 436718119.5625, 2698136.6068654205, 43158053.5, 122230.05441891123, 482426174.0625, 2582407.690050495
30000, 0, 30000, 0, 0, 0, 0, fixed_reps_35, 37712.5625, 378.54342035458757, 1155.3125, 85.21716284733962, 134854.16314993752, 4493.056705562414, inf, -nan, 173.4104046242774, 5.684341886080802e-14, 2143.003381004631, 50.06174186471143, 84335.210751, 4731.558160382658, 47662.8085406875, 1250.6183054563344, 0.8302001874999999, 0.02908558899227146, 2655.8840816875004, 79.20721230167543, 199.42957637499995, 7.9705913764288665, 0, 0, 6055, 0, 42.9375, 14.935146258071931, 10350001, 0, 400051032.4375, 18149050.587031905, 191981621.75, 3952746.7489896743, 602382655.1875, 14197357.47713351, 37202.125, 289.59365389282965, 651.875, 58.5489912381076, 107189.24444537499, 6009.861162580512, inf, -nan, 348.83720930232545, 1.1368683772161603e-13, 3121.14525223446, 16.823256673688842, 80960.814773125, 5633.343040482302, 24529.361943937503, 850.1951537217261, 0.20577143750000004, 0.01903482322602692, 1477.299899375, 54.05143742348529, 221.5620575, 11.131922659620482, 0, 0, 3010, 0, 41, 13.047988350699889, 5130001, 0, 424116278.5625, 4516613.681740156, 92836459.4375, 440387.89537860383, 522082739, 4080655.0274740052, 36643.375, 281.5197317684855, 377.75, 52.65275396406156, 95795.18756731252, 5626.479772239207, inf, -nan, 697.6744186046509, 2.2737367544323206e-13, 4452.664427484341, 14.080255125399102, 81764.94794306249, 5361.588822507926, 12983.48111, 710.1459325467367, 0.051062750000000004, 0.006721797662270116, 803.2566263749999, 46.65339643600011, 243.45082512499997, 9.290019653543505, 0, 0, 1505, 0, 33.6875, 9.129065874995097, 2550001, 0, 436718119.5625, 2698136.6068654205, 45773690.5, 129637.93650490584, 485041811.0625, 2575413.122038638
30000, 0, 30000, 0, 0, 0, 0, fixed_reps_37, 37712.3125, 378.44215521496807, 1155.0625, 85.25877429185807, 137623.38290775, 4482.045431585075, inf, -nan, 173.4104046242774, 5.684341886080802e-14, 2143.003381004631, 50.06174186471143, 84335.210751, 4731.558160382658, 50420.7062196875, 1347.8116621154002, 0.8554280625, 0.08848651755032286, 2655.8840816875004, 79.20721230167543, 210.7264273125, 8.262715730852435, 0, 0, 6401, 0, 39.125, 14.132741241528482, 10350001, 0, 400051032.4375, 18149050.587031905, 202951990.25, 4178617.991789084, 613353023.6875, 13971564.446897682, 37201.5625, 289.7850429089638, 651.3125, 58.83209025480907, 108606.8530910625, 6039.172590313046, inf, -nan, 348.83720930232545, 1.1368683772161603e-13, 3121.14525223446, 16.823256673688842, 80960.814773125, 5633.343040482302, 25934.404844625, 892.2135897695806, 0.19901775000000002, 0.02779802518502888, 1477.299899375, 54.05143742348529, 234.13455618750004, 11.967886517693168, 0, 0, 3182, 0, 34.8125, 12.36031325452555, 5130001, 0, 424116278.5625, 4516613.681740156, 98141395.0625, 465552.9179716669, 527387674.625, 4055772.011095542, 36643.1875, 281.4849504747101, 377.5625, 52.611748628514526, 96553.56261381251, 5637.681289523857, inf, -nan, 697.6744186046509, 2.2737367544323206e-13, 4452.664427484341, 14.080255125399102, 81764.94794306249, 5361.588822507926, 13728.719006125, 741.1062510627617, 0.0529105625, 0.006045882720587107, 803.2566263749999, 46.65339643600011, 256.58612768750004, 10.24176308454329, 0, 0, 1591, 0, 31, 8.06225774829855, 2550001, 0, 436718119.5625, 2698136.6068654205, 48389327.5, 137045.81859090045, 487657448.0625, 2568420.871691336
30000, 0, 30000, 0, 0, 0, 0, fixed_reps_39, 37712.125, 378.5399376221748, 1154.875, 85.33234659260226, 140361.5293328125, 4454.026988643396, inf, -nan, 173.4104046242774, 5.684341886080802e-14, 2143.003381004631, 50.06174186471143, 84335.210751, 4731.558160382658, 53147.31465893751, 1401.2794042260596, 0.8954296875000001, 0.24113175437577655, 2655.8840816875004, 79.20721230167543, 222.22441150000003, 9.236644392234105, 0, 0, 6747, 0, 36.375, 13.692493381411582, 10350001, 0, 400051032.4375, 18149050.587031905, 213922358.75, 4404489.234588494, 624323392.1875, 13745773.986602552, 37201.5, 289.82688798660485, 651.25, 58.883889986990496, 109979.907604375, 6075.431498166843, inf, -nan, 348.83720930232545, 1.1368683772161603e-13, 3121.14525223446, 16.823256673688842, 80960.814773125, 5633.343040482302, 27295.30149625, 961.9151958901226, 0.215487375, 0.015428095803091678, 1477.299899375, 54.05143742348529, 246.27594825, 12.323169267398972, 0, 0, 3354, 0, 32.3125, 11.503905586799641, 5130001, 0, 424116278.5625, 4516613.681740156, 103446330.6875, 490717.94056473, 532692610.25, 4030892.496141185, 36643.1875, 281.4849504747101, 377.5625, 52.611748628514526, 97316.73210449998, 5658.96359465097, inf, -nan, 697.6744186046509, 2.2737367544323206e-13, 4452.664427484341, 14.080255125399102, 81764.94794306249, 5361.588822507926, 14478.3218081875, 793.3525526245197, 0.0483944375, 0.005701441045568545, 803.2566263749999, 46.65339643600011, 270.15733243750003, 11.255774059947678, 0, 0, 1677, 0, 29.375, 7.77717011515114, 2550001, 0, 436718119.5625, 2698136.6068654205, 51004964.5, 144453.7006768951, 490273085.0625, 2561430.9579890217
30000, 0, 30000, 0, 0, 0, 0, fixed_reps_41, 37712.0625, 378.4581332112576, 1154.8125, 85.46067717816189, 143033.6948219375, 4509.271224920043, inf, -nan, 173.4104046242774, 5.684341886080802e-14, 2143.003381004631, 50.06174186471143, 84335.210751, 4731.558160382658, 55808.728802125, 1395.25426164135, 0.9207586875, 0.23089338510574497, 2655.8840816875004, 79.20721230167543, 232.95042843749994, 9.511302312074923, 0, 0, 7093, 0, 32.8125, 13.491750951970616, 10350001, 0, 400051032.4375, 18149050.587031905, 224892727.25, 4630360.477387904, 635293760.6875, 13519986.225005962, 37201.3125, 289.58995121334925, 651.0625, 59.04602944948966, 111378.53237875, 6100.513639930939, inf, -nan, 348.83720930232545, 1.1368683772161603e-13, 3121.14525223446, 16.823256673688842, 80960.814773125, 5633.343040482302, 28681.378191187498, 1004.7497696223602, 0.1992444375, 0.02473623129634128, 1477.299899375, 54.05143742348529, 258.840270625, 13.05674669633763, 0, 0, 3526, 0, 29.6875, 10.692981050670575, 5130001, 0, 424116278.5625, 4516613.681740156, 108751266.3125, 515882.96315779304, 537997545.875, 4006016.5478481054, 36642.9375, 281.16197928196124, 377.3125, 52.52584929108715, 98055.44472531251, 5672.3965282414165, inf, -nan, 697.6744186046509, 2.2737367544323206e-13, 4452.664427484341, 14.080255125399102, 81764.94794306249, 5361.588822507926, 15203.91324075, 822.0697438741407, 0.05425, 0.008174766953864801, 803.2566263749999, 46.65339643600011, 283.27266512500006, 11.125411454513413, 0, 0, 1763, 0, 28.375, 7.261843774138907, 2550001, 0, 436718119.5625, 2698136.6068654205, 53620601.5, 151861.5827628897, 492888722.0625, 2554443.4001135025
30000, 0, 30000, 0, 0, 0, 0, fixed_reps_5, 37772.875, 376.8958534860791, 1215.625, 84.77239748290714, 94022.72204850001, 4630.420965390928, inf, -nan, 173.4104046242774, 5.684341886080802e-14, 2143.003381004631, 50.06174186471143, 84335.210751, 4731.558160382658, 7001.19672375, 204.41895573232256, 0.8348084375, 0.06269221544076342, 2655.8840816875004, 79.20721230167543, 29.595683625, 1.6737887638368112, 0, 0, 865, 0, 595.75, 48.682003861796815, 10350001, 0, 400051032.4375, 18149050.587031905, 27426094.25, 564678.1069985249, 437827127.6875, 17584494.002579954, 37245.3125, 292.3766232853612, 695.0625, 56.00052315603846, 86090.92959818749, 5689.357229012268, inf, -nan, 348.83720930232545, 1.1368683772161603e-13, 3121.14525223446, 16.823256673688842, 80960.814773125, 5633.343040482302, 3620.755582625, 113.92716753801241, 0.18063837500000005, 0.02558814095893594, 1477.299899375, 54.05143742348529, 31.878704687500004, 1.7778681110001076, 0, 0, 430, 0, 411.375, 55.25381774140136, 5130001, 0, 424116278.5625, 4516613.681740156, 13262425.0625, 62912.55648265769, 442508704.625, 4454280.522048255, 36666.875, 283.1697536372838, 401.25, 49.40204955262484, 84524.86232381249, 5403.38225478982, inf, -nan, 697.6744186046509, 2.2737367544323206e-13, 4452.664427484341, 14.080255125399102, 81764.94794306249, 5361.588822507926, 1921.9832996874998, 105.86288595963367, 0.050248249999999994, 0.010985771288921867, 803.2566263749999, 46.65339643600011, 34.6242064375, 1.7805888621181272, 0, 0, 215, 0, 237.3125, 40.92022536289359, 2550001, 0, 436718119.5625, 2698136.6068654205, 6539135.5, 18519.70521498655, 445807256.0625, 2680564.8260554494
30000, 0, 30000, 0, 0, 0, 0, fixed_reps_7, 37752.5625, 378.7319251050141, 1195.3125, 84.42579489557679, 96798.12556175001, 4590.436305711727, inf, -nan, 173.4104046242774, 5.684341886080802e-14, 2143.003381004631, 50.06174186471143, 84335.210751, 4731.558160382658, 9764.435716062499, 283.9777537268814, 0.887726875, 0.2996972732205941, 2655.8840816875004, 79.20721230167543, 41.707286124999996, 1.9024505605849484, 0, 0, 1211, 0, 433.4375, 35.250831107223554, 10350001, 0, 400051032.4375, 18149050.587031905, 38396462.75, 790549.3497979348, 448797496.1875, 17358673.58231482, 37232.3125, 290.82419920589484, 682.0625, 56.93249154700679, 87531.52663831251, 5702.684573558206, inf, -nan, 348.83720930232545, 1.1368683772161603e-13, 3121.14525223446, 16.823256673688842, 80960.814773125, 5633.343040482302, 5047.904962125, 156.19423684293923, 0.1853014375, 0.019885041164681903, 1477.299899375, 54.05143742348529, 45.321702249999994, 2.4526349249498116, 0, 0, 602, 0, 321.9375, 49.943053508471024, 5130001, 0, 424116278.5625, 4516613.681740156, 18567360.6875, 88077.57907572076, 447813640.25, 4429351.845470431, 36659.8125, 283.40435307833576, 394.1875, 49.64904172035952, 85286.3377570625, 5412.046488061323, inf, -nan, 697.6744186046509, 2.2737367544323206e-13, 4452.664427484341, 14.080255125399102, 81764.94794306249, 5361.588822507926, 2668.7413525625, 135.69761379427146, 0.046308125, 0.003959143781725412, 803.2566263749999, 46.65339643600011, 49.3455269375, 2.454651780944359, 0, 0, 301, 0, 184.5625, 45.66449489209313, 2550001, 0, 436718119.5625, 2698136.6068654205, 9154772.5, 25927.58730098117, 448422893.0625, 2673539.6967590656
30000, 0, 30000, 0, 0, 0, 0, fixed_reps_9, 37740.875, 379.12792613443816, 1183.625, 84.51765717884045, 99547.49691700001, 4573.13246206574, inf, -nan, 173.4104046242774, 5.684341886080802e-14, 2143.003381004631, 50.06174186471143, 84335.210751, 4731.558160382658, 12502.3155309375, 362.4959187632333, 0.7119024375, 0.07852552755471366, 2655.8840816875004, 79.20721230167543, 53.3746509375, 2.614085446466782, 0, 0, 1557, 0, 334.25, 27.855654722156505, 10350001, 0, 400051032.4375, 18149050.587031905, 49366831.25, 1016420.5925973448, 459767864.6875, 17132854.501938254, 37224.875, 289.7744543174916, 674.625, 57.64099561076301, 88958.18225, 5727.98156179072, inf, -nan, 348.83720930232545, 1.1368683772161603e-13, 3121.14525223446, 16.823256673688842, 80960.814773125, 5633.343040482302, 6461.22874325, 220.14596704915027, 0.19494124999999998, 0.04444547510784983, 1477.299899375, 54.05143742348529, 58.643893000000006, 3.0627397291001555, 0, 0, 774, 0, 257.6875, 39.49164270766664, 5130001, 0, 424116278.5625, 4516613.681740156, 23872296.3125, 113242.60166878384, 453118575.875, 4404425.856972774, 36655.8125, 282.2827081911855, 390.1875, 50.838246859524965, 86048.9748079375, 5421.141835640877, inf, -nan, 697.6744186046509, 2.2737367544323206e-13, 4452.664427484341, 14.080255125399102, 81764.94794306249, 5361.588822507926, 3416.9354730625, 181.31379310816226, 0.04632012499999999, 0.006909851489675811, 803.2566263749999, 46.65339643600011, 63.7884453125, 2.4601802069686047, 0, 0, 387, 0, 155.1875, 46.18876858880306, 2550001, 0, 436718119.5625, 2698136.6068654205, 11770409.5, 33335.46938697579, 451038530.0625, 2666516.6391833057
30000, 0, 30000, 0, 0, 0, 0, greedy_1.000000, 37939.5625, 383.27502670243206, 1382.3125, 76.42211619518267, 88401.62981931253, 4722.856320168838, inf, -nan, 173.4104046242774, 5.684341886080802e-14, 2143.003381004631, 50.06174186471143, 84335.210751, 4731.558160382658, 1405.768583375, 30.243952242551913, 0.7704522500000001, 0.14310015057491204, 2655.8840816875004, 79.20721230167543, 3.9880260625, 0.5622511881335233, 0.0079249375, 0.000461921864165088, 173, 0, 1490.75, 63.207495599809995, 10350001, 0, 400051032.4375, 18149050.587031905, 5485357.25, 112935.62139970498, 415886390.6875, 18036138.661463678, 37338.3125, 294.3273515046639, 788.0625, 49.713515202105754, 83164.61653074999, 5662.62445115972, inf, -nan, 348.83720930232545, 1.1368683772161603e-13, 3121.14525223446, 16.823256673688842, 80960.814773125, 5633.343040482302, 722.0749470625, 25.71189283696262, 0.16527175, 0.010119006333998414, 1477.299899375, 54.05143742348529, 4.2573771875, 1.1271925863913639, 0.00426225, 0.0002665915649453298, 86, 0, 839.125, 53.687609138422246, 5130001, 0, 424116278.5625, 4516613.681740156, 2652553.8125, 12582.511296531537, 431898833.375, 4504145.760909995, 36715.8125, 280.65909453240596, 450.1875, 48.21983351018541, 82952.68861187501, 5384.52913401753, inf, -nan, 697.6744186046509, 2.2737367544323206e-13, 4452.664427484341, 14.080255125399102, 81764.94794306249, 5361.588822507926, 380.28661275, 20.585313214184584, 0.046179124999999994, 0.005271272449264504, 803.2566263749999, 46.65339643600011, 4.1488091250000005, 1.1752326336696, 0.0024414375000000005, 0.00022416873353291262, 43, 0, 459.8125, 50.631288189715264, 2550001, 0, 436718119.5625, 2698136.6068654205, 1307861.5, 3703.94104299731, 440575982.0625, 2694621.23499128
30000, 0, 30000, 0, 0, 0, 0, greedy_11.000000, 37755.4375, 376.66363787038165, 1198.1875, 83.57722383370962, 98421.44470924999, 4584.964608908998, inf, -nan, 173.4104046242774, 5.684341886080802e-14, 2143.003381004631, 50.06174186471143, 84335.210751, 4731.558160382658, 3611.785793375, 306.7715576756981, 0.859539875, 0.29098593531815997, 2655.8840816875004, 79.20721230167543, 7817.307722812499, 167.4341010814196, 0.39682049999999996, 0.020115549358642935, 1903, 0, 762.4375, 61.967702020891494, 10350001, 0, 400051032.4375, 18149050.587031905, 66376598.9375, 1641425.9423951881, 476777632.375, 16571996.761002474, 37234.875, 290.6759095195197, 684.625, 55.09636444448944, 88637.23622187499, 5644.9417570397745, inf, -nan, 348.83720930232545, 1.1368683772161603e-13, 3121.14525223446, 16.823256673688842, 80960.814773125, 5633.343040482302, 1731.2146313125002, 108.80980545418376, 0.17488599999999999, 0.014343052573458694, 1477.299899375, 54.05143742348529, 4467.6089963125, 157.88946599407276, 0.12303574999999999, 0.006335662085567698, 946, 0, 488, 72.11622563612158, 5130001, 0, 424116278.5625, 4516613.681740156, 32136818.8125, 500920.37084253953, 461383098.375, 4287179.97886826, 36664.3125, 283.6751484422807, 398.6875, 51.0743560287352, 86068.596205375, 5382.896748688916, inf, -nan, 697.6744186046509, 2.2737367544323206e-13, 4452.664427484341, 14.080255125399102, 81764.94794306249, 5361.588822507926, 897.0826725000003, 80.06775248397138, 0.04562868750000001, 0.004482367966805465, 803.2566263749999, 46.65339643600011, 2603.2331261875, 86.14768964386275, 0.030208562499999994, 0.00196898650861141, 473, 0, 265.125, 50.85011676486102, 2550001, 0, 436718119.5625, 2698136.6068654205, 16015738.5, 376094.6294956895, 455283859.0625, 2609770.1673878646
30000, 0, 30000, 0, 0, 0, 0, greedy_13.000000, 37750.1875, 376.49040803684494, 1192.9375, 83.69548132217174, 99918.3193754375, 4593.158327001559, inf, -nan, 173.4104046242774, 5.684341886080802e-14, 2143.003381004631, 50.06174186471143, 84335.210751, 4731.558160382658, 3749.648804437499, 336.45738018562514, 0.7705245000000002, 0.19770670167953336, 2655.8840816875004, 79.20721230167543, 9176.3067669375, 207.88415057569338, 0.49844687499999996, 0.05140497573907002, 2249, 0, 761.75, 61.81979860853641, 10350001, 0, 400051032.4375, 18149050.587031905, 77353124.5625, 1863011.5738108673, 487754158, 16343340.42524288, 37232.125, 291.7813554273131, 681.875, 54.95438449295925, 89473.2813195, 5641.03281443773, inf, -nan, 348.83720930232545, 1.1368683772161603e-13, 3121.14525223446, 16.823256673688842, 80960.814773125, 5633.343040482302, 1780.8382426250002, 114.71526762952486, 0.17406975, 0.017269876083443682, 1477.299899375, 54.05143742348529, 5254.011191187499, 156.1384085229526, 0.1431434375, 0.007553950580397901, 1118, 0, 487.5625, 72.5516787796809, 5130001, 0, 424116278.5625, 4516613.681740156, 37447512.3125, 514877.8700972104, 466693791.875, 4260569.534811511, 36662.4375, 283.0788248770119, 396.8125, 51.28622957237157, 86547.79504675, 5396.802713499128, inf, -nan, 697.6744186046509, 2.2737367544323206e-13, 4452.664427484341, 14.080255125399102, 81764.94794306249, 5361.588822507926, 913.4210903125, 80.07315023249883, 0.044646375, 0.006301628954831838, 803.2566263749999, 46.65339643600011, 3066.0893080625, 91.79436364530088, 0.0354325625, 0.0024352768315108963, 559, 0, 264.5625, 50.819495213451304, 2550001, 0, 436718119.5625, 2698136.6068654205, 18634089.125, 378531.0560561503, 457902209.6875, 2601994.1605043453
30000, 0, 30000, 0, 0, 0, 0, greedy_15.000000, 37747.0625, 376.2622869671501, 1189.8125, 82.65834709059939, 101367.07947324999, 4573.296120054448, inf, -nan, 173.4104046242774, 5.684341886080802e-14, 2143.003381004631, 50.06174186471143, 84335.210751, 4731.558160382658, 3862.8773783124993, 364.29515476554377, 0.7583971875000002, 0.2054580307995464, 2655.8840816875004, 79.20721230167543, 10511.745827125002, 206.95921455121714, 0.6030379375000001, 0.06577723436671379, 2595, 0, 761.4375, 61.967702020891494, 10350001, 0, 400051032.4375, 18149050.587031905, 88329650.1875, 2086145.0989710125, 498730683.625, 16114686.845052311, 37229.25, 291.01363799657224, 679, 55.204166509422095, 90317.47177250001, 5634.71519251458, inf, -nan, 348.83720930232545, 1.1368683772161603e-13, 3121.14525223446, 16.823256673688842, 80960.814773125, 5633.343040482302, 1829.5324204375, 118.65378496597883, 0.17298750000000002, 0.014871198203238364, 1477.299899375, 54.05143742348529, 6049.4852260625, 173.51895288278232, 0.166466, 0.008682589389116589, 1290, 0, 487.5, 72.50948213854517, 5130001, 0, 424116278.5625, 4516613.681740156, 42758205.8125, 529819.1945995844, 472004485.375, 4233960.853075829, 36661, 283.014796432978, 395.375, 50.920127405575094, 87028.945157625, 5395.253685270471, inf, -nan, 697.6744186046509, 2.2737367544323206e-13, 4452.664427484341, 14.080255125399102, 81764.94794306249, 5361.588822507926, 930.2823345, 80.61237672823461, 0.043674874999999995, 0.00404868955458121, 803.2566263749999, 46.65339643600011, 3530.3726833124992, 99.1910159172341, 0.0418955, 0.004551370452951506, 645, 0, 264.3125, 51.03028359464603, 2550001, 0, 436718119.5625, 2698136.6068654205, 21252439.75, 381113.6606187024, 460520560.3125, 2594218.6044852627
30000, 0, 30000, 0, 0, 0, 0, greedy_17.000000, 37744.875, 376.19507489466156, 1187.625, 83.04958985449598, 102884.591747125, 4549.774014433958, inf, -nan, 173.4104046242774, 5.684341886080802e-14, 2143.003381004631, 50.06174186471143, 84335.210751, 4731.558160382658, 3990.6400040625, 393.41670211961184, 0.6657831875, 0.03927464688291091, 2655.8840816875004, 79.20721230167543, 11901.525553937503, 208.35262264046605, 0.66557325, 0.05601481452984112, 2941, 0, 761.4375, 61.967702020891494, 10350001, 0, 400051032.4375, 18149050.587031905, 99306175.8125, 2310378.0802696613, 509707209.25, 15886036.139416529, 37226.875, 291.0375566400323, 676.625, 56.16145809182664, 91113.805319625, 5640.284503946793, inf, -nan, 348.83720930232545, 1.1368683772161603e-13, 3121.14525223446, 16.823256673688842, 80960.814773125, 5633.343040482302, 1878.40416825, 117.77415304395997, 0.17905093750000003, 0.020046789582339457, 1477.299899375, 54.05143742348529, 6796.9162975625, 218.82232461526374, 0.19113037500000002, 0.011721100336972419, 1462, 0, 487.0625, 72.1495571278854, 5130001, 0, 424116278.5625, 4516613.681740156, 48068899.3125, 545663.5332106818, 477315178.875, 4207353.967097697, 36658.875, 282.48249392661484, 393.25, 50.84228063334689, 87484.47681674999, 5401.590049002659, inf, -nan, 697.6744186046509, 2.2737367544323206e-13, 4452.664427484341, 14.080255125399102, 81764.94794306249, 5361.588822507926, 946.374432875, 81.5004212343877, 0.043174437499999996, 0.0036795761809064035, 803.2566263749999, 46.65339643600011, 3969.80817, 124.18889743135553, 0.04647, 0.0035427779354625095, 731, 0, 263.8125, 50.742263880812416, 2550001, 0, 436718119.5625, 2698136.6068654205, 23870790.375, 383839.492586562, 463138910.9375, 2586443.503396881
30000, 0, 30000, 0, 0, 0, 0, greedy_19.000000, 37742.375, 376.29441183068343, 1185.125, 82.54080430308395, 104400.368572, 4533.778687068761, inf, -nan, 173.4104046242774, 5.684341886080802e-14, 2143.003381004631, 50.06174186471143, 84335.210751, 4731.558160382658, 4118.25909775, 427.8000473933595, 0.6801141875, 0.04769854372019488, 2655.8840816875004, 79.20721230167543, 13289.567764374999, 223.87876375893404, 0.7667630000000001, 0.05745369632473614, 3287, 0, 761.4375, 61.967702020891494, 10350001, 0, 400051032.4375, 18149050.587031905, 110282701.4375, 2535418.826080317, 520683734.875, 15657388.434270142, 37225.3125, 290.7186609830026, 675.0625, 56.60992486967281, 91876.16406431251, 5645.9524799736755, inf, -nan, 348.83720930232545, 1.1368683772161603e-13, 3121.14525223446, 16.823256673688842, 80960.814773125, 5633.343040482302, 1921.3840203124998, 120.39953556916713, 0.17454062499999998, 0.016489215005098784, 1477.299899375, 54.05143742348529, 7516.2789139375, 219.32012384109046, 0.21191693749999999, 0.01334249250734636, 1634, 0, 486.625, 72.42399032779124, 5130001, 0, 424116278.5625, 4516613.681740156, 53379592.8125, 562334.5611335634, 482625872.375, 4180748.9111624905, 36658, 281.99534570627225, 392.375, 51.3564443375902, 87933.10438925, 5410.362676055387, inf, -nan, 697.6744186046509, 2.2737367544323206e-13, 4452.664427484341, 14.080255125399102, 81764.94794306249, 5361.588822507926, 961.6913699375, 82.56695026492433, 0.044367624999999994, 0.0038661863618267294, 803.2566263749999, 46.65339643600011, 4403.113836875001, 134.94218217786096, 0.050245374999999995, 0.004223901408576554, 817, 0, 263.5625, 50.819495213451304, 2550001, 0, 436718119.5625, 2698136.6068654205, 26489141, 386705.52320305695, 465757261.5625, 2578668.8613542686
30000, 0, 30000, 0, 0, 0, 0, greedy_21.000000, 37740.1875, 376.4102181712792, 1182.9375, 82.40560414043453, 105885.3597185, 4554.87982999609, inf, -nan, 173.4104046242774, 5.684341886080802e-14, 2143.003381004631, 50.06174186471143, 84335.210751, 4731.558160382658, 4250.788852375, 459.0537947599264, 0.6792545625000002, 0.06488795208951423, 2655.8840816875004, 79.20721230167543, 14641.9777979375, 274.88949169040006, 0.8189809375, 0.08190005717371994, 3633, 0, 761.3125, 62.02088231998961, 10350001, 0, 400051032.4375, 18149050.587031905, 121259227.0625, 2761069.8331474126, 531660260.5, 15428743.863011232, 37223.875, 290.68192990793216, 673.625, 56.80325144743037, 92651.0632670625, 5637.206515335585, inf, -nan, 348.83720930232545, 1.1368683772161603e-13, 3121.14525223446, 16.823256673688842, 80960.814773125, 5633.343040482302, 1963.3686388125, 128.84319762193934, 0.16854750000000002, 0.00945060937850042, 1477.299899375, 54.05143742348529, 8249.1759565625, 218.9510217719388, 0.23545168749999998, 0.012002368822021917, 1806, 0, 486.5625, 72.5516787796809, 5130001, 0, 424116278.5625, 4516613.681740156, 58690286.3125, 579760.9683948117, 487936565.875, 4154145.7204315155, 36656.875, 282.0757599918859, 391.25, 51.02634123665933, 88384.2841585625, 5406.415228757204, inf, -nan, 697.6744186046509, 2.2737367544323206e-13, 4452.664427484341, 14.080255125399102, 81764.94794306249, 5361.588822507926, 978.53694675, 82.86338518091198, 0.045075874999999994, 0.005820449820192164, 803.2566263749999, 46.65339643600011, 4837.442177749999, 129.53214367057325, 0.05538875000000001, 0.004403634031967235, 903, 0, 263.375, 51.06720449564476, 2550001, 0, 436718119.5625, 2698136.6068654205, 29107491.625, 389708.65929577366, 468375612.1875, 2570894.6825220254
30000, 0, 30000, 0, 0, 0, 0, greedy_23.000000, 37738.5, 376.06465534532754, 1181.25, 82.79681455225194, 107244.4369160625, 4555.341978621636, inf, -nan, 173.4104046242774, 5.684341886080802e-14, 2143.003381004631, 50.06174186471143, 84335.210751, 4731.558160382658, 4372.453882187499, 476.7359709528388, 0.69071675, 0.06702239342516426, 2655.8840816875004, 79.20721230167543, 15879.023369562503, 304.0960115998119, 1.174114875, 0.15889848582659427, 3979, 0, 760.4375, 61.967702020891494, 10350001, 0, 400051032.4375, 18149050.587031905, 132235752.6875, 2987192.8082085843, 542636786.125, 15200102.567062488, 37222.4375, 290.85691687451754, 672.1875, 57.322790788219656, 93442.5670979375, 5636.051756424744, inf, -nan, 348.83720930232545, 1.1368683772161603e-13, 3121.14525223446, 16.823256673688842, 80960.814773125, 5633.343040482302, 2006.8877308750002, 127.78384823282973, 0.1761096875, 0.019304504881370144, 1477.299899375, 54.05143742348529, 8997.129874, 219.97848568831037, 0.258710875, 0.011419572654411148, 1978, 0, 486.5625, 72.5516787796809, 5130001, 0, 424116278.5625, 4516613.681740156, 64000979.8125, 597876.7071582588, 493247259.375, 4127544.4309700774, 36656.25, 282.0832102412336, 390.625, 51.040272089792, 88832.1764601875, 5403.693286931569, inf, -nan, 697.6744186046509, 2.2737367544323206e-13, 4452.664427484341, 14.080255125399102, 81764.94794306249, 5361.588822507926, 994.4637323749998, 84.9295049007638, 0.043744500000000006, 0.004308114074046786, 803.2566263749999, 46.65339643600011, 5269.404879062499, 141.83671206182007, 0.05953481249999999, 0.003422356922114313, 989, 0, 263.3125, 51.03028359464603, 2550001, 0, 436718119.5625, 2698136.6068654205, 31725842.25, 392845.75654089416, 470993962.8125, 2563120.9711150294
30000, 0, 30000, 0, 0, 0, 0, greedy_25.000000, 37737.3125, 376.67454764524507, 1180.0625, 82.73411384519689, 108599.7226645, 4529.293545385593, inf, -nan, 173.4104046242774, 5.684341886080802e-14, 2143.003381004631, 50.06174186471143, 84335.210751, 4731.558160382658, 4475.379377625001, 515.4586796362008, 0.7404753125, 0.09048515204766937, 2655.8840816875004, 79.20721230167543, 17131.4457260625, 316.60805743809533, 1.0622528125000001, 0.11618256467690126, 4325, 0, 760.4375, 61.967702020891494, 10350001, 0, 400051032.4375, 18149050.587031905, 143212278.3125, 3213688.126332689, 553613311.75, 14971464.696483592, 37221.125, 290.302401600469, 670.875, 57.299514614, 94237.9677259375, 5634.668126659734, inf, -nan, 348.83720930232545, 1.1368683772161603e-13, 3121.14525223446, 16.823256673688842, 80960.814773125, 5633.343040482302, 2051.6093369375, 132.3609037193797, 0.1708905, 0.01440986301114622, 1477.299899375, 54.05143742348529, 9747.793357437502, 232.1652312417356, 0.27946856249999996, 0.020612478817359493, 2150, 0, 486.5625, 72.5516787796809, 5130001, 0, 424116278.5625, 4516613.681740156, 69311673.3125, 616621.0247065979, 498557952.875, 4100945.079776639, 36655.25, 282.3489640498084, 389.625, 50.43296912734764, 89257.33537006252, 5412.321465432046, inf, -nan, 697.6744186046509, 2.2737367544323206e-13, 4452.664427484341, 14.080255125399102, 81764.94794306249, 5361.588822507926, 1010.143619375, 85.00705297951244, 0.04398, 0.003057247148171047, 803.2566263749999, 46.65339643600011, 5678.87817425, 171.54786624571736, 0.065027, 0.005999233346853579, 1075, 0, 263, 50.72967573324316, 2550001, 0, 436718119.5625, 2698136.6068654205, 34344192.875, 396113.63215873344, 473612313.4375, 2555347.7313991915
30000, 0, 30000, 0, 0, 0, 0, greedy_27.000000, 37736.5625, 377.03132640902663, 1179.3125, 82.85508339112333, 109966.64782312501, 4503.140953993396, inf, -nan, 173.4104046242774, 5.684341886080802e-14, 2143.003381004631, 50.06174186471143, 84335.210751, 4731.558160382658, 4583.6928168125, 537.0829612650504, 0.672111625, 0.0493446436022632, 2655.8840816875004, 79.20721230167543, 18390.061536125, 305.94123909120896, 1.126525875, 0.14517934455737624, 4671, 0, 760.4375, 61.967702020891494, 10350001, 0, 400051032.4375, 18149050.587031905, 154188803.9375, 3440482.2515561036, 564589837.375, 14742830.410640683, 37220.3125, 289.95597052613005, 670.0625, 57.86457114461318, 94994.6643330625, 5629.527415217368, inf, -nan, 348.83720930232545, 1.1368683772161603e-13, 3121.14525223446, 16.823256673688842, 80960.814773125, 5633.343040482302, 2095.6624357500004, 134.89213440749842, 0.17505025, 0.016958583053648675, 1477.299899375, 54.05143742348529, 10460.4100323125, 281.73558025420647, 0.30214224999999995, 0.015473388120818924, 2322, 0, 486.25, 72.3278127693628, 5130001, 0, 424116278.5625, 4516613.681740156, 74622366.8125, 635938.3412859516, 503868646.375, 4074347.7048131092, 36654.5625, 282.7545244443491, 388.9375, 50.187733498834156, 89669.856132625, 5428.415751159646, inf, -nan, 697.6744186046509, 2.2737367544323206e-13, 4452.664427484341, 14.080255125399102, 81764.94794306249, 5361.588822507926, 1021.7295753125, 85.99008456007591, 0.043348124999999994, 0.003953366190270641, 803.2566263749999, 46.65339643600011, 6079.8102025625, 191.4664520864886, 0.0684371875, 0.0039338509634127905, 1161, 0, 262.5625, 50.819495213451304, 2550001, 0, 436718119.5625, 2698136.6068654205, 36962543.5, 399509.0769675953, 476230664.0625, 2547574.967692228
30000, 0, 30000, 0, 0, 0, 0, greedy_29.000000, 37735.75, 377.2339294125066, 1178.5, 82.7685024631955, 111354.86009200002, 4496.017864956898, inf, -nan, 173.4104046242774, 5.684341886080802e-14, 2143.003381004631, 50.06174186471143, 84335.210751, 4731.558160382658, 4694.5791834374995, 561.5153723307617, 0.681401125, 0.06563420534473145, 2655.8840816875004, 79.20721230167543, 19667.312760124994, 319.62792146168516, 1.1919146249999997, 0.1319784531973283, 5017, 0, 760.4375, 61.967702020891494, 10350001, 0, 400051032.4375, 18149050.587031905, 165165329.5625, 3667519.7508991845, 575566363, 14514199.87893894, 37218.75, 290.7472054895799, 668.5, 57.94285978444626, 95694.41734249999, 5640.669634443396, inf, -nan, 348.83720930232545, 1.1368683772161603e-13, 3121.14525223446, 16.823256673688842, 80960.814773125, 5633.343040482302, 2134.17955225, 139.8864791851789, 0.168770375, 0.00925508156956896, 1477.299899375, 54.05143742348529, 11121.6284385625, 290.9502357377027, 0.3259088125, 0.01939499492207574, 2494, 0, 485.75, 72.30793524918272, 5130001, 0, 424116278.5625, 4516613.681740156, 79933060.3125, 655778.0221876453, 509179339.875, 4047752.345036314, 36653.1875, 282.9821590555666, 387.5625, 50.548205643227334, 90077.4201308125, 5421.620867104492, inf, -nan, 697.6744186046509, 2.2737367544323206e-13, 4452.664427484341, 14.080255125399102, 81764.94794306249, 5361.588822507926, 1036.9889221875, 88.17074601630826, 0.043886062499999996, 0.005484769758941003, 803.2566263749999, 46.65339643600011, 6472.1099151875005, 184.09621298925612, 0.0728379375, 0.004893453592156949, 1247, 0, 262.375, 51.06720449564476, 2550001, 0, 436718119.5625, 2698136.6068654205, 39580894.125, 403028.8667387665, 478849014.6875, 2539802.6843644446
30000, 0, 30000, 0, 0, 0, 0, greedy_3.000000, 37803.25, 375.5646582148006, 1246, 85.22396963296183, 91730.5039464375, 4634.188042871187, inf, -nan, 173.4104046242774, 5.684341886080802e-14, 2143.003381004631, 50.06174186471143, 84335.210751, 4731.558160382658, 2974.2189047499996, 166.97865103199354, 0.7531514375, 0.1977561946621296, 2655.8840816875004, 79.20721230167543, 1764.342191375, 58.92583671080217, 0.09486618749999999, 0.006741761428020406, 519, 0, 765.8125, 61.756799979840274, 10350001, 0, 400051032.4375, 18149050.587031905, 22470496.4375, 796686.6544940182, 432871529.875, 17486647.497793626, 37265.9375, 295.5172306207372, 715.6875, 51.3002421412414, 84959.107995125, 5636.1748599425555, inf, -nan, 348.83720930232545, 1.1368683772161603e-13, 3121.14525223446, 16.823256673688842, 80960.814773125, 5633.343040482302, 1500.7294865625001, 100.83007978630629, 0.16943025000000003, 0.007953369690734865, 1477.299899375, 54.05143742348529, 1020.0641460625001, 39.97048927200937, 0.030259750000000002, 0.0025100942835877696, 258, 0, 492.0625, 72.35629615831645, 5130001, 0, 424116278.5625, 4516613.681740156, 10894044.8125, 456640.7250309343, 440140324.375, 4393638.737855373, 36676.125, 285.716615503894, 410.5, 47.208314945568645, 83971.437525, 5372.029008030532, inf, -nan, 697.6744186046509, 2.2737367544323206e-13, 4452.664427484341, 14.080255125399102, 81764.94794306249, 5361.588822507926, 819.9542818124997, 77.67694245657395, 0.04614593750000001, 0.005946253646927093, 803.2566263749999, 46.65339643600011, 583.2216274375, 21.435204331435635, 0.010900375, 0.002104096090813107, 129, 0, 269.3125, 50.99597870175648, 2550001, 0, 436718119.5625, 2698136.6068654205, 5542336, 367866.18295074365, 444810456.5625, 2640878.623909237
30000, 0, 30000, 0, 0, 0, 0, greedy_31.000000, 37735, 377.2356690452269, 1177.75, 83.18165362626544, 112750.67581631249, 4465.236612021971, inf, -nan, 173.4104046242774, 5.684341886080802e-14, 2143.003381004631, 50.06174186471143, 84335.210751, 4731.558160382658, 4804.676429125001, 590.614671604502, 0.6825473124999999, 0.06292257178640147, 2655.8840816875004, 79.20721230167543, 20952.885199062497, 310.8701555256406, 1.3368081250000003, 0.10756539880862885, 5363, 0, 760.4375, 61.967702020891494, 10350001, 0, 400051032.4375, 18149050.587031905, 176141855.1875, 3894758.063502905, 586542888.625, 14285573.281625513, 37218.125, 290.4461815465991, 667.875, 57.929779690587466, 96396.6497878125, 5628.511121514973, inf, -nan, 348.83720930232545, 1.1368683772161603e-13, 3121.14525223446, 16.823256673688842, 80960.814773125, 5633.343040482302, 2172.4820129375, 143.64145408132563, 0.1736083125, 0.017844663536050315, 1477.299899375, 54.05143742348529, 11785.528609125, 287.3041603196607, 0.35088493750000005, 0.022001292528703708, 2666, 0, 485.5625, 72.5516787796809, 5130001, 0, 424116278.5625, 4516613.681740156, 85243753.8125, 676094.0833276478, 514490033.375, 4021159.0404307065, 36652.4375, 282.08420036178916, 386.8125, 50.45445811571065, 90497.62615124999, 5424.155239077986, inf, -nan, 697.6744186046509, 2.2737367544323206e-13, 4452.664427484341, 14.080255125399102, 81764.94794306249, 5361.588822507926, 1051.2383286875001, 88.77074071194755, 0.04523031249999999, 0.0056513154742806335, 803.2566263749999, 46.65339643600011, 6878.060881875001, 188.52835006588606, 0.07714093749999999, 0.005299710481110618, 1333, 0, 262.375, 51.06720449564476, 2550001, 0, 436718119.5625, 2698136.6068654205, 42199244.75, 406669.7728104309, 481467365.3125, 2532030.8858395345
30000, 0, 30000, 0, 0, 0, 0, greedy_33.000000, 37733.75, 377.5007450323774, 1176.5, 82.99924698453594, 114169.492581375, 4462.842004454257, inf, -nan, 173.4104046242774, 5.684341886080802e-14, 2143.003381004631, 50.06174186471143, 84335.210751, 4731.558160382658, 4920.135449375, 621.9528697778859, 0.6876974375, 0.07700511791836367, 2655.8840816875004, 79.20721230167543, 22256.1801096875, 349.17173273505836, 1.3944921874999998, 0.12172116664030679, 5709, 0, 760.4375, 61.967702020891494, 10350001, 0, 400051032.4375, 18149050.587031905, 187118380.8125, 4122163.9794200812, 597519414.25, 14056950.81067073, 37217.75, 290.6979747091472, 667.5, 57.84029737129642, 97104.10782725, 5617.467487433251, inf, -nan, 348.83720930232545, 1.1368683772161603e-13, 3121.14525223446, 16.823256673688842, 80960.814773125, 5633.343040482302, 2208.7393331875005, 145.96417001187837, 0.17385043749999998, 0.012760803168143207, 1477.299899375, 54.05143742348529, 12456.698922250001, 282.7444566345243, 0.381048875, 0.02682383633047992, 2838, 0, 485.5625, 72.5516787796809, 5130001, 0, 424116278.5625, 4516613.681740156, 90554447.3125, 696844.8602784302, 519800726.875, 3994567.8320423765, 36652.3125, 282.0746175105977, 386.6875, 50.44888347376976, 90914.67723793749, 5412.672706883039, inf, -nan, 697.6744186046509, 2.2737367544323206e-13, 4452.664427484341, 14.080255125399102, 81764.94794306249, 5361.588822507926, 1065.424283875, 91.04415297453755, 0.0444295, 0.003196191072980462, 803.2566263749999, 46.65339643600011, 7280.921643312499, 181.15543234463104, 0.0823118125, 0.004724231752607375, 1419, 0, 262.375, 51.06720449564476, 2550001, 0, 436718119.5625, 2698136.6068654205, 44817595.375, 410428.5719322662, 484085715.9375, 2524259.576595394
30000, 0, 30000, 0, 0, 0, 0, greedy_35.000000, 37732.6875, 377.5324023759418, 1175.4375, 82.97437010155606, 115576.67165862498, 4422.408969617958, inf, -nan, 173.4104046242774, 5.684341886080802e-14, 2143.003381004631, 50.06174186471143, 84335.210751, 4731.558160382658, 5036.88512875, 654.1351182828013, 0.6822464374999999, 0.06484817628793497, 2655.8840816875004, 79.20721230167543, 23546.522036937502, 330.59574829958916, 1.4874138125, 0.2023214361011392, 6055, 0, 760.4375, 61.967702020891494, 10350001, 0, 400051032.4375, 18149050.587031905, 198094906.4375, 4349711.2114780815, 608495939.875, 13828332.670736652, 37217.0625, 291.03124161118853, 666.8125, 57.61967844191774, 97827.523103, 5629.019731365638, inf, -nan, 348.83720930232545, 1.1368683772161603e-13, 3121.14525223446, 16.823256673688842, 80960.814773125, 5633.343040482302, 2251.0232216875, 150.40906187395245, 0.17655031250000003, 0.014169287855776086, 1477.299899375, 54.05143742348529, 13137.815265749998, 284.5428572245016, 0.39339274999999996, 0.025657037802764755, 3010, 0, 485.5625, 72.5516787796809, 5130001, 0, 424116278.5625, 4516613.681740156, 95865140.8125, 717992.6627353355, 525111420.375, 3967978.762014403, 36651.625, 282.2695686307683, 386, 50.590265862120155, 91329.86593675001, 5408.643611478857, inf, -nan, 697.6744186046509, 2.2737367544323206e-13, 4452.664427484341, 14.080255125399102, 81764.94794306249, 5361.588822507926, 1079.9990394375, 92.1473868785735, 0.047224749999999996, 0.006132969514232074, 803.2566263749999, 46.65339643600011, 7681.5270843125, 187.37979038740056, 0.0880188125, 0.0051718922458171696, 1505, 0, 262.3125, 51.03028359464603, 2550001, 0, 436718119.5625, 2698136.6068654205, 47435946, 414302.0553252784, 486704066.5625, 2516488.761164948
30000, 0, 30000, 0, 0, 0, 0, greedy_37.000000, 37731, 378.33169970278726, 1173.75, 83.23723625878024, 117020.586549875, 4372.580652777054, inf, -nan, 173.4104046242774, 5.684341886080802e-14, 2143.003381004631, 50.06174186471143, 84335.210751, 4731.558160382658, 5160.295129000001, 694.6456401658878, 0.6804084375, 0.06896176528516432, 2655.8840816875004, 79.20721230167543, 24866.953399625, 343.77638348847455, 1.5627801249999997, 0.13232304431573655, 6401, 0, 760.3125, 62.08836319110047, 10350001, 0, 400051032.4375, 18149050.587031905, 209071432.0625, 4577378.684717931, 619472465.5, 13599719.080243193, 37216.6875, 291.08562287366584, 666.4375, 57.492356828973364, 98581.05090693751, 5622.273155305609, inf, -nan, 348.83720930232545, 1.1368683772161603e-13, 3121.14525223446, 16.823256673688842, 80960.814773125, 5633.343040482302, 2289.4308714374997, 156.41681481557168, 0.1780658125, 0.020118227631363148, 1477.299899375, 54.05143742348529, 13852.909496875, 293.0479907246839, 0.41780031249999994, 0.024069515555778097, 3182, 0, 485.5625, 72.5516787796809, 5130001, 0, 424116278.5625, 4516613.681740156, 101175834.3125, 739503.4299086041, 530422113.875, 3941391.8736236417, 36651, 282.4444635676189, 385.375, 50.77877878602438, 91742.2669979375, 5411.236604477744, inf, -nan, 697.6744186046509, 2.2737367544323206e-13, 4452.664427484341, 14.080255125399102, 81764.94794306249, 5361.588822507926, 1096.108559375, 93.29332553582746, 0.047925687499999994, 0.011371063773448977, 803.2566263749999, 46.65339643600011, 8077.813075562501, 217.0200656753673, 0.092867875, 0.008432602051524487, 1591, 0, 262.0625, 50.789355122407294, 2550001, 0, 436718119.5625, 2698136.6068654205, 50054296.625, 418287.03695292707, 489322417.1875, 2508718.4441369963
30000, 0, 30000, 0, 0, 0, 0, greedy_39.000000, 37730.3125, 378.71208040376797, 1173.0625, 83.1696073920636, 118490.0079074375, 4362.159001855678, inf, -nan, 173.4104046242774, 5.684341886080802e-14, 2143.003381004631, 50.06174186471143, 84335.210751, 4731.558160382658, 5288.954452125, 727.2313411063701, 0.7063733125, 0.10045260325379747, 2655.8840816875004, 79.20721230167543, 26207.388332562496, 580.4961506995992, 1.8639167499999998, 0.16012119666150537, 6747, 0, 759.875, 61.902014304867336, 10350001, 0, 400051032.4375, 18149050.587031905, 220047957.6875, 4805149.308126047, 630448991.125, 13371110.272543617, 37216.0625, 291.14138935189203, 665.8125, 57.333692919172755, 99380.2123223125, 5637.452588163074, inf, -nan, 348.83720930232545, 1.1368683772161603e-13, 3121.14525223446, 16.823256673688842, 80960.814773125, 5633.343040482302, 2342.5811409374996, 172.96084757242434, 0.171126, 0.008311426539710256, 1477.299899375, 54.05143742348529, 14598.895899875002, 297.9415883445865, 0.449483, 0.05278927306991451, 3354, 0, 485.5625, 72.5516787796809, 5130001, 0, 424116278.5625, 4516613.681740156, 106486527.8125, 761346.3972535119, 535732807.375, 3914807.2113189823, 36650.3125, 282.2480555181027, 384.6875, 50.838861550491075, 92123.05245618749, 5435.667598812641, inf, -nan, 697.6744186046509, 2.2737367544323206e-13, 4452.664427484341, 14.080255125399102, 81764.94794306249, 5361.588822507926, 1107.240919375, 93.9801064163993, 0.045869125, 0.004674565967485645, 803.2566263749999, 46.65339643600011, 8447.468511000001, 231.33335642378074, 0.09258725, 0.006117267338240173, 1677, 0, 261.625, 50.77385523081737, 2550001, 0, 436718119.5625, 2698136.6068654205, 52672647.25, 422380.36100970354, 491940767.8125, 2500948.6301570702
30000, 0, 30000, 0, 0, 0, 0, greedy_5.000000, 37781, 374.35978683613973, 1223.75, 84.70574065551874, 93493.09638856251, 4617.533099168794, inf, -nan, 173.4104046242774, 5.684341886080802e-14, 2143.003381004631, 50.06174186471143, 84335.210751, 4731.558160382658, 3152.5642034999996, 206.47316296675902, 0.8474621875, 0.1839334603903062, 2655.8840816875004, 79.20721230167543, 3348.4152231875005, 93.61351930189024, 0.17466700000000002, 0.01203427838509646, 865, 0, 763.9375, 61.849079166548634, 10350001, 0, 400051032.4375, 18149050.587031905, 33447022.0625, 996301.9748777519, 443848055.5, 17257981.20640722, 37254.5625, 293.0616336092973, 704.3125, 53.771180419905235, 85947.69216987501, 5639.337780388279, inf, -nan, 348.83720930232545, 1.1368683772161603e-13, 3121.14525223446, 16.823256673688842, 80960.814773125, 5633.343040482302, 1566.574033375, 104.02869625662414, 0.17089556249999996, 0.008306972161750257, 1477.299899375, 54.05143742348529, 1942.7788338749997, 71.7726457982646, 0.0537345625, 0.003992678830821952, 430, 0, 490.125, 72.26329894905159, 5130001, 0, 424116278.5625, 4516613.681740156, 16204738.3125, 465804.82641294075, 445451017.875, 4367021.562793167, 36671.625, 285.8309979253475, 406, 47.61171074431164, 84526.95137825, 5377.754354947015, inf, -nan, 697.6744186046509, 2.2737367544323206e-13, 4452.664427484341, 14.080255125399102, 81764.94794306249, 5361.588822507926, 841.2286096250001, 78.18287805707857, 0.05208706250000001, 0.009718794308379705, 803.2566263749999, 46.65339643600011, 1117.449469, 37.7571038523677, 0.016643125, 0.002570881971109331, 215, 0, 267.25, 50.891428551377885, 2550001, 0, 436718119.5625, 2698136.6068654205, 8160686.625, 369690.45325969585, 447428807.1875, 2633100.8532794374
30000, 0, 30000, 0, 0, 0, 0, greedy_7.000000, 37768.9375, 376.02218497550115, 1211.6875, 83.6321699093716, 95182.57776575001, 4621.805456609508, inf, -nan, 173.4104046242774, 5.684341886080802e-14, 2143.003381004631, 50.06174186471143, 84335.210751, 4731.558160382658, 3315.126442125, 244.89221807183435, 0.7368896875000001, 0.08048777394402731, 2655.8840816875004, 79.20721230167543, 4875.3285356875, 147.3466704230021, 0.2910655625, 0.018944659095536498, 1211, 0, 763.3125, 61.95433676305477, 10350001, 0, 400051032.4375, 18149050.587031905, 44423547.6875, 1206309.19538233, 454824581.125, 17029317.25523193, 37247, 292.91786391410136, 696.75, 54.24193488436783, 86876.0686585, 5637.063935817741, inf, -nan, 348.83720930232545, 1.1368683772161603e-13, 3121.14525223446, 16.823256673688842, 80960.814773125, 5633.343040482302, 1622.54835625, 105.26376285097044, 0.177812125, 0.015323493820254403, 1477.299899375, 54.05143742348529, 2815.1513449374997, 104.61301007253617, 0.0764726875, 0.005466104070985454, 602, 0, 489.25, 72.3278127693628, 5130001, 0, 424116278.5625, 4516613.681740156, 21515431.8125, 476296.8355153143, 450761711.375, 4340406.0242881775, 36669.3125, 284.5952649707124, 403.6875, 48.661739012801426, 85056.2108304375, 5379.76397145858, inf, -nan, 697.6744186046509, 2.2737367544323206e-13, 4452.664427484341, 14.080255125399102, 81764.94794306249, 5361.588822507926, 860.3119990625001, 78.26886468600549, 0.0457480625, 0.007076555062923889, 803.2566263749999, 46.65339643600011, 1627.6276471875, 54.18985283086892, 0.020866687499999998, 0.0019755504207293086, 301, 0, 266.3125, 50.98739887217233, 2550001, 0, 436718119.5625, 2698136.6068654205, 10779037.25, 371671.63700192067, 450047157.8125, 2625323.5177228684
30000, 0, 30000, 0, 0, 0, 0, greedy_9.000000, 37760.8125, 376.65322558521916, 1203.5625, 84.17984374985498, 96784.0906269375, 4599.788383440054, inf, -nan, 173.4104046242774, 5.684341886080802e-14, 2143.003381004631, 50.06174186471143, 84335.210751, 4731.558160382658, 3463.9877673124993, 275.50695726087224, 0.7699340625, 0.05749615871676641, 2655.8840816875004, 79.20721230167543, 6327.9144183749995, 146.22808264427985, 0.3236745, 0.013770937554320696, 1557, 0, 762.4375, 61.967702020891494, 10350001, 0, 400051032.4375, 18149050.587031905, 55400073.3125, 1422111.9416574913, 465801106.75, 16800655.739821497, 37239.6875, 292.28148221149763, 689.4375, 54.64312485345251, 87782.57823393751, 5635.728193622468, inf, -nan, 348.83720930232545, 1.1368683772161603e-13, 3121.14525223446, 16.823256673688842, 80960.814773125, 5633.343040482302, 1679.070005125, 108.58440819154934, 0.17739581250000003, 0.01663856847139632, 1477.299899375, 54.05143742348529, 3665.1178060624993, 114.46558357199184, 0.09835443750000002, 0.005138078519358549, 774, 0, 488.625, 72.42399032779124, 5130001, 0, 424116278.5625, 4516613.681740156, 26826125.3125, 488031.11519012274, 456072404.875, 4313792.15263244, 36666.4375, 283.97490398581, 400.8125, 50.090192091366546, 85570.44345118749, 5386.51587083413, inf, -nan, 697.6744186046509, 2.2737367544323206e-13, 4452.664427484341, 14.080255125399102, 81764.94794306249, 5361.588822507926, 878.5820183750001, 79.40374719149061, 0.047367437500000005, 0.007944534858699642, 803.2566263749999, 46.65339643600011, 2123.5828461250003, 66.02339498887618, 0.026649812499999998, 0.0031442000417186804, 387, 0, 265.5625, 50.819495213451304, 2550001, 0, 436718119.5625, 2698136.6068654205, 13397387.875, 373807.23925538734, 452665508.4375, 2617546.621117639
30000, 0, 30000, 0, 0, 0, 0, opt, 37710.6875, 377.8410245642339, 1153.4375, 85.2767324288988, 96728.91697856251, 2677.881237980303, inf, -nan, 173.4104046242774, 5.684341886080802e-14, 2143.003381004631, 50.06174186471143, 84335.210751, 4731.558160382658, 9736.764689124999, 2592.1333388909034, 1.0574567500000003, 0.6102599811621786, 2655.8840816875004, 79.20721230167543, 0, 0, 0, 0, 0, 0, 0, 0, 10350001, 0, 400051032.4375, 18149050.587031905, 51705255.3125, 19817378.989885435, 462106288.75, 1681433.5467335046, 37199.75, 288.9295978261833, 649.5, 59.719134287094285, 88158.54761656249, 5327.030559582049, inf, -nan, 348.83720930232545, 1.1368683772161603e-13, 3121.14525223446, 16.823256673688842, 80960.814773125, 5633.343040482302, 5720.2568725, 802.8779528708907, 0.1760715625, 0.015625527282978124, 1477.299899375, 54.05143742348529, 0, 0, 0, 0, 0, 0, 0, 0, 5130001, 0, 424116278.5625, 4516613.681740156, 26261733.375, 4654407.738990494, 455508012.9375, 141544.1235536064, 36641.6875, 280.8408621332551, 376.0625, 52.92857067548679, 85775.22609750001, 5201.028405683193, inf, -nan, 697.6744186046509, 2.2737367544323206e-13, 4452.664427484341, 14.080255125399102, 81764.94794306249, 5361.588822507926, 3206.9700269375, 580.9169759100456, 0.051501125, 0.01223263565158282, 803.2566263749999, 46.65339643600011, 0, 0, 0, 0, 0, 0, 0, 0, 2550001, 0, 436718119.5625, 2698136.6068654205, 13367761.125, 2733921.7636959474, 452635881.6875, 38055.16859067693
30000, 0, 30000, 0, 0, 0, 0, plus_edge, 37860.6875, 377.5981194918084, 1303.4375, 82.14086129174687, 88436.59661668749, 4726.582878824122, inf, -nan, 173.4104046242774, 5.684341886080802e-14, 2143.003381004631, 50.06174186471143, 84335.210751, 4731.558160382658, 1444.376731625, 47.35559615893416, 1.1250523749999999, 0.7571815402553632, 2655.8840816875004, 79.20721230167543, 0, 0, 0, 0, 0, 0, 0, 0, 10350001, 0, 400051032.4375, 18149050.587031905, 5484768.25, 112935.62139970498, 415885801.6875, 18036138.661463678, 37302.8125, 292.01310303435014, 752.5625, 52.60462046008887, 83170.96269462499, 5667.762161119093, inf, -nan, 348.83720930232545, 1.1368683772161603e-13, 3121.14525223446, 16.823256673688842, 80960.814773125, 5633.343040482302, 732.6903225, 32.22463568697077, 0.157699625, 0.0070066818722827, 1477.299899375, 54.05143742348529, 0, 0, 0, 0, 0, 0, 0, 0, 5130001, 0, 424116278.5625, 4516613.681740156, 2629692.8125, 12582.511296531537, 431875972.375, 4504145.760909995, 36696.9375, 282.1042512862045, 431.3125, 48.00614381253716, 82953.76451874999, 5386.02383865315, inf, -nan, 697.6744186046509, 2.2737367544323206e-13, 4452.664427484341, 14.080255125399102, 81764.94794306249, 5361.588822507926, 385.513512125, 21.054245263197178, 0.0464371875, 0.005348533761914917, 803.2566263749999, 46.65339643600011, 0, 0, 0, 0, 0, 0, 0, 0, 2550001, 0, 436718119.5625, 2698136.6068654205, 1279582.5, 3703.94104299731, 440547703.0625, 2694621.23499128
30000, 0, 30000, 0, 0, 0, 0, simple, 37939.5625, 383.27502670243206, 1382.3125, 76.42211619518267, 88421.2817106875, 4734.138262258375, inf, -nan, 173.4104046242774, 5.684341886080802e-14, 2143.003381004631, 50.06174186471143, 84335.210751, 4731.558160382658, 1429.4256670000002, 47.58459381337648, 0.7612110000000001, 0.13454101762427326, 2655.8840816875004, 79.20721230167543, 0, 0, 0, 0, 0, 0, 0, 0, 10350001, 0, 400051032.4375, 18149050.587031905, 5455184.25, 112935.62139970498, 415856217.6875, 18036138.661463678, 37338.3125, 294.3273515046639, 788.0625, 49.713515202105754, 83168.8455143125, 5666.302528876464, inf, -nan, 348.83720930232545, 1.1368683772161603e-13, 3121.14525223446, 16.823256673688842, 80960.814773125, 5633.343040482302, 730.5545128125001, 29.60686876708048, 0.176329, 0.022858606472727076, 1477.299899375, 54.05143742348529, 0, 0, 0, 0, 0, 0, 0, 0, 5130001, 0, 424116278.5625, 4516613.681740156, 2622467.8125, 12582.511296531537, 431868747.375, 4504145.760909995, 36715.8125, 280.65909453240596, 450.1875, 48.21983351018541, 82950.51711368749, 5386.19873174089, inf, -nan, 697.6744186046509, 2.2737367544323206e-13, 4452.664427484341, 14.080255125399102, 81764.94794306249, 5361.588822507926, 382.26520775, 22.153910600416104, 0.0473365, 0.004902891391821769, 803.2566263749999, 46.65339643600011, 0, 0, 0, 0, 0, 0, 0, 0, 2550001, 0, 436718119.5625, 2698136.6068654205, 1277818.5, 3703.94104299731, 440545939.0625, 2694621.23499128
