N_mu, N_sigma, N, MST_Cost_mu, MST_Cost_sigma, MST_Runtime_mu, MST_Runtime_sigma, RunType, C173_MFC_Cost_mu, C173_MFC_Cost_sigma, C173_MFC_Completion_Cost_mu, C173_MFC_Completion_Cost_sigma, C173_MFC_Runtime_mu, C173_MFC_Runtime_sigma, C173_Gamma_mu, C173_Gamma_sigma, C173_Cluster_Size_Mu_mu, C173_Cluster_Size_Mu_sigma, C173_Cluster_Size_Sigma_mu, C173_Cluster_Size_Sigma_sigma, C173_Sub_Clustering_Runtime_mu, C173_Sub_Clustering_Runtime_sigma, C173_Completion_Edges_Runtime_mu, C173_Completion_Edges_Runtime_sigma, C173_Completion_Runtime_mu, C173_Completion_Runtime_sigma, C173_Clustering_Runtime_mu, C173_Clustering_Runtime_sigma, C173_Find_Reps_Runtime_mu, C173_Find_Reps_Runtime_sigma, C173_Pick_Reps_Runtime_mu, C173_Pick_Reps_Runtime_sigma, C173_Rep_Count_mu, C173_Rep_Count_sigma, C173_Reps_Cost_mu, C173_Reps_Cost_sigma, C173_Clustering_Dist_Calls_mu, C173_Clustering_Dist_Calls_sigma, C173_Sub_Clustering_Dist_Calls_mu, C173_Sub_Clustering_Dist_Calls_sigma, C173_MFC_Dist_Calls_mu, C173_MFC_Dist_Calls_sigma, C173_Dist_Calls_mu, C173_Dist_Calls_sigma, C86_MFC_Cost_mu, C86_MFC_Cost_sigma, C86_MFC_Completion_Cost_mu, C86_MFC_Completion_Cost_sigma, C86_MFC_Runtime_mu, C86_MFC_Runtime_sigma, C86_Gamma_mu, C86_Gamma_sigma, C86_Cluster_Size_Mu_mu, C86_Cluster_Size_Mu_sigma, C86_Cluster_Size_Sigma_mu, C86_Cluster_Size_Sigma_sigma, C86_Sub_Clustering_Runtime_mu, C86_Sub_Clustering_Runtime_sigma, C86_Completion_Edges_Runtime_mu, C86_Completion_Edges_Runtime_sigma, C86_Completion_Runtime_mu, C86_Completion_Runtime_sigma, C86_Clustering_Runtime_mu, C86_Clustering_Runtime_sigma, C86_Find_Reps_Runtime_mu, C86_Find_Reps_Runtime_sigma, C86_Pick_Reps_Runtime_mu, C86_Pick_Reps_Runtime_sigma, C86_Rep_Count_mu, C86_Rep_Count_sigma, C86_Reps_Cost_mu, C86_Reps_Cost_sigma, C86_Clustering_Dist_Calls_mu, C86_Clustering_Dist_Calls_sigma, C86_Sub_Clustering_Dist_Calls_mu, C86_Sub_Clustering_Dist_Calls_sigma, C86_MFC_Dist_Calls_mu, C86_MFC_Dist_Calls_sigma, C86_Dist_Calls_mu, C86_Dist_Calls_sigma, C43_MFC_Cost_mu, C43_MFC_Cost_sigma, C43_MFC_Completion_Cost_mu, C43_MFC_Completion_Cost_sigma, C43_MFC_Runtime_mu, C43_MFC_Runtime_sigma, C43_Gamma_mu, C43_Gamma_sigma, C43_Cluster_Size_Mu_mu, C43_Cluster_Size_Mu_sigma, C43_Cluster_Size_Sigma_mu, C43_Cluster_Size_Sigma_sigma, C43_Sub_Clustering_Runtime_mu, C43_Sub_Clustering_Runtime_sigma, C43_Completion_Edges_Runtime_mu, C43_Completion_Edges_Runtime_sigma, C43_Completion_Runtime_mu, C43_Completion_Runtime_sigma, C43_Clustering_Runtime_mu, C43_Clustering_Runtime_sigma, C43_Find_Reps_Runtime_mu, C43_Find_Reps_Runtime_sigma, C43_Pick_Reps_Runtime_mu, C43_Pick_Reps_Runtime_sigma, C43_Rep_Count_mu, C43_Rep_Count_sigma, C43_Reps_Cost_mu, C43_Reps_Cost_sigma, C43_Clustering_Dist_Calls_mu, C43_Clustering_Dist_Calls_sigma, C43_Sub_Clustering_Dist_Calls_mu, C43_Sub_Clustering_Dist_Calls_sigma, C43_MFC_Dist_Calls_mu, C43_MFC_Dist_Calls_sigma, C43_Dist_Calls_mu, C43_Dist_Calls_sigma
30000, 0, 30000, 0, 0, 0, 0, dp_1.000000, 1004369.9375, 11936.84684846018, 27586.375, 867.3228115154127, 270127.6079853125, 81018.5907086334, inf, -nan, 173.4104046242774, 5.684341886080802e-14, 661.4864781135202, 141.89634498333072, 185712.9807425625, 83435.88290002568, 40093.261689625004, 2740.7143443007294, 1.4855509375, 0.06395233700036765, 44176.997017125, 833.8480672252902, 142.871373125, 6.440727169171602, 0.011611937499999999, 0.0006841040188405196, 173, 0, 0, 0, 10350001, 0, 42177113.8125, 18188070.57113488, 9390230.25, 657761.1107092282, 61917345.0625, 17586443.01161405, 1008617.125, 14079.682799494278, 14315.5, 997.5218669282393, 378628.9585616875, 136260.36115196266, inf, -nan, 348.83720930232545, 1.1368683772161603e-13, 1269.3160845437528, 265.94343061099926, 338182.242952, 137804.11660291287, 18620.486556187498, 1776.6762883277881, 0.37869143749999984, 0.026538639099360266, 21679.0881040625, 57.93941217828739, 146.75450918750002, 6.344457335130772, 0.0077488125, 0.0008076590569935743, 86, 0, 0, 0, 5130001, 0, 77538795.0625, 30580089.054212738, 4336021.3125, 395693.7929860852, 87004817.375, 30233178.76528815, 990225.5625, 24077.9648926377, 7701.25, 861.6405500555321, 606354.0434645, 227282.811093276, inf, -nan, 697.6744186046509, 2.2737367544323206e-13, 2331.2040063093664, 502.2924817008659, 587032.3433151251, 228281.10455234945, 8320.009258687502, 1167.9866850550175, 0.08123168750000001, 0.012478369578588534, 10847.1154358125, 138.78781204247144, 154.488929625, 26.808805173175433, 0.005293562499999999, 0.0010916671292540369, 43, 0, 0, 0, 2550001, 0, 132716528.1875, 50287890.44263363, 1934743, 251834.6534424919, 137201272.1875, 50070263.50744963
30000, 0, 30000, 0, 0, 0, 0, dp_11.000000, 996662.1875, 11995.07887228524, 19878.625, 1022.652425985975, 860468.4605044997, 59245.874664069626, inf, -nan, 173.4104046242774, 5.684341886080802e-14, 661.4864781135202, 141.89634498333072, 185712.9807425625, 83435.88290002568, 416165.7602140626, 28586.76489915408, 1.5052013125, 0.07058608289680655, 44176.997017125, 833.8480672252902, 214248.13941250002, 1502.9868066645508, 163.0779169375, 0.7568618279996248, 1903, 0, 10993, 594.4400726734361, 10350001, 0, 42177113.8125, 18188070.57113488, 154975855.75, 7206463.727747988, 207502970.5625, 11897489.81985621, 1004326.625, 14090.270192915927, 10025, 915.1488266943252, 659843.2643815, 123596.35666363957, inf, -nan, 348.83720930232545, 1.1368683772161603e-13, 1269.3160845437528, 265.94343061099926, 338182.242952, 137804.11660291287, 191892.48072118754, 17622.949808131103, 0.4149868125, 0.062129111106649065, 21679.0881040625, 57.93941217828739, 108069.693029, 1069.5671864981, 19.344588437499997, 0.1695771713866462, 946, 0, 8468.9375, 819.5315330075774, 5130001, 0, 77538795.0625, 30580089.054212738, 73388676.3125, 4398384.381388746, 156057472.375, 26737132.767892618, 987819.375, 24028.348918191925, 5295.0625, 730.0930992645732, 738242.7910804375, 219633.45542694896, inf, -nan, 697.6744186046509, 2.2737367544323206e-13, 2331.2040063093664, 502.2924817008659, 587032.3433151251, 228281.10455234945, 84756.2164531875, 10984.734797302297, 0.111075125, 0.024875543139484913, 10847.1154358125, 138.78781204247144, 55604.472667937494, 1348.5168124245076, 2.5321332500000002, 0.08733982958715057, 473, 0, 5155.3125, 695.3902428448, 2550001, 0, 132716528.1875, 50287890.44263363, 33937175.875, 2695591.4619940296, 169203705.0625, 47973557.17732058
30000, 0, 30000, 0, 0, 0, 0, dp_13.000000, 996513.5625, 11978.994985853102, 19730, 1012.2494751789205, 977658.1730667499, 55869.53469689314, inf, -nan, 173.4104046242774, 5.684341886080802e-14, 661.4864781135202, 141.89634498333072, 185712.9807425625, 83435.88290002568, 489590.7114101876, 34273.11286485616, 1.4663755, 0.07273433944413742, 44176.997017125, 833.8480672252902, 257946.74161812494, 3365.266864768017, 229.27590325000003, 0.564933857661729, 2249, 0, 9480.1875, 561.9894592817111, 10350001, 0, 42177113.8125, 18188070.57113488, 184025880.875, 8554650.323615847, 236552995.6875, 10836607.29704908, 1004244.125, 14108.949357920845, 9942.5, 910.3837103112072, 716588.6249881875, 120373.24899686484, inf, -nan, 348.83720930232545, 1.1368683772161603e-13, 1269.3160845437528, 265.94343061099926, 338182.242952, 137804.11660291287, 226575.1286560625, 21017.738128008215, 0.39835881249999994, 0.015521299217602364, 21679.0881040625, 57.93941217828739, 130124.5780143125, 1203.0369659824812, 27.1889029375, 0.13379080430819443, 1118, 0, 7630.75, 775.41638008234, 5130001, 0, 77538795.0625, 30580089.054212738, 87225134.75, 5193754.256962545, 169893930.8125, 26076019.65322101, 987758.625, 24021.319119365093, 5234.3125, 741.4621297434886, 764120.1817455624, 217575.6401697093, inf, -nan, 697.6744186046509, 2.2737367544323206e-13, 2331.2040063093664, 502.2924817008659, 587032.3433151251, 228281.10455234945, 100236.5483143125, 12982.38941513491, 0.1062911875, 0.0118980272325854, 10847.1154358125, 138.78781204247144, 66000.509480125, 638.4855963380794, 3.558909, 0.09050560693611749, 559, 0, 4774.3125, 696.2932857953967, 2550001, 0, 132716528.1875, 50287890.44263363, 40377896.6875, 3211159.494911918, 175644425.875, 47526592.25933257
30000, 0, 30000, 0, 0, 0, 0, dp_15.000000, 996419.75, 11991.220358558174, 19636.1875, 1010.4867155701504, 1095876.9362828124, 50684.975216406914, inf, -nan, 173.4104046242774, 5.684341886080802e-14, 661.4864781135202, 141.89634498333072, 185712.9807425625, 83435.88290002568, 565305.265729, 40287.751181617175, 1.5288469375, 0.08898015852246835, 44176.997017125, 833.8480672252902, 300371.8119591249, 2196.0509320148376, 308.3519880625, 0.441277864222402, 2595, 0, 8249.125, 541.9340221604472, 10350001, 0, 42177113.8125, 18188070.57113488, 213085269.125, 9885981.832055755, 265612383.9375, 9871545.528307151, 1004171.375, 14110.335138981462, 9869.75, 888.4572654326149, 772665.690111375, 117147.02956516533, inf, -nan, 348.83720930232545, 1.1368683772161603e-13, 1269.3160845437528, 265.94343061099926, 338182.242952, 137804.11660291287, 261205.46884949997, 24401.336405629045, 0.41634562500000005, 0.08452808866131054, 21679.0881040625, 57.93941217828739, 151561.6832389375, 1122.341270974264, 36.79062125000001, 0.5250469094729179, 1290, 0, 6929.625, 743.9249689148766, 5130001, 0, 77538795.0625, 30580089.054212738, 100976227.6875, 6072618.909082646, 183645023.75, 25325515.529219076, 987713.25, 24003.81620050237, 5188.9375, 741.3118834834297, 790522.9601803125, 215671.55558299652, inf, -nan, 697.6744186046509, 2.2737367544323206e-13, 2331.2040063093664, 502.2924817008659, 587032.3433151251, 228281.10455234945, 115358.108699875, 15043.866964181554, 0.1036005, 0.0035593815649632168, 10847.1154358125, 138.78781204247144, 77280.55970000001, 1803.9387852286598, 4.729428999999999, 0.0757073149363718, 645, 0, 4455.75, 688.1308469324712, 2550001, 0, 132716528.1875, 50287890.44263363, 46772287.25, 3698465.9314827328, 182038816.4375, 47121665.21793133
30000, 0, 30000, 0, 0, 0, 0, dp_17.000000, 996347.125, 11971.912544968536, 19563.5625, 1006.9830540251162, 1215492.0821118748, 47280.56982659381, inf, -nan, 173.4104046242774, 5.684341886080802e-14, 661.4864781135202, 141.89634498333072, 185712.9807425625, 83435.88290002568, 641294.6158258124, 45313.233548748896, 1.5340638125, 0.0869185042814667, 44176.997017125, 833.8480672252902, 343906.94807987503, 3675.1862255879228, 399.0063826875, 0.7917214700301559, 2941, 0, 7228.75, 516.0581968150492, 10350001, 0, 42177113.8125, 18188070.57113488, 242172620.9375, 11201449.024942845, 294699735.75, 9050470.027871683, 1004114.25, 14093.169566761766, 9812.625, 871.7688107376863, 828716.515741, 115117.78230001013, inf, -nan, 348.83720930232545, 1.1368683772161603e-13, 1269.3160845437528, 265.94343061099926, 338182.242952, 137804.11660291287, 296050.944727875, 27715.99238024236, 0.45126006250000006, 0.19973572425253225, 21679.0881040625, 57.93941217828739, 172756.092627, 1330.2491131480438, 47.696070000000006, 0.549007053933622, 1462, 0, 6326.6875, 717.3138015148949, 5130001, 0, 77538795.0625, 30580089.054212738, 114786375.375, 6843759.054511059, 197455171.4375, 24693468.830472704, 987677.25, 23996.694138203704, 5152.9375, 750.3720301248908, 816687.1386701876, 213988.72181394298, inf, -nan, 697.6744186046509, 2.2737367544323206e-13, 2331.2040063093664, 502.2924817008659, 587032.3433151251, 228281.10455234945, 130773.80202268748, 17328.887248164065, 0.11059912499999998, 0.022524865562515022, 10847.1154358125, 138.78781204247144, 88027.72239912499, 1017.3682300404789, 6.044898312500001, 0.10903002750602624, 731, 0, 4177.9375, 683.1408592623852, 2550001, 0, 132716528.1875, 50287890.44263363, 53179738.625, 4269062.299267762, 188446267.8125, 46626492.793840684
30000, 0, 30000, 0, 0, 0, 0, dp_19.000000, 996292.375, 11978.313022265489, 19508.8125, 1010.5102806719732, 1333004.1411140624, 43236.06414652283, inf, -nan, 173.4104046242774, 5.684341886080802e-14, 661.4864781135202, 141.89634498333072, 185712.9807425625, 83435.88290002568, 715696.336710875, 50925.75105402123, 1.5322709375, 0.08979334380013138, 44176.997017125, 833.8480672252902, 386915.87661112496, 2052.8122465745114, 500.4177614375, 0.5113627480688182, 3287, 0, 6379.5625, 483.3963136948295, 10350001, 0, 42177113.8125, 18188070.57113488, 271279778.5, 12582010.593702154, 323806893.3125, 8270097.9490658, 1004066.9375, 14102.814823062585, 9765.3125, 880.308022707819, 884884.502334, 111995.5167498666, inf, -nan, 348.83720930232545, 1.1368683772161603e-13, 1269.3160845437528, 265.94343061099926, 338182.242952, 137804.11660291287, 330192.7305618751, 30992.11741687126, 0.39824968749999995, 0.02566571303490016, 21679.0881040625, 57.93941217828739, 194769.9454973125, 1663.9028208558843, 60.09696906250001, 0.6797601826989675, 1634, 0, 5802.0625, 693.8208944632253, 5130001, 0, 77538795.0625, 30580089.054212738, 128576053.375, 7658275.723392145, 211244849.4375, 24054371.82743323, 987640.125, 23999.296215917977, 5115.8125, 745.1648491063906, 843058.19790375, 212434.45209643498, inf, -nan, 697.6744186046509, 2.2737367544323206e-13, 2331.2040063093664, 502.2924817008659, 587032.3433151251, 228281.10455234945, 146153.8493548125, 19298.41568314586, 0.11865181250000001, 0.027591539722845185, 10847.1154358125, 138.78781204247144, 99017.2697156875, 1177.5040141718935, 7.501430500000001, 0.13776568757132532, 817, 0, 3934.0625, 682.565699104306, 2550001, 0, 132716528.1875, 50287890.44263363, 59589249.25, 4809458.359341368, 194855778.4375, 46166711.667480074
30000, 0, 30000, 0, 0, 0, 0, dp_21.000000, 996250.4375, 11976.382816656027, 19466.875, 1010.3146709689016, 1452083.4362012502, 41195.38904868329, inf, -nan, 173.4104046242774, 5.684341886080802e-14, 661.4864781135202, 141.89634498333072, 185712.9807425625, 83435.88290002568, 790391.0613899999, 54427.0385919007, 1.531115625, 0.07650820062898078, 44176.997017125, 833.8480672252902, 431187.5822795, 9714.170585101376, 613.2836564375001, 0.5434562400169722, 3633, 0, 5665.375, 460.5117907013891, 10350001, 0, 42177113.8125, 18188070.57113488, 300269778.75, 13857125.370031515, 352796893.5625, 7737982.054955566, 1004027.875, 14104.424850357245, 9726.25, 878.404555145293, 941956.9868638751, 109448.69694958502, inf, -nan, 348.83720930232545, 1.1368683772161603e-13, 1269.3160845437528, 265.94343061099926, 338182.242952, 137804.11660291287, 364790.5039700625, 34050.27964166587, 0.3983919375, 0.012775886424573196, 21679.0881040625, 57.93941217828739, 217230.9602481875, 3857.9959886405845, 73.79319762499999, 0.6245094169325918, 1806, 0, 5339.5625, 671.6107474525329, 5130001, 0, 77538795.0625, 30580089.054212738, 142339990.6875, 8482678.770979341, 225008786.75, 23415940.629295994, 987622.25, 23997.86434378068, 5097.9375, 742.7742312397153, 869252.31710175, 210497.54058458202, inf, -nan, 697.6744186046509, 2.2737367544323206e-13, 2331.2040063093664, 502.2924817008659, 587032.3433151251, 228281.10455234945, 161453.0816399375, 21761.710073874954, 0.10732550000000002, 0.014850902123271836, 10847.1154358125, 138.78781204247144, 109910.485547, 1162.7007314400246, 9.183838375, 0.19644084313186833, 903, 0, 3716, 677.551289571498, 2550001, 0, 132716528.1875, 50287890.44263363, 65971162.125, 5356997.464017388, 201237691.3125, 45707671.17421517
30000, 0, 30000, 0, 0, 0, 0, dp_23.000000, 996214.9375, 11980.751815249065, 19431.375, 1006.9994957173514, 1568702.356517875, 39531.89568511856, inf, -nan, 173.4104046242774, 5.684341886080802e-14, 661.4864781135202, 141.89634498333072, 185712.9807425625, 83435.88290002568, 865455.4142579373, 60761.777714376905, 1.4982579375, 0.02593234469602767, 44176.997017125, 833.8480672252902, 472618.23541706253, 3353.802197523378, 737.23082525, 0.6596496104686392, 3979, 0, 5044.75, 437.0116560230402, 10350001, 0, 42177113.8125, 18188070.57113488, 329221632.0625, 15226738.123796498, 381748746.875, 7343861.104537234, 1003994.0625, 14109.496657698097, 9692.4375, 888.4383046074444, 997166.2967816875, 105906.23511314028, inf, -nan, 348.83720930232545, 1.1368683772161603e-13, 1269.3160845437528, 265.94343061099926, 338182.242952, 137804.11660291287, 399728.58889718755, 38289.68063072152, 0.4103074374999999, 0.06160225410848287, 21679.0881040625, 57.93941217828739, 237486.80632187496, 1457.7413716784852, 89.16019912499999, 0.6894249168312215, 1978, 0, 4930, 646.1958874830449, 5130001, 0, 77538795.0625, 30580089.054212738, 156124629.9375, 9257216.284304332, 238793426, 22765007.469525486, 987612.25, 23998.630404931446, 5087.9375, 741.089777688068, 895861.2166498125, 208484.90034673727, inf, -nan, 697.6744186046509, 2.2737367544323206e-13, 2331.2040063093664, 502.2924817008659, 587032.3433151251, 228281.10455234945, 177068.332804625, 23621.92524887625, 0.10961856250000002, 0.01611585187000966, 10847.1154358125, 138.78781204247144, 120902.2216694375, 1457.255945392773, 11.093806250000002, 0.360794147881361, 989, 0, 3519.125, 670.8442325719138, 2550001, 0, 132716528.1875, 50287890.44263363, 72393300.125, 5861433.6031325115, 207659829.3125, 45277877.82042818
30000, 0, 30000, 0, 0, 0, 0, dp_25.000000, 996191.125, 11981.340831032852, 19407.5625, 1001.398582530328, 1688351.0050395622, 35767.473471036144, inf, -nan, 173.4104046242774, 5.684341886080802e-14, 661.4864781135202, 141.89634498333072, 185712.9807425625, 83435.88290002568, 941687.1498125, 67116.88964275994, 1.5179484375, 0.11412611141680547, 44176.997017125, 833.8480672252902, 515896.3375186875, 2900.4768354219423, 876.02200025, 0.9488835986271853, 4325, 0, 4509.6875, 417.0488159001893, 10350001, 0, 42177113.8125, 18188070.57113488, 358280022.75, 16504630.414023096, 410807137.5625, 7188139.835664614, 1003974.1875, 14103.596027337984, 9672.5625, 885.8282825095109, 1053581.166534, 105081.13042736592, inf, -nan, 348.83720930232545, 1.1368683772161603e-13, 1269.3160845437528, 265.94343061099926, 338182.242952, 137804.11660291287, 434732.0232511876, 40813.60260403, 0.42229674999999994, 0.05868209679653155, 21679.0881040625, 57.93941217828739, 258881.12887000002, 1974.8979789460334, 106.26105999999997, 0.9527013002323974, 2150, 0, 4566.875, 619.0540036014629, 5130001, 0, 77538795.0625, 30580089.054212738, 169832934.6875, 10108408.52411789, 252501730.75, 22186455.0681565, 987601.5625, 23997.379359444516, 5077.25, 747.8874831817952, 922122.092721625, 207113.19193874227, inf, -nan, 697.6744186046509, 2.2737367544323206e-13, 2331.2040063093664, 502.2924817008659, 587032.3433151251, 228281.10455234945, 192339.9353383125, 25681.120955569946, 0.112184625, 0.02754266778762316, 10847.1154358125, 138.78781204247144, 131889.5715985625, 1317.9003044056274, 13.0148491875, 0.2470042811474173, 1075, 0, 3339, 660.731129128937, 2550001, 0, 132716528.1875, 50287890.44263363, 78796522.1875, 6420918.577770368, 214063051.375, 44794215.439290054
30000, 0, 30000, 0, 0, 0, 0, dp_27.000000, 996175.3125, 11980.147503885073, 19391.75, 1005.3247298758745, 1829836.431227375, 97428.51502294168, inf, -nan, 173.4104046242774, 5.684341886080802e-14, 661.4864781135202, 141.89634498333072, 185712.9807425625, 83435.88290002568, 1040801.7594908124, 121620.55752368817, 1.5479173125, 0.09877371994596966, 44176.997017125, 833.8480672252902, 558123.5775817501, 4477.815665398957, 1019.5684778125, 1.112924221475246, 4671, 0, 4041.5625, 395.3340310342002, 10350001, 0, 42177113.8125, 18188070.57113488, 387235790, 17811284.434345484, 439762904.8125, 7290657.776072105, 1003955.4375, 14102.63361915404, 9653.8125, 889.4455589544252, 1109439.3860969373, 102522.34342802904, inf, -nan, 348.83720930232545, 1.1368683772161603e-13, 1269.3160845437528, 265.94343061099926, 338182.242952, 137804.11660291287, 468491.89791481243, 43584.25083667154, 0.44078581250000004, 0.09747892824363297, 21679.0881040625, 57.93941217828739, 280961.6747869375, 1850.1724579621368, 124.04155331249999, 0.8364061597514763, 2322, 0, 4239.5, 596.5305943537179, 5130001, 0, 77538795.0625, 30580089.054212738, 183589941.5, 10926129.792770986, 266258737.5625, 21612758.990588866, 987593.375, 23994.311836024284, 5069.0625, 749.9706218204484, 948981.8871083122, 205558.1895406229, inf, -nan, 697.6744186046509, 2.2737367544323206e-13, 2331.2040063093664, 502.2924817008659, 587032.3433151251, 228281.10455234945, 207560.04314575, 27886.244375571816, 0.10504318750000001, 0.005088723848111996, 10847.1154358125, 138.78781204247144, 143527.125207875, 3108.8959937554873, 15.154960562499998, 0.12505279360082724, 1161, 0, 3174.25, 650.8661056622936, 2550001, 0, 132716528.1875, 50287890.44263363, 85159253.3125, 6913908.2438352555, 220425782.5, 44420480.42168305
30000, 0, 30000, 0, 0, 0, 0, dp_29.000000, 996154.1875, 11979.009126482197, 19370.625, 1005.2326767345957, 1923910.3078673747, 35586.43201453518, inf, -nan, 173.4104046242774, 5.684341886080802e-14, 661.4864781135202, 141.89634498333072, 185712.9807425625, 83435.88290002568, 1091576.2035193748, 74920.59208010754, 1.5358157499999996, 0.09185924598638673, 44176.997017125, 833.8480672252902, 601265.182458625, 4419.537559579362, 1177.4083139375, 1.2896711574817854, 5017, 0, 3624.9375, 376.0173647502865, 10350001, 0, 42177113.8125, 18188070.57113488, 416177514.1875, 18956665.90827905, 468704629, 7485428.852340166, 1003937.3125, 14101.996240420849, 9635.6875, 893.7458894136241, 1164913.7450039375, 100059.65304504351, inf, -nan, 348.83720930232545, 1.1368683772161603e-13, 1269.3160845437528, 265.94343061099926, 338182.242952, 137804.11660291287, 502733.50966150005, 47930.52264333033, 0.4035623125, 0.007548743345076967, 21679.0881040625, 57.93941217828739, 302175.3989888125, 2473.965475815891, 143.10173525, 0.4391170234489753, 2494, 0, 3945.4375, 576.335185542016, 5130001, 0, 77538795.0625, 30580089.054212738, 197347230.9375, 11733688.433459237, 280016027, 21066346.92814926, 987582.1875, 23989.847050936856, 5057.875, 751.8819617300311, 975384.3467686876, 205704.70840190636, inf, -nan, 697.6744186046509, 2.2737367544323206e-13, 2331.2040063093664, 502.2924817008659, 587032.3433151251, 228281.10455234945, 222843.7778315, 29428.054684719937, 0.1013399375, 0.007551441430852374, 10847.1154358125, 138.78781204247144, 154643.5123725625, 4208.194848056747, 17.496473750000003, 0.24537974800818915, 1247, 0, 3023, 642.6358805731282, 2550001, 0, 132716528.1875, 50287890.44263363, 91569753.9375, 7352300.617488782, 226836283.125, 44055327.39485811
30000, 0, 30000, 0, 0, 0, 0, dp_3.000000, 999416.4375, 11949.727062619202, 22632.875, 947.2098417853354, 388158.2035825, 76583.19268178505, inf, -nan, 173.4104046242774, 5.684341886080802e-14, 661.4864781135202, 141.89634498333072, 185712.9807425625, 83435.88290002568, 115112.0236679375, 7944.113348713355, 1.509417375, 0.08810564432960226, 44176.997017125, 833.8480672252902, 43146.0837133125, 327.77218859293333, 8.6090241875, 0.05414648627706464, 519, 0, 25113.9375, 951.0358476912161, 10350001, 0, 42177113.8125, 18188070.57113488, 38515733.125, 1992468.8980638718, 91042847.9375, 16388296.883328166, 1005804.6875, 14118.554085487782, 11503.0625, 929.8853066877388, 434952.56029412494, 133650.6192910699, inf, -nan, 348.83720930232545, 1.1368683772161603e-13, 1269.3160845437528, 265.94343061099926, 338182.242952, 137804.11660291287, 53267.02217231251, 4885.577507496455, 0.40792362499999996, 0.046776729065950894, 21679.0881040625, 57.93941217828739, 21822.669990562496, 227.40935766153933, 1.1291515625, 0.08700921090893823, 258, 0, 15446.6875, 974.4218618461667, 5130001, 0, 77538795.0625, 30580089.054212738, 18143116.625, 1170663.9555341487, 100811912.6875, 29550936.02671458, 988647.125, 24041.190457408196, 6122.8125, 740.10659863546, 632588.0630203126, 225810.2904936065, inf, -nan, 697.6744186046509, 2.2737367544323206e-13, 2331.2040063093664, 502.2924817008659, 587032.3433151251, 228281.10455234945, 23583.5445121875, 2944.8253674441326, 0.106261125, 0.005946867924325796, 10847.1154358125, 138.78781204247144, 11124.773084562501, 134.4997959306653, 0.1804115, 0.021799294145682793, 129, 0, 8597.6875, 671.6845166026607, 2550001, 0, 132716528.1875, 50287890.44263363, 8330815.1875, 699264.4731226715, 143597344.375, 49683814.250793576
30000, 0, 30000, 0, 0, 0, 0, dp_31.000000, 996132.9375, 11976.932638768314, 19349.375, 1004.259545324315, 2041219.5065188748, 36864.61463885129, inf, -nan, 173.4104046242774, 5.684341886080802e-14, 661.4864781135202, 141.89634498333072, 185712.9807425625, 83435.88290002568, 1164825.2658941876, 80095.40126051096, 1.4993511875, 0.047016355165275636, 44176.997017125, 833.8480672252902, 645156.3809461877, 5047.261822329232, 1346.382567625, 1.7202580081842604, 5363, 0, 3257.9375, 360.20471067679, 10350001, 0, 42177113.8125, 18188070.57113488, 445010814.4375, 20313028.177094605, 497537929.25, 8011672.91132024, 1003926.8125, 14104.102187921915, 9625.1875, 893.7077415708952, 1220995.5158553123, 98426.10180190255, inf, -nan, 348.83720930232545, 1.1368683772161603e-13, 1269.3160845437528, 265.94343061099926, 338182.242952, 137804.11660291287, 537359.352934625, 50640.48963970951, 0.40216587499999995, 0.01779275318730564, 21679.0881040625, 57.93941217828739, 323610.03222206247, 1731.7724686334873, 164.39747668750005, 1.7665234539049308, 2666, 0, 3679, 555.2900143168432, 5130001, 0, 77538795.0625, 30580089.054212738, 211113851.9375, 12518248.931661641, 293782648, 20546136.355039008, 987574.4375, 23987.458850847328, 5050.125, 753.4816582870482, 1001595.8538111877, 202122.69089140004, inf, -nan, 697.6744186046509, 2.2737367544323206e-13, 2331.2040063093664, 502.2924817008659, 587032.3433151251, 228281.10455234945, 238633.18404443745, 31797.143918623882, 0.1110701875, 0.020388442547858918, 10847.1154358125, 138.78781204247144, 165063.1361918125, 1671.7772583393487, 19.963753812500002, 0.1851844951160934, 1333, 0, 2883.4375, 635.0916241722528, 2550001, 0, 132716528.1875, 50287890.44263363, 97983357.0625, 7920056.000856216, 233249886.25, 43585929.90754451
30000, 0, 30000, 0, 0, 0, 0, dp_33.000000, 996116.9375, 11977.967901885268, 19333.375, 1005.2742707216772, 2161705.3773644376, 37675.38025342404, inf, -nan, 173.4104046242774, 5.684341886080802e-14, 661.4864781135202, 141.89634498333072, 185712.9807425625, 83435.88290002568, 1241989.6078835002, 85840.6577552022, 1.5144311249999998, 0.07827941549976199, 44176.997017125, 833.8480672252902, 688297.0476486874, 8363.93083456252, 1527.2296414374998, 1.9819411537759983, 5709, 0, 2932.5, 343.719907773757, 10350001, 0, 42177113.8125, 18188070.57113488, 474066771.25, 21673377.888655603, 526593886.0625, 8778847.757335588, 1003911.125, 14106.580192746043, 9609.5, 900.4377407683443, 1280330.6268039374, 96431.57782443761, inf, -nan, 348.83720930232545, 1.1368683772161603e-13, 1269.3160845437528, 265.94343061099926, 338182.242952, 137804.11660291287, 572813.4010588125, 54719.50673525828, 0.42648987499999996, 0.06064280412472179, 21679.0881040625, 57.93941217828739, 347469.41693906253, 5103.192165235986, 186.05126012499997, 0.9301500618328243, 2838, 0, 3437.25, 533.9313509244423, 5130001, 0, 77538795.0625, 30580089.054212738, 224836372.75, 13287843.312080206, 307505168.8125, 20103778.666733872, 987565.75, 23986.374539777786, 5041.4375, 754.2140751098126, 1027087.69825425, 200178.32038999748, inf, -nan, 697.6744186046509, 2.2737367544323206e-13, 2331.2040063093664, 502.2924817008659, 587032.3433151251, 228281.10455234945, 253110.78987037498, 34484.20567704644, 0.10265425, 0.0035713252879708375, 10847.1154358125, 138.78781204247144, 176074.7656950625, 2645.188422438136, 22.581283625, 0.051352453173965786, 1419, 0, 2753.5625, 627.5560700795985, 2550001, 0, 132716528.1875, 50287890.44263363, 104308326.25, 8523524.808838911, 239574855.4375, 43086130.83709284
30000, 0, 30000, 0, 0, 0, 0, dp_35.000000, 996106.3125, 11981.02989478967, 19322.75, 1007.02007800242, 2280309.687207187, 39752.50315388127, inf, -nan, 173.4104046242774, 5.684341886080802e-14, 661.4864781135202, 141.89634498333072, 185712.9807425625, 83435.88290002568, 1317914.0487175002, 91659.90612898003, 1.4766490625, 0.05801396426450785, 44176.997017125, 833.8480672252902, 730785.9871357499, 6403.950698526228, 1718.1969451875, 2.584420203351496, 6055, 0, 2646.125, 325.1211072431318, 10350001, 0, 42177113.8125, 18188070.57113488, 502807256.6875, 23004938.606690098, 555334371.5, 9545620.495993497, 1003902.625, 14104.491261097473, 9601, 898.8483604034665, 1334016.2467859378, 94067.86237124394, inf, -nan, 348.83720930232545, 1.1368683772161603e-13, 1269.3160845437528, 265.94343061099926, 338182.242952, 137804.11660291287, 606244.0827625627, 57524.82782026106, 0.38996800000000004, 0.02106651273348297, 21679.0881040625, 57.93941217828739, 367700.10597881256, 2680.426590520747, 210.3370205, 1.5335935055308028, 3010, 0, 3218.125, 513.8932130073329, 5130001, 0, 77538795.0625, 30580089.054212738, 238471358.8125, 14086900.463555828, 321140154.875, 19592599.557799354, 987558.0625, 23986.513144027285, 5033.75, 753.7575455675386, 1053188.031913125, 199260.25551779283, inf, -nan, 697.6744186046509, 2.2737367544323206e-13, 2331.2040063093664, 502.2924817008659, 587032.3433151251, 228281.10455234945, 268929.0111409375, 35963.75788938, 0.1016223125, 0.00719299138674889, 10847.1154358125, 138.78781204247144, 186353.82488775, 1744.121672820617, 25.6355111875, 0.09026047929133965, 1505, 0, 2632.3125, 618.6723404547434, 2550001, 0, 132716528.1875, 50287890.44263363, 110623717.5, 9033921.50817664, 245890246.6875, 42678390.21371258
30000, 0, 30000, 0, 0, 0, 0, dp_37.000000, 996096.25, 11980.261675460182, 19312.6875, 1009.0851499470944, 2396196.6470255624, 41375.07646497607, inf, -nan, 173.4104046242774, 5.684341886080802e-14, 661.4864781135202, 141.89634498333072, 185712.9807425625, 83435.88290002568, 1391108.3824752502, 97583.50064161197, 1.5135056250000003, 0.0770541980725864, 44176.997017125, 833.8480672252902, 773274.3878224376, 5662.899901251894, 1922.3854625625, 2.238339310092226, 6401, 0, 2390.3125, 306.3137114850558, 10350001, 0, 42177113.8125, 18188070.57113488, 531561107.5625, 24186771.423645582, 584088222.375, 10337162.007698663, 1003899, 14104.777142869007, 9597.375, 898.2958779683896, 1390104.0289317498, 93464.60091075131, inf, -nan, 348.83720930232545, 1.1368683772161603e-13, 1269.3160845437528, 265.94343061099926, 338182.242952, 137804.11660291287, 641169.63538725, 59767.44750825368, 0.40406268749999996, 0.02228920544433659, 21679.0881040625, 57.93941217828739, 388837.8063324375, 5455.951161909817, 234.85209331250002, 1.4498524398366675, 3182, 0, 3019.6875, 493.2557296613492, 5130001, 0, 77538795.0625, 30580089.054212738, 252075945.9375, 14905658.57466352, 334744742, 19175194.280158345, 987551, 23984.417602893758, 5026.6875, 752.8161062595234, 1078851.4640048123, 197121.52672802404, inf, -nan, 697.6744186046509, 2.2737367544323206e-13, 2331.2040063093664, 502.2924817008659, 587032.3433151251, 228281.10455234945, 283916.94451818743, 38021.89690049907, 0.1026904375, 0.005363666632639817, 10847.1154358125, 138.78781204247144, 197026.35140112496, 1666.4746585367648, 28.606644124999995, 0.2843924917411401, 1591, 0, 2521.5, 608.7975854091408, 2550001, 0, 132716528.1875, 50287890.44263363, 117062687.625, 9517013.305101486, 252329216.8125, 42285451.8765206
30000, 0, 30000, 0, 0, 0, 0, dp_39.000000, 996084.4375, 11977.976049654371, 19300.875, 1006.6635407995067, 2513846.271655687, 41389.70258013655, inf, -nan, 173.4104046242774, 5.684341886080802e-14, 661.4864781135202, 141.89634498333072, 185712.9807425625, 83435.88290002568, 1466973.2963772498, 103123.33754587157, 1.4897274999999999, 0.024202407465477485, 44176.997017125, 833.8480672252902, 814848.2516731876, 5468.537431129957, 2133.2561180625, 1.3392285261464063, 6747, 0, 2161.125, 287.3566762318217, 10350001, 0, 42177113.8125, 18188070.57113488, 560270060.625, 25410947.57511711, 612797175.4375, 11270030.458545793, 1003893.125, 14104.28961732476, 9591.5, 898.7683934140097, 1445499.7852643747, 91515.15811022249, inf, -nan, 348.83720930232545, 1.1368683772161603e-13, 1269.3160845437528, 265.94343061099926, 338182.242952, 137804.11660291287, 674640.6674178126, 64488.05348853684, 0.41164750000000006, 0.049454197397693155, 21679.0881040625, 57.93941217828739, 410735.27328112494, 4336.302436312235, 262.10186187500005, 2.8194799195913487, 3354, 0, 2838, 473.49049620874126, 5130001, 0, 77538795.0625, 30580089.054212738, 265700842.75, 15834612.303197026, 348369638.8125, 18604583.170685872, 987546.875, 23982.89886532433, 5022.5625, 755.8657262330063, 1105705.493763625, 195541.02641047302, inf, -nan, 697.6744186046509, 2.2737367544323206e-13, 2331.2040063093664, 502.2924817008659, 587032.3433151251, 228281.10455234945, 299480.46901225, 40710.58056460172, 0.1030950625, 0.005235520514580547, 10847.1154358125, 138.78781204247144, 208313.65944999998, 2194.179517735503, 31.803455375000002, 0.2870244188500937, 1677, 0, 2418, 599.1293683337515, 2550001, 0, 132716528.1875, 50287890.44263363, 123423862.0625, 10093185.96724715, 258690391.25, 41865405.327728055
30000, 0, 30000, 0, 0, 0, 0, dp_5.000000, 997946.5625, 11965.539409951134, 21163, 928.1443179807761, 506023.8392995, 71946.18646346626, inf, -nan, 173.4104046242774, 5.684341886080802e-14, 661.4864781135202, 141.89634498333072, 185712.9807425625, 83435.88290002568, 190050.84657968752, 13436.208247908071, 1.522691, 0.08715770514346394, 44176.997017125, 833.8480672252902, 86052.35627281248, 561.0222971413162, 29.1359963125, 0.0395336399043882, 865, 0, 19111.8125, 773.5119762122304, 10350001, 0, 42177113.8125, 18188070.57113488, 67645129.6875, 3318301.9639580855, 120172244.5, 15228693.12564238, 1005000.375, 14062.17644461109, 10698.75, 898.7477746843105, 491170.3039623125, 131122.71336663637, inf, -nan, 348.83720930232545, 1.1368683772161603e-13, 1269.3160845437528, 265.94343061099926, 338182.242952, 137804.11660291287, 87848.0649849375, 8014.949024217563, 0.39500675, 0.014714671842671181, 21679.0881040625, 57.93941217828739, 43456.9341425625, 413.3750450404981, 3.5787720000000003, 0.08997455763367215, 430, 0, 12619.3125, 955.6752010195462, 5130001, 0, 77538795.0625, 30580089.054212738, 31974984.625, 1962106.19640464, 114643780.6875, 28872469.88479945, 988226.0625, 24034.708195827836, 5701.75, 702.9670600390889, 659161.2574700625, 224010.5997664174, inf, -nan, 697.6744186046509, 2.2737367544323206e-13, 2331.2040063093664, 502.2924817008659, 587032.3433151251, 228281.10455234945, 39021.38820300001, 4981.529377095907, 0.09960981249999999, 0.007174004688968622, 10847.1154358125, 138.78781204247144, 22259.7935401875, 882.4314629558777, 0.517366125, 0.05935272589135543, 215, 0, 7126.875, 668.934215282041, 2550001, 0, 132716528.1875, 50287890.44263363, 14769855.3125, 1214903.100807618, 150036384.5, 49237133.737888046
30000, 0, 30000, 0, 0, 0, 0, dp_7.000000, 997255, 11956.137958178635, 20471.4375, 1021.8113799002974, 623802.3914746875, 67479.44543016261, inf, -nan, 173.4104046242774, 5.684341886080802e-14, 661.4864781135202, 141.89634498333072, 185712.9807425625, 83435.88290002568, 265029.868679875, 18689.291866899977, 1.5333390624999998, 0.08185561725644487, 44176.997017125, 833.8480672252902, 128819.92372431252, 629.9072008139755, 61.08797175000001, 0.14993445451492268, 1211, 0, 15474.375, 698.174841551169, 10350001, 0, 42177113.8125, 18188070.57113488, 96746887.4375, 4630220.953034449, 149274002.25, 14089324.409533102, 1004648.375, 14082.860801675737, 10346.75, 906.6535653158818, 547497.3046441876, 128420.57717818394, inf, -nan, 348.83720930232545, 1.1368683772161603e-13, 1269.3160845437528, 265.94343061099926, 338182.242952, 137804.11660291287, 122631.73056899999, 10935.297640967894, 0.4073418125, 0.05084842823064785, 21679.0881040625, 57.93941217828739, 64996.295217312494, 589.669494325245, 7.540460000000001, 0.0997628424333178, 602, 0, 10818.125, 922.7538861337838, 5130001, 0, 77538795.0625, 30580089.054212738, 45762090.0625, 2728262.5447397023, 128430886.125, 28166506.321934342, 988006.75, 24063.36654153986, 5482.4375, 690.4613465602184, 685276.4521896251, 222395.06691499247, inf, -nan, 697.6744186046509, 2.2737367544323206e-13, 2331.2040063093664, 502.2924817008659, 587032.3433151251, 228281.10455234945, 54314.749548875, 7026.4949439108495, 0.10268499999999997, 0.00627094275209079, 10847.1154358125, 138.78781204247144, 33081.095019750006, 287.3075639736165, 1.0461850625, 0.09333096733297365, 301, 0, 6236.5625, 679.1322559662073, 2550001, 0, 132716528.1875, 50287890.44263363, 21209329.9375, 1743759.6508510523, 156475859.125, 48780460.06163222
30000, 0, 30000, 0, 0, 0, 0, dp_9.000000, 996900.25, 11959.817538846486, 20116.6875, 1009.555330253746, 742111.8062330625, 63201.25555200489, inf, -nan, 173.4104046242774, 5.684341886080802e-14, 661.4864781135202, 141.89634498333072, 185712.9807425625, 83435.88290002568, 340532.9596650625, 24171.769861138353, 1.453811875, 0.10076311364648462, 44176.997017125, 833.8480672252902, 171582.22268543753, 1206.5726553932593, 105.19231100000002, 0.6639776791774518, 1557, 0, 12923.625, 646.2357227629868, 10350001, 0, 42177113.8125, 18188070.57113488, 125908072.75, 5976505.9466161905, 178435187.5625, 12957460.981304985, 1004462.75, 14084.248988231499, 10161.125, 897.1009471486473, 603412.6291220001, 125530.87260843889, inf, -nan, 348.83720930232545, 1.1368683772161603e-13, 1269.3160845437528, 265.94343061099926, 338182.242952, 137804.11660291287, 156996.98392925, 14417.952562546481, 0.404421875, 0.010943674719187108, 21679.0881040625, 57.93941217828739, 86541.2135735625, 618.2312513238361, 12.696141250000002, 0.0826728842377444, 774, 0, 9507.5, 877.5749967951457, 5130001, 0, 77538795.0625, 30580089.054212738, 59557022.6875, 3565502.7297923695, 142225818.75, 27459047.532410063, 987893, 24040.749405956547, 5368.6875, 712.7264305775043, 711654.8107648751, 220635.32444330025, inf, -nan, 697.6744186046509, 2.2737367544323206e-13, 2331.2040063093664, 502.2924817008659, 587032.3433151251, 228281.10455234945, 69770.297151875, 9029.70459679831, 0.1033838125, 0.009223912078253118, 10847.1154358125, 138.78781204247144, 44003.23240937501, 356.0979819599963, 1.7190688750000003, 0.08113265615634914, 387, 0, 5616.4375, 695.1171635729836, 2550001, 0, 132716528.1875, 50287890.44263363, 27614824.75, 2236943.8696634606, 162881353.9375, 48353360.92037397
30000, 0, 30000, 0, 0, 0, 0, fixed_reps_1, 1004369.9375, 11936.84684846018, 27586.375, 867.3228115154127, 270502.366575125, 80789.8015415569, inf, -nan, 173.4104046242774, 5.684341886080802e-14, 661.4864781135202, 141.89634498333072, 185712.9807425625, 83435.88290002568, 40442.53439943751, 2987.137711029971, 1.4730355625, 0.06371483455990523, 44176.997017125, 833.8480672252902, 168.38138043749998, 2.1618079406690467, 0, 0, 173, 0, 44482.375, 936.632056559565, 10350001, 0, 42177113.8125, 18188070.57113488, 9390230.25, 657761.1107092282, 61917345.0625, 17586443.01161405, 1008617.125, 14079.682799494278, 14315.5, 997.5218669282393, 378649.52471937495, 136296.88126089278, inf, -nan, 348.83720930232545, 1.1368683772161603e-13, 1269.3160845437528, 265.94343061099926, 338182.242952, 137804.11660291287, 18620.9593130625, 1736.5614656279533, 0.38534062500000005, 0.0048350061643574966, 21679.0881040625, 57.93941217828739, 166.84900962499998, 2.41140475898764, 0, 0, 86, 0, 25422.5, 664.0437673828435, 5130001, 0, 77538795.0625, 30580089.054212738, 4336021.3125, 395693.7929860852, 87004817.375, 30233178.76528815, 990225.5625, 24077.9648926377, 7701.25, 861.6405500555321, 606941.665067375, 227101.73620743182, inf, -nan, 697.6744186046509, 2.2737367544323206e-13, 2331.2040063093664, 502.2924817008659, 587032.3433151251, 228281.10455234945, 8861.660011937498, 1504.779863157661, 0.1211451875, 0.0449396794551023, 10847.1154358125, 138.78781204247144, 200.42515931249997, 41.142558084598875, 0, 0, 43, 0, 13931.375, 562.5300964170717, 2550001, 0, 132716528.1875, 50287890.44263363, 1934743, 251834.6534424919, 137201272.1875, 50070263.50744963
30000, 0, 30000, 0, 0, 0, 0, fixed_reps_11, 996897.6875, 12049.889111101553, 20114.125, 1008.815820343337, 646002.568373, 58786.31974606497, inf, -nan, 173.4104046242774, 5.684341886080802e-14, 661.4864781135202, 141.89634498333072, 185712.9807425625, 83435.88290002568, 414720.12715375, 28403.84254205326, 1.5279948125, 0.07373835130142485, 44176.997017125, 833.8480672252902, 1390.9354647499997, 15.18473438475993, 0, 0, 1903, 0, 16683.75, 696.1704622432641, 10350001, 0, 42177113.8125, 18188070.57113488, 103290802.75, 7235372.2178015085, 155817917.5625, 11901475.096229285, 1004456.3125, 14060.716170054915, 10154.6875, 856.5313566027515, 552108.9665612499, 122734.20059038205, inf, -nan, 348.83720930232545, 1.1368683772161603e-13, 1269.3160845437528, 265.94343061099926, 338182.242952, 137804.11660291287, 190833.8686945625, 17728.158117637828, 0.39588168749999997, 0.012268931186735204, 21679.0881040625, 57.93941217828739, 1413.3709289375001, 13.752829789501696, 0, 0, 946, 0, 11496.1875, 821.4740728372077, 5130001, 0, 77538795.0625, 30580089.054212738, 47695374.4375, 4352631.722846936, 130364170.5, 26838418.521135114, 987880.125, 23994.25905783246, 5355.8125, 723.7489394422281, 683585.906072375, 218773.42584736427, inf, -nan, 697.6744186046509, 2.2737367544323206e-13, 2331.2040063093664, 502.2924817008659, 587032.3433151251, 228281.10455234945, 84269.400171375, 11054.289525525639, 0.10251393750000001, 0.004630654293249903, 10847.1154358125, 138.78781204247144, 1436.9446361250002, 20.30951304827887, 0, 0, 473, 0, 6633.5, 606.9043376018992, 2550001, 0, 132716528.1875, 50287890.44263363, 21281743, 2770181.187867411, 156548272.1875, 47912432.51235353
30000, 0, 30000, 0, 0, 0, 0, fixed_reps_13, 996768.9375, 12019.677301558215, 19985.375, 1019.4776772323169, 721190.6295178126, 54244.83366790091, inf, -nan, 173.4104046242774, 5.684341886080802e-14, 661.4864781135202, 141.89634498333072, 185712.9807425625, 83435.88290002568, 489656.34760687494, 34098.94297408623, 1.5399156874999997, 0.07485773535072943, 44176.997017125, 833.8480672252902, 1642.7642355625, 15.039340068212748, 0, 0, 2249, 0, 15139.75, 626.822293397419, 10350001, 0, 42177113.8125, 18188070.57113488, 122070917.25, 8550894.439219965, 174598032.0625, 10885822.343283202, 1004359.0625, 14073.461703098983, 10057.4375, 846.7109873467747, 587091.61225325, 119786.061985461, inf, -nan, 348.83720930232545, 1.1368683772161603e-13, 1269.3160845437528, 265.94343061099926, 338182.242952, 137804.11660291287, 225553.87690162502, 20951.97499979158, 0.40258999999999995, 0.018301340333429134, 21679.0881040625, 57.93941217828739, 1676.0017055624999, 21.249615732539823, 0, 0, 1118, 0, 10627.125, 750.9255018808457, 5130001, 0, 77538795.0625, 30580089.054212738, 56367245.0625, 5144019.308819107, 139036041.125, 26178418.52892075, 987834.5, 23986.17886669321, 5310.1875, 727.8217689405491, 699118.9386798749, 217063.17836021047, inf, -nan, 697.6744186046509, 2.2737367544323206e-13, 2331.2040063093664, 502.2924817008659, 587032.3433151251, 228281.10455234945, 99531.03056987499, 13061.554750733118, 0.1002853125, 0.006274393294561933, 10847.1154358125, 138.78781204247144, 1708.34907375, 49.96297403840499, 0, 0, 559, 0, 6220.125, 588.0143360284679, 2550001, 0, 132716528.1875, 50287890.44263363, 25151143, 3273850.494752395, 160417672.1875, 47485126.789175764
30000, 0, 30000, 0, 0, 0, 0, fixed_reps_15, 996674, 12026.96732867434, 19890.4375, 1016.8585796922549, 795469.9124530625, 50883.09609781031, inf, -nan, 173.4104046242774, 5.684341886080802e-14, 661.4864781135202, 141.89634498333072, 185712.9807425625, 83435.88290002568, 563690.744387875, 39440.5618831599, 1.5257984375, 0.07480721119398245, 44176.997017125, 833.8480672252902, 1887.6645070624998, 18.999363792884832, 0, 0, 2595, 0, 13794.125, 493.4797203279989, 10350001, 0, 42177113.8125, 18188070.57113488, 140851031.75, 9866416.66063842, 193378146.5625, 9940741.6294245, 1004276.5625, 14087.199694974646, 9974.9375, 857.1296188988863, 621455.5744725001, 116975.99830688437, inf, -nan, 348.83720930232545, 1.1368683772161603e-13, 1269.3160845437528, 265.94343061099926, 338182.242952, 137804.11660291287, 259665.18744012498, 24178.25183040786, 0.4108773125, 0.057301591291951434, 21679.0881040625, 57.93941217828739, 1928.6450990000003, 28.08207530522387, 0, 0, 1290, 0, 9913.125, 718.9418330956963, 5130001, 0, 77538795.0625, 30580089.054212738, 65039115.6875, 5935406.894791279, 147707911.75, 25525890.253966376, 987785.875, 23992.603435420988, 5261.5625, 737.5222851505912, 714614.85767425, 215484.5808401452, inf, -nan, 697.6744186046509, 2.2737367544323206e-13, 2331.2040063093664, 502.2924817008659, 587032.3433151251, 228281.10455234945, 114791.06216575, 15010.783679125278, 0.10357300000000001, 0.0034910975888680046, 10847.1154358125, 138.78781204247144, 1944.2331845625001, 18.176647462272907, 0, 0, 645, 0, 5862.8125, 535.4324442390001, 2550001, 0, 132716528.1875, 50287890.44263363, 29020543, 3777519.8016373785, 164287072.1875, 47059331.79146045
30000, 0, 30000, 0, 0, 0, 0, fixed_reps_17, 996596.5, 12020.811916214312, 19812.9375, 996.7109328154027, 871274.2729584374, 45677.62201303634, inf, -nan, 173.4104046242774, 5.684341886080802e-14, 661.4864781135202, 141.89634498333072, 185712.9807425625, 83435.88290002568, 639246.8223745624, 45916.47724054504, 1.5121063125000003, 0.05246375290464689, 44176.997017125, 833.8480672252902, 2135.9607178750002, 18.790802330787713, 0, 0, 2941, 0, 12668.5625, 526.1310398501024, 10350001, 0, 42177113.8125, 18188070.57113488, 159631146.25, 11181938.882056877, 212158261.0625, 9088275.833540386, 1004221.75, 14089.608171893922, 9920.125, 864.0220537549953, 656162.7226241251, 114350.32259986112, inf, -nan, 348.83720930232545, 1.1368683772161603e-13, 1269.3160845437528, 265.94343061099926, 338182.242952, 137804.11660291287, 294131.24588225, 27477.55560310058, 0.40200325000000003, 0.005176296461998677, 21679.0881040625, 57.93941217828739, 2169.7436825625, 28.88672299662675, 0, 0, 1462, 0, 9268.125, 711.9149242535937, 5130001, 0, 77538795.0625, 30580089.054212738, 73710986.3125, 6726794.480763449, 156379782.375, 24881421.552278552, 987748.75, 23995.84685028849, 5224.4375, 738.3292768770245, 730064.8788330625, 213551.34988762357, inf, -nan, 697.6744186046509, 2.2737367544323206e-13, 2331.2040063093664, 502.2924817008659, 587032.3433151251, 228281.10455234945, 129987.702484375, 17264.38546975926, 0.10873893750000001, 0.01071955759038561, 10847.1154358125, 138.78781204247144, 2197.6088588125, 22.427165728171694, 0, 0, 731, 0, 5588.25, 530.7663680942868, 2550001, 0, 132716528.1875, 50287890.44263363, 32889943, 4281189.108522362, 168156472.1875, 46635088.89961311
30000, 0, 30000, 0, 0, 0, 0, fixed_reps_19, 996547.8125, 12015.727106685794, 19764.25, 1005.0548181567013, 944933.2010170625, 43651.90224612914, inf, -nan, 173.4104046242774, 5.684341886080802e-14, 661.4864781135202, 141.89634498333072, 185712.9807425625, 83435.88290002568, 712652.5662460625, 49474.3885340472, 1.5545208125, 0.09123952365218346, 44176.997017125, 833.8480672252902, 2389.1024905, 17.97330021607423, 0, 0, 3287, 0, 11700.5625, 503.86220447037897, 10350001, 0, 42177113.8125, 18188070.57113488, 178411260.75, 12497461.103475332, 230938375.5625, 8356815.693800278, 1004181.75, 14091.155872124189, 9880.125, 880.8712927408861, 690553.4160538125, 112014.52583204466, inf, -nan, 348.83720930232545, 1.1368683772161603e-13, 1269.3160845437528, 265.94343061099926, 338182.242952, 137804.11660291287, 328262.757826125, 30286.687060921857, 0.3953215625, 0.013430835621661585, 21679.0881040625, 57.93941217828739, 2428.9318500625004, 24.38996976156164, 0, 0, 1634, 0, 8738.0625, 698.71421811335, 5130001, 0, 77538795.0625, 30580089.054212738, 82382856.9375, 7518182.066735619, 165051653, 24245655.121883377, 987717.375, 23996.72255193144, 5193.0625, 749.175168831529, 745333.1324993125, 211949.88153997622, inf, -nan, 697.6744186046509, 2.2737367544323206e-13, 2331.2040063093664, 502.2924817008659, 587032.3433151251, 228281.10455234945, 144918.59282118746, 19224.985860705085, 0.11522731250000001, 0.031398447558595055, 10847.1154358125, 138.78781204247144, 2534.965699875, 196.81387180185217, 0, 0, 817, 0, 5321.125, 550.7108900094495, 2550001, 0, 132716528.1875, 50287890.44263363, 36759343, 4784858.415407347, 172025872.1875, 46212440.85992724
30000, 0, 30000, 0, 0, 0, 0, fixed_reps_21, 996482.4375, 11999.402297451892, 19698.875, 1016.4214723110684, 1020291.88992425, 39260.98102334752, inf, -nan, 173.4104046242774, 5.684341886080802e-14, 661.4864781135202, 141.89634498333072, 185712.9807425625, 83435.88290002568, 787768.2330501877, 55527.113058609415, 1.5121281249999998, 0.06499611665983877, 44176.997017125, 833.8480672252902, 2632.1669862500003, 19.48149041723725, 0, 0, 3633, 0, 10887.25, 499.02335867171587, 10350001, 0, 42177113.8125, 18188070.57113488, 197191375.25, 13812983.32489379, 249718490.0625, 7780564.046640228, 1004148, 14092.103635547108, 9846.375, 883.7970549707665, 725129.5565005627, 109649.8851676282, inf, -nan, 348.83720930232545, 1.1368683772161603e-13, 1269.3160845437528, 265.94343061099926, 338182.242952, 137804.11660291287, 362591.59049668757, 33531.64259567557, 0.40075018749999997, 0.030564601754355374, 21679.0881040625, 57.93941217828739, 2676.234197625, 31.599427311616207, 0, 0, 1806, 0, 8240.4375, 678.7854934320194, 5130001, 0, 77538795.0625, 30580089.054212738, 91054727.5625, 8309569.65270779, 173723523.625, 23619293.696867593, 987694.9375, 23988.89205827551, 5170.625, 750.3894717911493, 760970.6815218126, 210161.43290403247, inf, -nan, 697.6744186046509, 2.2737367544323206e-13, 2331.2040063093664, 502.2924817008659, 587032.3433151251, 228281.10455234945, 160375.80529524997, 21251.06528414365, 0.10565368749999998, 0.006847160558570519, 10847.1154358125, 138.78781204247144, 2715.3118219375006, 32.48400074737823, 0, 0, 903, 0, 5076.625, 561.4196152389048, 2550001, 0, 132716528.1875, 50287890.44263363, 40628743, 5288527.72229233, 175895272.1875, 45791431.833162
30000, 0, 30000, 0, 0, 0, 0, fixed_reps_23, 996443.9375, 11998.261386909095, 19660.375, 1016.4864039302247, 1096809.1392956877, 37367.158501487465, inf, -nan, 173.4104046242774, 5.684341886080802e-14, 661.4864781135202, 141.89634498333072, 185712.9807425625, 83435.88290002568, 864039.3730998749, 59599.783249239386, 1.5452314999999999, 0.07710980528035981, 44176.997017125, 833.8480672252902, 2878.243204625, 22.97357364865184, 0, 0, 3979, 0, 10185.125, 492.9760231238432, 10350001, 0, 42177113.8125, 18188070.57113488, 215971489.75, 15128505.546312246, 268498604.5625, 7395889.578521707, 1004109.375, 14085.642112959387, 9807.75, 899.2297745848944, 759928.0554949376, 107761.25441963066, inf, -nan, 348.83720930232545, 1.1368683772161603e-13, 1269.3160845437528, 265.94343061099926, 338182.242952, 137804.11660291287, 397135.40348106256, 35736.13915916828, 0.4167245625, 0.07549582663380204, 21679.0881040625, 57.93941217828739, 2930.9042332500003, 28.451254919286768, 0, 0, 1978, 0, 7788.75, 649.8371430597053, 5130001, 0, 77538795.0625, 30580089.054212738, 99726598.1875, 9100957.23867996, 182395394.25, 23003105.56883419, 987684.875, 23989.17730163698, 5160.5625, 750.282944024286, 776148.82727625, 208667.91623963744, inf, -nan, 697.6744186046509, 2.2737367544323206e-13, 2331.2040063093664, 502.2924817008659, 587032.3433151251, 228281.10455234945, 175247.94357025, 23091.957109273575, 0.10897356250000002, 0.02420230934479381, 10847.1154358125, 138.78781204247144, 3021.3159815000004, 190.2384877173531, 0, 0, 989, 0, 4869.9375, 556.5949457134425, 2550001, 0, 132716528.1875, 50287890.44263363, 44498143, 5792197.029177314, 179764672.1875, 45372107.4446776
30000, 0, 30000, 0, 0, 0, 0, fixed_reps_25, 996414.0625, 12000.011158686219, 19630.5, 1012.9809351611707, 1172412.6810740626, 36217.83710854771, inf, -nan, 173.4104046242774, 5.684341886080802e-14, 661.4864781135202, 141.89634498333072, 185712.9807425625, 83435.88290002568, 939386.1539763126, 65318.246191569604, 1.5237125000000002, 0.06737047774804628, 44176.997017125, 833.8480672252902, 3135.0256255625, 20.192474841510403, 0, 0, 4325, 0, 9559.8125, 491.38620487733476, 10350001, 0, 42177113.8125, 18188070.57113488, 234751604.25, 16444027.767730704, 287278719.0625, 7233421.449189376, 1004079, 14093.62201937458, 9777.375, 904.5766188527094, 793735.6890021876, 105355.58095868716, inf, -nan, 348.83720930232545, 1.1368683772161603e-13, 1269.3160845437528, 265.94343061099926, 338182.242952, 137804.11660291287, 430695.94035462494, 39160.987743939106, 0.3958259374999999, 0.03708450564162334, 21679.0881040625, 57.93941217828739, 3178.0217655625, 30.570574079538552, 0, 0, 2150, 0, 7402.8125, 617.4641911428954, 5130001, 0, 77538795.0625, 30580089.054212738, 108398468.8125, 9892344.82465213, 191067264.875, 22397930.384422433, 987665.4375, 23998.78707083118, 5141.125, 757.0960866197896, 791655.1967244374, 206532.70430230195, inf, -nan, 697.6744186046509, 2.2737367544323206e-13, 2331.2040063093664, 502.2924817008659, 587032.3433151251, 228281.10455234945, 190489.873346, 25594.722371642354, 0.09948225000000001, 0.007674119766298934, 10847.1154358125, 138.78781204247144, 3285.7651452500004, 233.87427880115672, 0, 0, 1075, 0, 4702.125, 562.1786721096772, 2550001, 0, 132716528.1875, 50287890.44263363, 48367543, 6295866.336062297, 183634072.1875, 44954514.8361431
30000, 0, 30000, 0, 0, 0, 0, fixed_reps_27, 996385.75, 12000.350992262685, 19602.1875, 1010.8380322008813, 1246049.5788014375, 35475.62053258225, inf, -nan, 173.4104046242774, 5.684341886080802e-14, 661.4864781135202, 141.89634498333072, 185712.9807425625, 83435.88290002568, 1012773.1027269374, 72157.37736467067, 1.4941784375, 0.020883142851857633, 44176.997017125, 833.8480672252902, 3385.004136375, 28.94486067209811, 0, 0, 4671, 0, 9014.125, 459.4233988109443, 10350001, 0, 42177113.8125, 18188070.57113488, 253531718.75, 17759549.989149157, 306058833.5625, 7307994.697288127, 1004057.4375, 14093.720170561559, 9755.8125, 916.5292015772056, 829114.8773809373, 102360.98695873142, inf, -nan, 348.83720930232545, 1.1368683772161603e-13, 1269.3160845437528, 265.94343061099926, 338182.242952, 137804.11660291287, 465820.50165593746, 43464.08179058228, 0.394567875, 0.012705818941901181, 21679.0881040625, 57.93941217828739, 3432.6501010624993, 25.099889050430303, 0, 0, 2322, 0, 7033.875, 595.9328690171402, 5130001, 0, 77538795.0625, 30580089.054212738, 117070339.4375, 10683732.4106243, 199739135.5, 21804685.134676866, 987653.25, 23999.30883249557, 5128.9375, 758.5492295123304, 806665.018159125, 205135.92828244797, inf, -nan, 697.6744186046509, 2.2737367544323206e-13, 2331.2040063093664, 502.2924817008659, 587032.3433151251, 228281.10455234945, 205310.45634781252, 27168.08530283787, 0.10346575000000001, 0.005598188674696485, 10847.1154358125, 138.78781204247144, 3474.9995946250006, 37.5796880543188, 0, 0, 1161, 0, 4527.75, 558.6182171214971, 2550001, 0, 132716528.1875, 50287890.44263363, 52236943, 6799535.642947282, 187503472.1875, 44538702.71882701
30000, 0, 30000, 0, 0, 0, 0, fixed_reps_29, 996363.8125, 11996.378699521942, 19580.25, 1015.9588143719213, 1320865.6541358123, 33686.92086312947, inf, -nan, 173.4104046242774, 5.684341886080802e-14, 661.4864781135202, 141.89634498333072, 185712.9807425625, 83435.88290002568, 1087339.911531625, 76660.60725605549, 1.507495875, 0.05345782749031591, 44176.997017125, 833.8480672252902, 3634.2573486250003, 23.18104306600608, 0, 0, 5017, 0, 8507.6875, 468.62067799420674, 10350001, 0, 42177113.8125, 18188070.57113488, 272311833.25, 19075072.210567616, 324838948.0625, 7612646.357192833, 1004032.875, 14092.879655498908, 9731.25, 909.6366376196596, 864734.8964369999, 99527.02294759019, inf, -nan, 348.83720930232545, 1.1368683772161603e-13, 1269.3160845437528, 265.94343061099926, 338182.242952, 137804.11660291287, 501185.2526873125, 46593.89948708795, 0.40035875, 0.013663411819984785, 21679.0881040625, 57.93941217828739, 3687.9123348750004, 28.9787666574529, 0, 0, 2494, 0, 6710.875, 547.662404565988, 5130001, 0, 77538795.0625, 30580089.054212738, 125742210.0625, 11475119.99659647, 208411006.125, 21224370.20883835, 987642.3125, 23997.57613989054, 5118, 753.2410802658071, 822610.2699980625, 203069.90932934743, inf, -nan, 697.6744186046509, 2.2737367544323206e-13, 2331.2040063093664, 502.2924817008659, 587032.3433151251, 228281.10455234945, 220949.822707125, 29629.440248543026, 0.1060656875, 0.015588062631059826, 10847.1154358125, 138.78781204247144, 3780.8824743125006, 184.033881405667, 0, 0, 1247, 0, 4366.9375, 553.0061560179506, 2550001, 0, 132716528.1875, 50287890.44263363, 56106343, 7303204.949832265, 191372872.1875, 44124721.42847456
30000, 0, 30000, 0, 0, 0, 0, fixed_reps_3, 999391.1875, 12034.178161691963, 22607.625, 1025.1249847579563, 346098.82467431255, 75941.98537905638, inf, -nan, 173.4104046242774, 5.684341886080802e-14, 661.4864781135202, 141.89634498333072, 185712.9807425625, 83435.88290002568, 115812.0605493125, 8269.446283173374, 1.5233427499999999, 0.09345697268830455, 44176.997017125, 833.8480672252902, 395.2630225625, 3.1765936700603907, 0, 0, 519, 0, 31099.25, 787.1045435645763, 10350001, 0, 42177113.8125, 18188070.57113488, 28170344.75, 1973283.3321276845, 80697459.5625, 16396127.874399161, 1005765.25, 14023.178266266888, 11463.625, 873.657675737471, 413421.1212599374, 133538.00846317367, inf, -nan, 348.83720930232545, 1.1368683772161603e-13, 1269.3160845437528, 265.94343061099926, 338182.242952, 137804.11660291287, 53161.514162687505, 4930.90189051108, 0.39110206249999996, 0.012264538207107259, 21679.0881040625, 57.93941217828739, 397.8849391250001, 5.2239283299436785, 0, 0, 258, 0, 18416.375, 930.2573484660038, 5130001, 0, 77538795.0625, 30580089.054212738, 13007891.9375, 1187081.3789582555, 95676688, 29543037.13400663, 988726.3125, 24023.113710338293, 6202, 727.2950742305354, 622113.660602, 225504.12859056788, inf, -nan, 697.6744186046509, 2.2737367544323206e-13, 2331.2040063093664, 502.2924817008659, 587032.3433151251, 228281.10455234945, 23797.775082437503, 3279.8242080899163, 0.10747387499999998, 0.010520712813748645, 10847.1154358125, 138.78781204247144, 436.31929475, 64.66644447105828, 0, 0, 129, 0, 10297.75, 606.9414613453262, 2550001, 0, 132716528.1875, 50287890.44263363, 5804143, 755503.9603274757, 141070672.1875, 49635980.2656473
30000, 0, 30000, 0, 0, 0, 0, fixed_reps_31, 996336.8125, 11996.960267182007, 19553.25, 1016.8602718662972, 1394485.81439575, 34762.1966425344, inf, -nan, 173.4104046242774, 5.684341886080802e-14, 661.4864781135202, 141.89634498333072, 185712.9807425625, 83435.88290002568, 1160712.5476801875, 81956.83746695195, 1.5103020624999999, 0.06412482957430446, 44176.997017125, 833.8480672252902, 3881.7786538124997, 24.97624543508632, 0, 0, 5363, 0, 8066.75, 441.7690997568753, 10350001, 0, 42177113.8125, 18188070.57113488, 291091947.75, 20390594.431986075, 343619062.5625, 8121525.722046491, 1004020.9375, 14091.597414189555, 9719.3125, 910.3720200246436, 898101.4677290624, 97146.09610565708, inf, -nan, 348.83720930232545, 1.1368683772161603e-13, 1269.3160845437528, 265.94343061099926, 338182.242952, 137804.11660291287, 534315.4413961874, 49931.865855015334, 0.39791756250000004, 0.003830504617030732, 21679.0881040625, 57.93941217828739, 3924.29735925, 30.634085519098033, 0, 0, 2666, 0, 6439.6875, 530.1110401074005, 5130001, 0, 77538795.0625, 30580089.054212738, 134414080.6875, 12266507.582568642, 217082876.75, 20658075.329606894, 987630.5, 23990.52279286552, 5106.1875, 757.150680078774, 837699.3669426877, 201729.59048525323, inf, -nan, 697.6744186046509, 2.2737367544323206e-13, 2331.2040063093664, 502.2924817008659, 587032.3433151251, 228281.10455234945, 235738.37202206248, 31406.729804290866, 0.11312143749999999, 0.05355238469476494, 10847.1154358125, 138.78781204247144, 4081.4230482499997, 293.7597010002497, 0, 0, 1333, 0, 4215.875, 549.1078986638237, 2550001, 0, 132716528.1875, 50287890.44263363, 59975743, 7806874.256717249, 195242272.1875, 43712622.981769376
30000, 0, 30000, 0, 0, 0, 0, fixed_reps_33, 996318, 11995.41204481947, 19534.4375, 1016.0624961555022, 1469101.2675604376, 36250.74074291961, inf, -nan, 173.4104046242774, 5.684341886080802e-14, 661.4864781135202, 141.89634498333072, 185712.9807425625, 83435.88290002568, 1235074.0249279377, 87091.17833128988, 1.5136899375000001, 0.07012247488900111, 44176.997017125, 833.8480672252902, 4135.751182874999, 30.60120789772194, 0, 0, 5709, 0, 7671.6875, 426.7197146180968, 10350001, 0, 42177113.8125, 18188070.57113488, 309872062.25, 21706116.65340453, 362399177.0625, 8799271.161757415, 1004006.6875, 14088.31760146838, 9705.0625, 909.5337726515437, 933764.90193275, 94465.83055677588, inf, -nan, 348.83720930232545, 1.1368683772161603e-13, 1269.3160845437528, 265.94343061099926, 338182.242952, 137804.11660291287, 569705.9603364374, 52337.56314841106, 0.4197126875, 0.07085139139222915, 21679.0881040625, 57.93941217828739, 4197.1908275625, 35.1355800171877, 0, 0, 2838, 0, 6169, 510.59854582636643, 5130001, 0, 77538795.0625, 30580089.054212738, 143085951.3125, 13057895.168540811, 225754747.375, 20106985.117318384, 987625.3125, 23987.737116386026, 5101, 756.5771606386226, 853622.9382750001, 199876.43762942363, inf, -nan, 697.6744186046509, 2.2737367544323206e-13, 2331.2040063093664, 502.2924817008659, 587032.3433151251, 228281.10455234945, 251477.0063044375, 33694.07165640044, 0.10859418750000002, 0.018855262545303998, 10847.1154358125, 138.78781204247144, 4266.3646254375, 112.39563436525388, 0, 0, 1419, 0, 4084.375, 550.8084824827955, 2550001, 0, 132716528.1875, 50287890.44263363, 63845143, 8310543.563602233, 199111672.1875, 43302461.13436901
30000, 0, 30000, 0, 0, 0, 0, fixed_reps_35, 996303.6875, 11994.134836028972, 19520.125, 1015.2255214360009, 1544130.1538750622, 36813.64474827485, inf, -nan, 173.4104046242774, 5.684341886080802e-14, 661.4864781135202, 141.89634498333072, 185712.9807425625, 83435.88290002568, 1309864.4269459997, 91842.88580167106, 1.4912241875000003, 0.02700943396810352, 44176.997017125, 833.8480672252902, 4374.257945187499, 34.6704490567091, 0, 0, 6055, 0, 7301.5, 408.0819464274302, 10350001, 0, 42177113.8125, 18188070.57113488, 328652176.75, 23021638.874822985, 381179291.5625, 9610221.81494788, 1003999.3125, 14092.471282207523, 9697.6875, 907.6008703410051, 968616.8233440001, 93221.34937801858, inf, -nan, 348.83720930232545, 1.1368683772161603e-13, 1269.3160845437528, 265.94343061099926, 338182.242952, 137804.11660291287, 604314.7454644375, 55593.85542636268, 0.4129443125000001, 0.04728069275047527, 21679.0881040625, 57.93941217828739, 4440.3338791875, 40.486354911079225, 0, 0, 3010, 0, 5920.625, 494.5874385535888, 5130001, 0, 77538795.0625, 30580089.054212738, 151757821.9375, 13849282.754512982, 234426618, 19572383.94562284, 987614.125, 23986.967664429263, 5089.8125, 754.8100107601581, 868578.7228329376, 198555.2625661238, inf, -nan, 697.6744186046509, 2.2737367544323206e-13, 2331.2040063093664, 502.2924817008659, 587032.3433151251, 228281.10455234945, 266127.955126, 35422.71274416175, 0.10278587500000001, 0.009066204311031986, 10847.1154358125, 138.78781204247144, 4571.2061701249995, 276.3136121929519, 0, 0, 1505, 0, 3978, 548.7319473112533, 2550001, 0, 132716528.1875, 50287890.44263363, 67714543, 8814212.870487217, 202981072.1875, 42894291.44049545
30000, 0, 30000, 0, 0, 0, 0, fixed_reps_37, 996286.375, 11993.839574313764, 19502.8125, 1016.0359380178194, 1618053.4519884374, 40267.0875563975, inf, -nan, 173.4104046242774, 5.684341886080802e-14, 661.4864781135202, 141.89634498333072, 185712.9807425625, 83435.88290002568, 1383536.0582546873, 98427.53866929983, 1.5016608750000002, 0.043354225647384996, 44176.997017125, 833.8480672252902, 4625.9143131875, 30.612535472229656, 0, 0, 6401, 0, 6963.8125, 393.548475214617, 10350001, 0, 42177113.8125, 18188070.57113488, 347432291.25, 24337161.096241444, 399959406.0625, 10523628.229700822, 1003993.125, 14091.418895355251, 9691.5, 904.8408009147245, 1002752.3091474376, 91066.79282299218, inf, -nan, 348.83720930232545, 1.1368683772161603e-13, 1269.3160845437528, 265.94343061099926, 338182.242952, 137804.11660291287, 638174.1069831875, 57783.9963685821, 0.41552287499999996, 0.056686398755427886, 21679.0881040625, 57.93941217828739, 4716.455585312499, 110.01991735346948, 0, 0, 3182, 0, 5694.875, 484.8103849702479, 5130001, 0, 77538795.0625, 30580089.054212738, 160429692.5625, 14640670.340485152, 243098488.625, 19055659.651246607, 987605.4375, 23986.146793432534, 5081.125, 758.4767526925265, 884695.6358073748, 196826.7958235257, inf, -nan, 697.6744186046509, 2.2737367544323206e-13, 2331.2040063093664, 502.2924817008659, 587032.3433151251, 228281.10455234945, 281987.9669851875, 37306.84028377952, 0.10379449999999998, 0.01716853134735176, 10847.1154358125, 138.78781204247144, 4828.106276750001, 268.9987994700442, 0, 0, 1591, 0, 3869.75, 549.2833399075563, 2550001, 0, 132716528.1875, 50287890.44263363, 71583943, 9317882.1773722, 206850472.1875, 42488171.31405138
30000, 0, 30000, 0, 0, 0, 0, fixed_reps_39, 996271.5, 11991.224755003135, 19487.9375, 1015.5638500821847, 1694625.0403236873, 44784.51087986947, inf, -nan, 173.4104046242774, 5.684341886080802e-14, 661.4864781135202, 141.89634498333072, 185712.9807425625, 83435.88290002568, 1459864.3745546879, 103566.53924364944, 1.5196785, 0.05807507708346152, 44176.997017125, 833.8480672252902, 4869.168330812501, 36.81788353223809, 0, 0, 6747, 0, 6652.4375, 381.74762094052403, 10350001, 0, 42177113.8125, 18188070.57113488, 366212405.75, 25652683.317659896, 418739520.5625, 11515135.098274074, 1003978.25, 14090.921450086222, 9676.625, 908.0582907363381, 1036884.851037, 88552.0942069337, inf, -nan, 348.83720930232545, 1.1368683772161603e-13, 1269.3160845437528, 265.94343061099926, 338182.242952, 137804.11660291287, 672086.0653514375, 61339.5550547699, 0.42404000000000003, 0.06913226310667112, 21679.0881040625, 57.93941217828739, 4937.0305895, 61.66186464112288, 0, 0, 3354, 0, 5485.75, 474.59963390209225, 5130001, 0, 77538795.0625, 30580089.054212738, 169101563.1875, 15432057.926457323, 251770359.25, 18558305.547540784, 987594.375, 23988.308980300695, 5070.0625, 756.3983299781604, 899303.6361996875, 195113.47041711444, inf, -nan, 697.6744186046509, 2.2737367544323206e-13, 2331.2040063093664, 502.2924817008659, 587032.3433151251, 228281.10455234945, 296426.35896818753, 39535.37764394502, 0.100636375, 0.0055034199353106794, 10847.1154358125, 138.78781204247144, 4997.717844187499, 36.03833963117939, 0, 0, 1677, 0, 3766.875, 537.4264920665895, 2550001, 0, 132716528.1875, 50287890.44263363, 75453343, 9821551.484257184, 210719872.1875, 42084160.09122188
30000, 0, 30000, 0, 0, 0, 0, fixed_reps_41, 996257.6875, 11985.542111846413, 19474.125, 1017.4187851494585, 1769172.3187131248, 44210.766491798786, inf, -nan, 173.4104046242774, 5.684341886080802e-14, 661.4864781135202, 141.89634498333072, 185712.9807425625, 83435.88290002568, 1534159.8665229997, 104545.7772483769, 1.5088483124999998, 0.051675046890059466, 44176.997017125, 833.8480672252902, 5120.965582125, 43.538220934322815, 0, 0, 7093, 0, 6378.75, 352.8633765354517, 10350001, 0, 42177113.8125, 18188070.57113488, 384992520.25, 26968205.539078355, 437519635.0625, 12566269.095325885, 1003972.4375, 14088.365864999878, 9670.8125, 908.5623409231476, 1072934.8565608747, 87084.70658624226, inf, -nan, 348.83720930232545, 1.1368683772161603e-13, 1269.3160845437528, 265.94343061099926, 338182.242952, 137804.11660291287, 707860.3889930624, 64786.811173595735, 0.417865375, 0.06330555939338484, 21679.0881040625, 57.93941217828739, 5212.718646375, 51.46137788379442, 0, 0, 3526, 0, 5289.75, 448.11514982200725, 5130001, 0, 77538795.0625, 30580089.054212738, 177773433.8125, 16223445.512429493, 260442229.875, 18081920.071443737, 987587.625, 23989.39175155083, 5063.3125, 759.4706807005456, 915464.1935653124, 193745.0348476431, inf, -nan, 697.6744186046509, 2.2737367544323206e-13, 2331.2040063093664, 502.2924817008659, 587032.3433151251, 228281.10455234945, 312320.2260544375, 41437.63751247375, 0.10423218749999999, 0.008119709879505778, 10847.1154358125, 138.78781204247144, 5264.40452775, 49.86767832125446, 0, 0, 1763, 0, 3672.4375, 526.97722540329, 2550001, 0, 132716528.1875, 50287890.44263363, 79322743, 10325220.791142168, 214589272.1875, 41682319.09450819
30000, 0, 30000, 0, 0, 0, 0, fixed_reps_5, 998020.4375, 12022.836426820992, 21236.875, 1048.4396069278382, 421279.84128675004, 71057.97704307328, inf, -nan, 173.4104046242774, 5.684341886080802e-14, 661.4864781135202, 141.89634498333072, 185712.9807425625, 83435.88290002568, 190740.99226649996, 13685.340098812925, 1.5156901875000002, 0.07768180583815842, 44176.997017125, 833.8480672252902, 647.3555703750001, 6.201567805363126, 0, 0, 865, 0, 25115.5, 866.2939743528175, 10350001, 0, 42177113.8125, 18188070.57113488, 46950459.25, 3288805.553546141, 99477574.0625, 15226432.220866485, 1005104.0625, 13963.4036657827, 10802.4375, 855.1225766483715, 448040.67729749996, 130797.84339681982, inf, -nan, 348.83720930232545, 1.1368683772161603e-13, 1269.3160845437528, 265.94343061099926, 338182.242952, 137804.11660291287, 87527.058867, 8151.464448362395, 0.38290749999999996, 0.021358661407611668, 21679.0881040625, 57.93941217828739, 651.9044669374999, 5.901811659119746, 0, 0, 430, 0, 15630.5625, 839.8754348674272, 5130001, 0, 77538795.0625, 30580089.054212738, 21679762.5625, 1978468.9649304256, 104348558.625, 28858093.77923602, 988228.5, 24004.80160821997, 5704.1875, 736.5150387763647, 637494.54561325, 223775.87397503018, inf, -nan, 697.6744186046509, 2.2737367544323206e-13, 2331.2040063093664, 502.2924817008659, 587032.3433151251, 228281.10455234945, 38946.412541937505, 5335.237965231605, 0.10827368750000002, 0.023452801161904815, 10847.1154358125, 138.78781204247144, 668.5660466875, 32.723215983679566, 0, 0, 215, 0, 8738.6875, 666.8207891508407, 2550001, 0, 132716528.1875, 50287890.44263363, 9673543, 1259173.2672124596, 144940072.1875, 49203019.74167246
30000, 0, 30000, 0, 0, 0, 0, fixed_reps_7, 997438.5625, 12025.504084906119, 20655, 997.561401618968, 496157.30361006246, 67109.40508042263, inf, -nan, 173.4104046242774, 5.684341886080802e-14, 661.4864781135202, 141.89634498333072, 185712.9807425625, 83435.88290002568, 265367.8448956875, 18232.858482412423, 1.5059566875, 0.06814451345001918, 44176.997017125, 833.8480672252902, 897.9749980000001, 10.02234346563417, 0, 0, 1211, 0, 21549.75, 941.896391595169, 10350001, 0, 42177113.8125, 18188070.57113488, 65730573.75, 4604327.774964597, 118257688.5625, 14082494.967502192, 1004780.375, 14011.945166870122, 10478.75, 871.7202461225735, 482527.28939006256, 127939.48660128527, inf, -nan, 348.83720930232545, 1.1368683772161603e-13, 1269.3160845437528, 265.94343061099926, 338182.242952, 137804.11660291287, 121758.4065896875, 11306.761898633591, 0.38291562500000004, 0.021012737770442352, 21679.0881040625, 57.93941217828739, 907.1688286875, 8.680950173908984, 0, 0, 602, 0, 13730.9375, 868.6440200644623, 5130001, 0, 77538795.0625, 30580089.054212738, 30351633.1875, 2769856.550902596, 113020429.25, 28178727.76871816, 988077.375, 24038.96214189321, 5553.0625, 736.4848495344287, 652749.1514297499, 222280.73045689872, inf, -nan, 697.6744186046509, 2.2737367544323206e-13, 2331.2040063093664, 502.2924817008659, 587032.3433151251, 228281.10455234945, 53939.5438059375, 6987.0033337980885, 0.104979625, 0.01070138716986611, 10847.1154358125, 138.78781204247144, 930.0438932500002, 35.42423695999946, 0, 0, 301, 0, 7794.8125, 632.4736376670177, 2550001, 0, 132716528.1875, 50287890.44263363, 13542943, 1762842.5740974434, 148809472.1875, 48771417.1621913
30000, 0, 30000, 0, 0, 0, 0, fixed_reps_9, 997129.5, 12026.822278765077, 20345.9375, 1024.1429629664747, 572040.3800783126, 62844.79567814112, inf, -nan, 173.4104046242774, 5.684341886080802e-14, 661.4864781135202, 141.89634498333072, 185712.9807425625, 83435.88290002568, 341000.2706959375, 23465.77903106347, 1.5185008750000002, 0.07222503947115139, 44176.997017125, 833.8480672252902, 1148.6131218125, 14.194872799855833, 0, 0, 1557, 0, 18813, 784.1873978839496, 10350001, 0, 42177113.8125, 18188070.57113488, 84510688.25, 5919849.996383053, 137037803.0625, 12971132.883171748, 1004596.125, 14033.13974969162, 10294.5, 845.600526253384, 517350.1551123749, 125440.03565929708, inf, -nan, 348.83720930232545, 1.1368683772161603e-13, 1269.3160845437528, 265.94343061099926, 338182.242952, 137804.11660291287, 156323.9185480625, 14495.171161972734, 0.3925136250000001, 0.016546024219865473, 21679.0881040625, 57.93941217828739, 1164.512994625, 14.71290849533206, 0, 0, 774, 0, 12487.0625, 854.1130244843184, 5130001, 0, 77538795.0625, 30580089.054212738, 39023503.8125, 3561244.1368747666, 121692299.875, 27505352.37691634, 987962.5625, 24014.048914043917, 5438.25, 749.8311893353064, 668365.4719275625, 220726.7752613995, inf, -nan, 697.6744186046509, 2.2737367544323206e-13, 2331.2040063093664, 502.2924817008659, 587032.3433151251, 228281.10455234945, 69270.107269125, 9014.541624678213, 0.10160118750000001, 0.006096900126485897, 10847.1154358125, 138.78781204247144, 1215.8043063124999, 136.0343312515432, 0, 0, 387, 0, 7139.125, 589.6129954258132, 2550001, 0, 132716528.1875, 50287890.44263363, 17412343, 2266511.880982427, 152678872.1875, 48341208.89943654
30000, 0, 30000, 0, 0, 0, 0, greedy_1.000000, 1004369.9375, 11936.84684846018, 27586.375, 867.3228115154127, 270223.065215875, 81021.75126612674, inf, -nan, 173.4104046242774, 5.684341886080802e-14, 661.4864781135202, 141.89634498333072, 185712.9807425625, 83435.88290002568, 40188.708149687496, 2754.0547179672617, 1.4976414999999998, 0.06264768410424283, 44176.997017125, 833.8480672252902, 142.871373125, 6.440727169171602, 0.010291875000000002, 0.0008644035425511627, 173, 0, 44482.375, 936.632056559565, 10350001, 0, 42177113.8125, 18188070.57113488, 9390230.25, 657761.1107092282, 61917345.0625, 17586443.01161405, 1008617.125, 14079.682799494278, 14315.5, 997.5218669282393, 378621.227298, 136280.8444879075, inf, -nan, 348.83720930232545, 1.1368683772161603e-13, 1269.3160845437528, 265.94343061099926, 338182.242952, 137804.11660291287, 18612.743804374997, 1768.017434303581, 0.39226431250000005, 0.009994822370349748, 21679.0881040625, 57.93941217828739, 146.75450918750002, 6.344457335130772, 0.005664062500000001, 0.000318249601089695, 86, 0, 25422.5, 664.0437673828435, 5130001, 0, 77538795.0625, 30580089.054212738, 4336021.3125, 395693.7929860852, 87004817.375, 30233178.76528815, 990225.5625, 24077.9648926377, 7701.25, 861.6405500555321, 606471.7961230625, 227203.8412649977, inf, -nan, 697.6744186046509, 2.2737367544323206e-13, 2331.2040063093664, 502.2924817008659, 587032.3433151251, 228281.10455234945, 8437.7453796875, 1359.8977205267174, 0.098656375, 0.006828336609993316, 10847.1154358125, 138.78781204247144, 154.488929625, 26.808805173175433, 0.0044064375, 0.0018733353266550412, 43, 0, 13931.375, 562.5300964170717, 2550001, 0, 132716528.1875, 50287890.44263363, 1934743, 251834.6534424919, 137201272.1875, 50070263.50744963
30000, 0, 30000, 0, 0, 0, 0, greedy_11.000000, 996736.875, 12002.21853906081, 19953.3125, 1016.8226073626363, 840491.845248375, 59768.43769127001, inf, -nan, 173.4104046242774, 5.684341886080802e-14, 661.4864781135202, 141.89634498333072, 185712.9807425625, 83435.88290002568, 396351.66465875006, 34733.443915697615, 1.5213340624999998, 0.06613826341694036, 44176.997017125, 833.8480672252902, 214248.13941250002, 1502.9868066645508, 0.5420833749999999, 0.08940250841969914, 1903, 0, 13847.8125, 830.2465912870405, 10350001, 0, 42177113.8125, 18188070.57113488, 150286252.875, 8799952.909340829, 202813367.6875, 12147009.825280812, 1004345.625, 14058.262689940568, 10044, 874.4088717527974, 654055.5550135623, 121914.84651751778, inf, -nan, 348.83720930232545, 1.1368683772161603e-13, 1269.3160845437528, 265.94343061099926, 338182.242952, 137804.11660291287, 186123.94014481248, 20625.145129774133, 0.4061065625, 0.03311137810853081, 21679.0881040625, 57.93941217828739, 108069.693029, 1069.5671864981, 0.184677125, 0.009295586895638974, 946, 0, 10020.625, 808.0573057494128, 5130001, 0, 77538795.0625, 30580089.054212738, 72013612.5, 5164336.481246514, 154682408.5625, 26337727.125436693, 987822.5625, 24049.406975455626, 5298.25, 746.7597923696749, 734852.0841709375, 218546.63634498604, inf, -nan, 697.6744186046509, 2.2737367544323206e-13, 2331.2040063093664, 502.2924817008659, 587032.3433151251, 228281.10455234945, 81367.952139625, 11875.450377963067, 0.1087, 0.01729144500179207, 10847.1154358125, 138.78781204247144, 55604.472667937494, 1348.5168124245076, 0.09191243750000001, 0.022617502973274785, 473, 0, 5941.25, 768.3709634675167, 2550001, 0, 132716528.1875, 50287890.44263363, 33126651.375, 2971333.287606674, 168393180.5625, 47667940.62616121
30000, 0, 30000, 0, 0, 0, 0, greedy_13.000000, 996681.375, 12021.644785942355, 19897.8125, 1020.280857089728, 921046.4322773123, 58384.5288877342, inf, -nan, 173.4104046242774, 5.684341886080802e-14, 661.4864781135202, 141.89634498333072, 185712.9807425625, 83435.88290002568, 433207.58750887506, 39641.372026904195, 1.5222578125000004, 0.06630444827858341, 44176.997017125, 833.8480672252902, 257946.74161812494, 3365.266864768017, 0.6031328125000001, 0.09046213795714393, 2249, 0, 13717.5, 914.000273522935, 10350001, 0, 42177113.8125, 18188070.57113488, 169326722.9375, 10262435.300624132, 221853837.75, 11305187.65097608, 1004308.0625, 14041.33509263253, 10006.4375, 892.3966304809481, 692998.9458171874, 116914.57536150237, inf, -nan, 348.83720930232545, 1.1368683772161603e-13, 1269.3160845437528, 265.94343061099926, 338182.242952, 137804.11660291287, 203012.4032008125, 26062.749599820854, 0.4049788125, 0.04522732338727712, 21679.0881040625, 57.93941217828739, 130124.5780143125, 1203.0369659824812, 0.22856718750000002, 0.048660960732422286, 1118, 0, 9775.8125, 784.8514364793824, 5130001, 0, 77538795.0625, 30580089.054212738, 81377498.6875, 6486221.116937059, 164046294.75, 25114964.17277131, 987798, 24049.02020353428, 5273.6875, 758.7224227896194, 752034.4532391249, 216258.4283893188, inf, -nan, 697.6744186046509, 2.2737367544323206e-13, 2331.2040063093664, 502.2924817008659, 587032.3433151251, 228281.10455234945, 88154.28465956249, 13738.869219745433, 0.10345062499999999, 0.007129767544203317, 10847.1154358125, 138.78781204247144, 66000.509480125, 638.4855963380794, 0.096897875, 0.01011774757465193, 559, 0, 5822.9375, 760.6441734436346, 2550001, 0, 132716528.1875, 50287890.44263363, 37394286.6875, 3419617.528375463, 172660815.875, 47175465.05795932
30000, 0, 30000, 0, 0, 0, 0, greedy_15.000000, 996651.375, 12018.154521779748, 19867.8125, 1019.3948093568802, 996115.7493456249, 53120.08909506539, inf, -nan, 173.4104046242774, 5.684341886080802e-14, 661.4864781135202, 141.89634498333072, 185712.9807425625, 83435.88290002568, 465851.7908020625, 46365.44021058836, 1.5525345624999998, 0.09275664782912377, 44176.997017125, 833.8480672252902, 300371.8119591249, 2196.0509320148376, 0.6162901875, 0.010104062494974165, 2595, 0, 13683.25, 919.8389465009622, 10350001, 0, 42177113.8125, 18188070.57113488, 188194405.6875, 11542082.97690464, 240721520.5, 10540340.180883164, 1004283.8125, 14045.442081947573, 9982.1875, 898.2957627328262, 728874.9866817499, 113632.19134274455, inf, -nan, 348.83720930232545, 1.1368683772161603e-13, 1269.3160845437528, 265.94343061099926, 338182.242952, 137804.11660291287, 217451.3068713125, 28906.65700336516, 0.4124765, 0.060346752778214996, 21679.0881040625, 57.93941217828739, 151561.6832389375, 1122.341270974264, 0.25303893749999995, 0.043755380138430895, 1290, 0, 9732.6875, 783.432010351728, 5130001, 0, 77538795.0625, 30580089.054212738, 90133577.9375, 7248015.635220145, 172802374, 24454944.034747485, 987785.125, 24040.166175265407, 5260.8125, 753.805281451218, 769016.3933133126, 214349.35659369698, inf, -nan, 697.6744186046509, 2.2737367544323206e-13, 2331.2040063093664, 502.2924817008659, 587032.3433151251, 228281.10455234945, 93856.15043406251, 15273.256967593621, 0.107461, 0.02676313400463406, 10847.1154358125, 138.78781204247144, 77280.55970000001, 1803.9387852286598, 0.11696731249999999, 0.038583214826396255, 645, 0, 5791, 760.3629889730299, 2550001, 0, 132716528.1875, 50287890.44263363, 41401419.0625, 3811952.1938979053, 176667948.25, 46764057.03549958
30000, 0, 30000, 0, 0, 0, 0, greedy_17.000000, 996633.375, 12020.176682743686, 19849.8125, 1011.9179943768912, 1075682.456163125, 51051.39214130672, inf, -nan, 173.4104046242774, 5.684341886080802e-14, 661.4864781135202, 141.89634498333072, 185712.9807425625, 83435.88290002568, 501883.29174318747, 47555.439158368914, 1.539971, 0.08466182912328317, 44176.997017125, 833.8480672252902, 343906.94807987503, 3675.1862255879228, 0.6986093750000001, 0.047249345439745245, 2941, 0, 13664.375, 926.1942881355942, 10350001, 0, 42177113.8125, 18188070.57113488, 207062088.4375, 12833968.86228322, 259589203.25, 9898446.878159525, 1004268.5625, 14045.770800176606, 9966.9375, 900.0341291271959, 764483.3077285626, 111638.74276103414, inf, -nan, 348.83720930232545, 1.1368683772161603e-13, 1269.3160845437528, 265.94343061099926, 338182.242952, 137804.11660291287, 231865.20433937496, 32078.582300168742, 0.4194200625, 0.050420178515735097, 21679.0881040625, 57.93941217828739, 172756.092627, 1330.2491131480438, 0.2602860625, 0.03209672281064835, 1462, 0, 9705.625, 782.4349713394718, 5130001, 0, 77538795.0625, 30580089.054212738, 98889657.1875, 8016214.79498323, 181558453.25, 23803160.56337884, 987778.5, 24039.19172154089, 5254.1875, 753.0335499456515, 785790.790588, 212809.93709678666, inf, -nan, 697.6744186046509, 2.2737367544323206e-13, 2331.2040063093664, 502.2924817008659, 587032.3433151251, 228281.10455234945, 99883.38821806248, 16996.507622280606, 0.10770075, 0.016289079334403773, 10847.1154358125, 138.78781204247144, 88027.72239912499, 1017.3682300404789, 0.113519125, 0.022091925840889814, 731, 0, 5769.9375, 759.6941381857241, 2550001, 0, 132716528.1875, 50287890.44263363, 45408551.4375, 4213786.558272573, 180675080.625, 46353180.89997815
30000, 0, 30000, 0, 0, 0, 0, greedy_19.000000, 996622.375, 12017.607779186963, 19838.8125, 1001.4769230210699, 1151822.0402083124, 44875.16755961626, inf, -nan, 173.4104046242774, 5.684341886080802e-14, 661.4864781135202, 141.89634498333072, 185712.9807425625, 83435.88290002568, 535013.9182795626, 55736.42614091299, 1.5038503125, 0.04860042640723272, 44176.997017125, 833.8480672252902, 386915.87661112496, 2052.8122465745114, 0.7637076250000001, 0.013739507814487942, 3287, 0, 13652.125, 931.1635110843853, 10350001, 0, 42177113.8125, 18188070.57113488, 225929771.1875, 14134737.713746462, 278456886, 9404717.233218651, 1004257.5625, 14047.124051601942, 9955.9375, 904.9202636662249, 801551.0819435625, 108247.20347375414, inf, -nan, 348.83720930232545, 1.1368683772161603e-13, 1269.3160845437528, 265.94343061099926, 338182.242952, 137804.11660291287, 246919.08865081248, 35880.79133244883, 0.41821149999999996, 0.09129513855348487, 21679.0881040625, 57.93941217828739, 194769.9454973125, 1663.9028208558843, 0.29852787500000005, 0.05218654467493872, 1634, 0, 9685.625, 781.1761865130043, 5130001, 0, 77538795.0625, 30580089.054212738, 107645736.4375, 8789139.397605278, 190314532.5, 23160309.164380174, 987771.1875, 24039.82264446524, 5246.875, 754.589447564038, 802512.2583941249, 211472.24098558608, inf, -nan, 697.6744186046509, 2.2737367544323206e-13, 2331.2040063093664, 502.2924817008659, 587032.3433151251, 228281.10455234945, 105615.287280625, 18648.283328465164, 0.10864499999999999, 0.010379892171886953, 10847.1154358125, 138.78781204247144, 99017.2697156875, 1177.5040141718935, 0.13400187500000002, 0.039314258753782645, 817, 0, 5754.3125, 758.7972982580724, 2550001, 0, 132716528.1875, 50287890.44263363, 49415683.8125, 4622643.932937016, 184682213, 45942850.921712145
30000, 0, 30000, 0, 0, 0, 0, greedy_21.000000, 996613, 12016.679501842429, 19829.4375, 1003.6026958382237, 1230002.4798323126, 43028.51937767062, inf, -nan, 173.4104046242774, 5.684341886080802e-14, 661.4864781135202, 141.89634498333072, 185712.9807425625, 83435.88290002568, 568922.547349125, 60744.89657197231, 1.5388583749999998, 0.10302198284581972, 44176.997017125, 833.8480672252902, 431187.5822795, 9714.170585101376, 0.8335856250000001, 0.012735177039773527, 3633, 0, 13643.875, 934.4820005623436, 10350001, 0, 42177113.8125, 18188070.57113488, 244797453.9375, 15442144.924873801, 297324568.75, 9083343.989957748, 1004246.875, 14048.30144926336, 9945.25, 907.716537526997, 838805.2753042501, 105891.32249858615, inf, -nan, 348.83720930232545, 1.1368683772161603e-13, 1269.3160845437528, 265.94343061099926, 338182.242952, 137804.11660291287, 261712.25736331253, 38862.694089818375, 0.4016625, 0.013072398723072974, 21679.0881040625, 57.93941217828739, 217230.9602481875, 3857.9959886405845, 0.3249741874999999, 0.060051823716289775, 1806, 0, 9670.0625, 780.2640153138872, 5130001, 0, 77538795.0625, 30580089.054212738, 116401815.6875, 9565644.0338371, 199070611.75, 22527154.527229313, 987763.625, 24037.447519118476, 5239.3125, 756.705831115203, 819100.1609676875, 209843.1685685899, inf, -nan, 697.6744186046509, 2.2737367544323206e-13, 2331.2040063093664, 502.2924817008659, 587032.3433151251, 228281.10455234945, 111309.979823625, 20327.346770089684, 0.10281218749999999, 0.014316510949855895, 10847.1154358125, 138.78781204247144, 109910.485547, 1162.7007314400246, 0.13403393749999998, 0.037959202928059405, 903, 0, 5741.125, 758.1801298998807, 2550001, 0, 132716528.1875, 50287890.44263363, 53422816.1875, 5036814.354796631, 188689345.375, 45533081.86610213
30000, 0, 30000, 0, 0, 0, 0, greedy_23.000000, 996603.3125, 12016.926316235935, 19819.75, 1001.3792675604983, 1309092.6681538748, 41978.71514582562, inf, -nan, 173.4104046242774, 5.684341886080802e-14, 661.4864781135202, 141.89634498333072, 185712.9807425625, 83435.88290002568, 606582.0097146876, 65750.10800900875, 1.4780618125, 0.08896212211470868, 44176.997017125, 833.8480672252902, 472618.23541706253, 3353.802197523378, 0.9672006249999999, 0.013294419688703046, 3979, 0, 13638.25, 937.1408978910268, 10350001, 0, 42177113.8125, 18188070.57113488, 263665136.6875, 16754636.543096144, 316192251.5, 8952907.12612675, 1004239.8125, 14046.926617674904, 9938.1875, 910.2972192332294, 873729.8903731251, 102587.00440986516, inf, -nan, 348.83720930232545, 1.1368683772161603e-13, 1269.3160845437528, 265.94343061099926, 338182.242952, 137804.11660291287, 276380.9877896875, 42683.413718636344, 0.40715281250000007, 0.028806504882184926, 21679.0881040625, 57.93941217828739, 237486.80632187496, 1457.7413716784852, 0.3580526875, 0.0689239852089956, 1978, 0, 9658.3125, 779.9319456489457, 5130001, 0, 77538795.0625, 30580089.054212738, 125157894.9375, 10344922.567808148, 207826691, 21904537.528055247, 987755.25, 24038.798229372864, 5230.9375, 757.3505189763522, 835953.1495611875, 207828.42969032333, inf, -nan, 697.6744186046509, 2.2737367544323206e-13, 2331.2040063093664, 502.2924817008659, 587032.3433151251, 228281.10455234945, 117171.2244164375, 22057.00760150502, 0.11351406250000001, 0.03148975983845532, 10847.1154358125, 138.78781204247144, 120902.2216694375, 1457.255945392773, 0.13121031249999998, 0.017571928183607047, 989, 0, 5729.625, 757.557248249266, 2550001, 0, 132716528.1875, 50287890.44263363, 57429948.5625, 5455087.799529593, 192696477.75, 45123889.01433005
30000, 0, 30000, 0, 0, 0, 0, greedy_25.000000, 996599.75, 12019.030813152116, 19816.1875, 999.8502524597121, 1387850.0819780624, 40614.4725415899, inf, -nan, 173.4104046242774, 5.684341886080802e-14, 661.4864781135202, 141.89634498333072, 185712.9807425625, 83435.88290002568, 642061.2533544375, 70103.41341229493, 1.5293883125, 0.11042362859954313, 44176.997017125, 833.8480672252902, 515896.3375186875, 2900.4768354219423, 0.9839569375000001, 0.013974250554451697, 4325, 0, 13634.75, 938.9093739546964, 10350001, 0, 42177113.8125, 18188070.57113488, 282532819.4375, 18071104.77164436, 335059934.25, 9021692.199595846, 1004230.25, 14046.928456516749, 9928.625, 908.9998538916274, 909288.2004593749, 101194.36367658405, inf, -nan, 348.83720930232545, 1.1368683772161603e-13, 1269.3160845437528, 265.94343061099926, 338182.242952, 137804.11660291287, 290544.99381025, 45127.08273905466, 0.404208625, 0.018878106747218456, 21679.0881040625, 57.93941217828739, 258881.12887000002, 1974.8979789460334, 0.34251443750000005, 0.019450701622848825, 2150, 0, 9648.75, 779.7831830066611, 5130001, 0, 77538795.0625, 30580089.054212738, 133913974.1875, 11126392.173841715, 216582770.25, 21293382.546289116, 987746.5625, 24037.271244280073, 5222.25, 760.5002054569085, 852641.0763025624, 206488.61416286856, inf, -nan, 697.6744186046509, 2.2737367544323206e-13, 2331.2040063093664, 502.2924817008659, 587032.3433151251, 228281.10455234945, 122871.79720499998, 23865.520944339514, 0.11349150000000002, 0.028002460938728223, 10847.1154358125, 138.78781204247144, 131889.5715985625, 1317.9003044056274, 0.13525656249999998, 0.026498987204629034, 1075, 0, 5719.5, 757.1109562012691, 2550001, 0, 132716528.1875, 50287890.44263363, 61437080.9375, 5876588.2192300195, 196703610.125, 44715288.18504829
30000, 0, 30000, 0, 0, 0, 0, greedy_27.000000, 996596.5625, 12018.865061689217, 19813, 998.2618644423917, 1467334.7712309374, 40244.29975397556, inf, -nan, 173.4104046242774, 5.684341886080802e-14, 661.4864781135202, 141.89634498333072, 185712.9807425625, 83435.88290002568, 679318.6138491875, 74000.01341202557, 1.536318, 0.06294677523710013, 44176.997017125, 833.8480672252902, 558123.5775817501, 4477.815665398957, 1.0657223125, 0.04016112499625534, 4671, 0, 13632.375, 940.5197283284386, 10350001, 0, 42177113.8125, 18188070.57113488, 301400502.1875, 19390739.692190457, 353927617, 9285272.771733413, 1004221.625, 14046.740920383454, 9920, 907.9359145886895, 946320.9746299998, 98031.64128422714, inf, -nan, 348.83720930232545, 1.1368683772161603e-13, 1269.3160845437528, 265.94343061099926, 338182.242952, 137804.11660291287, 305497.1578689374, 48423.647761229, 0.40976150000000006, 0.03790510944450629, 21679.0881040625, 57.93941217828739, 280961.6747869375, 1850.1724579621368, 0.4011565625, 0.08087776018548667, 2322, 0, 9640.125, 779.7590873949466, 5130001, 0, 77538795.0625, 30580089.054212738, 142670053.4375, 11909621.547245858, 225338849.5, 20694705.09399823, 987742.6875, 24035.069556584265, 5218.375, 756.6471168087538, 870043.01888475, 204958.05362920274, inf, -nan, 697.6744186046509, 2.2737367544323206e-13, 2331.2040063093664, 502.2924817008659, 587032.3433151251, 228281.10455234945, 128636.16244768749, 25490.41877270896, 0.11884343749999998, 0.03481376682967665, 10847.1154358125, 138.78781204247144, 143527.125207875, 3108.8959937554873, 0.1536348125, 0.040559391936730804, 1161, 0, 5710.75, 756.9614834983349, 2550001, 0, 132716528.1875, 50287890.44263363, 65444213.3125, 6300668.015229396, 200710742.5, 44307295.757111914
30000, 0, 30000, 0, 0, 0, 0, greedy_29.000000, 996591.875, 12020.691779568055, 19808.3125, 995.615369931456, 1548117.7259155, 39684.59896437359, inf, -nan, 173.4104046242774, 5.684341886080802e-14, 661.4864781135202, 141.89634498333072, 185712.9807425625, 83435.88290002568, 716959.9672568752, 78868.46863027435, 1.4737154375, 0.06132775984919957, 44176.997017125, 833.8480672252902, 601265.182458625, 4419.537559579362, 1.124724875, 0.019504039225487994, 5017, 0, 13630.875, 941.4434977071114, 10350001, 0, 42177113.8125, 18188070.57113488, 320268184.9375, 20712936.057422694, 372795299.75, 9727827.450812798, 1004215.75, 14045.601141905603, 9914.125, 907.6330394906303, 982103.30762225, 94945.03088308251, inf, -nan, 348.83720930232545, 1.1368683772161603e-13, 1269.3160845437528, 265.94343061099926, 338182.242952, 137804.11660291287, 320065.7841243126, 52115.23194803315, 0.39211862499999994, 0.02243285711260104, 21679.0881040625, 57.93941217828739, 302175.3989888125, 2473.965475815891, 0.40133443750000003, 0.04712041869371593, 2494, 0, 9632.5, 779.7839444358931, 5130001, 0, 77538795.0625, 30580089.054212738, 151426132.6875, 12694284.962589916, 234094928.75, 20109619.596422493, 987736.0625, 24038.261146214252, 5211.75, 756.8069849704084, 886881.9059206875, 204913.52798557768, inf, -nan, 697.6744186046509, 2.2737367544323206e-13, 2331.2040063093664, 502.2924817008659, 587032.3433151251, 228281.10455234945, 134358.67979093752, 27073.058846906653, 0.1026200625, 0.00616622651494362, 10847.1154358125, 138.78781204247144, 154643.5123725625, 4208.194848056747, 0.15238618750000002, 0.027462697129967836, 1247, 0, 5702.5625, 756.2573114315986, 2550001, 0, 132716528.1875, 50287890.44263363, 69451345.6875, 6726839.370744748, 204717874.875, 43899928.69340884
30000, 0, 30000, 0, 0, 0, 0, greedy_3.000000, 999373.125, 11916.975926566898, 22589.5625, 922.7328953135626, 388324.11277656246, 76450.06632927134, inf, -nan, 173.4104046242774, 5.684341886080802e-14, 661.4864781135202, 141.89634498333072, 185712.9807425625, 83435.88290002568, 115286.44351799999, 8085.007653849854, 1.4780998750000003, 0.0425890701249672, 44176.997017125, 833.8480672252902, 43146.0837133125, 327.77218859293333, 0.12968568749999998, 0.006848517263966249, 519, 0, 27364.625, 885.6810144600594, 10350001, 0, 42177113.8125, 18188070.57113488, 38476974.5625, 1996273.6170550042, 91004089.375, 16383236.351161707, 1005716.25, 14027.549864017594, 11414.625, 839.8178280883301, 434859.7610600625, 133689.04433526992, inf, -nan, 348.83720930232545, 1.1368683772161603e-13, 1269.3160845437528, 265.94343061099926, 338182.242952, 137804.11660291287, 53175.306612437504, 4863.302393492165, 0.39404462500000004, 0.009132940462106118, 21679.0881040625, 57.93941217828739, 21822.669990562496, 227.40935766153933, 0.059356374999999996, 0.007407369977554448, 258, 0, 16530.125, 963.6883491954233, 5130001, 0, 77538795.0625, 30580089.054212738, 18128323.5, 1176172.7282258547, 100797119.5625, 29547897.543653596, 988714, 24070.10588364746, 6189.6875, 680.9914388916721, 632510.5957133125, 225678.56571269635, inf, -nan, 697.6744186046509, 2.2737367544323206e-13, 2331.2040063093664, 502.2924817008659, 587032.3433151251, 228281.10455234945, 23506.2267970625, 3070.793939797146, 0.10449225000000001, 0.00560996202638663, 10847.1154358125, 138.78781204247144, 11124.773084562501, 134.4997959306653, 0.0325885, 0.011333458518916458, 129, 0, 9196.4375, 691.8682107842143, 2550001, 0, 132716528.1875, 50287890.44263363, 8328721.3125, 747298.0332133826, 143595250.5, 49638733.67171524
30000, 0, 30000, 0, 0, 0, 0, greedy_31.000000, 996590.3125, 12021.319554851028, 19806.75, 994.2078819341557, 1627299.834641125, 38115.7211002243, inf, -nan, 173.4104046242774, 5.684341886080802e-14, 661.4864781135202, 141.89634498333072, 185712.9807425625, 83435.88290002568, 752250.7615029999, 81545.56268837873, 1.5090155, 0.0652916130678359, 44176.997017125, 833.8480672252902, 645156.3809461877, 5047.261822329232, 1.2054167499999997, 0.0213722352817271, 5363, 0, 13629.875, 942.0280565752805, 10350001, 0, 42177113.8125, 18188070.57113488, 339135867.6875, 22037232.825232834, 391662982.5, 10326371.073427882, 1004210.375, 14046.627094586622, 9908.75, 906.3234452997451, 1017890.215732, 93884.5497234727, inf, -nan, 348.83720930232545, 1.1368683772161603e-13, 1269.3160845437528, 265.94343061099926, 338182.242952, 137804.11660291287, 334418.00439112505, 54382.76556756157, 0.3993525, 0.018687853986613875, 21679.0881040625, 57.93941217828739, 323610.03222206247, 1731.7724686334873, 0.4487102499999999, 0.07248554746939213, 2666, 0, 9625.8125, 780.2417268665846, 5130001, 0, 77538795.0625, 30580089.054212738, 160182211.9375, 13480132.000264943, 242851008, 19539347.082704674, 987731.375, 24039.217795809727, 5207.0625, 755.2043157939115, 903348.642775125, 201497.52019987453, inf, -nan, 697.6744186046509, 2.2737367544323206e-13, 2331.2040063093664, 502.2924817008659, 587032.3433151251, 228281.10455234945, 140405.78193737502, 29205.620311937993, 0.11209125, 0.026378514255213467, 10847.1154358125, 138.78781204247144, 165063.1361918125, 1671.7772583393487, 0.15380375, 0.015822074079825943, 1333, 0, 5695.375, 755.9878367903812, 2550001, 0, 132716528.1875, 50287890.44263363, 73458478.0625, 7154728.544353984, 208725007.25, 43493204.565845676
30000, 0, 30000, 0, 0, 0, 0, greedy_33.000000, 996589.75, 12021.550427773449, 19806.1875, 993.9930343537374, 1705079.5364617498, 39367.97106740515, inf, -nan, 173.4104046242774, 5.684341886080802e-14, 661.4864781135202, 141.89634498333072, 185712.9807425625, 83435.88290002568, 786889.7351035, 85949.80497983181, 1.508965875, 0.10125822504732332, 44176.997017125, 833.8480672252902, 688297.0476486874, 8363.93083456252, 1.2669839999999999, 0.010570535322300388, 5709, 0, 13629.1875, 942.3717564442125, 10350001, 0, 42177113.8125, 18188070.57113488, 358003550.4375, 23363272.827970956, 410530665.25, 11055597.15010985, 1004202.6875, 14052.014191561428, 9901.0625, 905.9423594212548, 1057438.1787945626, 91280.7834281114, inf, -nan, 348.83720930232545, 1.1368683772161603e-13, 1269.3160845437528, 265.94343061099926, 338182.242952, 137804.11660291287, 350106.58540156245, 58144.52225974643, 0.40121631249999995, 0.01686291245128919, 21679.0881040625, 57.93941217828739, 347469.41693906253, 5103.192165235986, 0.4441815625, 0.06093474813988398, 2838, 0, 9620.625, 780.9194800842146, 5130001, 0, 77538795.0625, 30580089.054212738, 168938291.1875, 14266967.074259838, 251607087.25, 18985222.443898216, 987728.875, 24038.064634229082, 5204.5625, 757.2156206086546, 919987.4947606248, 200329.01325012883, inf, -nan, 697.6744186046509, 2.2737367544323206e-13, 2331.2040063093664, 502.2924817008659, 587032.3433151251, 228281.10455234945, 146033.02138125003, 30659.99781390649, 0.10267237500000001, 0.005378607764503282, 10847.1154358125, 138.78781204247144, 176074.7656950625, 2645.188422438136, 0.146261, 0.006587566802317828, 1419, 0, 5688.75, 755.7778691520413, 2550001, 0, 132716528.1875, 50287890.44263363, 77465610.4375, 7584044.785529091, 212732139.625, 43087141.58155009
30000, 0, 30000, 0, 0, 0, 0, greedy_35.000000, 996589.5625, 12021.62516555452, 19806, 993.8466934089986, 1784575.6960959376, 38958.60608060989, inf, -nan, 173.4104046242774, 5.684341886080802e-14, 661.4864781135202, 141.89634498333072, 185712.9807425625, 83435.88290002568, 823896.8541885, 89513.07755065114, 1.5301431875000002, 0.10736623501025519, 44176.997017125, 833.8480672252902, 730785.9871357499, 6403.950698526228, 1.3468688125000001, 0.019049985512523192, 6055, 0, 13628.8125, 942.4386066708802, 10350001, 0, 42177113.8125, 18188070.57113488, 376871233.1875, 24690775.201296136, 429398348, 11891488.271488724, 1004197.6875, 14054.368834630879, 9896.0625, 906.9476603386493, 1091742.2678554999, 89676.03543968669, inf, -nan, 348.83720930232545, 1.1368683772161603e-13, 1269.3160845437528, 265.94343061099926, 338182.242952, 137804.11660291287, 364179.8703565, 60166.336729309776, 0.4441813125, 0.08195366265359862, 21679.0881040625, 57.93941217828739, 367700.10597881256, 2680.426590520747, 0.5162828125, 0.09837861692792975, 3010, 0, 9615.875, 782.1273773337691, 5130001, 0, 77538795.0625, 30580089.054212738, 177694370.4375, 15054635.265318735, 260363166.5, 18448700.78868727, 987724.1875, 24038.306053096665, 5199.875, 755.9688216950485, 935870.6866934375, 198712.10028203757, inf, -nan, 697.6744186046509, 2.2737367544323206e-13, 2331.2040063093664, 502.2924817008659, 587032.3433151251, 228281.10455234945, 151637.14440037502, 32246.81863455329, 0.10450418750000001, 0.0078151746159215, 10847.1154358125, 138.78781204247144, 186353.82488775, 1744.121672820617, 0.1541501875, 0.010158144732299488, 1505, 0, 5682.875, 755.5731164983307, 2550001, 0, 132716528.1875, 50287890.44263363, 81472742.8125, 8014558.766167575, 216739272, 42681758.610353805
30000, 0, 30000, 0, 0, 0, 0, greedy_37.000000, 996589.1875, 12021.46551599861, 19805.625, 993.9330255983045, 1861565.4128000627, 39828.451285788964, inf, -nan, 173.4104046242774, 5.684341886080802e-14, 661.4864781135202, 141.89634498333072, 185712.9807425625, 83435.88290002568, 858398.0594387499, 93926.2624232297, 1.5629816875000002, 0.09581872885344411, 44176.997017125, 833.8480672252902, 773274.3878224376, 5662.899901251894, 1.4247975, 0.03414153834590641, 6401, 0, 13628.5, 942.344151570964, 10350001, 0, 42177113.8125, 18188070.57113488, 395738915.9375, 26019516.117978107, 448266030.75, 12813185.959878929, 1004193.4375, 14052.373295856247, 9891.8125, 904.1324031046282, 1127743.4936158126, 86535.5134098365, inf, -nan, 348.83720930232545, 1.1368683772161603e-13, 1269.3160845437528, 265.94343061099926, 338182.242952, 137804.11660291287, 379043.4076439375, 64290.230297393435, 0.42011, 0.07164226603496708, 21679.0881040625, 57.93941217828739, 388837.8063324375, 5455.951161909817, 0.5284733749999999, 0.082020714790438, 3182, 0, 9611.875, 783.2696594245177, 5130001, 0, 77538795.0625, 30580089.054212738, 186450449.6875, 15843012.31350464, 269119245.75, 17931362.27555065, 987718.75, 24037.937366015827, 5194.4375, 755.286946195782, 952488.755623375, 197161.89572411485, inf, -nan, 697.6744186046509, 2.2737367544323206e-13, 2331.2040063093664, 502.2924817008659, 587032.3433151251, 228281.10455234945, 157582.67305312498, 33953.200150762226, 0.11053793750000002, 0.029728837558145357, 10847.1154358125, 138.78781204247144, 197026.35140112496, 1666.4746585367648, 0.16188025, 0.020630681634097793, 1591, 0, 5677.5, 755.2520274716248, 2550001, 0, 132716528.1875, 50287890.44263363, 85479875.1875, 8446087.334720217, 220746404.375, 42277075.21362382
30000, 0, 30000, 0, 0, 0, 0, greedy_39.000000, 996588.75, 12021.631947763997, 19805.1875, 993.9977501703663, 1938995.5578786249, 40560.9628568334, inf, -nan, 173.4104046242774, 5.684341886080802e-14, 661.4864781135202, 141.89634498333072, 185712.9807425625, 83435.88290002568, 894254.2640385625, 97718.12847933896, 1.5447255000000002, 0.08182225787492059, 44176.997017125, 833.8480672252902, 814848.2516731876, 5468.537431129957, 1.5196816875000003, 0.022259616673807395, 6747, 0, 13628.375, 942.2991745592267, 10350001, 0, 42177113.8125, 18188070.57113488, 414606598.6875, 27349315.058197573, 467133713.5, 13803512.297236927, 1004188.8125, 14055.857565525617, 9887.1875, 903.9243067556873, 1164338.2847385001, 86546.94614984798, inf, -nan, 348.83720930232545, 1.1368683772161603e-13, 1269.3160845437528, 265.94343061099926, 338182.242952, 137804.11660291287, 393740.7020738125, 67112.08217611702, 0.4184739375, 0.06584528046913152, 21679.0881040625, 57.93941217828739, 410735.27328112494, 4336.302436312235, 0.5598535625, 0.08583492593560674, 3354, 0, 9608.25, 784.6529089348998, 5130001, 0, 77538795.0625, 30580089.054212738, 195206528.9375, 16631997.41703496, 277875325, 17434914.62680241, 987713.0625, 24039.126399655077, 5188.75, 756.0293893097014, 969409.3284969376, 195725.40456200283, inf, -nan, 697.6744186046509, 2.2737367544323206e-13, 2331.2040063093664, 502.2924817008659, 587032.3433151251, 228281.10455234945, 163215.932967125, 35681.49887666098, 0.1069869375, 0.021270325521923584, 10847.1154358125, 138.78781204247144, 208313.65944999998, 2194.179517735503, 0.1703419375, 0.028318566128223976, 1677, 0, 5672.5, 755.1849938922251, 2550001, 0, 132716528.1875, 50287890.44263363, 89487007.5625, 8878482.553737111, 224753536.75, 41873111.674512856
30000, 0, 30000, 0, 0, 0, 0, greedy_5.000000, 997913.8125, 11962.050206897802, 21130.25, 997.6609832503224, 506079.132257875, 71731.5253223785, inf, -nan, 173.4104046242774, 5.684341886080802e-14, 661.4864781135202, 141.89634498333072, 185712.9807425625, 83435.88290002568, 190135.07028543748, 13539.191246156659, 1.5069986249999998, 0.0654889859526728, 44176.997017125, 833.8480672252902, 86052.35627281248, 561.0222971413162, 0.22094131250000001, 0.007658589326034121, 865, 0, 21633.875, 810.8527051043241, 10350001, 0, 42177113.8125, 18188070.57113488, 67558949.6875, 3324343.4854382845, 120086064.5, 15207877.651360212, 1005072.1875, 14058.729922270495, 10770.5625, 841.7648846879691, 490901.107479, 131164.86822854754, inf, -nan, 348.83720930232545, 1.1368683772161603e-13, 1269.3160845437528, 265.94343061099926, 338182.242952, 137804.11660291287, 87582.349343, 7819.135576737523, 0.390834, 0.01845975527329656, 21679.0881040625, 57.93941217828739, 43456.9341425625, 413.3750450404981, 0.10210337499999998, 0.011326734193242774, 430, 0, 13833.8125, 934.8819590428249, 5130001, 0, 77538795.0625, 30580089.054212738, 31909560.9375, 1937514.7963921612, 114578357, 28886895.03214228, 988217.125, 24031.227566634523, 5692.8125, 740.736223188626, 658941.4467104375, 223819.4576183726, inf, -nan, 697.6744186046509, 2.2737367544323206e-13, 2331.2040063093664, 502.2924817008659, 587032.3433151251, 228281.10455234945, 38802.047377, 5224.233096451783, 0.1063543125, 0.004062258188476425, 10847.1154358125, 138.78781204247144, 22259.7935401875, 882.4314629558777, 0.040687999999999995, 0.0073720482652380945, 215, 0, 7751.4375, 690.3841293756325, 2550001, 0, 132716528.1875, 50287890.44263363, 14708610.0625, 1270419.448444266, 149975139.25, 49192520.94379806
30000, 0, 30000, 0, 0, 0, 0, greedy_7.000000, 997306.3125, 11996.636183315877, 20522.75, 1016.8095015783439, 623672.5557816875, 66962.77455854737, inf, -nan, 173.4104046242774, 5.684341886080802e-14, 661.4864781135202, 141.89634498333072, 185712.9807425625, 83435.88290002568, 264960.805424375, 19299.441675635142, 1.5250829375, 0.06344772993719787, 44176.997017125, 833.8480672252902, 128819.92372431252, 629.9072008139755, 0.32379037499999996, 0.008956291802938027, 1211, 0, 17985.625, 778.2796633440964, 10350001, 0, 42177113.8125, 18188070.57113488, 96612676.125, 4630437.216166752, 149139790.9375, 14077248.260146316, 1004677.5625, 14066.405515308228, 10375.9375, 865.7247302657756, 546819.3300542501, 128407.03990045688, inf, -nan, 348.83720930232545, 1.1368683772161603e-13, 1269.3160845437528, 265.94343061099926, 338182.242952, 137804.11660291287, 121961.16129437501, 11124.935094386536, 0.40882275, 0.03202364150221677, 21679.0881040625, 57.93941217828739, 64996.295217312494, 589.669494325245, 0.13366375, 0.009263036775944486, 602, 0, 12192.25, 985.8255740748461, 5130001, 0, 77538795.0625, 30580089.054212738, 45652348.4375, 2785391.7896887045, 128321144.5, 28152279.520944946, 988023.875, 24018.66807525711, 5499.5625, 768.2392180133412, 684683.1133559375, 222198.1626146573, inf, -nan, 697.6744186046509, 2.2737367544323206e-13, 2331.2040063093664, 502.2924817008659, 587032.3433151251, 228281.10455234945, 53722.39886418751, 7292.333689878937, 0.10226543750000001, 0.005888564638016106, 10847.1154358125, 138.78781204247144, 33081.095019750006, 287.3075639736165, 0.058455625, 0.008004474973998919, 301, 0, 6989.0625, 681.9272751501805, 2550001, 0, 132716528.1875, 50287890.44263363, 21051016, 1798555.351122325, 156317545.1875, 48742303.158584006
30000, 0, 30000, 0, 0, 0, 0, greedy_9.000000, 996940, 11994.378500989536, 20156.4375, 973.9098372507334, 742063.735807125, 61865.040824098964, inf, -nan, 173.4104046242774, 5.684341886080802e-14, 661.4864781135202, 141.89634498333072, 185712.9807425625, 83435.88290002568, 340589.7041394374, 25653.533326375007, 1.4459965, 0.11139159593692423, 44176.997017125, 833.8480672252902, 171582.22268543753, 1206.5726553932593, 0.3852260625000001, 0.009663140227617198, 1557, 0, 15381.25, 836.6310043860435, 10350001, 0, 42177113.8125, 18188070.57113488, 125709481.1875, 6130845.093743441, 178236596, 12770481.305182451, 1004475, 14058.14258712722, 10173.375, 876.386107474896, 602856.25603875, 125811.44080236104, inf, -nan, 348.83720930232545, 1.1368683772161603e-13, 1269.3160845437528, 265.94343061099926, 338182.242952, 137804.11660291287, 156453.1399215, 14408.851169591051, 0.41252625000000004, 0.03177139574660672, 21679.0881040625, 57.93941217828739, 86541.2135735625, 618.2312513238361, 0.158961375, 0.007970405540772376, 774, 0, 10955.1875, 1011.7086548724144, 5130001, 0, 77538795.0625, 30580089.054212738, 59449659.6875, 3577268.330290616, 142118455.75, 27492664.753582526, 987910.9375, 24035.758453470815, 5386.625, 764.129641732998, 710698.3612890624, 220205.228112673, inf, -nan, 697.6744186046509, 2.2737367544323206e-13, 2331.2040063093664, 502.2924817008659, 587032.3433151251, 228281.10455234945, 68815.497801875, 9711.506324845912, 0.10597743750000001, 0.006759081353711742, 10847.1154358125, 138.78781204247144, 44003.23240937501, 356.0979819599963, 0.0663494375, 0.009661340382995195, 387, 0, 6444, 679.2113073263724, 2550001, 0, 132716528.1875, 50287890.44263363, 27395526.6875, 2375161.465345612, 162662055.875, 48275905.421594076
30000, 0, 30000, 0, 0, 0, 0, opt, 996002.75, 11975.992931172763, 19219.1875, 1012.1569924392905, 3248421.892037812, 423801.1423934216, inf, -nan, 173.4104046242774, 5.684341886080802e-14, 661.4864781135202, 141.89634498333072, 185712.9807425625, 83435.88290002568, 3018530.5434486875, 498329.9686963407, 1.3708294375, 0.04661294526868147, 44176.997017125, 833.8480672252902, 0, 0, 0, 0, 0, 0, 0, 0, 10350001, 0, 42177113.8125, 18188070.57113488, 732986068.75, 114556673.9803846, 785513183.5625, 98134738.13238542, 1003811.75, 14094.200250014188, 9510.125, 908.5905207380275, 2911263.244219063, 472385.54792408465, inf, -nan, 348.83720930232545, 1.1368683772161603e-13, 1269.3160845437528, 265.94343061099926, 338182.242952, 137804.11660291287, 2551401.5637927502, 589204.2015252829, 0.34937025, 0.009437864194959577, 21679.0881040625, 57.93941217828739, 0, 0, 0, 0, 0, 0, 0, 0, 5130001, 0, 77538795.0625, 30580089.054212738, 622126531.5625, 138241101.37199444, 704795327.625, 112232447.49699618, 987468.1875, 23974.364397775884, 4943.875, 768.5774094878147, 2571605.798637687, 491568.44484479417, inf, -nan, 697.6744186046509, 2.2737367544323206e-13, 2331.2040063093664, 502.2924817008659, 587032.3433151251, 228281.10455234945, 1973726.2451761249, 692596.9148377179, 0.09471062499999998, 0.005726972268081537, 10847.1154358125, 138.78781204247144, 0, 0, 0, 0, 0, 0, 0, 0, 2550001, 0, 132716528.1875, 50287890.44263363, 477964026, 162083795.92549726, 613230555.1875, 117525711.86080816
30000, 0, 30000, 0, 0, 0, 0, plus_edge, 1002031.4375, 12183.871285272746, 25247.875, 765.2662016416249, 270810.5647615, 80881.22678540123, inf, -nan, 173.4104046242774, 5.684341886080802e-14, 661.4864781135202, 141.89634498333072, 185712.9807425625, 83435.88290002568, 40919.2344200625, 2914.7461819406003, 1.35258175, 0.05308657134400847, 44176.997017125, 833.8480672252902, 0, 0, 0, 0, 0, 0, 0, 0, 10350001, 0, 42177113.8125, 18188070.57113488, 9389641.25, 657761.1107092282, 61916756.0625, 17586443.01161405, 1007529.3125, 14046.987269156463, 13227.6875, 927.2080213435116, 378389.9740855625, 136335.8708685973, inf, -nan, 348.83720930232545, 1.1368683772161603e-13, 1269.3160845437528, 265.94343061099926, 338182.242952, 137804.11660291287, 18528.3026194375, 1678.190022234447, 0.3404100624999999, 0.006865304731662951, 21679.0881040625, 57.93941217828739, 0, 0, 0, 0, 0, 0, 0, 0, 5130001, 0, 77538795.0625, 30580089.054212738, 4313160.3125, 395693.7929860852, 86981956.375, 30233178.76528815, 989745.5625, 24037.417542679035, 7221.25, 838.8097594210501, 606113.8710971875, 227355.64360443733, inf, -nan, 697.6744186046509, 2.2737367544323206e-13, 2331.2040063093664, 502.2924817008659, 587032.3433151251, 228281.10455234945, 8234.32334675, 1084.8352771627833, 0.0889995, 0.00827483681107972, 10847.1154358125, 138.78781204247144, 0, 0, 0, 0, 0, 0, 0, 0, 2550001, 0, 132716528.1875, 50287890.44263363, 1906464, 251834.6534424919, 137172993.1875, 50070263.50744963
30000, 0, 30000, 0, 0, 0, 0, simple, 1004369.9375, 11936.84684846018, 27586.375, 867.3228115154127, 270595.69031481247, 80936.50185383244, inf, -nan, 173.4104046242774, 5.684341886080802e-14, 661.4864781135202, 141.89634498333072, 185712.9807425625, 83435.88290002568, 40704.3571783125, 2860.1812838187584, 1.3553768124999999, 0.05261607933324511, 44176.997017125, 833.8480672252902, 0, 0, 0, 0, 0, 0, 0, 0, 10350001, 0, 42177113.8125, 18188070.57113488, 9360057.25, 657761.1107092282, 61887172.0625, 17586443.01161405, 1008617.125, 14079.682799494278, 14315.5, 997.5218669282393, 378326.80219443754, 136357.65300276515, inf, -nan, 348.83720930232545, 1.1368683772161603e-13, 1269.3160845437528, 265.94343061099926, 338182.242952, 137804.11660291287, 18465.1325115, 1664.5071473453881, 0.33862687500000005, 0.005362038312001796, 21679.0881040625, 57.93941217828739, 0, 0, 0, 0, 0, 0, 0, 0, 5130001, 0, 77538795.0625, 30580089.054212738, 4305935.3125, 395693.7929860852, 86974731.375, 30233178.76528815, 990225.5625, 24077.9648926377, 7701.25, 861.6405500555321, 606162.0227744376, 227312.67968682025, inf, -nan, 697.6744186046509, 2.2737367544323206e-13, 2331.2040063093664, 502.2924817008659, 587032.3433151251, 228281.10455234945, 8282.4720166875, 1137.8093416137858, 0.09200681250000001, 0.004504715504595573, 10847.1154358125, 138.78781204247144, 0, 0, 0, 0, 0, 0, 0, 0, 2550001, 0, 132716528.1875, 50287890.44263363, 1904700, 251834.6534424919, 137171229.1875, 50070263.50744963
