N_mu, N_sigma, N, MST_Cost_mu, MST_Cost_sigma, MST_Runtime_mu, MST_Runtime_sigma, RunType, C173_MFC_Cost_mu, C173_MFC_Cost_sigma, C173_MFC_Completion_Cost_mu, C173_MFC_Completion_Cost_sigma, C173_MFC_Runtime_mu, C173_MFC_Runtime_sigma, C173_Gamma_mu, C173_Gamma_sigma, C173_Cluster_Size_Mu_mu, C173_Cluster_Size_Mu_sigma, C173_Cluster_Size_Sigma_mu, C173_Cluster_Size_Sigma_sigma, C173_Sub_Clustering_Runtime_mu, C173_Sub_Clustering_Runtime_sigma, C173_Completion_Edges_Runtime_mu, C173_Completion_Edges_Runtime_sigma, C173_Completion_Runtime_mu, C173_Completion_Runtime_sigma, C173_Clustering_Runtime_mu, C173_Clustering_Runtime_sigma, C173_Find_Reps_Runtime_mu, C173_Find_Reps_Runtime_sigma, C173_Pick_Reps_Runtime_mu, C173_Pick_Reps_Runtime_sigma, C173_Rep_Count_mu, C173_Rep_Count_sigma, C173_Reps_Cost_mu, C173_Reps_Cost_sigma, C173_Clustering_Dist_Calls_mu, C173_Clustering_Dist_Calls_sigma, C173_Sub_Clustering_Dist_Calls_mu, C173_Sub_Clustering_Dist_Calls_sigma, C173_MFC_Dist_Calls_mu, C173_MFC_Dist_Calls_sigma, C173_Dist_Calls_mu, C173_Dist_Calls_sigma, C86_MFC_Cost_mu, C86_MFC_Cost_sigma, C86_MFC_Completion_Cost_mu, C86_MFC_Completion_Cost_sigma, C86_MFC_Runtime_mu, C86_MFC_Runtime_sigma, C86_Gamma_mu, C86_Gamma_sigma, C86_Cluster_Size_Mu_mu, C86_Cluster_Size_Mu_sigma, C86_Cluster_Size_Sigma_mu, C86_Cluster_Size_Sigma_sigma, C86_Sub_Clustering_Runtime_mu, C86_Sub_Clustering_Runtime_sigma, C86_Completion_Edges_Runtime_mu, C86_Completion_Edges_Runtime_sigma, C86_Completion_Runtime_mu, C86_Completion_Runtime_sigma, C86_Clustering_Runtime_mu, C86_Clustering_Runtime_sigma, C86_Find_Reps_Runtime_mu, C86_Find_Reps_Runtime_sigma, C86_Pick_Reps_Runtime_mu, C86_Pick_Reps_Runtime_sigma, C86_Rep_Count_mu, C86_Rep_Count_sigma, C86_Reps_Cost_mu, C86_Reps_Cost_sigma, C86_Clustering_Dist_Calls_mu, C86_Clustering_Dist_Calls_sigma, C86_Sub_Clustering_Dist_Calls_mu, C86_Sub_Clustering_Dist_Calls_sigma, C86_MFC_Dist_Calls_mu, C86_MFC_Dist_Calls_sigma, C86_Dist_Calls_mu, C86_Dist_Calls_sigma, C43_MFC_Cost_mu, C43_MFC_Cost_sigma, C43_MFC_Completion_Cost_mu, C43_MFC_Completion_Cost_sigma, C43_MFC_Runtime_mu, C43_MFC_Runtime_sigma, C43_Gamma_mu, C43_Gamma_sigma, C43_Cluster_Size_Mu_mu, C43_Cluster_Size_Mu_sigma, C43_Cluster_Size_Sigma_mu, C43_Cluster_Size_Sigma_sigma, C43_Sub_Clustering_Runtime_mu, C43_Sub_Clustering_Runtime_sigma, C43_Completion_Edges_Runtime_mu, C43_Completion_Edges_Runtime_sigma, C43_Completion_Runtime_mu, C43_Completion_Runtime_sigma, C43_Clustering_Runtime_mu, C43_Clustering_Runtime_sigma, C43_Find_Reps_Runtime_mu, C43_Find_Reps_Runtime_sigma, C43_Pick_Reps_Runtime_mu, C43_Pick_Reps_Runtime_sigma, C43_Rep_Count_mu, C43_Rep_Count_sigma, C43_Reps_Cost_mu, C43_Reps_Cost_sigma, C43_Clustering_Dist_Calls_mu, C43_Clustering_Dist_Calls_sigma, C43_Sub_Clustering_Dist_Calls_mu, C43_Sub_Clustering_Dist_Calls_sigma, C43_MFC_Dist_Calls_mu, C43_MFC_Dist_Calls_sigma, C43_Dist_Calls_mu, C43_Dist_Calls_sigma
30000, 0, 30000, 0, 0, 0, 0, dp_1.000000, 30104203.806821108, 47130.25578108057, 226550.0917110443, 6074.495502803425, 56263.5277339375, 10544.67766128169, inf, -nan, 173.4104046242774, 5.684341886080802e-14, 507.39506649445394, 82.22942159662627, 36615.871816687504, 10810.590067493922, 7080.5935130625, 308.29584804212743, 2.0120959375, 0.06539732202895307, 12526.819126562503, 31.391238133562453, 38.220511, 1.2274173716199293, 0.010670687500000001, 0.0008769345556218832, 173, 0, 0, 0, 10350001, 0, 25440444.875, 7295630.255612797, 9665559.25, 426366.08625679585, 45456005.125, 6932980.981958976, 29903652.487172842, 63359.29341181049, 108091.55035972595, 3506.0411766630923, 64568.5668110625, 18194.67591719032, inf, -nan, 348.83720930232545, 1.1368683772161603e-13, 866.2106920604291, 167.17898428021002, 55007.8790414375, 18376.0929526681, 3365.447997125, 198.93643586313294, 0.4181361875, 0.0074856685758416825, 6157.2390323125, 5.711400424532704, 37.575601375, 0.38808340780073836, 0.007002624999999999, 0.000355697532146345, 86, 0, 0, 0, 5130001, 0, 38683158.5, 12600130.655585077, 4666639.4375, 255844.2474663464, 48479798.9375, 12365569.425554922, 29712103.59631896, 62199.336276560054, 52018.94289779663, 2512.0563253250516, 94015.06301593749, 29077.31861473465, inf, -nan, 697.6744186046509, 2.2737367544323206e-13, 1524.0945764435064, 288.5358232261666, 89304.428602375, 29179.89681629995, 1608.7312135, 118.73117609364347, 0.07283662499999999, 0.002687499950581395, 3064.3771008749995, 3.199420932106746, 37.4490101875, 0.8244215892554779, 0.004252374999999999, 0.0004175095620162489, 43, 0, 0, 0, 2550001, 0, 62181636.0625, 19684344.530189715, 2226582.625, 159976.14199970374, 66958219.6875, 19544930.018191773
30000, 0, 30000, 0, 0, 0, 0, dp_11.000000, 30069934.0508883, 48213.72956160846, 192280.3357782364, 4079.065260259722, 186936.4158025, 8835.492507423636, inf, -nan, 173.4104046242774, 5.684341886080802e-14, 507.39506649445394, 82.22942159662627, 36615.871816687504, 10810.590067493922, 70215.2945839375, 2934.206105860848, 2.3807530625, 0.2973844709459601, 12526.819126562503, 31.391238133562453, 67413.43805106249, 549.8666279302869, 162.6114711875, 0.44737593533937114, 1903, 0, 146657.28271484375, 9237.099816636626, 10350001, 0, 25440444.875, 7295630.255612797, 158107893.6875, 4681997.781767492, 193898339.5625, 3954413.845483723, 29886128.774307966, 62796.777923808055, 90567.83749485016, 3398.4078767283045, 128367.2076013125, 16829.569442262622, inf, -nan, 348.83720930232545, 1.1368683772161603e-13, 866.2106920604291, 167.17898428021002, 55007.8790414375, 18376.0929526681, 33744.6339066875, 1821.9979515222203, 0.4592825625, 0.022268431593201486, 6157.2390323125, 5.711400424532704, 33437.80016418751, 161.98383395494866, 19.196174125, 0.19974478792632946, 946, 0, 104200.134765625, 6176.90698950942, 5130001, 0, 38683158.5, 12600130.655585077, 77039927.5625, 2740873.451467683, 120853087.0625, 10093290.953878284, 29703955.454620123, 63012.32480885475, 43870.80119895935, 1769.2597783573283, 125345.18963781251, 28319.883413420182, inf, -nan, 697.6744186046509, 2.2737367544323206e-13, 1524.0945764435064, 288.5358232261666, 89304.428602375, 29179.89681629995, 15991.855758375, 1170.2359054046087, 0.0933688125, 0.0050039357537186415, 3064.3771008749995, 3.199420932106746, 16981.997370812504, 203.6459793349886, 2.4374365625, 0.07494873936061959, 473, 0, 69943.74829101562, 5737.226604989935, 2550001, 0, 62181636.0625, 19684344.530189715, 37174368.25, 1771470.7696616992, 101906005.3125, 18234642.921833158
30000, 0, 30000, 0, 0, 0, 0, dp_13.000000, 30068020.85035348, 48157.039182123495, 190367.13524341583, 4279.933420847842, 212655.448477625, 8266.268616132887, inf, -nan, 173.4104046242774, 5.684341886080802e-14, 507.39506649445394, 82.22942159662627, 36615.871816687504, 10810.590067493922, 82615.122514, 3643.2903871944523, 2.2064233124999997, 0.18500368143827528, 12526.819126562503, 31.391238133562453, 80666.13401768751, 498.06744135877665, 229.29457937499998, 1.171328686735223, 2249, 0, 132530.67236328125, 9230.66801250363, 10350001, 0, 25440444.875, 7295630.255612797, 187764483.75, 5600474.659184942, 223554929.625, 3721433.801599271, 29884879.910217047, 62713.33476567101, 89318.97340393066, 3530.5998361445536, 141167.23130500002, 16562.911901999225, inf, -nan, 348.83720930232545, 1.1368683772161603e-13, 866.2106920604291, 167.17898428021002, 55007.8790414375, 18376.0929526681, 39837.7424181875, 2141.9832446215983, 0.4662699375, 0.018420398643449437, 6157.2390323125, 5.711400424532704, 40136.8531005, 205.4431319286836, 27.051442625, 0.17525324594136407, 1118, 0, 97283.4931640625, 6107.7557253945615, 5130001, 0, 38683158.5, 12600130.655585077, 91543363.0625, 3224580.4809589856, 135356522.5625, 9673283.65081253, 29703385.859809637, 63009.69424828505, 43301.20638847351, 1801.578587943972, 131548.1354033125, 28175.38083344703, inf, -nan, 697.6744186046509, 2.2737367544323206e-13, 1524.0945764435064, 288.5358232261666, 89304.428602375, 29179.89681629995, 18843.9616698125, 1394.5066492776182, 0.09421175, 0.00632798420213736, 3064.3771008749995, 3.199420932106746, 20331.8398745625, 221.04078844005937, 3.4339439375000005, 0.06700356122015903, 559, 0, 66410.26025390625, 5871.671980154295, 2550001, 0, 62181636.0625, 19684344.530189715, 44124548.375, 2095836.6535885758, 108856185.4375, 17953478.272257213
30000, 0, 30000, 0, 0, 0, 0, dp_15.000000, 30066607.569582224, 48148.839012443146, 188953.85447216034, 4307.560761282187, 238623.9167456875, 7863.68476611226, inf, -nan, 173.4104046242774, 5.684341886080802e-14, 507.39506649445394, 82.22942159662627, 36615.871816687504, 10810.590067493922, 95204.5745934375, 4213.2398026882665, 2.1994084375, 0.06907956444652136, 12526.819126562503, 31.391238133562453, 93966.26969087501, 543.7918869799753, 308.1821096875, 0.8412152920085849, 2595, 0, 120884.99755859375, 9104.791217901698, 10350001, 0, 25440444.875, 7295630.255612797, 217500774.4375, 6468360.67744817, 253291220.3125, 3660803.570243829, 29883852.149909735, 62763.78618058009, 88291.21309661865, 3591.7310635549798, 153872.5394796875, 16364.274548099165, inf, -nan, 348.83720930232545, 1.1368683772161603e-13, 866.2106920604291, 167.17898428021002, 55007.8790414375, 18376.0929526681, 45860.5600173125, 2375.008051937985, 0.45789700000000005, 0.02240546867117491, 6157.2390323125, 5.711400424532704, 46809.8746300625, 211.63150674767962, 36.5288615625, 0.19362934605353951, 1290, 0, 91430.0234375, 6178.159433379243, 5130001, 0, 38683158.5, 12600130.655585077, 105930372.75, 3552999.5577030843, 149743532.25, 9368796.42975161, 29702849.458976507, 63103.544054988786, 42764.80555534363, 1658.1169202329495, 137785.36462225, 28015.849283987944, inf, -nan, 697.6744186046509, 2.2737367544323206e-13, 1524.0945764435064, 288.5358232261666, 89304.428602375, 29179.89681629995, 21747.529364749997, 1580.5585869048919, 0.09487912500000001, 0.006358811060990489, 3064.3771008749995, 3.199420932106746, 23664.338995374997, 200.68497913404258, 4.5956797499999995, 0.09521529180855093, 645, 0, 63312.483642578125, 6040.1894426152085, 2550001, 0, 62181636.0625, 19684344.530189715, 51153006.875, 2397916.43014503, 115884643.9375, 17703976.908663783
30000, 0, 30000, 0, 0, 0, 0, dp_17.000000, 30065064.773420572, 47942.664385238815, 187411.05831050873, 4635.574641360821, 264662.81607456255, 7408.379645561163, inf, -nan, 173.4104046242774, 5.684341886080802e-14, 507.39506649445394, 82.22942159662627, 36615.871816687504, 10810.590067493922, 107781.6932938125, 4831.487321970786, 2.1651629999999997, 0.050058078059390165, 12526.819126562503, 31.391238133562453, 107337.65703231249, 535.0230682367702, 398.60964218750007, 1.1285235460629683, 2941, 0, 111004.09130859375, 8776.170203549125, 10350001, 0, 25440444.875, 7295630.255612797, 247211316.4375, 7338170.443153814, 283001762.3125, 3794822.443769878, 29882977.336353064, 62855.34717203282, 87416.39953994751, 3565.0169833930177, 166711.236459875, 16165.055625477089, inf, -nan, 348.83720930232545, 1.1368683772161603e-13, 866.2106920604291, 167.17898428021002, 55007.8790414375, 18376.0929526681, 51964.8572301875, 2659.6499382699612, 0.46886425000000004, 0.008315393710612873, 6157.2390323125, 5.711400424532704, 53533.2845855, 285.16811966128984, 47.507706187500006, 0.20296067861848957, 1462, 0, 86266.0712890625, 6209.179213076866, 5130001, 0, 38683158.5, 12600130.655585077, 120415003.875, 4026376.0637944452, 164228163.375, 8963820.696018446, 29702315.64046836, 62928.51299353312, 42230.987047195435, 1704.6346665988156, 144176.345365, 27855.56358403534, inf, -nan, 697.6744186046509, 2.2737367544323206e-13, 1524.0945764435064, 288.5358232261666, 89304.428602375, 29179.89681629995, 24696.3465943125, 1793.239878576827, 0.10082506250000002, 0.007626073739716511, 3064.3771008749995, 3.199420932106746, 27105.210112125, 276.9554673028753, 5.882130250000001, 0.07720364972307003, 731, 0, 60623.82958984375, 6076.579541635803, 2550001, 0, 62181636.0625, 19684344.530189715, 58234586.625, 2717527.2586162514, 122966223.6875, 17430091.354770247
30000, 0, 30000, 0, 0, 0, 0, dp_19.000000, 30063649.39487672, 48073.489859784415, 185995.67976665497, 4649.868746992475, 290691.24745549995, 7042.783747083157, inf, -nan, 173.4104046242774, 5.684341886080802e-14, 507.39506649445394, 82.22942159662627, 36615.871816687504, 10810.590067493922, 120345.8348119375, 5452.133322752513, 2.1753478125, 0.04487012576205184, 12526.819126562503, 31.391238133562453, 120700.3685835625, 587.9103792423763, 500.17776893750005, 1.071824312359154, 3287, 0, 102312.1103515625, 8529.050299181783, 10350001, 0, 25440444.875, 7295630.255612797, 276815047.6875, 8304618.916150373, 312605493.5625, 4129782.1896438426, 29882330.881767035, 62901.69424901771, 86769.94495391846, 3507.1496499423615, 179570.48621256248, 15902.261928550246, inf, -nan, 348.83720930232545, 1.1368683772161603e-13, 866.2106920604291, 167.17898428021002, 55007.8790414375, 18376.0929526681, 58088.05939100002, 3006.45144285224, 0.4724795625, 0.023226057973665986, 6157.2390323125, 5.711400424532704, 60256.969363375, 386.0247809569255, 59.866904875, 0.12596853349342566, 1634, 0, 81636.5703125, 6228.664818406235, 5130001, 0, 38683158.5, 12600130.655585077, 134938039.8125, 4561691.206661834, 178751199.3125, 8518851.528206853, 29701865.95224738, 63032.75919952314, 41781.29882621765, 1762.4127991598325, 150319.5219908125, 27808.426746732828, inf, -nan, 697.6744186046509, 2.2737367544323206e-13, 1524.0945764435064, 288.5358232261666, 89304.428602375, 29179.89681629995, 27515.347355687503, 1955.905855002773, 0.0940475, 0.006425700973434726, 3064.3771008749995, 3.199420932106746, 30427.8886295, 304.2623127817831, 7.386254874999999, 0.04038873043138861, 817, 0, 58188.357421875, 6121.573750033346, 2550001, 0, 62181636.0625, 19684344.530189715, 65163262.8125, 2986559.7997345584, 129894899.875, 17262928.18339814
30000, 0, 30000, 0, 0, 0, 0, dp_21.000000, 30062544.251125574, 48114.63337272117, 184890.53601551056, 4709.232743441067, 316844.87713587505, 6719.106249422698, inf, -nan, 173.4104046242774, 5.684341886080802e-14, 507.39506649445394, 82.22942159662627, 36615.871816687504, 10810.590067493922, 133017.56761006248, 6072.390301352761, 2.212501562500001, 0.10754910582669248, 12526.819126562503, 31.391238133562453, 134069.8008374375, 658.2608962784869, 612.6052435625, 1.0330738775542605, 3633, 0, 94533.62744140625, 8292.866695817846, 10350001, 0, 25440444.875, 7295630.255612797, 306548217.25, 9170618.38770568, 342338663.125, 4616604.809845824, 29881696.059793234, 62913.99310656162, 86135.1229801178, 3357.539684721025, 192354.21523524998, 15748.717997646198, inf, -nan, 348.83720930232545, 1.1368683772161603e-13, 866.2106920604291, 167.17898428021002, 55007.8790414375, 18376.0929526681, 64166.1324099375, 3308.3962072654112, 0.468338125, 0.015009744942349123, 6157.2390323125, 5.711400424532704, 66948.74598225, 418.90686498259095, 73.7504311875, 0.12367404883615489, 1806, 0, 77478.3056640625, 6219.245947847665, 5130001, 0, 38683158.5, 12600130.655585077, 149369695.3125, 5010458.054619829, 193182854.8125, 8215234.117941718, 29701352.353093863, 62984.14208807813, 41267.699672698975, 1846.3451203903958, 156615.18922087498, 27674.245205055337, inf, -nan, 697.6744186046509, 2.2737367544323206e-13, 1524.0945764435064, 288.5358232261666, 89304.428602375, 29179.89681629995, 30452.078442249993, 2129.755014625237, 0.11280412499999999, 0.050153380256064244, 3064.3771008749995, 3.199420932106746, 33785.1749755625, 327.6478312014266, 9.017295687499999, 0.055761768620756755, 903, 0, 56006.2080078125, 6110.073133470867, 2550001, 0, 62181636.0625, 19684344.530189715, 72227789.625, 3286814.0866023446, 136959426.6875, 17006653.77921425
30000, 0, 30000, 0, 0, 0, 0, dp_23.000000, 30061645.488580942, 48050.21007725722, 183991.7734708786, 4806.04016014843, 343003.60334075004, 6592.316852028914, inf, -nan, 173.4104046242774, 5.684341886080802e-14, 507.39506649445394, 82.22942159662627, 36615.871816687504, 10810.590067493922, 145681.0576831875, 6600.940359367009, 2.2073849375, 0.06773822489229105, 12526.819126562503, 31.391238133562453, 147441.42372037497, 756.1794893304657, 736.2236089999999, 0.902664566362544, 3979, 0, 87491.67529296875, 8061.3957526295835, 10350001, 0, 25440444.875, 7295630.255612797, 336270438.9375, 10022443.602521071, 372060884.8125, 5223093.858123104, 29881233.594777822, 62954.84047739126, 85672.65796470642, 3427.6355424720405, 205129.97812137497, 15498.268594410498, inf, -nan, 348.83720930232545, 1.1368683772161603e-13, 866.2106920604291, 167.17898428021002, 55007.8790414375, 18376.0929526681, 70271.0873601875, 3595.8872771125402, 0.4682435, 0.00887564183594628, 6157.2390323125, 5.711400424532704, 73604.33721818749, 408.7248328460768, 88.96722574999998, 0.1653755445317938, 1978, 0, 73718.1376953125, 6312.285793276766, 5130001, 0, 38683158.5, 12600130.655585077, 163863195.375, 5501400.173646566, 207676354.875, 7840134.000575491, 29701059.591567755, 62877.09894852915, 40974.93814659119, 1838.38568901061, 162894.52265618753, 27500.502643597316, inf, -nan, 697.6744186046509, 2.2737367544323206e-13, 1524.0945764435064, 288.5358232261666, 89304.428602375, 29179.89681629995, 33346.42629175, 2361.8636821587015, 0.1013926875, 0.007624152344021186, 3064.3771008749995, 3.199420932106746, 37168.3089644375, 382.62270496459234, 10.8803040625, 0.08513909694983611, 989, 0, 54033.946044921875, 6099.286501381128, 2550001, 0, 62181636.0625, 19684344.530189715, 79199201.0625, 3611695.603256825, 143930838.125, 16760650.298165377
30000, 0, 30000, 0, 0, 0, 0, dp_25.000000, 30060878.982637644, 47937.32712232151, 183225.26752758026, 4965.036998900385, 369183.7334775, 6346.48750062159, inf, -nan, 173.4104046242774, 5.684341886080802e-14, 507.39506649445394, 82.22942159662627, 36615.871816687504, 10810.590067493922, 158325.64747749997, 7135.7493124460825, 2.2110589375, 0.0888108391353982, 12526.819126562503, 31.391238133562453, 160838.8374505625, 813.1014177297365, 874.34654725, 1.1475807114152954, 4325, 0, 81180.82568359375, 7777.856929255635, 10350001, 0, 25440444.875, 7295630.255612797, 365970562.0625, 10865158.735903898, 401761007.9375, 5849498.363753441, 29880771.734775305, 63029.203989879505, 85210.79796218872, 3443.551864431633, 218045.47001081248, 15279.22483083342, inf, -nan, 348.83720930232545, 1.1368683772161603e-13, 866.2106920604291, 167.17898428021002, 55007.8790414375, 18376.0929526681, 76363.15375187501, 3965.21588760742, 0.4693381875, 0.008431499327067734, 6157.2390323125, 5.711400424532704, 80410.885271125, 552.7831462176051, 105.843575875, 0.22818085139803804, 2150, 0, 70374.71655273438, 6446.170394700186, 5130001, 0, 38683158.5, 12600130.655585077, 178323988, 6030598.909541728, 222137147.5, 7439436.566777739, 29700688.58801055, 62901.91840048658, 40603.934589385986, 1951.1823993566134, 169192.98981525004, 27274.54804543685, inf, -nan, 697.6744186046509, 2.2737367544323206e-13, 1524.0945764435064, 288.5358232261666, 89304.428602375, 29179.89681629995, 36242.5349094375, 2582.0918897950355, 0.10346781249999998, 0.00698282826133822, 3064.3771008749995, 3.199420932106746, 40568.681830875, 385.0057394183964, 12.863903875000002, 0.12306714405298982, 1075, 0, 52231.333251953125, 6047.891998054836, 2550001, 0, 62181636.0625, 19684344.530189715, 86222311.0625, 3949201.4575804193, 150953948.125, 16495889.963698989
30000, 0, 30000, 0, 0, 0, 0, dp_27.000000, 30060133.916908503, 47724.03451903284, 182480.20179843903, 4995.039801308286, 395426.89230356255, 6189.0916152820455, inf, -nan, 173.4104046242774, 5.684341886080802e-14, 507.39506649445394, 82.22942159662627, 36615.871816687504, 10810.590067493922, 171020.0846955625, 7712.756370800784, 2.1866625, 0.06834303631954755, 12526.819126562503, 31.391238133562453, 174244.763433, 922.1995346289752, 1017.1665692500002, 1.1868014453989557, 4671, 0, 75489.765625, 7501.360027414172, 10350001, 0, 25440444.875, 7295630.255612797, 395699807.1875, 11726016.090067767, 431490253.0625, 6554471.877428116, 29880263.130638838, 62970.467797787715, 84702.19382572174, 3553.1259243323693, 230741.8730521875, 14994.034031956378, inf, -nan, 348.83720930232545, 1.1368683772161603e-13, 866.2106920604291, 167.17898428021002, 55007.8790414375, 18376.0929526681, 82449.7838383125, 4313.794001734088, 0.466875375, 0.013843858303752432, 6157.2390323125, 5.711400424532704, 87002.8225643125, 538.3510515728191, 123.6817004375, 0.2485785000970446, 2322, 0, 67298.01196289062, 6580.328797167768, 5130001, 0, 38683158.5, 12600130.655585077, 192774553.5625, 6566378.990139734, 236587713.0625, 7120523.505351744, 29700500.71994567, 62919.568875760284, 40416.066524505615, 1920.1851626221976, 175443.81110925, 27120.740686220684, inf, -nan, 697.6744186046509, 2.2737367544323206e-13, 1524.0945764435064, 288.5358232261666, 89304.428602375, 29179.89681629995, 39136.281002749995, 2784.626008286164, 0.0998358125, 0.006616245774783746, 3064.3771008749995, 3.199420932106746, 43923.57937787501, 417.049724442262, 15.045189562500001, 0.060545292851683266, 1161, 0, 50561.076904296875, 6019.846301044938, 2550001, 0, 62181636.0625, 19684344.530189715, 93228714.5, 4283726.215560657, 157960351.5625, 16190663.225852856
30000, 0, 30000, 0, 0, 0, 0, dp_29.000000, 30059580.540297747, 47812.47857204067, 181926.8251876831, 4983.6185789243245, 421643.5874090624, 6050.105992580879, inf, -nan, 173.4104046242774, 5.684341886080802e-14, 507.39506649445394, 82.22942159662627, 36615.871816687504, 10810.590067493922, 183675.52322706254, 8273.495779150682, 2.19733125, 0.07962444615545211, 12526.819126562503, 31.391238133562453, 187648.66786256252, 965.9539539120543, 1174.5080449375, 1.3105330284412375, 5017, 0, 70372.193359375, 7237.363078381091, 10350001, 0, 25440444.875, 7295630.255612797, 425374223.6875, 12581759.274466805, 461164669.5625, 7310928.782162078, 29879750.866827726, 63018.47474302124, 84189.93001461029, 3586.089611061316, 243573.49516825, 14950.902882598193, inf, -nan, 348.83720930232545, 1.1368683772161603e-13, 866.2106920604291, 167.17898428021002, 55007.8790414375, 18376.0929526681, 88459.38131425, 4557.156137170828, 0.469049625, 0.007721992463695819, 6157.2390323125, 5.711400424532704, 93805.46317218749, 618.0737193200276, 143.0635584375, 0.23655537867774437, 2494, 0, 64501.55078125, 6655.723935120389, 5130001, 0, 38683158.5, 12600130.655585077, 207095721.9375, 6962449.07140637, 250908881.4375, 7014674.634960529, 29700263.53233123, 62882.9821780161, 40178.8789100647, 1969.9644699613273, 181683.1348245, 26961.946047087597, inf, -nan, 697.6744186046509, 2.2737367544323206e-13, 1524.0945764435064, 288.5358232261666, 89304.428602375, 29179.89681629995, 42061.8802615625, 3029.7616096848956, 0.10452862499999999, 0.0062158832424986064, 3064.3771008749995, 3.199420932106746, 47234.927241125, 413.71294798196743, 17.417089937500002, 0.08472985446218785, 1247, 0, 49024.249267578125, 5936.123051299343, 2550001, 0, 62181636.0625, 19684344.530189715, 100303070.625, 4657877.5105497865, 165034707.6875, 15901406.273690484
30000, 0, 30000, 0, 0, 0, 0, dp_3.000000, 30087522.452878237, 47526.468778335344, 209868.73776817322, 4470.925736086755, 82438.90866631249, 10099.82338621841, inf, -nan, 173.4104046242774, 5.684341886080802e-14, 507.39506649445394, 82.22942159662627, 36615.871816687504, 10810.590067493922, 19780.22899825, 879.6567047183802, 2.2478506874999997, 0.16662360876415394, 12526.819126562503, 31.391238133562453, 13505.1564453125, 99.92570833702351, 8.584428812499999, 0.2068436130157333, 519, 0, 258208.51953125, 7726.576991977412, 10350001, 0, 25440444.875, 7295630.255612797, 39358787.125, 1237194.7053288477, 75149233, 6237772.187177787, 29895379.904831648, 62801.36889032346, 99818.9680185318, 3328.661710345005, 77358.024878625, 17912.532211551115, inf, -nan, 348.83720930232545, 1.1368683772161603e-13, 866.2106920604291, 167.17898428021002, 55007.8790414375, 18376.0929526681, 9469.831746374999, 537.8824466277814, 0.43674712500000007, 0.018484385017748767, 6157.2390323125, 5.711400424532704, 6721.591165812501, 37.03639042570956, 1.0471455624999997, 0.04947734434184087, 258, 0, 159103.3330078125, 6294.456288009421, 5130001, 0, 38683158.5, 12600130.655585077, 19168063.6875, 784253.4789445245, 62981223.1875, 11885678.606679803, 29708793.48541808, 62508.94224994444, 48708.831996917725, 2000.006712276708, 100310.8565053125, 28938.69727148741, inf, -nan, 697.6744186046509, 2.2737367544323206e-13, 1524.0945764435064, 288.5358232261666, 89304.428602375, 29179.89681629995, 4508.689635749999, 288.64611231590516, 0.09310468750000002, 0.004863870266037503, 3064.3771008749995, 3.199420932106746, 3433.11032675, 36.318416793177384, 0.15773487500000002, 0.002414681109251282, 129, 0, 96988.02978515625, 4908.07983316194, 2550001, 0, 62181636.0625, 19684344.530189715, 9220846.125, 419201.5725665093, 73952483.1875, 19310843.267540324
30000, 0, 30000, 0, 0, 0, 0, dp_31.000000, 30059038.606742144, 47745.21787091691, 181384.89163208008, 5001.706715419557, 447726.9091419375, 5884.936476656918, inf, -nan, 173.4104046242774, 5.684341886080802e-14, 507.39506649445394, 82.22942159662627, 36615.871816687504, 10810.590067493922, 196211.0396439375, 8965.560689678257, 2.1938265624999995, 0.06906440366875756, 12526.819126562503, 31.391238133562453, 201028.2432365, 1029.2094913984333, 1342.7414916874998, 1.4661831040458755, 5363, 0, 65794.07958984375, 6981.69813946288, 10350001, 0, 25440444.875, 7295630.255612797, 454843568.3125, 13636442.074183261, 490634014.1875, 8199399.167681694, 29879379.92090869, 62992.3122887985, 83818.98409557343, 3503.539385618455, 256480.27531500004, 14701.533360226933, inf, -nan, 348.83720930232545, 1.1368683772161603e-13, 866.2106920604291, 167.17898428021002, 55007.8790414375, 18376.0929526681, 94619.7329050625, 4923.478810266042, 0.47134462499999996, 0.007234987369330719, 6157.2390323125, 5.711400424532704, 100531.2245834375, 698.2478599008798, 163.728408125, 0.2921236529765442, 2666, 0, 61896.6455078125, 6746.528675384028, 5130001, 0, 38683158.5, 12600130.655585077, 221615458.6875, 7495451.265259224, 265428618.1875, 6654367.725717891, 29699891.14584899, 62823.86699661477, 39806.49242782593, 2123.633011918142, 187959.88449968747, 26864.305432651974, inf, -nan, 697.6744186046509, 2.2737367544323206e-13, 1524.0945764435064, 288.5358232261666, 89304.428602375, 29179.89681629995, 45006.7152518125, 3176.7289675761676, 0.10108587499999999, 0.006852065727528815, 3064.3771008749995, 3.199420932106746, 50564.3175090625, 454.12220303086514, 19.9449496875, 0.07870850268293676, 1333, 0, 47608.16796875, 5826.500874357814, 2550001, 0, 62181636.0625, 19684344.530189715, 107353147.5625, 4914217.617527305, 172084784.625, 15692113.936227791
30000, 0, 30000, 0, 0, 0, 0, dp_33.000000, 30058742.632478, 47730.54078503488, 181088.91736793518, 4941.2436163811435, 474023.782318125, 5954.813861102183, inf, -nan, 173.4104046242774, 5.684341886080802e-14, 507.39506649445394, 82.22942159662627, 36615.871816687504, 10810.590067493922, 208863.264076625, 9458.700422203689, 2.1864635625, 0.07873716781003805, 12526.819126562503, 31.391238133562453, 214493.32100025, 1102.4976038786217, 1522.3198344375, 1.5035766903948633, 5709, 0, 61698.672607421875, 6775.732588525499, 10350001, 0, 25440444.875, 7295630.255612797, 484487374.4375, 14422564.144419545, 520277820.3125, 8944287.763694685, 29879056.83303809, 62995.889705221, 83495.89622497559, 3512.005666978105, 269307.2904199375, 14289.944425379892, inf, -nan, 348.83720930232545, 1.1368683772161603e-13, 866.2106920604291, 167.17898428021002, 55007.8790414375, 18376.0929526681, 100769.3285105, 5294.348978813781, 0.46973218749999995, 0.008291775120705076, 6157.2390323125, 5.711400424532704, 107186.45437987501, 633.9988561537795, 185.91972362500002, 0.32745651864004977, 2838, 0, 59499.02099609375, 6764.163484036776, 5130001, 0, 38683158.5, 12600130.655585077, 236124480.4375, 8044453.199586479, 279937639.9375, 6353222.512477875, 29699686.738876104, 62712.04220613412, 39602.085454940796, 2226.474536499133, 194240.40299681254, 26731.512601741797, inf, -nan, 697.6744186046509, 2.2737367544323206e-13, 1524.0945764435064, 288.5358232261666, 89304.428602375, 29179.89681629995, 47901.74996824999, 3408.615182025304, 0.1027124375, 0.004833015789452146, 3064.3771008749995, 3.199420932106746, 53947.06693718751, 538.4770483502191, 22.677675687500006, 0.13158436644113486, 1419, 0, 46277.332763671875, 5724.858421952062, 2550001, 0, 62181636.0625, 19684344.530189715, 114340331.5625, 5241858.939239565, 179071968.625, 15438084.743872123
30000, 0, 30000, 0, 0, 0, 0, dp_35.000000, 30058255.285862207, 47758.11265410828, 180601.57075214386, 4927.395908940254, 500134.4103161875, 5871.036918640274, inf, -nan, 173.4104046242774, 5.684341886080802e-14, 507.39506649445394, 82.22942159662627, 36615.871816687504, 10810.590067493922, 221519.40954700002, 9991.069524226217, 2.2072425625, 0.09841375148891084, 12526.819126562503, 31.391238133562453, 227756.91302637503, 1138.475281573274, 1713.189557, 1.7948381383396335, 6055, 0, 57903.5224609375, 6601.860300639953, 10350001, 0, 25440444.875, 7295630.255612797, 514096904.25, 15233604.187970953, 549887350.125, 9755519.18179133, 29878721.673715353, 62919.10862787673, 83160.73690223694, 3449.3542343576096, 282210.97792618757, 13927.680643486141, inf, -nan, 348.83720930232545, 1.1368683772161603e-13, 866.2106920604291, 167.17898428021002, 55007.8790414375, 18376.0929526681, 106920.52216524999, 5692.119759501568, 0.47189000000000003, 0.007600742784425746, 6157.2390323125, 5.711400424532704, 113915.3114383125, 654.9472630077269, 209.554358875, 0.49203639713971564, 3010, 0, 57252.658203125, 6762.804492677307, 5130001, 0, 38683158.5, 12600130.655585077, 250627484.125, 8597531.754790585, 294440643.625, 6055460.480804131, 29699502.359935522, 62806.516096485204, 39417.70651435852, 2054.209067662046, 200552.945202625, 26621.967677091678, inf, -nan, 697.6744186046509, 2.2737367544323206e-13, 1524.0945764435064, 288.5358232261666, 89304.428602375, 29179.89681629995, 50870.400740062505, 3602.5954958465977, 0.102154125, 0.006749271524348017, 3064.3771008749995, 3.199420932106746, 57287.98413693749, 536.1000679065554, 25.652468250000002, 0.12844651403770208, 1505, 0, 45015.199462890625, 5652.125136255897, 2550001, 0, 62181636.0625, 19684344.530189715, 121435221.75, 5565634.942775246, 186166858.8125, 15191709.391145859
30000, 0, 30000, 0, 0, 0, 0, dp_37.000000, 30057852.825992823, 47811.7970853455, 180199.1108827591, 5057.343331450948, 526434.1582124375, 5771.472012330129, inf, -nan, 173.4104046242774, 5.684341886080802e-14, 507.39506649445394, 82.22942159662627, 36615.871816687504, 10810.590067493922, 234320.77389262497, 10581.619486996518, 2.1713256875000004, 0.0722222865297814, 12526.819126562503, 31.391238133562453, 241051.1096686875, 1060.0689883408666, 1917.4123821874998, 2.12187072172788, 6401, 0, 54365.810302734375, 6457.627598937263, 10350001, 0, 25440444.875, 7295630.255612797, 543906245.8125, 16098948.740670608, 579696691.6875, 10538840.439241743, 29878343.696588278, 62827.64812779082, 82782.75977516174, 3403.699946426766, 295154.5481281875, 13499.051823593414, inf, -nan, 348.83720930232545, 1.1368683772161603e-13, 866.2106920604291, 167.17898428021002, 55007.8790414375, 18376.0929526681, 113088.39635675002, 6049.344024213693, 0.4737315, 0.008555257659766885, 6157.2390323125, 5.711400424532704, 120665.82583106248, 674.6237990429499, 234.73413512500002, 0.44883820615491127, 3182, 0, 55194.12890625, 6730.881181513063, 5130001, 0, 38683158.5, 12600130.655585077, 265133384.8125, 9112639.177058883, 308946544.3125, 5834500.556854072, 29699232.698360205, 62569.11570304581, 39148.04493904114, 2298.6267962587917, 206824.98440899997, 26366.974266117577, inf, -nan, 697.6744186046509, 2.2737367544323206e-13, 1524.0945764435064, 288.5358232261666, 89304.428602375, 29179.89681629995, 53769.50310475001, 3851.3273159758764, 0.10440887499999998, 0.004817608806179159, 3064.3771008749995, 3.199420932106746, 60657.94864437501, 491.237976506787, 28.622547749999995, 0.16083238672197703, 1591, 0, 43823.802734375, 5552.253374967743, 2550001, 0, 62181636.0625, 19684344.530189715, 128420699.625, 5898067.352073854, 193152336.6875, 14957349.615084354
30000, 0, 30000, 0, 0, 0, 0, dp_39.000000, 30057594.837530375, 47859.92120501675, 179941.12242031097, 5071.359638288782, 552980.277115125, 5989.774344117869, inf, -nan, 173.4104046242774, 5.684341886080802e-14, 507.39506649445394, 82.22942159662627, 36615.871816687504, 10810.590067493922, 247146.9541208125, 11215.460697091981, 2.1783073125000003, 0.08161109996250417, 12526.819126562503, 31.391238133562453, 254558.63287256248, 1082.9868713571773, 2129.8208711875, 3.000524500453344, 6747, 0, 51082.89306640625, 6368.219922179895, 10350001, 0, 25440444.875, 7295630.255612797, 573526308.125, 16937649.771030057, 609316754, 11327247.942957565, 29878028.918937445, 62646.12592601352, 82467.98212432861, 3543.878375525527, 308120.78580056253, 13357.646062793585, inf, -nan, 348.83720930232545, 1.1368683772161603e-13, 866.2106920604291, 167.17898428021002, 55007.8790414375, 18376.0929526681, 119213.00095481251, 6396.326546292867, 0.46864831249999994, 0.016648137338448513, 6157.2390323125, 5.711400424532704, 127481.24782218749, 743.3082201576885, 260.9503015, 0.3351446159505227, 3354, 0, 53248.926025390625, 6693.381100108343, 5130001, 0, 38683158.5, 12600130.655585077, 279592944.6875, 9611950.53698451, 323406104.1875, 5674508.808217604, 29699109.957929373, 62635.052537827876, 39025.30450820923, 2305.1941577757816, 213197.27120450002, 26171.379612741126, inf, -nan, 697.6744186046509, 2.2737367544323206e-13, 1524.0945764435064, 288.5358232261666, 89304.428602375, 29179.89681629995, 56743.36336318751, 4057.280809974095, 0.1054071875, 0.005292201186873355, 3064.3771008749995, 3.199420932106746, 64053.122640625006, 500.8778030776057, 31.874090250000002, 0.09416059736196726, 1677, 0, 42695.966796875, 5472.064903943759, 2550001, 0, 62181636.0625, 19684344.530189715, 135511475.0625, 6220408.399200213, 200243112.125, 14665715.605673317
30000, 0, 30000, 0, 0, 0, 0, dp_5.000000, 30080949.511803865, 47783.811364126996, 203295.79669380188, 4217.521203608489, 108686.83857850001, 9744.37074363221, inf, -nan, 173.4104046242774, 5.684341886080802e-14, 507.39506649445394, 82.22942159662627, 36615.871816687504, 10810.590067493922, 32502.192745999997, 1379.7656566921455, 2.3178364375, 0.39526201919264403, 12526.819126562503, 31.391238133562453, 27010.1984921875, 166.76782241180024, 29.438560625, 0.7997728728112342, 865, 0, 213108.087890625, 8589.118864287788, 10350001, 0, 25440444.875, 7295630.255612797, 69024728.9375, 2072268.628848027, 104815174.8125, 5580545.33385082, 29891934.994711637, 62543.86015136648, 96374.05789852142, 3287.0966972936726, 90125.4290484375, 17589.268269945554, inf, -nan, 348.83720930232545, 1.1368683772161603e-13, 866.2106920604291, 167.17898428021002, 55007.8790414375, 18376.0929526681, 15551.205154875, 902.1573475883961, 0.4364010625, 0.019115759040215844, 6157.2390323125, 5.711400424532704, 13405.17766375, 71.90712140936002, 3.491755, 0.11714004998344929, 430, 0, 137607.5244140625, 6805.555898096365, 5130001, 0, 38683158.5, 12600130.655585077, 33627796.1875, 1310179.2919183914, 77440955.6875, 11373154.870971866, 29706617.692048788, 62832.993987486385, 46533.03862762451, 1641.2614467000449, 106595.9618448125, 28802.21862325433, inf, -nan, 697.6744186046509, 2.2737367544323206e-13, 1524.0945764435064, 288.5358232261666, 89304.428602375, 29179.89681629995, 7391.30617525, 483.95918553420984, 0.09474268750000002, 0.007060695678532233, 3064.3771008749995, 3.199420932106746, 6835.289265937499, 76.17153011429677, 0.46595768749999994, 0.006240762961356864, 215, 0, 86610.5693359375, 4945.14857016407, 2550001, 0, 62181636.0625, 19684344.530189715, 16223027.9375, 715575.8284259143, 80954665, 19083444.13777742
30000, 0, 30000, 0, 0, 0, 0, dp_7.000000, 30076188.792243242, 48153.111201634136, 198535.0771331787, 4065.869094340247, 134783.0159174375, 9349.47815344657, inf, -nan, 173.4104046242774, 5.684341886080802e-14, 507.39506649445394, 82.22942159662627, 36615.871816687504, 10810.590067493922, 45113.307415125004, 1944.596196837355, 2.3238596874999997, 0.30238105894895245, 12526.819126562503, 31.391238133562453, 40463.148886062496, 322.3183601087487, 61.5448133125, 1.0363539367573533, 1211, 0, 184670.9970703125, 8902.840669243737, 10350001, 0, 25440444.875, 7295630.255612797, 98680429.125, 2910147.0131638297, 134470875, 4964070.112239439, 29889349.45813632, 62636.46622470484, 93788.52132320404, 3562.8893470504504, 102838.864852375, 17371.287629945866, inf, -nan, 348.83720930232545, 1.1368683772161603e-13, 866.2106920604291, 167.17898428021002, 55007.8790414375, 18376.0929526681, 21573.8755301875, 1158.0997383326853, 0.4410226250000001, 0.01711592678937881, 6157.2390323125, 5.711400424532704, 20091.986198, 93.7402197965185, 7.4440278125, 0.09045769046508614, 602, 0, 123286.84619140625, 6681.986355042145, 5130001, 0, 38683158.5, 12600130.655585077, 48050351.8125, 1725611.7966419987, 91863511.3125, 10984227.863299903, 29705469.536182165, 63029.65836104704, 45384.88276100159, 1807.7463056857473, 112882.22811606247, 28661.136277994075, inf, -nan, 697.6744186046509, 2.2737367544323206e-13, 1524.0945764435064, 288.5358232261666, 89304.428602375, 29179.89681629995, 10271.7240374375, 685.1770049774894, 0.09585793749999999, 0.00636188789264584, 3064.3771008749995, 3.199420932106746, 10240.648323500001, 113.22330160003841, 0.9541939375, 0.046190755957589556, 301, 0, 79621.85888671875, 5399.0745964679845, 2550001, 0, 62181636.0625, 19684344.530189715, 23235736.75, 1037526.9030135736, 87967373.8125, 18842613.701033663
30000, 0, 30000, 0, 0, 0, 0, dp_9.000000, 30072851.41757226, 48397.1042366134, 195197.70246219635, 4041.968447168496, 160763.66226687498, 8961.53882115035, inf, -nan, 173.4104046242774, 5.684341886080802e-14, 507.39506649445394, 82.22942159662627, 36615.871816687504, 10810.590067493922, 57639.554805125, 2437.058422335971, 2.3910925, 0.367737162222898, 12526.819126562503, 31.391238133562453, 53873.914397437504, 349.6970961426903, 105.1110285625, 0.4764382837958874, 1557, 0, 163579.91015625, 9107.646380255648, 10350001, 0, 25440444.875, 7295630.255612797, 128374664.4375, 3836415.31067535, 164165110.3125, 4336751.575768084, 29887541.105845213, 62683.31695973568, 91980.16903209686, 3521.0083702646266, 115573.391152125, 17116.551941417816, inf, -nan, 348.83720930232545, 1.1368683772161603e-13, 866.2106920604291, 167.17898428021002, 55007.8790414375, 18376.0929526681, 27646.189101937496, 1482.479831545467, 0.44540987500000007, 0.021616771639386276, 6157.2390323125, 5.711400424532704, 26748.99803275, 137.10649676813742, 12.640533812500001, 0.14038184678102933, 774, 0, 112531.93896484375, 6485.4202864986255, 5130001, 0, 38683158.5, 12600130.655585077, 62532552.8125, 2223758.210085665, 106345712.3125, 10544383.161769466, 29704723.45220542, 63049.69551333255, 44638.79878425598, 1738.7008712758084, 119095.19016118752, 28477.961676588322, inf, -nan, 697.6744186046509, 2.2737367544323206e-13, 1524.0945764435064, 288.5358232261666, 89304.428602375, 29179.89681629995, 13175.7728866875, 914.850969223277, 0.0926989375, 0.005857033234376747, 3064.3771008749995, 3.199420932106746, 13548.8900090625, 110.4113322400949, 1.62886325, 0.07432018222234456, 387, 0, 74242.33178710938, 5617.717059255851, 2550001, 0, 62181636.0625, 19684344.530189715, 30260880.3125, 1372098.086591968, 94992517.375, 18548885.543813348
30000, 0, 30000, 0, 0, 0, 0, fixed_reps_1, 30104203.806821108, 47130.25578108057, 226550.0917110443, 6074.495502803425, 56373.3315395625, 10477.720530294515, inf, -nan, 173.4104046242774, 5.684341886080802e-14, 507.39506649445394, 82.22942159662627, 36615.871816687504, 10810.590067493922, 7173.289547312499, 380.781138213257, 2.0990395625000002, 0.09122084889977777, 12526.819126562503, 31.391238133562453, 55.2520094375, 9.8775615715762, 0, 0, 173, 0, 401193.423828125, 7096.31476287963, 10350001, 0, 25440444.875, 7295630.255612797, 9665559.25, 426366.08625679585, 45456005.125, 6932980.981958976, 29903652.487172842, 63359.29341181049, 108091.55035972595, 3506.0411766630923, 64589.60786431249, 18198.56642961461, inf, -nan, 348.83720930232545, 1.1368683772161603e-13, 866.2106920604291, 167.17898428021002, 55007.8790414375, 18376.0929526681, 3373.1606211249996, 191.89371454272705, 0.42665775, 0.012489417162642137, 6157.2390323125, 5.711400424532704, 50.9025116875, 1.1795504064508917, 0, 0, 86, 0, 223599.439453125, 4781.243227460465, 5130001, 0, 38683158.5, 12600130.655585077, 4666639.4375, 255844.2474663464, 48479798.9375, 12365569.425554922, 29712103.59631896, 62199.336276560054, 52018.94289779663, 2512.0563253250516, 94031.0723736875, 29074.561111083516, inf, -nan, 697.6744186046509, 2.2737367544323206e-13, 1524.0945764435064, 288.5358232261666, 89304.428602375, 29179.89681629995, 1611.5906939374997, 122.35212472448859, 0.09264931250000003, 0.004678713000371338, 3064.3771008749995, 3.199420932106746, 50.5833271875, 0.8237147691965511, 0, 0, 43, 0, 121864.5625, 2594.9572537791523, 2550001, 0, 62181636.0625, 19684344.530189715, 2226582.625, 159976.14199970374, 66958219.6875, 19544930.018191773
30000, 0, 30000, 0, 0, 0, 0, fixed_reps_11, 30079922.979642153, 48034.546714045675, 202269.26453208923, 4111.521832972494, 119543.388279625, 8288.430802049039, inf, -nan, 173.4104046242774, 5.684341886080802e-14, 507.39506649445394, 82.22942159662627, 36615.871816687504, 10810.590067493922, 69970.29917375, 3102.7114173460272, 2.232693625, 0.16783894293223306, 12526.819126562503, 31.391238133562453, 428.1654690000001, 3.1178973411335047, 0, 0, 1903, 0, 216018.931640625, 7830.1754598178095, 10350001, 0, 25440444.875, 7295630.255612797, 106319421.75, 4690026.948824755, 142109867.625, 4057456.6341758943, 29891473.08560443, 62458.81732581881, 95912.14879131317, 3701.4874896020397, 95202.37240675, 16691.005276151267, inf, -nan, 348.83720930232545, 1.1368683772161603e-13, 866.2106920604291, 167.17898428021002, 55007.8790414375, 18376.0929526681, 33607.852825312504, 1849.9075064921622, 0.4674691875, 0.015382572721340982, 6157.2390323125, 5.711400424532704, 428.9340385000001, 4.205099734058632, 0, 0, 946, 0, 136197.5849609375, 5460.228916449315, 5130001, 0, 38683158.5, 12600130.655585077, 51332173.8125, 2814286.72212981, 95145333.3125, 10077085.12954193, 29706270.808053732, 62382.83676335298, 46186.15463256836, 1870.2772082964989, 108756.71853681249, 28163.961078580644, inf, -nan, 697.6744186046509, 2.2737367544323206e-13, 1524.0945764435064, 288.5358232261666, 89304.428602375, 29179.89681629995, 15955.092530375001, 1164.3256835682819, 0.09461987499999996, 0.005623315790916867, 3064.3771008749995, 3.199420932106746, 432.7256833125, 2.8933715117658316, 0, 0, 473, 0, 84836.52490234375, 5205.726989934288, 2550001, 0, 62181636.0625, 19684344.530189715, 24491978.875, 1759737.5619967412, 89223615.9375, 18169428.939982057
30000, 0, 30000, 0, 0, 0, 0, fixed_reps_13, 30077703.84534383, 47835.353441069936, 200050.13023376465, 3926.5622948561395, 132165.8222655, 7959.118008218681, inf, -nan, 173.4104046242774, 5.684341886080802e-14, 507.39506649445394, 82.22942159662627, 36615.871816687504, 10810.590067493922, 82514.78833762502, 3563.3861873375517, 2.21633775, 0.07951154696056728, 12526.819126562503, 31.391238133562453, 506.12664687500006, 3.751418512055092, 0, 0, 2249, 0, 201541.6162109375, 8720.275152222423, 10350001, 0, 25440444.875, 7295630.255612797, 125650194.25, 5542759.121338346, 161440640.125, 3808571.0043084533, 29890575.1004436, 62527.1727672622, 95014.16363048553, 3548.7485635783582, 101321.65150268751, 16392.926159284307, inf, -nan, 348.83720930232545, 1.1368683772161603e-13, 866.2106920604291, 167.17898428021002, 55007.8790414375, 18376.0929526681, 39648.768571374996, 2178.7562265665497, 0.46676893750000004, 0.012576193231005702, 6157.2390323125, 5.711400424532704, 507.298088625, 4.5258121025161016, 0, 0, 1118, 0, 129364.9501953125, 5658.894837760714, 5130001, 0, 38683158.5, 12600130.655585077, 60665280.6875, 3325975.2170625026, 104478440.1875, 9635697.323031545, 29705659.61536956, 62579.08737027233, 45574.961948394775, 1754.4124898942734, 111689.09730081249, 27976.26648716616, inf, -nan, 697.6744186046509, 2.2737367544323206e-13, 1524.0945764435064, 288.5358232261666, 89304.428602375, 29179.89681629995, 18809.7742396875, 1380.8587888418278, 0.09423556249999997, 0.005882355501505647, 3064.3771008749995, 3.199420932106746, 510.4231223125, 4.667207159535739, 0, 0, 559, 0, 80855.94482421875, 5054.406120582771, 2550001, 0, 62181636.0625, 19684344.530189715, 28945058.125, 2079689.8459961487, 93676695.1875, 17898802.655683003
30000, 0, 30000, 0, 0, 0, 0, fixed_reps_15, 30076097.58235097, 47884.96147431838, 198443.86724090576, 4015.3058594228446, 144637.29157243753, 7533.834254494449, inf, -nan, 173.4104046242774, 5.684341886080802e-14, 507.39506649445394, 82.22942159662627, 36615.871816687504, 10810.590067493922, 94908.8299733125, 4177.960765482022, 2.2431748750000002, 0.19162530397199473, 12526.819126562503, 31.391238133562453, 583.527481, 4.111385296191218, 0, 0, 2595, 0, 190320.748046875, 8213.233894042996, 10350001, 0, 25440444.875, 7295630.255612797, 144980966.75, 6395491.293851937, 180771412.625, 3741894.729622912, 29889610.69672084, 62678.07663076161, 94049.75990772247, 3508.44421653031, 107415.41850593749, 16098.523419528226, inf, -nan, 348.83720930232545, 1.1368683772161603e-13, 866.2106920604291, 167.17898428021002, 55007.8790414375, 18376.0929526681, 45664.98192599999, 2507.779607593653, 0.46641037499999993, 0.012481701060327269, 6157.2390323125, 5.711400424532704, 584.8520958125, 4.548819336746249, 0, 0, 1290, 0, 123821.50146484375, 5766.946310846955, 5130001, 0, 38683158.5, 12600130.655585077, 69998387.5625, 3837663.7119951956, 113811547.0625, 9201593.955712914, 29705145.1650064, 62785.386022584615, 45060.511585235596, 1671.695277879473, 114633.95461212497, 27786.400349206488, inf, -nan, 697.6744186046509, 2.2737367544323206e-13, 1524.0945764435064, 288.5358232261666, 89304.428602375, 29179.89681629995, 21675.644612875003, 1604.7671166938705, 0.099790875, 0.007728627763670276, 3064.3771008749995, 3.199420932106746, 589.404505125, 4.966219460751232, 0, 0, 645, 0, 77629.27392578125, 4595.784943110396, 2550001, 0, 62181636.0625, 19684344.530189715, 33398137.375, 2399642.129995556, 98129774.4375, 17629828.811908107
30000, 0, 30000, 0, 0, 0, 0, fixed_reps_17, 30074482.35696721, 47885.83009086888, 196828.64185714722, 4332.648235741833, 157240.54845681254, 7179.928618087629, inf, -nan, 173.4104046242774, 5.684341886080802e-14, 507.39506649445394, 82.22942159662627, 36615.871816687504, 10810.590067493922, 107434.46783756251, 4723.26969265986, 2.1981048750000003, 0.04006815996036471, 12526.819126562503, 31.391238133562453, 661.1915711250001, 4.88240576635557, 0, 0, 2941, 0, 179831.6455078125, 9319.214783415757, 10350001, 0, 25440444.875, 7295630.255612797, 164311739.25, 7248223.466365529, 200102185.125, 3866864.822615325, 29888775.81576991, 62613.18656428241, 93214.87895679474, 3421.537939001122, 113543.5755040625, 15795.334667559138, inf, -nan, 348.83720930232545, 1.1368683772161603e-13, 866.2106920604291, 167.17898428021002, 55007.8790414375, 18376.0929526681, 51714.184959437494, 2851.164861791121, 0.460940625, 0.018580918383771426, 6157.2390323125, 5.711400424532704, 663.8115302499999, 6.493567963356224, 0, 0, 1462, 0, 118329.2685546875, 5894.244154968273, 5130001, 0, 38683158.5, 12600130.655585077, 79331494.4375, 4349352.206927888, 123144653.9375, 8775856.082584796, 29704832.119298697, 62832.19749100064, 44747.46587753296, 1718.740547584128, 117586.19202125001, 27605.47598799119, inf, -nan, 697.6744186046509, 2.2737367544323206e-13, 1524.0945764435064, 288.5358232261666, 89304.428602375, 29179.89681629995, 24545.656679375, 1810.59268018235, 0.09625625, 0.007145497021726339, 3064.3771008749995, 3.199420932106746, 671.633382375, 6.226197222318683, 0, 0, 731, 0, 75024.2265625, 4608.5345350364005, 2550001, 0, 62181636.0625, 19684344.530189715, 37851216.625, 2719594.4139949637, 102582853.6875, 17362584.20556566
30000, 0, 30000, 0, 0, 0, 0, fixed_reps_19, 30073197.485015154, 47778.535938811525, 195543.76990509033, 4233.428265253507, 169877.4107143125, 6843.943077094743, inf, -nan, 173.4104046242774, 5.684341886080802e-14, 507.39506649445394, 82.22942159662627, 36615.871816687504, 10810.590067493922, 119994.45364606251, 5273.785210505748, 2.1955146875, 0.0462216536819037, 12526.819126562503, 31.391238133562453, 738.0706103125001, 4.108848353407333, 0, 0, 3287, 0, 171834.357421875, 10330.717478989684, 10350001, 0, 25440444.875, 7295630.255612797, 183642511.75, 8100955.638879119, 219432957.625, 4166271.14591207, 29888139.104023695, 62591.90957739508, 92578.16721057892, 3442.341069296772, 119689.9850263125, 15486.62299220077, inf, -nan, 348.83720930232545, 1.1368683772161603e-13, 866.2106920604291, 167.17898428021002, 55007.8790414375, 18376.0929526681, 57780.44293225001, 3214.585234994175, 0.46893187499999994, 0.008107680054082978, 6157.2390323125, 5.711400424532704, 743.9550884375, 6.777393870153491, 0, 0, 1634, 0, 114011.31787109375, 6269.90964860854, 5130001, 0, 38683158.5, 12600130.655585077, 88664601.3125, 4861040.7018605815, 132477760.8125, 8359761.890769475, 29704369.493236303, 62789.441594015276, 44284.83981513977, 1848.638060085384, 120516.3643906875, 27432.250395257186, inf, -nan, 697.6744186046509, 2.2737367544323206e-13, 1524.0945764435064, 288.5358232261666, 89304.428602375, 29179.89681629995, 27398.13597425, 2019.7919167770763, 0.10085537500000001, 0.007736183311838919, 3064.3771008749995, 3.199420932106746, 749.3218578125001, 7.446634450953105, 0, 0, 817, 0, 72545.46533203125, 4782.1984356813045, 2550001, 0, 62181636.0625, 19684344.530189715, 42304295.875, 3039546.6979943705, 107035932.9375, 17097149.925692417
30000, 0, 30000, 0, 0, 0, 0, fixed_reps_21, 30071921.025449038, 47658.118579059956, 194267.310338974, 4663.2460974194755, 182584.5088183125, 6459.839742470646, inf, -nan, 173.4104046242774, 5.684341886080802e-14, 507.39506649445394, 82.22942159662627, 36615.871816687504, 10810.590067493922, 132623.2171824375, 5963.156048177595, 2.1845834374999997, 0.043632044479901336, 12526.819126562503, 31.391238133562453, 816.4161091875, 5.220646823156102, 0, 0, 3633, 0, 164873.90234375, 9778.240766664523, 10350001, 0, 25440444.875, 7295630.255612797, 202973284.25, 8953687.811392711, 238763730.125, 4606223.103825801, 29887283.660057783, 62617.15581481538, 91722.72324466705, 3429.010295767936, 125763.38032899998, 15191.928727575789, inf, -nan, 348.83720930232545, 1.1368683772161603e-13, 866.2106920604291, 167.17898428021002, 55007.8790414375, 18376.0929526681, 63779.307257374996, 3542.1440944545825, 0.4689361875, 0.007632371102897424, 6157.2390323125, 5.711400424532704, 818.4860616875, 6.337679608721799, 0, 0, 1806, 0, 110347.1806640625, 6123.974908665755, 5130001, 0, 38683158.5, 12600130.655585077, 97997708.1875, 5372729.196793275, 141810867.6875, 7954824.824606494, 29703942.707099676, 62594.765966916406, 43858.05367851257, 1931.7710348373557, 123446.39647931252, 27247.455587656088, inf, -nan, 697.6744186046509, 2.2737367544323206e-13, 1524.0945764435064, 288.5358232261666, 89304.428602375, 29179.89681629995, 30250.682122125003, 2233.3300985412416, 0.09863443750000002, 0.008148179014116819, 3064.3771008749995, 3.199420932106746, 826.8100195, 6.456831524595347, 0, 0, 903, 0, 70222.74609375, 4626.513504653394, 2550001, 0, 62181636.0625, 19684344.530189715, 46757375.125, 3359498.981993778, 111489012.1875, 16833611.60879991
30000, 0, 30000, 0, 0, 0, 0, fixed_reps_23, 30070901.589123964, 47724.7770528725, 193247.87401390076, 4815.676855292196, 195408.684988, 6293.796727303337, inf, -nan, 173.4104046242774, 5.684341886080802e-14, 507.39506649445394, 82.22942159662627, 36615.871816687504, 10810.590067493922, 145369.4853595625, 6210.973485884018, 2.187696625, 0.03570681533488216, 12526.819126562503, 31.391238133562453, 894.3209885625, 5.339847309698013, 0, 0, 3979, 0, 158431.4033203125, 9329.593586812522, 10350001, 0, 25440444.875, 7295630.255612797, 222304056.75, 9806419.983906303, 258094502.625, 5150832.128817365, 29886719.982247114, 62667.11337241196, 91159.04543399811, 3443.8019100227125, 131911.32126006248, 14911.16114305823, inf, -nan, 348.83720930232545, 1.1368683772161603e-13, 866.2106920604291, 167.17898428021002, 55007.8790414375, 18376.0929526681, 69849.1993674375, 3861.915270871993, 0.46909956249999996, 0.008502140142110915, 6157.2390323125, 5.711400424532704, 896.5347193125, 7.446843356525935, 0, 0, 1978, 0, 106033.69482421875, 6358.070737686714, 5130001, 0, 38683158.5, 12600130.655585077, 107330815.0625, 5884417.6917259665, 151143974.5625, 7562837.254739966, 29703523.790239096, 62747.1055616019, 43439.13681793213, 1959.67104913213, 126417.178116125, 27047.98278872128, inf, -nan, 697.6744186046509, 2.2737367544323206e-13, 1524.0945764435064, 288.5358232261666, 89304.428602375, 29179.89681629995, 33141.62846275, 2465.9682403591582, 0.0994928125, 0.006206138334531689, 3064.3771008749995, 3.199420932106746, 906.6444573125001, 7.8280371234808825, 0, 0, 989, 0, 68420.849609375, 4750.2515299746265, 2550001, 0, 62181636.0625, 19684344.530189715, 51210454.375, 3679451.2659931853, 115942091.4375, 16572059.707179273
30000, 0, 30000, 0, 0, 0, 0, fixed_reps_25, 30069975.642939806, 47945.50156097831, 192321.92782974243, 4788.643908634686, 207766.0974083125, 6053.254586431069, inf, -nan, 173.4104046242774, 5.684341886080802e-14, 507.39506649445394, 82.22942159662627, 36615.871816687504, 10810.590067493922, 157649.0374643125, 6862.912563112615, 2.2011020625, 0.06887973783021088, 12526.819126562503, 31.391238133562453, 972.1678986875002, 7.294020954861947, 0, 0, 4325, 0, 151821.3056640625, 8935.521852934517, 10350001, 0, 25440444.875, 7295630.255612797, 241634829.25, 10659152.156419896, 277425275.125, 5770542.112520742, 29885993.885864973, 62632.27283557307, 90432.949051857, 3365.304875670941, 138028.165808625, 14619.606132045108, inf, -nan, 348.83720930232545, 1.1368683772161603e-13, 866.2106920604291, 167.17898428021002, 55007.8790414375, 18376.0929526681, 75886.82908637499, 4194.547991352748, 0.4718931249999999, 0.008362386201579964, 6157.2390323125, 5.711400424532704, 975.746755375, 9.475896565198873, 0, 0, 2150, 0, 102202.751953125, 6411.511961373877, 5130001, 0, 38683158.5, 12600130.655585077, 116663921.9375, 6396106.18665866, 160477081.4375, 7185918.655598793, 29703137.745233297, 62901.346519846666, 43053.09181213379, 1926.7281832485035, 129344.05446143751, 26897.56331172308, inf, -nan, 697.6744186046509, 2.2737367544323206e-13, 1524.0945764435064, 288.5358232261666, 89304.428602375, 29179.89681629995, 35988.29086306251, 2648.7181924612737, 0.10315593749999999, 0.00724336431215452, 3064.3771008749995, 3.199420932106746, 986.8547391874998, 7.9366212380161905, 0, 0, 1075, 0, 66626.41943359375, 4993.138604572421, 2550001, 0, 62181636.0625, 19684344.530189715, 55663533.625, 3999403.549992593, 120395170.6875, 16312589.770137032
30000, 0, 30000, 0, 0, 0, 0, fixed_reps_27, 30069206.94015813, 47982.089593205135, 191553.2250480652, 4864.17137129486, 220262.9691200625, 5817.1959093289115, inf, -nan, 173.4104046242774, 5.684341886080802e-14, 507.39506649445394, 82.22942159662627, 36615.871816687504, 10810.590067493922, 170068.6826923125, 7471.451092433009, 2.1906290000000004, 0.04038506950749254, 12526.819126562503, 31.391238133562453, 1049.4048554999997, 8.040634359862837, 0, 0, 4671, 0, 145811.1982421875, 8112.317659923868, 10350001, 0, 25440444.875, 7295630.255612797, 260965601.75, 11511884.328933487, 296756047.625, 6443721.381435806, 29885418.91682124, 62561.50798631342, 89857.9800081253, 3436.9294572624754, 144118.3217939375, 14329.240538313861, inf, -nan, 348.83720930232545, 1.1368683772161603e-13, 866.2106920604291, 167.17898428021002, 55007.8790414375, 18376.0929526681, 81898.55968981248, 4530.966948116542, 0.47034775000000006, 0.007204199448064993, 6157.2390323125, 5.711400424532704, 1054.173682625, 10.050121609491864, 0, 0, 2322, 0, 98892.3359375, 6009.733753851573, 5130001, 0, 38683158.5, 12600130.655585077, 125997028.8125, 6907794.6815913515, 169810188.3125, 6826565.515672997, 29702756.861280203, 62950.87759627967, 42672.20785903931, 1933.5012425761404, 132271.64211699998, 26710.715080470858, inf, -nan, 697.6744186046509, 2.2737367544323206e-13, 1524.0945764435064, 288.5358232261666, 89304.428602375, 29179.89681629995, 38835.810098437505, 2865.4984795609703, 0.09755974999999999, 0.006733938710925425, 3064.3771008749995, 3.199420932106746, 1066.9287555624999, 13.919790919701317, 0, 0, 1161, 0, 64676.0615234375, 5272.085792326705, 2550001, 0, 62181636.0625, 19684344.530189715, 60116612.875, 4319355.833992, 124848249.9375, 16055302.737952866
30000, 0, 30000, 0, 0, 0, 0, fixed_reps_29, 30068483.935130358, 48039.199956246615, 190830.2200202942, 4717.378333786711, 233023.58318600003, 5708.610835475243, inf, -nan, 173.4104046242774, 5.684341886080802e-14, 507.39506649445394, 82.22942159662627, 36615.871816687504, 10810.590067493922, 182752.65512868747, 8155.755218295556, 2.1910261249999996, 0.038971680214411775, 12526.819126562503, 31.391238133562453, 1126.0460879375, 8.331532197620184, 0, 0, 5017, 0, 141014.4677734375, 7981.775426925564, 10350001, 0, 25440444.875, 7295630.255612797, 280296374.25, 12364616.50144708, 316086820.125, 7155294.440262406, 29884925.2424438, 62566.62878526503, 89364.3056306839, 3441.038727083664, 150274.360146375, 14017.509637910436, inf, -nan, 348.83720930232545, 1.1368683772161603e-13, 866.2106920604291, 167.17898428021002, 55007.8790414375, 18376.0929526681, 87977.165834, 4886.558453835851, 0.46976968750000003, 0.009460648608306078, 6157.2390323125, 5.711400424532704, 1131.6064689375, 11.301202438779983, 0, 0, 2494, 0, 96217.53173828125, 5481.46872838834, 5130001, 0, 38683158.5, 12600130.655585077, 135330135.6875, 7419483.176524046, 179143295.1875, 6487697.340841483, 29702521.21834922, 62995.846645471036, 42436.56492805481, 2017.9417593792223, 135209.3399731875, 26530.909322141702, inf, -nan, 697.6744186046509, 2.2737367544323206e-13, 1524.0945764435064, 288.5358232261666, 89304.428602375, 29179.89681629995, 41694.96715375, 3071.4191812263775, 0.09724281250000003, 0.007009239386505769, 3064.3771008749995, 3.199420932106746, 1145.469873375, 9.557185524074479, 0, 0, 1247, 0, 63284.74462890625, 5229.318947055689, 2550001, 0, 62181636.0625, 19684344.530189715, 64569692.125, 4639308.117991407, 129301329.1875, 15800305.248125022
30000, 0, 30000, 0, 0, 0, 0, fixed_reps_3, 30094245.517155886, 47723.687916435825, 216591.80204582214, 4127.039444346819, 68974.10553975, 10001.26319426518, inf, -nan, 173.4104046242774, 5.684341886080802e-14, 507.39506649445394, 82.22942159662627, 36615.871816687504, 10810.590067493922, 19711.534398562497, 941.9406439470187, 2.2218429375, 0.1323158812073728, 12526.819126562503, 31.391238133562453, 117.65835500000003, 1.219115049637851, 0, 0, 519, 0, 322080.57421875, 7917.4489912571935, 10350001, 0, 25440444.875, 7295630.255612797, 28996331.75, 1279098.2587703876, 64786777.625, 6231930.878343282, 29898751.441282034, 63021.02285876839, 103190.50446891785, 3419.207413351256, 70706.630816, 17902.787772598545, inf, -nan, 348.83720930232545, 1.1368683772161603e-13, 866.2106920604291, 167.17898428021002, 55007.8790414375, 18376.0929526681, 9424.6095565, 518.0205549721661, 0.4534960625, 0.019351120476178995, 6157.2390323125, 5.711400424532704, 116.4496896875, 0.7104289079992213, 0, 0, 258, 0, 185402.2333984375, 6851.77644444975, 5130001, 0, 38683158.5, 12600130.655585077, 13999746.3125, 767532.7423990392, 57812905.8125, 11899078.714455, 29710112.547490835, 62386.77727663671, 50027.89406967163, 2331.195152512382, 96963.0873280625, 28894.52637702556, inf, -nan, 697.6744186046509, 2.2737367544323206e-13, 1524.0945764435064, 288.5358232261666, 89304.428602375, 29179.89681629995, 4476.9446099375, 324.33848478098633, 0.091687375, 0.001339549545322979, 3064.3771008749995, 3.199420932106746, 117.2453275, 1.118290232209085, 0, 0, 129, 0, 106582.6376953125, 4108.777626395358, 2550001, 0, 62181636.0625, 19684344.530189715, 6679661.875, 479928.4259991112, 71411298.9375, 19267059.53895604
30000, 0, 30000, 0, 0, 0, 0, fixed_reps_31, 30067834.67687154, 48141.24386322332, 190180.9617614746, 4810.206121372407, 245844.92582018752, 5428.485746349665, inf, -nan, 173.4104046242774, 5.684341886080802e-14, 507.39506649445394, 82.22942159662627, 36615.871816687504, 10810.590067493922, 195495.96426037498, 8601.995508226619, 2.1840178124999996, 0.03889592611896964, 12526.819126562503, 31.391238133562453, 1204.0865987499997, 7.844295451084516, 0, 0, 5363, 0, 136239.52685546875, 7998.823295798006, 10350001, 0, 25440444.875, 7295630.255612797, 299627146.75, 13217348.67396067, 335417592.625, 7894886.707749942, 29884362.188946486, 62627.13973417582, 88801.25213336945, 3461.078156438773, 156398.9339699375, 13728.563453492463, inf, -nan, 348.83720930232545, 1.1368683772161603e-13, 866.2106920604291, 167.17898428021002, 55007.8790414375, 18376.0929526681, 94026.601348875, 5223.3690771332285, 0.4693406875, 0.01053421830108166, 6157.2390323125, 5.711400424532704, 1206.7452066249998, 7.726154117655656, 0, 0, 2666, 0, 93117.6630859375, 5067.414139827972, 5130001, 0, 38683158.5, 12600130.655585077, 144663242.5625, 7931171.671456738, 188476402.0625, 6172688.803482689, 29702301.98325324, 62954.75177086472, 42217.32983207703, 1978.3399273647246, 138165.7690259375, 26351.663611616284, inf, -nan, 697.6744186046509, 2.2737367544323206e-13, 1524.0945764435064, 288.5358232261666, 89304.428602375, 29179.89681629995, 44577.971116125, 3292.9697185390255, 0.10300956250000001, 0.006232960401855104, 3064.3771008749995, 3.199420932106746, 1218.889197, 12.298421706092535, 0, 0, 1333, 0, 62134.38525390625, 5020.746370714529, 2550001, 0, 62181636.0625, 19684344.530189715, 69022771.375, 4959260.401990815, 133754408.4375, 15547709.953192798
30000, 0, 30000, 0, 0, 0, 0, fixed_reps_33, 30067034.716519594, 48086.010416092045, 189381.00140953064, 4873.9370254306605, 258362.90927443752, 5623.626042470674, inf, -nan, 173.4104046242774, 5.684341886080802e-14, 507.39506649445394, 82.22942159662627, 36615.871816687504, 10810.590067493922, 207935.30461399996, 9009.533541500543, 2.2279109375, 0.06022345723477352, 12526.819126562503, 31.391238133562453, 1282.6858062499998, 11.824554836710107, 0, 0, 5709, 0, 131552.8427734375, 7861.051499077541, 10350001, 0, 25440444.875, 7295630.255612797, 318957919.25, 14070080.846474262, 354748365.125, 8655318.483201114, 29883904.407799482, 62621.45525650094, 88343.47098636627, 3525.035605319675, 162464.2024696875, 13458.558721067788, inf, -nan, 348.83720930232545, 1.1368683772161603e-13, 866.2106920604291, 167.17898428021002, 55007.8790414375, 18376.0929526681, 100012.25619825002, 5540.974979856472, 0.47032393749999996, 0.008650849911054623, 6157.2390323125, 5.711400424532704, 1286.35787375, 9.595933881244804, 0, 0, 2838, 0, 90634.7802734375, 4897.319178258112, 5130001, 0, 38683158.5, 12600130.655585077, 153996349.4375, 8442860.166389432, 197809508.9375, 5885372.339505159, 29702139.751807928, 63000.856827496056, 42055.09838676453, 2024.6911580980532, 141095.69873931247, 26174.181847870695, inf, -nan, 697.6744186046509, 2.2737367544323206e-13, 1524.0945764435064, 288.5358232261666, 89304.428602375, 29179.89681629995, 47428.557621625005, 3495.548804773172, 0.10484537499999999, 0.005867307877926213, 3064.3771008749995, 3.199420932106746, 1298.2305690625, 11.054080598686461, 0, 0, 1419, 0, 60963.407470703125, 4919.693631931886, 2550001, 0, 62181636.0625, 19684344.530189715, 73475850.625, 5279212.685990223, 138207487.6875, 15297635.849090096
30000, 0, 30000, 0, 0, 0, 0, fixed_reps_35, 30066264.178159952, 48069.82374560324, 188610.4630498886, 4699.19505719675, 270983.36312550004, 5464.317063764704, inf, -nan, 173.4104046242774, 5.684341886080802e-14, 507.39506649445394, 82.22942159662627, 36615.871816687504, 10810.590067493922, 220480.93831412494, 9790.698290819682, 2.2039999375, 0.08878554238618237, 12526.819126562503, 31.391238133562453, 1357.5298681875, 8.207729930306554, 0, 0, 6055, 0, 127048.13134765625, 7863.791949911878, 10350001, 0, 25440444.875, 7295630.255612797, 338288691.75, 14922813.018987855, 374079137.625, 9431550.470583217, 29883420.270905256, 62768.62236853222, 87859.3340921402, 3473.832301779877, 168616.59638575, 13149.731335212451, inf, -nan, 348.83720930232545, 1.1368683772161603e-13, 866.2106920604291, 167.17898428021002, 55007.8790414375, 18376.0929526681, 106087.54676831252, 5914.5251781752295, 0.470725875, 0.008671555597721498, 6157.2390323125, 5.711400424532704, 1363.4608178125, 12.270604350943392, 0, 0, 3010, 0, 88262.11572265625, 4821.533477709875, 5130001, 0, 38683158.5, 12600130.655585077, 163329456.3125, 8954548.661322122, 207142615.8125, 5629989.193264699, 29701927.407216787, 63080.134644604856, 41842.75379562378, 2029.3267779815703, 144046.75710068748, 26006.508594765914, inf, -nan, 697.6744186046509, 2.2737367544323206e-13, 1524.0945764435064, 288.5358232261666, 89304.428602375, 29179.89681629995, 50294.1197849375, 3695.144259065724, 0.1031990625, 0.005470760887079032, 3064.3771008749995, 3.199420932106746, 1383.7284134375, 12.46054957730975, 0, 0, 1505, 0, 59612.973876953125, 5156.021094517419, 2550001, 0, 62181636.0625, 19684344.530189715, 77928929.875, 5599164.96998963, 142660566.9375, 15050208.612580607
30000, 0, 30000, 0, 0, 0, 0, fixed_reps_37, 30065712.683803797, 48007.1091906778, 188058.96869373322, 4756.2016475032515, 283697.66781493754, 5622.28073250448, inf, -nan, 173.4104046242774, 5.684341886080802e-14, 507.39506649445394, 82.22942159662627, 36615.871816687504, 10810.590067493922, 233116.18803412496, 10225.80291012628, 2.2260089374999996, 0.09731594612040001, 12526.819126562503, 31.391238133562453, 1436.562828625, 9.13393261092961, 0, 0, 6401, 0, 123317.50634765625, 7636.238144678116, 10350001, 0, 25440444.875, 7295630.255612797, 357619464.25, 15775545.191501446, 393409910.125, 10219983.112938767, 29883078.841362715, 62697.1561395946, 87517.9045495987, 3422.539952924492, 174714.97970306248, 12859.516660710524, inf, -nan, 348.83720930232545, 1.1368683772161603e-13, 866.2106920604291, 167.17898428021002, 55007.8790414375, 18376.0929526681, 112109.35989056248, 6265.857212698981, 0.4823301875, 0.048459259036868714, 6157.2390323125, 5.711400424532704, 1440.0194085624998, 11.04346532611228, 0, 0, 3182, 0, 86524.580078125, 4727.755541429212, 5130001, 0, 38683158.5, 12600130.655585077, 172662563.1875, 9466237.156254817, 216475722.6875, 5411062.676557637, 29701764.90451598, 63131.688279286755, 41680.251094818115, 2026.9189180692767, 146990.61420100002, 25820.552766979963, inf, -nan, 697.6744186046509, 2.2737367544323206e-13, 1524.0945764435064, 288.5358232261666, 89304.428602375, 29179.89681629995, 53163.70813756249, 3914.1238635571335, 0.1022861875, 0.006582319729954156, 3064.3771008749995, 3.199420932106746, 1457.9980739999999, 13.768189046693303, 0, 0, 1591, 0, 58327.879150390625, 5320.344110830268, 2550001, 0, 62181636.0625, 19684344.530189715, 82382009.125, 5919117.253989038, 147113646.1875, 14805560.945843872
30000, 0, 30000, 0, 0, 0, 0, fixed_reps_39, 30065192.826717615, 48101.15422008691, 187539.11160755157, 4691.453430382447, 296417.5375224375, 5853.282483524954, inf, -nan, 173.4104046242774, 5.684341886080802e-14, 507.39506649445394, 82.22942159662627, 36615.871816687504, 10810.590067493922, 245759.941820375, 10988.431238430894, 2.20254925, 0.07625981813633903, 12526.819126562503, 31.391238133562453, 1512.7022095625, 7.613573077698617, 0, 0, 6747, 0, 119981.5283203125, 7689.967542701787, 10350001, 0, 25440444.875, 7295630.255612797, 376950236.75, 16628277.364015037, 412740682.625, 11017997.535597304, 29882735.41660762, 62816.33872372827, 87174.47979450226, 3422.7923144246106, 180804.06921812502, 12591.306919187513, inf, -nan, 348.83720930232545, 1.1368683772161603e-13, 866.2106920604291, 167.17898428021002, 55007.8790414375, 18376.0929526681, 118119.50877437502, 6593.496262635804, 0.4676025625, 0.007368787459351355, 6157.2390323125, 5.711400424532704, 1518.9747674375, 7.945750658831757, 0, 0, 3354, 0, 84261.79248046875, 5040.991516713777, 5130001, 0, 38683158.5, 12600130.655585077, 181995670.0625, 9977925.65118751, 225808829.5625, 5233170.214572221, 29701544.98734641, 62966.43627957483, 41460.33392524719, 2004.0457209540446, 149920.0463955625, 25663.243783569327, inf, -nan, 697.6744186046509, 2.2737367544323206e-13, 1524.0945764435064, 288.5358232261666, 89304.428602375, 29179.89681629995, 56009.79389275, 4109.187007535561, 0.10057118749999999, 0.007062720078152874, 3064.3771008749995, 3.199420932106746, 1541.346228375, 15.059938754022975, 0, 0, 1677, 0, 57175.1484375, 5512.658573127374, 2550001, 0, 62181636.0625, 19684344.530189715, 86835088.375, 6239069.537988445, 151566725.4375, 14563832.925712654
30000, 0, 30000, 0, 0, 0, 0, fixed_reps_41, 30064675.298057795, 48157.54638827645, 187021.58294773102, 4715.780469395659, 309719.10847662506, 6103.692477835224, inf, -nan, 173.4104046242774, 5.684341886080802e-14, 507.39506649445394, 82.22942159662627, 36615.871816687504, 10810.590067493922, 258982.41293456242, 11934.471215229012, 2.1807498124999998, 0.059978744096574235, 12526.819126562503, 31.391238133562453, 1591.8238489999997, 7.43569852106663, 0, 0, 7093, 0, 116672.09130859375, 7633.609052629945, 10350001, 0, 25440444.875, 7295630.255612797, 396281009.25, 17481009.53652863, 432071455.125, 11823653.787056789, 29882441.190464735, 62772.9805123936, 86880.25365161896, 3480.8446494651644, 186966.6194659375, 12318.810486704528, inf, -nan, 348.83720930232545, 1.1368683772161603e-13, 866.2106920604291, 167.17898428021002, 55007.8790414375, 18376.0929526681, 124205.58909175001, 6919.942201220129, 0.4697235625, 0.010082915692947834, 6157.2390323125, 5.711400424532704, 1595.4425768750002, 6.825321270108609, 0, 0, 3526, 0, 82525.6943359375, 5268.25199005829, 5130001, 0, 38683158.5, 12600130.655585077, 191328776.9375, 10489614.146120202, 235141936.4375, 5100607.01597659, 29701384.732732534, 62931.32118386968, 41300.07931137085, 2056.085677109823, 152872.8277070625, 25506.14005546574, inf, -nan, 697.6744186046509, 2.2737367544323206e-13, 1524.0945764435064, 288.5358232261666, 89304.428602375, 29179.89681629995, 58883.99411143751, 4301.928452844984, 0.1034584375, 0.005182619788397923, 3064.3771008749995, 3.199420932106746, 1619.9244339375002, 17.65964694136451, 0, 0, 1763, 0, 56447.192626953125, 5497.84513576853, 2550001, 0, 62181636.0625, 19684344.530189715, 91288167.625, 6559021.821987852, 156019804.6875, 14325172.354394889
30000, 0, 30000, 0, 0, 0, 0, fixed_reps_5, 30089197.764912844, 47669.933963958465, 211544.04980278015, 4229.748087463029, 82083.85666262501, 9394.540926746824, inf, -nan, 173.4104046242774, 5.684341886080802e-14, 507.39506649445394, 82.22942159662627, 36615.871816687504, 10810.590067493922, 32740.9817643125, 2084.3328158465483, 2.38126875, 0.35793764160561187, 12526.819126562503, 31.391238133562453, 197.80268631250001, 9.343141076826674, 0, 0, 865, 0, 280849.583984375, 7867.36711778817, 10350001, 0, 25440444.875, 7295630.255612797, 48327104.25, 2131830.431283979, 84117550.125, 5573329.701782553, 29896011.295362234, 62938.82657621749, 100450.35854911804, 3683.1147020586295, 76837.12824618751, 17591.609388405563, inf, -nan, 348.83720930232545, 1.1368683772161603e-13, 866.2106920604291, 167.17898428021002, 55007.8790414375, 18376.0929526681, 15476.5945043125, 853.5019622005444, 0.44321556250000005, 0.02245695985927512, 6157.2390323125, 5.711400424532704, 194.9724525625, 1.8038653433429412, 0, 0, 430, 0, 166586.26171875, 6116.963876680879, 5130001, 0, 38683158.5, 12600130.655585077, 23332853.1875, 1279221.237331732, 67146012.6875, 11436454.49949705, 29708631.86862731, 62313.48520926983, 48547.21520614624, 2181.843608447185, 99915.29387043751, 28712.370365257862, inf, -nan, 697.6744186046509, 2.2737367544323206e-13, 1524.0945764435064, 288.5358232261666, 89304.428602375, 29179.89681629995, 7350.37357, 531.2379048298811, 0.09221593750000001, 0.001776461210832859, 3064.3771008749995, 3.199420932106746, 196.02238125, 1.6962037543777888, 0, 0, 215, 0, 98960.7841796875, 3806.835319887048, 2550001, 0, 62181636.0625, 19684344.530189715, 11132741.125, 799880.7099985187, 75864378.1875, 18990513.8442174
30000, 0, 30000, 0, 0, 0, 0, fixed_reps_7, 30085194.877345324, 47928.17234677482, 207541.16223526, 4206.474233278544, 94279.570313, 9128.240039262646, inf, -nan, 173.4104046242774, 5.684341886080802e-14, 507.39506649445394, 82.22942159662627, 36615.871816687504, 10810.590067493922, 44860.6208720625, 2005.9586961067994, 2.3972112500000002, 0.24998423548758525, 12526.819126562503, 31.391238133562453, 273.8612864374999, 2.838010881334647, 0, 0, 1211, 0, 252246.3447265625, 8283.87255128709, 10350001, 0, 25440444.875, 7295630.255612797, 67657876.75, 2984562.6037975713, 103448322.625, 4974067.729049759, 29894234.08347869, 62908.88091517175, 98673.14666557312, 3624.6555629696745, 82958.82275893752, 17295.08699976619, inf, -nan, 348.83720930232545, 1.1368683772161603e-13, 866.2106920604291, 167.17898428021002, 55007.8790414375, 18376.0929526681, 21520.594843375, 1181.8514571510214, 0.463051875, 0.018312836853130506, 6157.2390323125, 5.711400424532704, 272.6467899375, 2.4400801633842213, 0, 0, 602, 0, 154299.216796875, 5424.586353217341, 5130001, 0, 38683158.5, 12600130.655585077, 32665960.0625, 1790909.7322644244, 76479119.5625, 10978185.597676404, 29707611.332834005, 62405.2929291743, 47526.6794128418, 1952.461811544348, 102868.14441968748, 28517.996150520972, inf, -nan, 697.6744186046509, 2.2737367544323206e-13, 1524.0945764435064, 288.5358232261666, 89304.428602375, 29179.89681629995, 10224.017933312498, 753.7002425493009, 0.09514831250000003, 0.007307957971611752, 3064.3771008749995, 3.199420932106746, 275.2256348125, 2.5415660163941114, 0, 0, 301, 0, 92729.10693359375, 5176.6992403512095, 2550001, 0, 62181636.0625, 19684344.530189715, 15585820.375, 1119832.9939979261, 80317457.4375, 18715351.66074155
30000, 0, 30000, 0, 0, 0, 0, fixed_reps_9, 30082406.88168645, 47771.52103470895, 204753.1665763855, 4240.566219225695, 106961.39456512501, 8574.887289765338, inf, -nan, 173.4104046242774, 5.684341886080802e-14, 507.39506649445394, 82.22942159662627, 36615.871816687504, 10810.590067493922, 57465.035300312506, 2709.4093829581484, 2.2798329375, 0.2393386151703974, 12526.819126562503, 31.391238133562453, 351.38848862500004, 3.7386986874870485, 0, 0, 1557, 0, 231666.83203125, 8158.546569299482, 10350001, 0, 25440444.875, 7295630.255612797, 86988649.25, 3837294.776311163, 122779095.125, 4458138.613553458, 29892743.476186514, 62534.36635915775, 97182.53937339783, 3641.0319036550363, 89072.94876437497, 16984.204014564293, inf, -nan, 348.83720930232545, 1.1368683772161603e-13, 866.2106920604291, 167.17898428021002, 55007.8790414375, 18376.0929526681, 27556.5770049375, 1520.9602908243148, 0.4367735, 0.017366616765363368, 6157.2390323125, 5.711400424532704, 350.81691218749995, 2.73104670110914, 0, 0, 774, 0, 144826.412109375, 5350.270411981008, 5130001, 0, 38683158.5, 12600130.655585077, 41999066.9375, 2302598.227197117, 85812226.4375, 10524840.936882889, 29706873.57986617, 62463.10107386854, 46788.926445007324, 1857.2328188391125, 105800.95560649999, 28335.510842211384, inf, -nan, 697.6744186046509, 2.2737367544323206e-13, 1524.0945764435064, 288.5358232261666, 89304.428602375, 29179.89681629995, 13078.530733249998, 969.7502896710264, 0.09721418750000001, 0.007089251073092543, 3064.3771008749995, 3.199420932106746, 353.5219558124999, 2.2656200479315336, 0, 0, 387, 0, 88467.10009765625, 5263.1640369273355, 2550001, 0, 62181636.0625, 19684344.530189715, 20038899.625, 1439785.2779973336, 84770536.6875, 18441634.917520277
30000, 0, 30000, 0, 0, 0, 0, greedy_1.000000, 30104203.806821108, 47130.25578108057, 226550.0917110443, 6074.495502803425, 56258.6661620625, 10539.151865590424, inf, -nan, 173.4104046242774, 5.684341886080802e-14, 507.39506649445394, 82.22942159662627, 36615.871816687504, 10810.590067493922, 7075.686782125, 313.83105053070165, 2.0581053750000002, 0.12734821215169995, 12526.819126562503, 31.391238133562453, 38.220511, 1.2274173716199293, 0.009820312499999997, 0.0009293274260688479, 173, 0, 401193.423828125, 7096.31476287963, 10350001, 0, 25440444.875, 7295630.255612797, 9665559.25, 426366.08625679585, 45456005.125, 6932980.981958976, 29903652.487172842, 63359.29341181049, 108091.55035972595, 3506.0411766630923, 64567.42802074998, 18195.67286617433, inf, -nan, 348.83720930232545, 1.1368683772161603e-13, 866.2106920604291, 167.17898428021002, 55007.8790414375, 18376.0929526681, 3364.2792729375, 197.3229952072898, 0.44985231249999996, 0.01690897721152417, 6157.2390323125, 5.711400424532704, 37.575601375, 0.38808340780073836, 0.005220375000000001, 0.0006304168140008639, 86, 0, 223599.439453125, 4781.243227460465, 5130001, 0, 38683158.5, 12600130.655585077, 4666639.4375, 255844.2474663464, 48479798.9375, 12365569.425554922, 29712103.59631896, 62199.336276560054, 52018.94289779663, 2512.0563253250516, 94016.9470129375, 29079.989143486946, inf, -nan, 697.6744186046509, 2.2737367544323206e-13, 1524.0945764435064, 288.5358232261666, 89304.428602375, 29179.89681629995, 1610.5965536875, 114.54453440541315, 0.0922405625, 0.003920034581619624, 3064.3771008749995, 3.199420932106746, 37.4490101875, 0.8244215892554779, 0.00350525, 0.0011344183807132182, 43, 0, 121864.5625, 2594.9572537791523, 2550001, 0, 62181636.0625, 19684344.530189715, 2226582.625, 159976.14199970374, 66958219.6875, 19544930.018191773
30000, 0, 30000, 0, 0, 0, 0, greedy_11.000000, 30074718.37536931, 48269.51324031778, 197064.66025924683, 4248.369391906771, 186686.99216406248, 8836.989386537449, inf, -nan, 173.4104046242774, 5.684341886080802e-14, 507.39506649445394, 82.22942159662627, 36615.871816687504, 10810.590067493922, 70127.99444000001, 2904.584971419326, 2.3873821875, 0.21285039359671695, 12526.819126562503, 31.391238133562453, 67413.43805106249, 549.8666279302869, 0.4813475625, 0.06547047641205227, 1903, 0, 184385.306640625, 10891.702001397203, 10350001, 0, 25440444.875, 7295630.255612797, 157877096.125, 4712425.40913421, 193667542, 3893394.314016145, 29889614.727490187, 62880.476908886245, 94053.79067707062, 3491.2475032075126, 128241.83076025, 16767.60228703523, inf, -nan, 348.83720930232545, 1.1368683772161603e-13, 866.2106920604291, 167.17898428021002, 55007.8790414375, 18376.0929526681, 33638.29200868751, 1910.8327970332996, 0.4701961875, 0.009613864566465647, 6157.2390323125, 5.711400424532704, 33437.80016418751, 161.98383395494866, 0.15031743749999998, 0.01292789628559472, 946, 0, 125223.00439453125, 7143.839568214155, 5130001, 0, 38683158.5, 12600130.655585077, 76852033.5625, 2825715.5143425833, 120665193.0625, 10047183.461298468, 29705540.963460684, 63023.43789275486, 45456.310039520264, 1730.0820871556764, 125295.46678999999, 28336.273523779575, inf, -nan, 697.6744186046509, 2.2737367544323206e-13, 1524.0945764435064, 288.5358232261666, 89304.428602375, 29179.89681629995, 15944.512096499999, 1120.1846124915126, 0.09749287499999999, 0.006407915923635, 3064.3771008749995, 3.199420932106746, 16981.997370812504, 203.6459793349886, 0.054126562499999996, 0.010331628919056944, 473, 0, 80116.9462890625, 5265.7362927459135, 2550001, 0, 62181636.0625, 19684344.530189715, 37089949.6875, 1704002.4364765706, 101821586.75, 18253665.225499496
30000, 0, 30000, 0, 0, 0, 0, greedy_13.000000, 30072487.430398226, 48151.999337194684, 194833.71528816223, 4361.646658997913, 212311.483784, 8275.555938530146, inf, -nan, 173.4104046242774, 5.684341886080802e-14, 507.39506649445394, 82.22942159662627, 36615.871816687504, 10810.590067493922, 82499.86427187502, 3587.0530839453313, 2.180537375, 0.14840976690900223, 12526.819126562503, 31.391238133562453, 80666.13401768751, 498.06744135877665, 0.6140138125, 0.09574052020775915, 2249, 0, 170519.5830078125, 10421.945375334446, 10350001, 0, 25440444.875, 7295630.255612797, 187512954.625, 5579577.414225469, 223303400.5, 3617569.421693539, 29888155.724014997, 63020.838334537846, 92594.78720188141, 3313.247861093787, 140874.1482385625, 16543.165229546637, inf, -nan, 348.83720930232545, 1.1368683772161603e-13, 866.2106920604291, 167.17898428021002, 55007.8790414375, 18376.0929526681, 39571.533824812504, 2181.3953394772698, 0.46928012499999994, 0.008184395868625554, 6157.2390323125, 5.711400424532704, 40136.8531005, 205.4431319286836, 0.173959375, 0.01744889616091445, 1118, 0, 117935.02099609375, 7059.687139373412, 5130001, 0, 38683158.5, 12600130.655585077, 91169183.0625, 3278486.0917582726, 134982342.5625, 9637511.415990118, 29704898.9466722, 62935.94922020654, 44814.2932510376, 1651.733563112799, 131499.8471390625, 28243.162265417886, inf, -nan, 697.6744186046509, 2.2737367544323206e-13, 1524.0945764435064, 288.5358232261666, 89304.428602375, 29179.89681629995, 18799.043360999996, 1295.07169347519, 0.09932618750000001, 0.007590105460554796, 3064.3771008749995, 3.199420932106746, 20331.8398745625, 221.04078844005937, 0.05887406250000001, 0.012085874758725317, 559, 0, 76281.00219726562, 6246.468467161352, 2550001, 0, 62181636.0625, 19684344.530189715, 44054412.375, 1969870.9706362076, 108786049.4375, 18037581.526366055
30000, 0, 30000, 0, 0, 0, 0, greedy_15.000000, 30070516.899895906, 48422.88666517895, 192863.1847858429, 4739.264895036364, 237981.350184875, 7850.278895332373, inf, -nan, 173.4104046242774, 5.684341886080802e-14, 507.39506649445394, 82.22942159662627, 36615.871816687504, 10810.590067493922, 94869.55963500001, 4260.622551547329, 2.1618341250000004, 0.03271765878481188, 12526.819126562503, 31.391238133562453, 93966.26969087501, 543.7918869799753, 0.668081625, 0.08019402581542077, 2595, 0, 156717.7265625, 10552.384421935725, 10350001, 0, 25440444.875, 7295630.255612797, 216994493.125, 6498115.55220247, 252784939, 3641122.626874025, 29887154.677422285, 62974.83062790746, 91593.740609169, 3195.8972021542504, 153603.44788075003, 16263.999914941238, inf, -nan, 348.83720930232545, 1.1368683772161603e-13, 866.2106920604291, 167.17898428021002, 55007.8790414375, 18376.0929526681, 45627.783718375, 2515.0288513966957, 0.47094925, 0.009842296140256094, 6157.2390323125, 5.711400424532704, 46809.8746300625, 211.63150674767962, 0.20050931250000004, 0.015758767657714983, 1290, 0, 111869.55810546875, 6740.808676610094, 5130001, 0, 38683158.5, 12600130.655585077, 105585372.875, 3764699.6587887635, 149398532.375, 9242645.909732768, 29704441.40871215, 63009.8247357842, 44356.75529098511, 1634.5591785450524, 137699.479159625, 28011.379298314536, inf, -nan, 697.6744186046509, 2.2737367544323206e-13, 1524.0945764435064, 288.5358232261666, 89304.428602375, 29179.89681629995, 21666.166213062505, 1545.8074377194498, 0.098603, 0.007263384309328536, 3064.3771008749995, 3.199420932106746, 23664.338995374997, 200.68497913404258, 0.06964493749999999, 0.011950383918878664, 645, 0, 73315.16137695312, 6439.218939911841, 2550001, 0, 62181636.0625, 19684344.530189715, 51014891.125, 2359163.880854451, 115746528.1875, 17687920.142577436
30000, 0, 30000, 0, 0, 0, 0, greedy_17.000000, 30068352.218524218, 48504.896165920836, 190698.50341415405, 4777.489163987913, 263821.75090025004, 7416.7932235958, inf, -nan, 173.4104046242774, 5.684341886080802e-14, 507.39506649445394, 82.22942159662627, 36615.871816687504, 10810.590067493922, 107338.49589875, 4849.864077881055, 2.1918580625, 0.07046183922474344, 12526.819126562503, 31.391238133562453, 107337.65703231249, 535.0230682367702, 0.715167875, 0.04063185489378224, 2941, 0, 145034.984375, 12524.465478125458, 10350001, 0, 25440444.875, 7295630.255612797, 246592197.625, 7341144.533509487, 282382643.5, 3746784.5421709097, 29886042.669248343, 62818.392212266444, 90481.73243522644, 3451.091741791338, 166376.9222905625, 16067.207261708323, inf, -nan, 348.83720930232545, 1.1368683772161603e-13, 866.2106920604291, 167.17898428021002, 55007.8790414375, 18376.0929526681, 51677.82404012501, 2802.7785085678133, 0.4680638749999999, 0.00724809025601744, 6157.2390323125, 5.711400424532704, 53533.2845855, 285.16811966128984, 0.22752731250000002, 0.011067794595801088, 1462, 0, 105737.947265625, 7285.720147145833, 5130001, 0, 38683158.5, 12600130.655585077, 120049069.625, 4230662.381729896, 163862229.125, 8840188.29857572, 29703938.631824255, 62981.13905463911, 43853.97840309143, 1765.1657773858713, 144014.937325375, 27868.465110310255, inf, -nan, 697.6744186046509, 2.2737367544323206e-13, 1524.0945764435064, 288.5358232261666, 89304.428602375, 29179.89681629995, 24540.7417810625, 1781.2296725669096, 0.0997970625, 0.006538965499877924, 3064.3771008749995, 3.199420932106746, 27105.210112125, 276.9554673028753, 0.07993187500000001, 0.012258756538057808, 731, 0, 71038.853515625, 6480.337069103117, 2550001, 0, 62181636.0625, 19684344.530189715, 58034435.5625, 2701618.5761364647, 122766072.625, 17432763.517641734
30000, 0, 30000, 0, 0, 0, 0, greedy_19.000000, 30066971.279156923, 48101.13761207405, 189317.56404685974, 4592.608599002434, 289699.39730868756, 7152.192588634972, inf, -nan, 173.4104046242774, 5.684341886080802e-14, 507.39506649445394, 82.22942159662627, 36615.871816687504, 10810.590067493922, 119853.33902537498, 5381.472532896094, 2.2048205625, 0.07136161145091308, 12526.819126562503, 31.391238133562453, 120700.3685835625, 587.9103792423763, 0.7939359374999999, 0.02099813717770207, 3287, 0, 135385.18505859375, 11875.608959803214, 10350001, 0, 25440444.875, 7295630.255612797, 276201959.3125, 8173013.151154657, 311992405.1875, 4147263.5928997085, 29885325.76157546, 62799.66058011696, 89764.82476234436, 3267.0703561760447, 179145.96606862498, 15859.828584200328, inf, -nan, 348.83720930232545, 1.1368683772161603e-13, 866.2106920604291, 167.17898428021002, 55007.8790414375, 18376.0929526681, 57723.16101506249, 3140.645095563089, 0.46764443749999995, 0.00783124222241234, 6157.2390323125, 5.711400424532704, 60256.969363375, 386.0247809569255, 0.249972, 0.012433316457204809, 1634, 0, 100711.09423828125, 6949.649900466598, 5130001, 0, 38683158.5, 12600130.655585077, 134435374.75, 4749278.551102861, 178248534.25, 8493751.01299788, 29703496.597921133, 62926.29529249502, 43411.94449996948, 1853.508896672577, 150160.717515125, 27808.582258671348, inf, -nan, 697.6744186046509, 2.2737367544323206e-13, 1524.0945764435064, 288.5358232261666, 89304.428602375, 29179.89681629995, 27363.843303562495, 1964.664814644408, 0.10250912499999999, 0.007335629743544516, 3064.3771008749995, 3.199420932106746, 30427.8886295, 304.2623127817831, 0.07736968749999999, 0.014403477582335584, 817, 0, 69152.3525390625, 6220.780294429194, 2550001, 0, 62181636.0625, 19684344.530189715, 64954010.75, 3013724.678812157, 129685647.8125, 17260810.911436763
30000, 0, 30000, 0, 0, 0, 0, greedy_21.000000, 30065715.756625414, 47994.94256219502, 188062.04151535034, 4417.229607163046, 315595.1554553125, 6843.427508135054, inf, -nan, 173.4104046242774, 5.684341886080802e-14, 507.39506649445394, 82.22942159662627, 36615.871816687504, 10810.590067493922, 132379.59613625, 5943.259277566627, 2.179769625, 0.07642271151372071, 12526.819126562503, 31.391238133562453, 134069.8008374375, 658.2608962784869, 0.88776875, 0.06501599398080828, 3633, 0, 126813.716796875, 11324.750649082944, 10350001, 0, 25440444.875, 7295630.255612797, 305821352.5625, 9036911.082726948, 341611798.4375, 4631081.635895211, 29884333.25142455, 62749.601797512994, 88772.31461143494, 3334.1155963774777, 191860.710089, 15642.187913749247, inf, -nan, 348.83720930232545, 1.1368683772161603e-13, 866.2106920604291, 167.17898428021002, 55007.8790414375, 18376.0929526681, 63746.1150190625, 3474.0641133638464, 0.45966712499999995, 0.02149554380236459, 6157.2390323125, 5.711400424532704, 66948.74598225, 418.90686498259095, 0.2713468125, 0.012224072409689977, 1806, 0, 95686.83056640625, 7046.216164820424, 5130001, 0, 38683158.5, 12600130.655585077, 148854856.4375, 5263455.793120178, 192668015.9375, 8084215.806009259, 29703015.703805685, 62937.69494789787, 42931.050384521484, 1767.089046393966, 156420.53881425, 27660.119069263943, inf, -nan, 697.6744186046509, 2.2737367544323206e-13, 1524.0945764435064, 288.5358232261666, 89304.428602375, 29179.89681629995, 30266.360546375006, 2174.2240678379467, 0.10156737499999997, 0.005627731013416953, 3064.3771008749995, 3.199420932106746, 33785.1749755625, 327.6478312014266, 0.09602168750000001, 0.009977318976801522, 903, 0, 67048.61157226562, 6267.517627198875, 2550001, 0, 62181636.0625, 19684344.530189715, 71966316.6875, 3331977.6650495743, 136697953.75, 17017449.485817526
30000, 0, 30000, 0, 0, 0, 0, greedy_23.000000, 30064455.67458272, 47867.53472511222, 186801.95947265625, 4548.570572564802, 341504.954711625, 6755.491839801923, inf, -nan, 173.4104046242774, 5.684341886080802e-14, 507.39506649445394, 82.22942159662627, 36615.871816687504, 10810.590067493922, 144917.64493743752, 6399.979896466389, 2.1853225, 0.06831971790321592, 12526.819126562503, 31.391238133562453, 147441.42372037497, 756.1794893304657, 1.0097880625, 0.047867395159007724, 3979, 0, 118495.02685546875, 10360.697088692936, 10350001, 0, 25440444.875, 7295630.255612797, 335411446.375, 9740868.932652384, 371201892.25, 5159557.216732513, 29883672.920564413, 62854.82901487191, 88111.983751297, 3358.8824043456143, 204592.38117037498, 15334.040491748561, inf, -nan, 348.83720930232545, 1.1368683772161603e-13, 866.2106920604291, 167.17898428021002, 55007.8790414375, 18376.0929526681, 69822.1639566875, 3803.939704015715, 0.4682541875, 0.00656875532558062, 6157.2390323125, 5.711400424532704, 73604.33721818749, 408.7248328460768, 0.29366756250000003, 0.011722471368960291, 1978, 0, 91844.08447265625, 7367.945395277794, 5130001, 0, 38683158.5, 12600130.655585077, 163318728.25, 5803367.038789018, 207131887.75, 7679011.528805517, 29702544.379487753, 63089.634326805375, 42459.726066589355, 1632.1806498127332, 162650.06798537503, 27461.512532899815, inf, -nan, 697.6744186046509, 2.2737367544323206e-13, 1524.0945764435064, 288.5358232261666, 89304.428602375, 29179.89681629995, 33112.7424648125, 2424.831264306247, 0.11224862499999999, 0.0469393974301905, 3064.3771008749995, 3.199420932106746, 37168.3089644375, 382.62270496459234, 0.09860425000000002, 0.016572314576953337, 989, 0, 64916.5263671875, 6798.928426126596, 2550001, 0, 62181636.0625, 19684344.530189715, 78946931.9375, 3716660.453743008, 143678569, 16682532.880373262
30000, 0, 30000, 0, 0, 0, 0, greedy_25.000000, 30063599.240172625, 47863.518200682636, 185945.52506256104, 4519.334994008589, 367477.5467179999, 6481.51645987022, inf, -nan, 173.4104046242774, 5.684341886080802e-14, 507.39506649445394, 82.22942159662627, 36615.871816687504, 10810.590067493922, 157492.8009856875, 6990.655941648379, 2.177081875, 0.07075329424563481, 12526.819126562503, 31.391238133562453, 160838.8374505625, 813.1014177297365, 1.040256625, 0.05064240761564732, 4325, 0, 111644.20947265625, 10792.246962590098, 10350001, 0, 25440444.875, 7295630.255612797, 365071333.25, 10667092.933843581, 400861779.125, 5820403.947335107, 29883133.65341735, 62804.82420834962, 87572.71660423279, 3405.9094687278434, 217422.743108875, 15218.647700939007, inf, -nan, 348.83720930232545, 1.1368683772161603e-13, 866.2106920604291, 167.17898428021002, 55007.8790414375, 18376.0929526681, 75845.9512958125, 4120.451136002814, 0.47109912499999995, 0.007504646459652519, 6157.2390323125, 5.711400424532704, 80410.885271125, 552.7831462176051, 0.3173690625, 0.012286741662605011, 2150, 0, 88849.89111328125, 8067.048838512134, 5130001, 0, 38683158.5, 12600130.655585077, 177698168, 6310772.196803524, 221511327.5, 7373837.684821122, 29702099.66340995, 63035.38645883404, 42015.00998878479, 1816.5402997930905, 168861.51739981252, 27217.050190964776, inf, -nan, 697.6744186046509, 2.2737367544323206e-13, 1524.0945764435064, 288.5358232261666, 89304.428602375, 29179.89681629995, 35923.823826875, 2611.7381291571323, 0.10217100000000001, 0.009132156173379865, 3064.3771008749995, 3.199420932106746, 40568.681830875, 385.0057394183964, 0.10386781249999999, 0.015596382818696897, 1075, 0, 62999.377197265625, 6422.265730300617, 2550001, 0, 62181636.0625, 19684344.530189715, 85846789.25, 4026093.139892033, 150578426.3125, 16392316.39505241
30000, 0, 30000, 0, 0, 0, 0, greedy_27.000000, 30062900.039271593, 47797.257450277204, 185246.32416152954, 4435.897164161995, 393524.58681049995, 6384.6464494895035, inf, -nan, 173.4104046242774, 5.684341886080802e-14, 507.39506649445394, 82.22942159662627, 36615.871816687504, 10810.590067493922, 170133.853420125, 7533.186596773781, 2.1900395625, 0.06974761371811292, 12526.819126562503, 31.391238133562453, 174244.763433, 922.1995346289752, 1.0889745625, 0.021057028541465544, 4671, 0, 104998.6748046875, 11018.513273085084, 10350001, 0, 25440444.875, 7295630.255612797, 394783253.5625, 11510243.006784402, 430573699.4375, 6519759.820202718, 29882626.726274252, 62761.70583897779, 87065.78946113586, 3412.8907643803295, 230118.33877968747, 14905.367646730369, inf, -nan, 348.83720930232545, 1.1368683772161603e-13, 866.2106920604291, 167.17898428021002, 55007.8790414375, 18376.0929526681, 81949.58654781252, 4456.338684551697, 0.47046718750000005, 0.007510807173822512, 6157.2390323125, 5.711400424532704, 87002.8225643125, 538.3510515728191, 0.341126625, 0.014578814054455005, 2322, 0, 85136.0908203125, 7669.762493427573, 5130001, 0, 38683158.5, 12600130.655585077, 192201835.125, 6806114.017915498, 236014994.625, 7017979.588853438, 29701777.21673751, 63026.346217177816, 41692.563316345215, 1924.5874272254093, 175063.22099756252, 27043.180276762447, inf, -nan, 697.6744186046509, 2.2737367544323206e-13, 1524.0945764435064, 288.5358232261666, 89304.428602375, 29179.89681629995, 38770.623810624995, 2868.514541228469, 0.10321675000000002, 0.004740502406127436, 3064.3771008749995, 3.199420932106746, 43923.57937787501, 417.049724442262, 0.1088890625, 0.016565654018438083, 1161, 0, 61206.359375, 6531.80175320437, 2550001, 0, 62181636.0625, 19684344.530189715, 92763909.75, 4411558.265426664, 157495546.8125, 16085016.723566184
30000, 0, 30000, 0, 0, 0, 0, greedy_29.000000, 30061986.173870325, 47933.91157376894, 184332.45876026154, 4821.012232444553, 419426.63059087505, 6105.753794958607, inf, -nan, 173.4104046242774, 5.684341886080802e-14, 507.39506649445394, 82.22942159662627, 36615.871816687504, 10810.590067493922, 182631.88483725, 8130.500580392461, 2.19876275, 0.0747494038943623, 12526.819126562503, 31.391238133562453, 187648.66786256252, 965.9539539120543, 1.1881850625, 0.05441743103715567, 5017, 0, 98159.00927734375, 9974.031910879568, 10350001, 0, 25440444.875, 7295630.255612797, 424237651.75, 12419969.753139429, 460028097.625, 7226181.11214215, 29882169.13507247, 62747.11644993292, 86608.19825935364, 3500.9934989448648, 243013.54717706252, 14629.774334751635, inf, -nan, 348.83720930232545, 1.1368683772161603e-13, 866.2106920604291, 167.17898428021002, 55007.8790414375, 18376.0929526681, 88042.126680375, 4841.363314318715, 0.467759625, 0.00924696022941459, 6157.2390323125, 5.711400424532704, 93805.46317218749, 618.0737193200276, 0.37149112500000003, 0.05289645390510007, 2494, 0, 82283.6865234375, 7901.746267603279, 5130001, 0, 38683158.5, 12600130.655585077, 206701047.625, 7370935.93837058, 250514207.125, 6588568.599891072, 29701511.452142477, 63047.922094154936, 41426.79872131348, 2076.7926771253715, 181251.299535, 26926.15322659468, inf, -nan, 697.6744186046509, 2.2737367544323206e-13, 1524.0945764435064, 288.5358232261666, 89304.428602375, 29179.89681629995, 41647.344242625004, 3063.2732244946674, 0.1011033125, 0.00588524806952466, 3064.3771008749995, 3.199420932106746, 47234.927241125, 413.71294798196743, 0.12124468749999998, 0.010630999134128634, 1247, 0, 58949.197998046875, 6484.229185757249, 2550001, 0, 62181636.0625, 19684344.530189715, 99778221.25, 4738367.152680796, 164509858.3125, 15823913.546706622
30000, 0, 30000, 0, 0, 0, 0, greedy_3.000000, 30090962.72234273, 47769.063646732066, 213309.00723266602, 3903.9627538602326, 82392.300110125, 10135.488867662063, inf, -nan, 173.4104046242774, 5.684341886080802e-14, 507.39506649445394, 82.22942159662627, 36615.871816687504, 10810.590067493922, 19742.142105312498, 855.4077262454717, 2.1862224374999997, 0.1177867689768087, 12526.819126562503, 31.391238133562453, 13505.1564453125, 99.92570833702351, 0.1243938125, 0.05244610621058864, 519, 0, 289729.583984375, 8299.508746902256, 10350001, 0, 25440444.875, 7295630.255612797, 39323553.3125, 1266895.5015489003, 75113999.1875, 6238438.205526086, 29897340.09888625, 62992.46090811866, 101779.16207313538, 3339.9050424217276, 77307.674518125, 17916.059997732205, inf, -nan, 348.83720930232545, 1.1368683772161603e-13, 866.2106920604291, 167.17898428021002, 55007.8790414375, 18376.0929526681, 9420.482694312499, 532.7044881360305, 0.44426999999999994, 0.040713527274420715, 6157.2390323125, 5.711400424532704, 6721.591165812501, 37.03639042570956, 0.038314249999999994, 0.001724336303480269, 258, 0, 173320.5869140625, 6964.2440804067, 5130001, 0, 38683158.5, 12600130.655585077, 19104452.1875, 776248.9104591564, 62917611.6875, 11895135.66986107, 29709523.78161788, 62432.994798190695, 49439.12819671631, 2212.53783006057, 100288.7056466875, 28943.822733327237, inf, -nan, 697.6744186046509, 2.2737367544323206e-13, 1524.0945764435064, 288.5358232261666, 89304.428602375, 29179.89681629995, 4486.6785873125, 295.2695988505759, 0.09194662500000002, 0.002867864010788341, 3064.3771008749995, 3.199420932106746, 3433.11032675, 36.318416793177384, 0.01908275, 0.005304952255911451, 129, 0, 102707.5234375, 5185.223490683726, 2550001, 0, 62181636.0625, 19684344.530189715, 9191269, 434219.2301021455, 73922906.0625, 19314097.487455133
30000, 0, 30000, 0, 0, 0, 0, greedy_31.000000, 30061226.327825785, 47883.181511993134, 183572.61271572113, 4700.80362321171, 445421.54508343746, 6006.654479317424, inf, -nan, 173.4104046242774, 5.684341886080802e-14, 507.39506649445394, 82.22942159662627, 36615.871816687504, 10810.590067493922, 195247.18275743752, 8697.10717472321, 2.1688121874999995, 0.06168723585375938, 12526.819126562503, 31.391238133562453, 201028.2432365, 1029.2094913984333, 1.2593340625, 0.03187332785117669, 5363, 0, 92444.57080078125, 9922.911180974817, 10350001, 0, 25440444.875, 7295630.255612797, 453833939.5625, 13304455.978381315, 489624385.4375, 7990245.699609448, 29881637.698135138, 62627.429334469394, 86076.76132202148, 3618.3903692992217, 255822.5744128125, 14460.66849491698, inf, -nan, 348.83720930232545, 1.1368683772161603e-13, 866.2106920604291, 167.17898428021002, 55007.8790414375, 18376.0929526681, 94125.3759440625, 5149.20762476495, 0.4680281249999999, 0.014931702635981432, 6157.2390323125, 5.711400424532704, 100531.2245834375, 698.2478599008798, 0.38778343749999994, 0.015647039212614438, 2666, 0, 79425.33862304688, 8451.435224138346, 5130001, 0, 38683158.5, 12600130.655585077, 221108355.3125, 7826964.286087701, 264921514.8125, 6352818.809149892, 29701348.980294943, 62870.76084466306, 41264.3268737793, 2055.0866663989277, 187465.35847725, 26740.859836771255, inf, -nan, 697.6744186046509, 2.2737367544323206e-13, 1524.0945764435064, 288.5358232261666, 89304.428602375, 29179.89681629995, 44532.0045666875, 3285.232885458071, 0.1035271875, 0.00580115078258993, 3064.3771008749995, 3.199420932106746, 50564.3175090625, 454.12220303086514, 0.12717106250000001, 0.010324686935137248, 1333, 0, 57315.081298828125, 7015.242943381849, 2550001, 0, 62181636.0625, 19684344.530189715, 106752652.625, 5089055.956983044, 171484289.6875, 15508133.781174174
30000, 0, 30000, 0, 0, 0, 0, greedy_33.000000, 30060812.624122858, 47784.739115172255, 183158.9090127945, 4747.407059799864, 471476.9245393126, 6025.083703496597, inf, -nan, 173.4104046242774, 5.684341886080802e-14, 507.39506649445394, 82.22942159662627, 36615.871816687504, 10810.590067493922, 207837.42343737502, 9159.167658890443, 2.16681225, 0.04867700103809288, 12526.819126562503, 31.391238133562453, 214493.32100025, 1102.4976038786217, 1.3223461875, 0.04901774360399858, 5709, 0, 87465.3505859375, 9785.337028812419, 10350001, 0, 25440444.875, 7295630.255612797, 483369861.4375, 14065031.509021051, 519160307.3125, 8659166.486224595, 29881139.2260015, 62649.93373643978, 85578.28918838501, 3551.3503604948214, 268526.96411937504, 14028.40717555693, inf, -nan, 348.83720930232545, 1.1368683772161603e-13, 866.2106920604291, 167.17898428021002, 55007.8790414375, 18376.0929526681, 100174.509284875, 5519.135169436403, 0.46667581249999995, 0.016692626396925786, 6157.2390323125, 5.711400424532704, 107186.45437987501, 633.9988561537795, 0.4157050625, 0.04988348492671289, 2838, 0, 77294.103515625, 8509.722229824996, 5130001, 0, 38683158.5, 12600130.655585077, 235514233.4375, 8374379.716981178, 279327392.9375, 6029378.224586009, 29701065.58114028, 62893.640673841204, 40980.92771911621, 2082.1242041170385, 193723.49817850004, 26655.92548087581, inf, -nan, 697.6744186046509, 2.2737367544323206e-13, 1524.0945764435064, 288.5358232261666, 89304.428602375, 29179.89681629995, 47407.3896750625, 3454.50707073232, 0.10083043750000002, 0.006023696715563769, 3064.3771008749995, 3.199420932106746, 53947.06693718751, 538.4770483502191, 0.1350325625, 0.007279232007642958, 1419, 0, 55892.13427734375, 6607.842602288628, 2550001, 0, 62181636.0625, 19684344.530189715, 113707399.3125, 5377598.385549234, 178439036.375, 15274765.199061297
30000, 0, 30000, 0, 0, 0, 0, greedy_35.000000, 30060300.99886346, 47916.86196099503, 182647.28375339508, 4779.251840061502, 497268.49157843756, 5899.148132167954, inf, -nan, 173.4104046242774, 5.684341886080802e-14, 507.39506649445394, 82.22942159662627, 36615.871816687504, 10810.590067493922, 220365.29802193755, 9772.319800578378, 2.1789395625, 0.05304260417222269, 12526.819126562503, 31.391238133562453, 227756.91302637503, 1138.475281573274, 1.4106473125, 0.08375054907187084, 6055, 0, 82647.67138671875, 9429.493800612037, 10350001, 0, 25440444.875, 7295630.255612797, 512831890.375, 15001095.473889569, 548622336.25, 9585296.647502355, 29880744.807506323, 62726.782188688834, 85183.87069320679, 3388.7061981166194, 281252.76783024997, 13830.438242516773, inf, -nan, 348.83720930232545, 1.1368683772161603e-13, 866.2106920604291, 167.17898428021002, 55007.8790414375, 18376.0929526681, 106171.434198875, 5863.840315697538, 0.4723570624999999, 0.006548058657617062, 6157.2390323125, 5.711400424532704, 113915.3114383125, 654.9472630077269, 0.43176224999999996, 0.049307872882405915, 3010, 0, 74906.7412109375, 8476.511234794496, 5130001, 0, 38683158.5, 12600130.655585077, 249784901.5625, 8867744.340240449, 293598061.0625, 5964778.382265948, 29700851.30114913, 62873.30052672732, 40766.64772796631, 2100.006792768548, 199874.1062420625, 26522.678625147288, inf, -nan, 697.6744186046509, 2.2737367544323206e-13, 1524.0945764435064, 288.5358232261666, 89304.428602375, 29179.89681629995, 50217.071840250006, 3624.1444374177186, 0.10138318749999999, 0.006229521432449186, 3064.3771008749995, 3.199420932106746, 57287.98413693749, 536.1000679065554, 0.14317843749999998, 0.008122400937905847, 1505, 0, 54155.614013671875, 6379.440611422148, 2550001, 0, 62181636.0625, 19684344.530189715, 120582146.6875, 5595019.292435279, 185313783.75, 14992470.063560791
30000, 0, 30000, 0, 0, 0, 0, greedy_37.000000, 30059841.16082406, 47830.48615056921, 182187.4457139969, 4764.197799591307, 523327.54576737504, 5869.874047118856, inf, -nan, 173.4104046242774, 5.684341886080802e-14, 507.39506649445394, 82.22942159662627, 36615.871816687504, 10810.590067493922, 233130.08925400002, 10375.396225302016, 2.1760214374999998, 0.06235698458569892, 12526.819126562503, 31.391238133562453, 241051.1096686875, 1060.0689883408666, 1.4798799999999996, 0.03741065888553689, 6401, 0, 77882.49145507812, 9167.911454006387, 10350001, 0, 25440444.875, 7295630.255612797, 542575959.125, 15836703.561530894, 578366405, 10338652.860193392, 29880284.805549383, 62626.42782549915, 84723.86873626709, 3243.3581530290016, 294059.31302362506, 13441.9410467483, inf, -nan, 348.83720930232545, 1.1368683772161603e-13, 866.2106920604291, 167.17898428021002, 55007.8790414375, 18376.0929526681, 112227.37539712501, 6212.379994477145, 0.47147224999999987, 0.0066095406374043885, 6157.2390323125, 5.711400424532704, 120665.82583106248, 674.6237990429499, 0.5222494375, 0.10032199448772983, 3182, 0, 72013.48876953125, 8365.567926134721, 5130001, 0, 38683158.5, 12600130.655585077, 264144886.1875, 9392142.516772326, 307958045.6875, 5854522.2297478495, 29700577.62045455, 62907.013264574365, 40492.96703338623, 2062.826339679512, 206099.8085566875, 26285.341558177148, inf, -nan, 697.6744186046509, 2.2737367544323206e-13, 1524.0945764435064, 288.5358232261666, 89304.428602375, 29179.89681629995, 53072.803655125004, 3842.918647351824, 0.1021475625, 0.006634699917561739, 3064.3771008749995, 3.199420932106746, 60657.94864437501, 491.237976506787, 0.148406375, 0.006557050088216119, 1591, 0, 53206.267333984375, 6350.161019712217, 2550001, 0, 62181636.0625, 19684344.530189715, 127546099.25, 5936745.072885904, 192277736.3125, 14756090.132275583
30000, 0, 30000, 0, 0, 0, 0, greedy_39.000000, 30059480.562359095, 47886.265768713914, 181826.84724903107, 4911.135586189151, 549781.898775125, 6042.7073582744115, inf, -nan, 173.4104046242774, 5.684341886080802e-14, 507.39506649445394, 82.22942159662627, 36615.871816687504, 10810.590067493922, 246076.81921687498, 11058.333142377483, 2.14644525, 0.06096089802231835, 12526.819126562503, 31.391238133562453, 254558.63287256248, 1082.9868713571773, 1.6092971874999997, 0.09283487792461056, 6747, 0, 73617.44702148438, 9310.036843263733, 10350001, 0, 25440444.875, 7295630.255612797, 572306907.6875, 16659125.777635993, 608097353.5625, 11083572.99083271, 29879849.31568694, 62632.77053822067, 84288.37887382507, 3347.425678898954, 306988.793134, 13309.838200762595, inf, -nan, 348.83720930232545, 1.1368683772161603e-13, 866.2106920604291, 167.17898428021002, 55007.8790414375, 18376.0929526681, 118341.45386450001, 6568.615303861892, 0.47277162500000003, 0.006971657244470279, 6157.2390323125, 5.711400424532704, 127481.24782218749, 743.3082201576885, 0.5006019375, 0.08176637949248208, 3354, 0, 69322.49145507812, 7968.932317037202, 5130001, 0, 38683158.5, 12600130.655585077, 278602861.5625, 9909637.667895665, 322416021.0625, 5738231.725404835, 29700353.05676055, 62849.78996988276, 40268.403339385986, 2159.7176177530832, 212324.48729725002, 26182.83589505642, inf, -nan, 697.6744186046509, 2.2737367544323206e-13, 1524.0945764435064, 288.5358232261666, 89304.428602375, 29179.89681629995, 55902.3000348125, 3968.8035173357525, 0.10512650000000001, 0.003376888027459603, 3064.3771008749995, 3.199420932106746, 64053.122640625006, 500.8778030776057, 0.1537920625, 0.007695192577745781, 1677, 0, 52202.638427734375, 6030.9294218713185, 2550001, 0, 62181636.0625, 19684344.530189715, 134409149.375, 6102770.338320518, 199140786.4375, 14649212.097376952
30000, 0, 30000, 0, 0, 0, 0, greedy_5.000000, 30085012.35968709, 48187.28847470778, 207358.64457702637, 3801.9581117085236, 108552.5620425625, 9702.144328655744, inf, -nan, 173.4104046242774, 5.684341886080802e-14, 507.39506649445394, 82.22942159662627, 36615.871816687504, 10810.590067493922, 32397.0628536875, 1438.5470119851045, 2.3826279999999995, 0.21714142719003435, 12526.819126562503, 31.391238133562453, 27010.1984921875, 166.76782241180024, 0.2271254375, 0.060581152313414224, 865, 0, 249557.70703125, 9653.660100183752, 10350001, 0, 25440444.875, 7295630.255612797, 68987175.5, 2106322.067063018, 104777621.375, 5562628.80914732, 29894660.712014914, 62820.70824396865, 99099.77520179749, 3343.033032312192, 90066.2487345, 17628.74059320006, inf, -nan, 348.83720930232545, 1.1368683772161603e-13, 866.2106920604291, 167.17898428021002, 55007.8790414375, 18376.0929526681, 15495.414550562502, 865.6529643812131, 0.46810456249999993, 0.05505597544654978, 6157.2390323125, 5.711400424532704, 13405.17766375, 71.90712140936002, 0.070341875, 0.011954181971568568, 430, 0, 155069.1328125, 7339.050296066887, 5130001, 0, 38683158.5, 12600130.655585077, 33550841.25, 1263540.4122541205, 77364000.75, 11428422.138131358, 29708295.90963912, 62431.38765103883, 48211.25621795654, 2049.088133803121, 106561.3989918125, 28781.58407582679, inf, -nan, 697.6744186046509, 2.2737367544323206e-13, 1524.0945764435064, 288.5358232261666, 89304.428602375, 29179.89681629995, 7357.1847724375, 517.6774579515719, 0.09291274999999999, 0.005573449386376446, 3064.3771008749995, 3.199420932106746, 6835.289265937499, 76.17153011429677, 0.026337437499999998, 0.004482395425003661, 215, 0, 95323.10986328125, 5452.540755502705, 2550001, 0, 62181636.0625, 19684344.530189715, 16167145.375, 755478.8458285807, 80898782.4375, 19056794.248784225
30000, 0, 30000, 0, 0, 0, 0, greedy_7.000000, 30080815.901866198, 48151.987156343945, 203162.18675613403, 3852.854284881693, 134692.80125537497, 9337.01402514117, inf, -nan, 173.4104046242774, 5.684341886080802e-14, 507.39506649445394, 82.22942159662627, 36615.871816687504, 10810.590067493922, 45084.30540150001, 1970.6589609008981, 2.3251380624999993, 0.14897566618976268, 12526.819126562503, 31.391238133562453, 40463.148886062496, 322.3183601087487, 0.3308865, 0.056005289840558824, 1211, 0, 222650.8427734375, 10474.498593992294, 10350001, 0, 25440444.875, 7295630.255612797, 98614477.4375, 2972021.377822549, 134404923.3125, 4927238.847646872, 29892621.11061263, 62673.935310601926, 97060.17379951477, 3651.328420461602, 102797.6461445625, 17361.50713655062, inf, -nan, 348.83720930232545, 1.1368683772161603e-13, 866.2106920604291, 167.17898428021002, 55007.8790414375, 18376.0929526681, 21539.9801273125, 1198.5166521577116, 0.46493112500000006, 0.010688915443550627, 6157.2390323125, 5.711400424532704, 20091.986198, 93.7402197965185, 0.096814375, 0.012129902013593307, 602, 0, 142826.5966796875, 7512.16060014437, 5130001, 0, 38683158.5, 12600130.655585077, 47994253.375, 1781004.2584270355, 91807412.875, 10983685.31528579, 29707302.338128805, 62673.51221021921, 47217.6847076416, 1916.2072708267365, 112844.09985625002, 28601.13036679707, inf, -nan, 697.6744186046509, 2.2737367544323206e-13, 1524.0945764435064, 288.5358232261666, 89304.428602375, 29179.89681629995, 10234.513415687501, 743.8517734837908, 0.09441137499999999, 0.005275008422682848, 3064.3771008749995, 3.199420932106746, 10240.648323500001, 113.22330160003841, 0.0380024375, 0.00958941270991575, 301, 0, 89679.18994140625, 5705.201532161089, 2550001, 0, 62181636.0625, 19684344.530189715, 23158547.25, 1091840.5875955233, 87890184.3125, 18778103.28580031
30000, 0, 30000, 0, 0, 0, 0, greedy_9.000000, 30077077.85903287, 48279.602297174686, 199424.1439228058, 3853.299756637987, 160634.45752324996, 8947.859077830562, inf, -nan, 173.4104046242774, 5.684341886080802e-14, 507.39506649445394, 82.22942159662627, 36615.871816687504, 10810.590067493922, 57615.122431, 2479.9809204613125, 2.3422779375000005, 0.23525528834583845, 12526.819126562503, 31.391238133562453, 53873.914397437504, 349.6970961426903, 0.387473625, 0.04868085259739577, 1557, 0, 201807.02734375, 11383.801774325788, 10350001, 0, 25440444.875, 7295630.255612797, 128278866.0625, 3827308.5597460563, 164069311.9375, 4382493.774897795, 29890861.922953367, 62895.22436188689, 95300.98614025116, 3589.7027234195075, 115481.82356925, 17066.48887972321, inf, -nan, 348.83720930232545, 1.1368683772161603e-13, 866.2106920604291, 167.17898428021002, 55007.8790414375, 18376.0929526681, 27567.120180250004, 1566.4504217966146, 0.46941512499999993, 0.007358250750645493, 6157.2390323125, 5.711400424532704, 26748.99803275, 137.10649676813742, 0.11786737500000001, 0.011156517612336523, 774, 0, 132539.17138671875, 6911.070933100617, 5130001, 0, 38683158.5, 12600130.655585077, 62407893.9375, 2340392.340417319, 106221053.4375, 10483272.91547518, 29706349.908914328, 62850.892552921956, 46265.25549316406, 1730.3879263144297, 119004.796078375, 28446.849567496996, inf, -nan, 697.6744186046509, 2.2737367544323206e-13, 1524.0945764435064, 288.5358232261666, 89304.428602375, 29179.89681629995, 13086.951783125, 962.2807862274786, 0.10963993750000002, 0.04843455381294015, 3064.3771008749995, 3.199420932106746, 13548.8900090625, 110.4113322400949, 0.03894299999999999, 0.005242991417120573, 387, 0, 84127.58935546875, 5895.759233723136, 2550001, 0, 62181636.0625, 19684344.530189715, 30124303.0625, 1432906.057806847, 94855940.125, 18508224.41806198
30000, 0, 30000, 0, 0, 0, 0, opt, 30053759.512825727, 47273.77782113276, 176105.7977156639, 5162.976508135575, 569532.6310904999, 41453.964606494934, inf, -nan, 173.4104046242774, 5.684341886080802e-14, 507.39506649445394, 82.22942159662627, 36615.871816687504, 10810.590067493922, 520387.73422231263, 50311.352903691244, 2.2059249375000003, 0.08960437615113222, 12526.819126562503, 31.391238133562453, 0, 0, 0, 0, 0, 0, 0, 0, 10350001, 0, 25440444.875, 7295630.255612797, 781056058.6875, 74213768.243483, 816846504.5625, 68042964.11941834, 29872888.708693266, 61996.283160555766, 77327.77188014984, 4107.477935313866, 552626.499178875, 43224.19909832511, inf, -nan, 348.83720930232545, 1.1368683772161603e-13, 866.2106920604291, 167.17898428021002, 55007.8790414375, 18376.0929526681, 491460.91066087503, 59571.49105409085, 0.47044424999999995, 0.04310218432037407, 6157.2390323125, 5.711400424532704, 0, 0, 0, 0, 0, 0, 0, 0, 5130001, 0, 38683158.5, 12600130.655585077, 738111395.0625, 89265978.1470409, 781924554.5625, 77797867.42037119, 29694041.74843669, 62076.94862772088, 33957.09501552582, 2418.347078174128, 543558.4469769375, 52396.21460500434, inf, -nan, 697.6744186046509, 2.2737367544323206e-13, 1524.0945764435064, 288.5358232261666, 89304.428602375, 29179.89681629995, 451189.542244875, 76146.33683987867, 0.09902881250000001, 0.003892959080486686, 3064.3771008749995, 3.199420932106746, 0, 0, 0, 0, 0, 0, 0, 0, 2550001, 0, 62181636.0625, 19684344.530189715, 672555397.6875, 111773556.29695095, 737287034.75, 94810666.8521478
30000, 0, 30000, 0, 0, 0, 0, plus_edge, 30091554.698354006, 47362.1436822522, 213900.98324394226, 5537.567958018987, 56372.003645125, 10537.686713834242, inf, -nan, 173.4104046242774, 5.684341886080802e-14, 507.39506649445394, 82.22942159662627, 36615.871816687504, 10810.590067493922, 7227.0357473125, 342.2712866517767, 2.2769545625, 0.27842667719279535, 12526.819126562503, 31.391238133562453, 0, 0, 0, 0, 0, 0, 0, 0, 10350001, 0, 25440444.875, 7295630.255612797, 9664970.25, 426366.08625679585, 45455416.125, 6932980.981958976, 29897245.538575888, 62815.891275337555, 101684.6017627716, 3141.6336328406073, 64560.7874205, 18208.475757415825, inf, -nan, 348.83720930232545, 1.1368683772161603e-13, 866.2106920604291, 167.17898428021002, 55007.8790414375, 18376.0929526681, 3395.2432113749996, 192.26652742090923, 0.4261353749999999, 0.010666368523746729, 6157.2390323125, 5.711400424532704, 0, 0, 0, 0, 0, 0, 0, 0, 5130001, 0, 38683158.5, 12600130.655585077, 4643778.4375, 255844.2474663464, 48456937.9375, 12365569.425554922, 29709681.19826293, 62322.05127310905, 49596.54484176636, 2227.1343641414132, 93974.69555324999, 29068.992129254788, inf, -nan, 697.6744186046509, 2.2737367544323206e-13, 1524.0945764435064, 288.5358232261666, 89304.428602375, 29179.89681629995, 1605.7989833124998, 127.25089813268147, 0.0908666875, 0.0017423949652256654, 3064.3771008749995, 3.199420932106746, 0, 0, 0, 0, 0, 0, 0, 0, 2550001, 0, 62181636.0625, 19684344.530189715, 2198303.625, 159976.14199970374, 66929940.6875, 19544930.018191773
30000, 0, 30000, 0, 0, 0, 0, simple, 30104203.806821108, 47130.25578108057, 226550.0917110443, 6074.495502803425, 56398.200382749994, 10559.491095750194, inf, -nan, 173.4104046242774, 5.684341886080802e-14, 507.39506649445394, 82.22942159662627, 36615.871816687504, 10810.590067493922, 7253.320872000001, 332.71130583722163, 2.1885675, 0.15998896825211106, 12526.819126562503, 31.391238133562453, 0, 0, 0, 0, 0, 0, 0, 0, 10350001, 0, 25440444.875, 7295630.255612797, 9635386.25, 426366.08625679585, 45425832.125, 6932980.981958976, 29903652.487172842, 63359.29341181049, 108091.55035972595, 3506.0411766630923, 64551.0275338125, 18209.1169410048, inf, -nan, 348.83720930232545, 1.1368683772161603e-13, 866.2106920604291, 167.17898428021002, 55007.8790414375, 18376.0929526681, 3385.4765926249997, 188.28305958809025, 0.4328674375, 0.01604966848555115, 6157.2390323125, 5.711400424532704, 0, 0, 0, 0, 0, 0, 0, 0, 5130001, 0, 38683158.5, 12600130.655585077, 4636553.4375, 255844.2474663464, 48449712.9375, 12365569.425554922, 29712103.59631896, 62199.336276560054, 52018.94289779663, 2512.0563253250516, 93971.27297293751, 29071.632477669682, inf, -nan, 697.6744186046509, 2.2737367544323206e-13, 1524.0945764435064, 288.5358232261666, 89304.428602375, 29179.89681629995, 1602.3719924375, 122.97436594674873, 0.09527724999999998, 0.00587058590027435, 3064.3771008749995, 3.199420932106746, 0, 0, 0, 0, 0, 0, 0, 0, 2550001, 0, 62181636.0625, 19684344.530189715, 2196539.625, 159976.14199970374, 66928176.6875, 19544930.018191773
