N_mu, N_sigma, N, MST_Cost_mu, MST_Cost_sigma, MST_Runtime_mu, MST_Runtime_sigma, RunType, C199_MFC_Cost_mu, C199_MFC_Cost_sigma, C199_MFC_Completion_Cost_mu, C199_MFC_Completion_Cost_sigma, C199_MFC_Runtime_mu, C199_MFC_Runtime_sigma, C199_Gamma_mu, C199_Gamma_sigma, C199_Cluster_Size_Mu_mu, C199_Cluster_Size_Mu_sigma, C199_Cluster_Size_Sigma_mu, C199_Cluster_Size_Sigma_sigma, C199_Sub_Clustering_Runtime_mu, C199_Sub_Clustering_Runtime_sigma, C199_Completion_Edges_Runtime_mu, C199_Completion_Edges_Runtime_sigma, C199_Completion_Runtime_mu, C199_Completion_Runtime_sigma, C199_Clustering_Runtime_mu, C199_Clustering_Runtime_sigma, C199_Find_Reps_Runtime_mu, C199_Find_Reps_Runtime_sigma, C199_Pick_Reps_Runtime_mu, C199_Pick_Reps_Runtime_sigma, C199_Rep_Count_mu, C199_Rep_Count_sigma, C199_Reps_Cost_mu, C199_Reps_Cost_sigma, C199_Clustering_Dist_Calls_mu, C199_Clustering_Dist_Calls_sigma, C199_Sub_Clustering_Dist_Calls_mu, C199_Sub_Clustering_Dist_Calls_sigma, C199_MFC_Dist_Calls_mu, C199_MFC_Dist_Calls_sigma, C199_Dist_Calls_mu, C199_Dist_Calls_sigma, C99_MFC_Cost_mu, C99_MFC_Cost_sigma, C99_MFC_Completion_Cost_mu, C99_MFC_Completion_Cost_sigma, C99_MFC_Runtime_mu, C99_MFC_Runtime_sigma, C99_Gamma_mu, C99_Gamma_sigma, C99_Cluster_Size_Mu_mu, C99_Cluster_Size_Mu_sigma, C99_Cluster_Size_Sigma_mu, C99_Cluster_Size_Sigma_sigma, C99_Sub_Clustering_Runtime_mu, C99_Sub_Clustering_Runtime_sigma, C99_Completion_Edges_Runtime_mu, C99_Completion_Edges_Runtime_sigma, C99_Completion_Runtime_mu, C99_Completion_Runtime_sigma, C99_Clustering_Runtime_mu, C99_Clustering_Runtime_sigma, C99_Find_Reps_Runtime_mu, C99_Find_Reps_Runtime_sigma, C99_Pick_Reps_Runtime_mu, C99_Pick_Reps_Runtime_sigma, C99_Rep_Count_mu, C99_Rep_Count_sigma, C99_Reps_Cost_mu, C99_Reps_Cost_sigma, C99_Clustering_Dist_Calls_mu, C99_Clustering_Dist_Calls_sigma, C99_Sub_Clustering_Dist_Calls_mu, C99_Sub_Clustering_Dist_Calls_sigma, C99_MFC_Dist_Calls_mu, C99_MFC_Dist_Calls_sigma, C99_Dist_Calls_mu, C99_Dist_Calls_sigma, C49_MFC_Cost_mu, C49_MFC_Cost_sigma, C49_MFC_Completion_Cost_mu, C49_MFC_Completion_Cost_sigma, C49_MFC_Runtime_mu, C49_MFC_Runtime_sigma, C49_Gamma_mu, C49_Gamma_sigma, C49_Cluster_Size_Mu_mu, C49_Cluster_Size_Mu_sigma, C49_Cluster_Size_Sigma_mu, C49_Cluster_Size_Sigma_sigma, C49_Sub_Clustering_Runtime_mu, C49_Sub_Clustering_Runtime_sigma, C49_Completion_Edges_Runtime_mu, C49_Completion_Edges_Runtime_sigma, C49_Completion_Runtime_mu, C49_Completion_Runtime_sigma, C49_Clustering_Runtime_mu, C49_Clustering_Runtime_sigma, C49_Find_Reps_Runtime_mu, C49_Find_Reps_Runtime_sigma, C49_Pick_Reps_Runtime_mu, C49_Pick_Reps_Runtime_sigma, C49_Rep_Count_mu, C49_Rep_Count_sigma, C49_Reps_Cost_mu, C49_Reps_Cost_sigma, C49_Clustering_Dist_Calls_mu, C49_Clustering_Dist_Calls_sigma, C49_Sub_Clustering_Dist_Calls_mu, C49_Sub_Clustering_Dist_Calls_sigma, C49_MFC_Dist_Calls_mu, C49_MFC_Dist_Calls_sigma, C49_Dist_Calls_mu, C49_Dist_Calls_sigma
39774, 0, 39774, 0, 0, 0, 0, dp_1.000000, 25991.913433760405, 53.34729787915035, 121.76537639275193, 2.5372183745484476, 99768.4897040625, 13978.594041077751, inf, -nan, 199.86934673366838, 2.842170943040401e-14, 476.07978624667226, 72.23919443644031, 55023.693242437505, 14386.009793621664, 23475.227916062497, 925.5679795136972, 1.3119625625000002, 0.09064686140248371, 21191.317036750002, 2597.3641743394087, 76.9271450625, 3.6645886422451555, 0.012401187499999999, 0.00114018508468746, 199, 0, 0, 0, 15790279, 0, 27026025.875, 7656339.038330874, 15186539.875, 408767.2669153982, 58002844.75, 7606286.367397449, 25700.414719764143, 67.62218170744156, 59.91377400606871, 2.0272563856303303, 125816.7605058125, 24849.80377473507, inf, -nan, 401.75757575757586, 1.1368683772161603e-13, 917.964579916649, 124.8653174887388, 103983.2952279375, 25038.18882374617, 11879.944724875, 776.168534728734, 0.31678468749999994, 0.028851926393047723, 9878.860295875, 1106.9373467809287, 74.337795375, 4.775391756278037, 0.0056770625, 0.0005793331801250037, 99, 0, 0, 0, 7835479, 0, 50453256.625, 11649617.395569073, 7374474.75, 319061.9241831239, 65663210.375, 11558739.293119764, 25464.149324130267, 63.49139738659792, 29.984028112143278, 1.2646782189709898, 147449.76871656248, 29920.97089021849, inf, -nan, 811.7142857142858, 1.1368683772161603e-13, 1438.503393420773, 183.5873947325259, 136296.1304418125, 29874.64225990579, 5771.1642925, 407.10158061112975, 0.07704637499999999, 0.0029518486977443466, 5308.827152687499, 553.9577235133827, 73.56645875000001, 5.721734925212045, 0.0033244374999999997, 0.00035057380976586083, 49, 0, 0, 0, 3858079, 0, 67646085.4375, 13460991.480967933, 3586252, 157400.6891185677, 75090416.4375, 13421325.754644243
39774, 0, 39774, 0, 0, 0, 0, dp_11.000000, 25961.282059267163, 52.31487624366729, 91.13400189951062, 2.8824898512888555, 472589.93924331246, 18260.21237203978, inf, -nan, 199.86934673366838, 2.842170943040401e-14, 476.07978624667226, 72.23919443644031, 55023.693242437505, 14386.009793621664, 256656.98083199997, 9580.134501004557, 1.4000480625, 0.24086466360242342, 21191.317036750002, 2597.3641743394087, 139467.477880125, 2091.745482952828, 249.07020393750003, 0.48882178935764353, 2189, 0, 107.91755819320679, 3.2438424047159353, 15790279, 0, 27026025.875, 7656339.038330874, 246552014.125, 4528201.299443077, 289368319, 8294960.233727623, 25685.87708945945, 67.71052253222355, 45.37614370137453, 1.4937165443783118, 315726.6206675001, 23458.769038247854, inf, -nan, 401.75757575757586, 1.1368683772161603e-13, 917.964579916649, 124.8653174887388, 103983.2952279375, 25038.18882374617, 130272.1000403125, 7663.902061531347, 0.3480318749999999, 0.020935666325301784, 9878.860295875, 1106.9373467809287, 71562.7035873125, 1283.803750219417, 29.313484187500006, 0.09435378949479109, 1089, 0, 69.81044054031372, 1.9676749541642886, 7835479, 0, 50453256.625, 11649617.395569073, 120156645.625, 3447890.0110498713, 178445381.25, 11036324.758659193, 25456.944233983755, 63.54136095865647, 22.778937965631485, 0.916212551304623, 241311.36865556246, 29015.263112366403, inf, -nan, 811.7142857142858, 1.1368683772161603e-13, 1438.503393420773, 183.5873947325259, 136296.1304418125, 29874.64225990579, 64019.966799999995, 3210.4855645050684, 0.09081956249999999, 0.006906700378697033, 5308.827152687499, 553.9577235133827, 35682.66951387501, 737.5316242417622, 3.6839276250000004, 0.09238557875277062, 539, 0, 39.60748887062073, 1.568605471515392, 3858079, 0, 67646085.4375, 13460991.480967933, 58877081.1875, 1947997.525989067, 130381245.625, 13144102.96810658
39774, 0, 39774, 0, 0, 0, 0, dp_13.000000, 25958.79347609356, 52.171126279623714, 88.6454187259078, 2.8958061690686647, 545964.2237246875, 19975.614861671136, inf, -nan, 199.86934673366838, 2.842170943040401e-14, 476.07978624667226, 72.23919443644031, 55023.693242437505, 14386.009793621664, 303104.17804693745, 11348.350179239587, 1.4684024999999996, 0.2733407645714411, 21191.317036750002, 2597.3641743394087, 166285.9591268125, 3693.1792926192593, 357.6078692499999, 0.8663181053373614, 2587, 0, 100.41903257369995, 3.3155508513437804, 15790279, 0, 27026025.875, 7656339.038330874, 292805489.5, 5356698.15750078, 335621794.375, 8675358.815714397, 25684.544268053025, 67.88648283136484, 44.043322294950485, 1.40752467214703, 354596.94062468753, 23415.329056042377, inf, -nan, 401.75757575757586, 1.1368683772161603e-13, 917.964579916649, 124.8653174887388, 103983.2952279375, 25038.18882374617, 154668.5369605, 7576.6040508207325, 0.34721181249999994, 0.018805818325782687, 9878.860295875, 1106.9373467809287, 86024.3626564375, 1208.2503840975894, 41.538272125, 0.1934832219951109, 1287, 0, 67.07524633407593, 1.9923673846912298, 7835479, 0, 50453256.625, 11649617.395569073, 142850786.875, 4081710.7563881045, 201139522.5, 11050153.683671247, 25456.207845658064, 63.720825146379205, 22.042549639940262, 0.7905444868565306, 260321.85550012498, 29428.010192035883, inf, -nan, 811.7142857142858, 1.1368683772161603e-13, 1438.503393420773, 183.5873947325259, 136296.1304418125, 29874.64225990579, 75863.57141599999, 4311.875703419464, 0.0906441875, 0.007884848533887242, 5308.827152687499, 553.9577235133827, 42848.06008831249, 887.7613438783994, 5.175757124999999, 0.1293586555950524, 637, 0, 38.686580181121826, 1.573328653845134, 3858079, 0, 67646085.4375, 13460991.480967933, 69806915.5625, 2421957.033220835, 141311080, 13240835.936361188
39774, 0, 39774, 0, 0, 0, 0, dp_15.000000, 25956.522591222078, 52.28525878561407, 86.37453385442495, 2.9420486532937447, 621893.0106351875, 21322.062923825106, inf, -nan, 199.86934673366838, 2.842170943040401e-14, 476.07978624667226, 72.23919443644031, 55023.693242437505, 14386.009793621664, 350999.041497875, 13098.71458619438, 1.3681207499999999, 0.16121098068699447, 21191.317036750002, 2597.3641743394087, 194208.94749962498, 4445.5243888390605, 468.6432377500001, 1.0965234429610722, 2985, 0, 93.87563467025757, 3.3455184772178597, 15790279, 0, 27026025.875, 7656339.038330874, 338939190.75, 6392657.244235563, 381755495.625, 9188075.553740077, 25683.43737758696, 67.81357677680766, 42.93643182888627, 1.512757247213959, 392247.96164762496, 23746.509305584234, inf, -nan, 401.75757575757586, 1.1368683772161603e-13, 917.964579916649, 124.8653174887388, 103983.2952279375, 25038.18882374617, 178307.6557413125, 9295.621137023138, 0.3427965625, 0.025713856045838285, 9878.860295875, 1106.9373467809287, 100021.83422475003, 1408.3064621990823, 55.97336118749999, 0.22609951015736934, 1485, 0, 64.60212826728821, 2.0703558781339173, 7835479, 0, 50453256.625, 11649617.395569073, 165199177.375, 4687838.57889158, 223487913, 11127915.880631175, 25455.6658725366, 63.66724628874951, 21.50057651847601, 0.8722926076785638, 279963.7815916875, 29445.147290900088, inf, -nan, 811.7142857142858, 1.1368683772161603e-13, 1438.503393420773, 183.5873947325259, 136296.1304418125, 29874.64225990579, 88310.2084408125, 4481.479841545354, 0.09235943750000002, 0.004932476545417499, 5308.827152687499, 553.9577235133827, 50041.68444925001, 914.6258380864085, 6.838747687500001, 0.095022799615223, 735, 0, 37.84822177886963, 1.5729825300372433, 3858079, 0, 67646085.4375, 13460991.480967933, 80756504.8125, 2725670.288365304, 152260669.25, 13371671.521996204
39774, 0, 39774, 0, 0, 0, 0, dp_17.000000, 25954.635400678962, 52.28760755153029, 84.48734331130981, 2.7637835068395837, 697403.995624875, 18992.902545833054, inf, -nan, 199.86934673366838, 2.842170943040401e-14, 476.07978624667226, 72.23919443644031, 55023.693242437505, 14386.009793621664, 398375.5857305, 11709.263110792706, 1.3781816249999999, 0.11393912944521901, 21191.317036750002, 2597.3641743394087, 222206.279272875, 4336.368973214408, 605.7421606875, 2.1623187434744437, 3383, 0, 88.01896524429321, 3.387938231839717, 15790279, 0, 27026025.875, 7656339.038330874, 385043103.5, 7280008.972138642, 427859408.375, 9809587.774276802, 25682.317338965833, 67.79221794420953, 41.816393207758665, 1.3756383180239187, 431190.94800375, 23591.84171304555, inf, -nan, 401.75757575757586, 1.1368683772161603e-13, 917.964579916649, 124.8653174887388, 103983.2952279375, 25038.18882374617, 202986.00148225002, 10551.547023904492, 0.337179125, 0.02693743819917505, 9878.860295875, 1106.9373467809287, 114269.7135656875, 1818.3793378626667, 72.74025287499998, 0.135311912051321, 1683, 0, 62.30897784233093, 2.1608013639454504, 7835479, 0, 50453256.625, 11649617.395569073, 187893318.625, 5321321.617236617, 246182054.25, 11211786.661472443, 25455.057707078755, 63.76761871802234, 20.892411060631275, 0.6379485264315284, 298293.73316324997, 28947.169808441962, inf, -nan, 811.7142857142858, 1.1368683772161603e-13, 1438.503393420773, 183.5873947325259, 136296.1304418125, 29874.64225990579, 99550.96210131249, 4849.991661046489, 0.092665625, 0.00755850678767804, 5308.827152687499, 553.9577235133827, 57128.9039214375, 1112.9836657099993, 8.816880375, 0.122553976007959, 833, 0, 37.043187618255615, 1.5684653780556845, 3858079, 0, 67646085.4375, 13460991.480967933, 91915269.625, 3032778.7246198384, 163419434.0625, 13342022.37060973
39774, 0, 39774, 0, 0, 0, 0, dp_19.000000, 25953.028551071882, 52.35483245556797, 82.8804937042296, 2.6494985728700384, 768620.8393330626, 22111.666710564707, inf, -nan, 199.86934673366838, 2.842170943040401e-14, 476.07978624667226, 72.23919443644031, 55023.693242437505, 14386.009793621664, 443162.52202656254, 14296.201436879752, 1.3923347499999998, 0.16759176058002526, 21191.317036750002, 2597.3641743394087, 248455.30415218754, 4780.4525994887945, 786.6105403749999, 2.8266756142418314, 3781, 0, 82.70698165893555, 3.4557434250463226, 15790279, 0, 27026025.875, 7656339.038330874, 431312073.3125, 8091457.579066247, 474128378.1875, 10332905.328844264, 25681.465428162366, 67.79328327378046, 40.96448240429163, 1.3285224250880905, 469573.17393849994, 24119.170415788045, inf, -nan, 401.75757575757586, 1.1368683772161603e-13, 917.964579916649, 124.8653174887388, 103983.2952279375, 25038.18882374617, 227295.82010318752, 11545.490567724486, 0.35805775, 0.03891417006133499, 9878.860295875, 1106.9373467809287, 128322.94545781249, 2089.5808320307665, 91.89479593749999, 0.2841826029464743, 1881, 0, 60.19010591506958, 2.2223169140510777, 7835479, 0, 50453256.625, 11649617.395569073, 210587459.875, 5957197.860420376, 268876195.5, 11331765.873867199, 25454.55634837225, 63.78527776115552, 20.39105235412717, 0.6803251560677163, 318530.900820125, 28241.833911278074, inf, -nan, 811.7142857142858, 1.1368683772161603e-13, 1438.503393420773, 183.5873947325259, 136296.1304418125, 29874.64225990579, 112593.233190375, 6230.194736617116, 0.09085975, 0.007713699124771461, 5308.827152687499, 553.9577235133827, 64321.66809431252, 1197.7583021393145, 10.951081187499998, 0.10017767362492683, 931, 0, 36.365558385849, 1.5665367756329864, 3858079, 0, 67646085.4375, 13460991.480967933, 102963152.5625, 3241229.09169392, 174467317, 13291737.677455999
39774, 0, 39774, 0, 0, 0, 0, dp_21.000000, 25951.441041041166, 52.66913026586978, 81.29298367351294, 2.6278640501258317, 841991.2554682499, 25841.345103643456, inf, -nan, 199.86934673366838, 2.842170943040401e-14, 476.07978624667226, 72.23919443644031, 55023.693242437505, 14386.009793621664, 489271.597543625, 16971.504891805573, 1.4066460625, 0.2481794005138895, 21191.317036750002, 2597.3641743394087, 275571.31992250006, 6685.623202660719, 931.9210768749999, 3.4379937108011207, 4179, 0, 77.89115858078003, 3.4938377558900116, 15790279, 0, 27026025.875, 7656339.038330874, 477590310.1875, 8913128.650220165, 520406615.0625, 10894869.57694997, 25680.53307851404, 67.93153232737316, 40.032132755964994, 1.3096854087595042, 507999.3966523125, 23628.641299574567, inf, -nan, 401.75757575757586, 1.1368683772161603e-13, 917.964579916649, 124.8653174887388, 103983.2952279375, 25038.18882374617, 251500.6075771875, 13364.027860292774, 0.3462151875, 0.015429902386351765, 9878.860295875, 1106.9373467809287, 142523.16349318752, 2473.6442569859637, 113.1238429375, 0.3210435803760658, 2079, 0, 58.23145389556885, 2.2613384408093458, 7835479, 0, 50453256.625, 11649617.395569073, 233275508.0625, 6599043.897801933, 291564243.6875, 11487986.986923948, 25454.146505963057, 63.712453621589816, 19.981209944933653, 0.6378614756249527, 336653.426869625, 28390.82886389536, inf, -nan, 811.7142857142858, 1.1368683772161603e-13, 1438.503393420773, 183.5873947325259, 136296.1304418125, 29874.64225990579, 123674.53768037501, 6030.181977866885, 0.0853244375, 0.009453585146445436, 5308.827152687499, 553.9577235133827, 71360.43712075001, 1290.2349688339339, 13.409149562499998, 0.1298243068390743, 1029, 0, 35.69716811180115, 1.5702423003352621, 3858079, 0, 67646085.4375, 13460991.480967933, 114132230.25, 3594537.7651126175, 185636394.6875, 13269799.13977321
39774, 0, 39774, 0, 0, 0, 0, dp_23.000000, 25950.15362719819, 52.670534151420725, 80.00556983053684, 2.691795622041852, 915938.6641549375, 24602.307920700452, inf, -nan, 199.86934673366838, 2.842170943040401e-14, 476.07978624667226, 72.23919443644031, 55023.693242437505, 14386.009793621664, 536474.72794225, 16344.437618478825, 1.3288065, 0.10364115907845205, 21191.317036750002, 2597.3641743394087, 302126.1859728749, 8003.167659979593, 1121.411154125, 4.196979160511258, 4577, 0, 73.5091986656189, 3.4635670304675026, 15790279, 0, 27026025.875, 7656339.038330874, 523795777.25, 9702765.35410481, 566612082.125, 11446418.420069909, 25679.853945069015, 67.81132479518956, 39.352999310940504, 1.337826559377751, 546120.4484705, 23444.26774216803, inf, -nan, 401.75757575757586, 1.1368683772161603e-13, 917.964579916649, 124.8653174887388, 103983.2952279375, 25038.18882374617, 275542.42664212506, 14551.357682665906, 0.337696375, 0.0281678695499744, 9878.860295875, 1106.9373467809287, 156579.116806625, 2610.584067946596, 136.4118015625, 0.30745452843570525, 2277, 0, 56.400485038757324, 2.33579928878757, 7835479, 0, 50453256.625, 11649617.395569073, 255971751.75, 7237201.99893103, 314260487.375, 11676141.192835763, 25453.661133851856, 63.587695548744044, 19.495837833732367, 0.5996434180373328, 354963.7298278125, 29026.54860559116, inf, -nan, 811.7142857142858, 1.1368683772161603e-13, 1438.503393420773, 183.5873947325259, 136296.1304418125, 29874.64225990579, 135022.87731562497, 6300.384978548916, 0.0912021875, 0.007367527589181038, 5308.827152687499, 553.9577235133827, 78319.74262556249, 1021.2856050996267, 16.0610899375, 0.06332129821046438, 1127, 0, 35.043741941452026, 1.5985090243971682, 3858079, 0, 67646085.4375, 13460991.480967933, 124895447.4375, 3777203.30431986, 196399611.875, 13819147.326708008
39774, 0, 39774, 0, 0, 0, 0, dp_25.000000, 25949.096190206707, 52.67075290710779, 78.94813283905387, 2.6891152595133545, 992871.1862738124, 27830.745827132923, inf, -nan, 199.86934673366838, 2.842170943040401e-14, 476.07978624667226, 72.23919443644031, 55023.693242437505, 14386.009793621664, 586500.339653875, 19032.29596299575, 1.2977866249999999, 0.05835077885606477, 21191.317036750002, 2597.3641743394087, 328830.98129850003, 9690.487410411904, 1323.5572556250002, 1.4570790417289043, 4975, 0, 69.45616054534912, 3.4359276842966215, 15790279, 0, 27026025.875, 7656339.038330874, 570046522.125, 10527475.077284034, 612862827, 12115562.966362026, 25679.085023600608, 67.6713251680664, 38.58407784253359, 1.388703230264591, 583927.5668320624, 24353.853930090343, inf, -nan, 401.75757575757586, 1.1368683772161603e-13, 917.964579916649, 124.8653174887388, 103983.2952279375, 25038.18882374617, 300171.9942324375, 15531.667595226201, 0.3457269375, 0.027338926733388672, 9878.860295875, 1106.9373467809287, 169730.8061261875, 3125.756622198112, 162.26522268750003, 0.34537787443966916, 2475, 0, 54.68687081336975, 2.415452661725547, 7835479, 0, 50453256.625, 11649617.395569073, 278657695.5, 7882429.301594599, 336946431.125, 11903282.157232989, 25453.380459759384, 63.73648802447524, 19.215163741260767, 0.5857349118297259, 374637.825042375, 28758.187279664926, inf, -nan, 811.7142857142858, 1.1368683772161603e-13, 1438.503393420773, 183.5873947325259, 136296.1304418125, 29874.64225990579, 147445.14682856252, 8062.183523279589, 0.09146275, 0.006995698084358703, 5308.827152687499, 553.9577235133827, 85568.60297768751, 1381.055278277022, 19.026178875000006, 0.06462728487051222, 1225, 0, 34.46922433376312, 1.6048938011458254, 3858079, 0, 67646085.4375, 13460991.480967933, 136025742.4375, 4087215.1931215795, 207529906.875, 13840851.469407639
39774, 0, 39774, 0, 0, 0, 0, dp_27.000000, 25948.168097123504, 52.653651701772915, 78.02003975585103, 2.671777687873722, 1069566.6827775624, 25325.52240724931, inf, -nan, 199.86934673366838, 2.842170943040401e-14, 476.07978624667226, 72.23919443644031, 55023.693242437505, 14386.009793621664, 633878.9682729999, 17517.992692780306, 1.3325515625000002, 0.10069320638266065, 21191.317036750002, 2597.3641743394087, 357925.7801875, 9825.792183754133, 1545.5914863124997, 1.793155907941946, 5373, 0, 65.74635767936707, 3.4142554951411843, 15790279, 0, 27026025.875, 7656339.038330874, 616300631.4375, 11359798.527268711, 659116936.3125, 12765829.768901821, 25678.584199756384, 67.72134005415995, 38.083253998309374, 1.2788920560791737, 622675.731936625, 25334.497282638884, inf, -nan, 401.75757575757586, 1.1368683772161603e-13, 917.964579916649, 124.8653174887388, 103983.2952279375, 25038.18882374617, 324970.6824070625, 18614.39286608669, 0.338304875, 0.02507351777741557, 9878.860295875, 1106.9373467809287, 183653.1578079375, 2998.024239342595, 189.39789293750002, 0.3453643610231567, 2673, 0, 53.073015213012695, 2.4856393885658283, 7835479, 0, 50453256.625, 11649617.395569073, 301357931.8125, 8518339.010038849, 359646667.4375, 12148564.087475277, 25452.968491535634, 63.74802678706254, 18.803195517510176, 0.7376137054466401, 394817.2865689376, 29603.160425592767, inf, -nan, 811.7142857142858, 1.1368683772161603e-13, 1438.503393420773, 183.5873947325259, 136296.1304418125, 29874.64225990579, 160574.96115225, 8311.504880754084, 0.09233424999999999, 0.004836375495916336, 5308.827152687499, 553.9577235133827, 92615.03847574999, 1571.189001738679, 22.2370121875, 0.08172984365136947, 1323, 0, 33.87990140914917, 1.6128576839876263, 3858079, 0, 67646085.4375, 13460991.480967933, 147136431.375, 4333098.792364562, 218640595.8125, 13779102.424738556
39774, 0, 39774, 0, 0, 0, 0, dp_29.000000, 25947.312381681055, 52.81637441554912, 77.16432431340218, 2.4684264089272467, 1145609.818584625, 29813.248173933574, inf, -nan, 199.86934673366838, 2.842170943040401e-14, 476.07978624667226, 72.23919443644031, 55023.693242437505, 14386.009793621664, 682519.7873025, 19733.636909232366, 1.3221173750000002, 0.053477135556790775, 21191.317036750002, 2597.3641743394087, 385088.6365544375, 12457.450160037497, 1785.0623311249997, 1.9618679160125507, 5771, 0, 62.3572735786438, 3.417979162231959, 15790279, 0, 27026025.875, 7656339.038330874, 662331224.625, 11934449.887752604, 705147529.5, 13248214.041321728, 25677.995952233672, 67.69623153336741, 37.49500647559762, 1.218287793630995, 661464.776942875, 25802.577043612597, inf, -nan, 401.75757575757586, 1.1368683772161603e-13, 917.964579916649, 124.8653174887388, 103983.2952279375, 25038.18882374617, 349861.2648389375, 19324.4986574842, 0.34263881249999995, 0.021074088951894075, 9878.860295875, 1106.9373467809287, 197522.0149946875, 4170.959780366551, 218.99894662500003, 0.3523258690585485, 2871, 0, 51.51973009109497, 2.5622872908418204, 7835479, 0, 50453256.625, 11649617.395569073, 323783173.3125, 9318600.318513382, 382071908.9375, 12569613.95798935, 25452.6395197995, 63.81615214197315, 18.474223781377077, 0.5680977070307647, 412523.9192323125, 29499.786299345174, inf, -nan, 811.7142857142858, 1.1368683772161603e-13, 1438.503393420773, 183.5873947325259, 136296.1304418125, 29874.64225990579, 171396.05647606245, 9493.85826792643, 0.09012150000000001, 0.007670784615995941, 5308.827152687499, 553.9577235133827, 99497.0757979375, 1779.5236774623352, 25.739242312500004, 0.05827862824582342, 1421, 0, 33.324867486953735, 1.6493506009540757, 3858079, 0, 67646085.4375, 13460991.480967933, 158308978.75, 4700845.3228358105, 229813143.1875, 13876222.693879435
39774, 0, 39774, 0, 0, 0, 0, dp_3.000000, 25979.905059035867, 52.87139906914999, 109.7570016682148, 2.512488912589563, 173999.36574074998, 14429.955748749799, inf, -nan, 199.86934673366838, 2.842170943040401e-14, 476.07978624667226, 72.23919443644031, 55023.693242437505, 14386.009793621664, 68842.536735875, 2663.2787280342764, 1.4381223124999998, 0.21912055484416523, 21191.317036750002, 2597.3641743394087, 28927.126287000003, 509.4753296331206, 13.254316374999998, 0.28376149445988846, 597, 0, 155.6713352203369, 2.3460920434814505, 15790279, 0, 27026025.875, 7656339.038330874, 61462721.25, 1230430.7630382692, 104279026.125, 7571724.076753382, 25695.237213231623, 67.28919627227238, 54.73626747354865, 1.8093146802978834, 163358.16624356247, 24705.53986033581, inf, -nan, 401.75757575757586, 1.1368683772161603e-13, 917.964579916649, 124.8653174887388, 103983.2952279375, 25038.18882374617, 34962.764887624995, 1917.8318713712913, 0.33798700000000004, 0.029453967574420255, 9878.860295875, 1106.9373467809287, 14531.235855312498, 311.0595619076323, 1.6719898125000001, 0.1267625371680346, 297, 0, 86.25870513916016, 1.26583440836969, 7835479, 0, 50453256.625, 11649617.395569073, 29971749.875, 930465.0188489003, 88260485.5, 11409279.811635664, 25461.352340474725, 63.64296336835231, 27.187044456601143, 1.1562145008119962, 165954.44862737498, 29926.51677094367, inf, -nan, 811.7142857142858, 1.1368683772161603e-13, 1438.503393420773, 183.5873947325259, 136296.1304418125, 29874.64225990579, 17433.917762375, 1090.6601207855108, 0.0841885, 0.006145141159892097, 5308.827152687499, 553.9577235133827, 6915.2575170625, 314.7215580414383, 0.23156493749999998, 0.04889540091546028, 147, 0, 44.810041427612305, 1.1237651510501963, 3858079, 0, 67646085.4375, 13460991.480967933, 14664985.3125, 539521.0274685454, 86169149.75, 13371089.581727756
39774, 0, 39774, 0, 0, 0, 0, dp_31.000000, 25946.580948203802, 52.85534116859166, 76.43289083614945, 2.36426174982045, 1223829.859568875, 32158.95231582759, inf, -nan, 199.86934673366838, 2.842170943040401e-14, 476.07978624667226, 72.23919443644031, 55023.693242437505, 14386.009793621664, 732481.7048208124, 21757.58462897054, 1.311694875, 0.09553084118877199, 21191.317036750002, 2597.3641743394087, 413090.33077418746, 12012.893171298345, 2041.5019998124994, 2.4888141365532634, 6169, 0, 59.283429861068726, 3.39276688575963, 15790279, 0, 27026025.875, 7656339.038330874, 708578621.5, 12780109.48358777, 751394926.375, 13968744.669365998, 25677.47434988618, 67.88760949360126, 36.97340412810445, 1.051993939865949, 700371.184712, 26436.118152048817, inf, -nan, 401.75757575757586, 1.1368683772161603e-13, 917.964579916649, 124.8653174887388, 103983.2952279375, 25038.18882374617, 374875.5374199375, 19581.342327566817, 0.34187737499999993, 0.022424014768978706, 9878.860295875, 1106.9373467809287, 211382.69898412505, 5064.67088794232, 250.45090674999997, 0.4519398529377961, 3069, 0, 50.057584285736084, 2.638876808434445, 7835479, 0, 50453256.625, 11649617.395569073, 346480635.6875, 9947034.595508747, 404769371.3125, 12868653.678527916, 25452.339564990252, 63.75871369166505, 18.17426897212863, 0.6291780765591816, 432512.058092, 30273.177895073248, inf, -nan, 811.7142857142858, 1.1368683772161603e-13, 1438.503393420773, 183.5873947325259, 136296.1304418125, 29874.64225990579, 184087.33082575002, 10355.523189926802, 0.09063243750000001, 0.008495948033980303, 5308.827152687499, 553.9577235133827, 106790.23127068751, 1722.2570872491876, 29.447768625000002, 0.0508588575494413, 1519, 0, 32.81308686733246, 1.6344759711661234, 3858079, 0, 67646085.4375, 13460991.480967933, 169089341.8125, 5332458.482824495, 240593506.25, 13836989.321770145
39774, 0, 39774, 0, 0, 0, 0, dp_33.000000, 25945.832836758345, 52.953565288359904, 75.68477939069271, 2.370211666403425, 1298151.9840071877, 33024.463109238175, inf, -nan, 199.86934673366838, 2.842170943040401e-14, 476.07978624667226, 72.23919443644031, 55023.693242437505, 14386.009793621664, 779691.1727600001, 21754.94453694017, 1.3375613750000002, 0.11183888311868274, 21191.317036750002, 2597.3641743394087, 439929.74455331254, 13182.37206211962, 2314.7188533125, 2.713963550915396, 6567, 0, 56.412466526031494, 3.368522893212829, 15790279, 0, 27026025.875, 7656339.038330874, 754825933.5625, 13524401.410952885, 797642238.4375, 14562494.985534417, 25676.94635650888, 67.98074859585928, 36.44541075080633, 0.9514967952244583, 738430.8423573124, 30155.170560412716, inf, -nan, 401.75757575757586, 1.1368683772161603e-13, 917.964579916649, 124.8653174887388, 103983.2952279375, 25038.18882374617, 398512.9110801251, 22954.277288491885, 0.3438696875000001, 0.020642212326076957, 9878.860295875, 1106.9373467809287, 225771.3036140625, 5741.628432658241, 284.12826962500003, 0.39041207136160366, 3267, 0, 48.65577960014343, 2.679582066041961, 7835479, 0, 50453256.625, 11649617.395569073, 368890224.875, 10906337.729607552, 427178960.5, 13374709.963430569, 25452.257258556783, 63.708365316765, 18.091962538659573, 0.5743259192080674, 450816.30353662494, 29958.661211526658, inf, -nan, 811.7142857142858, 1.1368683772161603e-13, 1438.503393420773, 183.5873947325259, 136296.1304418125, 29874.64225990579, 195363.6974165625, 10909.263643674754, 0.090563, 0.00815145279996149, 5308.827152687499, 553.9577235133827, 113813.99676312499, 1894.84550725367, 33.5611994375, 0.09017089248197546, 1617, 0, 32.28878915309906, 1.6943720350348384, 3858079, 0, 67646085.4375, 13460991.480967933, 180274923.4375, 5648331.323572387, 251779087.875, 13929942.415439473
39774, 0, 39774, 0, 0, 0, 0, dp_35.000000, 25945.18676667288, 53.02537383780062, 75.0387093052268, 2.437772104594983, 1381468.011715125, 34315.813194464, inf, -nan, 199.86934673366838, 2.842170943040401e-14, 476.07978624667226, 72.23919443644031, 55023.693242437505, 14386.009793621664, 833015.2237981252, 26056.86035230243, 1.3050855000000001, 0.0772070757832467, 21191.317036750002, 2597.3641743394087, 469631.3203959375, 13264.24170122821, 2605.1521563750007, 2.6370047841643816, 6965, 0, 53.793450593948364, 3.3249689535152007, 15790279, 0, 27026025.875, 7656339.038330874, 801079364.25, 14383719.907190816, 843895669.125, 15302930.463904893, 25676.271787025034, 67.99487080640878, 35.770841266959906, 0.9548732466688947, 777154.1443826251, 30557.900511007352, inf, -nan, 401.75757575757586, 1.1368683772161603e-13, 917.964579916649, 124.8653174887388, 103983.2952279375, 25038.18882374617, 424136.420100875, 24700.530823563564, 0.3449755, 0.02061788146852144, 9878.860295875, 1106.9373467809287, 238835.31437724998, 5764.354654761858, 319.9094051875, 0.5261495175758336, 3465, 0, 47.355921030044556, 2.693545309165242, 7835479, 0, 50453256.625, 11649617.395569073, 391580267.375, 11548628.673105463, 449869003, 13743075.44634396, 25451.971396945417, 63.7470365081461, 17.8061009272933, 0.5739991682931455, 470425.9472041876, 30358.65533771385, inf, -nan, 811.7142857142858, 1.1368683772161603e-13, 1438.503393420773, 183.5873947325259, 136296.1304418125, 29874.64225990579, 208093.277338875, 11812.281090064242, 0.0914929375, 0.006545995058705267, 5308.827152687499, 553.9577235133827, 120689.76772506251, 2245.9473870204415, 37.8530528125, 0.07206998580478846, 1715, 0, 31.82016122341156, 1.6587567609590579, 3858079, 0, 67646085.4375, 13460991.480967933, 191330670.375, 5892801.334019233, 262834834.8125, 13875191.618384656
39774, 0, 39774, 0, 0, 0, 0, dp_37.000000, 25944.577187798917, 52.99582518191453, 74.42913043126464, 2.5366562585456185, 1456131.7630213127, 35590.54585379311, inf, -nan, 199.86934673366838, 2.842170943040401e-14, 476.07978624667226, 72.23919443644031, 55023.693242437505, 14386.009793621664, 879541.7178786249, 27254.744690864794, 1.3094298750000002, 0.0973704947506398, 21191.317036750002, 2597.3641743394087, 497459.3907965626, 15449.046896460488, 2914.3346370625, 3.0607516184012113, 7363, 0, 51.330639600753784, 3.2418874152894666, 15790279, 0, 27026025.875, 7656339.038330874, 847005409.625, 14847777.935635353, 889821714.5, 15660033.54651222, 25675.83806399256, 68.10139386218451, 35.33711823448539, 1.0969229095922508, 818140.1036494375, 31646.32881207162, inf, -nan, 401.75757575757586, 1.1368683772161603e-13, 917.964579916649, 124.8653174887388, 103983.2952279375, 25038.18882374617, 449899.89381987497, 25918.52003292379, 0.34186843749999996, 0.025611539684214493, 9878.860295875, 1106.9373467809287, 254019.50605187504, 5625.791011019481, 358.20638543749993, 0.49563964768379465, 3663, 0, 46.131263732910156, 2.7285109096937306, 7835479, 0, 50453256.625, 11649617.395569073, 414263384.125, 12186837.518627247, 472552119.75, 14129325.61970893, 25451.78917421773, 63.75500729464639, 17.623878199607134, 0.5821906597836288, 487776.3867411876, 28544.168532263146, inf, -nan, 811.7142857142858, 1.1368683772161603e-13, 1438.503393420773, 183.5873947325259, 136296.1304418125, 29874.64225990579, 218574.980402375, 12130.441496434287, 0.0897044375, 0.009331217223443775, 5308.827152687499, 553.9577235133827, 127553.99618706251, 1857.7031851938805, 42.3628528125, 0.0705105132216275, 1813, 0, 31.336827754974365, 1.7157583627961348, 3858079, 0, 67646085.4375, 13460991.480967933, 201757212.9375, 6506858.378235608, 273261377.375, 12961567.34286386
39774, 0, 39774, 0, 0, 0, 0, dp_39.000000, 25943.947043195367, 52.880565738243895, 73.7989858277142, 2.673475339012197, 1527747.7695625, 38374.807897440456, inf, -nan, 199.86934673366838, 2.842170943040401e-14, 476.07978624667226, 72.23919443644031, 55023.693242437505, 14386.009793621664, 924763.22682175, 26325.52383069989, 1.2903046875000002, 0.07909184186652785, 21191.317036750002, 2597.3641743394087, 523528.56404531247, 17834.82098831218, 3239.6781115625, 3.8922272815338235, 7761, 0, 49.000388383865356, 3.201576359870835, 15790279, 0, 27026025.875, 7656339.038330874, 893242565.3125, 15720257.626028258, 936058870.1875, 16417628.166296173, 25675.44913719967, 68.03344056444777, 34.948191441595554, 1.0367395674928541, 858524.8887059998, 30174.923047355547, inf, -nan, 401.75757575757586, 1.1368683772161603e-13, 917.964579916649, 124.8653174887388, 103983.2952279375, 25038.18882374617, 476944.81253224995, 24970.817972960318, 0.3459830625, 0.020952285643423104, 9878.860295875, 1106.9373467809287, 267319.5736985625, 5993.463332719251, 398.0009683124999, 0.544605938699115, 3861, 0, 44.95805048942566, 2.741700555863251, 7835479, 0, 50453256.625, 11649617.395569073, 436962401.75, 12833595.00280303, 495251137.375, 14536812.531429375, 25451.526060029864, 63.77920309070634, 17.360764011740685, 0.6744710140111588, 507033.2473976875, 29785.06692735847, inf, -nan, 811.7142857142858, 1.1368683772161603e-13, 1438.503393420773, 183.5873947325259, 136296.1304418125, 29874.64225990579, 231150.52110099996, 13032.664816727298, 0.09231806249999999, 0.006045342220138885, 5308.827152687499, 553.9577235133827, 134230.50858637498, 2036.607723316278, 47.16779775, 0.06395582797769397, 1911, 0, 30.884080052375793, 1.6957595952858107, 3858079, 0, 67646085.4375, 13460991.480967933, 212847121.6875, 6777401.184284438, 284351286.125, 13004380.200958584
39774, 0, 39774, 0, 0, 0, 0, dp_5.000000, 25973.106301933527, 52.53672632526826, 102.95824456587434, 2.840606433938772, 248587.41072387504, 14896.183965149366, inf, -nan, 199.86934673366838, 2.842170943040401e-14, 476.07978624667226, 72.23919443644031, 55023.693242437505, 14386.009793621664, 115509.7774426875, 4241.503862016155, 1.5949153125000002, 0.4195799098259947, 21191.317036750002, 2597.3641743394087, 56816.850759124995, 1046.4596999420787, 44.1773275625, 0.3116057333207644, 995, 0, 139.09784126281738, 2.693484132222499, 15790279, 0, 27026025.875, 7656339.038330874, 107738902.625, 2052094.2591611403, 150555207.5, 7626052.746200955, 25692.002523303032, 67.3058626867374, 51.5015775449574, 1.8447150704345747, 201293.17973718749, 24010.897041821827, inf, -nan, 401.75757575757586, 1.1368683772161603e-13, 917.964579916649, 124.8653174887388, 103983.2952279375, 25038.18882374617, 58448.512753250005, 3274.9206096140783, 0.3528703125, 0.006488054424466837, 9878.860295875, 1106.9373467809287, 28976.7338420625, 535.0559509446012, 5.42474775, 0.10672774462827138, 495, 0, 80.74523305892944, 1.6223414042383235, 7835479, 0, 50453256.625, 11649617.395569073, 52592769.1875, 1575001.7521797484, 110881504.8125, 11333735.194359345, 25459.81934576109, 63.78124323282057, 25.65404974296689, 1.2652673126007723, 184617.0224403125, 29870.251218055448, inf, -nan, 811.7142857142858, 1.1368683772161603e-13, 1438.503393420773, 183.5873947325259, 136296.1304418125, 29874.64225990579, 28938.005558625002, 1741.1276318073603, 0.08488375000000001, 0.007422293332420917, 5308.827152687499, 553.9577235133827, 14073.2900244375, 459.5629163464487, 0.684379, 0.04637552647005746, 245, 0, 43.09504508972168, 1.3129559146090566, 3858079, 0, 67646085.4375, 13460991.480967933, 25456776.625, 1179756.6745713328, 96960941.0625, 13308711.313385358
39774, 0, 39774, 0, 0, 0, 0, dp_7.000000, 25968.38333742693, 52.47260789672811, 98.23528005927801, 2.6913552735026283, 324253.1119798125, 15982.965969577652, inf, -nan, 199.86934673366838, 2.842170943040401e-14, 476.07978624667226, 72.23919443644031, 55023.693242437505, 14386.009793621664, 163279.79083712498, 6422.398809296696, 1.5202288750000001, 0.43617138270493444, 21191.317036750002, 2597.3641743394087, 84655.55602556249, 1536.2736487813982, 101.2346090625, 0.5887811072289999, 1393, 0, 126.6192569732666, 2.9039606024106006, 15790279, 0, 27026025.875, 7656339.038330874, 154012854.5, 2875340.3112713024, 196829159.375, 7768182.561080582, 25689.496428065002, 67.47981253807579, 48.99548230692744, 1.9121947026932136, 239041.86593356248, 23641.483310679774, inf, -nan, 401.75757575757586, 1.1368683772161603e-13, 917.964579916649, 124.8653174887388, 103983.2952279375, 25038.18882374617, 81856.76637118749, 4216.476715028259, 0.35556175, 0.010008526730368467, 9878.860295875, 1106.9373467809287, 43311.1842651875, 740.243173324533, 11.404211625, 0.10989368299854342, 693, 0, 76.48838233947754, 1.7489262315384628, 7835479, 0, 50453256.625, 11649617.395569073, 74878854.5625, 2091193.9200386507, 133167590.1875, 11087626.786666254, 25458.77882147208, 63.821245330316145, 24.613525453954935, 1.2361138449331226, 204026.41351531245, 29943.039608066603, inf, -nan, 811.7142857142858, 1.1368683772161603e-13, 1438.503393420773, 183.5873947325259, 136296.1304418125, 29874.64225990579, 41124.52095525, 2712.040015404371, 0.08906006250000001, 0.0073367824305749845, 5308.827152687499, 553.9577235133827, 21295.35566975, 571.0437850222955, 1.49023575, 0.10886984032636171, 343, 0, 41.739495038986206, 1.4445315231572244, 3858079, 0, 67646085.4375, 13460991.480967933, 36603711.0625, 1408160.9666348726, 108107875.5, 13241910.561898567
39774, 0, 39774, 0, 0, 0, 0, dp_9.000000, 25964.427010115236, 52.3443148648046, 94.27895274758339, 2.9318785612704916, 398636.62732612505, 16942.35196752812, inf, -nan, 199.86934673366838, 2.842170943040401e-14, 476.07978624667226, 72.23919443644031, 55023.693242437505, 14386.009793621664, 209907.0442911875, 7310.057715067571, 1.5306015625, 0.36576647667380763, 21191.317036750002, 2597.3641743394087, 112350.34831525, 1952.864006999221, 162.6938389375, 0.24831991367172335, 1791, 0, 116.54307508468628, 3.0959422850649947, 15790279, 0, 27026025.875, 7656339.038330874, 200279987.75, 3699411.640195362, 243096292.625, 7994218.86022801, 25687.533121872693, 67.58610210498061, 47.03217611461878, 1.7787707792069065, 277188.631881125, 23629.000465725017, inf, -nan, 401.75757575757586, 1.1368683772161603e-13, 917.964579916649, 124.8653174887388, 103983.2952279375, 25038.18882374617, 105869.69353881253, 5841.693940493455, 0.3574103125, 0.010511995420225592, 9878.860295875, 1106.9373467809287, 57437.1230489375, 806.3499781015665, 19.302359250000002, 0.12217475961788303, 891, 0, 72.89735460281372, 1.8875727651623064, 7835479, 0, 50453256.625, 11649617.395569073, 97475262.0625, 2818988.071420697, 155763997.6875, 11068584.10096219, 25457.78710676357, 63.730984261396316, 23.621810745447874, 1.1521915753307939, 222852.36424425003, 29045.152648395066, inf, -nan, 811.7142857142858, 1.1368683772161603e-13, 1438.503393420773, 183.5873947325259, 136296.1304418125, 29874.64225990579, 52738.4150908125, 2870.498260227744, 0.090891125, 0.007797302064456334, 5308.827152687499, 553.9577235133827, 28506.4315565, 699.7671664912474, 2.4691113125, 0.10300785760423745, 441, 0, 40.60715198516846, 1.5449489354792523, 3858079, 0, 67646085.4375, 13460991.480967933, 47726646.75, 1656291.9738698888, 119230811.1875, 13196862.223655974
39774, 0, 39774, 0, 0, 0, 0, fixed_reps_1, 25991.913433760405, 53.34729787915035, 121.76537639275193, 2.5372183745484476, 100006.08279656249, 14159.294354085387, inf, -nan, 199.86934673366838, 2.842170943040401e-14, 476.07978624667226, 72.23919443644031, 55023.693242437505, 14386.009793621664, 23705.5324781875, 1255.318966680548, 1.3159106875000002, 0.21320844190507524, 21191.317036750002, 2597.3641743394087, 84.2241285, 7.581089891162163, 0, 0, 199, 0, 195.14803504943848, 0.6848035750501535, 15790279, 0, 27026025.875, 7656339.038330874, 15186539.875, 408767.2669153982, 58002844.75, 7606286.367397449, 25700.414719764143, 67.62218170744156, 59.91377400606871, 2.0272563856303303, 125805.51003112501, 24817.539157121886, inf, -nan, 401.75757575757586, 1.1368683772161603e-13, 917.964579916649, 124.8653174887388, 103983.2952279375, 25038.18882374617, 11863.202584249997, 748.9068356976151, 0.31375725, 0.02919565771544632, 9878.860295875, 1106.9373467809287, 79.83816581250001, 4.6108780834585925, 0, 0, 99, 0, 97.78194236755371, 0.22949569843243156, 7835479, 0, 50453256.625, 11649617.395569073, 7374474.75, 319061.9241831239, 65663210.375, 11558739.293119764, 25464.149324130267, 63.49139738659792, 29.984028112143278, 1.2646782189709898, 147442.72408825002, 29905.954129469006, inf, -nan, 811.7142857142858, 1.1368683772161603e-13, 1438.503393420773, 183.5873947325259, 136296.1304418125, 29874.64225990579, 5758.7027478125, 405.2201842305103, 0.080426375, 0.004452190779197922, 5308.827152687499, 553.9577235133827, 78.98331956249999, 5.296761044676783, 0, 0, 49, 0, 48.361096143722534, 0.1129827567388277, 3858079, 0, 67646085.4375, 13460991.480967933, 3586252, 157400.6891185677, 75090416.4375, 13421325.754644243
39774, 0, 39774, 0, 0, 0, 0, fixed_reps_11, 25967.641414429992, 52.2223285849357, 97.49335706233978, 3.1873280468684375, 360178.991418625, 15779.022681270664, inf, -nan, 199.86934673366838, 2.842170943040401e-14, 476.07978624667226, 72.23919443644031, 55023.693242437505, 14386.009793621664, 283115.854624875, 9437.548692123277, 1.308088625, 0.08126064168454723, 21191.317036750002, 2597.3641743394087, 846.8184259374999, 14.082162602938302, 0, 0, 2189, 0, 156.87315273284912, 3.042916389358034, 15790279, 0, 27026025.875, 7656339.038330874, 167049948.625, 4496439.936069379, 209866253.5, 8282283.215870435, 25688.172881528735, 67.85468605206488, 47.67193577066064, 1.3668820946476243, 265217.7480906249, 23496.568148727667, inf, -nan, 401.75757575757586, 1.1368683772161603e-13, 917.964579916649, 124.8653174887388, 103983.2952279375, 25038.18882374617, 150517.64933425005, 7757.72498028677, 0.34506393750000003, 0.010713091374976405, 9878.860295875, 1106.9373467809287, 837.598168625, 29.85374182477449, 0, 0, 1089, 0, 87.65017318725586, 1.208320266457044, 7835479, 0, 50453256.625, 11649617.395569073, 81118232.25, 3509681.166014363, 139406967.875, 11122553.49004631, 25458.060690656304, 63.94621370564894, 23.895394638180733, 1.0148946361775022, 219747.9047885625, 29513.16307506963, inf, -nan, 811.7142857142858, 1.1368683772161603e-13, 1438.503393420773, 183.5873947325259, 136296.1304418125, 29874.64225990579, 77288.81502499999, 3654.0980952587865, 0.09222993749999998, 0.0030125130179957317, 5308.827152687499, 553.9577235133827, 854.039939125, 36.07520134467037, 0, 0, 539, 0, 45.000561237335205, 0.8320491555210481, 3858079, 0, 67646085.4375, 13460991.480967933, 39448282, 1731407.5803042448, 110952446.4375, 13122277.473479332
39774, 0, 39774, 0, 0, 0, 0, fixed_reps_13, 25965.562055256218, 52.21368545775476, 95.41399788856506, 3.1830417082132034, 409504.2758515, 15746.328757730935, inf, -nan, 199.86934673366838, 2.842170943040401e-14, 476.07978624667226, 72.23919443644031, 55023.693242437505, 14386.009793621664, 332292.25791274995, 10033.148560739404, 1.3348388125000001, 0.15237288551084915, 21191.317036750002, 2597.3641743394087, 995.67282075, 20.895141140449148, 0, 0, 2587, 0, 151.8865909576416, 2.6680390584402587, 15790279, 0, 27026025.875, 7656339.038330874, 197422630.375, 5313974.469900175, 240238935.25, 8646069.404355442, 25687.12242167443, 67.96544376061978, 46.62147591635585, 1.355144016874799, 291022.7087021875, 23790.285120020202, inf, -nan, 401.75757575757586, 1.1368683772161603e-13, 917.964579916649, 124.8653174887388, 103983.2952279375, 25038.18882374617, 176183.02607756254, 8948.304426495308, 0.34394412500000004, 0.009862050483260306, 9878.860295875, 1106.9373467809287, 977.1831566875, 38.23005149134255, 0, 0, 1287, 0, 86.2278938293457, 1.282348659417562, 7835479, 0, 50453256.625, 11649617.395569073, 95866983.75, 4147805.0143806105, 154155719.375, 11143417.64597334, 25457.53501600772, 63.88070622525285, 23.369719989597797, 0.9746675597220127, 233053.79271775, 29376.445374430466, inf, -nan, 811.7142857142858, 1.1368683772161603e-13, 1438.503393420773, 183.5873947325259, 136296.1304418125, 29874.64225990579, 90443.5613628125, 4207.786056373683, 0.09129506249999998, 0.002914685198884049, 5308.827152687499, 553.9577235133827, 1005.182465375, 41.325872326499464, 0, 0, 637, 0, 44.60796809196472, 1.0546423759413337, 3858079, 0, 67646085.4375, 13460991.480967933, 46620688, 2046208.9585413802, 118124852.4375, 13084387.710289096
39774, 0, 39774, 0, 0, 0, 0, fixed_reps_15, 25963.78334391117, 52.346959524751696, 93.6352865435183, 3.017551832695906, 455927.6109711875, 18667.30420937996, inf, -nan, 199.86934673366838, 2.842170943040401e-14, 476.07978624667226, 72.23919443644031, 55023.693242437505, 14386.009793621664, 378567.03710287495, 13129.93693942093, 1.3020831874999999, 0.09199960021599192, 21191.317036750002, 2597.3641743394087, 1144.2615059375, 16.266866770436103, 0, 0, 2985, 0, 147.3822202682495, 3.010239821229645, 15790279, 0, 27026025.875, 7656339.038330874, 227795312.125, 6131509.003730972, 270611617, 9069153.348024575, 25686.407143950462, 67.96416189662769, 45.90619819238782, 1.3458486434571213, 316708.9977501875, 23071.004720807545, inf, -nan, 401.75757575757586, 1.1368683772161603e-13, 917.964579916649, 124.8653174887388, 103983.2952279375, 25038.18882374617, 201725.30631381247, 10286.67037653459, 0.3339991875000001, 0.02426433587134302, 9878.860295875, 1106.9373467809287, 1121.201913375, 42.71885044931466, 0, 0, 1485, 0, 85.0028395652771, 1.44618936461615, 7835479, 0, 50453256.625, 11649617.395569073, 110615735.25, 4785928.862746858, 168904470.875, 11200657.195805347, 25457.079395078123, 63.9103734954923, 22.91409905999899, 0.8814476259884181, 246183.99284012496, 29348.642961482452, inf, -nan, 811.7142857142858, 1.1368683772161603e-13, 1438.503393420773, 183.5873947325259, 136296.1304418125, 29874.64225990579, 103430.781211875, 4967.212863445096, 0.0929273125, 0.003716257773600177, 5308.827152687499, 553.9577235133827, 1148.1611064375, 46.87039134929721, 0, 0, 735, 0, 44.282719373703, 1.2076095241391216, 3858079, 0, 67646085.4375, 13460991.480967933, 53793094, 2361010.3367785155, 125297258.4375, 13053981.661961442
39774, 0, 39774, 0, 0, 0, 0, fixed_reps_17, 25961.897013720125, 52.24228761757403, 91.7489563524723, 2.963267129267115, 503293.18051831244, 18811.869921210826, inf, -nan, 199.86934673366838, 2.842170943040401e-14, 476.07978624667226, 72.23919443644031, 55023.693242437505, 14386.009793621664, 425784.30333449994, 14318.111121815851, 1.3287676875, 0.06964798856366812, 21191.317036750002, 2597.3641743394087, 1292.5381369375, 19.770292947183496, 0, 0, 3383, 0, 142.79192638397217, 2.7680331713549275, 15790279, 0, 27026025.875, 7656339.038330874, 258167993.875, 6949043.537561769, 300984298.75, 9543652.035937358, 25685.706150002778, 67.9703176542458, 45.205204244703054, 1.2764065182020978, 341931.088519375, 22974.51884971098, inf, -nan, 401.75757575757586, 1.1368683772161603e-13, 917.964579916649, 124.8653174887388, 103983.2952279375, 25038.18882374617, 226803.634038125, 11713.507825222883, 0.34596356249999993, 0.00920697330810151, 9878.860295875, 1106.9373467809287, 1264.952993875, 49.731753515042854, 0, 0, 1683, 0, 83.84732675552368, 1.413882367618146, 7835479, 0, 50453256.625, 11649617.395569073, 125364486.75, 5424052.711113106, 183653222.375, 11293719.072785977, 25456.712180182338, 63.84899052538904, 22.546884164214134, 0.9216718881313124, 258662.3328115625, 29120.810661220967, inf, -nan, 811.7142857142858, 1.1368683772161603e-13, 1438.503393420773, 183.5873947325259, 136296.1304418125, 29874.64225990579, 115771.07377606249, 5414.955888909399, 0.09016387499999999, 0.003773334647148991, 5308.827152687499, 553.9577235133827, 1286.2112771250004, 54.567642897481875, 0, 0, 833, 0, 44.00091195106506, 1.3127554519144795, 3858079, 0, 67646085.4375, 13460991.480967933, 60965500, 2675811.715015651, 132469664.4375, 13031111.71481416
39774, 0, 39774, 0, 0, 0, 0, fixed_reps_19, 25960.20496673882, 52.03669692584826, 90.05690937116742, 2.8707263877690328, 550977.1614026875, 20493.812215868867, inf, -nan, 199.86934673366838, 2.842170943040401e-14, 476.07978624667226, 72.23919443644031, 55023.693242437505, 14386.009793621664, 473315.5931700625, 15844.45478710599, 1.3232829375000001, 0.10649973671180409, 21191.317036750002, 2597.3641743394087, 1445.2346704999998, 16.658828714582906, 0, 0, 3781, 0, 138.1983346939087, 3.1199306326836727, 15790279, 0, 27026025.875, 7656339.038330874, 288540675.625, 7766578.071392564, 331356980.5, 10062294.536741067, 25685.05507342145, 67.9627823570357, 44.55412766337395, 1.3574562198432232, 367486.8341214375, 22951.67725565034, inf, -nan, 401.75757575757586, 1.1368683772161603e-13, 917.964579916649, 124.8653174887388, 103983.2952279375, 25038.18882374617, 252217.529551125, 13576.457747203713, 0.3346595, 0.022282141874155635, 9878.860295875, 1106.9373467809287, 1406.8143870000001, 54.58785330886237, 0, 0, 1881, 0, 82.80655241012573, 1.4468077984885135, 7835479, 0, 50453256.625, 11649617.395569073, 140113238.25, 6062176.559479354, 198401973.875, 11421727.691719009, 25456.294339183718, 64.03756759050314, 22.12904316559434, 0.855476604747555, 271228.887578625, 29122.262893495667, inf, -nan, 811.7142857142858, 1.1368683772161603e-13, 1438.503393420773, 183.5873947325259, 136296.1304418125, 29874.64225990579, 128199.71775337501, 6181.00055708459, 0.09096499999999999, 0.003999103633940986, 5308.827152687499, 553.9577235133827, 1424.12126575, 61.13606835430361, 0, 0, 931, 0, 43.71460819244385, 1.291010862010665, 3858079, 0, 67646085.4375, 13460991.480967933, 68137906, 2990613.0932527864, 139642070.4375, 13015817.59370452
39774, 0, 39774, 0, 0, 0, 0, fixed_reps_21, 25958.73245568946, 52.060803273322584, 88.58439832180738, 2.6942121358878066, 600224.4540452498, 19545.594789048428, inf, -nan, 199.86934673366838, 2.842170943040401e-14, 476.07978624667226, 72.23919443644031, 55023.693242437505, 14386.009793621664, 522409.23339868756, 15348.057843644654, 1.3257752499999997, 0.08196297435999687, 21191.317036750002, 2597.3641743394087, 1598.8845921249997, 20.40192512636435, 0, 0, 4179, 0, 133.46259021759033, 3.3437736638903393, 15790279, 0, 27026025.875, 7656339.038330874, 318913357.375, 8584112.605223361, 361729662.25, 10618614.50158253, 25684.439904581755, 67.84619425272906, 43.93895882368088, 1.3871649610768366, 392297.10594925, 23111.79891431005, inf, -nan, 401.75757575757586, 1.1368683772161603e-13, 917.964579916649, 124.8653174887388, 103983.2952279375, 25038.18882374617, 276892.65483512497, 14514.365815500914, 0.34130193749999993, 0.00843531211980883, 9878.860295875, 1106.9373467809287, 1541.954288375, 59.73818450862497, 0, 0, 2079, 0, 81.73321390151978, 1.5087352183831482, 7835479, 0, 50453256.625, 11649617.395569073, 154861989.75, 6700300.4078456005, 213150725.375, 11583524.529445237, 25456.02110021934, 63.88818515961204, 21.855804201215506, 0.865057456379753, 283815.21392118745, 29089.66501904585, inf, -nan, 811.7142857142858, 1.1368683772161603e-13, 1438.503393420773, 183.5873947325259, 136296.1304418125, 29874.64225990579, 140644.32753824999, 6874.091559273878, 0.090209875, 0.0035326703758453027, 5308.827152687499, 553.9577235133827, 1565.8385785625, 68.35196381378232, 0, 0, 1029, 0, 43.46258878707886, 1.2859650613494702, 3858079, 0, 67646085.4375, 13460991.480967933, 75310312, 3305414.471489922, 146814476.4375, 13008126.02017252
39774, 0, 39774, 0, 0, 0, 0, fixed_reps_23, 25957.4479354769, 51.9882541943791, 87.29987810924649, 2.8205220731209213, 648112.8043006874, 22160.151218158324, inf, -nan, 199.86934673366838, 2.842170943040401e-14, 476.07978624667226, 72.23919443644031, 55023.693242437505, 14386.009793621664, 570137.650483375, 18484.436961758827, 1.3113304375, 0.1127877579399515, 21191.317036750002, 2597.3641743394087, 1758.8322076874995, 30.75926088715404, 0, 0, 4577, 0, 129.2722249031067, 3.7902759147488627, 15790279, 0, 27026025.875, 7656339.038330874, 349286039.125, 9401647.139054157, 392102344, 11207002.362376854, 25683.639095835388, 67.87885056979933, 43.138150077313185, 1.2246583084527274, 416764.3565914999, 23654.927050579103, inf, -nan, 401.75757575757586, 1.1368683772161603e-13, 917.964579916649, 124.8653174887388, 103983.2952279375, 25038.18882374617, 301222.9030135625, 16679.127363563675, 0.33408725, 0.02407138513229972, 9878.860295875, 1106.9373467809287, 1678.963966875, 68.81970257819184, 0, 0, 2277, 0, 80.33459234237671, 1.8431192646864394, 7835479, 0, 50453256.625, 11649617.395569073, 169610741.25, 7338424.256211849, 227899476.875, 11777717.167449964, 25455.66850421205, 64.06987238161275, 21.503208193928003, 0.7955983693527371, 296211.4809811875, 28946.279870136794, inf, -nan, 811.7142857142858, 1.1368683772161603e-13, 1438.503393420773, 183.5873947325259, 136296.1304418125, 29874.64225990579, 152901.6979114375, 7412.37445823017, 0.08996612500000001, 0.0060358294880964785, 5308.827152687499, 553.9577235133827, 1704.735509125, 71.5465221453809, 0, 0, 1127, 0, 43.147857666015625, 1.3165069274175323, 3858079, 0, 67646085.4375, 13460991.480967933, 82482718, 3620215.8497270574, 153986882.4375, 13008050.480232256
39774, 0, 39774, 0, 0, 0, 0, fixed_reps_25, 25956.314692493528, 51.865175547852466, 86.16663512587547, 3.045969040042534, 692585.7125769376, 23149.425927865104, inf, -nan, 199.86934673366838, 2.842170943040401e-14, 476.07978624667226, 72.23919443644031, 55023.693242437505, 14386.009793621664, 614468.9376555624, 19357.545725428266, 1.3411753124999999, 0.10085821855748714, 21191.317036750002, 2597.3641743394087, 1900.4234668749998, 32.91056029805702, 0, 0, 4975, 0, 125.42708683013916, 3.5194726123329914, 15790279, 0, 27026025.875, 7656339.038330874, 379658720.875, 10219181.672884954, 422475025.75, 11822671.246187715, 25682.888672132045, 67.74633479629098, 42.38772637397051, 1.1683449136979098, 441941.31847137504, 23481.490146108925, inf, -nan, 401.75757575757586, 1.1368683772161603e-13, 917.964579916649, 124.8653174887388, 103983.2952279375, 25038.18882374617, 326257.36211287504, 18126.679806623764, 0.34217637500000003, 0.011468825064468243, 9878.860295875, 1106.9373467809287, 1821.4586583125001, 73.04259369569242, 0, 0, 2475, 0, 79.00186967849731, 2.126876264931236, 7835479, 0, 50453256.625, 11649617.395569073, 184359492.75, 7976548.1045780955, 242648228.375, 12002733.310389731, 25455.241825312376, 64.05492149224905, 21.076529294252396, 0.7579628427247826, 308643.5296546875, 28828.446283437337, inf, -nan, 811.7142857142858, 1.1368683772161603e-13, 1438.503393420773, 183.5873947325259, 136296.1304418125, 29874.64225990579, 165198.70774549997, 8133.54382162407, 0.089264125, 0.005776389950425352, 5308.827152687499, 553.9577235133827, 1839.7750505625002, 77.79878847515903, 0, 0, 1225, 0, 42.9095025062561, 1.3350991315834861, 3858079, 0, 67646085.4375, 13460991.480967933, 89655124, 3935017.2279641926, 161159288.4375, 13015591.106489627
39774, 0, 39774, 0, 0, 0, 0, fixed_reps_27, 25955.413600593805, 51.785367985497366, 85.26554322615266, 3.187780048649221, 737810.4864633749, 26003.382067673796, inf, -nan, 199.86934673366838, 2.842170943040401e-14, 476.07978624667226, 72.23919443644031, 55023.693242437505, 14386.009793621664, 659552.5980201876, 23663.16721561874, 1.2934780625, 0.07632225684512739, 21191.317036750002, 2597.3641743394087, 2041.5846859375004, 32.4781164718159, 0, 0, 5373, 0, 121.777024269104, 3.585339093809477, 15790279, 0, 27026025.875, 7656339.038330874, 410031402.625, 11036716.206715753, 452847707.5, 12461578.321727913, 25682.35425882414, 67.6903800778539, 41.85331306606531, 1.3300817980777782, 466357.1531221875, 25012.310572799768, inf, -nan, 401.75757575757586, 1.1368683772161603e-13, 917.964579916649, 124.8653174887388, 103983.2952279375, 25038.18882374617, 350534.97213325003, 19078.09762048742, 0.34021431250000006, 0.02150196639763079, 9878.860295875, 1106.9373467809287, 1959.6852508125, 78.50260389121473, 0, 0, 2673, 0, 77.74929475784302, 2.2485000652073666, 7835479, 0, 50453256.625, 11649617.395569073, 199108244.25, 8614671.952944344, 257396979.875, 12256875.468729392, 25454.849600583315, 63.966507608728264, 20.68430456519127, 0.8296494691340628, 321065.82329749997, 28811.084483059527, inf, -nan, 811.7142857142858, 1.1368683772161603e-13, 1438.503393420773, 183.5873947325259, 136296.1304418125, 29874.64225990579, 177483.1957758125, 8679.482033717948, 0.09007643749999998, 0.0034857013097931615, 5308.827152687499, 553.9577235133827, 1977.5798507499999, 82.88784061463075, 0, 0, 1323, 0, 42.593786001205444, 1.4292005691778935, 3858079, 0, 67646085.4375, 13460991.480967933, 96827530, 4249818.606201328, 168331694.4375, 13030734.676980924
39774, 0, 39774, 0, 0, 0, 0, fixed_reps_29, 25954.350497167557, 51.77831088681679, 84.20243979990482, 3.314222688005419, 782233.55423125, 26510.616366294806, inf, -nan, 199.86934673366838, 2.842170943040401e-14, 476.07978624667226, 72.23919443644031, 55023.693242437505, 14386.009793621664, 703828.4327173126, 24888.216913788914, 1.3404880625, 0.11476961449708104, 21191.317036750002, 2597.3641743394087, 2188.7707466874995, 30.095907988494965, 0, 0, 5771, 0, 118.14018487930298, 3.8927872509411103, 15790279, 0, 27026025.875, 7656339.038330874, 440404084.375, 11854250.740546549, 483220389.25, 13120329.20965386, 25681.700830452144, 67.67964481774649, 41.199884694069624, 1.3332798429425403, 490748.23840968753, 25336.23786815675, inf, -nan, 401.75757575757586, 1.1368683772161603e-13, 917.964579916649, 124.8653174887388, 103983.2952279375, 25038.18882374617, 374786.2023213751, 20268.796298074994, 0.34242706250000005, 0.010173098836322872, 9878.860295875, 1106.9373467809287, 2099.5381374375006, 79.1303127174089, 0, 0, 2871, 0, 76.74013662338257, 2.2783095862992777, 7835479, 0, 50453256.625, 11649617.395569073, 213856995.75, 9252795.801310591, 272145731.375, 12538372.68880013, 25454.519520621747, 63.88564521943077, 20.354224603623152, 0.8125448091764063, 333385.32295262493, 28606.683927756752, inf, -nan, 811.7142857142858, 1.1368683772161603e-13, 1438.503393420773, 183.5873947325259, 136296.1304418125, 29874.64225990579, 189667.8334325625, 9212.068785177747, 0.0897915625, 0.003048652878091199, 5308.827152687499, 553.9577235133827, 2112.442134, 87.09269997541797, 0, 0, 1421, 0, 42.370131969451904, 1.430775587483929, 3858079, 0, 67646085.4375, 13460991.480967933, 103999936, 4564619.984438464, 175504100.4375, 13053454.730755929
39774, 0, 39774, 0, 0, 0, 0, fixed_reps_3, 25981.471550531685, 52.543169011559314, 111.3234931640327, 2.8275764763643703, 150526.89749412498, 14079.883216380047, inf, -nan, 199.86934673366838, 2.842170943040401e-14, 476.07978624667226, 72.23919443644031, 55023.693242437505, 14386.009793621664, 74093.4660215, 2532.8864334609634, 1.3915766250000001, 0.2094471413617512, 21191.317036750002, 2597.3641743394087, 217.0296168125, 7.2534958153957225, 0, 0, 597, 0, 183.39698028564453, 2.146527072768023, 15790279, 0, 27026025.875, 7656339.038330874, 45559221.625, 1226301.8007461946, 88375526.5, 7571675.246591016, 25695.011131361127, 67.41968691574289, 54.51018560305238, 1.6531885881353143, 152539.63764393752, 24478.878882282443, inf, -nan, 401.75757575757586, 1.1368683772161603e-13, 917.964579916649, 124.8653174887388, 103983.2952279375, 25038.18882374617, 38454.4101531875, 1836.769718098952, 0.329302, 0.028882131904951196, 9878.860295875, 1106.9373467809287, 222.74266493750002, 7.473963438554735, 0, 0, 297, 0, 95.17056608200073, 0.5437039141097679, 7835479, 0, 50453256.625, 11649617.395569073, 22123226.25, 957185.7725493717, 80411961.875, 11401622.440750344, 25460.972457803786, 63.56250248037411, 26.807161785662174, 1.2907260008550392, 161181.58351581253, 29892.429709395437, inf, -nan, 811.7142857142858, 1.1368683772161603e-13, 1438.503393420773, 183.5873947325259, 136296.1304418125, 29874.64225990579, 19349.7120545625, 890.8378595295225, 0.0810913125, 0.006877427441626975, 5308.827152687499, 553.9577235133827, 226.8327754375, 13.496668225581633, 0, 0, 147, 0, 47.66606330871582, 0.16440753452046827, 3858079, 0, 67646085.4375, 13460991.480967933, 10758658, 472202.06735570316, 82262822.4375, 13347210.255220307
39774, 0, 39774, 0, 0, 0, 0, fixed_reps_31, 25953.162471942604, 52.08246073495917, 83.01441457495093, 3.2124812226556214, 828825.96160575, 29660.627941959145, inf, -nan, 199.86934673366838, 2.842170943040401e-14, 476.07978624667226, 72.23919443644031, 55023.693242437505, 14386.009793621664, 750281.0891043125, 29305.914440546607, 1.329017375, 0.11874350964046151, 21191.317036750002, 2597.3641743394087, 2328.5332048749997, 22.24570067703603, 0, 0, 6169, 0, 114.23609972000122, 4.249967342935006, 15790279, 0, 27026025.875, 7656339.038330874, 470776766.125, 12671785.274377344, 513593071, 13796081.62844963, 25681.08990623802, 67.74701043766446, 40.588960479944944, 1.29683316387515, 514892.94596768747, 25809.424776863783, inf, -nan, 401.75757575757586, 1.1368683772161603e-13, 917.964579916649, 124.8653174887388, 103983.2952279375, 25038.18882374617, 398796.36554106255, 21376.52484385825, 0.333752875, 0.021922381468133762, 9878.860295875, 1106.9373467809287, 2234.0911499375, 90.32002209735583, 0, 0, 3069, 0, 75.40910959243774, 2.3182520377410385, 7835479, 0, 50453256.625, 11649617.395569073, 228605747.25, 9890919.649676839, 286894482.875, 12845426.703783147, 25454.18822521344, 63.87001268596757, 20.022929195314646, 0.8297558625855931, 345885.1692179375, 28880.11107032634, inf, -nan, 811.7142857142858, 1.1368683772161603e-13, 1438.503393420773, 183.5873947325259, 136296.1304418125, 29874.64225990579, 202036.24864399998, 10428.556247669618, 0.09024475000000001, 0.003983375382448909, 5308.827152687499, 553.9577235133827, 2243.8727346875003, 93.05192681980903, 0, 0, 1519, 0, 42.11997985839844, 1.3722551068479425, 3858079, 0, 67646085.4375, 13460991.480967933, 111172342, 4879421.362675599, 182676506.4375, 13083711.797857504
39774, 0, 39774, 0, 0, 0, 0, fixed_reps_33, 25952.36672623083, 52.21187598682635, 82.2186688631773, 3.1275845929680055, 877989.915055125, 28545.9349891323, inf, -nan, 199.86934673366838, 2.842170943040401e-14, 476.07978624667226, 72.23919443644031, 55023.693242437505, 14386.009793621664, 799276.4499805, 28775.52018590548, 1.3758031250000002, 0.17619754353880582, 21191.317036750002, 2597.3641743394087, 2497.0789923124994, 36.693790270338, 0, 0, 6567, 0, 110.8431453704834, 3.7304795147076537, 15790279, 0, 27026025.875, 7656339.038330874, 501149447.875, 13489319.80820814, 543965752.75, 14486456.552794624, 25680.64718375355, 67.74676151469455, 40.14623799547553, 1.3425841618012853, 539603.906636625, 26628.282376878444, inf, -nan, 401.75757575757586, 1.1368683772161603e-13, 917.964579916649, 124.8653174887388, 103983.2952279375, 25038.18882374617, 423369.72682206245, 23008.523779840445, 0.34049725, 0.01109042006925346, 9878.860295875, 1106.9373467809287, 2371.6837935, 95.46048425829366, 0, 0, 3267, 0, 74.1939435005188, 2.3924810605467073, 7835479, 0, 50453256.625, 11649617.395569073, 243354498.75, 10529043.498043086, 301643234.375, 13176250.939208342, 25453.91374000907, 63.86313141261149, 19.748443990945816, 0.8323530880077984, 358276.175999125, 29038.703504642923, inf, -nan, 811.7142857142858, 1.1368683772161603e-13, 1438.503393420773, 183.5873947325259, 136296.1304418125, 29874.64225990579, 214290.86770025, 11071.939101514488, 0.08920593750000001, 0.003198361777315652, 5308.827152687499, 553.9577235133827, 2380.2614984375, 102.75276369113787, 0, 0, 1617, 0, 41.7900664806366, 1.4493680329523253, 3858079, 0, 67646085.4375, 13460991.480967933, 118344748, 5194222.7409127345, 189848912.4375, 13121453.739063246
39774, 0, 39774, 0, 0, 0, 0, fixed_reps_35, 25951.747348014265, 52.25666558207114, 81.59929064661264, 3.1469591403444537, 922696.463664875, 29946.32444265278, inf, -nan, 199.86934673366838, 2.842170943040401e-14, 476.07978624667226, 72.23919443644031, 55023.693242437505, 14386.009793621664, 843826.3987259376, 30410.908644684532, 1.4309853125, 0.3229754051754015, 21191.317036750002, 2597.3641743394087, 2653.6236744375, 34.883446481806516, 0, 0, 6965, 0, 107.82069635391235, 3.727197560480106, 15790279, 0, 27026025.875, 7656339.038330874, 531522129.625, 14306854.342038939, 574338434.5, 15189460.294598324, 25680.11199299991, 67.60745271026838, 39.611047241836786, 1.4949545397503607, 564171.20242475, 27045.14789322479, inf, -nan, 401.75757575757586, 1.1368683772161603e-13, 917.964579916649, 124.8653174887388, 103983.2952279375, 25038.18882374617, 447792.09936250007, 24314.203451339967, 0.33230331249999995, 0.022491011717791703, 9878.860295875, 1106.9373467809287, 2516.6152351250003, 103.86102192222543, 0, 0, 3465, 0, 73.19381475448608, 2.326490760396676, 7835479, 0, 50453256.625, 11649617.395569073, 258103250.25, 11167167.346409334, 316391985.875, 13529101.763066897, 25453.6717540659, 63.887909307213356, 19.506458047777414, 0.8215850517279346, 370615.1409753125, 28936.367579483347, inf, -nan, 811.7142857142858, 1.1368683772161603e-13, 1438.503393420773, 183.5873947325259, 136296.1304418125, 29874.64225990579, 226494.295247625, 11842.601929653438, 0.08824299999999999, 0.005986449960118267, 5308.827152687499, 553.9577235133827, 2515.7998901875003, 110.71814118900055, 0, 0, 1715, 0, 41.47060966491699, 1.558888629977756, 3858079, 0, 67646085.4375, 13460991.480967933, 125517154, 5509024.11914987, 197021318.4375, 13166616.188635489
39774, 0, 39774, 0, 0, 0, 0, fixed_reps_37, 25950.95393211022, 52.27946665762096, 80.80587474256754, 3.126683305731675, 967405.2252004999, 32561.69322474986, inf, -nan, 199.86934673366838, 2.842170943040401e-14, 476.07978624667226, 72.23919443644031, 55023.693242437505, 14386.009793621664, 888397.822869125, 32806.60617311469, 1.3847530624999997, 0.3770212849519356, 21191.317036750002, 2597.3641743394087, 2791.007299125, 33.429774442679395, 0, 0, 7363, 0, 105.00780773162842, 3.8651390732518687, 15790279, 0, 27026025.875, 7656339.038330874, 561894811.375, 15124388.87586973, 604711116.25, 15903418.187747054, 25679.697913512588, 67.59945734653417, 39.196967754513025, 1.568320188035356, 588635.7247614374, 28802.420787623312, inf, -nan, 401.75757575757586, 1.1368683772161603e-13, 917.964579916649, 124.8653174887388, 103983.2952279375, 25038.18882374617, 472123.75182199996, 26081.75673272562, 0.33860687500000003, 0.011642670767885475, 9878.860295875, 1106.9373467809287, 2649.47880875, 108.00877640148485, 0, 0, 3663, 0, 72.14761400222778, 2.5544853077012726, 7835479, 0, 50453256.625, 11649617.395569073, 272852001.75, 11805291.194775581, 331140737.375, 13902302.12265431, 25453.447879053652, 63.95283721203086, 19.28258303552866, 0.7354305500102887, 382995.98267362494, 28901.335669012584, inf, -nan, 811.7142857142858, 1.1368683772161603e-13, 1438.503393420773, 183.5873947325259, 136296.1304418125, 29874.64225990579, 238740.28119500008, 12544.974888680974, 0.08948149999999999, 0.002323092281851929, 5308.827152687499, 553.9577235133827, 2650.654402625, 116.18068646843079, 0, 0, 1813, 0, 41.20392465591431, 1.55150074510536, 3858079, 0, 67646085.4375, 13460991.480967933, 132689560, 5823825.497387005, 204193724.4375, 13219123.091445187
39774, 0, 39774, 0, 0, 0, 0, fixed_reps_39, 25950.336611263454, 52.23299357656526, 80.1885538958013, 3.1933313100425695, 1015196.3653236876, 34468.24307741346, inf, -nan, 199.86934673366838, 2.842170943040401e-14, 476.07978624667226, 72.23919443644031, 55023.693242437505, 14386.009793621664, 936043.0494579999, 34836.06296300829, 1.3584337499999999, 0.15398620788503267, 21191.317036750002, 2597.3641743394087, 2936.94715275, 44.51259155713109, 0, 0, 7761, 0, 102.63852071762085, 3.9752532230550366, 15790279, 0, 27026025.875, 7656339.038330874, 592267493.125, 15941923.409700528, 635083798, 16626919.182324799, 25679.288193721324, 67.64052734436083, 38.78724796324968, 1.5815295600788324, 612744.3673934999, 30211.483373244617, inf, -nan, 401.75757575757586, 1.1368683772161603e-13, 917.964579916649, 124.8653174887388, 103983.2952279375, 25038.18882374617, 496090.17059699993, 27944.345446082527, 0.33707818749999996, 0.016027552371692427, 9878.860295875, 1106.9373467809287, 2791.7041945, 125.81831701103906, 0, 0, 3861, 0, 71.18302774429321, 2.6411118485620806, 7835479, 0, 50453256.625, 11649617.395569073, 287600753.25, 12443415.04314183, 345889488.875, 14294258.224735014, 25453.16755235195, 63.8508197233073, 19.002256333827972, 0.843988348706817, 395299.89280800003, 28929.01221695844, inf, -nan, 811.7142857142858, 1.1368683772161603e-13, 1438.503393420773, 183.5873947325259, 136296.1304418125, 29874.64225990579, 250905.38407981253, 13174.816961739845, 0.08887587500000001, 0.006116477130209432, 5308.827152687499, 553.9577235133827, 2789.4622578124995, 121.56944118465559, 0, 0, 1911, 0, 40.87196111679077, 1.6769822616329717, 3858079, 0, 67646085.4375, 13460991.480967933, 139861966, 6138626.875624141, 211366130.4375, 13278887.32425276
39774, 0, 39774, 0, 0, 0, 0, fixed_reps_41, 25949.729953177273, 52.177417683452475, 79.58189580962062, 3.177281598759588, 1059464.904951125, 34970.335645415806, inf, -nan, 199.86934673366838, 2.842170943040401e-14, 476.07978624667226, 72.23919443644031, 55023.693242437505, 14386.009793621664, 980152.242366, 35379.960719084294, 1.3125740000000004, 0.11223972194871565, 21191.317036750002, 2597.3641743394087, 3096.3397319375, 46.15699810609152, 0, 0, 8159, 0, 99.81204652786255, 3.9139675450315696, 15790279, 0, 27026025.875, 7656339.038330874, 622640174.875, 16759457.943531325, 665456479.75, 17358770.070623346, 25678.85846299678, 67.57236050249209, 38.35751723870635, 1.558911948236887, 637839.6131630624, 29873.31315921486, inf, -nan, 401.75757575757586, 1.1368683772161603e-13, 917.964579916649, 124.8653174887388, 103983.2952279375, 25038.18882374617, 521052.58376218757, 29014.535390061184, 0.33849037499999995, 0.017841804676359815, 9878.860295875, 1106.9373467809287, 2924.5353866875002, 133.3253868363005, 0, 0, 4059, 0, 70.17632246017456, 2.690270803625306, 7835479, 0, 50453256.625, 11649617.395569073, 302349504.75, 13081538.891508078, 360638240.375, 14703470.208524186, 25452.94563313946, 63.82304324346817, 18.780337121337652, 0.8597552909139873, 407229.2919736251, 29080.423866428144, inf, -nan, 811.7142857142858, 1.1368683772161603e-13, 1438.503393420773, 183.5873947325259, 136296.1304418125, 29874.64225990579, 262703.15081450006, 13808.916473601923, 0.089201625, 0.0024985625836418442, 5308.827152687499, 553.9577235133827, 2921.094363, 120.29637999275401, 0, 0, 2009, 0, 40.51432418823242, 1.6951261533225135, 3858079, 0, 67646085.4375, 13460991.480967933, 147034372, 6453428.253861276, 218538536.4375, 13345811.389687097
39774, 0, 39774, 0, 0, 0, 0, fixed_reps_5, 25976.52952941507, 52.62761212502283, 106.38147204741836, 2.785808076704194, 205991.55666575002, 14333.504539179754, inf, -nan, 199.86934673366838, 2.842170943040401e-14, 476.07978624667226, 72.23919443644031, 55023.693242437505, 14386.009793621664, 129398.39697825, 4173.730587132123, 1.4535325000000003, 0.3998716122665187, 21191.317036750002, 2597.3641743394087, 376.69587581249993, 9.077174120228602, 0, 0, 995, 0, 175.28223991394043, 2.0839009378030027, 15790279, 0, 27026025.875, 7656339.038330874, 75931903.375, 2043836.334576991, 118748208.25, 7625068.209847948, 25692.559883266687, 67.62869282314516, 52.05893750861287, 1.7220813497243599, 182079.086459, 24021.405530377346, inf, -nan, 401.75757575757586, 1.1368683772161603e-13, 917.964579916649, 124.8653174887388, 103983.2952279375, 25038.18882374617, 67837.11815793748, 3165.1118159534703, 0.345202375, 0.02054593429633647, 9878.860295875, 1106.9373467809287, 379.467574875, 12.913894089504598, 0, 0, 495, 0, 92.02275371551514, 1.0955767243462942, 7835479, 0, 50453256.625, 11649617.395569073, 36871977.75, 1595309.6209156194, 95160713.375, 11278472.35259459, 25459.97581441328, 63.61704304692964, 25.81051839515567, 1.2988334890488393, 176004.80392518753, 29824.96015304575, inf, -nan, 811.7142857142858, 1.1368683772161603e-13, 1438.503393420773, 183.5873947325259, 136296.1304418125, 29874.64225990579, 34017.4325429375, 1443.4368683831942, 0.0889805625, 0.005235210632925264, 5308.827152687499, 553.9577235133827, 382.3248071875, 22.95601067509042, 0, 0, 245, 0, 46.62548828125, 0.4254163679425591, 3858079, 0, 67646085.4375, 13460991.480967933, 17931064, 787003.4455928386, 89435228.4375, 13280145.255128777
39774, 0, 39774, 0, 0, 0, 0, fixed_reps_7, 25972.90273765102, 52.67267772038737, 102.75468028336763, 3.0058367990670227, 259202.92231824994, 14290.493543558283, inf, -nan, 199.86934673366838, 2.842170943040401e-14, 476.07978624667226, 72.23919443644031, 55023.693242437505, 14386.009793621664, 182446.49838437498, 5761.51285647692, 1.3428979375, 0.11416653725012242, 21191.317036750002, 2597.3641743394087, 540.07075675, 8.468973561013824, 0, 0, 1393, 0, 169.12075233459473, 2.365723446419694, 15790279, 0, 27026025.875, 7656339.038330874, 106304585.125, 2861370.8684077873, 149120890, 7764650.011290939, 25690.852375332266, 67.732748502486, 50.35142957419157, 1.4365411653520384, 211578.6206598125, 23238.181780420244, inf, -nan, 401.75757575757586, 1.1368683772161603e-13, 917.964579916649, 124.8653174887388, 103983.2952279375, 25038.18882374617, 97176.93762125, 4841.069134325946, 0.34453306250000004, 0.01896762137653516, 9878.860295875, 1106.9373467809287, 539.1829816875, 18.984415339975946, 0, 0, 693, 0, 90.41506671905518, 1.0681944167857607, 7835479, 0, 50453256.625, 11649617.395569073, 51620729.25, 2233433.469281867, 109909464.875, 11190410.494113546, 25459.32645669952, 63.74719985442424, 25.161160681396723, 1.325954316484774, 191253.94223249998, 29786.354636655906, inf, -nan, 811.7142857142858, 1.1368683772161603e-13, 1438.503393420773, 183.5873947325259, 136296.1304418125, 29874.64225990579, 49106.404745, 2040.1575316896963, 0.09046468749999999, 0.006712504727360999, 5308.827152687499, 553.9577235133827, 542.4894283125, 27.55686496022402, 0, 0, 343, 0, 45.956560134887695, 0.5716636851001987, 3858079, 0, 67646085.4375, 13460991.480967933, 25103470, 1101804.823829974, 96607634.4375, 13220238.054326428
39774, 0, 39774, 0, 0, 0, 0, fixed_reps_9, 25969.958088014275, 52.47228840878371, 99.81003064662218, 3.21658479080195, 310730.02610006253, 15463.475396987118, inf, -nan, 199.86934673366838, 2.842170943040401e-14, 476.07978624667226, 72.23919443644031, 55023.693242437505, 14386.009793621664, 233818.719928, 7425.635456053642, 1.3392687499999998, 0.15757035341058767, 21191.317036750002, 2597.3641743394087, 694.956624125, 10.693254177895264, 0, 0, 1791, 0, 162.76801681518555, 2.823568980248397, 15790279, 0, 27026025.875, 7656339.038330874, 136677266.875, 3678905.4022385827, 179493571.75, 7985902.567578619, 25689.43322937563, 67.86438984855235, 48.932283617556095, 1.434264198973091, 239042.63562656246, 23150.89302909104, inf, -nan, 401.75757575757586, 1.1368683772161603e-13, 917.964579916649, 124.8653174887388, 103983.2952279375, 25038.18882374617, 124486.4484944375, 6036.789736018909, 0.34653218750000003, 0.009524322011426523, 9878.860295875, 1106.9373467809287, 693.6850761249999, 23.962048506586697, 0, 0, 891, 0, 89.07012224197388, 1.124931144970691, 7835479, 0, 50453256.625, 11649617.395569073, 66369480.75, 2871557.317648115, 124658216.375, 11138269.144575395, 25458.579824961722, 63.823222475218806, 24.41452894359827, 1.160071716266703, 205836.27368987506, 29572.886961510056, inf, -nan, 811.7142857142858, 1.1368683772161603e-13, 1438.503393420773, 183.5873947325259, 136296.1304418125, 29874.64225990579, 63528.1369178125, 2883.4745938470555, 0.0914841875, 0.004680541023999655, 5308.827152687499, 553.9577235133827, 703.087693375, 30.77556716726892, 0, 0, 441, 0, 45.382123708724976, 0.6985201366170096, 3858079, 0, 67646085.4375, 13460991.480967933, 32275876, 1416606.2020671093, 103780040.4375, 13167586.348465001
39774, 0, 39774, 0, 0, 0, 0, greedy_1.000000, 25991.913433760405, 53.34729787915035, 121.76537639275193, 2.5372183745484476, 99640.29742249998, 14084.021372467556, inf, -nan, 199.86934673366838, 2.842170943040401e-14, 476.07978624667226, 72.23919443644031, 55023.693242437505, 14386.009793621664, 23347.137269062503, 887.9737642776623, 1.2132351875, 0.10303013165466376, 21191.317036750002, 2597.3641743394087, 76.9271450625, 3.6645886422451555, 0.009493999999999999, 0.0006378796908508686, 199, 0, 195.14803504943848, 0.6848035750501535, 15790279, 0, 27026025.875, 7656339.038330874, 15186539.875, 408767.2669153982, 58002844.75, 7606286.367397449, 25700.414719764143, 67.62218170744156, 59.91377400606871, 2.0272563856303303, 125798.29812356246, 24849.926966249634, inf, -nan, 401.75757575757586, 1.1368683772161603e-13, 917.964579916649, 124.8653174887388, 103983.2952279375, 25038.18882374617, 11861.4943416875, 757.1635902577445, 0.30628431249999993, 0.02133825438537192, 9878.860295875, 1106.9373467809287, 74.337795375, 4.775391756278037, 0.004178375, 0.00025030777929381265, 99, 0, 97.78194236755371, 0.22949569843243156, 7835479, 0, 50453256.625, 11649617.395569073, 7374474.75, 319061.9241831239, 65663210.375, 11558739.293119764, 25464.149324130267, 63.49139738659792, 29.984028112143278, 1.2646782189709898, 147447.01895125004, 29922.783309529364, inf, -nan, 811.7142857142858, 1.1368683772161603e-13, 1438.503393420773, 183.5873947325259, 136296.1304418125, 29874.64225990579, 5768.4142855625, 414.44896037258195, 0.078538625, 0.0035217023915110994, 5308.827152687499, 553.9577235133827, 73.56645875000001, 5.721734925212045, 0.0020738125, 0.0001913773166907458, 49, 0, 48.361096143722534, 0.1129827567388277, 3858079, 0, 67646085.4375, 13460991.480967933, 3586252, 157400.6891185677, 75090416.4375, 13421325.754644243
39774, 0, 39774, 0, 0, 0, 0, greedy_11.000000, 25976.17680061981, 52.454665613856804, 106.02874325215816, 3.760248804849943, 396925.840537375, 22905.59853248266, inf, -nan, 199.86934673366838, 2.842170943040401e-14, 476.07978624667226, 72.23919443644031, 55023.693242437505, 14386.009793621664, 181241.27996225, 14787.594694592088, 1.467465, 0.1734854825190713, 21191.317036750002, 2597.3641743394087, 139467.477880125, 2091.745482952828, 0.6049508124999999, 0.08971003643351365, 2189, 0, 174.4465847015381, 2.2751073105967103, 15790279, 0, 27026025.875, 7656339.038330874, 182792099.0625, 3622662.150151882, 225608403.9375, 7922238.348000854, 25692.96128768474, 67.42383769671123, 52.460341926664114, 1.9133599717494552, 275645.689779, 23489.55044500449, inf, -nan, 401.75757575757586, 1.1368683772161603e-13, 917.964579916649, 124.8653174887388, 103983.2952279375, 25038.18882374617, 90220.32178750001, 5126.620221579345, 0.3569442500000001, 0.008999377141641531, 9878.860295875, 1106.9373467809287, 71562.7035873125, 1283.803750219417, 0.151936125, 0.0104598386751123, 1089, 0, 93.33330631256104, 1.1840977819794798, 7835479, 0, 50453256.625, 11649617.395569073, 87835098.0625, 2966009.5729930317, 146123833.6875, 10926583.963785872, 25460.05344916135, 63.85926822988062, 25.8881531432271, 0.8048330589329125, 217617.88738262496, 29952.46298889691, inf, -nan, 811.7142857142858, 1.1368683772161603e-13, 1438.503393420773, 183.5873947325259, 136296.1304418125, 29874.64225990579, 40330.124306812504, 2466.8728599955184, 0.0960565, 0.0039030715148457118, 5308.827152687499, 553.9577235133827, 35682.66951387501, 737.5316242417622, 0.0399109375, 0.0033212885200767715, 539, 0, 47.13522791862488, 0.8478990745916711, 3858079, 0, 67646085.4375, 13460991.480967933, 42375494.75, 1693404.0154479342, 113879659.1875, 13172971.784868313
39774, 0, 39774, 0, 0, 0, 0, greedy_13.000000, 25975.40714094788, 52.44204337882631, 105.2590835802257, 4.097895237328692, 447804.342716125, 27248.92952591284, inf, -nan, 199.86934673366838, 2.842170943040401e-14, 476.07978624667226, 72.23919443644031, 55023.693242437505, 14386.009793621664, 205301.34949500003, 19272.585640637786, 1.3947300000000005, 0.20703592334966897, 21191.317036750002, 2597.3641743394087, 166285.9591268125, 3693.1792926192593, 0.6290851249999998, 0.013220711827824371, 2587, 0, 174.4311399459839, 2.2807708431183347, 15790279, 0, 27026025.875, 7656339.038330874, 213369344.5625, 4411076.056404363, 256185649.4375, 8197477.874003413, 25692.47276135534, 67.32480443862624, 51.97181559726596, 1.9629679514416758, 303269.460623375, 24133.5254823904, inf, -nan, 401.75757575757586, 1.1368683772161603e-13, 917.964579916649, 124.8653174887388, 103983.2952279375, 25038.18882374617, 103382.42564900001, 6247.870053459357, 0.348919875, 0.029105023780000162, 9878.860295875, 1106.9373467809287, 86024.3626564375, 1208.2503840975894, 0.16787425, 0.008468347156470383, 1287, 0, 93.31849431991577, 1.184340156545173, 7835479, 0, 50453256.625, 11649617.395569073, 102675866.3125, 3586738.820973547, 160964601.9375, 10921111.738452693, 25459.625587545335, 63.89149665974404, 25.460291527211666, 0.838780360047554, 231107.51775675005, 29876.8546281967, inf, -nan, 811.7142857142858, 1.1368683772161603e-13, 1438.503393420773, 183.5873947325259, 136296.1304418125, 29874.64225990579, 46654.3621138125, 2720.8508438819003, 0.0932643125, 0.006985226667034058, 5308.827152687499, 553.9577235133827, 42848.06008831249, 887.7613438783994, 0.044695812499999994, 0.0029820480424271752, 637, 0, 47.12136793136597, 0.8477972717395725, 3858079, 0, 67646085.4375, 13460991.480967933, 49638721.875, 1995613.450513459, 121142886.3125, 13136146.948574826
39774, 0, 39774, 0, 0, 0, 0, greedy_15.000000, 25974.621038645506, 52.53684432479151, 104.47298127785325, 4.419364082204563, 499951.85398337495, 29388.85787771204, inf, -nan, 199.86934673366838, 2.842170943040401e-14, 476.07978624667226, 72.23919443644031, 55023.693242437505, 14386.009793621664, 229525.777737375, 22741.355977683455, 1.3988581250000003, 0.34625177396420564, 21191.317036750002, 2597.3641743394087, 194208.94749962498, 4445.5243888390605, 0.7196090624999999, 0.01891632959068947, 2985, 0, 174.38330173492432, 2.3218507610677683, 15790279, 0, 27026025.875, 7656339.038330874, 243946590.0625, 5217200.788782159, 286762894.9375, 8547696.047524162, 25691.898245316, 67.32120795668386, 51.39729955792427, 2.03791597999736, 329877.40526399994, 24513.799921978967, inf, -nan, 401.75757575757586, 1.1368683772161603e-13, 917.964579916649, 124.8653174887388, 103983.2952279375, 25038.18882374617, 115992.8680035625, 7952.328856133018, 0.35441975, 0.021090389403410736, 9878.860295875, 1106.9373467809287, 100021.83422475003, 1408.3064621990823, 0.19309212499999998, 0.009033684034455435, 1485, 0, 93.3026385307312, 1.1856571461052574, 7835479, 0, 50453256.625, 11649617.395569073, 117516634.5625, 4210477.128722586, 175805370.1875, 10952034.778464716, 25459.336933191866, 63.7884844880017, 25.171637173742056, 0.676314640214017, 244613.73357887496, 29789.776540872128, inf, -nan, 811.7142857142858, 1.1368683772161603e-13, 1438.503393420773, 183.5873947325259, 136296.1304418125, 29874.64225990579, 52966.95048975001, 3131.171690805026, 0.0896839375, 0.008197647036411956, 5308.827152687499, 553.9577235133827, 50041.68444925001, 914.6258380864085, 0.0513614375, 0.004931828045572326, 735, 0, 47.10924315452576, 0.8474932406074294, 3858079, 0, 67646085.4375, 13460991.480967933, 56901949, 2304909.7411320144, 128406113.4375, 13107433.297588311
39774, 0, 39774, 0, 0, 0, 0, greedy_17.000000, 25974.117617141455, 52.516028367106834, 103.96955977380276, 4.714221863483335, 552486.8119983126, 33981.424183864794, inf, -nan, 199.86934673366838, 2.842170943040401e-14, 476.07978624667226, 72.23919443644031, 55023.693242437505, 14386.009793621664, 254063.33066731255, 27736.491422142168, 1.3692406875, 0.11894794494269265, 21191.317036750002, 2597.3641743394087, 222206.279272875, 4336.368973214408, 0.82253825, 0.018568593213744006, 3383, 0, 174.37180709838867, 2.321191076636592, 15790279, 0, 27026025.875, 7656339.038330874, 274523835.5625, 6033942.106069547, 317340140.4375, 8964109.164930409, 25691.42006239295, 67.29939014174313, 50.919116634875536, 2.200696236598135, 356782.6416975, 24874.890021761184, inf, -nan, 401.75757575757586, 1.1368683772161603e-13, 917.964579916649, 124.8653174887388, 103983.2952279375, 25038.18882374617, 128650.19368262499, 9362.872816589577, 0.3537125, 0.023206008249481422, 9878.860295875, 1106.9373467809287, 114269.7135656875, 1818.3793378626667, 0.22521287499999998, 0.01142318603693274, 1683, 0, 93.2883415222168, 1.1860553205213193, 7835479, 0, 50453256.625, 11649617.395569073, 132357402.8125, 4836060.342048903, 190646138.4375, 11019046.677115811, 25459.065030347556, 63.796045808476876, 24.89973432943225, 0.622364041746237, 257878.172702125, 29573.08139880366, inf, -nan, 811.7142857142858, 1.1368683772161603e-13, 1438.503393420773, 183.5873947325259, 136296.1304418125, 29874.64225990579, 59144.160798875004, 3504.3473569266007, 0.0918241875, 0.009819614097679388, 5308.827152687499, 553.9577235133827, 57128.9039214375, 1112.9836657099993, 0.05856312500000001, 0.0051933413362087975, 833, 0, 47.098416328430176, 0.8476316170145892, 3858079, 0, 67646085.4375, 13460991.480967933, 64165176.125, 2618783.070859485, 135669340.5625, 13086884.221748956
39774, 0, 39774, 0, 0, 0, 0, greedy_19.000000, 25973.455181267112, 52.49666945837536, 103.30712389945984, 5.271074130589759, 601979.159760875, 36815.22350431512, inf, -nan, 199.86934673366838, 2.842170943040401e-14, 476.07978624667226, 72.23919443644031, 55023.693242437505, 14386.009793621664, 277306.1035661875, 31316.85222028823, 1.488177, 0.36363916262811274, 21191.317036750002, 2597.3641743394087, 248455.30415218754, 4780.4525994887945, 1.2535863125, 0.09871915997522894, 3781, 0, 174.3556718826294, 2.3192380990468506, 15790279, 0, 27026025.875, 7656339.038330874, 305101081.0625, 6857507.694649223, 347917385.9375, 9437959.509055072, 25690.916487205774, 67.2030538515148, 50.41554144769907, 2.3775325840855324, 383245.523700875, 25547.374670374636, inf, -nan, 401.75757575757586, 1.1368683772161603e-13, 917.964579916649, 124.8653174887388, 103983.2952279375, 25038.18882374617, 141059.82766462502, 10529.134973294715, 0.3457131875, 0.027295396631618007, 9878.860295875, 1106.9373467809287, 128322.94545781249, 2089.5808320307665, 0.24934143750000004, 0.016249785052304348, 1881, 0, 93.23803377151489, 1.1683961466823198, 7835479, 0, 50453256.625, 11649617.395569073, 147198171.0625, 5462854.685162802, 205486906.6875, 11121495.099807318, 25458.808156546205, 63.860875213738765, 24.642860528081656, 0.6304087983512089, 271586.8079205625, 29785.806385455573, inf, -nan, 811.7142857142858, 1.1368683772161603e-13, 1438.503393420773, 183.5873947325259, 136296.1304418125, 29874.64225990579, 65660.027512875, 3977.7863284811256, 0.09165118750000002, 0.00844687150087793, 5308.827152687499, 553.9577235133827, 64321.66809431252, 1197.7583021393145, 0.06306768750000001, 0.0034921145048299545, 931, 0, 47.08580684661865, 0.8473439059844619, 3858079, 0, 67646085.4375, 13460991.480967933, 71428403.25, 2935765.7631758, 142932567.6875, 13074538.217572225
39774, 0, 39774, 0, 0, 0, 0, greedy_21.000000, 25972.565937075764, 52.31543103328041, 102.41787970811129, 6.196801750655045, 652263.0552385, 41122.844504482426, inf, -nan, 199.86934673366838, 2.842170943040401e-14, 476.07978624667226, 72.23919443644031, 55023.693242437505, 14386.009793621664, 300474.316859125, 34433.88965980096, 1.36040725, 0.10568043305911695, 21191.317036750002, 2597.3641743394087, 275571.31992250006, 6685.623202660719, 1.0477704375, 0.06884630274202161, 4179, 0, 174.3097438812256, 2.2998609323738135, 15790279, 0, 27026025.875, 7656339.038330874, 335678326.5625, 7685704.092585932, 378494631.4375, 9961053.530735655, 25690.44970214367, 67.31406035237302, 49.948756385594606, 2.410321335573925, 410339.74355268746, 26061.953265041546, inf, -nan, 401.75757575757586, 1.1368683772161603e-13, 917.964579916649, 124.8653174887388, 103983.2952279375, 25038.18882374617, 153953.7996519375, 12419.147323640991, 0.35631256250000004, 0.007813927157396186, 9878.860295875, 1106.9373467809287, 142523.16349318752, 2473.6442569859637, 0.2685711875, 0.013657902635556588, 2079, 0, 93.22376298904419, 1.17665958644879, 7835479, 0, 50453256.625, 11649617.395569073, 162038939.3125, 6090486.244077488, 220327674.9375, 11258412.700573927, 25458.57612697035, 63.87000607967572, 24.410830952227116, 0.6729389445113741, 284705.594158625, 29312.48451353566, inf, -nan, 811.7142857142858, 1.1368683772161603e-13, 1438.503393420773, 183.5873947325259, 136296.1304418125, 29874.64225990579, 71740.03764012501, 4363.684610040943, 0.09143943750000001, 0.010275794823082728, 5308.827152687499, 553.9577235133827, 71360.43712075001, 1290.2349688339339, 0.07036381250000001, 0.0048545392317236175, 1029, 0, 47.07441067695618, 0.846534752546356, 3858079, 0, 67646085.4375, 13460991.480967933, 78691630.375, 3254949.5306087476, 150195794.8125, 13070418.530353634
39774, 0, 39774, 0, 0, 0, 0, greedy_23.000000, 25972.016981758177, 52.37311957524024, 101.86892439052463, 6.704672784230875, 699289.991599125, 47128.24644250171, inf, -nan, 199.86934673366838, 2.842170943040401e-14, 476.07978624667226, 72.23919443644031, 55023.693242437505, 14386.009793621664, 320946.198139375, 41020.14102121806, 1.4576346875000001, 0.36123810951948976, 21191.317036750002, 2597.3641743394087, 302126.1859728749, 8003.167659979593, 1.139573, 0.08225398677267869, 4577, 0, 174.24532413482666, 2.274953543384397, 15790279, 0, 27026025.875, 7656339.038330874, 366255572.0625, 8517180.530507468, 409071876.9375, 10526052.268711377, 25690.03845639527, 67.31512325992803, 49.53751063719392, 2.5836795585702723, 437006.78513387503, 26318.986543436742, inf, -nan, 401.75757575757586, 1.1368683772161603e-13, 917.964579916649, 124.8653174887388, 103983.2952279375, 25038.18882374617, 166564.8192389375, 14445.862075647148, 0.35679793749999994, 0.010658973364428389, 9878.860295875, 1106.9373467809287, 156579.116806625, 2610.584067946596, 0.3367665625, 0.05873421911561517, 2277, 0, 93.17258024215698, 1.252349373625211, 7835479, 0, 50453256.625, 11649617.395569073, 176879707.5625, 6718720.396490233, 235168443.1875, 11428560.693135215, 25458.369353175163, 63.84941101048946, 24.204057157039642, 0.7766087567595075, 297879.25334525004, 29328.858658628687, inf, -nan, 811.7142857142858, 1.1368683772161603e-13, 1438.503393420773, 183.5873947325259, 136296.1304418125, 29874.64225990579, 77954.38503131249, 4834.790395985217, 0.09229162499999999, 0.009846759326518293, 5308.827152687499, 553.9577235133827, 78319.74262556249, 1021.2856050996267, 0.07580225, 0.006968012274852853, 1127, 0, 47.061219215393066, 0.8475758233809734, 3858079, 0, 67646085.4375, 13460991.480967933, 85954857.5, 3575744.9942557425, 157459021.9375, 13074532.936247725
39774, 0, 39774, 0, 0, 0, 0, greedy_25.000000, 25971.535151537508, 52.70490555088572, 101.38709416985512, 7.038242695403985, 753738.47090275, 51923.41329111194, inf, -nan, 199.86934673366838, 2.842170943040401e-14, 476.07978624667226, 72.23919443644031, 55023.693242437505, 14386.009793621664, 348689.94966006256, 43980.818085729516, 1.3124541875, 0.10451059007656754, 21191.317036750002, 2597.3641743394087, 328830.98129850003, 9690.487410411904, 1.2172108124999999, 0.043276549636059744, 4975, 0, 174.19595909118652, 2.2966514303105563, 15790279, 0, 27026025.875, 7656339.038330874, 396832817.5625, 9351062.086926984, 439649122.4375, 11126573.886823881, 25689.659145362675, 67.45679036163868, 49.15819960460067, 2.796389564493807, 461857.8751813751, 26766.603505454477, inf, -nan, 401.75757575757586, 1.1368683772161603e-13, 917.964579916649, 124.8653174887388, 103983.2952279375, 25038.18882374617, 178264.23195381247, 16380.947912885056, 0.360616375, 0.04573432112056957, 9878.860295875, 1106.9373467809287, 169730.8061261875, 3125.756622198112, 0.32096118749999997, 0.013485769996642525, 2475, 0, 93.15782070159912, 1.2602368093259206, 7835479, 0, 50453256.625, 11649617.395569073, 191720475.8125, 7347402.571110114, 250009211.4375, 11630480.737945924, 25458.163183327764, 63.87035463933697, 23.997887309640646, 0.8201495878422489, 311555.4569515625, 29556.73122081719, inf, -nan, 811.7142857142858, 1.1368683772161603e-13, 1438.503393420773, 183.5873947325259, 136296.1304418125, 29874.64225990579, 84381.7213989375, 5213.120024012354, 0.09198112500000001, 0.009509300144299525, 5308.827152687499, 553.9577235133827, 85568.60297768751, 1381.055278277022, 0.08299931249999999, 0.005371281582624742, 1225, 0, 47.01245594024658, 0.8357925232828365, 3858079, 0, 67646085.4375, 13460991.480967933, 93218084.625, 3897754.233868505, 164722249.0625, 13086873.6690625
39774, 0, 39774, 0, 0, 0, 0, greedy_27.000000, 25971.239588614553, 52.95497093426178, 101.09153124690056, 7.202647350458045, 803863.20710375, 56975.4733735072, inf, -nan, 199.86934673366838, 2.842170943040401e-14, 476.07978624667226, 72.23919443644031, 55023.693242437505, 14386.009793621664, 369719.77078568755, 48905.76309614855, 1.305378875, 0.09033911670123511, 21191.317036750002, 2597.3641743394087, 357925.7801875, 9825.792183754133, 1.3404724999999997, 0.1049204024874333, 5373, 0, 174.19015884399414, 2.301618254390151, 15790279, 0, 27026025.875, 7656339.038330874, 427410063.0625, 10186758.134544844, 470226367.9375, 11757176.43518642, 25689.311197586358, 67.48311209181153, 48.81025182828307, 2.982682896476786, 488083.12959887495, 26815.317754167485, inf, -nan, 401.75757575757586, 1.1368683772161603e-13, 917.964579916649, 124.8653174887388, 103983.2952279375, 25038.18882374617, 190567.0858348125, 18103.76305031161, 0.34927824999999996, 0.020861741356787547, 9878.860295875, 1106.9373467809287, 183653.1578079375, 2998.024239342595, 0.38115406250000006, 0.08287613676027977, 2673, 0, 93.13140153884888, 1.2764887422993894, 7835479, 0, 50453256.625, 11649617.395569073, 206561244.0625, 7976426.832643929, 264849979.6875, 11862550.508790758, 25457.90921236202, 63.874181885045914, 23.74391634389758, 0.9536619191369997, 324879.977801875, 29758.786996735846, inf, -nan, 811.7142857142858, 1.1368683772161603e-13, 1438.503393420773, 183.5873947325259, 136296.1304418125, 29874.64225990579, 90659.7950759375, 5803.934022285897, 0.09469762500000001, 0.006387129136738587, 5308.827152687499, 553.9577235133827, 92615.03847574999, 1571.189001738679, 0.0919580625, 0.007028463145211316, 1323, 0, 47.00034141540527, 0.8421375942233611, 3858079, 0, 67646085.4375, 13460991.480967933, 100481311.75, 4220699.451263343, 171985476.1875, 13107417.493371313
39774, 0, 39774, 0, 0, 0, 0, greedy_29.000000, 25970.91388310492, 53.251396234677244, 100.76582573726773, 7.420369514616748, 854388.2904613126, 62470.82937215491, inf, -nan, 199.86934673366838, 2.842170943040401e-14, 476.07978624667226, 72.23919443644031, 55023.693242437505, 14386.009793621664, 393081.90963556245, 52930.12687828913, 1.31527775, 0.10568691880591233, 21191.317036750002, 2597.3641743394087, 385088.6365544375, 12457.450160037497, 1.418714375, 0.06853851505437929, 5771, 0, 174.1818027496338, 2.308557344158283, 15790279, 0, 27026025.875, 7656339.038330874, 457987308.5625, 11023856.02245024, 500803613.4375, 12413276.367305249, 25688.99166647345, 67.56600365437188, 48.490720715373755, 3.0047365425409653, 514278.1950055, 27594.313016272903, inf, -nan, 401.75757575757586, 1.1368683772161603e-13, 917.964579916649, 124.8653174887388, 103983.2952279375, 25038.18882374617, 202893.28193893752, 19623.65002110887, 0.3441151250000001, 0.02538957029440189, 9878.860295875, 1106.9373467809287, 197522.0149946875, 4170.959780366551, 0.39843293750000003, 0.06701493939177736, 2871, 0, 93.11162042617798, 1.2703213812770702, 7835479, 0, 50453256.625, 11649617.395569073, 221402012.3125, 8605718.168166645, 279690747.9375, 12123038.672309738, 25457.679118588567, 63.90064512519603, 23.513822570443153, 1.0220350045432995, 337713.496679875, 29895.47690016302, inf, -nan, 811.7142857142858, 1.1368683772161603e-13, 1438.503393420773, 183.5873947325259, 136296.1304418125, 29874.64225990579, 96611.27501325, 5781.13279332004, 0.09102375, 0.009919570451259468, 5308.827152687499, 553.9577235133827, 99497.0757979375, 1779.5236774623352, 0.09725043750000001, 0.005576606640340858, 1421, 0, 46.95478892326355, 0.9245985316268637, 3858079, 0, 67646085.4375, 13460991.480967933, 107744538.875, 4544381.105795318, 179248703.3125, 13136125.922342213
39774, 0, 39774, 0, 0, 0, 0, greedy_3.000000, 25982.92626343295, 52.91110861014956, 112.77820606529713, 2.5498629160751527, 179337.45846025, 14327.40606410952, inf, -nan, 199.86934673366838, 2.842170943040401e-14, 476.07978624667226, 72.23919443644031, 55023.693242437505, 14386.009793621664, 74193.798678, 2356.7536556524306, 1.388477, 0.13640697372064597, 21191.317036750002, 2597.3641743394087, 28927.126287000003, 509.4753296331206, 0.1347390625, 0.008102471061879439, 597, 0, 175.1140899658203, 2.2829617320193503, 15790279, 0, 27026025.875, 7656339.038330874, 60062566.9375, 1225665.335480615, 102878871.8125, 7469890.032720546, 25696.264976795763, 67.42629961034423, 55.764031037688255, 1.7783419073101987, 165666.51958906252, 24380.59624294851, inf, -nan, 401.75757575757586, 1.1368683772161603e-13, 917.964579916649, 124.8653174887388, 103983.2952279375, 25038.18882374617, 37272.7455961875, 1648.294966171085, 0.34241462500000003, 0.03189298902947754, 9878.860295875, 1106.9373467809287, 14531.235855312498, 311.0595619076323, 0.040199124999999995, 0.009110800999877837, 297, 0, 93.67199420928955, 1.1865456197924318, 7835479, 0, 50453256.625, 11649617.395569073, 28472025.0625, 697624.1424760425, 86760760.6875, 11306098.184673833, 25461.965521682054, 63.5946876398693, 27.800225663930178, 1.1884372761753352, 166175.01180774998, 30052.729882580144, inf, -nan, 811.7142857142858, 1.1368683772161603e-13, 1438.503393420773, 183.5873947325259, 136296.1304418125, 29874.64225990579, 17654.695574500005, 2006.2980676154543, 0.0852894375, 0.00823011555940096, 5308.827152687499, 553.9577235133827, 6915.2575170625, 314.7215580414383, 0.01583225, 0.008167173604589288, 147, 0, 47.267842292785645, 0.8503434381803833, 3858079, 0, 67646085.4375, 13460991.480967933, 13322586.25, 748994.9851599057, 84826750.6875, 13399824.680646984
39774, 0, 39774, 0, 0, 0, 0, greedy_31.000000, 25970.563676755875, 53.61724411674461, 100.4156193882227, 7.672533053615315, 904054.6675324375, 67565.78915100943, inf, -nan, 199.86934673366838, 2.842170943040401e-14, 476.07978624667226, 72.23919443644031, 55023.693242437505, 14386.009793621664, 414746.48514918744, 58264.35155139089, 1.3419525625, 0.12054481012260998, 21191.317036750002, 2597.3641743394087, 413090.33077418746, 12012.893171298345, 1.4993773124999998, 0.04480100167228233, 6169, 0, 174.14447689056396, 2.3394896380741415, 15790279, 0, 27026025.875, 7656339.038330874, 488564554.0625, 11862058.973447809, 531380858.9375, 13091040.592250094, 25688.648633729666, 67.66859827593214, 48.14768797159195, 3.1105013389813103, 539891.3400661875, 28641.31055865331, inf, -nan, 401.75757575757586, 1.1368683772161603e-13, 917.964579916649, 124.8653174887388, 103983.2952279375, 25038.18882374617, 214645.7157501875, 21357.472169920562, 0.3505780625, 0.020598155920096197, 9878.860295875, 1106.9373467809287, 211382.69898412505, 5064.67088794232, 0.41922999999999994, 0.0630487121438654, 3069, 0, 93.046959400177, 1.2450310017798905, 7835479, 0, 50453256.625, 11649617.395569073, 236242780.5625, 9235221.982287688, 294531516.1875, 12410155.858241584, 25457.466661211103, 63.91239943330397, 23.301365192979574, 1.0893428789373045, 351420.93264781253, 29528.03896738776, inf, -nan, 811.7142857142858, 1.1368683772161603e-13, 1438.503393420773, 183.5873947325259, 136296.1304418125, 29874.64225990579, 103025.54326331252, 6419.22690444366, 0.09299568750000001, 0.008550164009528927, 5308.827152687499, 553.9577235133827, 106790.23127068751, 1722.2570872491876, 0.107523625, 0.007553523092529405, 1519, 0, 46.94244456291199, 0.9238501272035157, 3858079, 0, 67646085.4375, 13460991.480967933, 115007766, 4868652.318463935, 186511930.4375, 13172945.57554558
39774, 0, 39774, 0, 0, 0, 0, greedy_33.000000, 25970.308693718165, 53.87430684402128, 100.1606363505125, 7.971007614532038, 950423.6310120624, 74110.93029587329, inf, -nan, 199.86934673366838, 2.842170943040401e-14, 476.07978624667226, 72.23919443644031, 55023.693242437505, 14386.009793621664, 434275.961092375, 65538.68494063421, 1.3288726250000003, 0.09444644167918331, 21191.317036750002, 2597.3641743394087, 439929.74455331254, 13182.37206211962, 1.5862145625, 0.03450150720071653, 6567, 0, 174.13466262817383, 2.3495551960788483, 15790279, 0, 27026025.875, 7656339.038330874, 519141799.5625, 12701148.20593947, 561958104.4375, 13787274.515966702, 25688.47693509981, 67.6965196528106, 47.97598934173584, 3.094137635756451, 565725.565965625, 30288.48126638189, inf, -nan, 401.75757575757586, 1.1368683772161603e-13, 917.964579916649, 124.8653174887388, 103983.2952279375, 25038.18882374617, 226091.3004129375, 23650.48208627873, 0.34982293749999993, 0.021780630395688592, 9878.860295875, 1106.9373467809287, 225771.3036140625, 5741.628432658241, 0.45659187500000004, 0.08833255368059034, 3267, 0, 93.04268455505371, 1.2432571920109816, 7835479, 0, 50453256.625, 11649617.395569073, 251083548.8125, 9864897.598716924, 309372284.4375, 12722099.27253373, 25457.242243338376, 63.87524646060577, 23.076947320252657, 1.14799326057476, 364505.61287350004, 29441.76348211677, inf, -nan, 811.7142857142858, 1.1368683772161603e-13, 1438.503393420773, 183.5873947325259, 136296.1304418125, 29874.64225990579, 109086.45628425, 6847.017723019734, 0.09189225, 0.009402057790053197, 5308.827152687499, 553.9577235133827, 113813.99676312499, 1894.84550725367, 0.110339375, 0.009189853820076518, 1617, 0, 46.90298867225647, 0.9423051657907787, 3858079, 0, 67646085.4375, 13460991.480967933, 122270993.125, 5193402.656064613, 193775157.5625, 13217808.669045735
39774, 0, 39774, 0, 0, 0, 0, greedy_35.000000, 25970.06755686924, 54.117998422628965, 99.91949950158596, 8.300394701653223, 1006160.3352179375, 80636.63799441712, inf, -nan, 199.86934673366838, 2.842170943040401e-14, 476.07978624667226, 72.23919443644031, 55023.693242437505, 14386.009793621664, 460310.84682168753, 69772.6807911772, 1.3311094374999999, 0.10908850662075309, 21191.317036750002, 2597.3641743394087, 469631.3203959375, 13264.24170122821, 1.8266116874999998, 0.04041591455992113, 6965, 0, 174.09760189056396, 2.3884737710587416, 15790279, 0, 27026025.875, 7656339.038330874, 549719045.0625, 13540958.960973546, 592535349.9375, 14499317.726815788, 25688.315018460155, 67.72678469191695, 47.81407270208001, 3.1013911724314283, 590747.0871531251, 31863.842705958654, inf, -nan, 401.75757575757586, 1.1368683772161603e-13, 917.964579916649, 124.8653174887388, 103983.2952279375, 25038.18882374617, 238048.76773343753, 25547.371803555747, 0.346775375, 0.028509475876177994, 9878.860295875, 1106.9373467809287, 238835.31437724998, 5764.354654761858, 0.50274325, 0.07967595274257785, 3465, 0, 93.0393123626709, 1.2419475536669187, 7835479, 0, 50453256.625, 11649617.395569073, 265924317.0625, 10494714.093439465, 324213052.6875, 13057089.68619667, 25457.095385041088, 63.85004587227843, 22.93008902296424, 1.1423779869662538, 377231.6510631875, 29897.31410115785, inf, -nan, 811.7142857142858, 1.1368683772161603e-13, 1438.503393420773, 183.5873947325259, 136296.1304418125, 29874.64225990579, 114936.71987750003, 7439.945398383986, 0.0913325, 0.008738331612785132, 5308.827152687499, 553.9577235133827, 120689.76772506251, 2245.9473870204415, 0.11453362500000001, 0.006788869059672236, 1715, 0, 46.89815711975098, 0.9414028167348988, 3858079, 0, 67646085.4375, 13460991.480967933, 129534220.25, 5518547.533954355, 201038384.6875, 13270633.62742244
39774, 0, 39774, 0, 0, 0, 0, greedy_37.000000, 25970.027944225818, 54.148808065167394, 99.87988685816526, 8.367864881819946, 1056086.6450975, 85455.39942486446, inf, -nan, 199.86934673366838, 2.842170943040401e-14, 476.07978624667226, 72.23919443644031, 55023.693242437505, 14386.009793621664, 482409.10232356255, 74890.25103253374, 1.3107899374999998, 0.048331576600433745, 21191.317036750002, 2597.3641743394087, 497459.3907965626, 15449.046896460488, 1.83090825, 0.05812134691154791, 7363, 0, 174.07676792144775, 2.4271945981328145, 15790279, 0, 27026025.875, 7656339.038330874, 580296290.5625, 14381364.837530013, 623112595.4375, 15224952.271896577, 25688.18399450183, 67.74444003904212, 47.683048743754625, 3.1088059300589266, 618624.9503337501, 33158.82358942263, inf, -nan, 401.75757575757586, 1.1368683772161603e-13, 917.964579916649, 124.8653174887388, 103983.2952279375, 25038.18882374617, 250742.42467625, 28213.011517339604, 0.34687943750000005, 0.025397368180504316, 9878.860295875, 1106.9373467809287, 254019.50605187504, 5625.791011019481, 0.517202375, 0.08813856100685655, 3663, 0, 93.03498363494873, 1.2403387192298765, 7835479, 0, 50453256.625, 11649617.395569073, 280765085.3125, 11124647.539213449, 339053820.9375, 13413400.461679677, 25456.98193055764, 63.80399118068644, 22.81663453951478, 1.1532755246718935, 390134.31748900004, 29894.618764593437, inf, -nan, 811.7142857142858, 1.1368683772161603e-13, 1438.503393420773, 183.5873947325259, 136296.1304418125, 29874.64225990579, 120975.15160418751, 7952.915147971293, 0.091750625, 0.00982236475393655, 5308.827152687499, 553.9577235133827, 127553.99618706251, 1857.7031851938805, 0.120352625, 0.0080424897099328, 1813, 0, 46.893070459365845, 0.9409633006629226, 3858079, 0, 67646085.4375, 13460991.480967933, 136797447.375, 5844021.099172072, 208301611.8125, 13331325.805095684
39774, 0, 39774, 0, 0, 0, 0, greedy_39.000000, 25970.027944225818, 54.148808065167394, 99.87988685816526, 8.367864881819946, 1099548.6860296251, 92290.56666177805, inf, -nan, 199.86934673366838, 2.842170943040401e-14, 476.07978624667226, 72.23919443644031, 55023.693242437505, 14386.009793621664, 499801.90994275, 81134.72010840963, 1.3341533125, 0.07156637175003944, 21191.317036750002, 2597.3641743394087, 523528.56404531247, 17834.82098831218, 1.8676090624999997, 0.03929781397461688, 7761, 0, 174.07676792144775, 2.4271945981328145, 15790279, 0, 27026025.875, 7656339.038330874, 610873536.0625, 15222267.267768094, 653689840.9375, 15962324.705184627, 25688.077295903116, 67.7661133523611, 47.57635014504194, 3.0992364004827224, 643402.2663990626, 35749.49213181914, inf, -nan, 401.75757575757586, 1.1368683772161603e-13, 917.964579916649, 124.8653174887388, 103983.2952279375, 25038.18882374617, 262219.66606868745, 29947.817252244964, 0.34823750000000003, 0.028166716519679745, 9878.860295875, 1106.9373467809287, 267319.5736985625, 5993.463332719251, 0.5228705, 0.07028860335342423, 3861, 0, 93.03074884414673, 1.2390105471070083, 7835479, 0, 50453256.625, 11649617.395569073, 295605853.5625, 11754679.13382767, 353894589.1875, 13789378.975001685, 25456.85282946378, 63.73456216892537, 22.6875334456563, 1.1812944838819741, 402787.95389600005, 30420.982265069626, inf, -nan, 811.7142857142858, 1.1368683772161603e-13, 1438.503393420773, 183.5873947325259, 136296.1304418125, 29874.64225990579, 126952.26740412501, 8464.799690995113, 0.092569625, 0.00867619944787895, 5308.827152687499, 553.9577235133827, 134230.50858637498, 2036.607723316278, 0.12774137500000002, 0.00986698092677669, 1911, 0, 46.888142347335815, 0.9391593536300118, 3858079, 0, 67646085.4375, 13460991.480967933, 144060674.5, 6169771.334270258, 215564838.9375, 13399778.302513244
39774, 0, 39774, 0, 0, 0, 0, greedy_5.000000, 25980.619829252362, 52.6619790770425, 110.4717718847096, 2.787817510932951, 236576.17438318746, 16270.67457761787, inf, -nan, 199.86934673366838, 2.842170943040401e-14, 476.07978624667226, 72.23919443644031, 55023.693242437505, 14386.009793621664, 103542.556380375, 4437.154588762549, 1.522902, 0.36747983844236265, 21191.317036750002, 2597.3641743394087, 56816.850759124995, 1046.4596999420787, 0.2340625, 0.010669145871390081, 995, 0, 174.73171138763428, 2.319637382530727, 15790279, 0, 27026025.875, 7656339.038330874, 91060362.5625, 1639522.898128483, 133876667.4375, 7616928.405130362, 25695.30540915206, 67.51661096549964, 54.804463393986225, 1.6255605207198938, 192884.63834799998, 23987.06755837765, inf, -nan, 401.75757575757586, 1.1368683772161603e-13, 917.964579916649, 124.8653174887388, 103983.2952279375, 25038.18882374617, 50045.328704, 2012.7337937896543, 0.35128625, 0.013707594826865148, 9878.860295875, 1106.9373467809287, 28976.7338420625, 535.0559509446012, 0.06899187500000001, 0.0058214752305042914, 495, 0, 93.54888868331909, 1.1842509865734685, 7835479, 0, 50453256.625, 11649617.395569073, 43312793.3125, 1170642.2304266747, 101601528.9375, 11159056.494717287, 25461.41725277528, 63.7386088113924, 27.25195675715804, 1.051828194580685, 177397.46922412503, 30076.398377227324, inf, -nan, 811.7142857142858, 1.1368683772161603e-13, 1438.503393420773, 183.5873947325259, 136296.1304418125, 29874.64225990579, 21719.1141981875, 1696.9079366205397, 0.08601181250000002, 0.007951679022530005, 5308.827152687499, 553.9577235133827, 14073.2900244375, 459.5629163464487, 0.021395187500000003, 0.0029180239507830895, 245, 0, 47.235886096954346, 0.8391845766842333, 3858079, 0, 67646085.4375, 13460991.480967933, 20585813.375, 902623.6346838361, 92089977.8125, 13331367.241789244
39774, 0, 39774, 0, 0, 0, 0, greedy_7.000000, 25978.96383120492, 52.50453817458368, 108.81577383726835, 3.0779152938530387, 291101.3052771875, 17891.33600530249, inf, -nan, 199.86934673366838, 2.842170943040401e-14, 476.07978624667226, 72.23919443644031, 55023.693242437505, 14386.009793621664, 130228.84279675, 7629.594461772694, 1.5329188749999998, 0.33412054092102655, 21191.317036750002, 2597.3641743394087, 84655.55602556249, 1536.2736487813982, 0.36325681249999997, 0.07199073796956346, 1393, 0, 174.67644596099854, 2.311609160106148, 15790279, 0, 27026025.875, 7656339.038330874, 121637608.0625, 2176902.0954546696, 164453912.9375, 7627013.692107051, 25694.416564051062, 67.54278779231136, 53.91561829298735, 1.5664386668371946, 221039.22729993745, 23648.66812021696, inf, -nan, 401.75757575757586, 1.1368683772161603e-13, 917.964579916649, 124.8653174887388, 103983.2952279375, 25038.18882374617, 63865.44595337501, 2640.056675628141, 0.34660312499999996, 0.02264086309329605, 9878.860295875, 1106.9373467809287, 43311.1842651875, 740.243173324533, 0.0949544375, 0.005714543211936869, 693, 0, 93.50194692611694, 1.1840215118301125, 7835479, 0, 50453256.625, 11649617.395569073, 58153561.5625, 1746444.0208538377, 116442297.1875, 11046138.114378437, 25461.007387556136, 63.74159046685692, 26.842091538012028, 1.02841818988333, 190909.76976518746, 29986.965967846627, inf, -nan, 811.7142857142858, 1.1368683772161603e-13, 1438.503393420773, 183.5873947325259, 136296.1304418125, 29874.64225990579, 28009.340702312504, 1867.1917043386206, 0.0881679375, 0.006301857617686529, 5308.827152687499, 553.9577235133827, 21295.35566975, 571.0437850222955, 0.027630687500000004, 0.0034759171221195343, 343, 0, 47.17140007019043, 0.8479190448404664, 3858079, 0, 67646085.4375, 13460991.480967933, 27849040.5, 1133024.8675757297, 99353204.9375, 13270670.050354896
39774, 0, 39774, 0, 0, 0, 0, greedy_9.000000, 25977.13810410723, 52.462427355476656, 106.99004673957825, 3.5186638315927077, 345094.82456162496, 19606.577220936033, inf, -nan, 199.86934673366838, 2.842170943040401e-14, 476.07978624667226, 72.23919443644031, 55023.693242437505, 14386.009793621664, 156527.44370487495, 9893.76624414211, 1.5364224375000002, 0.3845425968247811, 21191.317036750002, 2597.3641743394087, 112350.34831525, 1952.864006999221, 0.485839875, 0.09000754346225306, 1791, 0, 174.50938320159912, 2.2401534843039657, 15790279, 0, 27026025.875, 7656339.038330874, 152214853.5625, 2866609.7234794176, 195031158.4375, 7729990.851491329, 25693.613831352443, 67.45437804951135, 53.11288559436798, 1.6307148989082771, 248785.55958193747, 23436.99413319448, inf, -nan, 401.75757575757586, 1.1368683772161603e-13, 917.964579916649, 124.8653174887388, 103983.2952279375, 25038.18882374617, 77485.8020053125, 3623.843840287868, 0.35717293750000007, 0.010314014727960877, 9878.860295875, 1106.9373467809287, 57437.1230489375, 806.3499781015665, 0.12183093749999999, 0.008458713070473172, 891, 0, 93.42802000045776, 1.197015519655893, 7835479, 0, 50453256.625, 11649617.395569073, 72994329.8125, 2350674.350716997, 131283065.4375, 10968396.980889272, 25460.41382548213, 63.8450270967705, 26.248529464006424, 0.9593449859086262, 204181.5396735625, 30002.170309525212, inf, -nan, 811.7142857142858, 1.1368683772161603e-13, 1438.503393420773, 183.5873947325259, 136296.1304418125, 29874.64225990579, 34070.0244054375, 2077.5836555995493, 0.09260000000000002, 0.007411347254379598, 5308.827152687499, 553.9577235133827, 28506.4315565, 699.7671664912474, 0.033517125, 0.00235824417933661, 441, 0, 47.15135860443115, 0.8480007272215525, 3858079, 0, 67646085.4375, 13460991.480967933, 35112267.625, 1402868.9396234094, 106616432.0625, 13217840.013477297
39774, 0, 39774, 0, 0, 0, 0, opt, 25935.99409769848, 52.43403159344613, 65.84604033082724, 2.769123537874353, 2728462.28821225, 274429.54076147615, inf, -nan, 199.86934673366838, 2.842170943040401e-14, 476.07978624667226, 72.23919443644031, 55023.693242437505, 14386.009793621664, 2652246.136102625, 275002.02086651046, 1.1418304375000001, 0.15883700207247395, 21191.317036750002, 2597.3641743394087, 0, 0, 0, 0, 0, 0, 0, 0, 15790279, 0, 27026025.875, 7656339.038330874, 1461407009.625, 81660437.03497781, 1504223314.5, 80867828.44316083, 25667.21396856755, 67.28016214724872, 26.71302280947566, 1.3691930699958639, 2648824.6134463125, 354237.70818991965, inf, -nan, 401.75757575757586, 1.1368683772161603e-13, 917.964579916649, 124.8653174887388, 103983.2952279375, 25038.18882374617, 2534962.1716701873, 356933.32907656656, 0.28625231250000005, 0.0239623010834695, 9878.860295875, 1106.9373467809287, 0, 0, 0, 0, 0, 0, 0, 0, 7835479, 0, 50453256.625, 11649617.395569073, 1395552179.625, 128505629.18548734, 1453840915.25, 125572981.27708808, 25444.61511985585, 63.328287949446604, 10.449823837727308, 0.7591979737411155, 2609299.4736055625, 356191.1564366208, inf, -nan, 811.7142857142858, 1.1368683772161603e-13, 1438.503393420773, 183.5873947325259, 136296.1304418125, 29874.64225990579, 2467694.44022525, 353505.5622005633, 0.07578581250000001, 0.004747558033067499, 5308.827152687499, 553.9577235133827, 0, 0, 0, 0, 0, 0, 0, 0, 3858079, 0, 67646085.4375, 13460991.480967933, 1357701734.875, 130018690.7157801, 1429205899.3125, 127249061.96256897
39774, 0, 39774, 0, 0, 0, 0, plus_edge, 25988.80692063272, 53.45972047207476, 118.65886326506734, 2.1333060905094685, 101105.30973300002, 14229.467612835364, inf, -nan, 199.86934673366838, 2.842170943040401e-14, 476.07978624667226, 72.23919443644031, 55023.693242437505, 14386.009793621664, 24889.253744625, 2278.4044517996936, 1.0457091875000002, 0.022961147707101753, 21191.317036750002, 2597.3641743394087, 0, 0, 0, 0, 0, 0, 0, 0, 15790279, 0, 27026025.875, 7656339.038330874, 15185770.875, 408767.2669153982, 58002075.75, 7606286.367397449, 25699.286784838885, 67.63034450015505, 58.78583908081055, 1.824360184829608, 126206.88715156249, 24965.893486494257, inf, -nan, 401.75757575757586, 1.1368683772161603e-13, 917.964579916649, 124.8653174887388, 103983.2952279375, 25038.18882374617, 12344.44811975, 1451.6102623861502, 0.283508, 0.008845019968886444, 9878.860295875, 1106.9373467809287, 0, 0, 0, 0, 0, 0, 0, 0, 7835479, 0, 50453256.625, 11649617.395569073, 7344205.75, 319061.9241831239, 65632941.375, 11558739.293119764, 25463.582711704075, 63.4593398221203, 29.41741568595171, 1.2321810251134646, 147627.732674625, 30127.719010955378, inf, -nan, 811.7142857142858, 1.1368683772161603e-13, 1438.503393420773, 183.5873947325259, 136296.1304418125, 29874.64225990579, 6022.6992033125, 734.2283992905324, 0.07587681250000002, 0.002802037232504905, 5308.827152687499, 553.9577235133827, 0, 0, 0, 0, 0, 0, 0, 0, 3858079, 0, 67646085.4375, 13460991.480967933, 3548733, 157400.6891185677, 75052897.4375, 13421325.754644243
39774, 0, 39774, 0, 0, 0, 0, simple, 25991.913433760405, 53.34729787915035, 121.76537639275193, 2.5372183745484476, 101345.5876145, 14209.03126558036, inf, -nan, 199.86934673366838, 2.842170943040401e-14, 476.07978624667226, 72.23919443644031, 55023.693242437505, 14386.009793621664, 25129.523931625004, 2329.009485565915, 1.0534036875000001, 0.03567619301915274, 21191.317036750002, 2597.3641743394087, 0, 0, 0, 0, 0, 0, 0, 0, 15790279, 0, 27026025.875, 7656339.038330874, 15146566.875, 408767.2669153982, 57962871.75, 7606286.367397449, 25700.414719764143, 67.62218170744156, 59.91377400606871, 2.0272563856303303, 126178.08792199998, 24966.095876694042, inf, -nan, 401.75757575757586, 1.1368683772161603e-13, 917.964579916649, 124.8653174887388, 103983.2952279375, 25038.18882374617, 12315.6293913125, 1433.4208732454356, 0.303006875, 0.03129318799050962, 9878.860295875, 1106.9373467809287, 0, 0, 0, 0, 0, 0, 0, 0, 7835479, 0, 50453256.625, 11649617.395569073, 7334601.75, 319061.9241831239, 65623337.375, 11558739.293119764, 25464.149324130267, 63.49139738659792, 29.984028112143278, 1.2646782189709898, 147563.539427625, 30093.189274860244, inf, -nan, 811.7142857142858, 1.1368683772161603e-13, 1438.503393420773, 183.5873947325259, 136296.1304418125, 29874.64225990579, 5958.5069495, 706.5223254715197, 0.074883625, 0.002474478780344459, 5308.827152687499, 553.9577235133827, 0, 0, 0, 0, 0, 0, 0, 0, 3858079, 0, 67646085.4375, 13460991.480967933, 3546429, 157400.6891185677, 75050593.4375, 13421325.754644243
