N, N, MST_Cost, MST_Runtime, RunType, C173_MFC_Cost, C173_MFC_Completion_Cost, C173_MFC_Runtime, C173_Gamma, C173_Cluster_Size_Mu, C173_Cluster_Size_Sigma, C173_Sub_Clustering_Runtime, C173_Completion_Edges_Runtime, C173_Completion_Runtime, C173_Clustering_Runtime, C173_Find_Reps_Runtime, C173_Pick_Reps_Runtime, C173_Rep_Count, C173_Reps_Cost, C173_Clustering_Dist_Calls, C173_Sub_Clustering_Dist_Calls, C173_MFC_Dist_Calls, C173_Dist_Calls, C86_MFC_Cost, C86_MFC_Completion_Cost, C86_MFC_Runtime, C86_Gamma, C86_Cluster_Size_Mu, C86_Cluster_Size_Sigma, C86_Sub_Clustering_Runtime, C86_Completion_Edges_Runtime, C86_Completion_Runtime, C86_Clustering_Runtime, C86_Find_Reps_Runtime, C86_Pick_Reps_Runtime, C86_Rep_Count, C86_Reps_Cost, C86_Clustering_Dist_Calls, C86_Sub_Clustering_Dist_Calls, C86_MFC_Dist_Calls, C86_Dist_Calls, C43_MFC_Cost, C43_MFC_Completion_Cost, C43_MFC_Runtime, C43_Gamma, C43_Cluster_Size_Mu, C43_Cluster_Size_Sigma, C43_Sub_Clustering_Runtime, C43_Completion_Edges_Runtime, C43_Completion_Runtime, C43_Clustering_Runtime, C43_Find_Reps_Runtime, C43_Pick_Reps_Runtime, C43_Rep_Count, C43_Reps_Cost, C43_Clustering_Dist_Calls, C43_Sub_Clustering_Dist_Calls, C43_MFC_Dist_Calls, C43_Dist_Calls
30000, 30000, 0, 0, dp_1.000000, 37784, 1350, 87381.508149, inf, 173.41040462427745, 2150.4981407881714, 83414.232078, 1393.327906, 0.827102, 2568.846561, 4.263501, 0.011001, 173, 0, 10350001, 402617711, 5469157, 418436869, 37403, 722, 84680.791883, inf, 348.83720930232556, 3109.2280985556567, 82550.972291, 700.325201, 0.136456, 1425.453773, 3.898952, 0.00521, 86, 0, 5130001, 420911431, 2663811, 428705243, 36749, 347, 85826.771695, inf, 697.6744186046511, 4435.832166603672, 84731.923171, 344.291952, 0.034655, 746.793906, 3.724434, 0.003577, 43, 0, 2550001, 433497167, 1313101, 437360269
30000, 30000, 0, 0, dp_11.000000, 37507, 1073, 104160.08501499999, inf, 173.41040462427745, 2150.4981407881714, 83414.232078, 10292.070152, 0.855554, 2568.846561, 7718.467628, 165.613042, 1903, 6, 10350001, 402617711, 98956163, 511923875, 37243, 562, 94962.41153499999, inf, 348.83720930232556, 3109.2280985556567, 82550.972291, 6665.802136, 0.155812, 1425.453773, 4300.941326, 19.086197, 946, 17, 5130001, 420911431, 54989929, 481031361, 36666, 264, 91455.348878, inf, 697.6744186046511, 4435.832166603672, 84731.923171, 3456.377142, 0.040486, 746.793906, 2517.811858, 2.402315, 473, 35, 2550001, 433497167, 27285853, 463333021
30000, 30000, 0, 0, dp_13.000000, 37507, 1073, 108004.09528, inf, 173.41040462427745, 2150.4981407881714, 83414.232078, 12715.934705, 0.669114, 2568.846561, 9072.713692, 231.69913, 2249, 6, 10350001, 402617711, 119715471, 532683183, 37243, 562, 96399.75129799999, inf, 348.83720930232556, 3109.2280985556567, 82550.972291, 7299.122162, 0.169167, 1425.453773, 5097.037793, 26.996112, 1118, 9, 5130001, 420911431, 62316069, 488357501, 36662, 260, 92524.51046, inf, 697.6744186046511, 4435.832166603672, 84731.923171, 4059.625178, 0.043221, 746.793906, 2982.750638, 3.374346, 559, 15, 2550001, 433497167, 32491957, 468539125
30000, 30000, 0, 0, dp_15.000000, 37507, 1073, 108998.38707000001, inf, 173.41040462427745, 2150.4981407881714, 83414.232078, 12323.634638, 0.687468, 2568.846561, 10377.025165, 313.96116, 2595, 5, 10350001, 402617711, 128302333, 541270045, 37243, 562, 97936.396531, inf, 348.83720930232556, 3109.2280985556567, 82550.972291, 8092.479242, 0.169227, 1425.453773, 5830.618419, 36.703579, 1290, 8, 5130001, 420911431, 69908675, 495950107, 36662, 260, 93108.95123100001, inf, 697.6744186046511, 4435.832166603672, 84731.923171, 4184.802012, 0.044032, 746.793906, 3440.903734, 4.484376, 645, 11, 2550001, 433497167, 35679028, 471726196
30000, 30000, 0, 0, dp_17.000000, 37507, 1073, 112741.82843899999, inf, 173.41040462427745, 2150.4981407881714, 83414.232078, 14550.760097, 0.831478, 2568.846561, 11805.229299, 401.928926, 2941, 5, 10350001, 402617711, 149061641, 562029353, 37243, 562, 98988.649096, inf, 348.83720930232556, 3109.2280985556567, 82550.972291, 8424.01206, 0.168035, 1425.453773, 6540.678794, 47.364143, 1462, 7, 5130001, 420911431, 75441358, 501482790, 36662, 260, 93758.561725, inf, 697.6744186046511, 4435.832166603672, 84731.923171, 4428.375311, 0.043141, 746.793906, 3845.608379, 5.817817, 731, 10, 2550001, 433497167, 39366562, 475413730
30000, 30000, 0, 0, dp_19.000000, 37507, 1073, 111111.74943499999, inf, 173.41040462427745, 2150.4981407881714, 83414.232078, 11426.9918, 0.647524, 2568.846561, 13197.46568, 503.565792, 3287, 4, 10350001, 402617711, 145419309, 558387021, 37243, 562, 98511.762773, inf, 348.83720930232556, 3109.2280985556567, 82550.972291, 7205.589571, 0.169618, 1425.453773, 7270.02015, 59.55737, 1634, 6, 5130001, 420911431, 77492481, 503533913, 36662, 260, 94178.77381799999, inf, 697.6744186046511, 4435.832166603672, 84731.923171, 4425.469011, 0.05862, 746.793906, 4267.25342, 7.27569, 817, 9, 2550001, 433497167, 41964853, 478012021
30000, 30000, 0, 0, dp_21.000000, 37507, 1073, 114881.637283, inf, 173.41040462427745, 2150.4981407881714, 83414.232078, 13754.350473, 0.657673, 2568.846561, 14521.093107, 622.457391, 3633, 4, 10350001, 402617711, 166178617, 579146329, 37243, 562, 101242.184281, inf, 348.83720930232556, 3109.2280985556567, 82550.972291, 9184.828185, 0.15469, 1425.453773, 8007.399756, 73.375586, 1806, 6, 5130001, 420911431, 87812309, 513853741, 36662, 260, 95129.65190600001, inf, 697.6744186046511, 4435.832166603672, 84731.923171, 4942.279657, 0.04781, 746.793906, 4699.648076, 8.959286, 903, 9, 2550001, 433497167, 47124337, 483171505
30000, 30000, 0, 0, dp_23.000000, 37507, 1073, 118595.165781, inf, 173.41040462427745, 2150.4981407881714, 83414.232078, 16133.547526, 0.811721, 2568.846561, 15736.667076, 741.060819, 3979, 4, 10350001, 402617711, 186937925, 599905637, 37243, 562, 103476.569351, inf, 348.83720930232556, 3109.2280985556567, 82550.972291, 10648.179481, 0.17077, 1425.453773, 8763.215759, 88.577277, 1978, 6, 5130001, 420911431, 98132137, 524173569, 36662, 260, 95182.269424, inf, 697.6744186046511, 4435.832166603672, 84731.923171, 4579.928521, 0.057418, 746.793906, 5112.806327, 10.760081, 989, 8, 2550001, 433497167, 47809093, 483856261
30000, 30000, 0, 0, dp_25.000000, 37507, 1073, 122406.22924, inf, 173.41040462427745, 2150.4981407881714, 83414.232078, 18550.114269, 0.825618, 2568.846561, 16986.535957, 885.674757, 4325, 4, 10350001, 402617711, 207697233, 620664945, 37243, 562, 101424.605823, inf, 348.83720930232556, 3109.2280985556567, 82550.972291, 7849.371534, 0.159009, 1425.453773, 9493.252084, 105.397132, 2150, 5, 5130001, 420911431, 94902894, 520944326, 36662, 260, 96098.93266700002, inf, 697.6744186046511, 4435.832166603672, 84731.923171, 5126.513592, 0.04266, 746.793906, 5480.910278, 12.74906, 1075, 8, 2550001, 433497167, 52968577, 489015745
30000, 30000, 0, 0, dp_27.000000, 37507, 1073, 126117.63853100002, inf, 173.41040462427745, 2150.4981407881714, 83414.232078, 20852.460093, 0.662674, 2568.846561, 18256.042719, 1025.394406, 4671, 4, 10350001, 402617711, 228456541, 641424253, 37243, 562, 104082.96466700001, inf, 348.83720930232556, 3109.2280985556567, 82550.972291, 9858.05392, 0.156924, 1425.453773, 10125.033391, 123.294368, 2322, 5, 5130001, 420911431, 105222722, 531264154, 36662, 260, 95663.919089, inf, 697.6744186046511, 4435.832166603672, 84731.923171, 4271.321711, 0.040356, 746.793906, 5898.946675, 14.89327, 1161, 7, 2550001, 433497167, 51239335, 487286503
30000, 30000, 0, 0, dp_29.000000, 37507, 1073, 119483.54515699999, inf, 173.41040462427745, 2150.4981407881714, 83414.232078, 12766.339417, 0.652004, 2568.846561, 19544.799815, 1188.675282, 5017, 3, 10350001, 402617711, 203193221, 616160933, 37243, 562, 106226.46678700001, inf, 348.83720930232556, 3109.2280985556567, 82550.972291, 11271.261893, 0.222888, 1425.453773, 10835.907575, 142.648367, 2494, 5, 5130001, 420911431, 115542550, 541583982, 36662, 260, 96573.34862300001, inf, 697.6744186046511, 4435.832166603672, 84731.923171, 4792.514326, 0.039323, 746.793906, 6284.757957, 17.31994, 1247, 7, 2550001, 433497167, 56398819, 492445987
30000, 30000, 0, 0, dp_3.000000, 37565, 1131, 91618.13179199999, inf, 173.41040462427745, 2150.4981407881714, 83414.232078, 3902.097023, 1.000498, 2568.846561, 1723.231739, 8.723893, 519, 403, 10350001, 402617711, 26788745, 439756457, 37301, 620, 86962.28463499999, inf, 348.83720930232556, 3109.2280985556567, 82550.972291, 1999.356522, 0.167955, 1425.453773, 985.195889, 1.138205, 258, 346, 5130001, 420911431, 13153231, 439194663, 36708, 306, 87063.56968200002, inf, 697.6744186046511, 4435.832166603672, 84731.923171, 1014.286426, 0.048401, 746.793906, 570.354231, 0.163547, 129, 291, 2550001, 433497167, 6517540, 442564708
30000, 30000, 0, 0, dp_31.000000, 37507, 1073, 123373.213088, inf, 173.41040462427745, 2150.4981407881714, 83414.232078, 15184.629735, 0.835067, 2568.846561, 20837.041692, 1367.627955, 5363, 3, 10350001, 402617711, 223952529, 636920241, 37243, 562, 108589.926541, inf, 348.83720930232556, 3109.2280985556567, 82550.972291, 12980.124527, 0.173114, 1425.453773, 11469.609202, 163.593634, 2666, 5, 5130001, 420911431, 125862378, 551903810, 36662, 260, 97506.41807000003, inf, 697.6744186046511, 4435.832166603672, 84731.923171, 5326.205469, 0.041618, 746.793906, 6681.638065, 19.815841, 1333, 7, 2550001, 433497167, 61558303, 497605471
30000, 30000, 0, 0, dp_33.000000, 37507, 1073, 127015.79776600002, inf, 173.41040462427745, 2150.4981407881714, 83414.232078, 17378.34729, 0.658588, 2568.846561, 22121.243755, 1532.469494, 5709, 3, 10350001, 402617711, 244711837, 657679549, 37243, 562, 110968.99078400002, inf, 348.83720930232556, 3109.2280985556567, 82550.972291, 14657.763541, 0.220834, 1425.453773, 12148.769104, 185.811241, 2838, 5, 5130001, 420911431, 136182206, 562223638, 36662, 260, 98391.630843, inf, 697.6744186046511, 4435.832166603672, 84731.923171, 5801.889783, 0.040606, 746.793906, 7088.537343, 22.446034, 1419, 7, 2550001, 433497167, 66717787, 502764955
30000, 30000, 0, 0, dp_35.000000, 37507, 1073, 130926.88836299999, inf, 173.41040462427745, 2150.4981407881714, 83414.232078, 19757.945906, 0.821633, 2568.846561, 23439.365384, 1745.676801, 6055, 3, 10350001, 402617711, 265471145, 678438857, 37243, 562, 104616.04940500001, inf, 348.83720930232556, 3109.2280985556567, 82550.972291, 7581.845293, 0.171331, 1425.453773, 12848.412384, 209.194333, 3010, 4, 5130001, 420911431, 120042178, 546083610, 36662, 260, 97383.849986, inf, 697.6744186046511, 4435.832166603672, 84731.923171, 4456.737406, 0.041678, 746.793906, 7422.892817, 25.461008, 1505, 6, 2550001, 433497167, 62309596, 498356764
30000, 30000, 0, 0, dp_37.000000, 37507, 1073, 134781.184381, inf, 173.41040462427745, 2150.4981407881714, 83414.232078, 22116.314596, 0.667073, 2568.846561, 24724.746044, 1956.378029, 6401, 3, 10350001, 402617711, 286230453, 699198165, 37243, 562, 107140.233321, inf, 348.83720930232556, 3109.2280985556567, 82550.972291, 9368.155069, 0.162304, 1425.453773, 13561.322226, 234.167658, 3182, 4, 5130001, 420911431, 130362006, 556403438, 36662, 260, 98220.747831, inf, 697.6744186046511, 4435.832166603672, 84731.923171, 4948.103517, 0.04228, 746.793906, 7765.467806, 28.417151, 1591, 6, 2550001, 433497167, 67469080, 503516248
30000, 30000, 0, 0, dp_39.000000, 37507, 1073, 138640.753027, inf, 173.41040462427745, 2150.4981407881714, 83414.232078, 24616.474304, 0.644449, 2568.846561, 25869.195097, 2171.360538, 6747, 3, 10350001, 402617711, 306989761, 719957473, 37243, 562, 109774.26186, inf, 348.83720930232556, 3109.2280985556567, 82550.972291, 11089.422516, 0.17034, 1425.453773, 14446.886783, 261.356157, 3354, 4, 5130001, 420911431, 140681834, 566723266, 36662, 260, 99231.40075100001, inf, 697.6744186046511, 4435.832166603672, 84731.923171, 5480.177978, 0.041768, 746.793906, 8240.857786, 31.606142, 1677, 6, 2550001, 433497167, 72628564, 508675732
30000, 30000, 0, 0, dp_5.000000, 37527, 1093, 95440.934294, inf, 173.41040462427745, 2150.4981407881714, 83414.232078, 6134.873843, 1.00724, 2568.846561, 3291.466318, 30.508254, 865, 153, 10350001, 402617711, 48109957, 461077669, 37270, 589, 89101.46288600001, inf, 348.83720930232556, 3109.2280985556567, 82550.972291, 3243.113958, 0.166652, 1425.453773, 1878.334925, 3.421287, 430, 167, 5130001, 420911431, 23641665, 449683097, 36689, 287, 88221.27831400001, inf, 697.6744186046511, 4435.832166603672, 84731.923171, 1651.75757, 0.055935, 746.793906, 1090.283622, 0.46411, 215, 179, 2550001, 433497167, 11724754, 447771922
30000, 30000, 0, 0, dp_7.000000, 37507, 1073, 99104.82923700001, inf, 173.41040462427745, 2150.4981407881714, 83414.232078, 8295.717096, 1.133637, 2568.846561, 4763.631955, 61.26791, 1211, 36, 10350001, 402617711, 69153067, 482120779, 37255, 574, 91095.839437, inf, 348.83720930232556, 3109.2280985556567, 82550.972291, 4405.043613, 0.166853, 1425.453773, 2706.864985, 7.337922, 602, 78, 5130001, 420911431, 34011089, 460052521, 36679, 277, 89318.949941, inf, 697.6744186046511, 4435.832166603672, 84731.923171, 2264.909799, 0.041227, 746.793906, 1574.342265, 0.939573, 301, 106, 2550001, 433497167, 16871980, 452919148
30000, 30000, 0, 0, dp_9.000000, 37507, 1073, 102385.48358699998, inf, 173.41040462427745, 2150.4981407881714, 83414.232078, 10048.139873, 1.525159, 2568.846561, 6246.859814, 105.880102, 1557, 8, 10350001, 402617711, 87758893, 500726605, 37248, 567, 93092.31979899999, inf, 348.83720930232556, 3109.2280985556567, 82550.972291, 5560.889126, 0.156123, 1425.453773, 3542.148407, 12.700079, 774, 43, 5130001, 420911431, 44501495, 470542927, 36667, 265, 90429.514096, inf, 697.6744186046511, 4435.832166603672, 84731.923171, 2874.539855, 0.041809, 746.793906, 2074.611297, 1.604058, 387, 64, 2550001, 433497167, 22078084, 458125252
30000, 30000, 0, 0, fixed_reps_1, 37784, 1350, 87371.96968699999, inf, 173.41040462427745, 2150.4981407881714, 83414.232078, 1383.81812, 0.801262, 2568.846561, 4.271666, 0, 173, 1506, 10350001, 402617711, 5469157, 418436869, 37403, 722, 84694.123212, inf, 348.83720930232556, 3109.2280985556567, 82550.972291, 713.582326, 0.155071, 1425.453773, 3.959751, 0, 86, 921, 5130001, 420911431, 2663811, 428705243, 36749, 347, 85825.93990900001, inf, 697.6744186046511, 4435.832166603672, 84731.923171, 343.450858, 0.039284, 746.793906, 3.73269, 0, 43, 571, 2550001, 433497167, 1313101, 437360269
30000, 30000, 0, 0, fixed_reps_11, 37536, 1102, 101008.01222, inf, 173.41040462427745, 2150.4981407881714, 83414.232078, 14961.35995, 0.734005, 2568.846561, 62.839626, 0, 1903, 276, 10350001, 402617711, 60158997, 473126709, 37264, 583, 91606.846303, inf, 348.83720930232556, 3109.2280985556567, 82550.972291, 7559.682691, 0.215224, 1425.453773, 70.522324, 0, 946, 203, 5130001, 420911431, 29301061, 455342493, 36680, 278, 89294.732067, inf, 697.6744186046511, 4435.832166603672, 84731.923171, 3739.697476, 0.062868, 746.793906, 76.254646, 0, 473, 170, 2550001, 433497167, 14443681, 450490849
30000, 30000, 0, 0, fixed_reps_13, 37531, 1097, 103612.608996, inf, 173.41040462427745, 2150.4981407881714, 83414.232078, 17555.008376, 0.781795, 2568.846561, 73.740186, 0, 2249, 243, 10350001, 402617711, 71096965, 484064677, 37264, 583, 92963.603198, inf, 348.83720930232556, 3109.2280985556567, 82550.972291, 8905.060816, 0.155481, 1425.453773, 81.960837, 0, 1118, 160, 5130001, 420911431, 34628511, 460669943, 36678, 276, 89950.412202, inf, 697.6744186046511, 4435.832166603672, 84731.923171, 4382.300706, 0.051477, 746.793906, 89.342942, 0, 559, 127, 2550001, 433497167, 17069797, 453116965
30000, 30000, 0, 0, fixed_reps_15, 37527, 1093, 106298.70168499999, inf, 173.41040462427745, 2150.4981407881714, 83414.232078, 20230.217165, 0.738324, 2568.846561, 84.667557, 0, 2595, 202, 10350001, 402617711, 82034933, 495002645, 37262, 581, 94398.201555, inf, 348.83720930232556, 3109.2280985556567, 82550.972291, 10327.439545, 0.16537, 1425.453773, 94.170576, 0, 1290, 141, 5130001, 420911431, 39955961, 465997393, 36676, 274, 90622.87693200001, inf, 697.6744186046511, 4435.832166603672, 84731.923171, 5039.568268, 0.047228, 746.793906, 104.544359, 0, 645, 105, 2550001, 433497167, 19695913, 455743081
30000, 30000, 0, 0, fixed_reps_17, 37523, 1089, 109002.754931, inf, 173.41040462427745, 2150.4981407881714, 83414.232078, 22922.618432, 0.792225, 2568.846561, 96.265635, 0, 2941, 171, 10350001, 402617711, 92972901, 505940613, 37260, 579, 95636.130459, inf, 348.83720930232556, 3109.2280985556567, 82550.972291, 11553.61701, 0.147496, 1425.453773, 105.939889, 0, 1462, 136, 5130001, 420911431, 45283411, 471324843, 36676, 274, 91310.48419300001, inf, 697.6744186046511, 4435.832166603672, 84731.923171, 5713.214937, 0.057598, 746.793906, 118.494581, 0, 731, 93, 2550001, 433497167, 22322029, 458369197
30000, 30000, 0, 0, fixed_reps_19, 37522, 1088, 111590.164017, inf, 173.41040462427745, 2150.4981407881714, 83414.232078, 25499.82166, 0.783578, 2568.846561, 106.48014, 0, 3287, 159, 10350001, 402617711, 103910869, 516878581, 37253, 572, 97016.976153, inf, 348.83720930232556, 3109.2280985556567, 82550.972291, 12921.26423, 0.22394, 1425.453773, 119.061919, 0, 1634, 130, 5130001, 420911431, 50610861, 476652293, 36669, 267, 91978.38023800001, inf, 697.6744186046511, 4435.832166603672, 84731.923171, 6367.114894, 0.05863, 746.793906, 132.489637, 0, 817, 89, 2550001, 433497167, 24948145, 460995313
30000, 30000, 0, 0, fixed_reps_21, 37518, 1084, 114298.06501800001, inf, 173.41040462427745, 2150.4981407881714, 83414.232078, 28196.148528, 0.78998, 2568.846561, 118.047871, 0, 3633, 141, 10350001, 402617711, 114848837, 527816549, 37253, 572, 98730.941684, inf, 348.83720930232556, 3109.2280985556567, 82550.972291, 14623.906124, 0.156032, 1425.453773, 130.453464, 0, 1806, 110, 5130001, 420911431, 55938311, 481979743, 36669, 267, 92651.272939, inf, 697.6744186046511, 4435.832166603672, 84731.923171, 7026.17843, 0.051346, 746.793906, 146.326086, 0, 903, 84, 2550001, 433497167, 27574261, 463621429
30000, 30000, 0, 0, fixed_reps_23, 37515, 1081, 116910.266906, inf, 173.41040462427745, 2150.4981407881714, 83414.232078, 30796.916666, 0.801372, 2568.846561, 129.470229, 0, 3979, 123, 10350001, 402617711, 125786805, 538754517, 37252, 571, 99793.2518, inf, 348.83720930232556, 3109.2280985556567, 82550.972291, 15672.689501, 0.224831, 1425.453773, 143.911404, 0, 1978, 105, 5130001, 420911431, 61265761, 487307193, 36669, 267, 93322.21172200001, inf, 697.6744186046511, 4435.832166603672, 84731.923171, 7684.722534, 0.041768, 746.793906, 158.730343, 0, 989, 72, 2550001, 433497167, 30200377, 466247545
30000, 30000, 0, 0, fixed_reps_25, 37512, 1078, 120545.17804700001, inf, 173.41040462427745, 2150.4981407881714, 83414.232078, 34422.029282, 0.809928, 2568.846561, 139.260198, 0, 4325, 107, 10350001, 402617711, 136724773, 549692485, 37251, 570, 101129.960558, inf, 348.83720930232556, 3109.2280985556567, 82550.972291, 16998.662584, 0.154079, 1425.453773, 154.717831, 0, 2150, 87, 5130001, 420911431, 66593211, 492634643, 36666, 264, 94007.71332800001, inf, 697.6744186046511, 4435.832166603672, 84731.923171, 8356.437505, 0.053851, 746.793906, 172.504895, 0, 1075, 68, 2550001, 433497167, 32826493, 468873661
30000, 30000, 0, 0, fixed_reps_27, 37509, 1075, 122184.406022, inf, 173.41040462427745, 2150.4981407881714, 83414.232078, 36051.087374, 0.799729, 2568.846561, 149.44028, 0, 4671, 86, 10350001, 402617711, 147662741, 560630453, 37251, 570, 102471.554558, inf, 348.83720930232556, 3109.2280985556567, 82550.972291, 18328.97144, 0.211346, 1425.453773, 165.945708, 0, 2322, 80, 5130001, 420911431, 71920661, 497962093, 36664, 262, 94707.31344700001, inf, 697.6744186046511, 4435.832166603672, 84731.923171, 9041.625996, 0.045655, 746.793906, 186.924719, 0, 1161, 65, 2550001, 433497167, 35452609, 471499777
30000, 30000, 0, 0, fixed_reps_29, 37509, 1075, 124877.676275, inf, 173.41040462427745, 2150.4981407881714, 83414.232078, 38733.465128, 0.809117, 2568.846561, 160.323391, 0, 5017, 75, 10350001, 402617711, 158600709, 571568421, 37251, 570, 103838.773642, inf, 348.83720930232556, 3109.2280985556567, 82550.972291, 19685.405973, 0.161022, 1425.453773, 176.780583, 0, 2494, 71, 5130001, 420911431, 77248111, 503289543, 36664, 262, 95364.210099, inf, 697.6744186046511, 4435.832166603672, 84731.923171, 9684.862239, 0.041959, 746.793906, 200.588824, 0, 1247, 58, 2550001, 433497167, 38078725, 474125893
30000, 30000, 0, 0, fixed_reps_3, 37634, 1200, 90135.135267, inf, 173.41040462427745, 2150.4981407881714, 83414.232078, 4134.46089, 0.78448, 2568.846561, 16.811258, 0, 519, 870, 10350001, 402617711, 16407125, 429374837, 37315, 634, 86107.18501, inf, 348.83720930232556, 3109.2280985556567, 82550.972291, 2112.119268, 0.170459, 1425.453773, 18.469219, 0, 258, 602, 5130001, 420911431, 7991261, 434032693, 36712, 310, 86549.22071000002, inf, 697.6744186046511, 4435.832166603672, 84731.923171, 1051.299939, 0.044995, 746.793906, 19.158699, 0, 129, 425, 2550001, 433497167, 3939217, 439986385
30000, 30000, 0, 0, fixed_reps_31, 37509, 1075, 127513.014611, inf, 173.41040462427745, 2150.4981407881714, 83414.232078, 41359.122371, 0.795211, 2568.846561, 170.01839, 0, 5363, 63, 10350001, 402617711, 169538677, 582506389, 37251, 570, 105197.65635500001, inf, 348.83720930232556, 3109.2280985556567, 82550.972291, 21033.179711, 0.223519, 1425.453773, 187.827061, 0, 2666, 62, 5130001, 420911431, 82575561, 508616993, 36664, 262, 96054.19791, inf, 697.6744186046511, 4435.832166603672, 84731.923171, 10361.271115, 0.051687, 746.793906, 214.158031, 0, 1333, 54, 2550001, 433497167, 40704841, 476752009
30000, 30000, 0, 0, fixed_reps_33, 37509, 1075, 130094.19932399999, inf, 173.41040462427745, 2150.4981407881714, 83414.232078, 43929.340884, 0.792766, 2568.846561, 180.987035, 0, 5709, 51, 10350001, 402617711, 180476645, 593444357, 37251, 570, 106555.49298699999, inf, 348.83720930232556, 3109.2280985556567, 82550.972291, 22379.390147, 0.159259, 1425.453773, 199.517517, 0, 2838, 61, 5130001, 420911431, 87903011, 513944443, 36664, 262, 96811.45589900001, inf, 697.6744186046511, 4435.832166603672, 84731.923171, 11103.453922, 0.053921, 746.793906, 229.230979, 0, 1419, 51, 2550001, 433497167, 43330957, 479378125
30000, 30000, 0, 0, fixed_reps_35, 37509, 1075, 132885.41721, inf, 173.41040462427745, 2150.4981407881714, 83414.232078, 46708.821438, 0.804899, 2568.846561, 192.712234, 0, 6055, 49, 10350001, 402617711, 191414613, 604382325, 37251, 570, 107724.110031, inf, 348.83720930232556, 3109.2280985556567, 82550.972291, 23535.3025, 0.174437, 1425.453773, 212.20703, 0, 3010, 60, 5130001, 420911431, 93230461, 519271893, 36664, 262, 97401.287415, inf, 697.6744186046511, 4435.832166603672, 84731.923171, 11682.108756, 0.041378, 746.793906, 240.420204, 0, 1505, 47, 2550001, 433497167, 45957073, 482004241
30000, 30000, 0, 0, fixed_reps_37, 37509, 1075, 135574.258696, inf, 173.41040462427745, 2150.4981407881714, 83414.232078, 49386.719194, 0.809898, 2568.846561, 203.650965, 0, 6401, 43, 10350001, 402617711, 202352581, 615320293, 37251, 570, 109228.52444600001, inf, 348.83720930232556, 3109.2280985556567, 82550.972291, 25030.063649, 0.153458, 1425.453773, 221.881275, 0, 3182, 60, 5130001, 420911431, 98557911, 524599343, 36664, 262, 98046.16452700002, inf, 697.6744186046511, 4435.832166603672, 84731.923171, 12314.319667, 0.05349, 746.793906, 253.074293, 0, 1591, 38, 2550001, 433497167, 48583189, 484630357
30000, 30000, 0, 0, fixed_reps_39, 37507, 1073, 138072.907401, inf, 173.41040462427745, 2150.4981407881714, 83414.232078, 51874.395204, 0.80586, 2568.846561, 214.627698, 0, 6747, 40, 10350001, 402617711, 213290549, 626258261, 37251, 570, 110431.547842, inf, 348.83720930232556, 3109.2280985556567, 82550.972291, 26220.9381, 0.212839, 1425.453773, 233.970839, 0, 3354, 57, 5130001, 420911431, 103885361, 529926793, 36664, 262, 98746.243939, inf, 697.6744186046511, 4435.832166603672, 84731.923171, 13001.840988, 0.050835, 746.793906, 265.635039, 0, 1677, 30, 2550001, 433497167, 51209305, 487256473
30000, 30000, 0, 0, fixed_reps_41, 37507, 1073, 140921.19750799998, inf, 173.41040462427745, 2150.4981407881714, 83414.232078, 54712.028248, 1.325528, 2568.846561, 224.765093, 0, 7093, 38, 10350001, 402617711, 224228517, 637196229, 37251, 570, 111818.654677, inf, 348.83720930232556, 3109.2280985556567, 82550.972291, 27595.714893, 0.151805, 1425.453773, 246.361915, 0, 3526, 55, 5130001, 420911431, 109212811, 535254243, 36664, 262, 99418.993359, inf, 697.6744186046511, 4435.832166603672, 84731.923171, 13663.037312, 0.055344, 746.793906, 277.183626, 0, 1763, 29, 2550001, 433497167, 53835421, 489882589
30000, 30000, 0, 0, fixed_reps_5, 37586, 1152, 92853.44456799999, inf, 173.41040462427745, 2150.4981407881714, 83414.232078, 6841.575619, 0.802294, 2568.846561, 27.988016, 0, 865, 588, 10350001, 402617711, 27345093, 440312805, 37290, 609, 87529.05008399999, inf, 348.83720930232556, 3109.2280985556567, 82550.972291, 3520.246823, 0.152496, 1425.453773, 32.224701, 0, 430, 455, 5130001, 420911431, 13318711, 439360143, 36693, 291, 87250.204676, inf, 697.6744186046511, 4435.832166603672, 84731.923171, 1738.279812, 0.05867, 746.793906, 33.149117, 0, 215, 305, 2550001, 433497167, 6565333, 442612501
30000, 30000, 0, 0, fixed_reps_7, 37559, 1125, 95534.49688800001, inf, 173.41040462427745, 2150.4981407881714, 83414.232078, 9511.11971, 0.784771, 2568.846561, 39.513768, 0, 1211, 397, 10350001, 402617711, 38283061, 451250773, 37273, 592, 88933.20433000001, inf, 348.83720930232556, 3109.2280985556567, 82550.972291, 4912.218614, 0.171933, 1425.453773, 44.387719, 0, 602, 329, 5130001, 420911431, 18646161, 444687593, 36688, 286, 87946.50317600001, inf, 697.6744186046511, 4435.832166603672, 84731.923171, 2419.599151, 0.046417, 746.793906, 48.140531, 0, 301, 242, 2550001, 433497167, 9191449, 445238617
30000, 30000, 0, 0, fixed_reps_9, 37542, 1108, 98226.26461399999, inf, 173.41040462427745, 2150.4981407881714, 83414.232078, 12190.490421, 0.787877, 2568.846561, 51.907677, 0, 1557, 330, 10350001, 402617711, 49221029, 462188741, 37271, 590, 90257.872793, inf, 348.83720930232556, 3109.2280985556567, 82550.972291, 6224.13385, 0.165169, 1425.453773, 57.14771, 0, 774, 251, 5130001, 420911431, 23973611, 450015043, 36683, 281, 88604.35386000002, inf, 697.6744186046511, 4435.832166603672, 84731.923171, 3062.497774, 0.044894, 746.793906, 63.094115, 0, 387, 219, 2550001, 433497167, 11817565, 447864733
30000, 30000, 0, 0, greedy_1.000000, 37784, 1350, 87377.158857, inf, 173.41040462427745, 2150.4981407881714, 83414.232078, 1388.798435, 1.009966, 2568.846561, 4.263501, 0.008316, 173, 1506, 10350001, 402617711, 5469157, 418436869, 37403, 722, 84681.26554, inf, 348.83720930232556, 3109.2280985556567, 82550.972291, 700.780164, 0.156303, 1425.453773, 3.898952, 0.004057, 86, 921, 5130001, 420911431, 2663811, 428705243, 36749, 347, 85825.85642600001, inf, 697.6744186046511, 4435.832166603672, 84731.923171, 343.366776, 0.045595, 746.793906, 3.724434, 0.002544, 43, 571, 2550001, 433497167, 1313101, 437360269
30000, 30000, 0, 0, greedy_11.000000, 37563, 1129, 97181.190244, inf, 173.41040462427745, 2150.4981407881714, 83414.232078, 3478.101596, 1.112886, 2568.846561, 7718.467628, 0.429495, 1903, 762, 10350001, 402617711, 65876673, 478844385, 37278, 597, 90205.201928, inf, 348.83720930232556, 3109.2280985556567, 82550.972291, 1927.534436, 0.164628, 1425.453773, 4300.941326, 0.135474, 946, 515, 5130001, 420911431, 33061646, 459103078, 36685, 283, 89004.956347, inf, 697.6744186046511, 4435.832166603672, 84731.923171, 1008.359705, 0.040406, 746.793906, 2517.811858, 0.027301, 473, 363, 2550001, 433497167, 16608544, 452655712
30000, 30000, 0, 0, greedy_13.000000, 37559, 1125, 98702.72778700001, inf, 173.41040462427745, 2150.4981407881714, 83414.232078, 3645.752608, 0.634069, 2568.846561, 9072.713692, 0.548779, 2249, 761, 10350001, 402617711, 76818577, 489786289, 37274, 593, 91057.297102, inf, 348.83720930232556, 3109.2280985556567, 82550.972291, 1983.515409, 0.162996, 1425.453773, 5097.037793, 0.15484, 1118, 515, 5130001, 420911431, 38391238, 464432670, 36684, 282, 89484.000971, inf, 697.6744186046511, 4435.832166603672, 84731.923171, 1022.447615, 0.049784, 746.793906, 2982.750638, 0.035857, 559, 363, 2550001, 433497167, 19236274, 455283442
30000, 30000, 0, 0, greedy_15.000000, 37557, 1123, 100076.39483399999, inf, 173.41040462427745, 2150.4981407881714, 83414.232078, 3714.723021, 0.829485, 2568.846561, 10377.025165, 0.738524, 2595, 761, 10350001, 402617711, 87760481, 500728193, 37273, 592, 91848.32396, inf, 348.83720930232556, 3109.2280985556567, 82550.972291, 2040.884226, 0.219822, 1425.453773, 5830.618419, 0.175429, 1290, 515, 5130001, 420911431, 43720830, 469762262, 36684, 282, 89961.24350300002, inf, 697.6744186046511, 4435.832166603672, 84731.923171, 1041.543413, 0.038422, 746.793906, 3440.903734, 0.040857, 645, 363, 2550001, 433497167, 21864004, 457911172
30000, 30000, 0, 0, greedy_17.000000, 37556, 1122, 101638.830477, inf, 173.41040462427745, 2150.4981407881714, 83414.232078, 3849.24786, 0.635451, 2568.846561, 11805.229299, 0.639228, 2941, 761, 10350001, 402617711, 98702385, 511670097, 37271, 590, 92605.479563, inf, 348.83720930232556, 3109.2280985556567, 82550.972291, 2087.992558, 0.173566, 1425.453773, 6540.678794, 0.208581, 1462, 514, 5130001, 420911431, 49050422, 475091854, 36684, 282, 90386.54705200001, inf, 697.6744186046511, 4435.832166603672, 84731.923171, 1062.135325, 0.038983, 746.793906, 3845.608379, 0.047288, 731, 362, 2550001, 433497167, 24491734, 460538902
30000, 30000, 0, 0, greedy_19.000000, 37555, 1121, 103159.92620399999, inf, 173.41040462427745, 2150.4981407881714, 83414.232078, 3977.897773, 0.642715, 2568.846561, 13197.46568, 0.841397, 3287, 761, 10350001, 402617711, 109644289, 522612001, 37271, 590, 93380.525551, inf, 348.83720930232556, 3109.2280985556567, 82550.972291, 2133.685348, 0.167054, 1425.453773, 7270.02015, 0.226935, 1634, 514, 5130001, 420911431, 54380014, 480421446, 36683, 281, 90825.07329999999, inf, 697.6744186046511, 4435.832166603672, 84731.923171, 1079.014468, 0.038722, 746.793906, 4267.25342, 0.049613, 817, 362, 2550001, 433497167, 27119464, 463166632
30000, 30000, 0, 0, greedy_21.000000, 37551, 1117, 104621.12930200002, inf, 173.41040462427745, 2150.4981407881714, 83414.232078, 4115.286785, 0.852908, 2568.846561, 14521.093107, 0.817863, 3633, 761, 10350001, 402617711, 120586193, 533553905, 37269, 588, 94163.475185, inf, 348.83720930232556, 3109.2280985556567, 82550.972291, 2179.241479, 0.151495, 1425.453773, 8007.399756, 0.256391, 1806, 514, 5130001, 420911431, 59709606, 485751038, 36682, 280, 91276.61615400002, inf, 697.6744186046511, 4435.832166603672, 84731.923171, 1098.137879, 0.052729, 746.793906, 4699.648076, 0.060393, 903, 362, 2550001, 433497167, 29747194, 465794362
30000, 30000, 0, 0, greedy_23.000000, 37547, 1113, 105938.91743900001, inf, 173.41040462427745, 2150.4981407881714, 83414.232078, 4217.293422, 0.652654, 2568.846561, 15736.667076, 1.225648, 3979, 760, 10350001, 402617711, 131528097, 544495809, 37267, 586, 94967.80399300001, inf, 348.83720930232556, 3109.2280985556567, 82550.972291, 2227.727154, 0.163677, 1425.453773, 8763.215759, 0.271339, 1978, 514, 5130001, 420911431, 65039198, 491080630, 36681, 279, 91712.78366900001, inf, 697.6744186046511, 4435.832166603672, 84731.923171, 1121.162361, 0.037861, 746.793906, 5112.806327, 0.060043, 989, 362, 2550001, 433497167, 32374924, 468422092
30000, 30000, 0, 0, greedy_25.000000, 37546, 1112, 107281.83931299999, inf, 173.41040462427745, 2150.4981407881714, 83414.232078, 4310.094183, 0.843201, 2568.846561, 16986.535957, 1.287333, 4325, 760, 10350001, 402617711, 142470001, 555437713, 37267, 586, 95751.21460200001, inf, 348.83720930232556, 3109.2280985556567, 82550.972291, 2281.034172, 0.166542, 1425.453773, 9493.252084, 0.33574, 2150, 514, 5130001, 420911431, 70368790, 496410222, 36681, 279, 92094.658115, inf, 697.6744186046511, 4435.832166603672, 84731.923171, 1134.917808, 0.043832, 746.793906, 5480.910278, 0.06912, 1075, 361, 2550001, 433497167, 35002654, 471049822
30000, 30000, 0, 0, greedy_27.000000, 37544, 1110, 108654.871245, inf, 173.41040462427745, 2150.4981407881714, 83414.232078, 4413.691008, 0.657492, 2568.846561, 18256.042719, 1.401387, 4671, 760, 10350001, 402617711, 153411905, 566379617, 37266, 585, 96425.85639300001, inf, 348.83720930232556, 3109.2280985556567, 82550.972291, 2323.882354, 0.165009, 1425.453773, 10125.033391, 0.349575, 2322, 513, 5130001, 420911431, 75698382, 501739814, 36680, 278, 92527.59106800001, inf, 697.6744186046511, 4435.832166603672, 84731.923171, 1149.819143, 0.038222, 746.793906, 5898.946675, 0.069951, 1161, 361, 2550001, 433497167, 37630384, 473677552
30000, 30000, 0, 0, greedy_29.000000, 37543, 1109, 110062.623636, inf, 173.41040462427745, 2150.4981407881714, 83414.232078, 4532.855265, 0.847691, 2568.846561, 19544.799815, 1.042226, 5017, 760, 10350001, 402617711, 164353809, 577321521, 37264, 583, 97185.691724, inf, 348.83720930232556, 3109.2280985556567, 82550.972291, 2372.847618, 0.153007, 1425.453773, 10835.907575, 0.35746, 2494, 513, 5130001, 420911431, 81027974, 507069406, 36676, 274, 92931.12759, inf, 697.6744186046511, 4435.832166603672, 84731.923171, 1167.540336, 0.040616, 746.793906, 6284.757957, 0.071604, 1247, 361, 2550001, 433497167, 40258114, 476305282
30000, 30000, 0, 0, greedy_3.000000, 37617, 1183, 90600.212646, inf, 173.41040462427745, 2150.4981407881714, 83414.232078, 2892.932227, 0.868851, 2568.846561, 1723.231739, 0.10119, 519, 765, 10350001, 402617711, 22109057, 435076769, 37313, 632, 86638.069183, inf, 348.83720930232556, 3109.2280985556567, 82550.972291, 1676.263015, 0.155551, 1425.453773, 985.195889, 0.028664, 258, 520, 5130001, 420911431, 11743278, 437784710, 36708, 306, 86961.43758700002, inf, 697.6744186046511, 4435.832166603672, 84731.923171, 912.310945, 0.044183, 746.793906, 570.354231, 0.011151, 129, 369, 2550001, 433497167, 6097624, 442144792
30000, 30000, 0, 0, greedy_31.000000, 37543, 1109, 111465.518767, inf, 173.41040462427745, 2150.4981407881714, 83414.232078, 4643.336478, 0.673383, 2568.846561, 20837.041692, 1.388575, 5363, 760, 10350001, 402617711, 175295713, 588263425, 37264, 583, 97874.14515399998, inf, 348.83720930232556, 3109.2280985556567, 82550.972291, 2427.542073, 0.166743, 1425.453773, 11469.609202, 0.401072, 2666, 513, 5130001, 420911431, 86357566, 512398998, 36676, 274, 93345.36933700001, inf, 697.6744186046511, 4435.832166603672, 84731.923171, 1184.902235, 0.038712, 746.793906, 6681.638065, 0.073248, 1333, 361, 2550001, 433497167, 42885844, 478933012
30000, 30000, 0, 0, greedy_33.000000, 37543, 1109, 112855.039393, inf, 173.41040462427745, 2150.4981407881714, 83414.232078, 4748.587806, 0.669055, 2568.846561, 22121.243755, 1.460138, 5709, 760, 10350001, 402617711, 186237617, 599205329, 37262, 581, 98576.096047, inf, 348.83720930232556, 3109.2280985556567, 82550.972291, 2450.286267, 0.167053, 1425.453773, 12148.769104, 0.447559, 2838, 513, 5130001, 420911431, 91687158, 517728590, 36676, 274, 93769.36491700001, inf, 697.6744186046511, 4435.832166603672, 84731.923171, 1201.978048, 0.040586, 746.793906, 7088.537343, 0.091863, 1419, 361, 2550001, 433497167, 45513574, 481560742
30000, 30000, 0, 0, greedy_35.000000, 37541, 1107, 114301.587814, inf, 173.41040462427745, 2150.4981407881714, 83414.232078, 4876.810927, 0.667925, 2568.846561, 23439.365384, 1.664939, 6055, 760, 10350001, 402617711, 197179521, 610147233, 37262, 581, 99329.04321299998, inf, 348.83720930232556, 3109.2280985556567, 82550.972291, 2503.572861, 0.16569, 1425.453773, 12848.412384, 0.466214, 3010, 513, 5130001, 420911431, 97016750, 523058182, 36675, 273, 94124.210356, inf, 697.6744186046511, 4435.832166603672, 84731.923171, 1222.475628, 0.041808, 746.793906, 7422.892817, 0.083026, 1505, 361, 2550001, 433497167, 48141304, 484188472
30000, 30000, 0, 0, greedy_37.000000, 37535, 1101, 115692.192671, inf, 173.41040462427745, 2150.4981407881714, 83414.232078, 4982.16825, 0.666921, 2568.846561, 24724.746044, 1.532817, 6401, 760, 10350001, 402617711, 208121425, 621089137, 37262, 581, 100080.263303, inf, 348.83720930232556, 3109.2280985556567, 82550.972291, 2541.880343, 0.168787, 1425.453773, 13561.322226, 0.465883, 3182, 513, 5130001, 420911431, 102346342, 528387774, 36673, 271, 94484.18236000002, inf, 697.6744186046511, 4435.832166603672, 84731.923171, 1239.867322, 0.043602, 746.793906, 7765.467806, 0.086553, 1591, 360, 2550001, 433497167, 50769034, 486816202
30000, 30000, 0, 0, greedy_39.000000, 37532, 1098, 116983.14513900001, inf, 173.41040462427745, 2150.4981407881714, 83414.232078, 5128.131341, 0.940014, 2568.846561, 25869.195097, 1.800048, 6747, 759, 10350001, 402617711, 219063329, 632031041, 37262, 581, 101131.44276299998, inf, 348.83720930232556, 3109.2280985556567, 82550.972291, 2707.456373, 0.163246, 1425.453773, 14446.886783, 0.510297, 3354, 513, 5130001, 420911431, 107675934, 533717366, 36673, 271, 94970.455988, inf, 697.6744186046511, 4435.832166603672, 84731.923171, 1250.749269, 0.040285, 746.793906, 8240.857786, 0.091571, 1677, 360, 2550001, 433497167, 53396764, 489443932
30000, 30000, 0, 0, greedy_5.000000, 37595, 1161, 92346.409352, inf, 173.41040462427745, 2150.4981407881714, 83414.232078, 3070.520974, 1.148536, 2568.846561, 3291.466318, 0.194885, 865, 763, 10350001, 402617711, 33050961, 446018673, 37295, 614, 87618.662632, inf, 348.83720930232556, 3109.2280985556567, 82550.972291, 1763.677583, 0.166622, 1425.453773, 1878.334925, 0.057438, 430, 517, 5130001, 420911431, 17072870, 443114302, 36702, 300, 87505.98827900001, inf, 697.6744186046511, 4435.832166603672, 84731.923171, 936.932607, 0.040446, 746.793906, 1090.283622, 0.014527, 215, 366, 2550001, 433497167, 8725354, 444772522
30000, 30000, 0, 0, greedy_7.000000, 37579, 1145, 93937.17968100001, inf, 173.41040462427745, 2150.4981407881714, 83414.232078, 3189.294703, 0.873068, 2568.846561, 4763.631955, 0.301316, 1211, 763, 10350001, 402617711, 43992865, 456960577, 37288, 607, 88495.174091, inf, 348.83720930232556, 3109.2280985556567, 82550.972291, 1811.637783, 0.16564, 1425.453773, 2706.864985, 0.079619, 602, 516, 5130001, 420911431, 22402462, 448443894, 36699, 297, 88011.484452, inf, 697.6744186046511, 4435.832166603672, 84731.923171, 958.366771, 0.039454, 746.793906, 1574.342265, 0.018885, 301, 365, 2550001, 433497167, 11353084, 447400252
30000, 30000, 0, 0, greedy_9.000000, 37565, 1131, 95600.56596099999, inf, 173.41040462427745, 2150.4981407881714, 83414.232078, 3369.447112, 0.854334, 2568.846561, 6246.859814, 0.326062, 1557, 762, 10350001, 402617711, 54934769, 467902481, 37282, 601, 89393.092613, inf, 348.83720930232556, 3109.2280985556567, 82550.972291, 1874.197942, 0.211016, 1425.453773, 3542.148407, 0.109184, 774, 516, 5130001, 420911431, 27732054, 453773486, 36693, 291, 88532.23965200002, inf, 697.6744186046511, 4435.832166603672, 84731.923171, 978.84837, 0.039434, 746.793906, 2074.611297, 0.023474, 387, 364, 2550001, 433497167, 13980814, 450027982
30000, 30000, 0, 0, opt, 37507, 1073, 95564.324813, inf, 173.41040462427745, 2150.4981407881714, 83414.232078, 9580.468998, 0.777176, 2568.846561, 0, 0, 0, 0, 10350001, 402617711, 48716752, 461684464, 37243, 562, 90486.942518, inf, 348.83720930232556, 3109.2280985556567, 82550.972291, 6510.356705, 0.159749, 1425.453773, 0, 0, 0, 0, 5130001, 420911431, 29579014, 455620446, 36662, 260, 89391.81791900001, inf, 697.6744186046511, 4435.832166603672, 84731.923171, 3913.053503, 0.047339, 746.793906, 0, 0, 0, 0, 2550001, 433497167, 16646670, 452693838
30000, 30000, 0, 0, plus_edge, 37691, 1257, 87424.268317, inf, 173.41040462427745, 2150.4981407881714, 83414.232078, 1440.28936, 0.900318, 2568.846561, 0, 0, 0, 0, 10350001, 402617711, 5468568, 418436280, 37370, 689, 84687.468293, inf, 348.83720930232556, 3109.2280985556567, 82550.972291, 710.892719, 0.14951, 1425.453773, 0, 0, 0, 0, 5130001, 420911431, 2640950, 428682382, 36736, 334, 85827.92791700001, inf, 697.6744186046511, 4435.832166603672, 84731.923171, 349.147762, 0.063078, 746.793906, 0, 0, 0, 0, 2550001, 433497167, 1284822, 437331990
30000, 30000, 0, 0, simple, 37784, 1350, 87395.936165, inf, 173.41040462427745, 2150.4981407881714, 83414.232078, 1412.237534, 0.619992, 2568.846561, 0, 0, 0, 0, 10350001, 402617711, 5438984, 418406696, 37403, 722, 84685.801756, inf, 348.83720930232556, 3109.2280985556567, 82550.972291, 709.22567, 0.150022, 1425.453773, 0, 0, 0, 0, 5130001, 420911431, 2633725, 428675157, 36749, 347, 85825.72174900002, inf, 697.6744186046511, 4435.832166603672, 84731.923171, 346.958045, 0.046627, 746.793906, 0, 0, 0, 0, 2550001, 433497167, 1283058, 437330226
30000, 30000, 0, 0, dp_1.000000, 38449, 1335, 87946.626908, inf, 173.41040462427745, 2146.7552257297793, 83912.157165, 1391.522517, 0.845015, 2638.050497, 4.042387, 0.009327, 173, 0, 10350001, 401226423, 5476897, 417053321, 37622, 728, 81476.47603, inf, 348.83720930232556, 3122.554141860158, 79333.840446, 696.515385, 0.157425, 1442.452361, 3.505033, 0.00538, 86, 0, 5130001, 424482366, 2653186, 432265553, 37184, 368, 76696.540612, inf, 697.6744186046511, 4437.694471184125, 75578.120919, 354.852029, 0.031439, 760.143202, 3.389687, 0.003336, 43, 0, 2550001, 433852459, 1310665, 437713125
30000, 30000, 0, 0, dp_11.000000, 38203, 1089, 105466.75401000002, inf, 173.41040462427745, 2146.7552257297793, 83912.157165, 11027.714303, 0.81118, 2638.050497, 7722.850732, 165.170133, 1903, 7, 10350001, 401226423, 105030953, 516607377, 37484, 590, 91453.246808, inf, 348.83720930232556, 3122.554141860158, 79333.840446, 6257.106193, 0.169147, 1442.452361, 4400.635175, 19.043486, 946, 10, 5130001, 424482366, 52968971, 482581338, 37125, 309, 82226.982227, inf, 697.6744186046511, 4437.694471184125, 75578.120919, 3379.071087, 0.048902, 760.143202, 2507.180684, 2.417433, 473, 28, 2550001, 433852459, 27115500, 463517960
30000, 30000, 0, 0, dp_13.000000, 38203, 1089, 107551.38276000001, inf, 173.41040462427745, 2146.7552257297793, 83912.157165, 11707.02354, 0.636423, 2638.050497, 9063.057522, 230.457613, 2249, 6, 10350001, 401226423, 119671541, 531247965, 37484, 590, 92274.96980600001, inf, 348.83720930232556, 3122.554141860158, 79333.840446, 6292.710483, 0.224611, 1442.452361, 5178.717179, 27.024726, 1118, 8, 5130001, 424482366, 57956933, 487569300, 37122, 306, 83229.05028899999, inf, 697.6744186046511, 4437.694471184125, 75578.120919, 3911.669406, 0.046066, 760.143202, 2975.668907, 3.401789, 559, 13, 2550001, 433852459, 32014988, 468417448
30000, 30000, 0, 0, dp_15.000000, 38203, 1089, 108850.25273899999, inf, 173.41040462427745, 2146.7552257297793, 83912.157165, 11609.554881, 0.632997, 2638.050497, 10379.923648, 309.933551, 2595, 5, 10350001, 401226423, 128591287, 540167711, 37484, 590, 93052.19572900001, inf, 348.83720930232556, 3122.554141860158, 79333.840446, 6234.194917, 0.173766, 1442.452361, 6005.136363, 36.397876, 1290, 7, 5130001, 424482366, 62974029, 492586396, 37122, 306, 83716.70259300001, inf, 697.6744186046511, 4437.694471184125, 75578.120919, 3929.252349, 0.050745, 760.143202, 3444.601586, 4.533792, 645, 10, 2550001, 433852459, 34553471, 470955931
30000, 30000, 0, 0, dp_17.000000, 38203, 1089, 111947.334234, inf, 173.41040462427745, 2146.7552257297793, 83912.157165, 13192.480505, 0.638807, 2638.050497, 11803.300494, 400.706766, 2941, 5, 10350001, 401226423, 149349211, 560925635, 37484, 590, 94857.947976, inf, 348.83720930232556, 3122.554141860158, 79333.840446, 7323.264652, 0.176541, 1442.452361, 6710.941356, 47.27262, 1462, 7, 5130001, 424482366, 73293513, 502905880, 37122, 306, 84570.128331, inf, 697.6744186046511, 4437.694471184125, 75578.120919, 4371.904654, 0.051647, 760.143202, 3854.066805, 5.841104, 731, 10, 2550001, 433852459, 39708999, 476111459
30000, 30000, 0, 0, dp_19.000000, 38203, 1089, 111356.539782, inf, 173.41040462427745, 2146.7552257297793, 83912.157165, 11146.046705, 0.638166, 2638.050497, 13157.673451, 501.973798, 3287, 4, 10350001, 401226423, 145779396, 557355820, 37484, 590, 94865.74014200001, inf, 348.83720930232556, 3122.554141860158, 79333.840446, 6604.038066, 0.175109, 1442.452361, 7425.357019, 59.877141, 1634, 6, 5130001, 424482366, 74843663, 504456030, 37122, 306, 84952.17461300001, inf, 697.6744186046511, 4437.694471184125, 75578.120919, 4323.67517, 0.049824, 760.143202, 4282.867174, 7.318324, 817, 9, 2550001, 433852459, 41953432, 478355892
30000, 30000, 0, 0, dp_21.000000, 38203, 1089, 114479.01604300001, inf, 173.41040462427745, 2146.7552257297793, 83912.157165, 12784.608022, 0.638537, 2638.050497, 14525.756519, 617.805303, 3633, 4, 10350001, 401226423, 166537320, 578113744, 37484, 590, 96674.63812999999, inf, 348.83720930232556, 3122.554141860158, 79333.840446, 7685.31283, 0.171542, 1442.452361, 8139.586614, 73.274337, 1806, 6, 5130001, 424482366, 85163147, 514775514, 37122, 306, 85059.17787300001, inf, 697.6744186046511, 4437.694471184125, 75578.120919, 3993.588266, 0.057388, 760.143202, 4718.296915, 8.971183, 903, 8, 2550001, 433852459, 42374755, 478777215
30000, 30000, 0, 0, dp_23.000000, 38203, 1089, 117429.035604, inf, 173.41040462427745, 2146.7552257297793, 83912.157165, 14404.89995, 0.638677, 2638.050497, 15732.490367, 740.798948, 3979, 4, 10350001, 401226423, 187295244, 598871668, 37484, 590, 98525.677355, inf, 348.83720930232556, 3122.554141860158, 79333.840446, 8775.430548, 0.215424, 1442.452361, 8885.174905, 88.563671, 1978, 6, 5130001, 424482366, 95482631, 525094998, 37122, 306, 85895.264153, inf, 697.6744186046511, 4437.694471184125, 75578.120919, 4419.153662, 0.053401, 760.143202, 5127.017032, 10.775937, 989, 8, 2550001, 433852459, 47530283, 483932743
30000, 30000, 0, 0, dp_25.000000, 38203, 1089, 120502.04697399998, inf, 173.41040462427745, 2146.7552257297793, 83912.157165, 16060.041942, 0.827601, 2638.050497, 16996.550287, 894.419482, 4325, 4, 10350001, 401226423, 208053168, 619629592, 37484, 590, 97312.01292600002, inf, 348.83720930232556, 3122.554141860158, 79333.840446, 6777.227897, 0.173907, 1442.452361, 9652.998428, 105.319887, 2150, 5, 5130001, 424482366, 90827239, 520439606, 37122, 306, 86727.05425899998, inf, 697.6744186046511, 4437.694471184125, 75578.120919, 4865.702942, 0.044984, 760.143202, 5510.297499, 12.744713, 1075, 8, 2550001, 433852459, 52685811, 489088271
30000, 30000, 0, 0, dp_27.000000, 38203, 1089, 123598.13826100001, inf, 173.41040462427745, 2146.7552257297793, 83912.157165, 17751.458656, 0.641543, 2638.050497, 18261.841841, 1033.988559, 4671, 4, 10350001, 401226423, 228811092, 640387516, 37484, 590, 99118.462664, inf, 348.83720930232556, 3122.554141860158, 79333.840446, 7852.473782, 0.217037, 1442.452361, 10364.053192, 125.425846, 2322, 5, 5130001, 424482366, 101146723, 530759090, 37122, 306, 86408.97930399998, inf, 697.6744186046511, 4437.694471184125, 75578.120919, 4171.562482, 0.040115, 760.143202, 5884.188669, 14.923917, 1161, 7, 2550001, 433852459, 50842949, 487245409
30000, 30000, 0, 0, dp_29.000000, 38203, 1089, 119318.153181, inf, 173.41040462427745, 2146.7552257297793, 83912.157165, 12016.761067, 0.640852, 2638.050497, 19559.291322, 1191.252278, 5017, 3, 10350001, 401226423, 201904773, 613481197, 37484, 590, 100877.953401, inf, 348.83720930232556, 3122.554141860158, 79333.840446, 8963.954596, 0.178104, 1442.452361, 10994.881541, 142.646353, 2494, 5, 5130001, 424482366, 111466207, 541078574, 37122, 306, 87225.980516, inf, 697.6744186046511, 4437.694471184125, 75578.120919, 4578.661255, 0.041358, 760.143202, 6291.747254, 17.266528, 1247, 7, 2550001, 433852459, 55998477, 492400937
30000, 30000, 0, 0, dp_3.000000, 38263, 1149, 92117.801906, inf, 173.41040462427745, 2146.7552257297793, 83912.157165, 3834.051113, 0.822855, 2638.050497, 1723.981957, 8.738319, 519, 481, 10350001, 401226423, 26805314, 438381738, 37532, 638, 83735.233122, inf, 348.83720930232556, 3122.554141860158, 79333.840446, 1955.432982, 0.164338, 1442.452361, 1002.252599, 1.090396, 258, 308, 5130001, 424482366, 13119380, 442731747, 37146, 330, 77914.435878, inf, 697.6744186046511, 4437.694471184125, 75578.120919, 1013.163243, 0.046387, 760.143202, 562.776639, 0.185488, 129, 231, 2550001, 433852459, 6512891, 442915351
30000, 30000, 0, 0, dp_31.000000, 38203, 1089, 122420.282085, inf, 173.41040462427745, 2146.7552257297793, 83912.157165, 13638.350923, 0.811242, 2638.050497, 20878.949238, 1351.96302, 5363, 3, 10350001, 401226423, 222662697, 634239121, 37484, 590, 102629.610415, inf, 348.83720930232556, 3122.554141860158, 79333.840446, 10027.265456, 0.220103, 1442.452361, 11662.632008, 163.200041, 2666, 5, 5130001, 424482366, 121785691, 551398058, 37122, 306, 88089.192085, inf, 697.6744186046511, 4437.694471184125, 75578.120919, 5022.356494, 0.044152, 760.143202, 6708.742228, 19.78509, 1333, 7, 2550001, 433852459, 61154005, 497556465
30000, 30000, 0, 0, dp_33.000000, 38203, 1089, 125530.202577, inf, 173.41040462427745, 2146.7552257297793, 83912.157165, 15280.956391, 0.644309, 2638.050497, 22161.212563, 1537.181652, 5709, 3, 10350001, 401226423, 243420621, 654997045, 37484, 590, 104383.275615, inf, 348.83720930232556, 3122.554141860158, 79333.840446, 11095.112605, 0.175068, 1442.452361, 12326.449868, 185.245267, 2838, 5, 5130001, 424482366, 132105175, 561717542, 37122, 306, 88942.088711, inf, 697.6744186046511, 4437.694471184125, 75578.120919, 5464.788064, 0.045776, 760.143202, 7116.548729, 22.442021, 1419, 7, 2550001, 433852459, 66309533, 502711993
30000, 30000, 0, 0, dp_35.000000, 38203, 1089, 128674.62898000001, inf, 173.41040462427745, 2146.7552257297793, 83912.157165, 16889.064292, 0.644071, 2638.050497, 23460.827061, 1773.885894, 6055, 3, 10350001, 401226423, 264178545, 675754969, 37484, 590, 106196.483535, inf, 348.83720930232556, 3122.554141860158, 79333.840446, 12208.972649, 0.22403, 1442.452361, 13002.239781, 208.754268, 3010, 5, 5130001, 424482366, 142424659, 572037026, 37122, 306, 88220.019957, inf, 697.6744186046511, 4437.694471184125, 75578.120919, 4323.446712, 0.044253, 760.143202, 7532.830343, 25.434528, 1505, 6, 2550001, 433852459, 62026056, 498428516
30000, 30000, 0, 0, dp_37.000000, 38203, 1089, 131826.22918700002, inf, 173.41040462427745, 2146.7552257297793, 83912.157165, 18527.391495, 0.808538, 2638.050497, 24752.651963, 1995.169529, 6401, 3, 10350001, 401226423, 284936469, 696512893, 37484, 590, 102181.124349, inf, 348.83720930232556, 3122.554141860158, 79333.840446, 7474.086392, 0.176912, 1442.452361, 13695.256024, 235.312214, 3182, 4, 5130001, 424482366, 124892039, 554504406, 37122, 306, 89017.362926, inf, 697.6744186046511, 4437.694471184125, 75578.120919, 4770.791629, 0.046627, 760.143202, 7879.873204, 28.387345, 1591, 6, 2550001, 433852459, 67181584, 503584044
30000, 30000, 0, 0, dp_39.000000, 38203, 1089, 134866.91079, inf, 173.41040462427745, 2146.7552257297793, 83912.157165, 20199.307948, 0.824418, 2638.050497, 25939.7905, 2176.780262, 6747, 3, 10350001, 401226423, 305694393, 717270817, 37484, 590, 103989.20224900001, inf, 348.83720930232556, 3122.554141860158, 79333.840446, 8548.49088, 0.161232, 1442.452361, 14403.64083, 260.6165, 3354, 4, 5130001, 424482366, 135211523, 564823890, 37122, 306, 89816.678712, inf, 697.6744186046511, 4437.694471184125, 75578.120919, 5216.529962, 0.046548, 760.143202, 8230.219416, 31.618665, 1677, 6, 2550001, 433852459, 72337112, 508739572
30000, 30000, 0, 0, dp_5.000000, 38224, 1110, 96095.345498, inf, 173.41040462427745, 2146.7552257297793, 83912.157165, 6230.687494, 0.749617, 2638.050497, 3284.797893, 28.902832, 865, 184, 10350001, 401226423, 48140423, 459716847, 37509, 615, 85926.19119700002, inf, 348.83720930232556, 3122.554141860158, 79333.840446, 3235.623359, 0.169097, 1442.452361, 1910.674178, 3.431756, 430, 154, 5130001, 424482366, 23586437, 453198804, 37140, 324, 79059.948119, inf, 697.6744186046511, 4437.694471184125, 75578.120919, 1645.59314, 0.048531, 760.143202, 1075.529515, 0.512812, 215, 131, 2550001, 433852459, 11682997, 448085457
30000, 30000, 0, 0, dp_7.000000, 38210, 1096, 99786.11699000001, inf, 173.41040462427745, 2146.7552257297793, 83912.157165, 8405.102056, 0.798028, 2638.050497, 4769.017232, 60.992012, 1211, 54, 10350001, 401226423, 69475532, 481051956, 37492, 598, 87976.35171100001, inf, 348.83720930232556, 3122.554141860158, 79333.840446, 4424.770501, 0.208521, 1442.452361, 2767.741559, 7.338323, 602, 73, 5130001, 424482366, 33994363, 463606730, 37131, 315, 80181.796049, inf, 697.6744186046511, 4437.694471184125, 75578.120919, 2274.920451, 0.04822, 760.143202, 1567.580725, 0.982532, 301, 74, 2550001, 433852459, 16881965, 453284425
30000, 30000, 0, 0, dp_9.000000, 38203, 1089, 102960.78317, inf, 173.41040462427745, 2146.7552257297793, 83912.157165, 10090.919881, 0.710232, 2638.050497, 6213.037941, 105.907454, 1557, 9, 10350001, 401226423, 89370809, 500947233, 37486, 592, 89932.353011, inf, 348.83720930232556, 3122.554141860158, 79333.840446, 5509.221034, 0.17571, 1442.452361, 3634.169828, 12.493632, 774, 24, 5130001, 424482366, 44337980, 473950347, 37128, 312, 81236.04422600001, inf, 697.6744186046511, 4437.694471184125, 75578.120919, 2842.525347, 0.06401, 760.143202, 2053.585317, 1.605431, 387, 45, 2550001, 433852459, 21926306, 458328766
30000, 30000, 0, 0, fixed_reps_1, 38449, 1335, 87948.04159, inf, 173.41040462427745, 2146.7552257297793, 83912.157165, 1391.665858, 1.926891, 2638.050497, 4.241179, 0, 173, 1507, 10350001, 401226423, 5476897, 417053321, 37622, 728, 81482.316319, inf, 348.83720930232556, 3122.554141860158, 79333.840446, 702.178407, 0.166382, 1442.452361, 3.678723, 0, 86, 896, 5130001, 424482366, 2653186, 432265553, 37184, 368, 76700.19477500001, inf, 697.6744186046511, 4437.694471184125, 75578.120919, 358.470986, 0.047409, 760.143202, 3.412259, 0, 43, 530, 2550001, 433852459, 1310665, 437713125
30000, 30000, 0, 0, fixed_reps_11, 38227, 1113, 101630.11501800001, inf, 173.41040462427745, 2146.7552257297793, 83912.157165, 15016.316601, 0.743935, 2638.050497, 62.84682, 0, 1903, 302, 10350001, 401226423, 60244137, 471820561, 37507, 613, 88441.14060900001, inf, 348.83720930232556, 3122.554141860158, 79333.840446, 7593.986156, 0.167013, 1442.452361, 70.694633, 0, 946, 198, 5130001, 424482366, 29184186, 458796553, 37131, 315, 80330.27486, inf, 697.6744186046511, 4437.694471184125, 75578.120919, 3917.31754, 0.046498, 760.143202, 74.646701, 0, 473, 157, 2550001, 433852459, 14416885, 450819345
30000, 30000, 0, 0, fixed_reps_13, 38225, 1111, 104270.514707, inf, 173.41040462427745, 2146.7552257297793, 83912.157165, 17645.082025, 0.824916, 2638.050497, 74.400104, 0, 2249, 244, 10350001, 401226423, 71197585, 482774009, 37503, 609, 89830.95402, inf, 348.83720930232556, 3122.554141860158, 79333.840446, 8970.209975, 0.244299, 1442.452361, 84.206939, 0, 1118, 178, 5130001, 424482366, 34490386, 464102753, 37131, 315, 81075.087018, inf, 697.6744186046511, 4437.694471184125, 75578.120919, 4648.720723, 0.064722, 760.143202, 88.037452, 0, 559, 122, 2550001, 433852459, 17038129, 453440589
30000, 30000, 0, 0, fixed_reps_15, 38218, 1104, 106959.239588, inf, 173.41040462427745, 2146.7552257297793, 83912.157165, 20322.561419, 0.723997, 2638.050497, 85.74651, 0, 2595, 204, 10350001, 401226423, 82151033, 493727457, 37497, 603, 91123.438721, inf, 348.83720930232556, 3122.554141860158, 79333.840446, 10248.515714, 0.215805, 1442.452361, 98.414395, 0, 1290, 158, 5130001, 424482366, 39796586, 469408953, 37131, 315, 81734.57364300001, inf, 697.6744186046511, 4437.694471184125, 75578.120919, 5292.966545, 0.044313, 760.143202, 103.298664, 0, 645, 103, 2550001, 433852459, 19659373, 456061833
30000, 30000, 0, 0, fixed_reps_17, 38217, 1103, 109613.21179, inf, 173.41040462427745, 2146.7552257297793, 83912.157165, 22965.2056, 0.794269, 2638.050497, 97.004259, 0, 2941, 171, 10350001, 401226423, 93104481, 504680905, 37494, 600, 92458.020778, inf, 348.83720930232556, 3122.554141860158, 79333.840446, 11571.778252, 0.223008, 1442.452361, 109.726711, 0, 1462, 147, 5130001, 424482366, 45102786, 474715153, 37131, 315, 82455.291758, inf, 697.6744186046511, 4437.694471184125, 75578.120919, 5999.760066, 0.045926, 760.143202, 117.221645, 0, 731, 94, 2550001, 433852459, 22280617, 458683077
30000, 30000, 0, 0, fixed_reps_19, 38213, 1099, 112319.788135, inf, 173.41040462427745, 2146.7552257297793, 83912.157165, 25660.693092, 0.814927, 2638.050497, 108.072454, 0, 3287, 128, 10350001, 401226423, 104057929, 515634353, 37490, 596, 93814.949877, inf, 348.83720930232556, 3122.554141860158, 79333.840446, 12914.747619, 0.177052, 1442.452361, 123.732399, 0, 1634, 119, 5130001, 424482366, 50408986, 480021353, 37130, 314, 83165.160656, inf, 697.6744186046511, 4437.694471184125, 75578.120919, 6695.632095, 0.047389, 760.143202, 131.217051, 0, 817, 73, 2550001, 433852459, 24901861, 461304321
30000, 30000, 0, 0, fixed_reps_21, 38212, 1098, 114920.479311, inf, 173.41040462427745, 2146.7552257297793, 83912.157165, 28250.661229, 0.787496, 2638.050497, 118.822924, 0, 3633, 113, 10350001, 401226423, 115011377, 526587801, 37488, 594, 95157.86604600001, inf, 348.83720930232556, 3122.554141860158, 79333.840446, 14246.426793, 0.170801, 1442.452361, 134.975645, 0, 1806, 102, 5130001, 424482366, 55715186, 485327553, 37127, 311, 83860.579866, inf, 697.6744186046511, 4437.694471184125, 75578.120919, 7377.798541, 0.046377, 760.143202, 144.470827, 0, 903, 68, 2550001, 433852459, 27523105, 463925565
30000, 30000, 0, 0, fixed_reps_23, 38210, 1096, 117650.40234599999, inf, 173.41040462427745, 2146.7552257297793, 83912.157165, 30970.328543, 0.792385, 2638.050497, 129.073756, 0, 3979, 90, 10350001, 401226423, 125964825, 537541249, 37488, 594, 96547.26753900001, inf, 348.83720930232556, 3122.554141860158, 79333.840446, 15622.147008, 0.218189, 1442.452361, 148.609535, 0, 1978, 93, 5130001, 424482366, 61021386, 490633753, 37127, 311, 84729.939329, inf, 697.6744186046511, 4437.694471184125, 75578.120919, 8235.5844, 0.059261, 760.143202, 156.031547, 0, 989, 65, 2550001, 433852459, 30144349, 466546809
30000, 30000, 0, 0, fixed_reps_25, 38208, 1094, 120430.92475399999, inf, 173.41040462427745, 2146.7552257297793, 83912.157165, 33740.203795, 0.825367, 2638.050497, 139.68793, 0, 4325, 85, 10350001, 401226423, 136918273, 548494697, 37488, 594, 97828.42357900001, inf, 348.83720930232556, 3122.554141860158, 79333.840446, 16891.89331, 0.222056, 1442.452361, 160.015406, 0, 2150, 81, 5130001, 424482366, 66327586, 495939953, 37127, 311, 85348.077749, inf, 697.6744186046511, 4437.694471184125, 75578.120919, 8843.222186, 0.045906, 760.143202, 166.545536, 0, 1075, 54, 2550001, 433852459, 32765593, 469168053
30000, 30000, 0, 0, fixed_reps_27, 38208, 1094, 122949.198831, inf, 173.41040462427745, 2146.7552257297793, 83912.157165, 36248.487666, 0.807995, 2638.050497, 149.695508, 0, 4671, 84, 10350001, 401226423, 147871721, 559448145, 37487, 593, 99157.34232499999, inf, 348.83720930232556, 3122.554141860158, 79333.840446, 18207.94316, 0.214883, 1442.452361, 172.891475, 0, 2322, 76, 5130001, 424482366, 71633786, 501246153, 37127, 311, 85917.072405, inf, 697.6744186046511, 4437.694471184125, 75578.120919, 9399.153124, 0.0587, 760.143202, 179.59646, 0, 1161, 50, 2550001, 433852459, 35386837, 471789297
30000, 30000, 0, 0, fixed_reps_29, 38208, 1094, 125655.39181600002, inf, 173.41040462427745, 2146.7552257297793, 83912.157165, 38943.832665, 0.820649, 2638.050497, 160.53084, 0, 5017, 79, 10350001, 401226423, 158825169, 570401593, 37487, 593, 100512.235146, inf, 348.83720930232556, 3122.554141860158, 79333.840446, 19550.167041, 0.222647, 1442.452361, 185.552651, 0, 2494, 73, 5130001, 424482366, 76939986, 506552353, 37127, 311, 86596.62167299999, inf, 697.6744186046511, 4437.694471184125, 75578.120919, 10064.37898, 0.059291, 760.143202, 193.919281, 0, 1247, 50, 2550001, 433852459, 38008081, 474410541
30000, 30000, 0, 0, fixed_reps_3, 38304, 1190, 90702.41038399999, inf, 173.41040462427745, 2146.7552257297793, 83912.157165, 4134.721629, 1.301198, 2638.050497, 16.179895, 0, 519, 917, 10350001, 401226423, 16430345, 428006769, 37542, 648, 82912.87807800002, inf, 348.83720930232556, 3122.554141860158, 79333.840446, 2118.457743, 0.230613, 1442.452361, 17.896915, 0, 258, 560, 5130001, 424482366, 7959386, 437571753, 37153, 337, 77456.04557799999, inf, 697.6744186046511, 4437.694471184125, 75578.120919, 1098.546114, 0.04788, 760.143202, 19.187463, 0, 129, 369, 2550001, 433852459, 3931909, 440334369
30000, 30000, 0, 0, fixed_reps_31, 38208, 1094, 128465.904965, inf, 173.41040462427745, 2146.7552257297793, 83912.157165, 41743.558837, 0.824246, 2638.050497, 171.31422, 0, 5363, 67, 10350001, 401226423, 169778617, 581355041, 37487, 593, 101931.64782, inf, 348.83720930232556, 3122.554141860158, 79333.840446, 20955.652674, 0.174818, 1442.452361, 199.527521, 0, 2666, 71, 5130001, 424482366, 82246186, 511858553, 37127, 311, 87271.553964, inf, 697.6744186046511, 4437.694471184125, 75578.120919, 10725.88997, 0.063339, 760.143202, 207.336534, 0, 1333, 48, 2550001, 433852459, 40629325, 477031785
30000, 30000, 0, 0, fixed_reps_33, 38207, 1093, 130980.892241, inf, 173.41040462427745, 2146.7552257297793, 83912.157165, 44248.011442, 0.827201, 2638.050497, 181.845936, 0, 5709, 64, 10350001, 401226423, 180732065, 592308489, 37487, 593, 103167.194305, inf, 348.83720930232556, 3122.554141860158, 79333.840446, 22179.980334, 0.223579, 1442.452361, 210.697585, 0, 2838, 59, 5130001, 424482366, 87552386, 517164753, 37127, 311, 87967.44851599999, inf, 697.6744186046511, 4437.694471184125, 75578.120919, 11409.96109, 0.049563, 760.143202, 219.173742, 0, 1419, 48, 2550001, 433852459, 43250569, 479653029
30000, 30000, 0, 0, fixed_reps_35, 38206, 1092, 133678.77322499998, inf, 173.41040462427745, 2146.7552257297793, 83912.157165, 46934.7233, 0.82124, 2638.050497, 193.021023, 0, 6055, 60, 10350001, 401226423, 191685513, 603261937, 37487, 593, 104548.598077, inf, 348.83720930232556, 3122.554141860158, 79333.840446, 23548.929728, 0.224531, 1442.452361, 223.151011, 0, 3010, 49, 5130001, 424482366, 92858586, 522470953, 37126, 310, 88650.536076, inf, 697.6744186046511, 4437.694471184125, 75578.120919, 12081.090628, 0.055775, 760.143202, 231.125552, 0, 1505, 47, 2550001, 433852459, 45871813, 482274273
30000, 30000, 0, 0, fixed_reps_37, 38205, 1091, 136352.40970599998, inf, 173.41040462427745, 2146.7552257297793, 83912.157165, 49596.076368, 0.860474, 2638.050497, 205.265202, 0, 6401, 58, 10350001, 401226423, 202638961, 614215385, 37487, 593, 105814.45227400001, inf, 348.83720930232556, 3122.554141860158, 79333.840446, 24804.130404, 0.1756, 1442.452361, 233.853463, 0, 3182, 46, 5130001, 424482366, 98164786, 527777153, 37126, 310, 89421.550305, inf, 697.6744186046511, 4437.694471184125, 75578.120919, 12839.03793, 0.056216, 760.143202, 244.192038, 0, 1591, 46, 2550001, 433852459, 48493057, 484895517
30000, 30000, 0, 0, fixed_reps_39, 38205, 1091, 139084.022816, inf, 173.41040462427745, 2146.7552257297793, 83912.157165, 52319.326096, 0.857167, 2638.050497, 213.631891, 0, 6747, 54, 10350001, 401226423, 213592409, 625168833, 37487, 593, 107232.681432, inf, 348.83720930232556, 3122.554141860158, 79333.840446, 26209.651722, 0.209233, 1442.452361, 246.52767, 0, 3354, 38, 5130001, 424482366, 103470986, 533083353, 37126, 310, 90025.30845899999, inf, 697.6744186046511, 4437.694471184125, 75578.120919, 13430.556793, 0.059702, 760.143202, 256.427843, 0, 1677, 45, 2550001, 433852459, 51114301, 487516761
30000, 30000, 0, 0, fixed_reps_41, 38205, 1091, 141749.131165, inf, 173.41040462427745, 2146.7552257297793, 83912.157165, 54971.945007, 1.164957, 2638.050497, 225.813539, 0, 7093, 49, 10350001, 401226423, 224545857, 636122281, 37485, 591, 108537.393407, inf, 348.83720930232556, 3122.554141860158, 79333.840446, 27503.728951, 0.21836, 1442.452361, 257.153289, 0, 3526, 34, 5130001, 424482366, 108777186, 538389553, 37126, 310, 90837.76305500002, inf, 697.6744186046511, 4437.694471184125, 75578.120919, 14229.238739, 0.049463, 760.143202, 270.210732, 0, 1763, 44, 2550001, 433852459, 53735545, 490138005
30000, 30000, 0, 0, fixed_reps_5, 38264, 1150, 93445.95409, inf, 173.41040462427745, 2146.7552257297793, 83912.157165, 6865.831029, 1.055007, 2638.050497, 28.860392, 0, 865, 677, 10350001, 401226423, 27383793, 438960217, 37525, 631, 84318.795238, inf, 348.83720930232556, 3122.554141860158, 79333.840446, 3510.775373, 0.169699, 1442.452361, 31.557359, 0, 430, 408, 5130001, 424482366, 13265586, 442877953, 37145, 329, 78192.44630400001, inf, 697.6744186046511, 4437.694471184125, 75578.120919, 1820.660277, 0.049333, 760.143202, 33.472573, 0, 215, 274, 2550001, 433852459, 6553153, 442955613
30000, 30000, 0, 0, fixed_reps_7, 38242, 1128, 96177.044534, inf, 173.41040462427745, 2146.7552257297793, 83912.157165, 9584.751204, 1.700287, 2638.050497, 40.385381, 0, 1211, 491, 10350001, 401226423, 38337241, 449913665, 37516, 622, 85746.868477, inf, 348.83720930232556, 3122.554141860158, 79333.840446, 4925.850981, 0.178896, 1442.452361, 44.545793, 0, 602, 305, 5130001, 424482366, 18571786, 448184153, 37138, 322, 78903.204841, inf, 697.6744186046511, 4437.694471184125, 75578.120919, 2517.334901, 0.049323, 760.143202, 47.556496, 0, 301, 221, 2550001, 433852459, 9174397, 445576857
30000, 30000, 0, 0, fixed_reps_9, 38231, 1117, 98854.65620499999, inf, 173.41040462427745, 2146.7552257297793, 83912.157165, 12252.390926, 0.804908, 2638.050497, 51.252709, 0, 1557, 382, 10350001, 401226423, 49290689, 460867113, 37510, 616, 87058.13020300001, inf, 348.83720930232556, 3122.554141860158, 79333.840446, 6223.401246, 0.16503, 1442.452361, 58.27112, 0, 774, 243, 5130001, 424482366, 23877986, 453490353, 37135, 319, 79615.37882299999, inf, 697.6744186046511, 4437.694471184125, 75578.120919, 3214.786172, 0.046758, 760.143202, 62.281772, 0, 387, 188, 2550001, 433852459, 11795641, 448198101
30000, 30000, 0, 0, greedy_1.000000, 38449, 1335, 87946.25205599998, inf, 173.41040462427745, 2146.7552257297793, 83912.157165, 1390.924896, 1.069297, 2638.050497, 4.042387, 0.007814, 173, 1507, 10350001, 401226423, 5476897, 417053321, 37622, 728, 81473.254889, inf, 348.83720930232556, 3122.554141860158, 79333.840446, 693.288202, 0.164669, 1442.452361, 3.505033, 0.004178, 86, 896, 5130001, 424482366, 2653186, 432265553, 37184, 368, 76695.38206, inf, 697.6744186046511, 4437.694471184125, 75578.120919, 353.683417, 0.0423, 760.143202, 3.389687, 0.002535, 43, 530, 2550001, 433852459, 1310665, 437713125
30000, 30000, 0, 0, greedy_11.000000, 38242, 1128, 97731.99111200002, inf, 173.41040462427745, 2146.7552257297793, 83912.157165, 3457.821756, 0.727484, 2638.050497, 7722.850732, 0.383478, 1903, 845, 10350001, 401226423, 65756743, 477333167, 37517, 623, 86837.03737000002, inf, 348.83720930232556, 3122.554141860158, 79333.840446, 1659.81673, 0.166201, 1442.452361, 4400.635175, 0.126457, 946, 524, 5130001, 424482366, 31923367, 461535734, 37150, 334, 79791.28209, inf, 697.6744186046511, 4437.694471184125, 75578.120919, 945.763316, 0.045636, 760.143202, 2507.180684, 0.028333, 473, 343, 2550001, 433852459, 16270440, 452672900
30000, 30000, 0, 0, greedy_13.000000, 38234, 1120, 99191.615308, inf, 173.41040462427745, 2146.7552257297793, 83912.157165, 3577.245623, 0.647224, 2638.050497, 9063.057522, 0.457277, 2249, 844, 10350001, 401226423, 76715601, 488292025, 37516, 622, 87661.937282, inf, 348.83720930232556, 3122.554141860158, 79333.840446, 1706.613798, 0.171903, 1442.452361, 5178.717179, 0.141595, 1118, 524, 5130001, 424482366, 37231803, 466844170, 37148, 332, 80277.711138, inf, 697.6744186046511, 4437.694471184125, 75578.120919, 963.69847, 0.044965, 760.143202, 2975.668907, 0.034675, 559, 343, 2550001, 433852459, 18897138, 455299598
30000, 30000, 0, 0, greedy_15.000000, 38230, 1116, 100633.53452999999, inf, 173.41040462427745, 2146.7552257297793, 83912.157165, 3702.230202, 0.633878, 2638.050497, 10379.923648, 0.53914, 2595, 844, 10350001, 401226423, 87674459, 499250883, 37513, 619, 88543.161741, inf, 348.83720930232556, 3122.554141860158, 79333.840446, 1761.38056, 0.167775, 1442.452361, 6005.136363, 0.184236, 1290, 524, 5130001, 424482366, 42540239, 472152606, 37148, 332, 80768.76637100002, inf, 697.6744186046511, 4437.694471184125, 75578.120919, 985.816317, 0.046547, 760.143202, 3444.601586, 0.0378, 645, 343, 2550001, 433852459, 21523836, 457926296
30000, 30000, 0, 0, greedy_17.000000, 38230, 1116, 102173.115519, inf, 173.41040462427745, 2146.7552257297793, 83912.157165, 3818.348373, 0.643687, 2638.050497, 11803.300494, 0.615303, 2941, 844, 10350001, 401226423, 98633317, 510209741, 37511, 617, 89293.090249, inf, 348.83720930232556, 3122.554141860158, 79333.840446, 1805.483857, 0.167064, 1442.452361, 6710.941356, 0.205165, 1462, 523, 5130001, 424482366, 47848675, 477461042, 37142, 326, 81197.15095899999, inf, 697.6744186046511, 4437.694471184125, 75578.120919, 1004.733071, 0.044313, 760.143202, 3854.066805, 0.042649, 731, 342, 2550001, 433852459, 24150534, 460552994
30000, 30000, 0, 0, greedy_19.000000, 38230, 1116, 103658.083111, inf, 173.41040462427745, 2146.7552257297793, 83912.157165, 3948.817933, 0.640731, 2638.050497, 13157.673451, 0.743334, 3287, 844, 10350001, 401226423, 109592175, 521168599, 37510, 616, 90048.07523000002, inf, 348.83720930232556, 3122.554141860158, 79333.840446, 1845.991009, 0.209112, 1442.452361, 7425.357019, 0.225283, 1634, 523, 5130001, 424482366, 53157111, 482769478, 37141, 325, 81643.819426, inf, 697.6744186046511, 4437.694471184125, 75578.120919, 1022.592933, 0.046878, 760.143202, 4282.867174, 0.04832, 817, 342, 2550001, 433852459, 26777232, 463179692
30000, 30000, 0, 0, greedy_21.000000, 38227, 1113, 105160.52773700001, inf, 173.41040462427745, 2146.7552257297793, 83912.157165, 4083.151479, 0.6456, 2638.050497, 14525.756519, 0.766477, 3633, 844, 10350001, 401226423, 120551033, 532127457, 37508, 614, 90804.921374, inf, 348.83720930232556, 3122.554141860158, 79333.840446, 1888.615312, 0.173776, 1442.452361, 8139.586614, 0.252865, 1806, 523, 5130001, 424482366, 58465547, 488077914, 37141, 325, 82098.250912, inf, 697.6744186046511, 4437.694471184125, 75578.120919, 1041.597021, 0.040737, 760.143202, 4718.296915, 0.052118, 903, 342, 2550001, 433852459, 29403930, 465806390
30000, 30000, 0, 0, greedy_23.000000, 38227, 1113, 106547.43700800001, inf, 173.41040462427745, 2146.7552257297793, 83912.157165, 4262.934966, 0.810921, 2638.050497, 15732.490367, 0.993092, 3979, 843, 10350001, 401226423, 131509891, 543086315, 37507, 613, 91589.97588000001, inf, 348.83720930232556, 3122.554141860158, 79333.840446, 1928.070197, 0.169057, 1442.452361, 8885.174905, 0.268914, 1978, 523, 5130001, 424482366, 63773983, 493386350, 37141, 325, 82527.43127800002, inf, 697.6744186046511, 4437.694471184125, 75578.120919, 1062.052131, 0.041628, 760.143202, 5127.017032, 0.056366, 989, 342, 2550001, 433852459, 32030628, 468433088
30000, 30000, 0, 0, greedy_25.000000, 38227, 1113, 107853.59046800001, inf, 173.41040462427745, 2146.7552257297793, 83912.157165, 4305.205939, 0.633568, 2638.050497, 16996.550287, 0.993012, 4325, 843, 10350001, 401226423, 142468749, 554045173, 37507, 613, 92410.88818200001, inf, 348.83720930232556, 3122.554141860158, 79333.840446, 1981.127616, 0.171131, 1442.452361, 9652.998428, 0.2982, 2150, 523, 5130001, 424482366, 69082419, 498694786, 37140, 324, 82933.40958499999, inf, 697.6744186046511, 4437.694471184125, 75578.120919, 1084.743839, 0.044434, 760.143202, 5510.297499, 0.059692, 1075, 341, 2550001, 433852459, 34657326, 471059786
30000, 30000, 0, 0, greedy_27.000000, 38227, 1113, 109240.403311, inf, 173.41040462427745, 2146.7552257297793, 83912.157165, 4426.681863, 0.63457, 2638.050497, 18261.841841, 1.037375, 4671, 843, 10350001, 401226423, 153427607, 565004031, 37503, 609, 93159.91556400002, inf, 348.83720930232556, 3122.554141860158, 79333.840446, 2019.07644, 0.1759, 1442.452361, 10364.053192, 0.317225, 2322, 523, 5130001, 424482366, 74390855, 504003222, 37139, 323, 83312.721786, inf, 697.6744186046511, 4437.694471184125, 75578.120919, 1090.161826, 0.041948, 760.143202, 5884.188669, 0.065222, 1161, 341, 2550001, 433852459, 37284024, 473686484
30000, 30000, 0, 0, greedy_29.000000, 38226, 1112, 110671.567027, inf, 173.41040462427745, 2146.7552257297793, 83912.157165, 4560.371569, 0.636224, 2638.050497, 19559.291322, 1.06025, 5017, 843, 10350001, 401226423, 164386465, 575962889, 37500, 606, 93825.99020900001, inf, 348.83720930232556, 3122.554141860158, 79333.840446, 2054.2987, 0.158097, 1442.452361, 10994.881541, 0.359064, 2494, 522, 5130001, 424482366, 79699291, 509311658, 37138, 322, 83739.569823, inf, 697.6744186046511, 4437.694471184125, 75578.120919, 1109.449895, 0.040396, 760.143202, 6291.747254, 0.068157, 1247, 341, 2550001, 433852459, 39910722, 476313182
30000, 30000, 0, 0, greedy_3.000000, 38287, 1173, 91096.736806, inf, 173.41040462427745, 2146.7552257297793, 83912.157165, 2821.557651, 0.886343, 2638.050497, 1723.981957, 0.103193, 519, 848, 10350001, 401226423, 21921311, 433497735, 37551, 657, 83216.201801, inf, 348.83720930232556, 3122.554141860158, 79333.840446, 1437.463173, 0.163857, 1442.452361, 1002.252599, 0.029365, 258, 528, 5130001, 424482366, 10689623, 440301990, 37163, 347, 77756.00040799999, inf, 697.6744186046511, 4437.694471184125, 75578.120919, 854.902861, 0.047349, 760.143202, 562.776639, 0.009438, 129, 348, 2550001, 433852459, 5763648, 442166108
30000, 30000, 0, 0, greedy_31.000000, 38226, 1112, 112091.741491, inf, 173.41040462427745, 2146.7552257297793, 83912.157165, 4660.765638, 0.629491, 2638.050497, 20878.949238, 1.189462, 5363, 843, 10350001, 401226423, 175345323, 586921747, 37500, 606, 94533.847454, inf, 348.83720930232556, 3122.554141860158, 79333.840446, 2094.38467, 0.174698, 1442.452361, 11662.632008, 0.363271, 2666, 522, 5130001, 424482366, 85007727, 514620094, 37138, 322, 84174.812516, inf, 697.6744186046511, 4437.694471184125, 75578.120919, 1127.683287, 0.044453, 760.143202, 6708.742228, 0.078427, 1333, 341, 2550001, 433852459, 42537420, 478939880
30000, 30000, 0, 0, greedy_33.000000, 38225, 1111, 113487.004677, inf, 173.41040462427745, 2146.7552257297793, 83912.157165, 4773.538344, 0.642826, 2638.050497, 22161.212563, 1.403282, 5709, 843, 10350001, 401226423, 186304181, 597880605, 37500, 606, 95231.407167, inf, 348.83720930232556, 3122.554141860158, 79333.840446, 2128.088653, 0.171972, 1442.452361, 12326.449868, 0.403867, 2838, 522, 5130001, 424482366, 90316163, 519928530, 37137, 321, 84602.76150699999, inf, 697.6744186046511, 4437.694471184125, 75578.120919, 1147.819154, 0.044984, 760.143202, 7116.548729, 0.084519, 1419, 341, 2550001, 433852459, 45164118, 481566578
30000, 30000, 0, 0, greedy_35.000000, 38225, 1111, 114914.387089, inf, 173.41040462427745, 2146.7552257297793, 83912.157165, 4901.243013, 0.655913, 2638.050497, 23460.827061, 1.45344, 6055, 843, 10350001, 401226423, 197263039, 608839463, 37500, 606, 95948.962342, inf, 348.83720930232556, 3122.554141860158, 79333.840446, 2169.852502, 0.170519, 1442.452361, 13002.239781, 0.406733, 3010, 522, 5130001, 424482366, 95624599, 525236966, 37137, 321, 85036.296685, inf, 697.6744186046511, 4437.694471184125, 75578.120919, 1165.07892, 0.040656, 760.143202, 7532.830343, 0.082645, 1505, 341, 2550001, 433852459, 47790816, 484193276
30000, 30000, 0, 0, greedy_37.000000, 38224, 1110, 116311.941368, inf, 173.41040462427745, 2146.7552257297793, 83912.157165, 5007.001856, 0.654078, 2638.050497, 24752.651963, 1.425809, 6401, 843, 10350001, 401226423, 208221897, 619798321, 37499, 605, 96682.90738200002, inf, 348.83720930232556, 3122.554141860158, 79333.840446, 2210.693685, 0.215784, 1442.452361, 13695.256024, 0.449082, 3182, 522, 5130001, 424482366, 100933035, 530545402, 37136, 320, 85400.599294, inf, 697.6744186046511, 4437.694471184125, 75578.120919, 1182.320594, 0.046918, 760.143202, 7879.873204, 0.094457, 1591, 340, 2550001, 433852459, 50417514, 486819974
30000, 30000, 0, 0, greedy_39.000000, 38224, 1110, 117607.749373, inf, 173.41040462427745, 2146.7552257297793, 83912.157165, 5115.322703, 0.658967, 2638.050497, 25939.7905, 1.769541, 6747, 842, 10350001, 401226423, 219180755, 630757179, 37499, 605, 97435.80393600001, inf, 348.83720930232556, 3122.554141860158, 79333.840446, 2255.260145, 0.172884, 1442.452361, 14403.64083, 0.43727, 3354, 522, 5130001, 424482366, 106241471, 535853838, 37133, 317, 85764.358058, inf, 697.6744186046511, 4437.694471184125, 75578.120919, 1195.72932, 0.047248, 760.143202, 8230.219416, 0.097953, 1677, 340, 2550001, 433852459, 53044212, 489446672
30000, 30000, 0, 0, greedy_5.000000, 38262, 1148, 92828.78668299998, inf, 173.41040462427745, 2146.7552257297793, 83912.157165, 2992.785249, 0.804139, 2638.050497, 3284.797893, 0.19174, 865, 846, 10350001, 401226423, 32880169, 444456593, 37535, 641, 84184.525567, inf, 348.83720930232556, 3122.554141860158, 79333.840446, 1497.337117, 0.167023, 1442.452361, 1910.674178, 0.054442, 430, 526, 5130001, 424482366, 15998059, 445610426, 37160, 344, 78294.044891, inf, 697.6744186046511, 4437.694471184125, 75578.120919, 880.184299, 0.049313, 760.143202, 1075.529515, 0.017643, 215, 345, 2550001, 433852459, 8390346, 444792806
30000, 30000, 0, 0, greedy_7.000000, 38252, 1138, 94472.555305, inf, 173.41040462427745, 2146.7552257297793, 83912.157165, 3152.395747, 0.646934, 2638.050497, 4769.017232, 0.28773, 1211, 846, 10350001, 401226423, 43839027, 455415451, 37527, 633, 85095.40259900001, inf, 348.83720930232556, 3122.554141860158, 79333.840446, 1551.085062, 0.208982, 1442.452361, 2767.741559, 0.074189, 602, 526, 5130001, 424482366, 21306495, 450918862, 37154, 338, 78808.31437500002, inf, 697.6744186046511, 4437.694471184125, 75578.120919, 902.403535, 0.047129, 760.143202, 1567.580725, 0.018865, 301, 345, 2550001, 433852459, 11017044, 447419504
30000, 30000, 0, 0, greedy_9.000000, 38245, 1131, 96054.72608600001, inf, 173.41040462427745, 2146.7552257297793, 83912.157165, 3290.341857, 0.817824, 2638.050497, 6213.037941, 0.320802, 1557, 845, 10350001, 401226423, 54797885, 466374309, 37521, 627, 86021.951496, inf, 348.83720930232556, 3122.554141860158, 79333.840446, 1611.224385, 0.16553, 1442.452361, 3634.169828, 0.098946, 774, 525, 5130001, 424482366, 26614931, 456227298, 37152, 336, 79315.362479, inf, 697.6744186046511, 4437.694471184125, 75578.120919, 923.444032, 0.045896, 760.143202, 2053.585317, 0.023113, 387, 344, 2550001, 433852459, 13643742, 450046202
30000, 30000, 0, 0, opt, 38203, 1089, 96422.968412, inf, 173.41040462427745, 2146.7552257297793, 83912.157165, 9871.591499, 1.169251, 2638.050497, 0, 0, 0, 0, 10350001, 401226423, 50179962, 461756386, 37484, 590, 86519.215268, inf, 348.83720930232556, 3122.554141860158, 79333.840446, 5742.747152, 0.175309, 1442.452361, 0, 0, 0, 0, 5130001, 424482366, 25887411, 455499778, 37122, 306, 80155.913827, inf, 697.6744186046511, 4437.694471184125, 75578.120919, 3817.591116, 0.05859, 760.143202, 0, 0, 0, 0, 2550001, 433852459, 16261764, 452664224
30000, 30000, 0, 0, plus_edge, 38366, 1252, 87987.789167, inf, 173.41040462427745, 2146.7552257297793, 83912.157165, 1436.686187, 0.895318, 2638.050497, 0, 0, 0, 0, 10350001, 401226423, 5476308, 417052732, 37594, 700, 81474.470365, inf, 348.83720930232556, 3122.554141860158, 79333.840446, 698.021776, 0.155782, 1442.452361, 0, 0, 0, 0, 5130001, 424482366, 2630325, 432242692, 37169, 353, 76701.00197, inf, 697.6744186046511, 4437.694471184125, 75578.120919, 362.689889, 0.04796, 760.143202, 0, 0, 0, 0, 2550001, 433852459, 1282386, 437684846
30000, 30000, 0, 0, simple, 38449, 1335, 88002.304062, inf, 173.41040462427745, 2146.7552257297793, 83912.157165, 1451.126372, 0.970028, 2638.050497, 0, 0, 0, 0, 10350001, 401226423, 5446724, 417023148, 37622, 728, 81493.215582, inf, 348.83720930232556, 3122.554141860158, 79333.840446, 716.747907, 0.174868, 1442.452361, 0, 0, 0, 0, 5130001, 424482366, 2623100, 432235467, 37184, 368, 76694.84644600001, inf, 697.6744186046511, 4437.694471184125, 75578.120919, 356.533473, 0.048852, 760.143202, 0, 0, 0, 0, 2550001, 433852459, 1280622, 437683082
30000, 30000, 0, 0, dp_1.000000, 37497, 1478, 90670.96280800001, inf, 173.41040462427745, 2182.3165793205417, 86629.156678, 1396.56973, 0.635874, 2638.936988, 5.652528, 0.01101, 173, 0, 10350001, 414542895, 5397433, 430290329, 37119, 860, 85404.95942700001, inf, 348.83720930232556, 3138.0443467765726, 83140.000565, 749.686956, 0.160952, 1509.490192, 5.614881, 0.005881, 86, 0, 5130001, 428652418, 2638056, 436420475, 36532, 520, 85461.28225599999, inf, 697.6744186046511, 4465.607210051268, 84209.66557, 409.737656, 0.036519, 836.302191, 5.536142, 0.004178, 43, 0, 2550001, 439195543, 1303903, 443049447
30000, 30000, 0, 0, dp_11.000000, 37280, 1261, 107116.109828, inf, 173.41040462427745, 2182.3165793205417, 86629.156678, 9679.686934, 0.670667, 2638.936988, 8002.108065, 165.550496, 1903, 6, 10350001, 414542895, 93910248, 518803144, 36976, 717, 94792.16060999998, inf, 348.83720930232556, 3138.0443467765726, 83140.000565, 5582.765586, 0.2128, 1509.490192, 4540.581175, 19.110292, 946, 9, 5130001, 428652418, 50209594, 483992013, 36445, 433, 90605.16710499999, inf, 697.6744186046511, 4465.607210051268, 84209.66557, 2909.839818, 0.046317, 836.302191, 2646.874397, 2.438812, 473, 11, 2550001, 439195543, 24588709, 466334253
30000, 30000, 0, 0, dp_13.000000, 37280, 1261, 107585.908904, inf, 173.41040462427745, 2182.3165793205417, 86629.156678, 8689.306195, 0.66174, 2638.936988, 9396.127073, 231.72023, 2249, 5, 10350001, 414542895, 100762883, 525655779, 36976, 717, 95841.88932999999, inf, 348.83720930232556, 3138.0443467765726, 83140.000565, 5852.821763, 0.177193, 1509.490192, 5312.347741, 27.051876, 1118, 8, 5130001, 428652418, 56663114, 490445533, 36445, 433, 91168.41849, inf, 697.6744186046511, 4465.607210051268, 84209.66557, 3018.560011, 0.045305, 836.302191, 3100.440831, 3.404582, 559, 10, 2550001, 439195543, 27614325, 469359869
30000, 30000, 0, 0, dp_15.000000, 37280, 1261, 111832.862954, inf, 173.41040462427745, 2182.3165793205417, 86629.156678, 11522.986819, 0.674344, 2638.936988, 10728.984308, 312.123817, 2595, 5, 10350001, 414542895, 121522537, 546415433, 36976, 717, 96573.596349, inf, 348.83720930232556, 3138.0443467765726, 83140.000565, 5768.136275, 0.182271, 1509.490192, 6119.411103, 36.375943, 1290, 7, 5130001, 428652418, 61069694, 494852113, 36445, 433, 91482.31836899999, inf, 697.6744186046511, 4465.607210051268, 84209.66557, 2859.564008, 0.049814, 836.302191, 3572.194691, 4.542095, 645, 9, 2550001, 439195543, 29426095, 471171639
30000, 30000, 0, 0, dp_17.000000, 37280, 1261, 116010.85812700001, inf, 173.41040462427745, 2182.3165793205417, 86629.156678, 14247.008132, 0.680005, 2638.936988, 12093.639922, 401.436402, 2941, 5, 10350001, 414542895, 142282191, 567175087, 36976, 717, 98276.495098, inf, 348.83720930232556, 3138.0443467765726, 83140.000565, 6678.064267, 0.221686, 1509.490192, 6901.445007, 47.273381, 1462, 7, 5130001, 428652418, 71383158, 505165577, 36445, 433, 92557.06705699998, inf, 697.6744186046511, 4465.607210051268, 84209.66557, 3441.70739, 0.050244, 836.302191, 4063.501935, 5.839727, 731, 9, 2550001, 439195543, 34583343, 476328887
30000, 30000, 0, 0, dp_19.000000, 37280, 1261, 113322.286427, inf, 173.41040462427745, 2182.3165793205417, 86629.156678, 10054.146985, 0.67734, 2638.936988, 13496.034449, 503.333987, 3287, 4, 10350001, 414542895, 136984180, 561877076, 36976, 717, 98194.26885099999, inf, 348.83720930232556, 3138.0443467765726, 83140.000565, 5885.263998, 0.181841, 1509.490192, 7599.782329, 59.549926, 1634, 6, 5130001, 428652418, 71929794, 505712213, 36445, 433, 92354.095247, inf, 697.6744186046511, 4465.607210051268, 84209.66557, 2855.639381, 0.045746, 836.302191, 4445.111726, 7.330633, 817, 8, 2550001, 439195543, 34381905, 476127449
30000, 30000, 0, 0, dp_21.000000, 37280, 1261, 117637.481204, inf, 173.41040462427745, 2182.3165793205417, 86629.156678, 12848.119588, 0.693239, 2638.936988, 14903.626689, 616.948022, 3633, 4, 10350001, 414542895, 157743834, 582636730, 36976, 717, 99884.78037799998, inf, 348.83720930232556, 3138.0443467765726, 83140.000565, 6828.019668, 0.184827, 1509.490192, 8333.619461, 73.465665, 1806, 6, 5130001, 428652418, 82243258, 516025677, 36445, 433, 93395.80126299999, inf, 697.6744186046511, 4465.607210051268, 84209.66557, 3437.563893, 0.048892, 836.302191, 4903.051608, 9.169109, 903, 8, 2550001, 439195543, 39539153, 481284697
30000, 30000, 0, 0, dp_23.000000, 37280, 1261, 121794.121152, inf, 173.41040462427745, 2182.3165793205417, 86629.156678, 15637.322534, 0.684633, 2638.936988, 16144.42591, 743.594409, 3979, 4, 10350001, 414542895, 178503488, 603396384, 36976, 717, 101596.944131, inf, 348.83720930232556, 3138.0443467765726, 83140.000565, 7785.314776, 0.18687, 1509.490192, 9073.243416, 88.708312, 1978, 6, 5130001, 428652418, 92556722, 526339141, 36445, 433, 94422.080266, inf, 697.6744186046511, 4465.607210051268, 84209.66557, 4041.318637, 0.049753, 836.302191, 5323.957674, 10.786441, 989, 8, 2550001, 439195543, 44696401, 486441945
30000, 30000, 0, 0, dp_25.000000, 37280, 1261, 125996.599909, inf, 173.41040462427745, 2182.3165793205417, 86629.156678, 18444.952901, 0.833523, 2638.936988, 17399.11341, 883.606409, 4325, 4, 10350001, 414542895, 199263142, 624156038, 36976, 717, 100575.216601, inf, 348.83720930232556, 3138.0443467765726, 83140.000565, 5989.446022, 0.183554, 1509.490192, 9830.743379, 105.352889, 2150, 5, 5130001, 428652418, 87635104, 521417523, 36445, 433, 93993.47816099999, inf, 697.6744186046511, 4465.607210051268, 84209.66557, 3140.67366, 0.04797, 836.302191, 5793.994526, 12.794244, 1075, 7, 2550001, 439195543, 43281117, 485026661
30000, 30000, 0, 0, dp_27.000000, 37280, 1261, 130159.56789600001, inf, 173.41040462427745, 2182.3165793205417, 86629.156678, 21211.791989, 0.674636, 2638.936988, 18651.848962, 1027.158643, 4671, 4, 10350001, 414542895, 220022796, 644915692, 36976, 717, 102313.48925299999, inf, 348.83720930232556, 3138.0443467765726, 83140.000565, 6929.232672, 0.183865, 1509.490192, 10611.222548, 123.359411, 2322, 5, 5130001, 428652418, 97948568, 531730987, 36445, 433, 94947.20434599998, inf, 697.6744186046511, 4465.607210051268, 84209.66557, 3692.12515, 0.047299, 836.302191, 6193.952346, 15.11179, 1161, 7, 2550001, 439195543, 48438365, 490183909
30000, 30000, 0, 0, dp_29.000000, 37280, 1261, 122017.770169, inf, 173.41040462427745, 2182.3165793205417, 86629.156678, 11668.188082, 0.820179, 2638.936988, 19896.966012, 1183.70223, 5017, 3, 10350001, 414542895, 195087959, 619980855, 36976, 717, 103959.012435, inf, 348.83720930232556, 3138.0443467765726, 83140.000565, 7890.292463, 0.184406, 1509.490192, 11276.002032, 143.042777, 2494, 5, 5130001, 428652418, 108262032, 542044451, 36445, 433, 95933.99397499998, inf, 697.6744186046511, 4465.607210051268, 84209.66557, 4271.884827, 0.050895, 836.302191, 6598.824172, 17.26632, 1247, 7, 2550001, 439195543, 53595613, 495341157
30000, 30000, 0, 0, dp_3.000000, 37335, 1316, 94900.317316, inf, 173.41040462427745, 2182.3165793205417, 86629.156678, 3814.260823, 0.711445, 2638.936988, 1808.797377, 8.454005, 519, 403, 10350001, 414542895, 26574363, 451467259, 37018, 759, 87681.624013, inf, 348.83720930232556, 3138.0443467765726, 83140.000565, 1997.985508, 0.185939, 1509.490192, 1032.867096, 1.094713, 258, 257, 5130001, 428652418, 13074640, 446857059, 36460, 448, 86703.912903, inf, 697.6744186046511, 4465.607210051268, 84209.66557, 1065.337572, 0.050915, 836.302191, 592.375836, 0.180819, 129, 129, 2550001, 439195543, 6461953, 448207497
30000, 30000, 0, 0, dp_31.000000, 37280, 1261, 126261.75533700001, inf, 173.41040462427745, 2182.3165793205417, 86629.156678, 14457.173893, 0.787016, 2638.936988, 21182.457607, 1353.243155, 5363, 3, 10350001, 414542895, 215847613, 640740509, 36976, 717, 105530.61025199998, inf, 348.83720930232556, 3138.0443467765726, 83140.000565, 8794.086541, 0.223019, 1509.490192, 11923.408512, 163.401423, 2666, 5, 5130001, 428652418, 118575496, 552357915, 36445, 433, 96901.10336799998, inf, 697.6744186046511, 4465.607210051268, 84209.66557, 4856.085452, 0.047339, 836.302191, 6978.9015, 20.101316, 1333, 7, 2550001, 439195543, 58752861, 500498405
30000, 30000, 0, 0, dp_33.000000, 37280, 1261, 130641.33888699999, inf, 173.41040462427745, 2182.3165793205417, 86629.156678, 17331.536436, 0.811414, 2638.936988, 22506.793401, 1534.10397, 5709, 3, 10350001, 414542895, 236607267, 661500163, 36976, 717, 107141.44901899999, inf, 348.83720930232556, 3138.0443467765726, 83140.000565, 9731.018253, 0.228969, 1509.490192, 12575.32147, 185.38957, 2838, 5, 5130001, 428652418, 128888960, 562671379, 36445, 433, 95357.29739400001, inf, 697.6744186046511, 4465.607210051268, 84209.66557, 2926.956412, 0.04816, 836.302191, 7361.77396, 22.551101, 1419, 6, 2550001, 439195543, 52659829, 494405373
30000, 30000, 0, 0, dp_35.000000, 37280, 1261, 134842.80092100002, inf, 173.41040462427745, 2182.3165793205417, 86629.156678, 20054.472507, 0.853864, 2638.936988, 23796.258541, 1723.122343, 6055, 3, 10350001, 414542895, 257366921, 682259817, 36976, 717, 103887.48900999998, inf, 348.83720930232556, 3138.0443467765726, 83140.000565, 5732.438015, 0.18702, 1509.490192, 13280.055708, 225.31751, 3010, 4, 5130001, 428652418, 111539492, 545321911, 36445, 433, 96320.13418299999, inf, 697.6744186046511, 4465.607210051268, 84209.66557, 3510.15152, 0.048742, 836.302191, 7738.543274, 25.422886, 1505, 6, 2550001, 439195543, 57817077, 499562621
30000, 30000, 0, 0, dp_37.000000, 37280, 1261, 139123.732156, inf, 173.41040462427745, 2182.3165793205417, 86629.156678, 22821.298744, 0.68235, 2638.936988, 25109.15699, 1924.500406, 6401, 3, 10350001, 414542895, 278126575, 703019471, 36976, 717, 105505.11063899999, inf, 348.83720930232556, 3138.0443467765726, 83140.000565, 6676.714761, 0.176812, 1509.490192, 13943.929788, 234.798521, 3182, 4, 5130001, 428652418, 121852956, 555635375, 36445, 433, 97367.53993799999, inf, 697.6744186046511, 4465.607210051268, 84209.66557, 4136.155631, 0.050735, 836.302191, 8156.982593, 28.383218, 1591, 6, 2550001, 439195543, 62974325, 504719869
30000, 30000, 0, 0, dp_39.000000, 37280, 1261, 143587.698565, inf, 173.41040462427745, 2182.3165793205417, 86629.156678, 25818.106814, 0.653827, 2638.936988, 26350.20841, 2150.635848, 6747, 3, 10350001, 414542895, 298886229, 723779125, 36976, 717, 107219.52909, inf, 348.83720930232556, 3138.0443467765726, 83140.000565, 7637.461506, 0.180088, 1509.490192, 14668.497633, 263.899106, 3354, 4, 5130001, 428652418, 132166420, 565948839, 36445, 433, 98337.87477099999, inf, 697.6744186046511, 4465.607210051268, 84209.66557, 4709.553267, 0.050374, 836.302191, 8550.738444, 31.564925, 1677, 6, 2550001, 439195543, 68131573, 509877117
30000, 30000, 0, 0, dp_5.000000, 37291, 1272, 98900.324656, inf, 173.41040462427745, 2182.3165793205417, 86629.156678, 6168.739908, 0.610887, 2638.936988, 3433.946476, 28.933719, 865, 108, 10350001, 414542895, 47721294, 472614190, 36993, 734, 89837.205305, inf, 348.83720930232556, 3138.0443467765726, 83140.000565, 3218.929116, 0.180959, 1509.490192, 1965.183016, 3.421457, 430, 123, 5130001, 428652418, 23509784, 457292203, 36451, 439, 87865.643548, inf, 697.6744186046511, 4465.607210051268, 84209.66557, 1689.432369, 0.049273, 836.302191, 1129.686733, 0.507412, 215, 66, 2550001, 439195543, 11649971, 453395515
30000, 30000, 0, 0, dp_7.000000, 37280, 1261, 102185.998141, inf, 173.41040462427745, 2182.3165793205417, 86629.156678, 7828.14769, 0.841067, 2638.936988, 5027.676061, 61.239657, 1211, 9, 10350001, 414542895, 66672268, 491565164, 36979, 720, 91919.679324, inf, 348.83720930232556, 3138.0443467765726, 83140.000565, 4404.133134, 0.182232, 1509.490192, 2858.522535, 7.350666, 602, 44, 5130001, 428652418, 33943488, 467725907, 36447, 435, 88996.09994999999, inf, 697.6744186046511, 4465.607210051268, 84209.66557, 2290.496208, 0.048851, 836.302191, 1658.596934, 0.990196, 301, 32, 2550001, 439195543, 16827491, 458573035
30000, 30000, 0, 0, dp_9.000000, 37280, 1261, 104814.898926, inf, 173.41040462427745, 2182.3165793205417, 86629.156678, 8983.736377, 0.648906, 2638.936988, 6456.775391, 105.644586, 1557, 7, 10350001, 414542895, 80953497, 505846393, 36976, 717, 93572.364302, inf, 348.83720930232556, 3138.0443467765726, 83140.000565, 5209.818144, 0.18154, 1509.490192, 3700.356134, 12.517727, 774, 11, 5130001, 428652418, 43112750, 476895169, 36445, 433, 89990.22634699999, inf, 697.6744186046511, 4465.607210051268, 84209.66557, 2800.048476, 0.057497, 836.302191, 2142.525723, 1.62689, 387, 13, 2550001, 439195543, 21563093, 463308637
30000, 30000, 0, 0, fixed_reps_1, 37497, 1478, 90673.204083, inf, 173.41040462427745, 2182.3165793205417, 86629.156678, 1398.36786, 0.797946, 2638.936988, 5.944611, 0, 173, 1412, 10350001, 414542895, 5397433, 430290329, 37119, 860, 85414.804145, inf, 348.83720930232556, 3138.0443467765726, 83140.000565, 759.094215, 0.174316, 1509.490192, 6.044857, 0, 86, 790, 5130001, 428652418, 2638056, 436420475, 36532, 520, 85481.41564699999, inf, 697.6744186046511, 4465.607210051268, 84209.66557, 429.640766, 0.054121, 836.302191, 5.752999, 0, 43, 409, 2550001, 439195543, 1303903, 443049447
30000, 30000, 0, 0, fixed_reps_11, 37302, 1283, 104539.708706, inf, 173.41040462427745, 2182.3165793205417, 86629.156678, 15207.162892, 0.648685, 2638.936988, 63.803463, 0, 1903, 241, 10350001, 414542895, 59370033, 484262929, 36995, 736, 92831.37272599999, inf, 348.83720930232556, 3138.0443467765726, 83140.000565, 8106.689858, 0.183684, 1509.490192, 75.008427, 0, 946, 203, 5130001, 428652418, 29017756, 462800175, 36456, 444, 89553.30099, inf, 697.6744186046511, 4465.607210051268, 84209.66557, 4430.304803, 0.068518, 836.302191, 76.959908, 0, 473, 97, 2550001, 439195543, 14342503, 456088047
30000, 30000, 0, 0, fixed_reps_13, 37292, 1273, 107271.021467, inf, 173.41040462427745, 2182.3165793205417, 86629.156678, 17924.962486, 0.858709, 2638.936988, 77.106606, 0, 2249, 166, 10350001, 414542895, 70164553, 495057449, 36991, 732, 94305.56588299999, inf, 348.83720930232556, 3138.0443467765726, 83140.000565, 9567.856764, 0.179446, 1509.490192, 88.038916, 0, 1118, 180, 5130001, 428652418, 34293696, 468076115, 36451, 439, 90390.52137999999, inf, 697.6744186046511, 4465.607210051268, 84209.66557, 5251.021171, 0.046397, 836.302191, 93.486051, 0, 559, 93, 2550001, 439195543, 16950223, 458695767
30000, 30000, 0, 0, fixed_reps_15, 37288, 1269, 109974.003701, inf, 173.41040462427745, 2182.3165793205417, 86629.156678, 20615.766836, 0.669725, 2638.936988, 89.473474, 0, 2595, 129, 10350001, 414542895, 80959073, 505851969, 36988, 729, 95821.36202599999, inf, 348.83720930232556, 3138.0443467765726, 83140.000565, 11069.785879, 0.183865, 1509.490192, 101.901525, 0, 1290, 155, 5130001, 428652418, 39569636, 473352055, 36450, 438, 91185.23082699999, inf, 697.6744186046511, 4465.607210051268, 84209.66557, 6031.91061, 0.058299, 836.302191, 107.294157, 0, 645, 88, 2550001, 439195543, 19557943, 461303487
30000, 30000, 0, 0, fixed_reps_17, 37287, 1268, 112800.493946, inf, 173.41040462427745, 2182.3165793205417, 86629.156678, 23430.062967, 0.825847, 2638.936988, 101.511466, 0, 2941, 119, 10350001, 414542895, 91753593, 516646489, 36986, 727, 97217.523155, inf, 348.83720930232556, 3138.0443467765726, 83140.000565, 12453.809704, 0.215454, 1509.490192, 114.00724, 0, 1462, 129, 5130001, 428652418, 44845576, 478627995, 36450, 438, 92023.49669899998, inf, 697.6744186046511, 4465.607210051268, 84209.66557, 6857.787057, 0.05845, 836.302191, 119.683431, 0, 731, 74, 2550001, 439195543, 22165663, 463911207
30000, 30000, 0, 0, fixed_reps_19, 37285, 1266, 115569.61146100001, inf, 173.41040462427745, 2182.3165793205417, 86629.156678, 26188.156218, 0.812733, 2638.936988, 112.548844, 0, 3287, 102, 10350001, 414542895, 102548113, 527441009, 36985, 726, 98686.959949, inf, 348.83720930232556, 3138.0443467765726, 83140.000565, 13910.140918, 0.220234, 1509.490192, 127.10804, 0, 1634, 109, 5130001, 428652418, 50121516, 483903935, 36450, 438, 92830.750239, inf, 697.6744186046511, 4465.607210051268, 84209.66557, 7652.222338, 0.061245, 836.302191, 132.498895, 0, 817, 58, 2550001, 439195543, 24773383, 466518927
30000, 30000, 0, 0, fixed_reps_21, 37284, 1265, 118340.96847400001, inf, 173.41040462427745, 2182.3165793205417, 86629.156678, 28947.591907, 0.811771, 2638.936988, 124.47113, 0, 3633, 86, 10350001, 414542895, 113342633, 538235529, 36985, 726, 100174.643487, inf, 348.83720930232556, 3138.0443467765726, 83140.000565, 15387.777424, 0.227577, 1509.490192, 137.147729, 0, 1806, 86, 5130001, 428652418, 55397456, 489179875, 36450, 438, 93607.237717, inf, 697.6744186046511, 4465.607210051268, 84209.66557, 8416.242887, 0.06424, 836.302191, 144.962829, 0, 903, 55, 2550001, 439195543, 27381103, 469126647
30000, 30000, 0, 0, fixed_reps_23, 37284, 1265, 121054.22742, inf, 173.41040462427745, 2182.3165793205417, 86629.156678, 31649.168827, 0.820899, 2638.936988, 136.144028, 0, 3979, 77, 10350001, 414542895, 124137153, 549030049, 36984, 725, 101547.43311999999, inf, 348.83720930232556, 3138.0443467765726, 83140.000565, 16748.001242, 0.187351, 1509.490192, 149.75377, 0, 1978, 82, 5130001, 428652418, 60673396, 494455815, 36450, 438, 94431.99127, inf, 697.6744186046511, 4465.607210051268, 84209.66557, 9224.169699, 0.045085, 836.302191, 161.808725, 0, 989, 52, 2550001, 439195543, 29988823, 471734367
30000, 30000, 0, 0, fixed_reps_25, 37284, 1265, 124803.976699, inf, 173.41040462427745, 2182.3165793205417, 86629.156678, 35388.201802, 0.873037, 2638.936988, 146.808194, 0, 4325, 63, 10350001, 414542895, 134931673, 559824569, 36983, 724, 103003.47927399998, inf, 348.83720930232556, 3138.0443467765726, 83140.000565, 18191.729633, 0.220844, 1509.490192, 162.03804, 0, 2150, 78, 5130001, 428652418, 65949336, 499731755, 36449, 437, 95217.95143799999, inf, 697.6744186046511, 4465.607210051268, 84209.66557, 9997.964381, 0.060744, 836.302191, 173.958552, 0, 1075, 49, 2550001, 439195543, 32596543, 474342087
30000, 30000, 0, 0, fixed_reps_27, 37281, 1262, 126116.93334, inf, 173.41040462427745, 2182.3165793205417, 86629.156678, 36690.25362, 0.834955, 2638.936988, 157.751099, 0, 4671, 48, 10350001, 414542895, 145726193, 570619089, 36981, 722, 104457.94702099999, inf, 348.83720930232556, 3138.0443467765726, 83140.000565, 19633.971962, 0.17626, 1509.490192, 174.308042, 0, 2322, 67, 5130001, 428652418, 71225276, 505007695, 36447, 435, 96036.209445, inf, 697.6744186046511, 4465.607210051268, 84209.66557, 10802.940701, 0.045605, 836.302191, 187.255378, 0, 1161, 46, 2550001, 439195543, 35204263, 476949807
30000, 30000, 0, 0, fixed_reps_29, 37281, 1262, 128935.812732, inf, 173.41040462427745, 2182.3165793205417, 86629.156678, 39497.218047, 0.834554, 2638.936988, 169.666465, 0, 5017, 35, 10350001, 414542895, 156520713, 581413609, 36981, 722, 105929.20436499998, inf, 348.83720930232556, 3138.0443467765726, 83140.000565, 21093.263239, 0.226314, 1509.490192, 186.224055, 0, 2494, 53, 5130001, 428652418, 76501216, 510283635, 36446, 434, 96848.77722199999, inf, 697.6744186046511, 4465.607210051268, 84209.66557, 11603.285896, 0.059121, 836.302191, 199.464444, 0, 1247, 43, 2550001, 439195543, 37811983, 479557527
30000, 30000, 0, 0, fixed_reps_3, 37379, 1360, 93508.211843, inf, 173.41040462427745, 2182.3165793205417, 86629.156678, 4220.758321, 0.798297, 2638.936988, 18.561559, 0, 519, 874, 10350001, 414542895, 16191953, 441084849, 37045, 786, 86927.120643, inf, 348.83720930232556, 3138.0443467765726, 83140.000565, 2257.672495, 0.185719, 1509.490192, 19.771672, 0, 258, 437, 5130001, 428652418, 7913996, 441696415, 36485, 473, 86320.76875799999, inf, 697.6744186046511, 4465.607210051268, 84209.66557, 1251.078028, 0.050605, 836.302191, 23.672364, 0, 129, 257, 2550001, 439195543, 3911623, 445657167
30000, 30000, 0, 0, fixed_reps_31, 37281, 1262, 131687.06539200002, inf, 173.41040462427745, 2182.3165793205417, 86629.156678, 42237.679278, 0.86412, 2638.936988, 180.428328, 0, 5363, 34, 10350001, 414542895, 167315233, 592208129, 36977, 718, 107347.66932399999, inf, 348.83720930232556, 3138.0443467765726, 83140.000565, 22498.807686, 0.225312, 1509.490192, 199.145569, 0, 2666, 43, 5130001, 428652418, 81777156, 515559575, 36446, 434, 97767.380087, inf, 697.6744186046511, 4465.607210051268, 84209.66557, 12507.147465, 0.051126, 836.302191, 214.213735, 0, 1333, 37, 2550001, 439195543, 40419703, 482165247
30000, 30000, 0, 0, fixed_reps_33, 37281, 1262, 134257.74128299998, inf, 173.41040462427745, 2182.3165793205417, 86629.156678, 44797.22141, 0.832821, 2638.936988, 191.593386, 0, 5709, 31, 10350001, 414542895, 178109753, 603002649, 36976, 717, 108885.40808699999, inf, 348.83720930232556, 3138.0443467765726, 83140.000565, 24023.198204, 0.18645, 1509.490192, 212.532676, 0, 2838, 36, 5130001, 428652418, 87053096, 520835515, 36446, 434, 98475.85831299999, inf, 697.6744186046511, 4465.607210051268, 84209.66557, 13199.088106, 0.051767, 836.302191, 230.750679, 0, 1419, 32, 2550001, 439195543, 43027423, 484772967
30000, 30000, 0, 0, fixed_reps_35, 37281, 1262, 137083.583955, inf, 173.41040462427745, 2182.3165793205417, 86629.156678, 47612.175738, 0.855845, 2638.936988, 202.458706, 0, 6055, 23, 10350001, 414542895, 188904273, 613797169, 36976, 717, 110351.940557, inf, 348.83720930232556, 3138.0443467765726, 83140.000565, 25477.583176, 0.220784, 1509.490192, 224.64584, 0, 3010, 33, 5130001, 428652418, 92329036, 526111455, 36446, 434, 99262.42446699999, inf, 697.6744186046511, 4465.607210051268, 84209.66557, 13972.560875, 0.061074, 836.302191, 243.834757, 0, 1505, 30, 2550001, 439195543, 45635143, 487380687
30000, 30000, 0, 0, fixed_reps_37, 37281, 1262, 140098.321209, inf, 173.41040462427745, 2182.3165793205417, 86629.156678, 50615.33194, 0.804939, 2638.936988, 214.090664, 0, 6401, 22, 10350001, 414542895, 199698793, 624591689, 36976, 717, 111745.74523299998, inf, 348.83720930232556, 3138.0443467765726, 83140.000565, 26856.695316, 0.227116, 1509.490192, 239.332044, 0, 3182, 25, 5130001, 428652418, 97604976, 531387395, 36446, 434, 100050.894325, inf, 697.6744186046511, 4465.607210051268, 84209.66557, 14744.790448, 0.056746, 836.302191, 260.07937, 0, 1591, 30, 2550001, 439195543, 48242863, 489988407
30000, 30000, 0, 0, fixed_reps_39, 37281, 1262, 142692.10797599997, inf, 173.41040462427745, 2182.3165793205417, 86629.156678, 53198.012227, 0.861747, 2638.936988, 225.140336, 0, 6747, 21, 10350001, 414542895, 210493313, 635386209, 36976, 717, 113238.509264, inf, 348.83720930232556, 3138.0443467765726, 83140.000565, 28337.505632, 0.225723, 1509.490192, 251.287152, 0, 3354, 21, 5130001, 428652418, 102880916, 536663335, 36446, 434, 100890.706655, inf, 697.6744186046511, 4465.607210051268, 84209.66557, 15571.117318, 0.051817, 836.302191, 273.569759, 0, 1677, 29, 2550001, 439195543, 50850583, 492596127
30000, 30000, 0, 0, fixed_reps_41, 37281, 1262, 145588.612753, inf, 173.41040462427745, 2182.3165793205417, 86629.156678, 56083.272211, 0.820931, 2638.936988, 236.425945, 0, 7093, 16, 10350001, 414542895, 221287833, 646180729, 36976, 717, 114670.82730699999, inf, 348.83720930232556, 3138.0443467765726, 83140.000565, 29757.518044, 0.22922, 1509.490192, 263.589286, 0, 3526, 21, 5130001, 428652418, 108156856, 541939275, 36446, 434, 101676.09387099999, inf, 697.6744186046511, 4465.607210051268, 84209.66557, 16342.758626, 0.061416, 836.302191, 287.306068, 0, 1763, 27, 2550001, 439195543, 53458303, 495203847
30000, 30000, 0, 0, fixed_reps_5, 37334, 1315, 96298.940964, inf, 173.41040462427745, 2182.3165793205417, 86629.156678, 6999.115515, 0.828744, 2638.936988, 30.903039, 0, 865, 595, 10350001, 414542895, 26986473, 451879369, 37028, 769, 88410.219862, inf, 348.83720930232556, 3138.0443467765726, 83140.000565, 3725.782072, 0.221506, 1509.490192, 34.725527, 0, 430, 360, 5130001, 428652418, 13189936, 446972355, 36468, 456, 87113.52219599999, inf, 697.6744186046511, 4465.607210051268, 84209.66557, 2031.650602, 0.050445, 836.302191, 35.853388, 0, 215, 219, 2550001, 439195543, 6519343, 448264887
30000, 30000, 0, 0, fixed_reps_7, 37309, 1290, 99070.919752, inf, 173.41040462427745, 2182.3165793205417, 86629.156678, 9758.763523, 0.849031, 2638.936988, 43.213532, 0, 1211, 412, 10350001, 414542895, 37780993, 462673889, 37015, 756, 89878.048572, inf, 348.83720930232556, 3138.0443467765726, 83140.000565, 5179.438653, 0.18699, 1509.490192, 48.932172, 0, 602, 310, 5130001, 428652418, 18465876, 452248295, 36460, 448, 87921.22521999998, inf, 697.6744186046511, 4465.607210051268, 84209.66557, 2824.698442, 0.050685, 836.302191, 50.508332, 0, 301, 157, 2550001, 439195543, 9127063, 450872607
30000, 30000, 0, 0, fixed_reps_9, 37304, 1285, 101770.107104, inf, 173.41040462427745, 2182.3165793205417, 86629.156678, 12449.060602, 0.653144, 2638.936988, 52.299692, 0, 1557, 324, 10350001, 414542895, 48575513, 473468409, 37004, 745, 91349.38879799999, inf, 348.83720930232556, 3138.0443467765726, 83140.000565, 6637.311932, 0.224541, 1509.490192, 62.361568, 0, 774, 247, 5130001, 428652418, 23741816, 457524235, 36458, 446, 88757.07231399999, inf, 697.6744186046511, 4465.607210051268, 84209.66557, 3646.530193, 0.048881, 836.302191, 64.525479, 0, 387, 111, 2550001, 439195543, 11734783, 453480327
30000, 30000, 0, 0, greedy_1.000000, 37497, 1478, 90681.23376399999, inf, 173.41040462427745, 2182.3165793205417, 86629.156678, 1406.6246, 0.855015, 2638.936988, 5.652528, 0.007955, 173, 1412, 10350001, 414542895, 5397433, 430290329, 37119, 860, 85405.012365, inf, 348.83720930232556, 3138.0443467765726, 83140.000565, 749.725758, 0.176451, 1509.490192, 5.614881, 0.004518, 86, 790, 5130001, 428652418, 2638056, 436420475, 36532, 520, 85461.353599, inf, 697.6744186046511, 4465.607210051268, 84209.66557, 409.79867, 0.048541, 836.302191, 5.536142, 0.002485, 43, 409, 2550001, 439195543, 1303903, 443049447
30000, 30000, 0, 0, greedy_11.000000, 37322, 1303, 100675.262548, inf, 173.41040462427745, 2182.3165793205417, 86629.156678, 3403.87277, 0.77887, 2638.936988, 8002.108065, 0.409177, 1903, 726, 10350001, 414542895, 65293616, 490186512, 37014, 755, 90856.17190199999, inf, 348.83720930232556, 3138.0443467765726, 83140.000565, 1665.804886, 0.177313, 1509.490192, 4540.581175, 0.117771, 946, 420, 5130001, 428652418, 31722434, 465504853, 36465, 453, 88516.286909, inf, 697.6744186046511, 4465.607210051268, 84209.66557, 823.36434, 0.047389, 836.302191, 2646.874397, 0.033022, 473, 228, 2550001, 439195543, 15647825, 457393369
30000, 30000, 0, 0, greedy_13.000000, 37314, 1295, 102188.058271, inf, 173.41040462427745, 2182.3165793205417, 86629.156678, 3522.745996, 0.61336, 2638.936988, 9396.127073, 0.478176, 2249, 726, 10350001, 414542895, 76090892, 500983788, 37010, 751, 91667.022289, inf, 348.83720930232556, 3138.0443467765726, 83140.000565, 1704.867929, 0.175439, 1509.490192, 5312.347741, 0.140423, 1118, 419, 5130001, 428652418, 37006274, 470788693, 36464, 452, 88985.57233199998, inf, 697.6744186046511, 4465.607210051268, 84209.66557, 839.08407, 0.045716, 836.302191, 3100.440831, 0.033954, 559, 227, 2550001, 439195543, 18258957, 460004501
30000, 30000, 0, 0, greedy_15.000000, 37311, 1292, 103612.440932, inf, 173.41040462427745, 2182.3165793205417, 86629.156678, 3614.036251, 0.675386, 2638.936988, 10728.984308, 0.651321, 2595, 725, 10350001, 414542895, 86888168, 511781064, 37007, 748, 92516.37501799999, inf, 348.83720930232556, 3138.0443467765726, 83140.000565, 1747.136697, 0.172393, 1509.490192, 6119.411103, 0.164068, 1290, 419, 5130001, 428652418, 42290114, 476072533, 36462, 450, 89471.59819599999, inf, 697.6744186046511, 4465.607210051268, 84209.66557, 853.343852, 0.048791, 836.302191, 3572.194691, 0.043101, 645, 227, 2550001, 439195543, 20870089, 462615633
30000, 30000, 0, 0, greedy_17.000000, 37311, 1292, 105053.152824, inf, 173.41040462427745, 2182.3165793205417, 86629.156678, 3690.043798, 0.643135, 2638.936988, 12093.639922, 0.732303, 2941, 725, 10350001, 414542895, 97685444, 522578340, 37007, 748, 93339.68450399999, inf, 348.83720930232556, 3138.0443467765726, 83140.000565, 1788.385839, 0.178986, 1509.490192, 6901.445007, 0.183915, 1462, 419, 5130001, 428652418, 47573954, 481356373, 36459, 447, 89977.12796199998, inf, 697.6744186046511, 4465.607210051268, 84209.66557, 867.563339, 0.047829, 836.302191, 4063.501935, 0.047098, 731, 227, 2550001, 439195543, 23481221, 465226765
30000, 30000, 0, 0, greedy_19.000000, 37311, 1292, 106552.72959799999, inf, 173.41040462427745, 2182.3165793205417, 86629.156678, 3787.135625, 0.656771, 2638.936988, 13496.034449, 0.809087, 3287, 725, 10350001, 414542895, 108482720, 533375616, 37006, 747, 94074.00038499999, inf, 348.83720930232556, 3138.0443467765726, 83140.000565, 1824.341735, 0.179587, 1509.490192, 7599.782329, 0.205977, 1634, 418, 5130001, 428652418, 52857794, 486640213, 36459, 447, 90370.65918199999, inf, 697.6744186046511, 4465.607210051268, 84209.66557, 879.483465, 0.046357, 836.302191, 4445.111726, 0.049873, 817, 226, 2550001, 439195543, 26092353, 467837897
30000, 30000, 0, 0, greedy_21.000000, 37307, 1288, 108066.116748, inf, 173.41040462427745, 2182.3165793205417, 86629.156678, 3892.841327, 0.638076, 2638.936988, 14903.626689, 0.91699, 3633, 725, 10350001, 414542895, 119279996, 544172892, 37004, 745, 94845.94707999998, inf, 348.83720930232556, 3138.0443467765726, 83140.000565, 1862.427434, 0.180489, 1509.490192, 8333.619461, 0.228939, 1806, 418, 5130001, 428652418, 58141634, 491924053, 36455, 443, 90852.855537, inf, 697.6744186046511, 4465.607210051268, 84209.66557, 903.727454, 0.057608, 836.302191, 4903.051608, 0.051106, 903, 226, 2550001, 439195543, 28703485, 470449029
30000, 30000, 0, 0, greedy_23.000000, 37304, 1285, 109411.643481, inf, 173.41040462427745, 2182.3165793205417, 86629.156678, 3997.310967, 0.806421, 2638.936988, 16144.42591, 1.006517, 3979, 724, 10350001, 414542895, 130077272, 554970168, 37002, 743, 95619.64262599999, inf, 348.83720930232556, 3138.0443467765726, 83140.000565, 1896.476253, 0.177232, 1509.490192, 9073.243416, 0.254968, 1978, 418, 5130001, 428652418, 63425474, 497207893, 36454, 442, 91284.669371, inf, 697.6744186046511, 4465.607210051268, 84209.66557, 914.631255, 0.049562, 836.302191, 5323.957674, 0.063119, 989, 226, 2550001, 439195543, 31314617, 473060161
30000, 30000, 0, 0, greedy_25.000000, 37303, 1284, 110754.65068, inf, 173.41040462427745, 2182.3165793205417, 86629.156678, 4085.749899, 0.645891, 2638.936988, 17399.11341, 1.047814, 4325, 724, 10350001, 414542895, 140874548, 565767444, 36999, 740, 96417.39369099998, inf, 348.83720930232556, 3138.0443467765726, 83140.000565, 1936.713899, 0.179036, 1509.490192, 9830.743379, 0.26662, 2150, 418, 5130001, 428652418, 68709314, 502491733, 36454, 442, 91768.897231, inf, 697.6744186046511, 4465.607210051268, 84209.66557, 928.816301, 0.046337, 836.302191, 5793.994526, 0.072306, 1075, 226, 2550001, 439195543, 33925749, 475671293
30000, 30000, 0, 0, greedy_27.000000, 37302, 1283, 112088.81191, inf, 173.41040462427745, 2182.3165793205417, 86629.156678, 4166.965543, 0.666059, 2638.936988, 18651.848962, 1.23768, 4671, 724, 10350001, 414542895, 151671824, 576564720, 36999, 740, 97237.499899, inf, 348.83720930232556, 3138.0443467765726, 83140.000565, 1976.295263, 0.177713, 1509.490192, 10611.222548, 0.313618, 2322, 418, 5130001, 428652418, 73993154, 507775573, 36452, 440, 92172.41629000001, inf, 697.6744186046511, 4465.607210051268, 84209.66557, 932.379614, 0.047569, 836.302191, 6193.952346, 0.069, 1161, 225, 2550001, 439195543, 36536881, 478282425
30000, 30000, 0, 0, greedy_29.000000, 37301, 1282, 113418.83719500001, inf, 173.41040462427745, 2182.3165793205417, 86629.156678, 4251.882882, 0.650891, 2638.936988, 19896.966012, 1.243744, 5017, 724, 10350001, 414542895, 162469100, 587361996, 36997, 738, 97943.930742, inf, 348.83720930232556, 3138.0443467765726, 83140.000565, 2017.956149, 0.182262, 1509.490192, 11276.002032, 0.299542, 2494, 417, 5130001, 428652418, 79276994, 513059413, 36452, 440, 92588.50550099998, inf, 697.6744186046511, 4465.607210051268, 84209.66557, 943.596468, 0.046668, 836.302191, 6598.824172, 0.070432, 1247, 225, 2550001, 439195543, 39148013, 480893557
30000, 30000, 0, 0, greedy_3.000000, 37368, 1349, 93955.96461299999, inf, 173.41040462427745, 2182.3165793205417, 86629.156678, 2878.327479, 0.651934, 2638.936988, 1808.797377, 0.094157, 519, 730, 10350001, 414542895, 22104512, 446997408, 37049, 790, 87141.83634, inf, 348.83720930232556, 3138.0443467765726, 83140.000565, 1459.269214, 0.177553, 1509.490192, 1032.867096, 0.03172, 258, 423, 5130001, 428652418, 10587074, 444369493, 36474, 462, 86393.501498, inf, 697.6744186046511, 4465.607210051268, 84209.66557, 755.094241, 0.050605, 836.302191, 592.375836, 0.013055, 129, 231, 2550001, 439195543, 5203297, 446948841
30000, 30000, 0, 0, greedy_31.000000, 37301, 1282, 114784.848684, inf, 173.41040462427745, 2182.3165793205417, 86629.156678, 4332.207291, 0.647575, 2638.936988, 21182.457607, 1.442545, 5363, 724, 10350001, 414542895, 173266376, 598159272, 36996, 737, 98617.05934699999, inf, 348.83720930232556, 3138.0443467765726, 83140.000565, 2043.66022, 0.165902, 1509.490192, 11923.408512, 0.333956, 2666, 417, 5130001, 428652418, 84560834, 518343253, 36452, 440, 92979.82128499998, inf, 697.6744186046511, 4465.607210051268, 84209.66557, 954.818854, 0.058179, 836.302191, 6978.9015, 0.074991, 1333, 225, 2550001, 439195543, 41759145, 483504689
30000, 30000, 0, 0, greedy_33.000000, 37300, 1281, 116197.791899, inf, 173.41040462427745, 2182.3165793205417, 86629.156678, 4420.843735, 0.638799, 2638.936988, 22506.793401, 1.422298, 5709, 724, 10350001, 414542895, 184063652, 608956548, 36995, 736, 99301.16036, inf, 348.83720930232556, 3138.0443467765726, 83140.000565, 2075.814843, 0.180779, 1509.490192, 12575.32147, 0.352511, 2838, 417, 5130001, 428652418, 89844674, 523627093, 36452, 440, 93376.16008900001, inf, 697.6744186046511, 4465.607210051268, 84209.66557, 968.297491, 0.044754, 836.302191, 7361.77396, 0.076123, 1419, 225, 2550001, 439195543, 44370277, 486115821
30000, 30000, 0, 0, greedy_35.000000, 37300, 1281, 117584.24853800001, inf, 173.41040462427745, 2182.3165793205417, 86629.156678, 4517.690736, 0.641436, 2638.936988, 23796.258541, 1.564159, 6055, 724, 10350001, 414542895, 194860928, 619753824, 36993, 734, 100124.56150699999, inf, 348.83720930232556, 3138.0443467765726, 83140.000565, 2194.411489, 0.201919, 1509.490192, 13280.055708, 0.401634, 3010, 417, 5130001, 428652418, 95128514, 528910933, 36452, 440, 93764.321176, inf, 697.6744186046511, 4465.607210051268, 84209.66557, 979.681911, 0.045555, 836.302191, 7738.543274, 0.082675, 1505, 225, 2550001, 439195543, 46981409, 488726953
30000, 30000, 0, 0, greedy_37.000000, 37297, 1278, 118988.90585200001, inf, 173.41040462427745, 2182.3165793205417, 86629.156678, 4609.391056, 0.636014, 2638.936988, 25109.15699, 1.628126, 6401, 724, 10350001, 414542895, 205658204, 630551100, 36993, 734, 100741.60590099999, inf, 348.83720930232556, 3138.0443467765726, 83140.000565, 2147.609997, 0.179437, 1509.490192, 13943.929788, 0.395922, 3182, 417, 5130001, 428652418, 100412354, 534194773, 36449, 437, 94203.16167399997, inf, 697.6744186046511, 4465.607210051268, 84209.66557, 1000.070797, 0.056105, 836.302191, 8156.982593, 0.084418, 1591, 225, 2550001, 439195543, 49592541, 491338085
30000, 30000, 0, 0, greedy_39.000000, 37296, 1277, 120329.039333, inf, 173.41040462427745, 2182.3165793205417, 86629.156678, 4708.311486, 0.636554, 2638.936988, 26350.20841, 1.789217, 6747, 724, 10350001, 414542895, 216455480, 641348376, 36993, 734, 101501.979417, inf, 348.83720930232556, 3138.0443467765726, 83140.000565, 2183.378218, 0.181881, 1509.490192, 14668.497633, 0.430928, 3354, 417, 5130001, 428652418, 105696194, 539478613, 36447, 435, 94605.712147, inf, 697.6744186046511, 4465.607210051268, 84209.66557, 1008.867102, 0.04797, 836.302191, 8550.738444, 0.09087, 1677, 225, 2550001, 439195543, 52203673, 493949217
30000, 30000, 0, 0, greedy_5.000000, 37345, 1326, 95732.269031, inf, 173.41040462427745, 2182.3165793205417, 86629.156678, 3029.291861, 0.778851, 2638.936988, 3433.946476, 0.158177, 865, 728, 10350001, 414542895, 32901788, 457794684, 37035, 776, 88159.93269199999, inf, 348.83720930232556, 3138.0443467765726, 83140.000565, 1545.027856, 0.178214, 1509.490192, 1965.183016, 0.052849, 430, 422, 5130001, 428652418, 15870914, 449653333, 36472, 460, 86948.720787, inf, 697.6744186046511, 4465.607210051268, 84209.66557, 772.975433, 0.072205, 836.302191, 1129.686733, 0.018655, 215, 230, 2550001, 439195543, 7814429, 449559973
30000, 30000, 0, 0, greedy_7.000000, 37333, 1314, 97447.132555, inf, 173.41040462427745, 2182.3165793205417, 86629.156678, 3150.264497, 0.799851, 2638.936988, 5027.676061, 0.29848, 1211, 727, 10350001, 414542895, 43699064, 468591960, 37026, 767, 89076.846926, inf, 348.83720930232556, 3138.0443467765726, 83140.000565, 1568.577925, 0.180188, 1509.490192, 2858.522535, 0.075521, 602, 421, 5130001, 428652418, 21154754, 454937173, 36466, 454, 87493.87824199998, inf, 697.6744186046511, 4465.607210051268, 84209.66557, 789.22969, 0.061255, 836.302191, 1658.596934, 0.022602, 301, 229, 2550001, 439195543, 10425561, 452171105
30000, 30000, 0, 0, greedy_9.000000, 37329, 1310, 99004.15751499998, inf, 173.41040462427745, 2182.3165793205417, 86629.156678, 3278.205899, 0.740268, 2638.936988, 6456.775391, 0.342291, 1557, 726, 10350001, 414542895, 54496340, 479389236, 37018, 759, 89967.33884599998, inf, 348.83720930232556, 3138.0443467765726, 83140.000565, 1617.214484, 0.181591, 1509.490192, 3700.356134, 0.09588, 774, 420, 5130001, 428652418, 26438594, 460221013, 36465, 453, 87994.829642, inf, 697.6744186046511, 4465.607210051268, 84209.66557, 806.258453, 0.049883, 836.302191, 2142.525723, 0.027822, 387, 228, 2550001, 439195543, 13036693, 454782237
30000, 30000, 0, 0, opt, 37280, 1261, 96725.850773, inf, 173.41040462427745, 2182.3165793205417, 86629.156678, 7456.92616, 0.830947, 2638.936988, 0, 0, 0, 0, 10350001, 414542895, 36178794, 461071690, 36976, 717, 89513.389809, inf, 348.83720930232556, 3138.0443467765726, 83140.000565, 4863.691533, 0.207519, 1509.490192, 0, 0, 0, 0, 5130001, 428652418, 21572640, 455355059, 36445, 433, 87717.399161, inf, 697.6744186046511, 4465.607210051268, 84209.66557, 2671.372039, 0.059361, 836.302191, 0, 0, 0, 0, 2550001, 439195543, 10848416, 452593960
30000, 30000, 0, 0, plus_edge, 37445, 1426, 90705.566567, inf, 173.41040462427745, 2182.3165793205417, 86629.156678, 1436.574547, 0.898354, 2638.936988, 0, 0, 0, 0, 10350001, 414542895, 5396844, 430289740, 37083, 824, 85414.594537, inf, 348.83720930232556, 3138.0443467765726, 83140.000565, 764.936346, 0.167434, 1509.490192, 0, 0, 0, 0, 5130001, 428652418, 2615195, 436397614, 36511, 499, 85458.56441199999, inf, 697.6744186046511, 4465.607210051268, 84209.66557, 412.547299, 0.049352, 836.302191, 0, 0, 0, 0, 2550001, 439195543, 1275624, 443021168
30000, 30000, 0, 0, simple, 37497, 1478, 90702.341863, inf, 173.41040462427745, 2182.3165793205417, 86629.156678, 1433.380962, 0.867235, 2638.936988, 0, 0, 0, 0, 10350001, 414542895, 5367260, 430260156, 37119, 860, 85418.825797, inf, 348.83720930232556, 3138.0443467765726, 83140.000565, 769.151035, 0.184005, 1509.490192, 0, 0, 0, 0, 5130001, 428652418, 2607970, 436390389, 36532, 520, 85458.54559899999, inf, 697.6744186046511, 4465.607210051268, 84209.66557, 412.529387, 0.048451, 836.302191, 0, 0, 0, 0, 2550001, 439195543, 1273860, 443019404
30000, 30000, 0, 0, dp_1.000000, 37873, 1391, 90049.203115, inf, 173.41040462427745, 2182.777016116923, 86066.073578, 1362.223884, 0.596018, 2617.052883, 3.248336, 0.008416, 173, 0, 10350001, 414716747, 5396401, 430463149, 37441, 788, 76371.24885500001, inf, 348.83720930232556, 3131.220227488651, 74236.692584, 702.483148, 0.136807, 1428.701097, 3.230129, 0.00509, 86, 0, 5130001, 426812783, 2644261, 434587045, 36868, 441, 72951.371859, inf, 697.6744186046511, 4452.051587286161, 71813.279151, 373.402548, 0.030097, 761.522389, 3.135099, 0.002575, 43, 0, 2550001, 436596528, 1308817, 440455346
30000, 30000, 0, 0, dp_11.000000, 37629, 1147, 105980.68883099998, inf, 173.41040462427745, 2182.777016116923, 86066.073578, 9208.193359, 1.149975, 2617.052883, 7924.641489, 163.577547, 1903, 6, 10350001, 414716747, 93028871, 518095619, 37283, 630, 85875.740574, inf, 348.83720930232556, 3131.220227488651, 74236.692584, 5552.062403, 0.162835, 1428.701097, 4639.020049, 19.101606, 946, 9, 5130001, 426812783, 50272045, 482214829, 36799, 372, 78558.392057, inf, 697.6744186046511, 4452.051587286161, 71813.279151, 3291.596209, 0.047519, 761.522389, 2689.56388, 2.382909, 473, 13, 2550001, 436596528, 26633443, 465779972
30000, 30000, 0, 0, dp_13.000000, 37629, 1147, 106893.50603699998, inf, 173.41040462427745, 2182.777016116923, 86066.073578, 8584.951848, 0.902181, 2617.052883, 9390.831502, 233.694045, 2249, 5, 10350001, 414716747, 100483387, 525550135, 37283, 630, 86926.770065, inf, 348.83720930232556, 3131.220227488651, 74236.692584, 5764.762886, 0.188373, 1428.701097, 5468.986503, 27.438622, 1118, 8, 5130001, 426812783, 56442391, 488385175, 36799, 372, 79188.370127, inf, 697.6744186046511, 4452.051587286161, 71813.279151, 3492.499807, 0.045025, 761.522389, 3117.641172, 3.382583, 559, 11, 2550001, 436596528, 30168100, 469314629
30000, 30000, 0, 0, dp_15.000000, 37629, 1147, 110677.97486699998, inf, 173.41040462427745, 2182.777016116923, 86066.073578, 11003.37039, 0.660578, 2617.052883, 10674.863321, 315.954117, 2595, 5, 10350001, 414716747, 121243041, 546309789, 37283, 630, 87773.667153, inf, 348.83720930232556, 3131.220227488651, 74236.692584, 5756.02564, 0.168606, 1428.701097, 6315.577376, 36.50185, 1290, 7, 5130001, 426812783, 61328421, 493271205, 36799, 372, 79790.33994900002, inf, 697.6744186046511, 4452.051587286161, 71813.279151, 3623.311746, 0.053841, 761.522389, 3587.661412, 4.51141, 645, 10, 2550001, 436596528, 33348193, 472494722
30000, 30000, 0, 0, dp_17.000000, 37629, 1147, 114665.974382, inf, 173.41040462427745, 2182.777016116923, 86066.073578, 13526.912028, 0.84801, 2617.052883, 12048.825121, 406.262762, 2941, 5, 10350001, 414716747, 142002695, 567069443, 37283, 630, 89530.42244400001, inf, 348.83720930232556, 3131.220227488651, 74236.692584, 6699.115907, 0.208662, 1428.701097, 7118.373183, 47.331011, 1462, 7, 5130001, 426812783, 71643605, 503586389, 36799, 372, 80118.833276, inf, 697.6744186046511, 4452.051587286161, 71813.279151, 3476.72743, 0.046608, 761.522389, 4061.4093, 5.848398, 731, 9, 2550001, 436596528, 35139577, 474286106
30000, 30000, 0, 0, dp_19.000000, 37629, 1147, 112530.72830599998, inf, 173.41040462427745, 2182.777016116923, 86066.073578, 9926.553865, 0.88027, 2617.052883, 13417.752905, 502.414805, 3287, 4, 10350001, 414716747, 137160038, 562226786, 37283, 630, 89653.887645, inf, 348.83720930232556, 3131.220227488651, 74236.692584, 6077.582487, 0.163186, 1428.701097, 7851.055366, 59.692925, 1634, 6, 5130001, 426812783, 73231278, 505174062, 36799, 372, 81101.982349, inf, 697.6744186046511, 4452.051587286161, 71813.279151, 4027.662415, 0.044724, 761.522389, 4492.170896, 7.302774, 817, 9, 2550001, 436596528, 40299319, 479445848
30000, 30000, 0, 0, dp_21.000000, 37629, 1147, 116505.091613, inf, 173.41040462427745, 2182.777016116923, 86066.073578, 12381.751093, 0.685455, 2617.052883, 14823.021466, 616.507138, 3633, 4, 10350001, 414716747, 157919692, 582986440, 37283, 630, 91406.177075, inf, 348.83720930232556, 3131.220227488651, 74236.692584, 7033.421265, 0.168426, 1428.701097, 8633.610677, 73.583026, 1806, 6, 5130001, 426812783, 83546462, 515489246, 36799, 372, 81025.447356, inf, 697.6744186046511, 4452.051587286161, 71813.279151, 3509.670738, 0.055494, 761.522389, 4931.965302, 8.954282, 903, 8, 2550001, 436596528, 40406524, 479553053
30000, 30000, 0, 0, dp_23.000000, 37629, 1147, 120401.66337799998, inf, 173.41040462427745, 2182.777016116923, 86066.073578, 14878.913632, 0.854111, 2617.052883, 16098.90584, 739.863334, 3979, 4, 10350001, 414716747, 178679346, 603746094, 37283, 630, 93144.26651300001, inf, 348.83720930232556, 3131.220227488651, 74236.692584, 7981.087066, 0.169337, 1428.701097, 9408.254188, 89.362241, 1978, 6, 5130001, 426812783, 93861646, 525804430, 36799, 372, 82037.283956, inf, 697.6744186046511, 4452.051587286161, 71813.279151, 4055.974347, 0.04794, 761.522389, 5395.689852, 10.770277, 989, 8, 2550001, 436596528, 45566266, 484712795
30000, 30000, 0, 0, dp_25.000000, 37629, 1147, 124183.32036199998, inf, 173.41040462427745, 2182.777016116923, 86066.073578, 17297.977006, 0.665658, 2617.052883, 17316.319118, 885.232119, 4325, 4, 10350001, 414716747, 199439000, 624505748, 37283, 630, 91998.79416899999, inf, 348.83720930232556, 3131.220227488651, 74236.692584, 6033.849179, 0.169287, 1428.701097, 10193.850998, 105.531024, 2150, 5, 5130001, 426812783, 88122880, 520065664, 36799, 372, 83009.540856, inf, 697.6744186046511, 4452.051587286161, 71813.279151, 4600.755632, 0.045796, 761.522389, 5821.158223, 12.779665, 1075, 8, 2550001, 436596528, 50726008, 489872537
30000, 30000, 0, 0, dp_27.000000, 37629, 1147, 128086.423467, inf, 173.41040462427745, 2182.777016116923, 86066.073578, 19785.002577, 0.669385, 2617.052883, 18592.898, 1024.727044, 4671, 4, 10350001, 414716747, 220198654, 645265402, 37283, 630, 93764.084323, inf, 348.83720930232556, 3131.220227488651, 74236.692584, 6983.647968, 0.205325, 1428.701097, 10991.27126, 123.566089, 2322, 5, 5130001, 426812783, 98438064, 530380848, 36799, 372, 82482.62361600001, inf, 697.6744186046511, 4452.051587286161, 71813.279151, 3670.06613, 0.042961, 761.522389, 6222.7578, 14.955185, 1161, 7, 2550001, 436596528, 48794470, 487940999
30000, 30000, 0, 0, dp_29.000000, 37629, 1147, 120416.27809499999, inf, 173.41040462427745, 2182.777016116923, 86066.073578, 10733.689842, 0.665729, 2617.052883, 19808.067729, 1190.728334, 5017, 3, 10350001, 414716747, 192604787, 617671535, 37283, 630, 95384.63746400001, inf, 348.83720930232556, 3131.220227488651, 74236.692584, 7932.57876, 0.167545, 1428.701097, 11643.344494, 143.152984, 2494, 5, 5130001, 426812783, 108753248, 540696032, 36799, 372, 83449.688029, inf, 697.6744186046511, 4452.051587286161, 71813.279151, 4221.973206, 0.043081, 761.522389, 6635.620114, 17.250088, 1247, 7, 2550001, 436596528, 53954212, 493100741
30000, 30000, 0, 0, dp_3.000000, 37692, 1210, 94287.10034599999, inf, 173.41040462427745, 2182.777016116923, 86066.073578, 3764.238518, 0.74609, 2617.052883, 1830.311482, 8.677795, 519, 386, 10350001, 414716747, 26571255, 451638003, 37329, 676, 78673.09796, inf, 348.83720930232556, 3131.220227488651, 74236.692584, 1959.064143, 0.149661, 1428.701097, 1047.397676, 1.092799, 258, 258, 5130001, 426812783, 13092555, 445035339, 36815, 388, 74199.130701, inf, 697.6744186046511, 4452.051587286161, 71813.279151, 1047.813667, 0.038843, 761.522389, 576.31043, 0.166221, 129, 149, 2550001, 436596528, 6506359, 445652888
30000, 30000, 0, 0, dp_31.000000, 37629, 1147, 124333.84458199999, inf, 173.41040462427745, 2182.777016116923, 86066.073578, 13211.472035, 0.844755, 2617.052883, 21086.684883, 1351.716448, 5363, 3, 10350001, 414716747, 213364441, 638431189, 37283, 630, 97030.90550900002, inf, 348.83720930232556, 3131.220227488651, 74236.692584, 8886.702218, 0.169949, 1428.701097, 12313.944004, 164.695657, 2666, 5, 5130001, 426812783, 119068432, 551011216, 36799, 372, 84405.591039, inf, 697.6744186046511, 4452.051587286161, 71813.279151, 4764.242417, 0.042479, 761.522389, 7046.504499, 20.000104, 1333, 7, 2550001, 436596528, 59113954, 498260483
30000, 30000, 0, 0, dp_33.000000, 37629, 1147, 128126.57745299998, inf, 173.41040462427745, 2182.777016116923, 86066.073578, 15580.03678, 0.665398, 2617.052883, 22332.286505, 1530.462309, 5709, 3, 10350001, 414716747, 234124095, 659190843, 37283, 630, 98686.07691500001, inf, 348.83720930232556, 3131.220227488651, 74236.692584, 9839.921322, 0.210745, 1428.701097, 12994.838142, 185.713025, 2838, 5, 5130001, 426812783, 129383616, 561326400, 36799, 372, 85390.812347, inf, 697.6744186046511, 4452.051587286161, 71813.279151, 5310.758781, 0.056506, 761.522389, 7482.518418, 22.677102, 1419, 7, 2550001, 436596528, 64273696, 503420225
30000, 30000, 0, 0, dp_35.000000, 37629, 1147, 132213.95874899998, inf, 173.41040462427745, 2182.777016116923, 86066.073578, 18165.604982, 0.682473, 2617.052883, 23641.32368, 1723.221153, 6055, 3, 10350001, 414716747, 254883749, 679950497, 37283, 630, 95450.207704, inf, 348.83720930232556, 3131.220227488651, 74236.692584, 5904.082537, 0.161072, 1428.701097, 13670.713557, 209.856857, 3010, 4, 5130001, 426812783, 112786542, 544729326, 36799, 372, 84268.321978, inf, 697.6744186046511, 4452.051587286161, 71813.279151, 3769.337507, 0.050815, 761.522389, 7898.67375, 25.458366, 1505, 6, 2550001, 436596528, 59446552, 498593081
30000, 30000, 0, 0, dp_37.000000, 37629, 1147, 136224.57792799998, inf, 173.41040462427745, 2182.777016116923, 86066.073578, 20610.022887, 0.858902, 2617.052883, 24996.336527, 1934.233151, 6401, 3, 10350001, 414716747, 275643403, 700710151, 37283, 630, 97146.61139, inf, 348.83720930232556, 3131.220227488651, 74236.692584, 6854.253198, 0.215294, 1428.701097, 14391.85142, 234.897797, 3182, 4, 5130001, 426812783, 123101726, 555044510, 36799, 372, 85273.322016, inf, 697.6744186046511, 4452.051587286161, 71813.279151, 4323.462247, 0.046898, 761.522389, 8346.689187, 28.322144, 1591, 6, 2550001, 436596528, 64606294, 503752823
30000, 30000, 0, 0, dp_39.000000, 37629, 1147, 140102.473177, inf, 173.41040462427745, 2182.777016116923, 86066.073578, 22985.826054, 0.690265, 2617.052883, 26279.657894, 2153.172503, 6747, 3, 10350001, 414716747, 296403057, 721469805, 37283, 630, 98868.98876499999, inf, 348.83720930232556, 3131.220227488651, 74236.692584, 7805.125854, 0.166462, 1428.701097, 15136.821807, 261.480961, 3354, 4, 5130001, 426812783, 133416910, 565359694, 36799, 372, 86151.947775, inf, 697.6744186046511, 4452.051587286161, 71813.279151, 4857.091689, 0.043362, 761.522389, 8688.455307, 31.555877, 1677, 6, 2550001, 436596528, 69766036, 508912565
30000, 30000, 0, 0, dp_5.000000, 37641, 1159, 98213.56661299999, inf, 173.41040462427745, 2182.777016116923, 86066.073578, 6053.002096, 0.711054, 2617.052883, 3447.893049, 28.833953, 865, 96, 10350001, 414716747, 47746109, 472812857, 37300, 647, 80822.301058, inf, 348.83720930232556, 3131.220227488651, 74236.692584, 3148.686747, 0.164689, 1428.701097, 2004.674759, 3.381182, 430, 117, 5130001, 426812783, 23522057, 455464841, 36807, 380, 75359.061662, inf, 697.6744186046511, 4452.051587286161, 71813.279151, 1667.835734, 0.041237, 761.522389, 1115.899965, 0.483186, 215, 76, 2550001, 436596528, 11613460, 450759989
30000, 30000, 0, 0, dp_7.000000, 37629, 1147, 101486.85686, inf, 173.41040462427745, 2182.777016116923, 86066.073578, 7723.717589, 0.792056, 2617.052883, 5018.199877, 61.020877, 1211, 9, 10350001, 414716747, 66369847, 491436595, 37289, 636, 82922.385453, inf, 348.83720930232556, 3131.220227488651, 74236.692584, 4320.322617, 0.161683, 1428.701097, 2929.145956, 7.361516, 602, 47, 5130001, 426812783, 33882784, 465825568, 36802, 375, 76521.84521300001, inf, 697.6744186046511, 4452.051587286161, 71813.279151, 2294.380975, 0.045676, 761.522389, 1651.659276, 0.957746, 301, 39, 2550001, 436596528, 16872796, 456019325
30000, 30000, 0, 0, dp_9.000000, 37629, 1147, 103768.19600499999, inf, 173.41040462427745, 2182.777016116923, 86066.073578, 8549.961281, 0.63387, 2617.052883, 6429.03658, 105.437813, 1557, 7, 10350001, 414716747, 80131344, 505198092, 37283, 630, 84749.829843, inf, 348.83720930232556, 3131.220227488651, 74236.692584, 5269.207375, 0.16562, 1428.701097, 3802.313304, 12.749863, 774, 12, 5130001, 426812783, 43722242, 475665026, 36801, 374, 77609.337292, inf, 697.6744186046511, 4452.051587286161, 71813.279151, 2878.946537, 0.044463, 761.522389, 2153.921538, 1.623214, 387, 23, 2550001, 436596528, 22011694, 461158223
30000, 30000, 0, 0, fixed_reps_1, 37873, 1391, 90043.564862, inf, 173.41040462427745, 2182.777016116923, 86066.073578, 1356.135095, 0.739126, 2617.052883, 3.56418, 0, 173, 1448, 10350001, 414716747, 5396401, 430463149, 37441, 788, 76372.924411, inf, 348.83720930232556, 3131.220227488651, 74236.692584, 704.077099, 0.165991, 1428.701097, 3.28764, 0, 86, 819, 5130001, 426812783, 2644261, 434587045, 36868, 441, 72955.87235, inf, 697.6744186046511, 4452.051587286161, 71813.279151, 377.896076, 0.04786, 761.522389, 3.126874, 0, 43, 457, 2550001, 436596528, 1308817, 440455346
30000, 30000, 0, 0, fixed_reps_11, 37654, 1172, 103297.42717999998, inf, 173.41040462427745, 2182.777016116923, 86066.073578, 14545.559532, 0.781695, 2617.052883, 67.959492, 0, 1903, 232, 10350001, 414716747, 59358681, 484425429, 37303, 650, 83408.510327, inf, 348.83720930232556, 3131.220227488651, 74236.692584, 7667.128871, 0.33577, 1428.701097, 75.652005, 0, 946, 196, 5130001, 426812783, 29086011, 461028795, 36812, 385, 76732.137826, inf, 697.6744186046511, 4452.051587286161, 71813.279151, 4081.393504, 0.045576, 761.522389, 75.897206, 0, 473, 107, 2550001, 436596528, 14396557, 453543086
30000, 30000, 0, 0, fixed_reps_13, 37650, 1168, 105989.22356900001, inf, 173.41040462427745, 2182.777016116923, 86066.073578, 17225.603113, 0.653044, 2617.052883, 79.840951, 0, 2249, 175, 10350001, 414716747, 70151137, 495217885, 37301, 648, 84761.687409, inf, 348.83720930232556, 3131.220227488651, 74236.692584, 9008.043011, 0.16519, 1428.701097, 88.085527, 0, 1118, 170, 5130001, 426812783, 34374361, 466317145, 36809, 382, 77473.66342000001, inf, 697.6744186046511, 4452.051587286161, 71813.279151, 4810.047861, 0.039885, 761.522389, 88.774134, 0, 559, 101, 2550001, 436596528, 17014105, 456160634
30000, 30000, 0, 0, fixed_reps_15, 37647, 1165, 108603.29285799999, inf, 173.41040462427745, 2182.777016116923, 86066.073578, 19828.000817, 0.783829, 2617.052883, 91.381751, 0, 2595, 133, 10350001, 414716747, 80943593, 506010341, 37300, 647, 86283.41824000001, inf, 348.83720930232556, 3131.220227488651, 74236.692584, 10514.790766, 0.167354, 1428.701097, 103.066439, 0, 1290, 142, 5130001, 426812783, 39662711, 471605495, 36809, 382, 78373.583557, inf, 697.6744186046511, 4452.051587286161, 71813.279151, 5696.235925, 0.038923, 761.522389, 102.507169, 0, 645, 92, 2550001, 436596528, 19631653, 458778182
30000, 30000, 0, 0, fixed_reps_17, 37645, 1163, 111250.24158699998, inf, 173.41040462427745, 2182.777016116923, 86066.073578, 22463.202519, 0.653545, 2617.052883, 103.259062, 0, 2941, 113, 10350001, 414716747, 91736049, 516802797, 37298, 645, 87510.097201, inf, 348.83720930232556, 3131.220227488651, 74236.692584, 11729.594322, 0.229941, 1428.701097, 114.879257, 0, 1462, 107, 5130001, 426812783, 44951061, 476893845, 36807, 380, 78961.602171, inf, 697.6744186046511, 4452.051587286161, 71813.279151, 6269.86311, 0.038061, 761.522389, 116.89946, 0, 731, 82, 2550001, 436596528, 22249201, 461395730
30000, 30000, 0, 0, fixed_reps_19, 37641, 1159, 113909.871277, inf, 173.41040462427745, 2182.777016116923, 86066.073578, 25110.103051, 0.776385, 2617.052883, 115.86538, 0, 3287, 105, 10350001, 414716747, 102528505, 527595253, 37296, 643, 88791.81256800001, inf, 348.83720930232556, 3131.220227488651, 74236.692584, 12995.700586, 0.235572, 1428.701097, 130.482729, 0, 1634, 103, 5130001, 426812783, 50239411, 482182195, 36805, 378, 79727.10116600001, inf, 697.6744186046511, 4452.051587286161, 71813.279151, 7020.495515, 0.044704, 761.522389, 131.759407, 0, 817, 67, 2550001, 436596528, 24866749, 464013278
30000, 30000, 0, 0, fixed_reps_21, 37637, 1155, 116502.68474699999, inf, 173.41040462427745, 2182.777016116923, 86066.073578, 27691.582207, 0.779892, 2617.052883, 127.196187, 0, 3633, 72, 10350001, 414716747, 113320961, 538387709, 37296, 643, 90177.728703, inf, 348.83720930232556, 3131.220227488651, 74236.692584, 14370.717058, 0.214412, 1428.701097, 141.403552, 0, 1806, 100, 5130001, 426812783, 55527761, 487470545, 36805, 378, 80515.608391, inf, 697.6744186046511, 4452.051587286161, 71813.279151, 7795.68817, 0.047198, 761.522389, 145.071483, 0, 903, 59, 2550001, 436596528, 27484297, 466630826
30000, 30000, 0, 0, fixed_reps_23, 37635, 1153, 119131.924307, inf, 173.41040462427745, 2182.777016116923, 86066.073578, 30309.753864, 0.780212, 2617.052883, 138.26377, 0, 3979, 59, 10350001, 414716747, 124113417, 549180165, 37295, 642, 91550.41079499999, inf, 348.83720930232556, 3131.220227488651, 74236.692584, 15731.2952, 0.175099, 1428.701097, 153.546815, 0, 1978, 87, 5130001, 426812783, 60816111, 492758895, 36805, 378, 81284.284666, inf, 697.6744186046511, 4452.051587286161, 71813.279151, 8548.624777, 0.085279, 761.522389, 160.77307, 0, 989, 54, 2550001, 436596528, 30101845, 469248374
30000, 30000, 0, 0, fixed_reps_25, 37634, 1152, 121859.59733899999, inf, 173.41040462427745, 2182.777016116923, 86066.073578, 33024.590115, 0.779021, 2617.052883, 151.101742, 0, 4325, 54, 10350001, 414716747, 134905873, 559972621, 37294, 641, 92907.427729, inf, 348.83720930232556, 3131.220227488651, 74236.692584, 17075.237413, 0.21318, 1428.701097, 166.583455, 0, 2150, 79, 5130001, 426812783, 66104461, 498047245, 36804, 377, 81954.00284799999, inf, 697.6744186046511, 4452.051587286161, 71813.279151, 9204.818735, 0.046177, 761.522389, 174.336396, 0, 1075, 50, 2550001, 436596528, 32719393, 471865922
30000, 30000, 0, 0, fixed_reps_27, 37631, 1149, 124262.613467, inf, 173.41040462427745, 2182.777016116923, 86066.073578, 35416.676181, 0.780303, 2617.052883, 162.030522, 0, 4671, 47, 10350001, 414716747, 145698329, 570765077, 37293, 640, 94264.981286, inf, 348.83720930232556, 3131.220227488651, 74236.692584, 18420.181902, 0.2184, 1428.701097, 179.187303, 0, 2322, 71, 5130001, 426812783, 71392811, 503335595, 36803, 376, 82796.314085, inf, 697.6744186046511, 4452.051587286161, 71813.279151, 10034.692267, 0.043381, 761.522389, 186.776897, 0, 1161, 38, 2550001, 436596528, 35336941, 474483470
30000, 30000, 0, 0, fixed_reps_29, 37629, 1147, 126904.690997, inf, 173.41040462427745, 2182.777016116923, 86066.073578, 38047.238637, 0.779381, 2617.052883, 173.546518, 0, 5017, 45, 10350001, 414716747, 156490785, 581557533, 37293, 640, 95610.183191, inf, 348.83720930232556, 3131.220227488651, 74236.692584, 19753.147498, 0.217528, 1428.701097, 191.424484, 0, 2494, 63, 5130001, 426812783, 76681161, 508623945, 36803, 376, 83417.714112, inf, 697.6744186046511, 4452.051587286161, 71813.279151, 10643.006153, 0.056175, 761.522389, 199.850244, 0, 1247, 38, 2550001, 436596528, 37954489, 477101018
30000, 30000, 0, 0, fixed_reps_3, 37730, 1248, 92752.816626, inf, 173.41040462427745, 2182.777016116923, 86066.073578, 4051.998276, 0.761507, 2617.052883, 16.930382, 0, 519, 833, 10350001, 414716747, 16188857, 441255605, 37362, 709, 77800.653495, inf, 348.83720930232556, 3131.220227488651, 74236.692584, 2118.02445, 0.162846, 1428.701097, 17.072518, 0, 258, 483, 5130001, 426812783, 7932611, 439875395, 36839, 412, 73726.957431, inf, 697.6744186046511, 4452.051587286161, 71813.279151, 1134.401856, 0.046767, 761.522389, 17.707268, 0, 129, 305, 2550001, 436596528, 3926365, 443072894
30000, 30000, 0, 0, fixed_reps_31, 37629, 1147, 129584.777072, inf, 173.41040462427745, 2182.777016116923, 86066.073578, 40716.205948, 0.777959, 2617.052883, 184.666704, 0, 5363, 37, 10350001, 414716747, 167283241, 592349989, 37289, 636, 96948.30813399999, inf, 348.83720930232556, 3131.220227488651, 74236.692584, 21080.291747, 0.166893, 1428.701097, 202.455813, 0, 2666, 61, 5130001, 426812783, 81969511, 513912295, 36803, 376, 84405.79054300001, inf, 697.6744186046511, 4452.051587286161, 71813.279151, 11618.856786, 0.056366, 761.522389, 212.075851, 0, 1333, 37, 2550001, 436596528, 40572037, 479718566
30000, 30000, 0, 0, fixed_reps_33, 37629, 1147, 132057.25284799997, inf, 173.41040462427745, 2182.777016116923, 86066.073578, 43177.919857, 0.785132, 2617.052883, 195.421398, 0, 5709, 30, 10350001, 414716747, 178075697, 603142445, 37288, 635, 98305.303873, inf, 348.83720930232556, 3131.220227488651, 74236.692584, 22424.24794, 0.209874, 1428.701097, 215.452378, 0, 2838, 54, 5130001, 426812783, 87257861, 519200645, 36803, 376, 84864.05588100001, inf, 697.6744186046511, 4452.051587286161, 71813.279151, 12061.73114, 0.058189, 761.522389, 227.465012, 0, 1419, 36, 2550001, 436596528, 43189585, 482336114
30000, 30000, 0, 0, fixed_reps_35, 37629, 1147, 134748.102918, inf, 173.41040462427745, 2182.777016116923, 86066.073578, 45856.913664, 0.775765, 2617.052883, 207.287028, 0, 6055, 24, 10350001, 414716747, 188868153, 613934901, 37288, 635, 99664.91858299999, inf, 348.83720930232556, 3131.220227488651, 74236.692584, 23771.290046, 0.206687, 1428.701097, 228.028169, 0, 3010, 45, 5130001, 426812783, 92546211, 524488995, 36803, 376, 85590.65990500001, inf, 697.6744186046511, 4452.051587286161, 71813.279151, 12773.937473, 0.056316, 761.522389, 241.864576, 0, 1505, 34, 2550001, 436596528, 45807133, 484953662
30000, 30000, 0, 0, fixed_reps_37, 37629, 1147, 137420.00107799997, inf, 173.41040462427745, 2182.777016116923, 86066.073578, 48517.963342, 0.790953, 2617.052883, 218.120322, 0, 6401, 19, 10350001, 414716747, 199660609, 624727357, 37285, 632, 101036.399755, inf, 348.83720930232556, 3131.220227488651, 74236.692584, 25129.462447, 0.168416, 1428.701097, 241.375211, 0, 3182, 36, 5130001, 426812783, 97834561, 529777345, 36801, 374, 86311.805739, inf, 697.6744186046511, 4452.051587286161, 71813.279151, 13485.591398, 0.056776, 761.522389, 251.356025, 0, 1591, 31, 2550001, 436596528, 48424681, 487571210
30000, 30000, 0, 0, fixed_reps_39, 37629, 1147, 140179.65729200002, inf, 173.41040462427745, 2182.777016116923, 86066.073578, 51265.126884, 0.763792, 2617.052883, 230.640155, 0, 6747, 19, 10350001, 414716747, 210453065, 635519813, 37285, 632, 102367.909975, inf, 348.83720930232556, 3131.220227488651, 74236.692584, 26448.446199, 0.20838, 1428.701097, 253.861715, 0, 3354, 36, 5130001, 426812783, 103122911, 535065695, 36801, 374, 87107.076521, inf, 697.6744186046511, 4452.051587286161, 71813.279151, 14266.374813, 0.052558, 761.522389, 265.84761, 0, 1677, 31, 2550001, 436596528, 51042229, 490188758
30000, 30000, 0, 0, fixed_reps_41, 37629, 1147, 142799.99468099998, inf, 173.41040462427745, 2182.777016116923, 86066.073578, 53872.5664, 0.762391, 2617.052883, 243.539429, 0, 7093, 19, 10350001, 414716747, 221245521, 646312269, 37285, 632, 103775.804375, inf, 348.83720930232556, 3131.220227488651, 74236.692584, 27841.976627, 0.213411, 1428.701097, 268.220656, 0, 3526, 30, 5130001, 426812783, 108411261, 540354045, 36801, 374, 87835.83853999998, inf, 697.6744186046511, 4452.051587286161, 71813.279151, 14980.984781, 0.038953, 761.522389, 280.013266, 0, 1763, 30, 2550001, 436596528, 53659777, 492806306
30000, 30000, 0, 0, fixed_reps_5, 37690, 1208, 95403.685184, inf, 173.41040462427745, 2182.777016116923, 86066.073578, 6689.180473, 0.774281, 2617.052883, 30.603969, 0, 865, 544, 10350001, 414716747, 26981313, 452048061, 37334, 681, 79186.050468, inf, 348.83720930232556, 3131.220227488651, 74236.692584, 3488.454888, 0.158929, 1428.701097, 32.04297, 0, 430, 360, 5130001, 426812783, 13220961, 445163745, 36821, 394, 74484.011541, inf, 697.6744186046511, 4452.051587286161, 71813.279151, 1877.148593, 0.045546, 761.522389, 32.015862, 0, 215, 219, 2550001, 436596528, 6543913, 445690442
30000, 30000, 0, 0, fixed_reps_7, 37666, 1184, 98072.91343599999, inf, 173.41040462427745, 2182.777016116923, 86066.073578, 9345.832965, 0.771416, 2617.052883, 43.182594, 0, 1211, 429, 10350001, 414716747, 37773769, 462840517, 37321, 668, 80599.62330600001, inf, 348.83720930232556, 3131.220227488651, 74236.692584, 4888.184228, 0.15991, 1428.701097, 45.885487, 0, 602, 278, 5130001, 426812783, 18509311, 450452095, 36817, 390, 75236.35374199999, inf, 697.6744186046511, 4452.051587286161, 71813.279151, 2614.799854, 0.044182, 761.522389, 46.708166, 0, 301, 164, 2550001, 436596528, 9161461, 448307990
30000, 30000, 0, 0, fixed_reps_9, 37659, 1177, 100737.396241, inf, 173.41040462427745, 2182.777016116923, 86066.073578, 11997.764846, 0.64017, 2617.052883, 55.864764, 0, 1557, 324, 10350001, 414716747, 48566225, 473632973, 37310, 657, 81965.65089300001, inf, 348.83720930232556, 3131.220227488651, 74236.692584, 6240.89219, 0.178966, 1428.701097, 59.186056, 0, 774, 227, 5130001, 426812783, 23797661, 455740445, 36812, 385, 75992.488547, inf, 697.6744186046511, 4452.051587286161, 71813.279151, 3356.066665, 0.042009, 761.522389, 61.578333, 0, 387, 113, 2550001, 436596528, 11779009, 450925538
30000, 30000, 0, 0, greedy_1.000000, 37873, 1391, 90051.788267, inf, 173.41040462427745, 2182.777016116923, 86066.073578, 1364.72665, 0.679666, 2617.052883, 3.248336, 0.007154, 173, 1448, 10350001, 414716747, 5396401, 430463149, 37441, 788, 76371.629928, inf, 348.83720930232556, 3131.220227488651, 74236.692584, 702.851639, 0.149981, 1428.701097, 3.230129, 0.004498, 86, 819, 5130001, 426812783, 2644261, 434587045, 36868, 441, 72951.98635, inf, 697.6744186046511, 4452.051587286161, 71813.279151, 374.005058, 0.042469, 761.522389, 3.135099, 0.002184, 43, 457, 2550001, 436596528, 1308817, 440455346
30000, 30000, 0, 0, greedy_11.000000, 37675, 1193, 99808.23270099999, inf, 173.41040462427745, 2182.777016116923, 86066.073578, 3199.453666, 0.621896, 2617.052883, 7924.641489, 0.389189, 1903, 759, 10350001, 414716747, 64652225, 489718973, 37317, 664, 82072.368235, inf, 348.83720930232556, 3131.220227488651, 74236.692584, 1767.677445, 0.162074, 1428.701097, 4639.020049, 0.114986, 946, 375, 5130001, 426812783, 32412995, 464355779, 36827, 400, 76247.793989, inf, 697.6744186046511, 4452.051587286161, 71813.279151, 983.352416, 0.047399, 761.522389, 2689.56388, 0.028754, 473, 217, 2550001, 436596528, 16351222, 455497751
30000, 30000, 0, 0, greedy_13.000000, 37669, 1187, 101405.25106, inf, 173.41040462427745, 2182.777016116923, 86066.073578, 3329.90182, 0.81105, 2617.052883, 9390.831502, 0.580227, 2249, 759, 10350001, 414716747, 75447425, 500514173, 37317, 664, 82946.284988, inf, 348.83720930232556, 3131.220227488651, 74236.692584, 1811.563624, 0.205085, 1428.701097, 5468.986503, 0.136095, 1118, 374, 5130001, 426812783, 37707671, 469650455, 36823, 396, 76682.351123, inf, 697.6744186046511, 4452.051587286161, 71813.279151, 989.829032, 0.044313, 761.522389, 3117.641172, 0.035066, 559, 216, 2550001, 436596528, 18969922, 458116451
30000, 30000, 0, 0, greedy_15.000000, 37667, 1185, 102769.05690199998, inf, 173.41040462427745, 2182.777016116923, 86066.073578, 3408.934081, 1.430021, 2617.052883, 10674.863321, 0.703018, 2595, 758, 10350001, 414716747, 86242625, 511309373, 37315, 662, 83836.32357700002, inf, 348.83720930232556, 3131.220227488651, 74236.692584, 1855.043671, 0.157395, 1428.701097, 6315.577376, 0.151454, 1290, 374, 5130001, 426812783, 43002347, 474945131, 36823, 396, 77166.993433, inf, 697.6744186046511, 4452.051587286161, 71813.279151, 1004.454499, 0.038021, 761.522389, 3587.661412, 0.037961, 645, 216, 2550001, 436596528, 21588622, 460735151
30000, 30000, 0, 0, greedy_17.000000, 37663, 1181, 104273.75461399999, inf, 173.41040462427745, 2182.777016116923, 86066.073578, 3540.473699, 0.647084, 2617.052883, 12048.825121, 0.682249, 2941, 758, 10350001, 414716747, 97037825, 522104573, 37312, 659, 84686.923398, inf, 348.83720930232556, 3131.220227488651, 74236.692584, 1902.824541, 0.164669, 1428.701097, 7118.373183, 0.167324, 1462, 374, 5130001, 426812783, 48297023, 480239807, 36822, 395, 77657.256761, inf, 697.6744186046511, 4452.051587286161, 71813.279151, 1020.966503, 0.038602, 761.522389, 4061.4093, 0.040816, 731, 216, 2550001, 436596528, 24207322, 463353851
30000, 30000, 0, 0, greedy_19.000000, 37662, 1180, 105706.03209699999, inf, 173.41040462427745, 2182.777016116923, 86066.073578, 3603.660504, 0.663684, 2617.052883, 13417.752905, 0.828543, 3287, 758, 10350001, 414716747, 107833025, 532899773, 37308, 655, 85459.484516, inf, 348.83720930232556, 3131.220227488651, 74236.692584, 1942.679721, 0.162756, 1428.701097, 7851.055366, 0.192992, 1634, 373, 5130001, 426812783, 53591699, 485534483, 36819, 392, 78103.29243199999, inf, 697.6744186046511, 4452.051587286161, 71813.279151, 1036.224997, 0.047159, 761.522389, 4492.170896, 0.04784, 817, 215, 2550001, 436596528, 26826022, 465972551
30000, 30000, 0, 0, greedy_21.000000, 37660, 1178, 107211.935214, inf, 173.41040462427745, 2182.777016116923, 86066.073578, 3704.218047, 0.636893, 2617.052883, 14823.021466, 0.932347, 3633, 758, 10350001, 414716747, 118628225, 543694973, 37304, 651, 86281.16480700001, inf, 348.83720930232556, 3131.220227488651, 74236.692584, 1981.781197, 0.161594, 1428.701097, 8633.610677, 0.217658, 1806, 373, 5130001, 426812783, 58886375, 490829159, 36816, 389, 78559.65989499999, inf, 697.6744186046511, 4452.051587286161, 71813.279151, 1052.798877, 0.04263, 761.522389, 4931.965302, 0.051546, 903, 215, 2550001, 436596528, 29444722, 468591251
30000, 30000, 0, 0, greedy_23.000000, 37660, 1178, 108601.664129, inf, 173.41040462427745, 2182.777016116923, 86066.073578, 3817.663619, 0.639078, 2617.052883, 16098.90584, 1.329131, 3979, 757, 10350001, 414716747, 129423425, 554490173, 37304, 651, 87098.17956500001, inf, 348.83720930232556, 3131.220227488651, 74236.692584, 2024.084547, 0.208251, 1428.701097, 9408.254188, 0.238898, 1978, 373, 5130001, 426812783, 64181051, 496123835, 36814, 387, 79038.01010199999, inf, 697.6744186046511, 4452.051587286161, 71813.279151, 1067.413243, 0.047499, 761.522389, 5395.689852, 0.057968, 989, 215, 2550001, 436596528, 32063422, 471209951
30000, 30000, 0, 0, greedy_25.000000, 37659, 1177, 109895.666612, inf, 173.41040462427745, 2182.777016116923, 86066.073578, 3894.407322, 0.644599, 2617.052883, 17316.319118, 1.169112, 4325, 757, 10350001, 414716747, 140218625, 565285373, 37300, 647, 87917.78868, inf, 348.83720930232556, 3131.220227488651, 74236.692584, 2058.129053, 0.158717, 1428.701097, 10193.850998, 0.256231, 2150, 373, 5130001, 426812783, 69475727, 501418511, 36812, 385, 79479.79212700001, inf, 697.6744186046511, 4452.051587286161, 71813.279151, 1083.722838, 0.047359, 761.522389, 5821.158223, 0.062167, 1075, 215, 2550001, 436596528, 34682122, 473828651
30000, 30000, 0, 0, greedy_27.000000, 37658, 1176, 111263.72982499999, inf, 173.41040462427745, 2182.777016116923, 86066.073578, 3985.648437, 0.651732, 2617.052883, 18592.898, 1.405195, 4671, 757, 10350001, 414716747, 151013825, 576080573, 37300, 647, 88755.85416199999, inf, 348.83720930232556, 3131.220227488651, 74236.692584, 2098.731422, 0.161102, 1428.701097, 10991.27126, 0.296697, 2322, 373, 5130001, 426812783, 74770403, 506713187, 36812, 385, 79893.71893, inf, 697.6744186046511, 4452.051587286161, 71813.279151, 1096.048532, 0.044704, 761.522389, 6222.7578, 0.066354, 1161, 214, 2550001, 436596528, 37300822, 476447351
30000, 30000, 0, 0, greedy_29.000000, 37656, 1174, 112555.34974099998, inf, 173.41040462427745, 2182.777016116923, 86066.073578, 4062.111708, 0.643808, 2617.052883, 19808.067729, 1.400035, 5017, 757, 10350001, 414716747, 161809025, 586875773, 37299, 646, 89449.386343, inf, 348.83720930232556, 3131.220227488651, 74236.692584, 2140.160202, 0.165311, 1428.701097, 11643.344494, 0.322655, 2494, 372, 5130001, 426812783, 80065079, 512007863, 36808, 381, 80320.45306800002, inf, 697.6744186046511, 4452.051587286161, 71813.279151, 1109.917, 0.044743, 761.522389, 6635.620114, 0.069671, 1247, 214, 2550001, 436596528, 39919522, 479066051
30000, 30000, 0, 0, greedy_3.000000, 37740, 1258, 93213.59838, inf, 173.41040462427745, 2182.777016116923, 86066.073578, 2699.246562, 0.822373, 2617.052883, 1830.311482, 0.091502, 519, 763, 10350001, 414716747, 21471425, 446538173, 37350, 697, 78268.25902299999, inf, 348.83720930232556, 3131.220227488651, 74236.692584, 1555.283431, 0.156834, 1428.701097, 1047.397676, 0.027401, 258, 379, 5130001, 426812783, 11234291, 443177075, 36835, 408, 74050.745038, inf, 697.6744186046511, 4452.051587286161, 71813.279151, 899.584207, 0.040776, 761.522389, 576.31043, 0.008085, 129, 222, 2550001, 436596528, 5876422, 445022951
30000, 30000, 0, 0, greedy_31.000000, 37654, 1172, 113927.998367, inf, 173.41040462427745, 2182.777016116923, 86066.073578, 4156.085158, 0.65521, 2617.052883, 21086.684883, 1.446655, 5363, 757, 10350001, 414716747, 172604225, 597670973, 37299, 646, 90149.503232, inf, 348.83720930232556, 3131.220227488651, 74236.692584, 2169.68185, 0.14937, 1428.701097, 12313.944004, 0.334327, 2666, 372, 5130001, 426812783, 85359755, 517302539, 36808, 381, 80744.56243600001, inf, 697.6744186046511, 4452.051587286161, 71813.279151, 1123.134729, 0.038121, 761.522389, 7046.504499, 0.083547, 1333, 214, 2550001, 436596528, 42538222, 481684751
30000, 30000, 0, 0, greedy_33.000000, 37653, 1171, 115253.39633399999, inf, 173.41040462427745, 2182.777016116923, 86066.073578, 4235.870435, 0.638758, 2617.052883, 22332.286505, 1.474175, 5709, 757, 10350001, 414716747, 183399425, 608466173, 37299, 646, 90862.12856200001, inf, 348.83720930232556, 3131.220227488651, 74236.692584, 2201.366184, 0.16502, 1428.701097, 12994.838142, 0.365535, 2838, 372, 5130001, 426812783, 90654431, 522597215, 36808, 381, 81194.65427600002, inf, 697.6744186046511, 4452.051587286161, 71813.279151, 1137.209935, 0.04252, 761.522389, 7482.518418, 0.081863, 1419, 214, 2550001, 436596528, 45156922, 484303451
30000, 30000, 0, 0, greedy_35.000000, 37652, 1170, 116642.358872, inf, 173.41040462427745, 2182.777016116923, 86066.073578, 4315.372164, 0.644488, 2617.052883, 23641.32368, 1.892079, 6055, 757, 10350001, 414716747, 194194625, 619261373, 37299, 646, 91570.10829900001, inf, 348.83720930232556, 3131.220227488651, 74236.692584, 2233.462832, 0.161623, 1428.701097, 13670.713557, 0.376606, 3010, 372, 5130001, 426812783, 95949107, 527891891, 36808, 381, 81625.619742, inf, 697.6744186046511, 4452.051587286161, 71813.279151, 1152.013937, 0.04245, 761.522389, 7898.67375, 0.088065, 1505, 214, 2550001, 436596528, 47775622, 486922151
30000, 30000, 0, 0, greedy_37.000000, 37652, 1170, 118089.07989799998, inf, 173.41040462427745, 2182.777016116923, 86066.073578, 4407.213343, 0.6543, 2617.052883, 24996.336527, 1.749267, 6401, 757, 10350001, 414716747, 204989825, 630056573, 37299, 646, 92330.554816, inf, 348.83720930232556, 3131.220227488651, 74236.692584, 2272.738404, 0.160681, 1428.701097, 14391.85142, 0.41063, 3182, 372, 5130001, 426812783, 101243783, 533186567, 36808, 381, 82089.737185, inf, 697.6744186046511, 4452.051587286161, 71813.279151, 1168.120121, 0.040997, 761.522389, 8346.689187, 0.08534, 1591, 214, 2550001, 436596528, 50394322, 489540851
30000, 30000, 0, 0, greedy_39.000000, 37652, 1170, 119457.714523, inf, 173.41040462427745, 2182.777016116923, 86066.073578, 4492.145652, 0.806003, 2617.052883, 26279.657894, 1.978513, 6747, 757, 10350001, 414716747, 215785025, 640851773, 37298, 645, 93111.96081599999, inf, 348.83720930232556, 3131.220227488651, 74236.692584, 2309.139451, 0.16493, 1428.701097, 15136.821807, 0.440947, 3354, 372, 5130001, 426812783, 106538459, 538481243, 36805, 378, 82443.301083, inf, 697.6744186046511, 4452.051587286161, 71813.279151, 1179.912048, 0.04239, 761.522389, 8688.455307, 0.089798, 1677, 213, 2550001, 436596528, 53013022, 492159551
30000, 30000, 0, 0, greedy_5.000000, 37709, 1227, 94978.44243, inf, 173.41040462427745, 2182.777016116923, 86066.073578, 2846.531508, 0.727946, 2617.052883, 3447.893049, 0.163466, 865, 761, 10350001, 414716747, 32266625, 457333373, 37336, 683, 79280.69481300001, inf, 348.83720930232556, 3131.220227488651, 74236.692584, 1610.425677, 0.153057, 1428.701097, 2004.674759, 0.047639, 430, 377, 5130001, 426812783, 16528967, 448471751, 36831, 404, 74608.385116, inf, 697.6744186046511, 4452.051587286161, 71813.279151, 917.621524, 0.048862, 761.522389, 1115.899965, 0.013225, 215, 219, 2550001, 436596528, 8495122, 447641651
30000, 30000, 0, 0, greedy_7.000000, 37694, 1212, 96668.286013, inf, 173.41040462427745, 2182.777016116923, 86066.073578, 2966.04115, 0.634291, 2617.052883, 5018.199877, 0.284234, 1211, 760, 10350001, 414716747, 43061825, 468128573, 37331, 678, 80262.873121, inf, 348.83720930232556, 3131.220227488651, 74236.692584, 1668.061494, 0.202059, 1428.701097, 2929.145956, 0.069931, 602, 376, 5130001, 426812783, 21823643, 453766427, 36830, 403, 75167.50288300001, inf, 697.6744186046511, 4452.051587286161, 71813.279151, 940.987365, 0.036107, 761.522389, 1651.659276, 0.018595, 301, 218, 2550001, 436596528, 11113822, 450260351
30000, 30000, 0, 0, greedy_9.000000, 37680, 1198, 98202.404235, inf, 173.41040462427745, 2182.777016116923, 86066.073578, 3089.157339, 0.76707, 2617.052883, 6429.03658, 0.316785, 1557, 759, 10350001, 414716747, 53857025, 478923773, 37321, 668, 81186.98372299998, inf, 348.83720930232556, 3131.220227488651, 74236.692584, 1719.028272, 0.156423, 1428.701097, 3802.313304, 0.092043, 774, 375, 5130001, 426812783, 27118319, 459061103, 36829, 402, 75692.158382, inf, 697.6744186046511, 4452.051587286161, 71813.279151, 963.349042, 0.059331, 761.522389, 2153.921538, 0.026931, 387, 217, 2550001, 436596528, 13732522, 452879051
30000, 30000, 0, 0, opt, 37629, 1147, 96009.710469, inf, 173.41040462427745, 2182.777016116923, 86066.073578, 7325.806771, 0.777237, 2617.052883, 0, 0, 0, 0, 10350001, 414716747, 35998800, 461065548, 37283, 630, 80830.054783, inf, 348.83720930232556, 3131.220227488651, 74236.692584, 5164.493678, 0.167424, 1428.701097, 0, 0, 0, 0, 5130001, 426812783, 23468076, 455410860, 36799, 372, 75750.971603, inf, 697.6744186046511, 4452.051587286161, 71813.279151, 3176.121482, 0.048581, 761.522389, 0, 0, 0, 0, 2550001, 436596528, 13498650, 452645179
30000, 30000, 0, 0, plus_edge, 37783, 1301, 90070.16327399999, inf, 173.41040462427745, 2182.777016116923, 86066.073578, 1386.219531, 0.817282, 2617.052883, 0, 0, 0, 0, 10350001, 414716747, 5395812, 430462560, 37382, 729, 76372.425364, inf, 348.83720930232556, 3131.220227488651, 74236.692584, 706.881742, 0.149941, 1428.701097, 0, 0, 0, 0, 5130001, 426812783, 2621400, 434564184, 36841, 414, 72950.139489, inf, 697.6744186046511, 4452.051587286161, 71813.279151, 375.29082, 0.047129, 761.522389, 0, 0, 0, 0, 2550001, 436596528, 1280538, 440427067
30000, 30000, 0, 0, simple, 37873, 1391, 90081.12491799999, inf, 173.41040462427745, 2182.777016116923, 86066.073578, 1397.237, 0.761457, 2617.052883, 0, 0, 0, 0, 10350001, 414716747, 5366228, 430432976, 37441, 788, 76380.117631, inf, 348.83720930232556, 3131.220227488651, 74236.692584, 714.512353, 0.211597, 1428.701097, 0, 0, 0, 0, 5130001, 426812783, 2614175, 434556959, 36868, 441, 72948.928518, inf, 697.6744186046511, 4452.051587286161, 71813.279151, 374.079198, 0.04778, 761.522389, 0, 0, 0, 0, 2550001, 436596528, 1278774, 440425303
30000, 30000, 0, 0, dp_1.000000, 37393, 1359, 87280.11150599999, inf, 173.41040462427745, 2166.3130232736567, 83199.672348, 1386.093308, 0.589877, 2689.340967, 4.405929, 0.009077, 173, 0, 10350001, 408523054, 5433725, 424306780, 36949, 774, 86182.66595099999, inf, 348.83720930232556, 3139.1246589872762, 84010.168773, 720.105598, 0.156975, 1448.104899, 4.123243, 0.006463, 86, 0, 5130001, 428944014, 2640351, 436714366, 36308, 433, 81981.11100399999, inf, 697.6744186046511, 4465.297879180146, 80821.299009, 374.324201, 0.034435, 781.427129, 4.022523, 0.003707, 43, 0, 2550001, 439136147, 1304911, 442991059
30000, 30000, 0, 0, dp_11.000000, 37167, 1133, 103498.80270599999, inf, 173.41040462427745, 2166.3130232736567, 83199.672348, 9482.63767, 0.641463, 2689.340967, 7961.312343, 165.197915, 1903, 6, 10350001, 408523054, 93875405, 512748460, 36814, 639, 95655.62300199998, inf, 348.83720930232556, 3139.1246589872762, 84010.168773, 5660.053462, 0.177753, 1448.104899, 4518.029153, 19.088962, 946, 9, 5130001, 428944014, 49776358, 483850373, 36231, 356, 87175.504451, inf, 697.6744186046511, 4465.297879180146, 80821.299009, 2910.20226, 0.045756, 781.427129, 2660.131619, 2.398678, 473, 11, 2550001, 439136147, 24695605, 466381753
30000, 30000, 0, 0, dp_13.000000, 37167, 1133, 104348.19288699998, inf, 173.41040462427745, 2166.3130232736567, 83199.672348, 8861.628096, 0.588674, 2689.340967, 9364.650983, 232.311819, 2249, 5, 10350001, 408523054, 101544503, 520417558, 36814, 639, 96902.70410699998, inf, 348.83720930232556, 3139.1246589872762, 84010.168773, 6124.355, 0.177463, 1448.104899, 5292.831889, 27.066083, 1118, 8, 5130001, 428944014, 56815818, 490889833, 36231, 356, 87795.40303100001, inf, 697.6744186046511, 4465.297879180146, 80821.299009, 3090.818775, 0.04751, 781.427129, 3098.395814, 3.414794, 559, 10, 2550001, 439136147, 28017933, 469704081
30000, 30000, 0, 0, dp_15.000000, 37167, 1133, 108085.166683, inf, 173.41040462427745, 2166.3130232736567, 83199.672348, 11225.108617, 0.783809, 2689.340967, 10659.956997, 310.303945, 2595, 5, 10350001, 408523054, 122304157, 541177212, 36814, 639, 97528.007457, inf, 348.83720930232556, 3139.1246589872762, 84010.168773, 5951.286696, 0.167885, 1448.104899, 6081.837967, 36.441237, 1290, 7, 5130001, 428944014, 61072823, 495146838, 36231, 356, 88014.607299, inf, 697.6744186046511, 4465.297879180146, 80821.299009, 2842.900911, 0.049573, 781.427129, 3564.370996, 4.559681, 645, 9, 2550001, 439136147, 29444197, 471130345
30000, 30000, 0, 0, dp_17.000000, 37167, 1133, 111972.43500499998, inf, 173.41040462427745, 2166.3130232736567, 83199.672348, 13585.856317, 0.660848, 2689.340967, 12093.934415, 402.97011, 2941, 5, 10350001, 408523054, 143063811, 561936866, 36814, 639, 99644.669806, inf, 348.83720930232556, 3139.1246589872762, 84010.168773, 7263.046402, 0.175298, 1448.104899, 6875.833645, 47.340789, 1462, 7, 5130001, 428944014, 71392651, 505466666, 36231, 356, 89051.68994499999, inf, 697.6744186046511, 4465.297879180146, 80821.299009, 3423.040142, 0.046958, 781.427129, 4020.030523, 5.846184, 731, 9, 2550001, 439136147, 34603337, 476289485
30000, 30000, 0, 0, dp_19.000000, 37167, 1133, 110069.60756299998, inf, 173.41040462427745, 2166.3130232736567, 83199.672348, 10239.131173, 0.841988, 2689.340967, 13438.350022, 502.271065, 3287, 4, 10350001, 408523054, 138556977, 557430032, 36814, 639, 99417.505999, inf, 348.83720930232556, 3139.1246589872762, 84010.168773, 6315.145074, 0.179136, 1448.104899, 7584.276847, 59.63127, 1634, 6, 5130001, 428944014, 72632889, 506706904, 36231, 356, 89023.45501299998, inf, 697.6744186046511, 4465.297879180146, 80821.299009, 2970.957384, 0.045245, 781.427129, 4442.393957, 7.332289, 817, 8, 2550001, 439136147, 35111195, 476797343
30000, 30000, 0, 0, dp_21.000000, 37167, 1133, 113958.67741799999, inf, 173.41040462427745, 2166.3130232736567, 83199.672348, 12605.123995, 0.64538, 2689.340967, 14847.937941, 615.956787, 3633, 4, 10350001, 408523054, 159316631, 578189686, 36814, 639, 101359.689703, inf, 348.83720930232556, 3139.1246589872762, 84010.168773, 7557.104327, 0.182262, 1448.104899, 8270.757874, 73.371568, 1806, 6, 5130001, 428944014, 82952717, 517026732, 36231, 356, 90032.33922999998, inf, 697.6744186046511, 4465.297879180146, 80821.299009, 3551.372045, 0.044623, 781.427129, 4869.137913, 9.058511, 903, 8, 2550001, 439136147, 40270335, 481956483
30000, 30000, 0, 0, dp_23.000000, 37167, 1133, 117658.33616299999, inf, 173.41040462427745, 2166.3130232736567, 83199.672348, 14916.552754, 0.66668, 2689.340967, 16112.514444, 739.58897, 3979, 4, 10350001, 408523054, 180076285, 598949340, 36814, 639, 103419.85687900001, inf, 348.83720930232556, 3139.1246589872762, 84010.168773, 8840.713717, 0.182402, 1448.104899, 9031.473027, 89.214061, 1978, 6, 5130001, 428944014, 93272545, 527346560, 36231, 356, 91050.45987199999, inf, 697.6744186046511, 4465.297879180146, 80821.299009, 4127.591321, 0.047519, 781.427129, 5309.298073, 10.796821, 989, 8, 2550001, 439136147, 45429475, 487115623
30000, 30000, 0, 0, dp_25.000000, 37167, 1133, 121373.147266, inf, 173.41040462427745, 2166.3130232736567, 83199.672348, 17246.620705, 0.793518, 2689.340967, 17356.587239, 880.132489, 4325, 4, 10350001, 408523054, 200835939, 619708994, 36814, 639, 101716.52495, inf, 348.83720930232556, 3139.1246589872762, 84010.168773, 6370.866978, 0.180148, 1448.104899, 9781.762115, 105.442037, 2150, 5, 5130001, 428944014, 88186359, 522260374, 36231, 356, 90539.04914, inf, 697.6744186046511, 4465.297879180146, 80821.299009, 3187.591259, 0.048341, 781.427129, 5735.918703, 12.764699, 1075, 7, 2550001, 439136147, 43715383, 485401531
30000, 30000, 0, 0, dp_27.000000, 37167, 1133, 125170.17777699999, inf, 173.41040462427745, 2166.3130232736567, 83199.672348, 19662.360686, 0.783179, 2689.340967, 18592.991055, 1025.029542, 4671, 4, 10350001, 408523054, 221595593, 640468648, 36814, 639, 103775.135063, inf, 348.83720930232556, 3139.1246589872762, 84010.168773, 7657.934333, 0.230973, 1448.104899, 10533.486414, 125.209671, 2322, 5, 5130001, 428944014, 98506187, 532580202, 36231, 356, 91505.91150999999, inf, 697.6744186046511, 4465.297879180146, 80821.299009, 3775.116039, 0.062607, 781.427129, 6113.049697, 14.957029, 1161, 7, 2550001, 439136147, 48874523, 490560671
30000, 30000, 0, 0, dp_29.000000, 37167, 1133, 117973.06826599997, inf, 173.41040462427745, 2166.3130232736567, 83199.672348, 11047.050171, 0.807896, 2689.340967, 19853.411585, 1182.785299, 5017, 3, 10350001, 408523054, 194080249, 612953304, 36814, 639, 105669.08779199999, inf, 348.83720930232556, 3139.1246589872762, 84010.168773, 8899.088428, 0.180689, 1448.104899, 11168.617573, 142.92743, 2494, 5, 5130001, 428944014, 108826015, 542900030, 36231, 356, 92471.117375, inf, 697.6744186046511, 4465.297879180146, 80821.299009, 4345.92825, 0.046938, 781.427129, 6505.140454, 17.275595, 1247, 7, 2550001, 439136147, 54033663, 495719811
30000, 30000, 0, 0, dp_3.000000, 37240, 1206, 91560.66302799998, inf, 173.41040462427745, 2166.3130232736567, 83199.672348, 3838.676174, 0.796375, 2689.340967, 1823.720273, 8.456891, 519, 445, 10350001, 408523054, 26683661, 445556716, 36862, 687, 88503.00324699999, inf, 348.83720930232556, 3139.1246589872762, 84010.168773, 1990.607273, 0.214392, 1448.104899, 1052.840738, 1.067172, 258, 284, 5130001, 428944014, 13052300, 447126315, 36252, 377, 83268.543315, inf, 697.6744186046511, 4465.297879180146, 80821.299009, 1063.488654, 0.045606, 781.427129, 602.084925, 0.197992, 129, 139, 2550001, 439136147, 6492079, 448178227
30000, 30000, 0, 0, dp_31.000000, 37167, 1133, 121821.96761099997, inf, 173.41040462427745, 2166.3130232736567, 83199.672348, 13435.262859, 0.835587, 2689.340967, 21148.941878, 1347.913972, 5363, 3, 10350001, 408523054, 214839903, 633712958, 36814, 639, 107603.222485, inf, 348.83720930232556, 3139.1246589872762, 84010.168773, 10142.242165, 0.185027, 1448.104899, 11838.509416, 164.012205, 2666, 5, 5130001, 428944014, 119145843, 553219858, 36231, 356, 93464.581738, inf, 697.6744186046511, 4465.297879180146, 80821.299009, 4935.935034, 0.062437, 781.427129, 6905.83385, 20.024279, 1333, 7, 2550001, 439136147, 59192803, 500878951
30000, 30000, 0, 0, dp_33.000000, 37167, 1133, 125671.916927, inf, 173.41040462427745, 2166.3130232736567, 83199.672348, 15788.769925, 0.675617, 2689.340967, 22452.262308, 1541.195762, 5709, 3, 10350001, 408523054, 235599557, 654472612, 36814, 639, 109527.67599, inf, 348.83720930232556, 3139.1246589872762, 84010.168773, 11382.48308, 0.192652, 1448.104899, 12500.740497, 185.986089, 2838, 5, 5130001, 428944014, 129465671, 563539686, 36231, 356, 92077.93035099999, inf, 697.6744186046511, 4465.297879180146, 80821.299009, 3139.917733, 0.046577, 781.427129, 7312.761308, 22.478595, 1419, 6, 2550001, 439136147, 53805087, 495491235
30000, 30000, 0, 0, dp_35.000000, 37167, 1133, 129457.66978099998, inf, 173.41040462427745, 2166.3130232736567, 83199.672348, 18130.368388, 0.6598, 2689.340967, 23711.417974, 1726.210304, 6055, 3, 10350001, 408523054, 256359211, 675232266, 36814, 639, 105013.98267099998, inf, 348.83720930232556, 3139.1246589872762, 84010.168773, 6191.042863, 0.180518, 1448.104899, 13154.868301, 209.617317, 3010, 4, 5130001, 428944014, 112839619, 546913634, 36231, 356, 93063.70339099999, inf, 697.6744186046511, 4465.297879180146, 80821.299009, 3728.069217, 0.047529, 781.427129, 7706.932844, 25.927663, 1505, 6, 2550001, 439136147, 58964227, 500650375
30000, 30000, 0, 0, dp_37.000000, 37167, 1133, 133319.92620199997, inf, 173.41040462427745, 2166.3130232736567, 83199.672348, 20433.064584, 0.670639, 2689.340967, 25073.303964, 1923.8737, 6401, 3, 10350001, 408523054, 277118865, 695991920, 36814, 639, 106933.72875299999, inf, 348.83720930232556, 3139.1246589872762, 84010.168773, 7402.031551, 0.183144, 1448.104899, 13838.958504, 234.281882, 3182, 4, 5130001, 428944014, 123159447, 557233462, 36231, 356, 94116.28535299998, inf, 697.6744186046511, 4465.297879180146, 80821.299009, 4313.838955, 0.048541, 781.427129, 8171.266771, 28.404948, 1591, 6, 2550001, 439136147, 64123367, 505809515
30000, 30000, 0, 0, dp_39.000000, 37167, 1133, 138778.374304, inf, 173.41040462427745, 2166.3130232736567, 83199.672348, 22882.709142, 0.934955, 2689.340967, 27860.724493, 2144.992399, 6747, 3, 10350001, 408523054, 297878519, 716751574, 36814, 639, 108932.70990299998, inf, 348.83720930232556, 3139.1246589872762, 84010.168773, 8661.68229, 0.18091, 1448.104899, 14549.324765, 263.248266, 3354, 4, 5130001, 428944014, 133479275, 567553290, 36231, 356, 95055.008633, inf, 697.6744186046511, 4465.297879180146, 80821.299009, 4896.91452, 0.044012, 781.427129, 8523.728521, 31.595442, 1677, 6, 2550001, 439136147, 69282507, 510968655
30000, 30000, 0, 0, dp_5.000000, 37181, 1147, 95483.38223099998, inf, 173.41040462427745, 2166.3130232736567, 83199.672348, 6118.922016, 0.799711, 2689.340967, 3445.607791, 29.039398, 865, 125, 10350001, 408523054, 47932180, 466805235, 36831, 656, 90608.98579699999, inf, 348.83720930232556, 3139.1246589872762, 84010.168773, 3182.888223, 0.178665, 1448.104899, 1964.216546, 3.428691, 430, 138, 5130001, 428944014, 23463539, 457537554, 36237, 362, 84439.64248499999, inf, 697.6744186046511, 4465.297879180146, 80821.299009, 1694.430753, 0.047559, 781.427129, 1141.936765, 0.50127, 215, 70, 2550001, 439136147, 11682523, 453368671
30000, 30000, 0, 0, dp_7.000000, 37167, 1133, 98851.203622, inf, 173.41040462427745, 2166.3130232736567, 83199.672348, 7891.998577, 0.789993, 2689.340967, 5008.166819, 61.234918, 1211, 9, 10350001, 408523054, 66647097, 485520152, 36820, 645, 92700.80357200002, inf, 348.83720930232556, 3139.1246589872762, 84010.168773, 4374.696697, 0.168627, 1448.104899, 2860.284014, 7.380562, 602, 44, 5130001, 428944014, 33905487, 467979502, 36234, 359, 85549.213957, inf, 697.6744186046511, 4465.297879180146, 80821.299009, 2282.183121, 0.045926, 781.427129, 1663.27105, 0.987722, 301, 32, 2550001, 439136147, 16872603, 458558751
30000, 30000, 0, 0, dp_9.000000, 37167, 1133, 101208.70782499999, inf, 173.41040462427745, 2166.3130232736567, 83199.672348, 8757.352168, 0.795822, 2689.340967, 6456.060727, 105.485793, 1557, 7, 10350001, 408523054, 80661399, 499534454, 36814, 639, 94420.17730099999, inf, 348.83720930232556, 3139.1246589872762, 84010.168773, 5252.746221, 0.177343, 1448.104899, 3696.434496, 12.545569, 774, 11, 5130001, 428944014, 43000499, 477074514, 36231, 356, 86513.089759, inf, 697.6744186046511, 4465.297879180146, 80821.299009, 2752.274331, 0.057006, 781.427129, 2156.408439, 1.623845, 387, 13, 2550001, 439136147, 21402903, 463089051
30000, 30000, 0, 0, fixed_reps_1, 37393, 1359, 87293.20337799998, inf, 173.41040462427745, 2166.3130232736567, 83199.672348, 1398.653645, 0.792947, 2689.340967, 4.743471, 0, 173, 1459, 10350001, 408523054, 5433725, 424306780, 36949, 774, 86189.46575399999, inf, 348.83720930232556, 3139.1246589872762, 84010.168773, 726.52277, 0.168546, 1448.104899, 4.500766, 0, 86, 774, 5130001, 428944014, 2640351, 436714366, 36308, 433, 81980.408382, inf, 697.6744186046511, 4465.297879180146, 80821.299009, 373.559643, 0.039995, 781.427129, 4.082606, 0, 43, 464, 2550001, 439136147, 1304911, 442991059
30000, 30000, 0, 0, fixed_reps_11, 37191, 1157, 101001.443886, inf, 173.41040462427745, 2166.3130232736567, 83199.672348, 15041.95829, 0.655037, 2689.340967, 69.817244, 0, 1903, 222, 10350001, 408523054, 59769245, 478642300, 36835, 660, 93412.135907, inf, 348.83720930232556, 3139.1246589872762, 84010.168773, 7874.866034, 0.244078, 1448.104899, 78.752123, 0, 946, 202, 5130001, 428944014, 29043001, 463117016, 36239, 364, 85780.948683, inf, 697.6744186046511, 4465.297879180146, 80821.299009, 4094.650305, 0.087875, 781.427129, 83.484365, 0, 473, 95, 2550001, 439136147, 14353591, 456039739
30000, 30000, 0, 0, fixed_reps_13, 37183, 1149, 103617.69250099998, inf, 173.41040462427745, 2166.3130232736567, 83199.672348, 17646.499261, 0.827782, 2689.340967, 81.352143, 0, 2249, 173, 10350001, 408523054, 70636349, 489509404, 36829, 654, 94745.333474, inf, 348.83720930232556, 3139.1246589872762, 84010.168773, 9195.552851, 0.21862, 1448.104899, 91.288331, 0, 1118, 172, 5130001, 428944014, 34323531, 468397546, 36238, 363, 86536.58486199999, inf, 697.6744186046511, 4465.297879180146, 80821.299009, 4835.592167, 0.038672, 781.427129, 98.227885, 0, 559, 91, 2550001, 439136147, 16963327, 458649475
30000, 30000, 0, 0, fixed_reps_15, 37178, 1144, 106304.53213, inf, 173.41040462427745, 2166.3130232736567, 83199.672348, 20322.826236, 0.647414, 2689.340967, 92.045165, 0, 2595, 122, 10350001, 408523054, 81503453, 500376508, 36820, 645, 96102.648425, inf, 348.83720930232556, 3139.1246589872762, 84010.168773, 10541.207334, 0.224952, 1448.104899, 102.942467, 0, 1290, 129, 5130001, 428944014, 39604061, 473678076, 36238, 363, 87272.239097, inf, 697.6744186046511, 4465.297879180146, 80821.299009, 5556.222688, 0.043221, 781.427129, 113.24705, 0, 645, 85, 2550001, 439136147, 19573063, 461259211
30000, 30000, 0, 0, fixed_reps_17, 37172, 1138, 109045.032322, inf, 173.41040462427745, 2166.3130232736567, 83199.672348, 23050.134654, 0.830447, 2689.340967, 105.053906, 0, 2941, 83, 10350001, 408523054, 92370557, 511243612, 36818, 643, 97475.598382, inf, 348.83720930232556, 3139.1246589872762, 84010.168773, 11901.214045, 0.170941, 1448.104899, 115.939724, 0, 1462, 114, 5130001, 428944014, 44884591, 478958606, 36238, 363, 88022.07128199999, inf, 697.6744186046511, 4465.297879180146, 80821.299009, 6292.526702, 0.042089, 781.427129, 126.776353, 0, 731, 80, 2550001, 439136147, 22182799, 463868947
30000, 30000, 0, 0, fixed_reps_19, 37171, 1137, 111666.60090499998, inf, 173.41040462427745, 2166.3130232736567, 83199.672348, 25661.21478, 0.826809, 2689.340967, 115.546001, 0, 3287, 57, 10350001, 408523054, 103237661, 522110716, 36817, 642, 98894.804662, inf, 348.83720930232556, 3139.1246589872762, 84010.168773, 13306.422352, 0.168817, 1448.104899, 129.939821, 0, 1634, 103, 5130001, 428944014, 50165121, 484239136, 36236, 361, 88746.450252, inf, 697.6744186046511, 4465.297879180146, 80821.299009, 7002.547856, 0.051757, 781.427129, 141.124501, 0, 817, 62, 2550001, 439136147, 24792535, 466478683
30000, 30000, 0, 0, fixed_reps_21, 37170, 1136, 114367.61939899999, inf, 173.41040462427745, 2166.3130232736567, 83199.672348, 28351.947584, 0.664456, 2689.340967, 125.994044, 0, 3633, 25, 10350001, 408523054, 114104765, 532977820, 36817, 642, 100284.90043400001, inf, 348.83720930232556, 3139.1246589872762, 84010.168773, 14683.196049, 0.226414, 1448.104899, 143.204299, 0, 1806, 86, 5130001, 428944014, 55445651, 489519666, 36235, 360, 89472.50575699999, inf, 697.6744186046511, 4465.297879180146, 80821.299009, 7714.944486, 0.04271, 781.427129, 154.792423, 0, 903, 53, 2550001, 439136147, 27402271, 469088419
30000, 30000, 0, 0, fixed_reps_23, 37170, 1136, 117046.17157399999, inf, 173.41040462427745, 2166.3130232736567, 83199.672348, 31019.289579, 0.867987, 2689.340967, 137.000693, 0, 3979, 20, 10350001, 408523054, 124971869, 543844924, 36817, 642, 101675.77310099998, inf, 348.83720930232556, 3139.1246589872762, 84010.168773, 16060.744797, 0.241142, 1448.104899, 156.51349, 0, 1978, 65, 5130001, 428944014, 60726181, 494800196, 36235, 360, 90192.519351, inf, 697.6744186046511, 4465.297879180146, 80821.299009, 8417.618281, 0.05308, 781.427129, 172.121852, 0, 989, 40, 2550001, 439136147, 30012007, 471698155
30000, 30000, 0, 0, fixed_reps_25, 37170, 1136, 119766.89602500001, inf, 173.41040462427745, 2166.3130232736567, 83199.672348, 33729.429232, 0.836047, 2689.340967, 147.617431, 0, 4325, 18, 10350001, 408523054, 135838973, 554712028, 36817, 642, 103066.72213999998, inf, 348.83720930232556, 3139.1246589872762, 84010.168773, 17438.831414, 0.20807, 1448.104899, 169.408984, 0, 2150, 46, 5130001, 428944014, 66006711, 500080726, 36235, 360, 90915.105479, inf, 697.6744186046511, 4465.297879180146, 80821.299009, 9128.49524, 0.05862, 781.427129, 183.825481, 0, 1075, 38, 2550001, 439136147, 32621743, 474307891
30000, 30000, 0, 0, fixed_reps_27, 37168, 1134, 122376.84812499999, inf, 173.41040462427745, 2166.3130232736567, 83199.672348, 36326.420865, 0.836328, 2689.340967, 160.577617, 0, 4671, 18, 10350001, 408523054, 146706077, 565579132, 36814, 639, 104426.66862899999, inf, 348.83720930232556, 3139.1246589872762, 84010.168773, 18785.91048, 0.1704, 1448.104899, 182.314077, 0, 2322, 43, 5130001, 428944014, 71287241, 505361256, 36235, 360, 91623.23690999999, inf, 697.6744186046511, 4465.297879180146, 80821.299009, 9823.108058, 0.050745, 781.427129, 197.351969, 0, 1161, 38, 2550001, 439136147, 35231479, 476917627
30000, 30000, 0, 0, fixed_reps_29, 37168, 1134, 125015.63330999999, inf, 173.41040462427745, 2166.3130232736567, 83199.672348, 38954.646968, 0.827621, 2689.340967, 171.145406, 0, 5017, 18, 10350001, 408523054, 157573181, 576446236, 36814, 639, 105805.296335, inf, 348.83720930232556, 3139.1246589872762, 84010.168773, 20151.66904, 0.204243, 1448.104899, 195.14938, 0, 2494, 36, 5130001, 428944014, 76567771, 510641786, 36234, 359, 92368.12140799999, inf, 697.6744186046511, 4465.297879180146, 80821.299009, 10553.094467, 0.05858, 781.427129, 212.242223, 0, 1247, 36, 2550001, 439136147, 37841215, 479527363
30000, 30000, 0, 0, fixed_reps_3, 37273, 1239, 90095.97584099999, inf, 173.41040462427745, 2166.3130232736567, 83199.672348, 4187.662853, 0.788128, 2689.340967, 18.511545, 0, 519, 873, 10350001, 408523054, 16300829, 435173884, 36882, 707, 87652.03721, inf, 348.83720930232556, 3139.1246589872762, 84010.168773, 2172.927448, 0.173996, 1448.104899, 20.662094, 0, 258, 524, 5130001, 428944014, 7920881, 441994896, 36261, 386, 82773.350985, inf, 697.6744186046511, 4465.297879180146, 80821.299009, 1148.856584, 0.0424, 781.427129, 21.725863, 0, 129, 276, 2550001, 439136147, 3914647, 445600795
30000, 30000, 0, 0, fixed_reps_31, 37167, 1133, 127565.719449, inf, 173.41040462427745, 2166.3130232736567, 83199.672348, 41493.504036, 0.844102, 2689.340967, 182.357996, 0, 5363, 17, 10350001, 408523054, 168440285, 587313340, 36814, 639, 107184.194506, inf, 348.83720930232556, 3139.1246589872762, 84010.168773, 21518.745033, 0.166924, 1448.104899, 207.008877, 0, 2666, 33, 5130001, 428944014, 81848301, 515922316, 36234, 359, 93119.31320799999, inf, 697.6744186046511, 4465.297879180146, 80821.299009, 11291.110973, 0.041919, 781.427129, 225.434178, 0, 1333, 35, 2550001, 439136147, 40450951, 482137099
30000, 30000, 0, 0, fixed_reps_33, 37167, 1133, 130179.62743699999, inf, 173.41040462427745, 2166.3130232736567, 83199.672348, 44094.791962, 0.824195, 2689.340967, 194.997965, 0, 5709, 17, 10350001, 408523054, 179307389, 598180444, 36814, 639, 108586.59387299999, inf, 348.83720930232556, 3139.1246589872762, 84010.168773, 22909.077911, 0.204644, 1448.104899, 219.037646, 0, 2838, 22, 5130001, 428944014, 87128831, 521202846, 36234, 359, 93840.277503, inf, 697.6744186046511, 4465.297879180146, 80821.299009, 11998.846158, 0.057578, 781.427129, 238.647629, 0, 1419, 31, 2550001, 439136147, 43060687, 484746835
30000, 30000, 0, 0, fixed_reps_35, 37167, 1133, 132955.05779299999, inf, 173.41040462427745, 2166.3130232736567, 83199.672348, 46857.293545, 0.856096, 2689.340967, 207.894837, 0, 6055, 16, 10350001, 408523054, 190174493, 609047548, 36814, 639, 109990.29693, inf, 348.83720930232556, 3139.1246589872762, 84010.168773, 24299.699693, 0.212158, 1448.104899, 232.111407, 0, 3010, 19, 5130001, 428944014, 92409361, 526483376, 36234, 359, 94577.46169499999, inf, 697.6744186046511, 4465.297879180146, 80821.299009, 12720.864699, 0.046127, 781.427129, 253.824731, 0, 1505, 30, 2550001, 439136147, 45670423, 487356571
30000, 30000, 0, 0, fixed_reps_37, 37167, 1133, 135593.17499299996, inf, 173.41040462427745, 2166.3130232736567, 83199.672348, 49484.638155, 0.844012, 2689.340967, 218.679511, 0, 6401, 15, 10350001, 408523054, 201041597, 619914652, 36814, 639, 111380.96734499998, inf, 348.83720930232556, 3139.1246589872762, 84010.168773, 25676.838735, 0.212649, 1448.104899, 245.642289, 0, 3182, 17, 5130001, 428944014, 97689891, 531763906, 36234, 359, 95304.803721, inf, 697.6744186046511, 4465.297879180146, 80821.299009, 13435.594391, 0.059562, 781.427129, 266.42363, 0, 1591, 23, 2550001, 439136147, 48280159, 489966307
30000, 30000, 0, 0, fixed_reps_39, 37167, 1133, 138386.616292, inf, 173.41040462427745, 2166.3130232736567, 83199.672348, 52264.160726, 0.990698, 2689.340967, 232.451553, 0, 6747, 12, 10350001, 408523054, 211908701, 630781756, 36814, 639, 112753.48075199999, inf, 348.83720930232556, 3139.1246589872762, 84010.168773, 27036.525015, 0.166672, 1448.104899, 258.515393, 0, 3354, 12, 5130001, 428944014, 102970421, 537044436, 36234, 359, 96101.270652, inf, 697.6744186046511, 4465.297879180146, 80821.299009, 14214.49605, 0.049994, 781.427129, 283.99847, 0, 1677, 23, 2550001, 439136147, 50889895, 492576043
30000, 30000, 0, 0, fixed_reps_41, 37167, 1133, 141009.628051, inf, 173.41040462427745, 2166.3130232736567, 83199.672348, 54877.145507, 0.78343, 2689.340967, 242.685799, 0, 7093, 10, 10350001, 408523054, 222775805, 641648860, 36814, 639, 114169.83261599999, inf, 348.83720930232556, 3139.1246589872762, 84010.168773, 28438.907412, 0.208932, 1448.104899, 272.4426, 0, 3526, 12, 5130001, 428944014, 108250951, 542324966, 36234, 359, 96736.61163599999, inf, 697.6744186046511, 4465.297879180146, 80821.299009, 14841.458116, 0.061676, 781.427129, 292.365706, 0, 1763, 23, 2550001, 439136147, 53499631, 495185779
30000, 30000, 0, 0, fixed_reps_5, 37235, 1201, 92801.37499399998, inf, 173.41040462427745, 2166.3130232736567, 83199.672348, 6878.687725, 0.827702, 2689.340967, 32.846252, 0, 865, 650, 10350001, 408523054, 27167933, 446040988, 36866, 691, 89114.969884, inf, 348.83720930232556, 3139.1246589872762, 84010.168773, 3621.587679, 0.17062, 1448.104899, 34.937913, 0, 430, 426, 5130001, 428944014, 13201411, 447275426, 36251, 376, 83520.524826, inf, 697.6744186046511, 4465.297879180146, 80821.299009, 1880.646123, 0.084318, 781.427129, 37.068247, 0, 215, 194, 2550001, 439136147, 6524383, 448210531
30000, 30000, 0, 0, fixed_reps_7, 37216, 1182, 95530.40497599999, inf, 173.41040462427745, 2166.3130232736567, 83199.672348, 9595.798979, 0.792996, 2689.340967, 44.799686, 0, 1211, 470, 10350001, 408523054, 38035037, 456908092, 36846, 671, 90523.386025, inf, 348.83720930232556, 3139.1246589872762, 84010.168773, 5015.094582, 0.176161, 1448.104899, 49.84161, 0, 602, 330, 5130001, 428944014, 18481941, 452555956, 36248, 373, 84287.03960599999, inf, 697.6744186046511, 4465.297879180146, 80821.299009, 2631.069366, 0.039284, 781.427129, 53.204818, 0, 301, 156, 2550001, 439136147, 9134119, 450820267
30000, 30000, 0, 0, fixed_reps_9, 37200, 1166, 98253.82398099998, inf, 173.41040462427745, 2166.3130232736567, 83199.672348, 12306.101663, 0.823613, 2689.340967, 57.88539, 0, 1557, 327, 10350001, 408523054, 48902141, 467775196, 36842, 667, 92022.745146, inf, 348.83720930232556, 3139.1246589872762, 84010.168773, 6500.329488, 0.177733, 1448.104899, 63.964253, 0, 774, 238, 5130001, 428944014, 23762471, 457836486, 36240, 365, 85027.037207, inf, 697.6744186046511, 4465.297879180146, 80821.299009, 3357.030122, 0.041488, 781.427129, 67.239459, 0, 387, 127, 2550001, 439136147, 11743855, 453430003
30000, 30000, 0, 0, greedy_1.000000, 37393, 1359, 87281.77215199999, inf, 173.41040462427745, 2166.3130232736567, 83199.672348, 1387.764645, 0.579457, 2689.340967, 4.405929, 0.008806, 173, 1459, 10350001, 408523054, 5433725, 424306780, 36949, 774, 86184.59330499999, inf, 348.83720930232556, 3139.1246589872762, 84010.168773, 722.02014, 0.171852, 1448.104899, 4.123243, 0.004398, 86, 774, 5130001, 428944014, 2640351, 436714366, 36308, 433, 81980.93343100001, inf, 697.6744186046511, 4465.297879180146, 80821.299009, 374.135507, 0.046858, 781.427129, 4.022523, 0.002405, 43, 464, 2550001, 439136147, 1304911, 442991059
30000, 30000, 0, 0, greedy_11.000000, 37231, 1197, 97294.40773199999, inf, 173.41040462427745, 2166.3130232736567, 83199.672348, 3442.953068, 0.73091, 2689.340967, 7961.312343, 0.398096, 1903, 777, 10350001, 408523054, 65514944, 484387999, 36859, 684, 91527.762563, inf, 348.83720930232556, 3139.1246589872762, 84010.168773, 1551.152132, 0.176691, 1448.104899, 4518.029153, 0.130915, 946, 477, 5130001, 428944014, 31360874, 465434889, 36251, 376, 85070.070253, inf, 697.6744186046511, 4465.297879180146, 80821.299009, 807.127276, 0.05344, 781.427129, 2660.131619, 0.03178, 473, 251, 2550001, 439136147, 15709525, 457395673
30000, 30000, 0, 0, greedy_13.000000, 37223, 1189, 98807.551874, inf, 173.41040462427745, 2166.3130232736567, 83199.672348, 3552.608758, 0.771928, 2689.340967, 9364.650983, 0.50689, 2249, 777, 10350001, 408523054, 76385226, 495258281, 36850, 675, 92341.025824, inf, 348.83720930232556, 3139.1246589872762, 84010.168773, 1589.584633, 0.178124, 1448.104899, 5292.831889, 0.157506, 1118, 476, 5130001, 428944014, 36642994, 470717009, 36250, 375, 85522.841672, inf, 697.6744186046511, 4465.297879180146, 80821.299009, 821.6344, 0.047169, 781.427129, 3098.395814, 0.038151, 559, 250, 2550001, 439136147, 18320829, 460006977
30000, 30000, 0, 0, greedy_15.000000, 37220, 1186, 100197.07627199999, inf, 173.41040462427745, 2166.3130232736567, 83199.672348, 3646.86318, 0.652223, 2689.340967, 10659.956997, 0.590557, 2595, 776, 10350001, 408523054, 87255508, 506128563, 36846, 671, 93157.994916, inf, 348.83720930232556, 3139.1246589872762, 84010.168773, 1617.529193, 0.183804, 1448.104899, 6081.837967, 0.17028, 1290, 476, 5130001, 428944014, 41925114, 475999129, 36249, 374, 86002.73486499999, inf, 697.6744186046511, 4465.297879180146, 80821.299009, 835.549416, 0.045966, 781.427129, 3564.370996, 0.042349, 645, 250, 2550001, 439136147, 20932133, 462618281
30000, 30000, 0, 0, greedy_17.000000, 37218, 1184, 101737.77836, inf, 173.41040462427745, 2166.3130232736567, 83199.672348, 3753.507779, 0.638598, 2689.340967, 12093.934415, 0.684253, 2941, 776, 10350001, 408523054, 98125790, 516998845, 36843, 668, 94038.860772, inf, 348.83720930232556, 3139.1246589872762, 84010.168773, 1704.378211, 0.17585, 1448.104899, 6875.833645, 0.199394, 1462, 476, 5130001, 428944014, 47207234, 481281249, 36246, 371, 86474.277718, inf, 697.6744186046511, 4465.297879180146, 80821.299009, 851.427792, 0.044594, 781.427129, 4020.030523, 0.048671, 731, 250, 2550001, 439136147, 23543437, 465229585
30000, 30000, 0, 0, greedy_19.000000, 37213, 1179, 103199.77681199998, inf, 173.41040462427745, 2166.3130232736567, 83199.672348, 3871.004825, 0.646492, 2689.340967, 13438.350022, 0.762158, 3287, 776, 10350001, 408523054, 108996072, 527869127, 36842, 667, 94781.612881, inf, 348.83720930232556, 3139.1246589872762, 84010.168773, 1738.614161, 0.216917, 1448.104899, 7584.276847, 0.231284, 1634, 475, 5130001, 428944014, 52489354, 486563369, 36246, 371, 86909.047855, inf, 697.6744186046511, 4465.297879180146, 80821.299009, 863.827132, 0.046627, 781.427129, 4442.393957, 0.054001, 817, 249, 2550001, 439136147, 26154741, 467840889
30000, 30000, 0, 0, greedy_21.000000, 37210, 1176, 104715.74442599998, inf, 173.41040462427745, 2166.3130232736567, 83199.672348, 3977.291867, 0.662341, 2689.340967, 14847.937941, 0.838962, 3633, 776, 10350001, 408523054, 119866354, 538739409, 36841, 666, 95461.533876, inf, 348.83720930232556, 3139.1246589872762, 84010.168773, 1732.078435, 0.178765, 1448.104899, 8270.757874, 0.24513, 1806, 475, 5130001, 428944014, 57771474, 491845489, 36246, 371, 87347.44407, inf, 697.6744186046511, 4465.297879180146, 80821.299009, 875.478197, 0.046127, 781.427129, 4869.137913, 0.055695, 903, 249, 2550001, 439136147, 28766045, 470452193
30000, 30000, 0, 0, greedy_23.000000, 37208, 1174, 106112.974308, inf, 173.41040462427745, 2166.3130232736567, 83199.672348, 4109.610507, 0.648075, 2689.340967, 16112.514444, 1.187967, 3979, 775, 10350001, 408523054, 130736636, 549609691, 36841, 666, 96300.989737, inf, 348.83720930232556, 3139.1246589872762, 84010.168773, 1810.741036, 0.231795, 1448.104899, 9031.473027, 0.270207, 1978, 475, 5130001, 428944014, 63053594, 497127609, 36246, 371, 87801.5118, inf, 697.6744186046511, 4465.297879180146, 80821.299009, 889.374567, 0.046427, 781.427129, 5309.298073, 0.066595, 989, 249, 2550001, 439136147, 31377349, 473063497
30000, 30000, 0, 0, greedy_25.000000, 37203, 1169, 107434.379911, inf, 173.41040462427745, 2166.3130232736567, 83199.672348, 4187.057167, 0.664246, 2689.340967, 17356.587239, 1.057944, 4325, 775, 10350001, 408523054, 141606918, 560479973, 36841, 666, 97075.26035299999, inf, 348.83720930232556, 3139.1246589872762, 84010.168773, 1834.756538, 0.177443, 1448.104899, 9781.762115, 0.290585, 2150, 475, 5130001, 428944014, 68335714, 502409729, 36246, 371, 88243.266732, inf, 697.6744186046511, 4465.297879180146, 80821.299009, 904.507096, 0.046557, 781.427129, 5735.918703, 0.068238, 1075, 249, 2550001, 439136147, 33988653, 475674801
30000, 30000, 0, 0, greedy_27.000000, 37199, 1165, 108755.45692699999, inf, 173.41040462427745, 2166.3130232736567, 83199.672348, 4271.717835, 0.646422, 2689.340967, 18592.991055, 1.0883, 4671, 775, 10350001, 408523054, 152477200, 571350255, 36840, 665, 97885.197921, inf, 348.83720930232556, 3139.1246589872762, 84010.168773, 1892.956281, 0.175259, 1448.104899, 10533.486414, 0.306295, 2322, 475, 5130001, 428944014, 73617834, 507691849, 36244, 369, 88631.66057, inf, 697.6744186046511, 4465.297879180146, 80821.299009, 915.763998, 0.046137, 781.427129, 6113.049697, 0.0746, 1161, 248, 2550001, 439136147, 36599957, 478286105
30000, 30000, 0, 0, greedy_29.000000, 37198, 1164, 110141.17412599998, inf, 173.41040462427745, 2166.3130232736567, 83199.672348, 4396.842007, 0.649519, 2689.340967, 19853.411585, 1.2577, 5017, 775, 10350001, 408523054, 163347482, 582220537, 36835, 660, 98533.586394, inf, 348.83720930232556, 3139.1246589872762, 84010.168773, 1906.174593, 0.179476, 1448.104899, 11168.617573, 0.34108, 2494, 474, 5130001, 428944014, 78899954, 512973969, 36243, 368, 89033.453275, inf, 697.6744186046511, 4465.297879180146, 80821.299009, 925.453182, 0.048611, 781.427129, 6505.140454, 0.08489, 1247, 248, 2550001, 439136147, 39211261, 480897409
30000, 30000, 0, 0, greedy_3.000000, 37272, 1238, 90583.00323599999, inf, 173.41040462427745, 2166.3130232736567, 83199.672348, 2869.565536, 0.618541, 2689.340967, 1823.720273, 0.085571, 519, 781, 10350001, 408523054, 22033816, 440906871, 36877, 702, 87844.92672399999, inf, 348.83720930232556, 3139.1246589872762, 84010.168773, 1333.605005, 0.176331, 1448.104899, 1052.840738, 0.030978, 258, 480, 5130001, 428944014, 10232394, 444306409, 36260, 385, 82947.06345, inf, 697.6744186046511, 4465.297879180146, 80821.299009, 742.193296, 0.046267, 781.427129, 602.084925, 0.012824, 129, 255, 2550001, 439136147, 5264309, 446950457
30000, 30000, 0, 0, greedy_31.000000, 37195, 1161, 111495.96613299998, inf, 173.41040462427745, 2166.3130232736567, 83199.672348, 4455.982644, 0.643447, 2689.340967, 21148.941878, 1.384849, 5363, 775, 10350001, 408523054, 174217764, 593090819, 36835, 660, 99255.26057399999, inf, 348.83720930232556, 3139.1246589872762, 84010.168773, 1957.924659, 0.17583, 1448.104899, 11838.509416, 0.376997, 2666, 474, 5130001, 428944014, 84182074, 518256089, 36243, 368, 89445.846985, inf, 697.6744186046511, 4465.297879180146, 80821.299009, 937.14972, 0.056536, 781.427129, 6905.83385, 0.080741, 1333, 248, 2550001, 439136147, 41822565, 483508713
30000, 30000, 0, 0, greedy_33.000000, 37192, 1158, 112917.498238, inf, 173.41040462427745, 2166.3130232736567, 83199.672348, 4574.202135, 0.649378, 2689.340967, 22452.262308, 1.371102, 5709, 775, 10350001, 408523054, 185088046, 603961101, 36834, 659, 99948.36917600001, inf, 348.83720930232556, 3139.1246589872762, 84010.168773, 1988.78611, 0.176861, 1448.104899, 12500.740497, 0.392036, 2838, 474, 5130001, 428944014, 89464194, 523538209, 36243, 368, 89862.436211, inf, 697.6744186046511, 4465.297879180146, 80821.299009, 946.812981, 0.04795, 781.427129, 7312.761308, 0.087834, 1419, 248, 2550001, 439136147, 44433869, 486120017
30000, 30000, 0, 0, greedy_35.000000, 37190, 1156, 114271.70995799998, inf, 173.41040462427745, 2166.3130232736567, 83199.672348, 4669.17119, 0.822465, 2689.340967, 23711.417974, 1.285014, 6055, 775, 10350001, 408523054, 195958328, 614831383, 36834, 659, 100609.82866999997, inf, 348.83720930232556, 3139.1246589872762, 84010.168773, 1996.08574, 0.180218, 1448.104899, 13154.868301, 0.420739, 3010, 474, 5130001, 428944014, 94746314, 528820329, 36239, 364, 90270.24131399998, inf, 697.6744186046511, 4465.297879180146, 80821.299009, 960.42608, 0.063168, 781.427129, 7706.932844, 0.093084, 1505, 248, 2550001, 439136147, 47045173, 488731321
30000, 30000, 0, 0, greedy_37.000000, 37185, 1151, 115742.12752399997, inf, 173.41040462427745, 2166.3130232736567, 83199.672348, 4777.527316, 0.654669, 2689.340967, 25073.303964, 1.62826, 6401, 775, 10350001, 408523054, 206828610, 625701665, 36834, 659, 101332.41818399998, inf, 348.83720930232556, 3139.1246589872762, 84010.168773, 2034.552831, 0.17633, 1448.104899, 13838.958504, 0.456847, 3182, 474, 5130001, 428944014, 100028434, 534102449, 36238, 363, 90747.24983199999, inf, 697.6744186046511, 4465.297879180146, 80821.299009, 973.117701, 0.04772, 781.427129, 8171.266771, 0.091502, 1591, 248, 2550001, 439136147, 49656477, 491342625
30000, 30000, 0, 0, greedy_39.000000, 37185, 1151, 118624.553041, inf, 173.41040462427745, 2166.3130232736567, 83199.672348, 4872.274004, 0.649839, 2689.340967, 27860.724493, 1.89139, 6747, 775, 10350001, 408523054, 217698892, 636571947, 36834, 659, 102074.035293, inf, 348.83720930232556, 3139.1246589872762, 84010.168773, 2065.803538, 0.179757, 1448.104899, 14549.324765, 0.453561, 3354, 474, 5130001, 428944014, 105310554, 539384569, 36238, 363, 91110.806427, inf, 697.6744186046511, 4465.297879180146, 80821.299009, 984.194583, 0.054592, 781.427129, 8523.728521, 0.102593, 1677, 247, 2550001, 439136147, 52267781, 493953929
30000, 30000, 0, 0, greedy_5.000000, 37250, 1216, 92371.654044, inf, 173.41040462427745, 2166.3130232736567, 83199.672348, 3036.099046, 0.756139, 2689.340967, 3445.607791, 0.177753, 865, 779, 10350001, 408523054, 32904098, 451777153, 36875, 700, 88811.03469399999, inf, 348.83720930232556, 3139.1246589872762, 84010.168773, 1388.317039, 0.173566, 1448.104899, 1964.216546, 0.053871, 430, 479, 5130001, 428944014, 15514514, 449588529, 36253, 378, 83505.647479, inf, 697.6744186046511, 4465.297879180146, 80821.299009, 760.89589, 0.070051, 781.427129, 1141.936765, 0.018635, 215, 253, 2550001, 439136147, 7875613, 449561761
30000, 30000, 0, 0, greedy_7.000000, 37238, 1204, 94056.557735, inf, 173.41040462427745, 2166.3130232736567, 83199.672348, 3158.384546, 0.676991, 2689.340967, 5008.166819, 0.316064, 1211, 778, 10350001, 408523054, 43774380, 462647435, 36864, 689, 89761.83750699999, inf, 348.83720930232556, 3139.1246589872762, 84010.168773, 1443.023802, 0.173715, 1448.104899, 2860.284014, 0.082304, 602, 478, 5130001, 428944014, 20796634, 454870649, 36252, 377, 84040.59969999999, inf, 697.6744186046511, 4465.297879180146, 80821.299009, 774.536599, 0.044603, 781.427129, 1663.27105, 0.02131, 301, 252, 2550001, 439136147, 10486917, 452173065
30000, 30000, 0, 0, greedy_9.000000, 37233, 1199, 95643.10515, inf, 173.41040462427745, 2166.3130232736567, 83199.672348, 3296.933478, 0.773632, 2689.340967, 6456.060727, 0.323998, 1557, 777, 10350001, 408523054, 54644662, 473517717, 36861, 686, 90639.460413, inf, 348.83720930232556, 3139.1246589872762, 84010.168773, 1484.478211, 0.174147, 1448.104899, 3696.434496, 0.099887, 774, 477, 5130001, 428944014, 26078754, 460152769, 36251, 376, 84550.054009, inf, 697.6744186046511, 4465.297879180146, 80821.299009, 790.84408, 0.046888, 781.427129, 2156.408439, 0.028464, 387, 251, 2550001, 439136147, 13098221, 454784369
30000, 30000, 0, 0, opt, 37167, 1133, 94120.287634, inf, 173.41040462427745, 2166.3130232736567, 83199.672348, 8230.452118, 0.822201, 2689.340967, 0, 0, 0, 0, 10350001, 408523054, 42508583, 461381638, 36814, 639, 90297.94708700001, inf, 348.83720930232556, 3139.1246589872762, 84010.168773, 4839.504748, 0.168667, 1448.104899, 0, 0, 0, 0, 5130001, 428944014, 21299290, 455373305, 36231, 356, 84408.357112, inf, 697.6744186046511, 4465.297879180146, 80821.299009, 2805.583825, 0.047149, 781.427129, 0, 0, 0, 0, 2550001, 439136147, 10916360, 452602508
30000, 30000, 0, 0, plus_edge, 37320, 1286, 87374.766916, inf, 173.41040462427745, 2166.3130232736567, 83199.672348, 1484.765489, 0.988112, 2689.340967, 0, 0, 0, 0, 10350001, 408523054, 5433136, 424306191, 36914, 739, 86190.736789, inf, 348.83720930232556, 3139.1246589872762, 84010.168773, 732.298809, 0.164308, 1448.104899, 0, 0, 0, 0, 5130001, 428944014, 2617490, 436691505, 36288, 413, 81988.590518, inf, 697.6744186046511, 4465.297879180146, 80821.299009, 385.821179, 0.043201, 781.427129, 0, 0, 0, 0, 2550001, 439136147, 1276632, 442962780
30000, 30000, 0, 0, simple, 37393, 1359, 87314.13736199998, inf, 173.41040462427745, 2166.3130232736567, 83199.672348, 1424.497282, 0.626765, 2689.340967, 0, 0, 0, 0, 10350001, 408523054, 5403552, 424276607, 36949, 774, 86185.53896600001, inf, 348.83720930232556, 3139.1246589872762, 84010.168773, 727.104772, 0.160522, 1448.104899, 0, 0, 0, 0, 5130001, 428944014, 2610265, 436684280, 36308, 433, 81978.15014799999, inf, 697.6744186046511, 4465.297879180146, 80821.299009, 375.379236, 0.044774, 781.427129, 0, 0, 0, 0, 2550001, 439136147, 1274868, 442961016
30000, 30000, 0, 0, dp_1.000000, 38416, 1288, 76811.63954700001, inf, 173.41040462427745, 2007.4412693937468, 72603.991613, 1466.888284, 0.665079, 2736.089926, 3.996029, 0.008616, 173, 0, 10350001, 351165625, 5794065, 367309691, 37317, 770, 65949.003017, inf, 348.83720930232556, 3087.8861056402593, 63722.389737, 719.234836, 0.15477, 1503.434809, 3.783786, 0.005079, 86, 0, 5130001, 415224304, 2678176, 423032481, 36764, 472, 70296.369822, inf, 697.6744186046511, 4450.820816490862, 69066.253504, 382.768545, 0.029375, 843.606577, 3.708945, 0.002876, 43, 0, 2550001, 436360944, 1304281, 440215226
30000, 30000, 0, 0, dp_11.000000, 38207, 1079, 95815.56656100001, inf, 173.41040462427745, 2007.4412693937468, 72603.991613, 12753.348492, 1.561016, 2736.089926, 7553.799831, 166.775683, 1903, 12, 10350001, 351165625, 113850889, 475366515, 37222, 675, 75799.538457, inf, 348.83720930232556, 3087.8861056402593, 63722.389737, 6141.659489, 0.179837, 1503.434809, 4412.830939, 19.043646, 946, 10, 5130001, 415224304, 52816560, 473170865, 36721, 429, 75852.96301200001, inf, 697.6744186046511, 4450.820816490862, 69066.253504, 3349.978694, 0.040716, 843.606577, 2590.670746, 2.412775, 473, 14, 2550001, 436360944, 26895365, 465806310
30000, 30000, 0, 0, dp_13.000000, 38207, 1079, 97729.31571900002, inf, 173.41040462427745, 2007.4412693937468, 72603.991613, 13260.63528, 1.553151, 2736.089926, 8894.456627, 232.589122, 2249, 7, 10350001, 351165625, 130353732, 491869358, 37222, 675, 76579.12994299999, inf, 348.83720930232556, 3087.8861056402593, 63722.389737, 6141.064744, 0.178074, 1503.434809, 5184.855021, 27.207558, 1118, 8, 5130001, 415224304, 57719836, 478074141, 36721, 429, 76434.944898, inf, 697.6744186046511, 4450.820816490862, 69066.253504, 3482.893213, 0.04281, 843.606577, 3038.791217, 3.357577, 559, 11, 2550001, 436360944, 30103213, 469014158
30000, 30000, 0, 0, dp_15.000000, 38207, 1079, 100360.763831, inf, 173.41040462427745, 2007.4412693937468, 72603.991613, 14486.353409, 0.90728, 2736.089926, 10221.54037, 311.881233, 2595, 6, 10350001, 351165625, 145047863, 506563489, 37222, 675, 77453.342128, inf, 348.83720930232556, 3087.8861056402593, 63722.389737, 6206.659917, 0.177303, 1503.434809, 5984.373939, 36.306423, 1290, 7, 5130001, 415224304, 63054872, 483409177, 36721, 429, 77082.51463099998, inf, 697.6744186046511, 4450.820816490862, 69066.253504, 3658.622081, 0.046728, 843.606577, 3509.443092, 4.542649, 645, 10, 2550001, 436360944, 33575868, 472486813
30000, 30000, 0, 0, dp_17.000000, 38207, 1079, 101437.42657800001, inf, 173.41040462427745, 2007.4412693937468, 72603.991613, 14104.637207, 0.892353, 2736.089926, 11590.423609, 401.39187, 2941, 5, 10350001, 351165625, 154656490, 516172116, 37222, 675, 79133.24035699997, inf, 348.83720930232556, 3087.8861056402593, 63722.389737, 7141.584769, 0.182041, 1503.434809, 6718.535971, 47.11303, 1462, 7, 5130001, 415224304, 73369540, 493723845, 36721, 429, 77404.01470699998, inf, 697.6744186046511, 4450.820816490862, 69066.253504, 3563.370423, 0.042219, 843.606577, 3924.913644, 5.82834, 731, 9, 2550001, 436360944, 35547950, 474458895
30000, 30000, 0, 0, dp_19.000000, 38207, 1079, 106153.63625299999, inf, 173.41040462427745, 2007.4412693937468, 72603.991613, 17336.314693, 0.897262, 2736.089926, 12972.684612, 503.658147, 3287, 5, 10350001, 351165625, 175416144, 536931770, 37222, 675, 79074.660346, inf, 348.83720930232556, 3087.8861056402593, 63722.389737, 6374.228898, 0.183113, 1503.434809, 7415.020077, 59.403712, 1634, 6, 5130001, 415224304, 73984000, 494338305, 36721, 429, 78290.16728, inf, 697.6744186046511, 4450.820816490862, 69066.253504, 4026.496655, 0.062727, 843.606577, 4346.440543, 7.307274, 817, 9, 2550001, 436360944, 40697716, 479608661
30000, 30000, 0, 0, dp_21.000000, 38207, 1079, 110690.071145, inf, 173.41040462427745, 2007.4412693937468, 72603.991613, 20522.246433, 0.881242, 2736.089926, 14209.326135, 617.535796, 3633, 5, 10350001, 351165625, 196175798, 557691424, 37222, 675, 80750.92963899998, inf, 348.83720930232556, 3087.8861056402593, 63722.389737, 7310.094833, 0.179987, 1503.434809, 8141.54278, 73.287493, 1806, 6, 5130001, 415224304, 84298668, 504652973, 36721, 429, 78299.640415, inf, 697.6744186046511, 4450.820816490862, 69066.253504, 3596.835491, 0.045435, 843.606577, 4783.815473, 9.083935, 903, 8, 2550001, 436360944, 40816149, 479727094
30000, 30000, 0, 0, dp_23.000000, 38207, 1079, 108464.989653, inf, 173.41040462427745, 2007.4412693937468, 72603.991613, 16946.007344, 0.705623, 2736.089926, 15433.283325, 744.911822, 3979, 4, 10350001, 351165625, 196063696, 557579322, 37222, 675, 82431.386427, inf, 348.83720930232556, 3087.8861056402593, 63722.389737, 8240.132725, 0.184486, 1503.434809, 8876.768292, 88.476378, 1978, 6, 5130001, 415224304, 94613336, 514967641, 36721, 429, 79235.02111899998, inf, 697.6744186046511, 4450.820816490862, 69066.253504, 4090.422397, 0.043201, 843.606577, 5223.851564, 10.843876, 989, 8, 2550001, 436360944, 45965915, 484876860
30000, 30000, 0, 0, dp_25.000000, 38207, 1079, 113067.22164699998, inf, 173.41040462427745, 2007.4412693937468, 72603.991613, 20134.281073, 0.880211, 2736.089926, 16709.688241, 882.290583, 4325, 4, 10350001, 351165625, 216823350, 578338976, 37222, 675, 81451.10226399999, inf, 348.83720930232556, 3087.8861056402593, 63722.389737, 6503.468566, 0.184456, 1503.434809, 9616.401981, 105.222715, 2150, 5, 5130001, 415224304, 89873972, 510228277, 36721, 429, 80099.28578199999, inf, 697.6744186046511, 4450.820816490862, 69066.253504, 4550.53152, 0.045835, 843.606577, 5626.076465, 12.771881, 1075, 8, 2550001, 436360944, 51115681, 490026626
30000, 30000, 0, 0, dp_27.000000, 38207, 1079, 117670.188086, inf, 173.41040462427745, 2007.4412693937468, 72603.991613, 23348.521688, 0.886132, 2736.089926, 17956.121911, 1024.576816, 4671, 4, 10350001, 351165625, 237583004, 599098630, 37222, 675, 83139.356837, inf, 348.83720930232556, 3087.8861056402593, 63722.389737, 7441.007967, 0.18118, 1503.434809, 10349.145549, 123.197595, 2322, 5, 5130001, 415224304, 100188640, 520542945, 36721, 429, 79824.06900299998, inf, 697.6744186046511, 4450.820816490862, 69066.253504, 3893.843557, 0.046007, 843.606577, 6005.37898, 14.940378, 1161, 7, 2550001, 436360944, 50027771, 488938716
30000, 30000, 0, 0, dp_29.000000, 38207, 1079, 122368.250634, inf, 173.41040462427745, 2007.4412693937468, 72603.991613, 26634.805189, 0.705285, 2736.089926, 19205.057217, 1187.601404, 5017, 4, 10350001, 351165625, 258342658, 619858284, 37222, 675, 84764.86934199999, inf, 348.83720930232556, 3087.8861056402593, 63722.389737, 8417.242327, 0.180067, 1503.434809, 10979.08637, 142.536032, 2494, 5, 5130001, 415224304, 110503308, 530857613, 36721, 429, 80697.272772, inf, 697.6744186046511, 4450.820816490862, 69066.253504, 4375.901442, 0.043782, 843.606577, 6394.167885, 17.299582, 1247, 7, 2550001, 436360944, 55177537, 494088482
30000, 30000, 0, 0, dp_3.000000, 38255, 1127, 81211.438368, inf, 173.41040462427745, 2007.4412693937468, 72603.991613, 4158.528176, 0.745627, 2736.089926, 1703.695946, 8.38708, 519, 445, 10350001, 351165625, 27768871, 389284497, 37247, 700, 68253.91016199999, inf, 348.83720930232556, 3087.8861056402593, 63722.389737, 2000.805823, 0.17609, 1503.434809, 1026.067871, 1.035832, 258, 299, 5130001, 415224304, 13165510, 433519815, 36731, 439, 71553.508264, inf, 697.6744186046511, 4450.820816490862, 69066.253504, 1054.542919, 0.045165, 843.606577, 588.882987, 0.177112, 129, 163, 2550001, 436360944, 6493435, 445404380
30000, 30000, 0, 0, dp_31.000000, 38207, 1079, 113594.13598200002, inf, 173.41040462427745, 2007.4412693937468, 72603.991613, 16419.276941, 0.850468, 2736.089926, 20483.854667, 1350.072367, 5363, 3, 10350001, 351165625, 238153410, 599669036, 37222, 675, 86493.696937, inf, 348.83720930232556, 3087.8861056402593, 63722.389737, 9431.546323, 0.179717, 1503.434809, 11672.104717, 164.041634, 2666, 5, 5130001, 415224304, 120817976, 541172281, 36721, 429, 81575.468709, inf, 697.6744186046511, 4450.820816490862, 69066.253504, 4855.805191, 0.04767, 843.606577, 6789.951598, 19.804169, 1333, 7, 2550001, 436360944, 60327303, 499238248
30000, 30000, 0, 0, dp_33.000000, 38207, 1079, 118335.627396, inf, 173.41040462427745, 2007.4412693937468, 72603.991613, 19679.888882, 0.870023, 2736.089926, 21781.747187, 1533.039765, 5709, 3, 10350001, 351165625, 258913064, 620428690, 37222, 675, 88146.93115499998, inf, 348.83720930232556, 3087.8861056402593, 63722.389737, 10347.264938, 0.178394, 1503.434809, 12385.96331, 187.699967, 2838, 5, 5130001, 415224304, 131132644, 551486949, 36721, 429, 82445.828134, inf, 697.6744186046511, 4450.820816490862, 69066.253504, 5322.993738, 0.047088, 843.606577, 7190.197191, 22.730036, 1419, 7, 2550001, 436360944, 65477069, 504388014
30000, 30000, 0, 0, dp_35.000000, 38207, 1079, 123144.33636100001, inf, 173.41040462427745, 2007.4412693937468, 72603.991613, 22995.642213, 0.90064, 2736.089926, 23074.226497, 1733.485472, 6055, 3, 10350001, 351165625, 279672718, 641188344, 37222, 675, 89729.879532, inf, 348.83720930232556, 3087.8861056402593, 63722.389737, 11266.358791, 0.179838, 1503.434809, 13026.938344, 210.578013, 3010, 5, 5130001, 415224304, 141447312, 561801617, 36721, 429, 81378.820452, inf, 697.6744186046511, 4450.820816490862, 69066.253504, 3848.479898, 0.060433, 843.606577, 7594.970294, 25.449746, 1505, 6, 2550001, 436360944, 59828594, 498739539
30000, 30000, 0, 0, dp_37.000000, 38207, 1079, 128248.763935, inf, 173.41040462427745, 2007.4412693937468, 72603.991613, 26255.140953, 0.696256, 2736.089926, 24700.131201, 1952.713986, 6401, 3, 10350001, 351165625, 300432372, 661947998, 37222, 675, 86750.42737699999, inf, 348.83720930232556, 3087.8861056402593, 63722.389737, 7510.542365, 0.180409, 1503.434809, 13776.935207, 236.94485, 3182, 4, 5130001, 415224304, 125597324, 545951629, 36721, 429, 82252.778623, inf, 697.6744186046511, 4450.820816490862, 69066.253504, 4341.13563, 0.044865, 843.606577, 7973.170584, 28.567463, 1591, 6, 2550001, 436360944, 64978360, 503889305
30000, 30000, 0, 0, dp_39.000000, 38207, 1079, 132784.667063, inf, 173.41040462427745, 2007.4412693937468, 72603.991613, 29417.527673, 0.862798, 2736.089926, 25841.167277, 2185.027776, 6747, 3, 10350001, 351165625, 321192026, 682707652, 37222, 675, 88389.36238, inf, 348.83720930232556, 3087.8861056402593, 63722.389737, 8438.022346, 0.275296, 1503.434809, 14462.051014, 263.189178, 3354, 4, 5130001, 415224304, 135911992, 556266297, 36721, 429, 83039.31656199998, inf, 697.6744186046511, 4450.820816490862, 69066.253504, 4802.321988, 0.04774, 843.606577, 8295.35697, 31.729783, 1677, 6, 2550001, 436360944, 70128126, 509039071
30000, 30000, 0, 0, dp_5.000000, 38223, 1095, 85176.917893, inf, 173.41040462427745, 2007.4412693937468, 72603.991613, 6572.827283, 0.804398, 2736.089926, 3236.052262, 27.152411, 865, 181, 10350001, 351165625, 49710166, 411225792, 37235, 688, 70386.316544, inf, 348.83720930232556, 3087.8861056402593, 63722.389737, 3224.429621, 0.224862, 1503.434809, 1932.467464, 3.370051, 430, 138, 5130001, 415224304, 23679258, 444033563, 36724, 432, 72699.30190699999, inf, 697.6744186046511, 4450.820816490862, 69066.253504, 1666.382327, 0.045705, 843.606577, 1122.540115, 0.473679, 215, 83, 2550001, 436360944, 11622827, 450533772
30000, 30000, 0, 0, dp_7.000000, 38209, 1081, 88879.79406, inf, 173.41040462427745, 2007.4412693937468, 72603.991613, 8773.81853, 0.690544, 2736.089926, 4704.089293, 61.114154, 1211, 67, 10350001, 351165625, 71411469, 432927095, 37227, 680, 72450.152741, inf, 348.83720930232556, 3087.8861056402593, 63722.389737, 4423.838263, 0.18102, 1503.434809, 2792.991118, 7.317794, 602, 58, 5130001, 415224304, 34081769, 454436074, 36723, 431, 73808.66696599999, inf, 697.6744186046511, 4450.820816490862, 69066.253504, 2272.783365, 0.042019, 843.606577, 1624.954946, 1.026555, 301, 42, 2550001, 436360944, 16778894, 455689839
30000, 30000, 0, 0, dp_9.000000, 38207, 1079, 92262.318406, inf, 173.41040462427745, 2007.4412693937468, 72603.991613, 10685.460537, 0.84782, 2736.089926, 6130.72368, 105.20483, 1557, 25, 10350001, 351165625, 93386275, 454901901, 37222, 675, 74336.92006599999, inf, 348.83720930232556, 3087.8861056402593, 63722.389737, 5466.235079, 0.167114, 1503.434809, 3632.223329, 12.469998, 774, 22, 5130001, 415224304, 44171211, 464525516, 36721, 429, 74856.57509299998, inf, 697.6744186046511, 4450.820816490862, 69066.253504, 2833.393921, 0.042409, 843.606577, 2111.658273, 1.620409, 387, 25, 2550001, 436360944, 21745599, 460656544
30000, 30000, 0, 0, fixed_reps_1, 38416, 1288, 76815.68750100001, inf, 173.41040462427745, 2007.4412693937468, 72603.991613, 1470.525831, 0.807343, 2736.089926, 4.272788, 0, 173, 1522, 10350001, 351165625, 5794065, 367309691, 37317, 770, 65948.656867, inf, 348.83720930232556, 3087.8861056402593, 63722.389737, 718.604793, 0.177222, 1503.434809, 4.050306, 0, 86, 824, 5130001, 415224304, 2678176, 423032481, 36764, 472, 70295.99707099999, inf, 697.6744186046511, 4450.820816490862, 69066.253504, 382.40969, 0.036057, 843.606577, 3.691243, 0, 43, 422, 2550001, 436360944, 1304281, 440215226
30000, 30000, 0, 0, fixed_reps_11, 38230, 1102, 91668.51317100001, inf, 173.41040462427745, 2007.4412693937468, 72603.991613, 16263.60377, 0.835926, 2736.089926, 63.991936, 0, 1903, 291, 10350001, 351165625, 63732985, 425248611, 37232, 685, 73280.197611, inf, 348.83720930232556, 3087.8861056402593, 63722.389737, 7979.74442, 0.178635, 1503.434809, 74.45001, 0, 946, 192, 5130001, 415224304, 29459076, 449813381, 36726, 434, 74278.54589899999, inf, 697.6744186046511, 4450.820816490862, 69066.253504, 4288.611318, 0.047649, 843.606577, 80.026851, 0, 473, 127, 2550001, 436360944, 14346661, 453257606
30000, 30000, 0, 0, fixed_reps_13, 38219, 1091, 94548.31638000002, inf, 173.41040462427745, 2007.4412693937468, 72603.991613, 19132.521426, 0.755736, 2736.089926, 74.957679, 0, 2249, 243, 10350001, 351165625, 75320769, 436836395, 37229, 682, 74726.150169, inf, 348.83720930232556, 3087.8861056402593, 63722.389737, 9412.087494, 0.227407, 1503.434809, 88.010722, 0, 1118, 157, 5130001, 415224304, 34815256, 455169561, 36725, 433, 75081.263505, inf, 697.6744186046511, 4450.820816490862, 69066.253504, 5077.809688, 0.050325, 843.606577, 93.543411, 0, 559, 99, 2550001, 436360944, 16955137, 455866082
30000, 30000, 0, 0, fixed_reps_15, 38216, 1088, 97444.50297300001, inf, 173.41040462427745, 2007.4412693937468, 72603.991613, 22017.116363, 0.81637, 2736.089926, 86.488701, 0, 2595, 200, 10350001, 351165625, 86908553, 448424179, 37229, 682, 76176.003432, inf, 348.83720930232556, 3087.8861056402593, 63722.389737, 10848.997018, 0.183124, 1503.434809, 100.998744, 0, 1290, 134, 5130001, 415224304, 40171436, 460525741, 36725, 433, 75798.840243, inf, 697.6744186046511, 4450.820816490862, 69066.253504, 5783.519031, 0.045064, 843.606577, 105.416067, 0, 645, 84, 2550001, 436360944, 19563613, 458474558
30000, 30000, 0, 0, fixed_reps_17, 38215, 1087, 100363.502298, inf, 173.41040462427745, 2007.4412693937468, 72603.991613, 24924.898705, 0.827441, 2736.089926, 97.694613, 0, 2941, 168, 10350001, 351165625, 98496337, 460011963, 37229, 682, 77607.57180699999, inf, 348.83720930232556, 3087.8861056402593, 63722.389737, 12267.363103, 0.186129, 1503.434809, 114.198029, 0, 1462, 114, 5130001, 415224304, 45527616, 465881921, 36724, 432, 76575.007617, inf, 697.6744186046511, 4450.820816490862, 69066.253504, 6544.888296, 0.050876, 843.606577, 120.208364, 0, 731, 77, 2550001, 436360944, 22172089, 461083034
30000, 30000, 0, 0, fixed_reps_19, 38212, 1084, 103239.44964800001, inf, 173.41040462427745, 2007.4412693937468, 72603.991613, 27789.624423, 0.817542, 2736.089926, 108.926144, 0, 3287, 137, 10350001, 351165625, 110084121, 471599747, 37228, 681, 78998.31099799999, inf, 348.83720930232556, 3087.8861056402593, 63722.389737, 13644.485966, 0.22364, 1503.434809, 127.776846, 0, 1634, 100, 5130001, 415224304, 50883796, 471238101, 36723, 431, 77330.58745499999, inf, 697.6744186046511, 4450.820816490862, 69066.253504, 7285.573884, 0.041358, 843.606577, 135.112132, 0, 817, 66, 2550001, 436360944, 24780565, 463691510
30000, 30000, 0, 0, fixed_reps_21, 38211, 1083, 106102.46442, inf, 173.41040462427745, 2007.4412693937468, 72603.991613, 30640.938695, 0.762429, 2736.089926, 120.681757, 0, 3633, 128, 10350001, 351165625, 121671905, 483187531, 37228, 681, 80382.670012, inf, 348.83720930232556, 3087.8861056402593, 63722.389737, 15016.598723, 0.182161, 1503.434809, 140.064582, 0, 1806, 89, 5130001, 415224304, 56239976, 476594281, 36723, 431, 78102.63554799999, inf, 697.6744186046511, 4450.820816490862, 69066.253504, 8043.291885, 0.048991, 843.606577, 149.434591, 0, 903, 61, 2550001, 436360944, 27389041, 466299986
30000, 30000, 0, 0, fixed_reps_23, 38211, 1083, 108919.74426600001, inf, 173.41040462427745, 2007.4412693937468, 72603.991613, 33447.316477, 0.838051, 2736.089926, 131.508199, 0, 3979, 114, 10350001, 351165625, 133259689, 494775315, 37228, 681, 81811.391652, inf, 348.83720930232556, 3087.8861056402593, 63722.389737, 16432.041206, 0.225233, 1503.434809, 153.300667, 0, 1978, 81, 5130001, 415224304, 61596156, 481950461, 36723, 431, 78863.47923999999, inf, 697.6744186046511, 4450.820816490862, 69066.253504, 8790.495016, 0.045485, 843.606577, 163.078658, 0, 989, 52, 2550001, 436360944, 29997517, 468908462
30000, 30000, 0, 0, fixed_reps_25, 38211, 1083, 111943.68642700001, inf, 173.41040462427745, 2007.4412693937468, 72603.991613, 36458.970237, 0.83214, 2736.089926, 143.802511, 0, 4325, 100, 10350001, 351165625, 144847473, 506363099, 37227, 680, 83228.51715, inf, 348.83720930232556, 3087.8861056402593, 63722.389737, 17837.098947, 0.179046, 1503.434809, 165.414611, 0, 2150, 74, 5130001, 415224304, 66952336, 487306641, 36723, 431, 79627.778933, inf, 697.6744186046511, 4450.820816490862, 69066.253504, 9540.364568, 0.058821, 843.606577, 177.495463, 0, 1075, 51, 2550001, 436360944, 32605993, 471516938
30000, 30000, 0, 0, fixed_reps_27, 38210, 1082, 114679.964376, inf, 173.41040462427745, 2007.4412693937468, 72603.991613, 39185.068263, 0.846637, 2736.089926, 153.967937, 0, 4671, 89, 10350001, 351165625, 156435257, 517950883, 37226, 679, 84610.11878399999, inf, 348.83720930232556, 3087.8861056402593, 63722.389737, 19206.290057, 0.221866, 1503.434809, 177.782315, 0, 2322, 69, 5130001, 415224304, 72308516, 492662821, 36723, 431, 80414.00907, inf, 697.6744186046511, 4450.820816490862, 69066.253504, 10313.467749, 0.04253, 843.606577, 190.63871, 0, 1161, 47, 2550001, 436360944, 35214469, 474125414
30000, 30000, 0, 0, fixed_reps_29, 38210, 1082, 117633.690726, inf, 173.41040462427745, 2007.4412693937468, 72603.991613, 42128.6957, 0.847149, 2736.089926, 164.066338, 0, 5017, 79, 10350001, 351165625, 168023041, 529538667, 37225, 678, 86010.075775, inf, 348.83720930232556, 3087.8861056402593, 63722.389737, 20593.151646, 0.179577, 1503.434809, 190.920006, 0, 2494, 59, 5130001, 415224304, 77664696, 498019001, 36723, 431, 81172.23324899998, inf, 697.6744186046511, 4450.820816490862, 69066.253504, 11058.837552, 0.060394, 843.606577, 203.475222, 0, 1247, 42, 2550001, 436360944, 37822945, 476733890
30000, 30000, 0, 0, fixed_reps_3, 38297, 1169, 79902.15959400001, inf, 173.41040462427745, 2007.4412693937468, 72603.991613, 4545.092019, 0.823283, 2736.089926, 16.162753, 0, 519, 822, 10350001, 351165625, 17381849, 378897475, 37262, 715, 67440.198851, inf, 348.83720930232556, 3087.8861056402593, 63722.389737, 2196.000466, 0.175058, 1503.434809, 18.198781, 0, 258, 547, 5130001, 415224304, 8034356, 428388661, 36736, 444, 71118.51572999998, inf, 697.6744186046511, 4450.820816490862, 69066.253504, 1188.929064, 0.039844, 843.606577, 19.686741, 0, 129, 275, 2550001, 436360944, 3912757, 442823702
30000, 30000, 0, 0, fixed_reps_31, 38210, 1082, 120334.01665, inf, 173.41040462427745, 2007.4412693937468, 72603.991613, 44818.382023, 0.833182, 2736.089926, 174.719906, 0, 5363, 75, 10350001, 351165625, 179610825, 541126451, 37224, 677, 87398.953049, inf, 348.83720930232556, 3087.8861056402593, 63722.389737, 21967.678408, 0.225533, 1503.434809, 205.224562, 0, 2666, 50, 5130001, 415224304, 83020876, 503375181, 36723, 431, 81918.413814, inf, 697.6744186046511, 4450.820816490862, 69066.253504, 11791.92251, 0.041117, 843.606577, 216.590106, 0, 1333, 39, 2550001, 436360944, 40431421, 479342366
30000, 30000, 0, 0, fixed_reps_33, 38210, 1082, 123277.864094, inf, 173.41040462427745, 2007.4412693937468, 72603.991613, 47751.769068, 0.847249, 2736.089926, 185.166238, 0, 5709, 71, 10350001, 351165625, 191198609, 552714235, 37224, 677, 88844.603407, inf, 348.83720930232556, 3087.8861056402593, 63722.389737, 23400.957103, 0.224011, 1503.434809, 217.597747, 0, 2838, 47, 5130001, 415224304, 88377056, 508731361, 36723, 431, 82685.82902399999, inf, 697.6744186046511, 4450.820816490862, 69066.253504, 12544.897962, 0.049183, 843.606577, 231.021798, 0, 1419, 38, 2550001, 436360944, 43039897, 481950842
30000, 30000, 0, 0, fixed_reps_35, 38209, 1081, 125936.22320600001, inf, 173.41040462427745, 2007.4412693937468, 72603.991613, 50399.072288, 0.854733, 2736.089926, 196.214646, 0, 6055, 64, 10350001, 351165625, 202786393, 564302019, 37222, 675, 90255.55235, inf, 348.83720930232556, 3087.8861056402593, 63722.389737, 24799.322265, 0.18648, 1503.434809, 230.219059, 0, 3010, 45, 5130001, 415224304, 93733236, 514087541, 36723, 431, 83433.34970199999, inf, 697.6744186046511, 4450.820816490862, 69066.253504, 13278.035638, 0.04311, 843.606577, 245.410873, 0, 1505, 36, 2550001, 436360944, 45648373, 484559318
30000, 30000, 0, 0, fixed_reps_37, 38209, 1081, 129109.59011600002, inf, 173.41040462427745, 2007.4412693937468, 72603.991613, 53562.824285, 0.798276, 2736.089926, 205.886016, 0, 6401, 62, 10350001, 351165625, 214374177, 575889803, 37222, 675, 91631.721798, inf, 348.83720930232556, 3087.8861056402593, 63722.389737, 26162.948686, 0.23448, 1503.434809, 242.714086, 0, 3182, 39, 5130001, 415224304, 99089416, 519443721, 36723, 431, 84203.03472299999, inf, 697.6744186046511, 4450.820816490862, 69066.253504, 14034.165336, 0.057829, 843.606577, 258.951477, 0, 1591, 35, 2550001, 436360944, 48256849, 487167794
30000, 30000, 0, 0, fixed_reps_39, 38209, 1081, 131964.086032, inf, 173.41040462427745, 2007.4412693937468, 72603.991613, 56406.36716, 0.807396, 2736.089926, 216.829937, 0, 6747, 60, 10350001, 351165625, 225961961, 587477587, 37222, 675, 93033.01222099998, inf, 348.83720930232556, 3087.8861056402593, 63722.389737, 27550.504279, 0.226325, 1503.434809, 256.457071, 0, 3354, 39, 5130001, 415224304, 104445596, 524799901, 36723, 431, 85000.88770799998, inf, 697.6744186046511, 4450.820816490862, 69066.253504, 14815.834943, 0.043221, 843.606577, 275.149463, 0, 1677, 35, 2550001, 436360944, 50865325, 489776270
30000, 30000, 0, 0, fixed_reps_41, 38209, 1081, 134416.585789, inf, 173.41040462427745, 2007.4412693937468, 72603.991613, 58849.126936, 0.819318, 2736.089926, 226.557996, 0, 7093, 59, 10350001, 351165625, 237549745, 599065371, 37222, 675, 94424.50660899999, inf, 348.83720930232556, 3087.8861056402593, 63722.389737, 28930.365248, 0.185007, 1503.434809, 268.131808, 0, 3526, 38, 5130001, 415224304, 109801776, 530156081, 36722, 430, 85709.25795199999, inf, 697.6744186046511, 4450.820816490862, 69066.253504, 15511.775776, 0.057498, 843.606577, 287.564597, 0, 1763, 32, 2550001, 436360944, 53473801, 492384746
30000, 30000, 0, 0, fixed_reps_5, 38266, 1138, 82863.709925, inf, 173.41040462427745, 2007.4412693937468, 72603.991613, 7494.096656, 0.824185, 2736.089926, 28.707545, 0, 865, 565, 10350001, 351165625, 28969633, 390485259, 37246, 699, 68935.53959, inf, 348.83720930232556, 3087.8861056402593, 63722.389737, 3676.035078, 0.179927, 1503.434809, 33.500039, 0, 430, 407, 5130001, 415224304, 13390536, 433744841, 36729, 437, 71920.53539499998, inf, 697.6744186046511, 4450.820816490862, 69066.253504, 1976.588097, 0.043782, 843.606577, 34.043435, 0, 215, 218, 2550001, 436360944, 6521233, 445432178
30000, 30000, 0, 0, fixed_reps_7, 38248, 1120, 85844.102719, inf, 173.41040462427745, 2007.4412693937468, 72603.991613, 10461.948186, 0.825066, 2736.089926, 41.247928, 0, 1211, 449, 10350001, 351165625, 40557417, 402073043, 37238, 691, 70401.334547, inf, 348.83720930232556, 3087.8861056402593, 63722.389737, 5129.042231, 0.178325, 1503.434809, 46.289445, 0, 602, 333, 5130001, 415224304, 18746716, 439101021, 36727, 435, 72699.14823299999, inf, 697.6744186046511, 4450.820816490862, 69066.253504, 2740.793135, 0.042299, 843.606577, 48.452718, 0, 301, 175, 2550001, 436360944, 9129709, 448040654
30000, 30000, 0, 0, fixed_reps_9, 38238, 1110, 88753.551049, inf, 173.41040462427745, 2007.4412693937468, 72603.991613, 13360.214367, 0.775023, 2736.089926, 52.48012, 0, 1557, 361, 10350001, 351165625, 52145201, 413660827, 37238, 691, 71866.943424, inf, 348.83720930232556, 3087.8861056402593, 63722.389737, 6581.081018, 0.180178, 1503.434809, 59.857682, 0, 774, 253, 5130001, 415224304, 24102896, 444457201, 36727, 435, 73495.080371, inf, 697.6744186046511, 4450.820816490862, 69066.253504, 3520.805808, 0.056897, 843.606577, 64.357585, 0, 387, 160, 2550001, 436360944, 11738185, 450649130
30000, 30000, 0, 0, greedy_1.000000, 38416, 1288, 76810.849104, inf, 173.41040462427745, 2007.4412693937468, 72603.991613, 1466.108161, 0.656041, 2736.089926, 3.996029, 0.007334, 173, 1522, 10350001, 351165625, 5794065, 367309691, 37317, 770, 65949.247966, inf, 348.83720930232556, 3087.8861056402593, 63722.389737, 719.472401, 0.163626, 1503.434809, 3.783786, 0.003607, 86, 824, 5130001, 415224304, 2678176, 423032481, 36764, 472, 70296.58242899999, inf, 697.6744186046511, 4450.820816490862, 69066.253504, 382.970924, 0.039804, 843.606577, 3.708945, 0.002675, 43, 422, 2550001, 436360944, 1304281, 440215226
30000, 30000, 0, 0, greedy_11.000000, 38245, 1117, 87208.130122, inf, 173.41040462427745, 2007.4412693937468, 72603.991613, 4312.680011, 1.179591, 2736.089926, 7553.799831, 0.38915, 1903, 706, 10350001, 351165625, 70009617, 431525243, 37245, 698, 71455.660519, inf, 348.83720930232556, 3087.8861056402593, 63722.389737, 1816.707897, 0.183294, 1503.434809, 4412.830939, 0.113843, 946, 460, 5130001, 415224304, 32522960, 452877265, 36732, 440, 73403.16787300001, inf, 697.6744186046511, 4450.820816490862, 69066.253504, 902.560513, 0.046767, 843.606577, 2590.670746, 0.029766, 473, 254, 2550001, 436360944, 15955033, 454865978
30000, 30000, 0, 0, greedy_13.000000, 38242, 1114, 88788.41111200002, inf, 173.41040462427745, 2007.4412693937468, 72603.991613, 4552.122344, 1.114369, 2736.089926, 8894.456627, 0.636233, 2249, 705, 10350001, 351165625, 81604769, 443120395, 37241, 694, 72284.561115, inf, 348.83720930232556, 3087.8861056402593, 63722.389737, 1873.522794, 0.222518, 1503.434809, 5184.855021, 0.136236, 1118, 459, 5130001, 415224304, 37886780, 458241085, 36730, 438, 73869.570149, inf, 697.6744186046511, 4450.820816490862, 69066.253504, 920.844652, 0.042209, 843.606577, 3038.791217, 0.03199, 559, 253, 2550001, 436360944, 18574421, 457485366
30000, 30000, 0, 0, greedy_15.000000, 38242, 1114, 90287.90795700002, inf, 173.41040462427745, 2007.4412693937468, 72603.991613, 4724.861258, 0.694952, 2736.089926, 10221.54037, 0.729838, 2595, 705, 10350001, 351165625, 93199921, 454715547, 37240, 693, 73143.285711, inf, 348.83720930232556, 3087.8861056402593, 63722.389737, 1932.757318, 0.17071, 1503.434809, 5984.373939, 0.159198, 1290, 459, 5130001, 415224304, 43250600, 463604905, 36728, 436, 74358.395305, inf, 697.6744186046511, 4450.820816490862, 69066.253504, 939.011, 0.044112, 843.606577, 3509.443092, 0.03702, 645, 253, 2550001, 436360944, 21193809, 460104754
30000, 30000, 0, 0, greedy_17.000000, 38242, 1114, 91876.081, inf, 173.41040462427745, 2007.4412693937468, 72603.991613, 4944.055362, 0.690955, 2736.089926, 11590.423609, 0.829535, 2941, 705, 10350001, 351165625, 104795073, 466310699, 37236, 689, 73939.849159, inf, 348.83720930232556, 3087.8861056402593, 63722.389737, 1995.124609, 0.181811, 1503.434809, 6718.535971, 0.182222, 1462, 459, 5130001, 415224304, 48614420, 468968725, 36728, 436, 74790.319423, inf, 697.6744186046511, 4450.820816490862, 69066.253504, 955.461991, 0.041137, 843.606577, 3924.913644, 0.04257, 731, 252, 2550001, 436360944, 23813197, 462724142
30000, 30000, 0, 0, greedy_19.000000, 38241, 1113, 93484.880931, inf, 173.41040462427745, 2007.4412693937468, 72603.991613, 5170.605692, 0.684833, 2736.089926, 12972.684612, 0.824255, 3287, 705, 10350001, 351165625, 116390225, 477905851, 37235, 688, 74681.530512, inf, 348.83720930232556, 3087.8861056402593, 63722.389737, 2040.300135, 0.179547, 1503.434809, 7415.020077, 0.206207, 1634, 458, 5130001, 415224304, 53978240, 474332545, 36728, 436, 75224.57917, inf, 697.6744186046511, 4450.820816490862, 69066.253504, 968.185512, 0.045455, 843.606577, 4346.440543, 0.047579, 817, 252, 2550001, 436360944, 26432585, 465343530
30000, 30000, 0, 0, greedy_21.000000, 38239, 1111, 94952.06806800001, inf, 173.41040462427745, 2007.4412693937468, 72603.991613, 5400.953693, 0.680837, 2736.089926, 14209.326135, 1.025864, 3633, 704, 10350001, 351165625, 127985377, 489501003, 37232, 685, 75461.32519499998, inf, 348.83720930232556, 3087.8861056402593, 63722.389737, 2093.564461, 0.16522, 1503.434809, 8141.54278, 0.228188, 1806, 458, 5130001, 415224304, 59342060, 479696365, 36727, 435, 75681.39802399998, inf, 697.6744186046511, 4450.820816490862, 69066.253504, 987.624896, 0.045536, 843.606577, 4783.815473, 0.052038, 903, 252, 2550001, 436360944, 29051973, 467962918
30000, 30000, 0, 0, greedy_23.000000, 38236, 1108, 96338.647644, inf, 173.41040462427745, 2007.4412693937468, 72603.991613, 5563.014808, 0.694672, 2736.089926, 15433.283325, 1.5733, 3979, 704, 10350001, 351165625, 139580529, 501096155, 37232, 685, 76248.992237, inf, 348.83720930232556, 3087.8861056402593, 63722.389737, 2145.981835, 0.167755, 1503.434809, 8876.768292, 0.249809, 1978, 458, 5130001, 415224304, 64705880, 485060185, 36727, 435, 76139.50779799999, inf, 697.6744186046511, 4450.820816490862, 69066.253504, 1005.701595, 0.038172, 843.606577, 5223.851564, 0.056386, 989, 252, 2550001, 436360944, 31671361, 470582306
30000, 30000, 0, 0, greedy_25.000000, 38234, 1106, 97842.963942, inf, 173.41040462427745, 2007.4412693937468, 72603.991613, 5791.245415, 0.695215, 2736.089926, 16709.688241, 1.253532, 4325, 704, 10350001, 351165625, 151175681, 512691307, 37230, 683, 77037.74856, inf, 348.83720930232556, 3087.8861056402593, 63722.389737, 2195.095893, 0.164579, 1503.434809, 9616.401981, 0.261561, 2150, 458, 5130001, 415224304, 70069700, 490424005, 36727, 435, 76559.295826, inf, 697.6744186046511, 4450.820816490862, 69066.253504, 1023.260395, 0.041778, 843.606577, 5626.076465, 0.057107, 1075, 252, 2550001, 436360944, 34290749, 473201694
30000, 30000, 0, 0, greedy_27.000000, 38233, 1105, 99250.603645, inf, 173.41040462427745, 2007.4412693937468, 72603.991613, 5952.427323, 0.701256, 2736.089926, 17956.121911, 1.271616, 4671, 704, 10350001, 351165625, 162770833, 524286459, 37230, 683, 77830.999673, inf, 348.83720930232556, 3087.8861056402593, 63722.389737, 2255.550329, 0.182673, 1503.434809, 10349.145549, 0.296576, 2322, 458, 5130001, 415224304, 75433520, 495787825, 36727, 435, 76948.20026799999, inf, 697.6744186046511, 4450.820816490862, 69066.253504, 1032.85661, 0.040927, 843.606577, 6005.37898, 0.06367, 1161, 251, 2550001, 436360944, 36910137, 475821082
30000, 30000, 0, 0, greedy_29.000000, 38232, 1104, 100670.299966, inf, 173.41040462427745, 2007.4412693937468, 72603.991613, 6123.112647, 0.706686, 2736.089926, 19205.057217, 1.341877, 5017, 704, 10350001, 351165625, 174365985, 535881611, 37230, 683, 78512.78411299999, inf, 348.83720930232556, 3087.8861056402593, 63722.389737, 2307.388868, 0.167885, 1503.434809, 10979.08637, 0.316444, 2494, 457, 5130001, 415224304, 80797340, 501151645, 36727, 435, 77351.842408, inf, 697.6744186046511, 4450.820816490862, 69066.253504, 1047.703383, 0.041759, 843.606577, 6394.167885, 0.0693, 1247, 251, 2550001, 436360944, 39529525, 478440470
30000, 30000, 0, 0, greedy_3.000000, 38294, 1166, 80316.57773500001, inf, 173.41040462427745, 2007.4412693937468, 72603.991613, 3272.027542, 0.680255, 2736.089926, 1703.695946, 0.092453, 519, 709, 10350001, 351165625, 23629009, 385144635, 37268, 721, 67785.96571199999, inf, 348.83720930232556, 3087.8861056402593, 63722.389737, 1533.877809, 0.168766, 1503.434809, 1026.067871, 0.02672, 258, 464, 5130001, 415224304, 11067680, 431421985, 36734, 442, 71324.333156, inf, 697.6744186046511, 4450.820816490862, 69066.253504, 825.540736, 0.040666, 843.606577, 588.882987, 0.008686, 129, 258, 2550001, 436360944, 5477481, 444388426
30000, 30000, 0, 0, greedy_31.000000, 38230, 1102, 102132.44010300002, inf, 173.41040462427745, 2007.4412693937468, 72603.991613, 6306.287802, 0.699054, 2736.089926, 20483.854667, 1.517041, 5363, 704, 10350001, 351165625, 185961137, 547476763, 37229, 682, 79256.175027, inf, 348.83720930232556, 3087.8861056402593, 63722.389737, 2357.677629, 0.23466, 1503.434809, 11672.104717, 0.333475, 2666, 457, 5130001, 415224304, 86161160, 506515465, 36727, 435, 77766.19262999999, inf, 697.6744186046511, 4450.820816490862, 69066.253504, 1066.26883, 0.045105, 843.606577, 6789.951598, 0.067016, 1333, 251, 2550001, 436360944, 42148913, 481059858
30000, 30000, 0, 0, greedy_33.000000, 38228, 1100, 103633.44453800001, inf, 173.41040462427745, 2007.4412693937468, 72603.991613, 6509.205027, 0.693251, 2736.089926, 21781.747187, 1.717534, 5709, 704, 10350001, 351165625, 197556289, 559071915, 37229, 682, 80024.12244199999, inf, 348.83720930232556, 3087.8861056402593, 63722.389737, 2411.793762, 0.167955, 1503.434809, 12385.96331, 0.372869, 2838, 457, 5130001, 415224304, 91524980, 511879285, 36727, 435, 78179.64526599999, inf, 697.6744186046511, 4450.820816490862, 69066.253504, 1079.467487, 0.044504, 843.606577, 7190.197191, 0.076003, 1419, 251, 2550001, 436360944, 44768301, 483679246
30000, 30000, 0, 0, greedy_35.000000, 38228, 1100, 105143.733574, inf, 173.41040462427745, 2007.4412693937468, 72603.991613, 6726.773953, 0.694703, 2736.089926, 23074.226497, 1.956882, 6055, 704, 10350001, 351165625, 209151441, 570667067, 37229, 682, 80704.582134, inf, 348.83720930232556, 3087.8861056402593, 63722.389737, 2451.271567, 0.177743, 1503.434809, 13026.938344, 0.369934, 3010, 457, 5130001, 415224304, 96888800, 517243105, 36725, 433, 78600.50495599999, inf, 697.6744186046511, 4450.820816490862, 69066.253504, 1095.544597, 0.044824, 843.606577, 7594.970294, 0.08516, 1505, 251, 2550001, 436360944, 47387689, 486298634
30000, 30000, 0, 0, greedy_37.000000, 38227, 1099, 107015.739231, inf, 173.41040462427745, 2007.4412693937468, 72603.991613, 6972.95246, 0.679255, 2736.089926, 24700.131201, 1.894776, 6401, 703, 10350001, 351165625, 220746593, 582262219, 37229, 682, 81501.23707999999, inf, 348.83720930232556, 3087.8861056402593, 63722.389737, 2497.874155, 0.178525, 1503.434809, 13776.935207, 0.424647, 3182, 457, 5130001, 415224304, 102252620, 522606925, 36725, 433, 78996.04775900001, inf, 697.6744186046511, 4450.820816490862, 69066.253504, 1112.893974, 0.043892, 843.606577, 7973.170584, 0.079228, 1591, 251, 2550001, 436360944, 50007077, 488918022
30000, 30000, 0, 0, greedy_39.000000, 38227, 1099, 108353.12814300001, inf, 173.41040462427745, 2007.4412693937468, 72603.991613, 7169.005424, 0.686509, 2736.089926, 25841.167277, 2.187394, 6747, 703, 10350001, 351165625, 232341745, 593857371, 37228, 681, 82219.729079, inf, 348.83720930232556, 3087.8861056402593, 63722.389737, 2531.047337, 0.172764, 1503.434809, 14462.051014, 0.633418, 3354, 457, 5130001, 415224304, 107616440, 527970745, 36725, 433, 79326.15157399999, inf, 697.6744186046511, 4450.820816490862, 69066.253504, 1120.798087, 0.044083, 843.606577, 8295.35697, 0.092353, 1677, 250, 2550001, 436360944, 52626465, 491537410
30000, 30000, 0, 0, greedy_5.000000, 38271, 1143, 82153.82398300001, inf, 173.41040462427745, 2007.4412693937468, 72603.991613, 3576.838906, 0.684884, 2736.089926, 3236.052262, 0.166392, 865, 707, 10350001, 351165625, 35224161, 396739787, 37261, 714, 68769.490685, inf, 348.83720930232556, 3087.8861056402593, 63722.389737, 1610.972781, 0.176211, 1503.434809, 1932.467464, 0.049683, 430, 462, 5130001, 415224304, 16431500, 436785805, 36734, 442, 71879.97986199998, inf, 697.6744186046511, 4450.820816490862, 69066.253504, 847.52835, 0.038632, 843.606577, 1122.540115, 0.012684, 215, 256, 2550001, 436360944, 8096869, 447007814
30000, 30000, 0, 0, greedy_7.000000, 38262, 1134, 83901.858663, inf, 173.41040462427745, 2007.4412693937468, 72603.991613, 3856.72662, 0.680926, 2736.089926, 4704.089293, 0.280285, 1211, 707, 10350001, 351165625, 46819313, 408334939, 37256, 709, 69703.790075, inf, 348.83720930232556, 3087.8861056402593, 63722.389737, 1684.691821, 0.209473, 1503.434809, 2792.991118, 0.073117, 602, 461, 5130001, 415224304, 21795320, 442149625, 36734, 442, 72400.92992299999, inf, 697.6744186046511, 4450.820816490862, 69066.253504, 866.035327, 0.061114, 843.606577, 1624.954946, 0.018455, 301, 255, 2550001, 436360944, 10716257, 449627202
30000, 30000, 0, 0, greedy_9.000000, 38254, 1126, 85531.693121, inf, 173.41040462427745, 2007.4412693937468, 72603.991613, 4059.745421, 0.825337, 2736.089926, 6130.72368, 0.317144, 1557, 706, 10350001, 351165625, 58414465, 419930091, 37248, 701, 70612.70834299999, inf, 348.83720930232556, 3087.8861056402593, 63722.389737, 1754.388888, 0.178876, 1503.434809, 3632.223329, 0.092704, 774, 460, 5130001, 415224304, 27159140, 447513445, 36734, 442, 72905.809195, inf, 697.6744186046511, 4450.820816490862, 69066.253504, 884.223496, 0.043541, 843.606577, 2111.658273, 0.023804, 387, 254, 2550001, 436360944, 13335645, 452246590
30000, 30000, 0, 0, opt, 38207, 1079, 92218.018544, inf, 173.41040462427745, 2007.4412693937468, 72603.991613, 16877.105817, 0.831188, 2736.089926, 0, 0, 0, 0, 10350001, 351165625, 105356488, 466872114, 37222, 675, 72136.714315, inf, 348.83720930232556, 3087.8861056402593, 63722.389737, 6910.721714, 0.168055, 1503.434809, 0, 0, 0, 0, 5130001, 415224304, 35513265, 455867570, 36721, 429, 73160.84256299998, inf, 697.6744186046511, 4450.820816490862, 69066.253504, 3250.941906, 0.040576, 843.606577, 0, 0, 0, 0, 2550001, 436360944, 13685498, 452596443
30000, 30000, 0, 0, plus_edge, 38338, 1210, 76820.91581, inf, 173.41040462427745, 2007.4412693937468, 72603.991613, 1480.066472, 0.767799, 2736.089926, 0, 0, 0, 0, 10350001, 351165625, 5793476, 367309102, 37288, 741, 65948.83115299999, inf, 348.83720930232556, 3087.8861056402593, 63722.389737, 722.845305, 0.161302, 1503.434809, 0, 0, 0, 0, 5130001, 415224304, 2655315, 423009620, 36755, 463, 70293.27237199999, inf, 697.6744186046511, 4450.820816490862, 69066.253504, 383.36391, 0.048381, 843.606577, 0, 0, 0, 0, 2550001, 436360944, 1276002, 440186947
30000, 30000, 0, 0, simple, 38416, 1288, 76816.21447800001, inf, 173.41040462427745, 2007.4412693937468, 72603.991613, 1475.359669, 0.77327, 2736.089926, 0, 0, 0, 0, 10350001, 351165625, 5763892, 367279518, 37317, 770, 65943.477553, inf, 348.83720930232556, 3087.8861056402593, 63722.389737, 717.477017, 0.17599, 1503.434809, 0, 0, 0, 0, 5130001, 415224304, 2648090, 423002395, 36764, 472, 70291.94563399999, inf, 697.6744186046511, 4450.820816490862, 69066.253504, 382.042181, 0.043372, 843.606577, 0, 0, 0, 0, 2550001, 436360944, 1274238, 440185183
30000, 30000, 0, 0, dp_1.000000, 38344, 1341, 90050.291855, inf, 173.41040462427745, 2155.808907450031, 86068.629153, 1372.416812, 0.671871, 2605.119927, 3.444544, 0.009548, 173, 0, 10350001, 404595948, 5457289, 420403238, 37870, 756, 83029.64291099999, inf, 348.83720930232556, 3103.277925110146, 80868.162619, 699.634651, 0.154721, 1458.520284, 3.165236, 0.0054, 86, 0, 5130001, 419321915, 2665681, 427117597, 37182, 430, 84570.209896, inf, 697.6744186046511, 4438.762564420299, 83429.426112, 363.469573, 0.027381, 774.272579, 3.011686, 0.002565, 43, 0, 2550001, 434056298, 1311883, 437918182
30000, 30000, 0, 0, dp_11.000000, 38099, 1096, 107094.82512300002, inf, 173.41040462427745, 2155.808907450031, 86068.629153, 10426.504222, 0.659336, 2605.119927, 7829.516673, 164.395812, 1903, 6, 10350001, 404595948, 97976134, 512922083, 37729, 615, 93472.63851099998, inf, 348.83720930232556, 3103.277925110146, 80868.162619, 6745.83506, 0.167324, 1458.520284, 4380.884941, 19.068283, 946, 14, 5130001, 419321915, 55036375, 479488291, 37091, 339, 90323.394678, inf, 697.6744186046511, 4438.762564420299, 83429.426112, 3549.431297, 0.041278, 774.272579, 2567.822571, 2.400841, 473, 30, 2550001, 434056298, 27326907, 463933206
30000, 30000, 0, 0, dp_13.000000, 38099, 1096, 111216.51331500002, inf, 173.41040462427745, 2155.808907450031, 86068.629153, 13169.688646, 0.689893, 2605.119927, 9141.597464, 230.788232, 2249, 6, 10350001, 404595948, 118735788, 533681737, 37729, 615, 94650.67054699999, inf, 348.83720930232556, 3103.277925110146, 80868.162619, 7106.16677, 0.168506, 1458.520284, 5190.650696, 27.001672, 1118, 9, 5130001, 419321915, 61763827, 486215743, 37091, 339, 91270.74968699999, inf, 697.6744186046511, 4438.762564420299, 83429.426112, 4031.327028, 0.042489, 774.272579, 3032.298908, 3.382571, 559, 13, 2550001, 434056298, 32043307, 468649606
30000, 30000, 0, 0, dp_15.000000, 38099, 1096, 112048.56218, inf, 173.41040462427745, 2155.808907450031, 86068.629153, 12575.944234, 0.705513, 2605.119927, 10486.269006, 311.894347, 2595, 5, 10350001, 404595948, 126808972, 541754921, 37729, 615, 95842.63978999999, inf, 348.83720930232556, 3103.277925110146, 80868.162619, 7481.461639, 0.166432, 1458.520284, 5997.899964, 36.428852, 1290, 8, 5130001, 419321915, 68954079, 493405995, 37091, 339, 91966.63508699999, inf, 697.6744186046511, 4438.762564420299, 83429.426112, 4249.839505, 0.046938, 774.272579, 3508.515353, 4.5346, 645, 11, 2550001, 434056298, 35611739, 472218038
30000, 30000, 0, 0, dp_17.000000, 38099, 1096, 116286.00730200001, inf, 173.41040462427745, 2155.808907450031, 86068.629153, 15332.671692, 0.82681, 2605.119927, 11877.0148, 401.74492, 2941, 5, 10350001, 404595948, 147568626, 562514575, 37729, 615, 96571.20679099999, inf, 348.83720930232556, 3103.277925110146, 80868.162619, 7495.312976, 0.167474, 1458.520284, 6701.869433, 47.174005, 1462, 7, 5130001, 419321915, 74003881, 498455797, 37091, 339, 92535.044886, inf, 697.6744186046511, 4438.762564420299, 83429.426112, 4404.609187, 0.041177, 774.272579, 3920.862335, 5.833496, 731, 10, 2550001, 434056298, 38856243, 475462542
30000, 30000, 0, 0, dp_19.000000, 38099, 1096, 114051.467579, inf, 173.41040462427745, 2155.808907450031, 86068.629153, 11598.311834, 0.692929, 2605.119927, 13275.437847, 503.275889, 3287, 4, 10350001, 404595948, 144007805, 558953754, 37729, 615, 96868.18422299999, inf, 348.83720930232556, 3103.277925110146, 80868.162619, 7058.857003, 0.208481, 1458.520284, 7423.024029, 59.411807, 1634, 6, 5130001, 419321915, 76363658, 500815574, 37091, 339, 92856.52862799999, inf, 697.6744186046511, 4438.762564420299, 83429.426112, 4284.350543, 0.044363, 774.272579, 4361.072339, 7.362692, 817, 9, 2550001, 434056298, 40805035, 477411334
30000, 30000, 0, 0, dp_21.000000, 38099, 1096, 118360.695171, inf, 173.41040462427745, 2155.808907450031, 86068.629153, 14371.780751, 0.702507, 2605.119927, 14694.512853, 619.94998, 3633, 4, 10350001, 404595948, 164767459, 579713408, 37729, 615, 98523.064162, inf, 348.83720930232556, 3103.277925110146, 80868.162619, 7958.20447, 0.176991, 1458.520284, 8164.739778, 73.26002, 1806, 6, 5130001, 419321915, 86677810, 511129726, 37091, 339, 93856.61725000001, inf, 697.6744186046511, 4438.762564420299, 83429.426112, 4838.125632, 0.045425, 774.272579, 4805.784945, 8.962557, 903, 9, 2550001, 434056298, 45963659, 482569958
30000, 30000, 0, 0, dp_23.000000, 38099, 1096, 122458.422139, inf, 173.41040462427745, 2155.808907450031, 86068.629153, 17136.89584, 0.854131, 2605.119927, 15904.340226, 742.582862, 3979, 4, 10350001, 404595948, 185527113, 600473062, 37729, 615, 100201.510038, inf, 348.83720930232556, 3103.277925110146, 80868.162619, 8868.284997, 0.169618, 1458.520284, 8917.792719, 88.579801, 1978, 6, 5130001, 419321915, 96991962, 521443878, 37091, 339, 93976.265127, inf, 697.6744186046511, 4438.762564420299, 83429.426112, 4514.429797, 0.049593, 774.272579, 5247.322619, 10.764427, 989, 8, 2550001, 434056298, 46940667, 483546966
30000, 30000, 0, 0, dp_25.000000, 38099, 1096, 126539.09160400002, inf, 173.41040462427745, 2155.808907450031, 86068.629153, 19837.278875, 0.683641, 2605.119927, 17138.199598, 889.18041, 4325, 4, 10350001, 404595948, 206286767, 621232716, 37729, 615, 101875.70459299999, inf, 348.83720930232556, 3103.277925110146, 80868.162619, 9772.879626, 0.22902, 1458.520284, 9670.664802, 105.248242, 2150, 6, 5130001, 419321915, 107306114, 531758030, 37091, 339, 94935.959095, inf, 697.6744186046511, 4438.762564420299, 83429.426112, 5073.818012, 0.044273, 774.272579, 5645.600509, 12.79761, 1075, 8, 2550001, 434056298, 52099291, 488705590
30000, 30000, 0, 0, dp_27.000000, 38099, 1096, 130755.84834600001, inf, 173.41040462427745, 2155.808907450031, 86068.629153, 22638.051866, 0.674596, 2605.119927, 18414.180819, 1029.191985, 4671, 4, 10350001, 404595948, 227046421, 641992370, 37729, 615, 100899.834508, inf, 348.83720930232556, 3103.277925110146, 80868.162619, 8089.738582, 0.169048, 1458.520284, 10360.19177, 123.052205, 2322, 5, 5130001, 419321915, 102405716, 526857632, 37091, 339, 94379.488613, inf, 697.6744186046511, 4438.762564420299, 83429.426112, 4136.559589, 0.046117, 774.272579, 6024.22364, 14.960576, 1161, 7, 2550001, 434056298, 50160947, 486767246
30000, 30000, 0, 0, dp_29.000000, 38099, 1096, 121925.96499400001, inf, 173.41040462427745, 2155.808907450031, 86068.629153, 12387.701755, 0.832722, 2605.119927, 19680.672549, 1183.008888, 5017, 3, 10350001, 404595948, 199222015, 614167964, 37729, 615, 102454.263192, inf, 348.83720930232556, 3103.277925110146, 80868.162619, 8977.278499, 0.172714, 1458.520284, 11007.554151, 142.574925, 2494, 5, 5130001, 419321915, 112719868, 537171784, 37091, 339, 95322.713774, inf, 697.6744186046511, 4438.762564420299, 83429.426112, 4681.739988, 0.050545, 774.272579, 6419.8833, 17.34125, 1247, 7, 2550001, 434056298, 55319571, 491925870
30000, 30000, 0, 0, dp_3.000000, 38168, 1165, 94281.889312, inf, 173.41040462427745, 2155.808907450031, 86068.629153, 3852.130722, 0.761909, 2605.119927, 1746.740486, 8.507115, 519, 526, 10350001, 404595948, 26754627, 441700576, 37791, 677, 85331.79689499998, inf, 348.83720930232556, 3103.277925110146, 80868.162619, 2009.187608, 0.167324, 1458.520284, 994.663034, 1.096026, 258, 386, 5130001, 419321915, 13158885, 437610801, 37125, 373, 85816.12602699999, inf, 697.6744186046511, 4438.762564420299, 83429.426112, 1032.977765, 0.040826, 774.272579, 579.233236, 0.175509, 129, 260, 2550001, 434056298, 6515531, 443121830
30000, 30000, 0, 0, dp_31.000000, 38099, 1096, 126149.48611099999, inf, 173.41040462427745, 2155.808907450031, 86068.629153, 15127.238868, 0.849844, 2605.119927, 20994.669982, 1352.978337, 5363, 3, 10350001, 404595948, 219981669, 634927618, 37729, 615, 104057.97156499999, inf, 348.83720930232556, 3103.277925110146, 80868.162619, 9892.477233, 0.168326, 1458.520284, 11675.446323, 163.19678, 2666, 5, 5130001, 419321915, 123034020, 547485936, 37091, 339, 96294.89857499998, inf, 697.6744186046511, 4438.762564420299, 83429.426112, 5236.849418, 0.044173, 774.272579, 6834.522592, 19.783701, 1333, 7, 2550001, 434056298, 60478195, 497084494
30000, 30000, 0, 0, dp_33.000000, 38099, 1096, 130472.21465000004, inf, 173.41040462427745, 2155.808907450031, 86068.629153, 17969.910144, 0.849056, 2605.119927, 22294.163475, 1533.542895, 5709, 3, 10350001, 404595948, 240741323, 655687272, 37729, 615, 105701.63246499999, inf, 348.83720930232556, 3103.277925110146, 80868.162619, 10831.313276, 0.170139, 1458.520284, 12357.755566, 185.710581, 2838, 5, 5130001, 419321915, 133348172, 557800088, 37091, 339, 97250.992791, inf, 697.6744186046511, 4438.762564420299, 83429.426112, 5785.505816, 0.044083, 774.272579, 7239.299841, 22.44436, 1419, 7, 2550001, 434056298, 65636819, 502243118
30000, 30000, 0, 0, dp_35.000000, 38099, 1096, 134656.222018, inf, 173.41040462427745, 2155.808907450031, 86068.629153, 20645.475827, 0.844816, 2605.119927, 23606.86562, 1729.286675, 6055, 3, 10350001, 404595948, 261500977, 676446926, 37729, 615, 107325.575069, inf, 348.83720930232556, 3103.277925110146, 80868.162619, 11731.233838, 0.167925, 1458.520284, 13058.110432, 209.379971, 3010, 5, 5130001, 419321915, 143662324, 568114240, 37091, 339, 98211.58721900001, inf, 697.6744186046511, 4438.762564420299, 83429.426112, 6327.165064, 0.045696, 774.272579, 7655.159243, 25.518525, 1505, 7, 2550001, 434056298, 70795443, 507401742
30000, 30000, 0, 0, dp_37.000000, 38099, 1096, 138971.544762, inf, 173.41040462427745, 2155.808907450031, 86068.629153, 23442.404237, 0.664517, 2605.119927, 24918.932954, 1935.793974, 6401, 3, 10350001, 404595948, 282260631, 697206580, 37729, 615, 104479.57898600001, inf, 348.83720930232556, 3103.277925110146, 80868.162619, 8110.897207, 0.20781, 1458.520284, 13806.341043, 235.450023, 3182, 4, 5130001, 419321915, 127510101, 551962017, 37091, 339, 96926.363918, inf, 697.6744186046511, 4438.762564420299, 83429.426112, 4665.192376, 0.047259, 774.272579, 8029.107687, 28.317905, 1591, 6, 2550001, 434056298, 65382235, 501988534
30000, 30000, 0, 0, dp_39.000000, 38099, 1096, 143491.56106, inf, 173.41040462427745, 2155.808907450031, 86068.629153, 26425.97932, 0.673955, 2605.119927, 26210.196799, 2180.961906, 6747, 3, 10350001, 404595948, 303020285, 717966234, 37729, 615, 106197.80263100001, inf, 348.83720930232556, 3103.277925110146, 80868.162619, 9040.388107, 0.169187, 1458.520284, 14563.617803, 266.944631, 3354, 4, 5130001, 419321915, 137824253, 562276169, 37091, 339, 97809.445161, inf, 697.6744186046511, 4438.762564420299, 83429.426112, 5206.214398, 0.051066, 774.272579, 8367.861339, 31.619667, 1677, 6, 2550001, 434056298, 70540859, 507147158
30000, 30000, 0, 0, dp_5.000000, 38122, 1119, 98217.45333500001, inf, 173.41040462427745, 2155.808907450031, 86068.629153, 6210.690346, 0.760467, 2605.119927, 3302.526784, 29.726658, 865, 195, 10350001, 404595948, 48020412, 462966361, 37754, 640, 87485.223384, inf, 348.83720930232556, 3103.277925110146, 80868.162619, 3245.690928, 0.213901, 1458.520284, 1909.217732, 3.41792, 430, 213, 5130001, 419321915, 23652089, 448104005, 37113, 361, 86978.16205400001, inf, 697.6744186046511, 4438.762564420299, 83429.426112, 1666.106207, 0.048882, 774.272579, 1107.796354, 0.51192, 215, 166, 2550001, 434056298, 11713283, 448319582
30000, 30000, 0, 0, dp_7.000000, 38103, 1100, 102066.67372600001, inf, 173.41040462427745, 2155.808907450031, 86068.629153, 8511.887669, 0.700535, 2605.119927, 4819.236197, 61.100245, 1211, 44, 10350001, 404595948, 69259306, 484205255, 37738, 624, 89532.509989, inf, 348.83720930232556, 3103.277925110146, 80868.162619, 4430.292807, 0.168025, 1458.520284, 2768.003204, 7.36305, 602, 105, 5130001, 419321915, 34075992, 458527908, 37101, 349, 88119.323297, inf, 697.6744186046511, 4438.762564420299, 83429.426112, 2290.941292, 0.046087, 774.272579, 1623.665095, 0.972132, 301, 99, 2550001, 434056298, 16918003, 453524302
30000, 30000, 0, 0, dp_9.000000, 38099, 1096, 105222.353203, inf, 173.41040462427745, 2155.808907450031, 86068.629153, 10164.412077, 0.867916, 2605.119927, 6277.955611, 105.368519, 1557, 8, 10350001, 404595948, 86973115, 501919064, 37733, 619, 91597.915794, inf, 348.83720930232556, 3103.277925110146, 80868.162619, 5624.764807, 0.16524, 1458.520284, 3633.81879, 12.484054, 774, 40, 5130001, 419321915, 44540048, 468991964, 37094, 342, 89221.073405, inf, 697.6744186046511, 4438.762564420299, 83429.426112, 2898.933973, 0.044623, 774.272579, 2116.798743, 1.597375, 387, 60, 2550001, 434056298, 22001179, 458607478
30000, 30000, 0, 0, fixed_reps_1, 38344, 1341, 90081.047267, inf, 173.41040462427745, 2155.808907450031, 86068.629153, 1402.853016, 0.810318, 2605.119927, 3.634853, 0, 173, 1605, 10350001, 404595948, 5457289, 420403238, 37870, 756, 83031.953172, inf, 348.83720930232556, 3103.277925110146, 80868.162619, 701.886883, 0.163978, 1458.520284, 3.219408, 0, 86, 912, 5130001, 419321915, 2665681, 427117597, 37182, 430, 84570.024018, inf, 697.6744186046511, 4438.762564420299, 83429.426112, 362.970676, 0.041528, 774.272579, 3.313123, 0, 43, 512, 2550001, 434056298, 1311883, 437918182
30000, 30000, 0, 0, fixed_reps_11, 38120, 1117, 103752.96749500002, inf, 173.41040462427745, 2155.808907450031, 86068.629153, 15014.282569, 0.659356, 2605.119927, 64.27649, 0, 1903, 292, 10350001, 404595948, 60028449, 474974398, 37745, 631, 90171.47944099999, inf, 348.83720930232556, 3103.277925110146, 80868.162619, 7773.195832, 0.169458, 1458.520284, 71.431248, 0, 946, 239, 5130001, 419321915, 29321631, 453773547, 37100, 348, 88320.830758, inf, 697.6744186046511, 4438.762564420299, 83429.426112, 4039.432461, 0.057047, 774.272579, 77.642559, 0, 473, 195, 2550001, 434056298, 14430283, 451036582
30000, 30000, 0, 0, fixed_reps_13, 38116, 1113, 106493.01585900002, inf, 173.41040462427745, 2155.808907450031, 86068.629153, 17743.409163, 0.791664, 2605.119927, 75.065952, 0, 2249, 221, 10350001, 404595948, 70942681, 485888630, 37740, 626, 91530.701101, inf, 348.83720930232556, 3103.277925110146, 80868.162619, 9119.991897, 0.168837, 1458.520284, 83.857464, 0, 1118, 224, 5130001, 419321915, 34652821, 459104737, 37098, 346, 89077.006188, inf, 697.6744186046511, 4438.762564420299, 83429.426112, 4777.087969, 0.061375, 774.272579, 96.158153, 0, 559, 167, 2550001, 434056298, 17053963, 453660262
30000, 30000, 0, 0, fixed_reps_15, 38115, 1112, 109163.180573, inf, 173.41040462427745, 2155.808907450031, 86068.629153, 20402.783484, 0.664355, 2605.119927, 85.983654, 0, 2595, 182, 10350001, 404595948, 81856913, 496802862, 37740, 626, 92969.43742899998, inf, 348.83720930232556, 3103.277925110146, 80868.162619, 10546.291711, 0.208611, 1458.520284, 96.254204, 0, 1290, 189, 5130001, 419321915, 39984011, 464435927, 37096, 344, 89798.488688, inf, 697.6744186046511, 4438.762564420299, 83429.426112, 5489.717757, 0.060724, 774.272579, 105.011516, 0, 645, 135, 2550001, 434056298, 19677643, 456283942
30000, 30000, 0, 0, fixed_reps_17, 38115, 1112, 111861.99151100001, inf, 173.41040462427745, 2155.808907450031, 86068.629153, 23089.824552, 0.888245, 2605.119927, 97.529634, 0, 2941, 151, 10350001, 404595948, 92771145, 507717094, 37736, 622, 94299.105236, inf, 348.83720930232556, 3103.277925110146, 80868.162619, 11863.141197, 0.206948, 1458.520284, 109.074188, 0, 1462, 170, 5130001, 419321915, 45315201, 469767117, 37096, 344, 90536.707755, inf, 697.6744186046511, 4438.762564420299, 83429.426112, 6212.26398, 0.041958, 774.272579, 120.703126, 0, 731, 102, 2550001, 434056298, 22301323, 458907622
30000, 30000, 0, 0, fixed_reps_19, 38115, 1112, 114515.56210500002, inf, 173.41040462427745, 2155.808907450031, 86068.629153, 25732.039523, 0.814326, 2605.119927, 108.959176, 0, 3287, 128, 10350001, 404595948, 103685377, 518631326, 37736, 622, 95687.032426, inf, 348.83720930232556, 3103.277925110146, 80868.162619, 13238.815167, 0.209052, 1458.520284, 121.325304, 0, 1634, 133, 5130001, 419321915, 50646391, 475098307, 37096, 344, 91268.903042, inf, 697.6744186046511, 4438.762564420299, 83429.426112, 6931.757576, 0.043271, 774.272579, 133.403504, 0, 817, 89, 2550001, 434056298, 24925003, 461531302
30000, 30000, 0, 0, fixed_reps_21, 38112, 1109, 117223.12346, inf, 173.41040462427745, 2155.808907450031, 86068.629153, 28427.745568, 0.840174, 2605.119927, 120.788638, 0, 3633, 115, 10350001, 404595948, 114599609, 529545558, 37735, 621, 97053.05194500001, inf, 348.83720930232556, 3103.277925110146, 80868.162619, 14591.508062, 0.205335, 1458.520284, 134.655645, 0, 1806, 101, 5130001, 419321915, 55977581, 480429497, 37095, 343, 92025.676643, inf, 697.6744186046511, 4438.762564420299, 83429.426112, 7674.875958, 0.052318, 774.272579, 147.049676, 0, 903, 77, 2550001, 434056298, 27548683, 464154982
30000, 30000, 0, 0, fixed_reps_23, 38105, 1102, 119878.080252, inf, 173.41040462427745, 2155.808907450031, 86068.629153, 31072.189415, 0.868328, 2605.119927, 131.273429, 0, 3979, 100, 10350001, 404595948, 125513841, 540459790, 37734, 620, 98407.138834, inf, 348.83720930232556, 3103.277925110146, 80868.162619, 15934.667026, 0.1708, 1458.520284, 145.618105, 0, 1978, 87, 5130001, 419321915, 61308771, 485760687, 37095, 343, 92754.132718, inf, 697.6744186046511, 4438.762564420299, 83429.426112, 8386.723094, 0.04255, 774.272579, 163.668383, 0, 989, 64, 2550001, 434056298, 30172363, 466778662
30000, 30000, 0, 0, fixed_reps_25, 38105, 1102, 122701.98649600001, inf, 173.41040462427745, 2155.808907450031, 86068.629153, 33886.482182, 0.879569, 2605.119927, 140.875665, 0, 4325, 89, 10350001, 404595948, 136428073, 551374022, 37732, 618, 99776.98749900001, inf, 348.83720930232556, 3103.277925110146, 80868.162619, 17291.82038, 0.204624, 1458.520284, 158.279592, 0, 2150, 76, 5130001, 419321915, 66639961, 491091877, 37095, 343, 93435.79003599999, inf, 697.6744186046511, 4438.762564420299, 83429.426112, 9058.097027, 0.046136, 774.272579, 173.948182, 0, 1075, 60, 2550001, 434056298, 32796043, 469402342
30000, 30000, 0, 0, fixed_reps_27, 38103, 1100, 125109.76272900002, inf, 173.41040462427745, 2155.808907450031, 86068.629153, 36283.58114, 0.861545, 2605.119927, 151.570964, 0, 4671, 74, 10350001, 404595948, 147342305, 562288254, 37732, 618, 101140.684841, inf, 348.83720930232556, 3103.277925110146, 80868.162619, 18643.491715, 0.16546, 1458.520284, 170.344763, 0, 2322, 69, 5130001, 419321915, 71971151, 496423067, 37094, 342, 94170.498957, inf, 697.6744186046511, 4438.762564420299, 83429.426112, 9779.755453, 0.055033, 774.272579, 186.98978, 0, 1161, 57, 2550001, 434056298, 35419723, 472026022
30000, 30000, 0, 0, fixed_reps_29, 38102, 1099, 127803.45796500001, inf, 173.41040462427745, 2155.808907450031, 86068.629153, 38966.487001, 0.835947, 2605.119927, 162.385937, 0, 5017, 67, 10350001, 404595948, 158256537, 573202486, 37732, 618, 102526.178835, inf, 348.83720930232556, 3103.277925110146, 80868.162619, 20017.129663, 0.204775, 1458.520284, 182.161494, 0, 2494, 63, 5130001, 419321915, 77302341, 501754257, 37094, 342, 95011.03211999999, inf, 697.6744186046511, 4438.762564420299, 83429.426112, 10607.000204, 0.044534, 774.272579, 200.288691, 0, 1247, 49, 2550001, 434056298, 38043403, 474649702
30000, 30000, 0, 0, fixed_reps_3, 38216, 1213, 92853.462683, inf, 173.41040462427745, 2155.808907450031, 86068.629153, 4162.623503, 0.846025, 2605.119927, 16.244075, 0, 519, 1006, 10350001, 404595948, 16371521, 431317470, 37804, 690, 84493.83906599999, inf, 348.83720930232556, 3103.277925110146, 80868.162619, 2149.091663, 0.168897, 1458.520284, 17.895603, 0, 258, 649, 5130001, 419321915, 7996871, 432448787, 37144, 392, 85321.600593, inf, 697.6744186046511, 4438.762564420299, 83429.426112, 1099.823949, 0.044964, 774.272579, 18.032989, 0, 129, 397, 2550001, 434056298, 3935563, 440541862
30000, 30000, 0, 0, fixed_reps_31, 38102, 1099, 130400.217603, inf, 173.41040462427745, 2155.808907450031, 86068.629153, 41552.161703, 0.830387, 2605.119927, 173.476433, 0, 5363, 58, 10350001, 404595948, 169170769, 584116718, 37731, 617, 103902.597201, inf, 348.83720930232556, 3103.277925110146, 80868.162619, 21381.763127, 0.205445, 1458.520284, 193.945726, 0, 2666, 57, 5130001, 419321915, 82633531, 507085447, 37092, 340, 95633.680849, inf, 697.6744186046511, 4438.762564420299, 83429.426112, 11215.373982, 0.045806, 774.272579, 214.56237, 0, 1333, 45, 2550001, 434056298, 40667083, 477273382
30000, 30000, 0, 0, fixed_reps_33, 38101, 1098, 133081.786755, inf, 173.41040462427745, 2155.808907450031, 86068.629153, 44222.948819, 0.843732, 2605.119927, 184.245124, 0, 5709, 42, 10350001, 404595948, 180085001, 595030950, 37731, 617, 105270.53860599999, inf, 348.83720930232556, 3103.277925110146, 80868.162619, 22738.430052, 0.166883, 1458.520284, 205.258768, 0, 2838, 47, 5130001, 419321915, 87964721, 512416637, 37092, 340, 96297.94972699998, inf, 697.6744186046511, 4438.762564420299, 83429.426112, 11867.453239, 0.053179, 774.272579, 226.744618, 0, 1419, 39, 2550001, 434056298, 43290763, 479897062
30000, 30000, 0, 0, fixed_reps_35, 38101, 1098, 135753.74387, inf, 173.41040462427745, 2155.808907450031, 86068.629153, 46884.155282, 0.85322, 2605.119927, 194.986288, 0, 6055, 41, 10350001, 404595948, 190999233, 605945182, 37731, 617, 106640.68016799999, inf, 348.83720930232556, 3103.277925110146, 80868.162619, 24096.694427, 0.208431, 1458.520284, 217.094407, 0, 3010, 36, 5130001, 419321915, 93295911, 517747827, 37092, 340, 97026.29906399999, inf, 697.6744186046511, 4438.762564420299, 83429.426112, 12580.532088, 0.048481, 774.272579, 242.019804, 0, 1505, 39, 2550001, 434056298, 45914443, 482520742
30000, 30000, 0, 0, fixed_reps_37, 38101, 1098, 138336.755147, inf, 173.41040462427745, 2155.808907450031, 86068.629153, 49456.012113, 0.865092, 2605.119927, 206.128862, 0, 6401, 40, 10350001, 404595948, 201913465, 616859414, 37731, 617, 107936.425925, inf, 348.83720930232556, 3103.277925110146, 80868.162619, 25381.550611, 0.210294, 1458.520284, 227.982117, 0, 3182, 35, 5130001, 419321915, 98627101, 523079017, 37092, 340, 97748.040538, inf, 697.6744186046511, 4438.762564420299, 83429.426112, 13289.222047, 0.045215, 774.272579, 255.074585, 0, 1591, 36, 2550001, 434056298, 48538123, 485144422
30000, 30000, 0, 0, fixed_reps_39, 38101, 1098, 141112.94384700002, inf, 173.41040462427745, 2155.808907450031, 86068.629153, 52221.81512, 0.850685, 2605.119927, 216.528962, 0, 6747, 38, 10350001, 404595948, 212827697, 627773646, 37731, 617, 109306.68433599999, inf, 348.83720930232556, 3103.277925110146, 80868.162619, 26741.362983, 0.210435, 1458.520284, 238.428015, 0, 3354, 34, 5130001, 419321915, 103958291, 528410207, 37092, 340, 98496.942415, inf, 697.6744186046511, 4438.762564420299, 83429.426112, 14024.639146, 0.054252, 774.272579, 268.550326, 0, 1677, 34, 2550001, 434056298, 51161803, 487768102
30000, 30000, 0, 0, fixed_reps_41, 38101, 1098, 143760.56174900001, inf, 173.41040462427745, 2155.808907450031, 86068.629153, 54859.029567, 0.834506, 2605.119927, 226.948596, 0, 7093, 37, 10350001, 404595948, 223741929, 638687878, 37730, 616, 110656.30652499999, inf, 348.83720930232556, 3103.277925110146, 80868.162619, 28079.366812, 0.168075, 1458.520284, 250.088735, 0, 3526, 30, 5130001, 419321915, 109289481, 533741397, 37091, 339, 99212.821251, inf, 697.6744186046511, 4438.762564420299, 83429.426112, 14726.607877, 0.041488, 774.272579, 282.473195, 0, 1763, 31, 2550001, 434056298, 53785483, 490391782
30000, 30000, 0, 0, fixed_reps_5, 38173, 1170, 95632.803641, inf, 173.41040462427745, 2155.808907450031, 86068.629153, 6929.207811, 0.852658, 2605.119927, 28.994092, 0, 865, 672, 10350001, 404595948, 27285753, 442231702, 37779, 665, 85940.785922, inf, 348.83720930232556, 3103.277925110146, 80868.162619, 3582.944191, 0.196418, 1458.520284, 30.96241, 0, 430, 494, 5130001, 419321915, 13328061, 437779977, 37123, 371, 86066.695195, inf, 697.6744186046511, 4438.762564420299, 83429.426112, 1829.498401, 0.042911, 774.272579, 33.455192, 0, 215, 289, 2550001, 434056298, 6559243, 443165542
30000, 30000, 0, 0, fixed_reps_7, 38152, 1149, 98332.55448800001, inf, 173.41040462427745, 2155.808907450031, 86068.629153, 9617.335123, 0.687519, 2605.119927, 40.782766, 0, 1211, 483, 10350001, 404595948, 38199985, 453145934, 37759, 645, 87350.94863099998, inf, 348.83720930232556, 3103.277925110146, 80868.162619, 4979.357192, 0.168035, 1458.520284, 44.740501, 0, 602, 374, 5130001, 419321915, 18659251, 443111167, 37109, 357, 86821.379208, inf, 697.6744186046511, 4438.762564420299, 83429.426112, 2568.762147, 0.051577, 774.272579, 48.866793, 0, 301, 242, 2550001, 434056298, 9182923, 445789222
30000, 30000, 0, 0, fixed_reps_9, 38128, 1125, 101042.94470600001, inf, 173.41040462427745, 2155.808907450031, 86068.629153, 12315.359444, 0.832871, 2605.119927, 53.003311, 0, 1557, 383, 10350001, 404595948, 49114217, 464060166, 37750, 636, 88738.70723999999, inf, 348.83720930232556, 3103.277925110146, 80868.162619, 6353.756867, 0.169147, 1458.520284, 58.098323, 0, 774, 287, 5130001, 419321915, 23990441, 448442357, 37101, 349, 87562.709368, inf, 697.6744186046511, 4438.762564420299, 83429.426112, 3295.140135, 0.041528, 774.272579, 63.829014, 0, 387, 225, 2550001, 434056298, 11806603, 448412902
30000, 30000, 0, 0, greedy_1.000000, 38344, 1341, 90058.145443, inf, 173.41040462427745, 2155.808907450031, 86068.629153, 1380.277925, 0.665639, 2605.119927, 3.444544, 0.008255, 173, 1605, 10350001, 404595948, 5457289, 420403238, 37870, 756, 83028.05079499999, inf, 348.83720930232556, 3103.277925110146, 80868.162619, 698.038758, 0.159069, 1458.520284, 3.165236, 0.004829, 86, 912, 5130001, 419321915, 2665681, 427117597, 37182, 430, 84570.910819, inf, 697.6744186046511, 4438.762564420299, 83429.426112, 364.158564, 0.039624, 774.272579, 3.011686, 0.002254, 43, 512, 2550001, 434056298, 1311883, 437918182
30000, 30000, 0, 0, greedy_11.000000, 38141, 1138, 100050.202092, inf, 173.41040462427745, 2155.808907450031, 86068.629153, 3545.675427, 0.826709, 2605.119927, 7829.516673, 0.434203, 1903, 873, 10350001, 404595948, 65955512, 480901461, 37766, 652, 88673.16330399999, inf, 348.83720930232556, 3103.277925110146, 80868.162619, 1965.307139, 0.163056, 1458.520284, 4380.884941, 0.125265, 946, 547, 5130001, 419321915, 33136657, 457588573, 37108, 356, 87827.017072, inf, 697.6744186046511, 4438.762564420299, 83429.426112, 1055.431178, 0.037561, 774.272579, 2567.822571, 0.027071, 473, 302, 2550001, 434056298, 16691163, 453297462
30000, 30000, 0, 0, greedy_13.000000, 38136, 1133, 101467.36112100001, inf, 173.41040462427745, 2155.808907450031, 86068.629153, 3650.858941, 0.650369, 2605.119927, 9141.597464, 0.505267, 2249, 872, 10350001, 404595948, 76873196, 491819145, 37765, 651, 89553.00299499999, inf, 348.83720930232556, 3103.277925110146, 80868.162619, 2035.355186, 0.163036, 1458.520284, 5190.650696, 0.151174, 1118, 547, 5130001, 419321915, 38475709, 462927625, 37108, 356, 88314.05930099999, inf, 697.6744186046511, 4438.762564420299, 83429.426112, 1077.993534, 0.034705, 774.272579, 3032.298908, 0.033463, 559, 301, 2550001, 434056298, 19317259, 455923558
30000, 30000, 0, 0, greedy_15.000000, 38132, 1129, 102960.85626100001, inf, 173.41040462427745, 2155.808907450031, 86068.629153, 3799.223619, 1.022777, 2605.119927, 10486.269006, 0.591779, 2595, 872, 10350001, 404595948, 87790880, 502736829, 37761, 647, 90416.871336, inf, 348.83720930232556, 3103.277925110146, 80868.162619, 2091.960583, 0.164619, 1458.520284, 5997.899964, 0.163267, 1290, 547, 5130001, 419321915, 43814761, 468266677, 37107, 355, 88811.852235, inf, 697.6744186046511, 4438.762564420299, 83429.426112, 1099.546459, 0.042259, 774.272579, 3508.515353, 0.049473, 645, 301, 2550001, 434056298, 21943355, 458549654
30000, 30000, 0, 0, greedy_17.000000, 38131, 1128, 104444.790989, inf, 173.41040462427745, 2155.808907450031, 86068.629153, 3892.694171, 0.663934, 2605.119927, 11877.0148, 0.669004, 2941, 872, 10350001, 404595948, 98708564, 513654513, 37759, 645, 91176.67327799999, inf, 348.83720930232556, 3103.277925110146, 80868.162619, 2147.766127, 0.167885, 1458.520284, 6701.869433, 0.18693, 1462, 546, 5130001, 419321915, 49153813, 473605729, 37107, 355, 89242.879355, inf, 697.6744186046511, 4438.762564420299, 83429.426112, 1118.236586, 0.038231, 774.272579, 3920.862335, 0.043512, 731, 301, 2550001, 434056298, 24569451, 461175750
30000, 30000, 0, 0, greedy_19.000000, 38127, 1124, 105972.97764400001, inf, 173.41040462427745, 2155.808907450031, 86068.629153, 4022.27176, 0.6671, 2605.119927, 13275.437847, 0.851857, 3287, 872, 10350001, 404595948, 109626248, 524572197, 37757, 643, 91945.357967, inf, 348.83720930232556, 3103.277925110146, 80868.162619, 2195.268648, 0.1652, 1458.520284, 7423.024029, 0.217187, 1634, 546, 5130001, 419321915, 54492865, 478944781, 37105, 353, 89702.63970900001, inf, 697.6744186046511, 4438.762564420299, 83429.426112, 1137.765176, 0.04296, 774.272579, 4361.072339, 0.060543, 817, 300, 2550001, 434056298, 27195547, 463801846
30000, 30000, 0, 0, greedy_21.000000, 38125, 1122, 107525.031401, inf, 173.41040462427745, 2155.808907450031, 86068.629153, 4155.182492, 0.82661, 2605.119927, 14694.512853, 0.760366, 3633, 872, 10350001, 404595948, 120543932, 535489881, 37756, 642, 92740.721803, inf, 348.83720930232556, 3103.277925110146, 80868.162619, 2248.877332, 0.174026, 1458.520284, 8164.739778, 0.247764, 1806, 546, 5130001, 419321915, 59831917, 484283833, 37103, 351, 90165.522362, inf, 697.6744186046511, 4438.762564420299, 83429.426112, 1155.95019, 0.036649, 774.272579, 4805.784945, 0.051887, 903, 300, 2550001, 434056298, 29821643, 466427942
30000, 30000, 0, 0, greedy_23.000000, 38122, 1119, 108852.988673, inf, 173.41040462427745, 2155.808907450031, 86068.629153, 4273.080397, 0.653736, 2605.119927, 15904.340226, 1.165234, 3979, 871, 10350001, 404595948, 131461616, 546407565, 37756, 642, 93544.541959, inf, 348.83720930232556, 3103.277925110146, 80868.162619, 2299.648012, 0.165541, 1458.520284, 8917.792719, 0.252784, 1978, 546, 5130001, 419321915, 65170969, 489622885, 37103, 351, 90627.140674, inf, 697.6744186046511, 4438.762564420299, 83429.426112, 1176.02612, 0.038872, 774.272579, 5247.322619, 0.054372, 989, 300, 2550001, 434056298, 32447739, 469054038
30000, 30000, 0, 0, greedy_25.000000, 38122, 1119, 110181.62080900001, inf, 173.41040462427745, 2155.808907450031, 86068.629153, 4367.721043, 0.839504, 2605.119927, 17138.199598, 1.111584, 4325, 871, 10350001, 404595948, 142379300, 557325249, 37754, 640, 94347.955341, inf, 348.83720930232556, 3103.277925110146, 80868.162619, 2350.17254, 0.161744, 1458.520284, 9670.664802, 0.273352, 2150, 546, 5130001, 419321915, 70510021, 494961937, 37103, 351, 91044.302286, inf, 697.6744186046511, 4438.762564420299, 83429.426112, 1194.901006, 0.041026, 774.272579, 5645.600509, 0.061054, 1075, 300, 2550001, 434056298, 35073835, 471680134
30000, 30000, 0, 0, greedy_27.000000, 38122, 1119, 111573.92250900001, inf, 173.41040462427745, 2155.808907450031, 86068.629153, 4484.111864, 0.670006, 2605.119927, 18414.180819, 1.21074, 4671, 871, 10350001, 404595948, 153296984, 568242933, 37753, 639, 95094.483656, inf, 348.83720930232556, 3103.277925110146, 80868.162619, 2407.142318, 0.163867, 1458.520284, 10360.19177, 0.302798, 2322, 546, 5130001, 419321915, 75849073, 500300989, 37103, 351, 91437.89013100001, inf, 697.6744186046511, 4438.762564420299, 83429.426112, 1209.863465, 0.039193, 774.272579, 6024.22364, 0.065142, 1161, 299, 2550001, 434056298, 37699931, 474306230
30000, 30000, 0, 0, greedy_29.000000, 38122, 1119, 112925.709082, inf, 173.41040462427745, 2155.808907450031, 86068.629153, 4569.201007, 0.670549, 2605.119927, 19680.672549, 1.415897, 5017, 871, 10350001, 404595948, 164214668, 579160617, 37753, 639, 95780.540362, inf, 348.83720930232556, 3103.277925110146, 80868.162619, 2445.816034, 0.164789, 1458.520284, 11007.554151, 0.322485, 2494, 545, 5130001, 419321915, 81188125, 505640041, 37103, 351, 91849.46846500001, inf, 697.6744186046511, 4438.762564420299, 83429.426112, 1225.773723, 0.038853, 774.272579, 6419.8833, 0.073898, 1247, 299, 2550001, 434056298, 40326027, 476932326
30000, 30000, 0, 0, greedy_3.000000, 38199, 1196, 93354.1732, inf, 173.41040462427745, 2155.808907450031, 86068.629153, 2932.915513, 0.665198, 2605.119927, 1746.740486, 0.102923, 519, 876, 10350001, 404595948, 22284776, 437230725, 37801, 687, 85017.366201, inf, 348.83720930232556, 3103.277925110146, 80868.162619, 1695.818577, 0.168726, 1458.520284, 994.663034, 0.032961, 258, 552, 5130001, 419321915, 11780449, 436232365, 37135, 383, 85750.87616500001, inf, 697.6744186046511, 4438.762564420299, 83429.426112, 967.896399, 0.039594, 774.272579, 579.233236, 0.008245, 129, 307, 2550001, 434056298, 6186779, 442793078
30000, 30000, 0, 0, greedy_31.000000, 38122, 1119, 114349.95941799998, inf, 173.41040462427745, 2155.808907450031, 86068.629153, 4679.542519, 0.669426, 2605.119927, 20994.669982, 1.328411, 5363, 871, 10350001, 404595948, 175132352, 590078301, 37749, 635, 96491.12735299999, inf, 348.83720930232556, 3103.277925110146, 80868.162619, 2488.480977, 0.164689, 1458.520284, 11675.446323, 0.352461, 2666, 545, 5130001, 419321915, 86527177, 510979093, 37100, 348, 92280.545844, inf, 697.6744186046511, 4438.762564420299, 83429.426112, 1242.206269, 0.040015, 774.272579, 6834.522592, 0.078277, 1333, 299, 2550001, 434056298, 42952123, 479558422
30000, 30000, 0, 0, greedy_33.000000, 38122, 1119, 115767.55571400002, inf, 173.41040462427745, 2155.808907450031, 86068.629153, 4797.530576, 0.672832, 2605.119927, 22294.163475, 1.439751, 5709, 871, 10350001, 404595948, 186050036, 600995985, 37749, 635, 97218.91071799998, inf, 348.83720930232556, 3103.277925110146, 80868.162619, 2533.885859, 0.167384, 1458.520284, 12357.755566, 0.419006, 2838, 545, 5130001, 419321915, 91866229, 516318145, 37100, 348, 92702.424764, inf, 697.6744186046511, 4438.762564420299, 83429.426112, 1259.30226, 0.043882, 774.272579, 7239.299841, 0.08009, 1419, 299, 2550001, 434056298, 45578219, 482184518
30000, 30000, 0, 0, greedy_35.000000, 38121, 1118, 117195.162012, inf, 173.41040462427745, 2155.808907450031, 86068.629153, 4912.27368, 0.669167, 2605.119927, 23606.86562, 1.604465, 6055, 871, 10350001, 404595948, 196967720, 611913669, 37749, 635, 97972.733769, inf, 348.83720930232556, 3103.277925110146, 80868.162619, 2587.392336, 0.169849, 1458.520284, 13058.110432, 0.378249, 3010, 545, 5130001, 419321915, 97205281, 521657197, 37100, 348, 93134.620101, inf, 697.6744186046511, 4438.762564420299, 83429.426112, 1275.629869, 0.04235, 774.272579, 7655.159243, 0.089948, 1505, 299, 2550001, 434056298, 48204315, 484810614
30000, 30000, 0, 0, greedy_37.000000, 38121, 1118, 118627.238954, inf, 173.41040462427745, 2155.808907450031, 86068.629153, 5032.2447, 0.673063, 2605.119927, 24918.932954, 1.639157, 6401, 871, 10350001, 404595948, 207885404, 622831353, 37749, 635, 98776.213865, inf, 348.83720930232556, 3103.277925110146, 80868.162619, 2642.602978, 0.166112, 1458.520284, 13806.341043, 0.420829, 3182, 545, 5130001, 419321915, 102544333, 526996249, 37100, 348, 93525.697587, inf, 697.6744186046511, 4438.762564420299, 83429.426112, 1292.761756, 0.038893, 774.272579, 8029.107687, 0.09056, 1591, 299, 2550001, 434056298, 50830411, 487436710
30000, 30000, 0, 0, greedy_39.000000, 38120, 1117, 120084.897532, inf, 173.41040462427745, 2155.808907450031, 86068.629153, 5198.363025, 0.668725, 2605.119927, 26210.196799, 1.919903, 6747, 870, 10350001, 404595948, 218803088, 633749037, 37749, 635, 99575.04217699998, inf, 348.83720930232556, 3103.277925110146, 80868.162619, 2684.144221, 0.1653, 1458.520284, 14563.617803, 0.43195, 3354, 545, 5130001, 419321915, 107883385, 532335301, 37100, 348, 93882.14435999998, inf, 697.6744186046511, 4438.762564420299, 83429.426112, 1310.458764, 0.040476, 774.272579, 8367.861339, 0.08509, 1677, 298, 2550001, 434056298, 53456507, 490062806
30000, 30000, 0, 0, greedy_5.000000, 38169, 1166, 95060.54084100001, inf, 173.41040462427745, 2155.808907450031, 86068.629153, 3083.223933, 0.848172, 2605.119927, 3302.526784, 0.192872, 865, 874, 10350001, 404595948, 33202460, 448148409, 37784, 670, 86007.63293, inf, 348.83720930232556, 3103.277925110146, 80868.162619, 1771.508996, 0.164839, 1458.520284, 1909.217732, 0.05846, 430, 550, 5130001, 419321915, 17119501, 441571417, 37127, 375, 86308.028218, inf, 697.6744186046511, 4438.762564420299, 83429.426112, 996.468773, 0.051276, 774.272579, 1107.796354, 0.013124, 215, 304, 2550001, 434056298, 8812875, 445419174
30000, 30000, 0, 0, greedy_7.000000, 38156, 1153, 96728.77301300001, inf, 173.41040462427745, 2155.808907450031, 86068.629153, 3234.594998, 0.862298, 2605.119927, 4819.236197, 0.33044, 1211, 874, 10350001, 404595948, 44120144, 459066093, 37777, 663, 86935.57576899997, inf, 348.83720930232556, 3103.277925110146, 80868.162619, 1840.641376, 0.168136, 1458.520284, 2768.003204, 0.08015, 602, 549, 5130001, 419321915, 22458553, 446910469, 37118, 366, 86842.96218, inf, 697.6744186046511, 4438.762564420299, 83429.426112, 1015.541768, 0.038231, 774.272579, 1623.665095, 0.018395, 301, 303, 2550001, 434056298, 11438971, 448045270
30000, 30000, 0, 0, greedy_9.000000, 38148, 1145, 98321.64807100002, inf, 173.41040462427745, 2155.808907450031, 86068.629153, 3368.808973, 0.787366, 2605.119927, 6277.955611, 0.347041, 1557, 873, 10350001, 404595948, 55037828, 469983777, 37773, 659, 87865.770079, inf, 348.83720930232556, 3103.277925110146, 80868.162619, 1905.002076, 0.164679, 1458.520284, 3633.81879, 0.101631, 774, 548, 5130001, 419321915, 27797605, 452249521, 37110, 358, 87358.18968600001, inf, 697.6744186046511, 4438.762564420299, 83429.426112, 1037.624756, 0.041708, 774.272579, 2116.798743, 0.025788, 387, 302, 2550001, 434056298, 14065067, 450671366
30000, 30000, 0, 0, opt, 38099, 1096, 98006.92183600001, inf, 173.41040462427745, 2155.808907450031, 86068.629153, 9332.357709, 0.815047, 2605.119927, 0, 0, 0, 0, 10350001, 404595948, 46618446, 461564395, 37729, 615, 89065.735931, inf, 348.83720930232556, 3103.277925110146, 80868.162619, 6738.884111, 0.168917, 1458.520284, 0, 0, 0, 0, 5130001, 419321915, 31194606, 455646522, 37091, 339, 88036.394374, inf, 697.6744186046511, 4438.762564420299, 83429.426112, 3832.637263, 0.05842, 774.272579, 0, 0, 0, 0, 2550001, 434056298, 16071424, 452677723
30000, 30000, 0, 0, plus_edge, 38275, 1272, 90066.150628, inf, 173.41040462427745, 2155.808907450031, 86068.629153, 1391.738044, 0.663504, 2605.119927, 0, 0, 0, 0, 10350001, 404595948, 5456700, 420402649, 37841, 727, 83034.74627, inf, 348.83720930232556, 3103.277925110146, 80868.162619, 707.900401, 0.162966, 1458.520284, 0, 0, 0, 0, 5130001, 419321915, 2642820, 427094736, 37161, 409, 84574.315967, inf, 697.6744186046511, 4438.762564420299, 83429.426112, 370.571049, 0.046227, 774.272579, 0, 0, 0, 0, 2550001, 434056298, 1283604, 437889903
30000, 30000, 0, 0, simple, 38344, 1341, 90057.084415, inf, 173.41040462427745, 2155.808907450031, 86068.629153, 1382.666692, 0.668643, 2605.119927, 0, 0, 0, 0, 10350001, 404595948, 5427116, 420373065, 37870, 756, 83030.349004, inf, 348.83720930232556, 3103.277925110146, 80868.162619, 703.461026, 0.205075, 1458.520284, 0, 0, 0, 0, 5130001, 419321915, 2635595, 427087511, 37182, 430, 84566.490311, inf, 697.6744186046511, 4438.762564420299, 83429.426112, 362.746595, 0.045025, 774.272579, 0, 0, 0, 0, 2550001, 434056298, 1281840, 437888139
30000, 30000, 0, 0, dp_1.000000, 38440, 1212, 79268.580923, inf, 173.41040462427745, 2027.1109996688563, 75159.211363, 1405.724319, 1.968483, 2697.694053, 3.971904, 0.010801, 173, 0, 10350001, 358030140, 5744701, 374124842, 37062, 729, 79157.858601, inf, 348.83720930232556, 3116.5904814898513, 77018.202927, 692.562077, 0.151224, 1442.37667, 4.559341, 0.006362, 86, 0, 5130001, 422882416, 2657691, 430670108, 36387, 426, 85370.31981, inf, 697.6744186046511, 4460.519600147395, 84229.854974, 365.262855, 0.036238, 770.756395, 4.405822, 0.003526, 43, 0, 2550001, 438219171, 1306507, 442075679
30000, 30000, 0, 0, dp_11.000000, 38206, 978, 97510.67659900001, inf, 173.41040462427745, 2027.1109996688563, 75159.211363, 11650.634892, 0.818324, 2697.694053, 7838.899768, 163.418199, 1903, 13, 10350001, 358030140, 112397308, 480777449, 36907, 574, 88453.88129599999, inf, 348.83720930232556, 3116.5904814898513, 77018.202927, 5297.647841, 0.217488, 1442.37667, 4676.273109, 19.163261, 946, 9, 5130001, 422882416, 49125594, 477138011, 36308, 347, 90455.90723900001, inf, 697.6744186046511, 4460.519600147395, 84229.854974, 2736.344443, 0.045175, 770.756395, 2716.498208, 2.408044, 473, 11, 2550001, 438219171, 24119457, 464888629
30000, 30000, 0, 0, dp_13.000000, 38206, 978, 100257.970088, inf, 173.41040462427745, 2027.1109996688563, 75159.211363, 13075.707996, 1.01876, 2697.694053, 9093.92667, 230.411246, 2249, 9, 10350001, 358030140, 134181560, 502561701, 36907, 574, 89498.712748, inf, 348.83720930232556, 3116.5904814898513, 77018.202927, 5574.576463, 0.164388, 1442.37667, 5436.288185, 27.104115, 1118, 8, 5130001, 422882416, 55344877, 483357294, 36308, 347, 91028.312526, inf, 697.6744186046511, 4460.519600147395, 84229.854974, 2838.447131, 0.04264, 770.756395, 3185.801073, 3.410313, 559, 10, 2550001, 438219171, 27059049, 467828221
30000, 30000, 0, 0, dp_15.000000, 38206, 978, 102152.506685, inf, 173.41040462427745, 2027.1109996688563, 75159.211363, 13547.714072, 0.843812, 2697.694053, 10437.385529, 309.657856, 2595, 7, 10350001, 358030140, 148733658, 517113799, 36907, 574, 90128.648031, inf, 348.83720930232556, 3116.5904814898513, 77018.202927, 5412.246484, 0.168095, 1442.37667, 6219.160542, 36.493313, 1290, 7, 5130001, 422882416, 59645078, 487657495, 36308, 347, 92188.784369, inf, 697.6744186046511, 4460.519600147395, 84229.854974, 3535.072579, 0.045496, 770.756395, 3648.520956, 4.533969, 645, 10, 2550001, 438219171, 32218791, 472987963
30000, 30000, 0, 0, dp_17.000000, 38206, 978, 104144.88062099999, inf, 173.41040462427745, 2027.1109996688563, 75159.211363, 14092.004482, 0.896391, 2697.694053, 11794.807301, 400.267031, 2941, 6, 10350001, 358030140, 162805048, 531185189, 36907, 574, 92179.639007, inf, 348.83720930232556, 3116.5904814898513, 77018.202927, 6632.909208, 0.212308, 1442.37667, 7038.456683, 47.481211, 1462, 7, 5130001, 422882416, 69964218, 497976635, 36308, 347, 92413.067916, inf, 697.6744186046511, 4460.519600147395, 84229.854974, 3276.693095, 0.048551, 770.756395, 4129.836902, 5.877999, 731, 9, 2550001, 438219171, 33796691, 474565863
30000, 30000, 0, 0, dp_19.000000, 38206, 978, 105643.045284, inf, 173.41040462427745, 2027.1109996688563, 75159.211363, 14100.444142, 0.839063, 2697.694053, 13182.835766, 502.020897, 3287, 5, 10350001, 358030140, 172096064, 540476205, 36907, 574, 91904.42835700001, inf, 348.83720930232556, 3116.5904814898513, 77018.202927, 5641.773662, 0.164428, 1442.37667, 7742.145691, 59.764979, 1634, 6, 5130001, 422882416, 70833333, 498845750, 36308, 347, 93570.431772, inf, 697.6744186046511, 4460.519600147395, 84229.854974, 3966.755258, 0.048241, 770.756395, 4595.709966, 7.306938, 817, 9, 2550001, 438219171, 38956433, 479725605
30000, 30000, 0, 0, dp_21.000000, 38206, 978, 108254.07939399999, inf, 173.41040462427745, 2027.1109996688563, 75159.211363, 15354.444688, 0.839914, 2697.694053, 14425.675288, 616.214088, 3633, 5, 10350001, 358030140, 192843954, 561224095, 36907, 574, 93872.83967599999, inf, 348.83720930232556, 3116.5904814898513, 77018.202927, 6867.937163, 0.169929, 1442.37667, 8470.496835, 73.656152, 1806, 6, 5130001, 422882416, 81152473, 509164890, 36308, 347, 93312.22884899999, inf, 697.6744186046511, 4460.519600147395, 84229.854974, 3291.489694, 0.057498, 770.756395, 5011.09356, 8.976728, 903, 8, 2550001, 438219171, 38965427, 479734599
30000, 30000, 0, 0, dp_23.000000, 38206, 978, 108588.25141799999, inf, 173.41040462427745, 2027.1109996688563, 75159.211363, 14334.129524, 0.825919, 2697.694053, 15654.716477, 741.674082, 3979, 4, 10350001, 358030140, 193295284, 561675425, 36907, 574, 95843.51058000002, inf, 348.83720930232556, 3116.5904814898513, 77018.202927, 8085.955447, 0.171912, 1442.37667, 9207.831887, 88.971737, 1978, 6, 5130001, 422882416, 91471613, 519484030, 36308, 347, 94433.966892, inf, 697.6744186046511, 4460.519600147395, 84229.854974, 3988.984598, 0.046387, 770.756395, 5433.530246, 10.794292, 989, 8, 2550001, 438219171, 44125169, 484894341
30000, 30000, 0, 0, dp_25.000000, 38206, 978, 111200.00225300001, inf, 173.41040462427745, 2027.1109996688563, 75159.211363, 15562.545557, 0.663054, 2697.694053, 16897.983848, 881.904378, 4325, 4, 10350001, 358030140, 214043174, 582423315, 36907, 574, 94215.536424, inf, 348.83720930232556, 3116.5904814898513, 77018.202927, 5694.061639, 0.164588, 1442.37667, 9954.63083, 106.09977, 2150, 5, 5130001, 422882416, 86350866, 514363283, 36308, 347, 95569.53855900001, inf, 697.6744186046511, 4460.519600147395, 84229.854974, 4681.623089, 0.052077, 770.756395, 5874.462179, 12.789845, 1075, 8, 2550001, 438219171, 49284911, 490054083
30000, 30000, 0, 0, dp_27.000000, 38206, 978, 113860.21505799999, inf, 173.41040462427745, 2027.1109996688563, 75159.211363, 16812.912335, 0.856227, 2697.694053, 18168.241127, 1021.299953, 4671, 4, 10350001, 358030140, 234791064, 603171205, 36907, 574, 96200.475138, inf, 348.83720930232556, 3116.5904814898513, 77018.202927, 6913.916487, 0.174207, 1442.37667, 10702.093667, 123.71118, 2322, 5, 5130001, 422882416, 96670006, 524682423, 36308, 347, 94508.425197, inf, 697.6744186046511, 4460.519600147395, 84229.854974, 3164.373013, 0.045155, 770.756395, 6328.428682, 14.966978, 1161, 7, 2550001, 438219171, 46185695, 486954867
30000, 30000, 0, 0, dp_29.000000, 38206, 978, 116546.174974, inf, 173.41040462427745, 2027.1109996688563, 75159.211363, 18072.966284, 0.845155, 2697.694053, 19433.434498, 1182.023621, 5017, 4, 10350001, 358030140, 255538954, 623919095, 36907, 574, 98108.017542, inf, 348.83720930232556, 3116.5904814898513, 77018.202927, 8131.997549, 0.164568, 1442.37667, 11372.065692, 143.210136, 2494, 5, 5130001, 422882416, 106989146, 535001563, 36308, 347, 95566.19075300002, inf, 697.6744186046511, 4460.519600147395, 84229.854974, 3865.253813, 0.044414, 770.756395, 6682.948072, 17.333085, 1247, 7, 2550001, 438219171, 51345437, 492114609
30000, 30000, 0, 0, dp_3.000000, 38256, 1028, 83676.076567, inf, 173.41040462427745, 2027.1109996688563, 75159.211363, 3994.625509, 0.806984, 2697.694053, 1815.28874, 8.449918, 519, 469, 10350001, 358030140, 27616946, 395997087, 36955, 622, 81500.55794700001, inf, 348.83720930232556, 3116.5904814898513, 77018.202927, 1970.555212, 0.160741, 1442.37667, 1068.086782, 1.175615, 258, 280, 5130001, 422882416, 13131055, 441143472, 36329, 368, 86645.645961, inf, 697.6744186046511, 4460.519600147395, 84229.854974, 1021.248895, 0.045455, 770.756395, 623.56335, 0.176892, 129, 139, 2550001, 438219171, 6499429, 447268601
30000, 30000, 0, 0, dp_31.000000, 38206, 978, 119216.79899699999, inf, 173.41040462427745, 2027.1109996688563, 75159.211363, 19297.276488, 0.666743, 2697.694053, 20711.495997, 1350.454353, 5363, 4, 10350001, 358030140, 276286844, 644666985, 36907, 574, 100024.020686, inf, 348.83720930232556, 3116.5904814898513, 77018.202927, 9356.352855, 0.166943, 1442.37667, 12042.797153, 164.124138, 2666, 5, 5130001, 422882416, 117308286, 545320703, 36308, 347, 96660.24104000001, inf, 697.6744186046511, 4460.519600147395, 84229.854974, 4561.713069, 0.05877, 770.756395, 7078.088007, 19.769825, 1333, 7, 2550001, 438219171, 56505179, 497274351
30000, 30000, 0, 0, dp_33.000000, 38206, 978, 117442.140021, inf, 173.41040462427745, 2027.1109996688563, 75159.211363, 16065.126308, 0.662034, 2697.694053, 21991.208289, 1528.237974, 5709, 3, 10350001, 358030140, 257376324, 625756465, 36907, 574, 101915.87825600001, inf, 348.83720930232556, 3116.5904814898513, 77018.202927, 10598.000711, 0.210084, 1442.37667, 12671.086477, 186.001387, 2838, 5, 5130001, 422882416, 127627426, 555639843, 36308, 347, 97756.503096, inf, 697.6744186046511, 4460.519600147395, 84229.854974, 5261.486451, 0.049273, 770.756395, 7471.860537, 22.495466, 1419, 7, 2550001, 438219171, 61664921, 502434093
30000, 30000, 0, 0, dp_35.000000, 38206, 978, 120167.13191299999, inf, 173.41040462427745, 2027.1109996688563, 75159.211363, 17304.654973, 0.839496, 2697.694053, 23286.789028, 1717.943, 6055, 3, 10350001, 358030140, 278124214, 646504355, 36907, 574, 103851.83455, inf, 348.83720930232556, 3116.5904814898513, 77018.202927, 11834.987447, 0.174467, 1442.37667, 13346.065072, 210.027967, 3010, 5, 5130001, 422882416, 137946566, 565958983, 36308, 347, 96003.75781100002, inf, 697.6744186046511, 4460.519600147395, 84229.854974, 3089.616261, 0.048701, 770.756395, 7888.007408, 25.474072, 1505, 6, 2550001, 438219171, 56138341, 496907513
30000, 30000, 0, 0, dp_37.000000, 38206, 978, 122767.75843599999, inf, 173.41040462427745, 2027.1109996688563, 75159.211363, 18556.842821, 0.917071, 2697.694053, 24418.848672, 1934.244456, 6401, 3, 10350001, 358030140, 298872104, 667252245, 36907, 574, 99681.849068, inf, 348.83720930232556, 3116.5904814898513, 77018.202927, 6900.416212, 0.220984, 1442.37667, 14084.028609, 236.603666, 3182, 4, 5130001, 422882416, 122125483, 550137900, 36308, 347, 97126.826007, inf, 697.6744186046511, 4460.519600147395, 84229.854974, 3779.601056, 0.048661, 770.756395, 8318.218663, 28.346258, 1591, 6, 2550001, 438219171, 61298083, 502067255
30000, 30000, 0, 0, dp_39.000000, 38206, 978, 125777.913066, inf, 173.41040462427745, 2027.1109996688563, 75159.211363, 19880.111247, 0.651092, 2697.694053, 25881.709489, 2158.535822, 6747, 3, 10350001, 358030140, 319619994, 688000135, 36907, 574, 101779.645175, inf, 348.83720930232556, 3116.5904814898513, 77018.202927, 8166.117193, 0.166542, 1442.37667, 14886.388616, 266.393227, 3354, 4, 5130001, 422882416, 132444623, 560457040, 36308, 347, 98259.39972900001, inf, 697.6744186046511, 4460.519600147395, 84229.854974, 4483.398554, 0.044583, 770.756395, 8743.613836, 31.731387, 1677, 6, 2550001, 438219171, 66457825, 507226997
30000, 30000, 0, 0, dp_5.000000, 38223, 995, 87642.75076, inf, 173.41040462427745, 2027.1109996688563, 75159.211363, 6365.384697, 0.767901, 2697.694053, 3390.812277, 28.880469, 865, 191, 10350001, 358030140, 49350411, 417730552, 36928, 595, 83659.953575, inf, 348.83720930232556, 3116.5904814898513, 77018.202927, 3158.759196, 0.164299, 1442.37667, 2036.997356, 3.453127, 430, 128, 5130001, 422882416, 23518106, 451530523, 36320, 359, 87846.465465, inf, 697.6744186046511, 4460.519600147395, 84229.854974, 1666.238275, 0.075472, 770.756395, 1179.024412, 0.515937, 215, 68, 2550001, 438219171, 11633147, 452402319
30000, 30000, 0, 0, dp_7.000000, 38209, 981, 91324.05045, inf, 173.41040462427745, 2027.1109996688563, 75159.211363, 8486.339584, 0.807744, 2697.694053, 4918.953343, 61.044363, 1211, 72, 10350001, 358030140, 71066313, 439446454, 36913, 580, 85736.349571, inf, 348.83720930232556, 3116.5904814898513, 77018.202927, 4313.594096, 0.166311, 1442.37667, 2954.643232, 7.366335, 602, 49, 5130001, 422882416, 33995142, 462007559, 36312, 351, 88986.051505, inf, 697.6744186046511, 4460.519600147395, 84229.854974, 2278.827232, 0.047149, 770.756395, 1705.561513, 1.004242, 301, 26, 2550001, 438219171, 16826069, 457595241
30000, 30000, 0, 0, dp_9.000000, 38207, 979, 94678.072828, inf, 173.41040462427745, 2027.1109996688563, 75159.211363, 10359.934365, 0.652203, 2697.694053, 6354.623772, 105.957072, 1557, 25, 10350001, 358030140, 92616095, 460996236, 36907, 574, 87504.742524, inf, 348.83720930232556, 3116.5904814898513, 77018.202927, 5236.142507, 0.165771, 1442.37667, 3795.319189, 12.53546, 774, 12, 5130001, 422882416, 43807698, 471820115, 36308, 347, 89945.92071600001, inf, 697.6744186046511, 4460.519600147395, 84229.854974, 2731.435981, 0.045786, 770.756395, 2212.217021, 1.610559, 387, 14, 2550001, 438219171, 21564691, 462333863
30000, 30000, 0, 0, fixed_reps_1, 38440, 1212, 79270.792452, inf, 173.41040462427745, 2027.1109996688563, 75159.211363, 1408.858622, 0.783087, 2697.694053, 4.245327, 0, 173, 1568, 10350001, 358030140, 5744701, 374124842, 37062, 729, 79160.170974, inf, 348.83720930232556, 3116.5904814898513, 77018.202927, 694.928091, 0.1653, 1442.37667, 4.497986, 0, 86, 879, 5130001, 422882416, 2657691, 430670108, 36387, 426, 85372.478989, inf, 697.6744186046511, 4460.519600147395, 84229.854974, 367.379202, 0.045055, 770.756395, 4.443363, 0, 43, 438, 2550001, 438219171, 1306507, 442075679
30000, 30000, 0, 0, fixed_reps_11, 38228, 1000, 93626.92987199998, inf, 173.41040462427745, 2027.1109996688563, 75159.211363, 15699.599454, 0.754173, 2697.694053, 69.670829, 0, 1903, 305, 10350001, 358030140, 63189981, 431570122, 36930, 597, 86147.95917200002, inf, 348.83720930232556, 3116.5904814898513, 77018.202927, 7610.169659, 0.235922, 1442.37667, 76.973994, 0, 946, 189, 5130001, 422882416, 29233741, 457246158, 36315, 354, 89083.98377400001, inf, 697.6744186046511, 4460.519600147395, 84229.854974, 3999.87169, 0.052037, 770.756395, 83.448678, 0, 473, 91, 2550001, 438219171, 14371147, 455140319
30000, 30000, 0, 0, fixed_reps_13, 38222, 994, 96419.21498, inf, 173.41040462427745, 2027.1109996688563, 75159.211363, 18480.542333, 0.83212, 2697.694053, 80.935111, 0, 2249, 249, 10350001, 358030140, 74679037, 443059178, 36921, 588, 87503.65839200001, inf, 348.83720930232556, 3116.5904814898513, 77018.202927, 8951.933873, 0.167765, 1442.37667, 90.977157, 0, 1118, 159, 5130001, 422882416, 34548951, 462561368, 36314, 353, 89824.68706800001, inf, 697.6744186046511, 4460.519600147395, 84229.854974, 4725.949306, 0.040596, 770.756395, 98.085797, 0, 559, 80, 2550001, 438219171, 16984075, 457753247
30000, 30000, 0, 0, fixed_reps_15, 38219, 991, 99155.534025, inf, 173.41040462427745, 2027.1109996688563, 75159.211363, 21204.350039, 0.777377, 2697.694053, 93.501193, 0, 2595, 198, 10350001, 358030140, 86168093, 454548234, 36915, 582, 88882.41428000001, inf, 348.83720930232556, 3116.5904814898513, 77018.202927, 10317.908511, 0.203401, 1442.37667, 103.722771, 0, 1290, 133, 5130001, 422882416, 39864161, 467876578, 36314, 353, 90542.435715, inf, 697.6744186046511, 4460.519600147395, 84229.854974, 5429.013543, 0.054242, 770.756395, 112.756561, 0, 645, 75, 2550001, 438219171, 19597003, 460366175
30000, 30000, 0, 0, fixed_reps_17, 38217, 989, 101934.662897, inf, 173.41040462427745, 2027.1109996688563, 75159.211363, 23971.363643, 0.81599, 2697.694053, 105.577848, 0, 2941, 151, 10350001, 358030140, 97657149, 466037290, 36915, 582, 90227.908203, inf, 348.83720930232556, 3116.5904814898513, 77018.202927, 11650.307335, 0.226254, 1442.37667, 116.795017, 0, 1462, 117, 5130001, 422882416, 45179371, 473191788, 36314, 353, 91261.210649, inf, 697.6744186046511, 4460.519600147395, 84229.854974, 6131.829338, 0.051897, 770.756395, 128.718045, 0, 731, 72, 2550001, 438219171, 22209931, 462979103
30000, 30000, 0, 0, fixed_reps_19, 38214, 986, 104599.38638499999, inf, 173.41040462427745, 2027.1109996688563, 75159.211363, 26623.138131, 0.825818, 2697.694053, 118.51702, 0, 3287, 138, 10350001, 358030140, 109146205, 477526346, 36915, 582, 91580.944833, inf, 348.83720930232556, 3116.5904814898513, 77018.202927, 12987.851188, 0.163617, 1442.37667, 132.350431, 0, 1634, 89, 5130001, 422882416, 50494581, 478506998, 36309, 348, 91997.92082999999, inf, 697.6744186046511, 4460.519600147395, 84229.854974, 6854.122429, 0.040686, 770.756395, 143.146346, 0, 817, 61, 2550001, 438219171, 24822859, 465592031
30000, 30000, 0, 0, fixed_reps_21, 38212, 984, 107329.50456599999, inf, 173.41040462427745, 2027.1109996688563, 75159.211363, 29342.327369, 0.835766, 2697.694053, 129.436015, 0, 3633, 124, 10350001, 358030140, 120635261, 489015402, 36911, 578, 92938.914655, inf, 348.83720930232556, 3116.5904814898513, 77018.202927, 14334.831048, 0.166933, 1442.37667, 143.337077, 0, 1806, 79, 5130001, 422882416, 55809791, 483822208, 36309, 348, 92726.830938, inf, 697.6744186046511, 4460.519600147395, 84229.854974, 7568.501554, 0.035607, 770.756395, 157.682408, 0, 903, 52, 2550001, 438219171, 27435787, 468204959
30000, 30000, 0, 0, fixed_reps_23, 38212, 984, 110013.827217, inf, 173.41040462427745, 2027.1109996688563, 75159.211363, 32015.788733, 0.831268, 2697.694053, 140.3018, 0, 3979, 109, 10350001, 358030140, 132124317, 500504458, 36910, 577, 94340.121469, inf, 348.83720930232556, 3116.5904814898513, 77018.202927, 15722.900474, 0.222317, 1442.37667, 156.419081, 0, 1978, 71, 5130001, 422882416, 61125001, 489137418, 36309, 348, 93453.68869299999, inf, 697.6744186046511, 4460.519600147395, 84229.854974, 8279.625464, 0.057127, 770.756395, 173.394733, 0, 989, 47, 2550001, 438219171, 30048715, 470817887
30000, 30000, 0, 0, fixed_reps_25, 38211, 983, 113024.72458899999, inf, 173.41040462427745, 2027.1109996688563, 75159.211363, 35013.864363, 0.839604, 2697.694053, 153.115206, 0, 4325, 94, 10350001, 358030140, 143613373, 511993514, 36910, 577, 95628.33823500002, inf, 348.83720930232556, 3116.5904814898513, 77018.202927, 16998.401918, 0.182463, 1442.37667, 169.174257, 0, 2150, 56, 5130001, 422882416, 66440211, 494452628, 36309, 348, 94171.14459800001, inf, 697.6744186046511, 4460.519600147395, 84229.854974, 8986.512887, 0.044884, 770.756395, 183.975458, 0, 1075, 34, 2550001, 438219171, 32661643, 473430815
30000, 30000, 0, 0, fixed_reps_27, 38211, 983, 115569.351326, inf, 173.41040462427745, 2027.1109996688563, 75159.211363, 37547.821787, 0.822682, 2697.694053, 163.801441, 0, 4671, 85, 10350001, 358030140, 155102429, 523482570, 36909, 576, 97044.797275, inf, 348.83720930232556, 3116.5904814898513, 77018.202927, 18400.593889, 0.224732, 1442.37667, 183.399057, 0, 2322, 50, 5130001, 422882416, 71755421, 499767838, 36308, 347, 94888.312502, inf, 697.6744186046511, 4460.519600147395, 84229.854974, 9689.882675, 0.040105, 770.756395, 197.778353, 0, 1161, 31, 2550001, 438219171, 35274571, 476043743
30000, 30000, 0, 0, fixed_reps_29, 38210, 982, 118262.41611999998, inf, 173.41040462427745, 2027.1109996688563, 75159.211363, 40229.192219, 0.818826, 2697.694053, 175.499659, 0, 5017, 83, 10350001, 358030140, 166591485, 534971626, 36909, 576, 98391.304277, inf, 348.83720930232556, 3116.5904814898513, 77018.202927, 19733.42894, 0.171712, 1442.37667, 197.124028, 0, 2494, 47, 5130001, 422882416, 77070631, 505083048, 36308, 347, 96562.94295899999, inf, 697.6744186046511, 4460.519600147395, 84229.854974, 11349.498784, 0.060233, 770.756395, 212.772573, 0, 1247, 22, 2550001, 438219171, 37887499, 478656671
30000, 30000, 0, 0, fixed_reps_3, 38304, 1076, 82213.035366, inf, 173.41040462427745, 2027.1109996688563, 75159.211363, 4336.216378, 1.750832, 2697.694053, 18.16274, 0, 519, 886, 10350001, 358030140, 17233757, 385613898, 36974, 641, 80581.576097, inf, 348.83720930232556, 3116.5904814898513, 77018.202927, 2101.695582, 0.168857, 1442.37667, 19.132061, 0, 258, 510, 5130001, 422882416, 7972901, 435985318, 36344, 383, 86128.623603, inf, 697.6744186046511, 4460.519600147395, 84229.854974, 1106.820992, 0.047218, 770.756395, 21.144024, 0, 129, 272, 2550001, 438219171, 3919435, 444688607
30000, 30000, 0, 0, fixed_reps_31, 38209, 981, 121004.33918899999, inf, 173.41040462427745, 2027.1109996688563, 75159.211363, 42960.000431, 0.825939, 2697.694053, 186.607403, 0, 5363, 73, 10350001, 358030140, 178080541, 546460682, 36909, 576, 99657.600904, inf, 348.83720930232556, 3116.5904814898513, 77018.202927, 20987.210596, 0.212649, 1442.37667, 209.598062, 0, 2666, 41, 5130001, 422882416, 82385841, 510398258, 36308, 347, 96373.76282700001, inf, 697.6744186046511, 4460.519600147395, 84229.854974, 11144.436426, 0.048932, 770.756395, 228.6661, 0, 1333, 19, 2550001, 438219171, 40500427, 481269599
30000, 30000, 0, 0, fixed_reps_33, 38208, 980, 123659.99476799999, inf, 173.41040462427745, 2027.1109996688563, 75159.211363, 45603.314879, 0.802744, 2697.694053, 198.971729, 0, 5709, 69, 10350001, 358030140, 189569597, 557949738, 36909, 576, 101051.961326, inf, 348.83720930232556, 3116.5904814898513, 77018.202927, 22366.611555, 0.167144, 1442.37667, 224.60303, 0, 2838, 40, 5130001, 422882416, 87701051, 515713468, 36308, 347, 97049.46672699999, inf, 697.6744186046511, 4460.519600147395, 84229.854974, 11806.397512, 0.060063, 770.756395, 242.397783, 0, 1419, 19, 2550001, 438219171, 43113355, 483882527
30000, 30000, 0, 0, fixed_reps_35, 38208, 980, 126343.53928900001, inf, 173.41040462427745, 2027.1109996688563, 75159.211363, 48276.01516, 0.807504, 2697.694053, 209.811209, 0, 6055, 67, 10350001, 358030140, 201058653, 569438794, 36908, 575, 102451.638812, inf, 348.83720930232556, 3116.5904814898513, 77018.202927, 23752.153811, 0.223759, 1442.37667, 238.681645, 0, 3010, 38, 5130001, 422882416, 93016261, 521028678, 36308, 347, 97757.95379500001, inf, 697.6744186046511, 4460.519600147395, 84229.854974, 12499.340722, 0.044684, 770.756395, 257.95702, 0, 1505, 18, 2550001, 438219171, 45726283, 486495455
30000, 30000, 0, 0, fixed_reps_37, 38208, 980, 129039.56177700001, inf, 173.41040462427745, 2027.1109996688563, 75159.211363, 50960.074933, 1.007047, 2697.694053, 221.574381, 0, 6401, 62, 10350001, 358030140, 212547709, 580927850, 36907, 574, 103938.19106700002, inf, 348.83720930232556, 3116.5904814898513, 77018.202927, 25224.332017, 0.223729, 1442.37667, 253.055724, 0, 3182, 34, 5130001, 422882416, 98331471, 526343888, 36308, 347, 98491.05919000001, inf, 697.6744186046511, 4460.519600147395, 84229.854974, 13217.990067, 0.061816, 770.756395, 272.395938, 0, 1591, 18, 2550001, 438219171, 48339211, 489108383
30000, 30000, 0, 0, fixed_reps_39, 38208, 980, 131976.25229200002, inf, 173.41040462427745, 2027.1109996688563, 75159.211363, 53881.547155, 0.857439, 2697.694053, 236.942282, 0, 6747, 58, 10350001, 358030140, 224036765, 592416906, 36907, 574, 105049.00796, inf, 348.83720930232556, 3116.5904814898513, 77018.202927, 26324.661874, 0.228279, 1442.37667, 263.53821, 0, 3354, 29, 5130001, 422882416, 103646681, 531659098, 36308, 347, 99273.9482, inf, 697.6744186046511, 4460.519600147395, 84229.854974, 13986.628325, 0.049823, 770.756395, 286.658683, 0, 1677, 17, 2550001, 438219171, 50952139, 491721311
30000, 30000, 0, 0, fixed_reps_41, 38207, 979, 134503.89348899998, inf, 173.41040462427745, 2027.1109996688563, 75159.211363, 56399.092714, 1.61478, 2697.694053, 246.280579, 0, 7093, 52, 10350001, 358030140, 235525821, 603905962, 36907, 574, 106406.8286, inf, 348.83720930232556, 3116.5904814898513, 77018.202927, 27668.496654, 0.216196, 1442.37667, 277.536153, 0, 3526, 25, 5130001, 422882416, 108961891, 536974308, 36308, 347, 99957.652625, inf, 697.6744186046511, 4460.519600147395, 84229.854974, 14655.576798, 0.057548, 770.756395, 301.40691, 0, 1763, 17, 2550001, 438219171, 53565067, 494334239
30000, 30000, 0, 0, fixed_reps_5, 38255, 1027, 85105.5787, inf, 173.41040462427745, 2027.1109996688563, 75159.211363, 7215.980581, 0.821259, 2697.694053, 31.871444, 0, 865, 595, 10350001, 358030140, 28722813, 397102954, 36952, 619, 81980.485159, inf, 348.83720930232556, 3116.5904814898513, 77018.202927, 3487.220913, 0.167514, 1442.37667, 32.517135, 0, 430, 364, 5130001, 422882416, 13288111, 441300528, 36338, 377, 86879.557394, inf, 697.6744186046511, 4460.519600147395, 84229.854974, 1842.170847, 0.054974, 770.756395, 36.720204, 0, 215, 217, 2550001, 438219171, 6532363, 447301535
30000, 30000, 0, 0, fixed_reps_7, 38243, 1015, 87983.779505, inf, 173.41040462427745, 2027.1109996688563, 75159.211363, 10081.45332, 0.824265, 2697.694053, 44.596504, 0, 1211, 476, 10350001, 358030140, 40211869, 408592010, 36945, 612, 83398.907339, inf, 348.83720930232556, 3116.5904814898513, 77018.202927, 4890.234363, 0.179557, 1442.37667, 47.913822, 0, 602, 268, 5130001, 422882416, 18603321, 446615738, 36324, 363, 87619.930347, inf, 697.6744186046511, 4460.519600147395, 84229.854974, 2566.205792, 0.041497, 770.756395, 53.071689, 0, 301, 145, 2550001, 438219171, 9145291, 449914463
30000, 30000, 0, 0, fixed_reps_9, 38232, 1004, 90819.86041499999, inf, 173.41040462427745, 2027.1109996688563, 75159.211363, 12904.603705, 0.825587, 2697.694053, 57.525707, 0, 1557, 364, 10350001, 358030140, 51700925, 420081066, 36931, 598, 84765.053113, inf, 348.83720930232556, 3116.5904814898513, 77018.202927, 6241.913285, 0.172313, 1442.37667, 62.387918, 0, 774, 222, 5130001, 422882416, 23918531, 451930948, 36318, 357, 88344.85535400001, inf, 697.6744186046511, 4460.519600147395, 84229.854974, 3276.612229, 0.057799, 770.756395, 67.573957, 0, 387, 109, 2550001, 438219171, 11758219, 452527391
30000, 30000, 0, 0, greedy_1.000000, 38440, 1212, 79260.97461, inf, 173.41040462427745, 2027.1109996688563, 75159.211363, 1399.054593, 1.034882, 2697.694053, 3.971904, 0.007815, 173, 1568, 10350001, 358030140, 5744701, 374124842, 37062, 729, 79156.77619, inf, 348.83720930232556, 3116.5904814898513, 77018.202927, 691.467283, 0.165601, 1442.37667, 4.559341, 0.004368, 86, 879, 5130001, 422882416, 2657691, 430670108, 36387, 426, 85369.683669, inf, 697.6744186046511, 4460.519600147395, 84229.854974, 364.617666, 0.046498, 770.756395, 4.405822, 0.002314, 43, 438, 2550001, 438219171, 1306507, 442075679
30000, 30000, 0, 0, greedy_11.000000, 38249, 1021, 90102.366076, inf, 173.41040462427745, 2027.1109996688563, 75159.211363, 4405.491137, 0.663083, 2697.694053, 7838.899768, 0.406672, 1903, 700, 10350001, 358030140, 70860657, 439240798, 36949, 616, 84958.04572600001, inf, 348.83720930232556, 3116.5904814898513, 77018.202927, 1820.901503, 0.161884, 1442.37667, 4676.273109, 0.129633, 946, 432, 5130001, 422882416, 32632934, 460645351, 36324, 363, 88669.16535000001, inf, 697.6744186046511, 4460.519600147395, 84229.854974, 951.982246, 0.042259, 770.756395, 2716.498208, 0.031268, 473, 195, 2550001, 438219171, 16385366, 457154538
30000, 30000, 0, 0, greedy_13.000000, 38244, 1016, 91567.29274199999, inf, 173.41040462427745, 2027.1109996688563, 75159.211363, 4615.360384, 0.656941, 2697.694053, 9093.92667, 0.443331, 2249, 699, 10350001, 358030140, 82368271, 450748412, 36944, 611, 85774.602296, inf, 348.83720930232556, 3116.5904814898513, 77018.202927, 1877.427378, 0.164629, 1442.37667, 5436.288185, 0.142507, 1118, 431, 5130001, 422882416, 37950830, 465963247, 36323, 362, 89154.796826, inf, 697.6744186046511, 4460.519600147395, 84229.854974, 968.308522, 0.039955, 770.756395, 3185.801073, 0.035907, 559, 195, 2550001, 438219171, 18999336, 459768508
30000, 30000, 0, 0, greedy_15.000000, 38243, 1015, 93096.22104699998, inf, 173.41040462427745, 2027.1109996688563, 75159.211363, 4800.71767, 0.666579, 2697.694053, 10437.385529, 0.545853, 2595, 699, 10350001, 358030140, 93875885, 462256026, 36942, 609, 86597.528332, inf, 348.83720930232556, 3116.5904814898513, 77018.202927, 1917.451021, 0.162174, 1442.37667, 6219.160542, 0.174998, 1290, 431, 5130001, 422882416, 43268726, 471281143, 36323, 362, 89632.26548799999, inf, 697.6744186046511, 4460.519600147395, 84229.854974, 983.048745, 0.041748, 770.756395, 3648.520956, 0.04267, 645, 194, 2550001, 438219171, 21613306, 462382478
30000, 30000, 0, 0, greedy_17.000000, 38237, 1009, 94639.986526, inf, 173.41040462427745, 2027.1109996688563, 75159.211363, 4986.980905, 0.662272, 2697.694053, 11794.807301, 0.630632, 2941, 699, 10350001, 358030140, 105383499, 473763640, 36936, 603, 87469.41170099999, inf, 348.83720930232556, 3116.5904814898513, 77018.202927, 1970.003854, 0.163797, 1442.37667, 7038.456683, 0.20777, 1462, 431, 5130001, 422882416, 48586622, 476599039, 36323, 362, 90128.857962, inf, 697.6744186046511, 4460.519600147395, 84229.854974, 998.311748, 0.046367, 770.756395, 4129.836902, 0.051576, 731, 194, 2550001, 438219171, 24227276, 464996448
30000, 30000, 0, 0, greedy_19.000000, 38235, 1007, 96224.63945699998, inf, 173.41040462427745, 2027.1109996688563, 75159.211363, 5183.536501, 0.668123, 2697.694053, 13182.835766, 0.693651, 3287, 699, 10350001, 358030140, 116891113, 485271254, 36935, 602, 88220.476032, inf, 348.83720930232556, 3116.5904814898513, 77018.202927, 2017.361273, 0.163106, 1442.37667, 7742.145691, 0.226365, 1634, 430, 5130001, 422882416, 53904518, 481916935, 36323, 362, 90610.11666900001, inf, 697.6744186046511, 4460.519600147395, 84229.854974, 1013.695988, 0.048992, 770.756395, 4595.709966, 0.050354, 817, 194, 2550001, 438219171, 26841246, 467610418
30000, 30000, 0, 0, greedy_21.000000, 38234, 1006, 97651.62111399998, inf, 173.41040462427745, 2027.1109996688563, 75159.211363, 5367.612113, 0.671148, 2697.694053, 14425.675288, 0.757149, 3633, 699, 10350001, 358030140, 128398727, 496778868, 36933, 600, 88986.45712, inf, 348.83720930232556, 3116.5904814898513, 77018.202927, 2054.973063, 0.162305, 1442.37667, 8470.496835, 0.24532, 1806, 430, 5130001, 422882416, 59222414, 487234831, 36322, 361, 91039.766256, inf, 697.6744186046511, 4460.519600147395, 84229.854974, 1027.952774, 0.04827, 770.756395, 5011.09356, 0.060283, 903, 193, 2550001, 438219171, 29455216, 470224388
30000, 30000, 0, 0, greedy_23.000000, 38232, 1004, 99064.81287299999, inf, 173.41040462427745, 2027.1109996688563, 75159.211363, 5551.295537, 0.845655, 2697.694053, 15654.716477, 1.049788, 3979, 698, 10350001, 358030140, 139906341, 508286482, 36930, 597, 89767.61256700002, inf, 348.83720930232556, 3116.5904814898513, 77018.202927, 2098.758874, 0.163977, 1442.37667, 9207.831887, 0.278232, 1978, 430, 5130001, 422882416, 64540310, 492552727, 36322, 361, 91475.58769400002, inf, 697.6744186046511, 4460.519600147395, 84229.854974, 1041.335732, 0.04777, 770.756395, 5433.530246, 0.062577, 989, 193, 2550001, 438219171, 32069186, 472838358
30000, 30000, 0, 0, greedy_25.000000, 38230, 1002, 100482.556656, inf, 173.41040462427745, 2027.1109996688563, 75159.211363, 5725.902243, 0.836037, 2697.694053, 16897.983848, 0.929112, 4325, 698, 10350001, 358030140, 151413955, 519794096, 36930, 597, 90554.728104, inf, 348.83720930232556, 3116.5904814898513, 77018.202927, 2139.05536, 0.160922, 1442.37667, 9954.63083, 0.301395, 2150, 430, 5130001, 422882416, 69858206, 497870623, 36320, 359, 91925.55483099999, inf, 697.6744186046511, 4460.519600147395, 84229.854974, 1050.371326, 0.042701, 770.756395, 5874.462179, 0.067256, 1075, 193, 2550001, 438219171, 34683156, 475452328
30000, 30000, 0, 0, greedy_27.000000, 38230, 1002, 101907.617663, inf, 173.41040462427745, 2027.1109996688563, 75159.211363, 5880.874834, 0.672081, 2697.694053, 18168.241127, 0.924205, 4671, 698, 10350001, 358030140, 162921569, 531301710, 36930, 597, 91352.45483999999, inf, 348.83720930232556, 3116.5904814898513, 77018.202927, 2189.308039, 0.163306, 1442.37667, 10702.093667, 0.310231, 2322, 430, 5130001, 422882416, 75176102, 503188519, 36320, 359, 92394.845181, inf, 697.6744186046511, 4460.519600147395, 84229.854974, 1065.68766, 0.042219, 770.756395, 6328.428682, 0.075251, 1161, 193, 2550001, 438219171, 37297126, 478066298
30000, 30000, 0, 0, greedy_29.000000, 38229, 1001, 103346.811347, inf, 173.41040462427745, 2027.1109996688563, 75159.211363, 6054.703056, 0.663654, 2697.694053, 19433.434498, 1.104723, 5017, 698, 10350001, 358030140, 174429183, 542809324, 36927, 594, 92065.46011100001, inf, 348.83720930232556, 3116.5904814898513, 77018.202927, 2232.293995, 0.16515, 1442.37667, 11372.065692, 0.355677, 2494, 430, 5130001, 422882416, 80493998, 508506415, 36320, 359, 92765.924186, inf, 697.6744186046511, 4460.519600147395, 84229.854974, 1082.24506, 0.043291, 770.756395, 6682.948072, 0.076394, 1247, 192, 2550001, 438219171, 39911096, 480680268
30000, 30000, 0, 0, greedy_3.000000, 38271, 1043, 83092.12462899998, inf, 173.41040462427745, 2027.1109996688563, 75159.211363, 3418.410911, 1.42811, 2697.694053, 1815.28874, 0.091452, 519, 704, 10350001, 358030140, 24830201, 393210342, 36977, 644, 81112.08992700001, inf, 348.83720930232556, 3116.5904814898513, 77018.202927, 1583.224845, 0.166623, 1442.37667, 1068.086782, 0.03208, 258, 436, 5130001, 422882416, 11361350, 439373767, 36331, 370, 86509.57133, inf, 697.6744186046511, 4460.519600147395, 84229.854974, 885.336657, 0.04754, 770.756395, 623.56335, 0.012414, 129, 200, 2550001, 438219171, 5929486, 446698658
30000, 30000, 0, 0, greedy_31.000000, 38227, 999, 104804.272237, inf, 173.41040462427745, 2027.1109996688563, 75159.211363, 6233.968947, 0.664596, 2697.694053, 20711.495997, 1.237281, 5363, 698, 10350001, 358030140, 185936797, 554316938, 36927, 594, 92772.09606699999, inf, 348.83720930232556, 3116.5904814898513, 77018.202927, 2268.161049, 0.173877, 1442.37667, 12042.797153, 0.384391, 2666, 429, 5130001, 422882416, 85811894, 513824311, 36320, 359, 93170.72949600001, inf, 697.6744186046511, 4460.519600147395, 84229.854974, 1091.904364, 0.04266, 770.756395, 7078.088007, 0.083096, 1333, 192, 2550001, 438219171, 42525066, 483294238
30000, 30000, 0, 0, greedy_33.000000, 38227, 999, 106262.345208, inf, 173.41040462427745, 2027.1109996688563, 75159.211363, 6412.348886, 0.66518, 2697.694053, 21991.208289, 1.217437, 5709, 698, 10350001, 358030140, 197444411, 565824552, 36927, 594, 93429.576466, inf, 348.83720930232556, 3116.5904814898513, 77018.202927, 2297.353488, 0.165911, 1442.37667, 12671.086477, 0.390993, 2838, 429, 5130001, 422882416, 91129790, 519142207, 36320, 359, 93574.187359, inf, 697.6744186046511, 4460.519600147395, 84229.854974, 1101.583916, 0.046047, 770.756395, 7471.860537, 0.08549, 1419, 192, 2550001, 438219171, 45139036, 485908208
30000, 30000, 0, 0, greedy_35.000000, 38226, 998, 107731.314732, inf, 173.41040462427745, 2027.1109996688563, 75159.211363, 6585.561314, 0.663325, 2697.694053, 23286.789028, 1.395649, 6055, 698, 10350001, 358030140, 208952025, 577332166, 36927, 594, 94140.107126, inf, 348.83720930232556, 3116.5904814898513, 77018.202927, 2332.877469, 0.165741, 1442.37667, 13346.065072, 0.419247, 3010, 429, 5130001, 422882416, 96447686, 524460103, 36319, 358, 94002.31545000001, inf, 697.6744186046511, 4460.519600147395, 84229.854974, 1113.552231, 0.048181, 770.756395, 7888.007408, 0.096261, 1505, 192, 2550001, 438219171, 47753006, 488522178
30000, 30000, 0, 0, greedy_37.000000, 38224, 996, 109071.08985399999, inf, 173.41040462427745, 2027.1109996688563, 75159.211363, 6793.180993, 0.664406, 2697.694053, 24418.848672, 1.490367, 6401, 697, 10350001, 358030140, 220459639, 588839780, 36926, 593, 94919.134814, inf, 348.83720930232556, 3116.5904814898513, 77018.202927, 2373.935359, 0.163857, 1442.37667, 14084.028609, 0.427392, 3182, 429, 5130001, 422882416, 101765582, 529777999, 36318, 357, 94458.826986, inf, 697.6744186046511, 4460.519600147395, 84229.854974, 1139.849587, 0.048161, 770.756395, 8318.218663, 0.099206, 1591, 192, 2550001, 438219171, 50366976, 491136148
30000, 30000, 0, 0, greedy_39.000000, 38224, 996, 110764.18605799999, inf, 173.41040462427745, 2027.1109996688563, 75159.211363, 7022.891214, 0.659267, 2697.694053, 25881.709489, 2.020672, 6747, 697, 10350001, 358030140, 231967253, 600347394, 36925, 592, 95785.747904, inf, 348.83720930232556, 3116.5904814898513, 77018.202927, 2438.18724, 0.161142, 1442.37667, 14886.388616, 0.431309, 3354, 429, 5130001, 422882416, 107083478, 535095895, 36317, 356, 94886.784894, inf, 697.6744186046511, 4460.519600147395, 84229.854974, 1142.406983, 0.047159, 770.756395, 8743.613836, 0.105547, 1677, 192, 2550001, 438219171, 52980946, 493750118
30000, 30000, 0, 0, greedy_5.000000, 38258, 1030, 84950.17662999999, inf, 173.41040462427745, 2027.1109996688563, 75159.211363, 3701.606147, 0.6929, 2697.694053, 3390.812277, 0.15989, 865, 702, 10350001, 358030140, 36337815, 404717956, 36965, 632, 82148.99634700001, inf, 348.83720930232556, 3116.5904814898513, 77018.202927, 1651.192469, 0.167003, 1442.37667, 2036.997356, 0.059922, 430, 434, 5130001, 422882416, 16679246, 444691663, 36331, 370, 87084.66538, inf, 697.6744186046511, 4460.519600147395, 84229.854974, 904.965258, 0.045966, 770.756395, 1179.024412, 0.018375, 215, 197, 2550001, 438219171, 8543456, 449312628
30000, 30000, 0, 0, greedy_7.000000, 38255, 1027, 86721.716216, inf, 173.41040462427745, 2027.1109996688563, 75159.211363, 3944.732668, 0.846436, 2697.694053, 4918.953343, 0.278353, 1211, 701, 10350001, 358030140, 47845429, 416225570, 36956, 623, 83127.23101, inf, 348.83720930232556, 3116.5904814898513, 77018.202927, 1711.76208, 0.16522, 1442.37667, 2954.643232, 0.080881, 602, 433, 5130001, 422882416, 21997142, 450009559, 36330, 369, 87626.60852699999, inf, 697.6744186046511, 4460.519600147395, 84229.854974, 920.366777, 0.044623, 770.756395, 1705.561513, 0.024245, 301, 196, 2550001, 438219171, 11157426, 451926598
30000, 30000, 0, 0, greedy_9.000000, 38251, 1023, 88416.594807, inf, 173.41040462427745, 2027.1109996688563, 75159.211363, 4203.952693, 0.78958, 2697.694053, 6354.623772, 0.323346, 1557, 700, 10350001, 358030140, 59353043, 427733184, 36953, 620, 84024.47599400001, inf, 348.83720930232556, 3116.5904814898513, 77018.202927, 1768.307201, 0.16545, 1442.37667, 3795.319189, 0.104557, 774, 432, 5130001, 422882416, 27315038, 455327455, 36324, 363, 88151.42641400002, inf, 697.6744186046511, 4460.519600147395, 84229.854974, 938.502295, 0.062176, 770.756395, 2212.217021, 0.033553, 387, 196, 2550001, 438219171, 13771396, 454540568
30000, 30000, 0, 0, opt, 38206, 978, 93054.931474, inf, 173.41040462427745, 2027.1109996688563, 75159.211363, 15194.744898, 3.28116, 2697.694053, 0, 0, 0, 0, 10350001, 358030140, 97655935, 466036076, 36907, 574, 84056.15018000001, inf, 348.83720930232556, 3116.5904814898513, 77018.202927, 5595.401096, 0.169487, 1442.37667, 0, 0, 0, 0, 5130001, 422882416, 27535410, 455547827, 36308, 347, 87736.51155200001, inf, 697.6744186046511, 4460.519600147395, 84229.854974, 2735.850489, 0.049694, 770.756395, 0, 0, 0, 0, 2550001, 438219171, 11848815, 452617987
30000, 30000, 0, 0, plus_edge, 38347, 1119, 79285.864792, inf, 173.41040462427745, 2027.1109996688563, 75159.211363, 1428.196666, 0.76271, 2697.694053, 0, 0, 0, 0, 10350001, 358030140, 5744112, 374124253, 37022, 689, 79157.24137, inf, 348.83720930232556, 3116.5904814898513, 77018.202927, 696.506131, 0.155642, 1442.37667, 0, 0, 0, 0, 5130001, 422882416, 2634830, 430647247, 36363, 402, 85369.077481, inf, 697.6744186046511, 4460.519600147395, 84229.854974, 368.418863, 0.047249, 770.756395, 0, 0, 0, 0, 2550001, 438219171, 1278228, 442047400
30000, 30000, 0, 0, simple, 38440, 1212, 79251.92037099999, inf, 173.41040462427745, 2027.1109996688563, 75159.211363, 1394.277062, 0.737893, 2697.694053, 0, 0, 0, 0, 10350001, 358030140, 5714528, 374094669, 37062, 729, 79151.871288, inf, 348.83720930232556, 3116.5904814898513, 77018.202927, 691.139516, 0.152175, 1442.37667, 0, 0, 0, 0, 5130001, 422882416, 2627605, 430640022, 36387, 426, 85365.559743, inf, 697.6744186046511, 4460.519600147395, 84229.854974, 364.888251, 0.060123, 770.756395, 0, 0, 0, 0, 2550001, 438219171, 1276464, 442045636
30000, 30000, 0, 0, dp_1.000000, 37895, 1492, 97043.44143700002, inf, 173.41040462427745, 2171.376668161531, 92730.336152, 1454.628687, 0.632507, 2854.035675, 3.798648, 0.009768, 173, 0, 10350001, 410422985, 5420137, 426193123, 37269, 860, 93113.41384899999, inf, 348.83720930232556, 3142.4966591181865, 90722.890204, 775.536016, 0.163316, 1611.156244, 3.661457, 0.006612, 86, 0, 5130001, 429854824, 2636526, 437621351, 36589, 510, 93410.813166, inf, 697.6744186046511, 4479.805008842747, 92099.453454, 414.612369, 0.039665, 893.227354, 3.476908, 0.003416, 43, 0, 2550001, 441926154, 1301257, 445777412
30000, 30000, 0, 0, dp_11.000000, 37677, 1274, 113058.892952, inf, 173.41040462427745, 2171.376668161531, 92730.336152, 9148.62567, 0.663043, 2854.035675, 8160.940946, 164.291466, 1903, 6, 10350001, 410422985, 93866637, 514639623, 37142, 733, 102528.14689700001, inf, 348.83720930232556, 3142.4966591181865, 90722.890204, 5399.435303, 0.171572, 1611.156244, 4775.374125, 19.119449, 946, 9, 5130001, 429854824, 48945771, 483930596, 36513, 434, 97882.909577, inf, 697.6744186046511, 4479.805008842747, 92099.453454, 2118.420764, 0.045926, 893.227354, 2769.339157, 2.422922, 473, 10, 2550001, 441926154, 21095059, 465571214
30000, 30000, 0, 0, dp_13.000000, 37677, 1274, 114316.742545, inf, 173.41040462427745, 2171.376668161531, 92730.336152, 8841.107677, 0.620874, 2854.035675, 9656.046006, 234.596161, 2249, 5, 10350001, 410422985, 101535030, 522308016, 37142, 733, 103465.576363, inf, 348.83720930232556, 3142.4966591181865, 90722.890204, 5554.737185, 0.171852, 1611.156244, 5549.584091, 27.036787, 1118, 8, 5130001, 429854824, 54837985, 489822810, 36513, 434, 99000.67472, inf, 697.6744186046511, 4479.805008842747, 92099.453454, 2711.356178, 0.046297, 893.227354, 3293.190181, 3.401256, 559, 10, 2550001, 441926154, 26254801, 470730956
30000, 30000, 0, 0, dp_15.000000, 37677, 1274, 117311.607224, inf, 173.41040462427745, 2171.376668161531, 92730.336152, 10416.281027, 0.671859, 2854.035675, 10998.598136, 311.684375, 2595, 5, 10350001, 410422985, 122290532, 543063518, 37142, 733, 104121.242616, inf, 348.83720930232556, 3142.4966591181865, 90722.890204, 5380.965777, 0.169769, 1611.156244, 6369.64787, 36.412752, 1290, 7, 5130001, 429854824, 58854615, 493839440, 36513, 434, 99224.70691400001, inf, 697.6744186046511, 4479.805008842747, 92099.453454, 2469.464933, 0.056286, 893.227354, 3757.965237, 4.53965, 645, 9, 2550001, 441926154, 27758122, 472234277
30000, 30000, 0, 0, dp_17.000000, 37677, 1274, 120414.776159, inf, 173.41040462427745, 2171.376668161531, 92730.336152, 11980.223489, 0.660097, 2854.035675, 12446.068735, 403.452011, 2941, 5, 10350001, 410422985, 143046034, 563819020, 37142, 733, 105931.34167899999, inf, 348.83720930232556, 3142.4966591181865, 90722.890204, 6345.15225, 0.220474, 1611.156244, 7204.600786, 47.321721, 1462, 7, 5130001, 429854824, 69172035, 504156860, 36513, 434, 100292.28798600001, inf, 697.6744186046511, 4479.805008842747, 92099.453454, 3056.035293, 0.04824, 893.227354, 4237.672667, 5.850978, 731, 9, 2550001, 441926154, 32917864, 477394019
30000, 30000, 0, 0, dp_19.000000, 37677, 1274, 119837.41086, inf, 173.41040462427745, 2171.376668161531, 92730.336152, 9831.931879, 0.649137, 2854.035675, 13916.726153, 503.731864, 3287, 4, 10350001, 410422985, 138371880, 559144866, 37142, 733, 106040.474987, inf, 348.83720930232556, 3142.4966591181865, 90722.890204, 5702.447807, 0.171993, 1611.156244, 7944.242143, 59.566596, 1634, 6, 5130001, 429854824, 70639043, 505623868, 36513, 434, 100032.84302300001, inf, 697.6744186046511, 4479.805008842747, 92099.453454, 2312.171831, 0.045175, 893.227354, 4720.625161, 7.320048, 817, 8, 2550001, 441926154, 32191660, 476667815
30000, 30000, 0, 0, dp_21.000000, 37677, 1274, 122961.26841, inf, 173.41040462427745, 2171.376668161531, 92730.336152, 11425.979688, 0.849914, 2854.035675, 15332.683502, 617.383479, 3633, 4, 10350001, 410422985, 159127382, 579900368, 37142, 733, 107760.377637, inf, 348.83720930232556, 3142.4966591181865, 90722.890204, 6671.859438, 0.170891, 1611.156244, 8680.209121, 74.091739, 1806, 6, 5130001, 429854824, 80956463, 515941288, 36513, 434, 101057.596005, inf, 697.6744186046511, 4479.805008842747, 92099.453454, 2908.136918, 0.05896, 893.227354, 5147.741763, 8.977556, 903, 8, 2550001, 441926154, 37351402, 481827557
30000, 30000, 0, 0, dp_23.000000, 37677, 1274, 125988.141957, inf, 173.41040462427745, 2171.376668161531, 92730.336152, 12974.454292, 0.822422, 2854.035675, 16687.254059, 741.239357, 3979, 4, 10350001, 410422985, 179882884, 600655870, 37142, 733, 109485.003355, inf, 348.83720930232556, 3142.4966591181865, 90722.890204, 7632.629244, 0.17044, 1611.156244, 9429.242253, 88.91497, 1978, 6, 5130001, 429854824, 91273883, 526258708, 36513, 434, 102093.48427, inf, 697.6744186046511, 4479.805008842747, 92099.453454, 3499.304569, 0.043511, 893.227354, 5590.658114, 10.797268, 989, 8, 2550001, 441926154, 42511144, 486987299
30000, 30000, 0, 0, dp_25.000000, 37677, 1274, 129048.30208600001, inf, 173.41040462427745, 2171.376668161531, 92730.336152, 14536.841512, 0.676158, 2854.035675, 18044.467825, 881.944764, 4325, 4, 10350001, 410422985, 200638386, 621411372, 37142, 733, 108272.481789, inf, 348.83720930232556, 3142.4966591181865, 90722.890204, 5636.518596, 0.167004, 1611.156244, 10195.215106, 106.534635, 2150, 5, 5130001, 429854824, 85473003, 520457828, 36513, 434, 101363.04487900002, inf, 697.6744186046511, 4479.805008842747, 92099.453454, 2302.46123, 0.045475, 893.227354, 6055.058344, 12.799022, 1075, 7, 2550001, 441926154, 39793231, 484269386
30000, 30000, 0, 0, dp_27.000000, 37677, 1274, 131993.625462, inf, 173.41040462427745, 2171.376668161531, 92730.336152, 16119.387109, 0.839495, 2854.035675, 19262.739149, 1026.287882, 4671, 4, 10350001, 410422985, 221393888, 642166874, 37142, 733, 110045.324734, inf, 348.83720930232556, 3142.4966591181865, 90722.890204, 6614.26688, 0.219402, 1611.156244, 10973.223111, 123.568893, 2322, 5, 5130001, 429854824, 95790423, 530775248, 36513, 434, 102422.169523, inf, 697.6744186046511, 4479.805008842747, 92099.453454, 2894.069187, 0.044845, 893.227354, 6520.38875, 14.985933, 1161, 7, 2550001, 441926154, 44952973, 489429128
30000, 30000, 0, 0, dp_29.000000, 37677, 1274, 128043.29850199999, inf, 173.41040462427745, 2171.376668161531, 92730.336152, 10631.371525, 0.680346, 2854.035675, 20643.293291, 1183.581513, 5017, 3, 10350001, 410422985, 194125141, 614898127, 37142, 733, 111738.27026099998, inf, 348.83720930232556, 3142.4966591181865, 90722.890204, 7565.661763, 0.169057, 1611.156244, 11695.119759, 143.273234, 2494, 5, 5130001, 429854824, 106107843, 541092668, 36513, 434, 103390.61942900001, inf, 697.6744186046511, 4479.805008842747, 92099.453454, 3482.564486, 0.044964, 893.227354, 6897.994353, 17.334818, 1247, 7, 2550001, 441926154, 50112715, 494588870
30000, 30000, 0, 0, dp_3.000000, 37732, 1329, 101406.396473, inf, 173.41040462427745, 2171.376668161531, 92730.336152, 3946.867735, 0.802895, 2854.035675, 1865.895813, 8.458203, 519, 399, 10350001, 410422985, 26641389, 447414375, 37167, 758, 95474.038978, inf, 348.83720930232556, 3142.4966591181865, 90722.890204, 2042.779801, 0.169739, 1611.156244, 1095.883345, 1.159645, 258, 213, 5130001, 429854824, 13010085, 447994910, 36523, 444, 94703.78406900002, inf, 697.6744186046511, 4479.805008842747, 92099.453454, 1095.067312, 0.044844, 893.227354, 615.794928, 0.196177, 129, 75, 2550001, 441926154, 6483679, 450959834
30000, 30000, 0, 0, dp_31.000000, 37677, 1274, 130992.381941, inf, 173.41040462427745, 2171.376668161531, 92730.336152, 12178.051372, 0.67721, 2854.035675, 21878.298528, 1350.983004, 5363, 3, 10350001, 410422985, 214880643, 635653629, 37142, 733, 113409.768819, inf, 348.83720930232556, 3142.4966591181865, 90722.890204, 8554.172605, 0.166943, 1611.156244, 12357.365244, 164.017579, 2666, 5, 5130001, 429854824, 116425263, 551410088, 36513, 434, 104442.87681300001, inf, 697.6744186046511, 4479.805008842747, 92099.453454, 4078.031088, 0.047339, 893.227354, 7352.342263, 19.775315, 1333, 7, 2550001, 441926154, 55272457, 499748612
30000, 30000, 0, 0, dp_33.000000, 37677, 1274, 134249.15911100002, inf, 173.41040462427745, 2171.376668161531, 92730.336152, 13766.188433, 0.658808, 2854.035675, 23365.401169, 1532.538874, 5709, 3, 10350001, 410422985, 235636145, 656409131, 37142, 733, 115075.078161, inf, 348.83720930232556, 3142.4966591181865, 90722.890204, 9521.406948, 0.155772, 1611.156244, 13033.412613, 186.05638, 2838, 5, 5130001, 429854824, 126742683, 561727508, 36513, 434, 103040.770429, inf, 697.6744186046511, 4479.805008842747, 92099.453454, 2316.514896, 0.040786, 893.227354, 7709.070984, 22.462955, 1419, 6, 2550001, 441926154, 50087203, 494563358
30000, 30000, 0, 0, dp_35.000000, 37677, 1274, 137189.54473700002, inf, 173.41040462427745, 2171.376668161531, 92730.336152, 15304.383005, 0.676509, 2854.035675, 24575.976157, 1724.137239, 6055, 3, 10350001, 410422985, 256391647, 677164633, 37142, 733, 111715.68825099999, inf, 348.83720930232556, 3142.4966591181865, 90722.890204, 5425.343761, 0.172624, 1611.156244, 13746.18161, 209.943808, 3010, 4, 5130001, 429854824, 109688299, 544673124, 36513, 434, 104058.69705, inf, 697.6744186046511, 4479.805008842747, 92099.453454, 2910.008638, 0.044764, 893.227354, 8130.339799, 25.623041, 1505, 6, 2550001, 441926154, 55246945, 499723100
30000, 30000, 0, 0, dp_37.000000, 37677, 1274, 140333.62725900003, inf, 173.41040462427745, 2171.376668161531, 92730.336152, 16888.213614, 0.664347, 2854.035675, 25932.566782, 1927.810689, 6401, 3, 10350001, 410422985, 277147149, 697920135, 37142, 733, 113532.08853999998, inf, 348.83720930232556, 3142.4966591181865, 90722.890204, 6431.617617, 0.174317, 1611.156244, 14529.08583, 237.164328, 3182, 4, 5130001, 429854824, 120005719, 554990544, 36513, 434, 105072.30196900002, inf, 697.6744186046511, 4479.805008842747, 92099.453454, 3497.993902, 0.044634, 893.227354, 8553.148402, 28.434223, 1591, 6, 2550001, 441926154, 60406687, 504882842
30000, 30000, 0, 0, dp_39.000000, 37677, 1274, 143713.996883, inf, 173.41040462427745, 2171.376668161531, 92730.336152, 18614.748404, 0.638198, 2854.035675, 27351.935312, 2162.303142, 6747, 3, 10350001, 410422985, 297902651, 718675637, 37142, 733, 115282.02231599999, inf, 348.83720930232556, 3142.4966591181865, 90722.890204, 7417.588102, 0.171983, 1611.156244, 15265.857833, 264.35795, 3354, 4, 5130001, 429854824, 130323139, 565307964, 36513, 434, 106112.376354, inf, 697.6744186046511, 4479.805008842747, 92099.453454, 4102.383938, 0.045305, 893.227354, 8985.636988, 31.629315, 1677, 6, 2550001, 441926154, 65566429, 510042584
30000, 30000, 0, 0, dp_5.000000, 37688, 1285, 105392.71181000002, inf, 173.41040462427745, 2171.376668161531, 92730.336152, 6258.355169, 0.755115, 2854.035675, 3520.18406, 29.045639, 865, 105, 10350001, 410422985, 47820504, 468593490, 37145, 736, 97711.767348, inf, 348.83720930232556, 3142.4966591181865, 90722.890204, 3287.901937, 0.169417, 1611.156244, 2086.216047, 3.433499, 430, 82, 5130001, 429854824, 23434108, 458418933, 36513, 434, 95881.48456200001, inf, 697.6744186046511, 4479.805008842747, 92099.453454, 1701.052249, 0.046818, 893.227354, 1187.198728, 0.505959, 215, 26, 2550001, 441926154, 11546653, 456022808
30000, 30000, 0, 0, dp_7.000000, 37677, 1274, 108917.36298600002, inf, 173.41040462427745, 2171.376668161531, 92730.336152, 8081.821973, 0.765515, 2854.035675, 5188.438762, 61.964909, 1211, 9, 10350001, 410422985, 66702770, 487475756, 37142, 733, 99764.54883700001, inf, 348.83720930232556, 3142.4966591181865, 90722.890204, 4413.047623, 0.172162, 1611.156244, 3009.856566, 7.426038, 602, 25, 5130001, 429854824, 33866279, 468851104, 36513, 434, 96807.068509, inf, 697.6744186046511, 4479.805008842747, 92099.453454, 2083.197413, 0.043592, 893.227354, 1730.151621, 0.995075, 301, 13, 2550001, 441926154, 15858892, 460335047
30000, 30000, 0, 0, dp_9.000000, 37677, 1274, 111007.98237400001, inf, 173.41040462427745, 2171.376668161531, 92730.336152, 8662.135221, 0.791935, 2854.035675, 6654.202509, 106.480882, 1557, 7, 10350001, 410422985, 80556755, 501329741, 37142, 733, 101103.40285899998, inf, 348.83720930232556, 3142.4966591181865, 90722.890204, 4880.011184, 0.208651, 1611.156244, 3876.579825, 12.556751, 774, 10, 5130001, 429854824, 41060749, 476045574, 36513, 434, 97406.07403199999, inf, 697.6744186046511, 4479.805008842747, 92099.453454, 2141.055176, 0.04798, 893.227354, 2270.658078, 1.63199, 387, 11, 2550001, 441926154, 18640474, 463116629
30000, 30000, 0, 0, fixed_reps_1, 37895, 1492, 97039.33258500001, inf, 173.41040462427745, 2171.376668161531, 92730.336152, 1450.01567, 0.831348, 2854.035675, 4.11374, 0, 173, 1487, 10350001, 410422985, 5420137, 426193123, 37269, 860, 93120.90738799999, inf, 348.83720930232556, 3142.4966591181865, 90722.890204, 782.724483, 0.184816, 1611.156244, 3.951641, 0, 86, 759, 5130001, 429854824, 2636526, 437621351, 36589, 510, 93410.818071, inf, 697.6744186046511, 4479.805008842747, 92099.453454, 414.577597, 0.046017, 893.227354, 3.513649, 0, 43, 377, 2550001, 441926154, 1301257, 445777412
30000, 30000, 0, 0, fixed_reps_11, 37699, 1296, 111299.62590099999, inf, 173.41040462427745, 2171.376668161531, 92730.336152, 15647.865392, 0.637345, 2854.035675, 66.751337, 0, 1903, 234, 10350001, 410422985, 59619777, 480392763, 37154, 745, 100834.86082300001, inf, 348.83720930232556, 3142.4966591181865, 90722.890204, 8424.544181, 0.172814, 1611.156244, 76.09738, 0, 946, 164, 5130001, 429854824, 29000926, 463985751, 36520, 441, 97490.466521, inf, 697.6744186046511, 4479.805008842747, 92099.453454, 4416.449388, 0.049833, 893.227354, 81.286492, 0, 473, 63, 2550001, 441926154, 14313397, 458789552
30000, 30000, 0, 0, fixed_reps_13, 37691, 1288, 114111.847265, inf, 173.41040462427745, 2171.376668161531, 92730.336152, 18447.259093, 0.808375, 2854.035675, 79.40797, 0, 2249, 182, 10350001, 410422985, 70459705, 491232691, 37153, 744, 102336.07593899999, inf, 348.83720930232556, 3142.4966591181865, 90722.890204, 9912.741222, 0.166512, 1611.156244, 89.121757, 0, 1118, 142, 5130001, 429854824, 34273806, 469258631, 36517, 438, 98303.383047, inf, 697.6744186046511, 4479.805008842747, 92099.453454, 5212.413822, 0.06407, 893.227354, 98.224347, 0, 559, 53, 2550001, 441926154, 16915825, 461391980
30000, 30000, 0, 0, fixed_reps_15, 37686, 1283, 116963.082743, inf, 173.41040462427745, 2171.376668161531, 92730.336152, 21285.703099, 0.827761, 2854.035675, 92.180056, 0, 2595, 145, 10350001, 410422985, 81299633, 502072619, 37150, 741, 103942.53157299999, inf, 348.83720930232556, 3142.4966591181865, 90722.890204, 11503.467135, 0.221555, 1611.156244, 104.796435, 0, 1290, 111, 5130001, 429854824, 39546686, 474531511, 36514, 435, 99122.52296400002, inf, 697.6744186046511, 4479.805008842747, 92099.453454, 6016.724906, 0.055745, 893.227354, 113.061505, 0, 645, 47, 2550001, 441926154, 19518253, 463994408
30000, 30000, 0, 0, fixed_reps_17, 37686, 1283, 119768.92849800001, inf, 173.41040462427745, 2171.376668161531, 92730.336152, 24079.910107, 0.650209, 2854.035675, 103.996355, 0, 2941, 105, 10350001, 410422985, 92139561, 512912547, 37149, 740, 105369.69004399999, inf, 348.83720930232556, 3142.4966591181865, 90722.890204, 12917.98098, 0.170901, 1611.156244, 117.491715, 0, 1462, 88, 5130001, 429854824, 44819566, 479804391, 36514, 435, 99931.58310300001, inf, 697.6744186046511, 4479.805008842747, 92099.453454, 6810.641164, 0.043732, 893.227354, 128.217399, 0, 731, 40, 2550001, 441926154, 22120681, 466596836
30000, 30000, 0, 0, fixed_reps_19, 37686, 1283, 122595.84580500002, inf, 173.41040462427745, 2171.376668161531, 92730.336152, 26894.400643, 0.818685, 2854.035675, 116.25465, 0, 3287, 79, 10350001, 410422985, 102979489, 523752475, 37149, 740, 106938.63845899998, inf, 348.83720930232556, 3142.4966591181865, 90722.890204, 14472.460499, 0.211908, 1611.156244, 131.919604, 0, 1634, 80, 5130001, 429854824, 50092446, 485077271, 36513, 434, 100751.182168, inf, 697.6744186046511, 4479.805008842747, 92099.453454, 7616.415612, 0.053882, 893.227354, 142.031866, 0, 817, 37, 2550001, 441926154, 24723109, 469199264
30000, 30000, 0, 0, fixed_reps_21, 37683, 1280, 125434.81827599999, inf, 173.41040462427745, 2171.376668161531, 92730.336152, 29722.513522, 0.822431, 2854.035675, 127.110496, 0, 3633, 50, 10350001, 410422985, 113819417, 534592403, 37148, 739, 108564.840256, inf, 348.83720930232556, 3142.4966591181865, 90722.890204, 16084.229398, 0.219131, 1611.156244, 146.345279, 0, 1806, 77, 5130001, 429854824, 55365326, 490350151, 36513, 434, 101583.01876, inf, 697.6744186046511, 4479.805008842747, 92099.453454, 8433.81531, 0.046708, 893.227354, 156.475934, 0, 903, 35, 2550001, 441926154, 27325537, 471801692
30000, 30000, 0, 0, fixed_reps_23, 37680, 1277, 128295.61848, inf, 173.41040462427745, 2171.376668161531, 92730.336152, 32570.828524, 0.839203, 2854.035675, 139.578926, 0, 3979, 49, 10350001, 410422985, 124659345, 545432331, 37148, 739, 109898.83119499999, inf, 348.83720930232556, 3142.4966591181865, 90722.890204, 17403.15359, 0.168446, 1611.156244, 161.462711, 0, 1978, 73, 5130001, 429854824, 60638206, 495623031, 36513, 434, 102445.29505100001, inf, 697.6744186046511, 4479.805008842747, 92099.453454, 9281.346839, 0.046266, 893.227354, 171.221138, 0, 989, 31, 2550001, 441926154, 29927965, 474404120
30000, 30000, 0, 0, fixed_reps_25, 37679, 1276, 131183.029915, inf, 173.41040462427745, 2171.376668161531, 92730.336152, 35446.13391, 0.831339, 2854.035675, 151.692839, 0, 4325, 46, 10350001, 410422985, 135499273, 556272259, 37144, 735, 111414.97157, inf, 348.83720930232556, 3142.4966591181865, 90722.890204, 18904.619634, 0.208, 1611.156244, 176.097488, 0, 2150, 61, 5130001, 429854824, 65911086, 500895911, 36513, 434, 103188.41643600001, inf, 697.6744186046511, 4479.805008842747, 92099.453454, 10009.787222, 0.056255, 893.227354, 185.892151, 0, 1075, 30, 2550001, 441926154, 32530393, 477006548
30000, 30000, 0, 0, fixed_reps_27, 37679, 1276, 134016.935283, inf, 173.41040462427745, 2171.376668161531, 92730.336152, 38268.560107, 0.827451, 2854.035675, 163.175898, 0, 4671, 46, 10350001, 410422985, 146339201, 567112187, 37144, 735, 112925.87687599998, inf, 348.83720930232556, 3142.4966591181865, 90722.890204, 20403.421165, 0.171101, 1611.156244, 188.238162, 0, 2322, 51, 5130001, 429854824, 71183966, 506168791, 36513, 434, 104117.423295, inf, 697.6744186046511, 4479.805008842747, 92099.453454, 10922.234875, 0.049082, 893.227354, 202.45853, 0, 1161, 25, 2550001, 441926154, 35132821, 479608976
30000, 30000, 0, 0, fixed_reps_29, 37679, 1276, 136809.240553, inf, 173.41040462427745, 2171.376668161531, 92730.336152, 41049.78558, 0.847709, 2854.035675, 174.235437, 0, 5017, 43, 10350001, 410422985, 157179129, 577952115, 37144, 735, 114446.426648, inf, 348.83720930232556, 3142.4966591181865, 90722.890204, 21911.782567, 0.215384, 1611.156244, 200.382249, 0, 2494, 48, 5130001, 429854824, 76456846, 511441671, 36513, 434, 104838.27684300001, inf, 697.6744186046511, 4479.805008842747, 92099.453454, 11628.369449, 0.046988, 893.227354, 217.179598, 0, 1247, 25, 2550001, 441926154, 37735249, 482211404
30000, 30000, 0, 0, fixed_reps_3, 37771, 1368, 99924.213649, inf, 173.41040462427745, 2171.376668161531, 92730.336152, 4321.394758, 1.098158, 2854.035675, 17.348906, 0, 519, 820, 10350001, 410422985, 16260065, 437033051, 37175, 766, 94659.06028, inf, 348.83720930232556, 3142.4966591181865, 90722.890204, 2305.68356, 0.173164, 1611.156244, 19.157108, 0, 258, 465, 5130001, 429854824, 7909406, 442894231, 36533, 454, 94250.09213300001, inf, 697.6744186046511, 4479.805008842747, 92099.453454, 1237.086217, 0.045215, 893.227354, 20.279893, 0, 129, 219, 2550001, 441926154, 3903685, 448379840
30000, 30000, 0, 0, fixed_reps_31, 37679, 1276, 139567.13067, inf, 173.41040462427745, 2171.376668161531, 92730.336152, 43795.184366, 0.835146, 2854.035675, 186.739331, 0, 5363, 42, 10350001, 410422985, 168019057, 588792043, 37144, 735, 115986.927145, inf, 348.83720930232556, 3142.4966591181865, 90722.890204, 23440.579424, 0.212599, 1611.156244, 212.088674, 0, 2666, 43, 5130001, 429854824, 81729726, 516714551, 36513, 434, 105650.155966, inf, 697.6744186046511, 4479.805008842747, 92099.453454, 12425.80934, 0.060514, 893.227354, 231.605304, 0, 1333, 25, 2550001, 441926154, 40337677, 484813832
30000, 30000, 0, 0, fixed_reps_33, 37679, 1276, 142342.049403, inf, 173.41040462427745, 2171.376668161531, 92730.336152, 46557.578453, 0.79988, 2854.035675, 199.299243, 0, 5709, 36, 10350001, 410422985, 178858985, 599631971, 37144, 735, 117471.09242599999, inf, 348.83720930232556, 3142.4966591181865, 90722.890204, 24911.770457, 0.174237, 1611.156244, 225.101284, 0, 2838, 43, 5130001, 429854824, 87002606, 521987431, 36513, 434, 106460.949257, inf, 697.6744186046511, 4479.805008842747, 92099.453454, 13221.931639, 0.059853, 893.227354, 246.276957, 0, 1419, 25, 2550001, 441926154, 42940105, 487416260
30000, 30000, 0, 0, fixed_reps_35, 37679, 1276, 145198.92357200003, inf, 173.41040462427745, 2171.376668161531, 92730.336152, 49400.737838, 0.870914, 2854.035675, 212.942993, 0, 6055, 34, 10350001, 410422985, 189698913, 610471899, 37144, 735, 119006.665449, inf, 348.83720930232556, 3142.4966591181865, 90722.890204, 26434.037895, 0.203481, 1611.156244, 238.377625, 0, 3010, 42, 5130001, 429854824, 92275486, 527260311, 36513, 434, 107272.24950800001, inf, 697.6744186046511, 4479.805008842747, 92099.453454, 14017.981381, 0.048772, 893.227354, 261.538547, 0, 1505, 24, 2550001, 441926154, 45542533, 490018688
30000, 30000, 0, 0, fixed_reps_37, 37679, 1276, 148144.998728, inf, 173.41040462427745, 2171.376668161531, 92730.336152, 52334.050559, 1.135148, 2854.035675, 225.441194, 0, 6401, 33, 10350001, 410422985, 200538841, 621311827, 37144, 735, 120499.80176999999, inf, 348.83720930232556, 3142.4966591181865, 90722.890204, 27914.118389, 0.20784, 1611.156244, 251.429093, 0, 3182, 40, 5130001, 429854824, 97548366, 532533191, 36513, 434, 108080.784933, inf, 697.6744186046511, 4479.805008842747, 92099.453454, 14814.743879, 0.062808, 893.227354, 273.297438, 0, 1591, 24, 2550001, 441926154, 48144961, 492621116
30000, 30000, 0, 0, fixed_reps_39, 37679, 1276, 150797.399734, inf, 173.41040462427745, 2171.376668161531, 92730.336152, 54973.256296, 1.806922, 2854.035675, 237.964689, 0, 6747, 29, 10350001, 410422985, 211378769, 632151755, 37144, 735, 121988.70475799999, inf, 348.83720930232556, 3142.4966591181865, 90722.890204, 29391.62112, 0.20788, 1611.156244, 262.82931, 0, 3354, 39, 5130001, 429854824, 102821246, 537806071, 36513, 434, 108899.92164300001, inf, 697.6744186046511, 4479.805008842747, 92099.453454, 15618.590085, 0.047078, 893.227354, 288.603672, 0, 1677, 23, 2550001, 441926154, 50747389, 495223544
30000, 30000, 0, 0, fixed_reps_41, 37679, 1276, 153483.689587, inf, 173.41040462427745, 2171.376668161531, 92730.336152, 57649.159214, 0.84741, 2854.035675, 249.311136, 0, 7093, 23, 10350001, 410422985, 222218697, 642991683, 37144, 735, 123501.48727399998, inf, 348.83720930232556, 3142.4966591181865, 90722.890204, 30890.183155, 0.216847, 1611.156244, 277.040824, 0, 3526, 31, 5130001, 429854824, 108094126, 543078951, 36513, 434, 109717.271195, inf, 697.6744186046511, 4479.805008842747, 92099.453454, 16422.424187, 0.069771, 893.227354, 302.096429, 0, 1763, 23, 2550001, 441926154, 53349817, 497825972
30000, 30000, 0, 0, fixed_reps_5, 37744, 1341, 102804.30305200002, inf, 173.41040462427745, 2171.376668161531, 92730.336152, 7188.02739, 0.825186, 2854.035675, 31.078649, 0, 865, 568, 10350001, 410422985, 27099993, 447872979, 37166, 757, 96200.66094100001, inf, 348.83720930232556, 3142.4966591181865, 90722.890204, 3833.266329, 0.170981, 1611.156244, 33.177183, 0, 430, 325, 5130001, 429854824, 13182286, 448167111, 36530, 451, 95064.47111700001, inf, 697.6744186046511, 4479.805008842747, 92099.453454, 2035.219324, 0.064752, 893.227354, 36.506233, 0, 215, 150, 2550001, 441926154, 6506113, 450982268
30000, 30000, 0, 0, fixed_reps_7, 37724, 1321, 105636.344943, inf, 173.41040462427745, 2171.376668161531, 92730.336152, 10007.509331, 1.638511, 2854.035675, 42.825274, 0, 1211, 443, 10350001, 410422985, 37939921, 458712907, 37161, 752, 97769.942604, inf, 348.83720930232556, 3142.4966591181865, 90722.890204, 5388.472855, 0.215674, 1611.156244, 47.207627, 0, 602, 253, 5130001, 429854824, 18455166, 453439991, 36526, 447, 95875.20540600002, inf, 697.6744186046511, 4479.805008842747, 92099.453454, 2831.348884, 0.046417, 893.227354, 51.129297, 0, 301, 94, 2550001, 441926154, 9108541, 453584696
30000, 30000, 0, 0, fixed_reps_9, 37711, 1308, 108568.93256100001, inf, 173.41040462427745, 2171.376668161531, 92730.336152, 12928.411747, 0.644688, 2854.035675, 55.504299, 0, 1557, 335, 10350001, 410422985, 48779849, 469552835, 37157, 748, 99339.412272, inf, 348.83720930232556, 3142.4966591181865, 90722.890204, 6942.962687, 0.188083, 1611.156244, 62.215054, 0, 774, 195, 5130001, 429854824, 23728046, 458712871, 36523, 444, 96690.14339900001, inf, 697.6744186046511, 4479.805008842747, 92099.453454, 3630.429699, 0.041679, 893.227354, 66.991213, 0, 387, 76, 2550001, 441926154, 11710969, 456187124
30000, 30000, 0, 0, greedy_1.000000, 37895, 1492, 97039.094811, inf, 173.41040462427745, 2171.376668161531, 92730.336152, 1450.273585, 0.642536, 2854.035675, 3.798648, 0.008215, 173, 1487, 10350001, 410422985, 5420137, 426193123, 37269, 860, 93114.23051999998, inf, 348.83720930232556, 3142.4966591181865, 90722.890204, 776.339593, 0.178775, 1611.156244, 3.661457, 0.004247, 86, 759, 5130001, 429854824, 2636526, 437621351, 36589, 510, 93410.47408999999, inf, 697.6744186046511, 4479.805008842747, 92099.453454, 414.262903, 0.051146, 893.227354, 3.476908, 0.002325, 43, 377, 2550001, 441926154, 1301257, 445777412
30000, 30000, 0, 0, greedy_11.000000, 37716, 1313, 107178.266221, inf, 173.41040462427745, 2171.376668161531, 92730.336152, 3431.845901, 0.738034, 2854.035675, 8160.940946, 0.369513, 1903, 797, 10350001, 410422985, 65021960, 485794946, 37161, 752, 98786.312522, inf, 348.83720930232556, 3142.4966591181865, 90722.890204, 1676.587468, 0.172613, 1611.156244, 4775.374125, 0.131868, 946, 410, 5130001, 429854824, 31658467, 466643292, 36527, 448, 96591.68626999999, inf, 697.6744186046511, 4479.805008842747, 92099.453454, 829.586495, 0.046527, 893.227354, 2769.339157, 0.033283, 473, 198, 2550001, 441926154, 15607228, 460083383
30000, 30000, 0, 0, greedy_13.000000, 37711, 1308, 108830.42740400002, inf, 173.41040462427745, 2171.376668161531, 92730.336152, 3588.746853, 0.803787, 2854.035675, 9656.046006, 0.458931, 2249, 797, 10350001, 410422985, 75869060, 496642046, 37158, 749, 99602.2278, inf, 348.83720930232556, 3142.4966591181865, 90722.890204, 1718.267382, 0.173826, 1611.156244, 5549.584091, 0.156053, 1118, 409, 5130001, 429854824, 36935255, 471920080, 36526, 447, 97126.789066, inf, 697.6744186046511, 4479.805008842747, 92099.453454, 840.831505, 0.047219, 893.227354, 3293.190181, 0.039353, 559, 198, 2550001, 441926154, 18210448, 462686603
30000, 30000, 0, 0, greedy_15.000000, 37706, 1303, 110243.577384, inf, 173.41040462427745, 2171.376668161531, 92730.336152, 3659.397002, 0.650409, 2854.035675, 10998.598136, 0.56001, 2595, 796, 10350001, 410422985, 86716160, 507489146, 37158, 749, 100463.15094099999, inf, 348.83720930232556, 3142.4966591181865, 90722.890204, 1759.103039, 0.171232, 1611.156244, 6369.64787, 0.182352, 1290, 409, 5130001, 429854824, 42212043, 477196868, 36523, 444, 97603.700344, inf, 697.6744186046511, 4479.805008842747, 92099.453454, 852.963639, 0.046527, 893.227354, 3757.965237, 0.044133, 645, 197, 2550001, 441926154, 20813668, 465289823
30000, 30000, 0, 0, greedy_17.000000, 37704, 1301, 111806.07411600002, inf, 173.41040462427745, 2171.376668161531, 92730.336152, 3774.337574, 0.662492, 2854.035675, 12446.068735, 0.633488, 2941, 796, 10350001, 410422985, 97563260, 518336246, 37155, 746, 101337.29649299999, inf, 348.83720930232556, 3142.4966591181865, 90722.890204, 1798.213912, 0.226505, 1611.156244, 7204.600786, 0.208842, 1462, 409, 5130001, 429854824, 47488831, 482473656, 36523, 444, 98091.77182300002, inf, 697.6744186046511, 4479.805008842747, 92099.453454, 861.323971, 0.044373, 893.227354, 4237.672667, 0.050004, 731, 197, 2550001, 441926154, 23416888, 467893043
30000, 30000, 0, 0, greedy_19.000000, 37698, 1295, 113399.31636699999, inf, 173.41040462427745, 2171.376668161531, 92730.336152, 3896.892912, 0.646973, 2854.035675, 13916.726153, 0.678502, 3287, 796, 10350001, 410422985, 108410360, 529183346, 37154, 745, 102122.934246, inf, 348.83720930232556, 3142.4966591181865, 90722.890204, 1844.242058, 0.173806, 1611.156244, 7944.242143, 0.229791, 1634, 408, 5130001, 429854824, 52765619, 487750444, 36523, 444, 98585.848597, inf, 697.6744186046511, 4479.805008842747, 92099.453454, 872.438644, 0.048731, 893.227354, 4720.625161, 0.055253, 817, 197, 2550001, 441926154, 26020108, 470496263
30000, 30000, 0, 0, greedy_21.000000, 37696, 1293, 114921.81094200001, inf, 173.41040462427745, 2171.376668161531, 92730.336152, 4003.353765, 0.658845, 2854.035675, 15332.683502, 0.743003, 3633, 796, 10350001, 410422985, 119257460, 540030446, 37154, 745, 102889.36305500001, inf, 348.83720930232556, 3142.4966591181865, 90722.890204, 1874.696996, 0.161623, 1611.156244, 8680.209121, 0.248867, 1806, 408, 5130001, 429854824, 58042407, 493027232, 36520, 441, 99025.918702, inf, 697.6744186046511, 4479.805008842747, 92099.453454, 885.387097, 0.048461, 893.227354, 5147.741763, 0.060573, 903, 196, 2550001, 441926154, 28623328, 473099483
30000, 30000, 0, 0, greedy_23.000000, 37696, 1293, 116392.559718, inf, 173.41040462427745, 2171.376668161531, 92730.336152, 4119.279451, 0.64568, 2854.035675, 16687.254059, 1.008701, 3979, 795, 10350001, 410422985, 130104560, 550877546, 37154, 745, 103672.975381, inf, 348.83720930232556, 3142.4966591181865, 90722.890204, 1909.247756, 0.172283, 1611.156244, 9429.242253, 0.266641, 1978, 408, 5130001, 429854824, 63319195, 498304020, 36520, 441, 99477.160667, inf, 697.6744186046511, 4479.805008842747, 92099.453454, 893.713532, 0.04758, 893.227354, 5590.658114, 0.060633, 989, 196, 2550001, 441926154, 31226548, 475702703
30000, 30000, 0, 0, greedy_25.000000, 37696, 1293, 117834.807467, inf, 173.41040462427745, 2171.376668161531, 92730.336152, 4204.276955, 0.798237, 2854.035675, 18044.467825, 0.892623, 4325, 795, 10350001, 410422985, 140951660, 561724646, 37153, 744, 104476.05676899999, inf, 348.83720930232556, 3142.4966591181865, 90722.890204, 1946.321808, 0.167053, 1611.156244, 10195.215106, 0.306354, 2150, 408, 5130001, 429854824, 68595983, 503580808, 36517, 438, 99952.416624, inf, 697.6744186046511, 4479.805008842747, 92099.453454, 904.571084, 0.044142, 893.227354, 6055.058344, 0.062246, 1075, 196, 2550001, 441926154, 33829768, 478305923
30000, 30000, 0, 0, greedy_27.000000, 37696, 1293, 119138.12879500001, inf, 173.41040462427745, 2171.376668161531, 92730.336152, 4289.334149, 0.64483, 2854.035675, 19262.739149, 1.03884, 4671, 795, 10350001, 410422985, 151798760, 572571746, 37153, 744, 105290.271092, inf, 348.83720930232556, 3142.4966591181865, 90722.890204, 1982.532532, 0.169789, 1611.156244, 10973.223111, 0.299212, 2322, 408, 5130001, 429854824, 73872771, 508857596, 36516, 437, 100427.638651, inf, 697.6744186046511, 4479.805008842747, 92099.453454, 914.452144, 0.045375, 893.227354, 6520.38875, 0.071574, 1161, 196, 2550001, 441926154, 36432988, 480909143
30000, 30000, 0, 0, greedy_29.000000, 37696, 1293, 120630.14615700001, inf, 173.41040462427745, 2171.376668161531, 92730.336152, 4400.708091, 0.649389, 2854.035675, 20643.293291, 1.123559, 5017, 795, 10350001, 410422985, 162645860, 583418846, 37153, 744, 106051.48105599999, inf, 348.83720930232556, 3142.4966591181865, 90722.890204, 2021.812487, 0.170109, 1611.156244, 11695.119759, 0.332253, 2494, 408, 5130001, 429854824, 79149559, 514134384, 36516, 437, 100815.393146, inf, 697.6744186046511, 4479.805008842747, 92099.453454, 924.599122, 0.044423, 893.227354, 6897.994353, 0.07444, 1247, 195, 2550001, 441926154, 39036208, 483512363
30000, 30000, 0, 0, greedy_3.000000, 37778, 1375, 100345.101396, inf, 173.41040462427745, 2171.376668161531, 92730.336152, 2894.116681, 0.627167, 2854.035675, 1865.895813, 0.089908, 519, 801, 10350001, 410422985, 21633560, 442406546, 37179, 770, 94911.14281199999, inf, 348.83720930232556, 3142.4966591181865, 90722.890204, 1481.006853, 0.171942, 1611.156244, 1095.883345, 0.034224, 258, 414, 5130001, 429854824, 10551315, 445536140, 36536, 457, 94384.22346000001, inf, 697.6744186046511, 4479.805008842747, 92099.453454, 775.68635, 0.04848, 893.227354, 615.794928, 0.012894, 129, 202, 2550001, 441926154, 5194348, 449670503
30000, 30000, 0, 0, greedy_31.000000, 37696, 1293, 121946.792529, inf, 173.41040462427745, 2171.376668161531, 92730.336152, 4481.927618, 0.814758, 2854.035675, 21878.298528, 1.379798, 5363, 795, 10350001, 410422985, 173492960, 594265946, 37151, 742, 106743.51003599999, inf, 348.83720930232556, 3142.4966591181865, 90722.890204, 2051.55176, 0.168175, 1611.156244, 12357.365244, 0.378409, 2666, 407, 5130001, 429854824, 84426347, 519411172, 36516, 437, 101278.735805, inf, 697.6744186046511, 4479.805008842747, 92099.453454, 933.589643, 0.047058, 893.227354, 7352.342263, 0.076033, 1333, 195, 2550001, 441926154, 41639428, 486115583
30000, 30000, 0, 0, greedy_33.000000, 37694, 1291, 123533.11018800002, inf, 173.41040462427745, 2171.376668161531, 92730.336152, 4581.392749, 0.6493, 2854.035675, 23365.401169, 1.295143, 5709, 795, 10350001, 410422985, 184340060, 605113046, 37150, 741, 107454.81597999998, inf, 348.83720930232556, 3142.4966591181865, 90722.890204, 2086.771902, 0.18126, 1611.156244, 13033.412613, 0.403757, 2838, 407, 5130001, 429854824, 89703135, 524687960, 36516, 437, 101641.527885, inf, 697.6744186046511, 4479.805008842747, 92099.453454, 939.654245, 0.043832, 893.227354, 7709.070984, 0.078016, 1419, 195, 2550001, 441926154, 44242648, 488718803
30000, 30000, 0, 0, greedy_35.000000, 37693, 1290, 124835.86999800002, inf, 173.41040462427745, 2171.376668161531, 92730.336152, 4673.522968, 0.653197, 2854.035675, 24575.976157, 1.345849, 6055, 795, 10350001, 410422985, 195187160, 615960146, 37150, 741, 108197.11683099999, inf, 348.83720930232556, 3142.4966591181865, 90722.890204, 2116.302063, 0.171802, 1611.156244, 13746.18161, 0.414908, 3010, 407, 5130001, 429854824, 94979923, 529964748, 36516, 437, 102073.40138, inf, 697.6744186046511, 4479.805008842747, 92099.453454, 950.248414, 0.044664, 893.227354, 8130.339799, 0.087695, 1505, 195, 2550001, 441926154, 46845868, 491322023
30000, 30000, 0, 0, greedy_37.000000, 37692, 1289, 126293.516105, inf, 173.41040462427745, 2171.376668161531, 92730.336152, 4774.516227, 0.636084, 2854.035675, 25932.566782, 1.425185, 6401, 795, 10350001, 410422985, 206034260, 626807246, 37150, 741, 109021.59731399998, inf, 348.83720930232556, 3142.4966591181865, 90722.890204, 2157.84383, 0.172414, 1611.156244, 14529.08583, 0.448792, 3182, 407, 5130001, 429854824, 100256711, 535241536, 36515, 436, 102506.03553900002, inf, 697.6744186046511, 4479.805008842747, 92099.453454, 960.062218, 0.046688, 893.227354, 8553.148402, 0.097423, 1591, 195, 2550001, 441926154, 49449088, 493925243
30000, 30000, 0, 0, greedy_39.000000, 37692, 1289, 127836.89535300001, inf, 173.41040462427745, 2171.376668161531, 92730.336152, 4898.08699, 0.649269, 2854.035675, 27351.935312, 1.851955, 6747, 795, 10350001, 410422985, 216881360, 637654346, 37149, 740, 109790.705819, inf, 348.83720930232556, 3142.4966591181865, 90722.890204, 2190.207825, 0.165841, 1611.156244, 15265.857833, 0.427872, 3354, 407, 5130001, 429854824, 105533499, 540518324, 36514, 435, 102951.008938, inf, 697.6744186046511, 4479.805008842747, 92099.453454, 972.555557, 0.049373, 893.227354, 8985.636988, 0.086212, 1677, 195, 2550001, 441926154, 52052308, 496528463
30000, 30000, 0, 0, greedy_5.000000, 37744, 1341, 102148.89687100002, inf, 173.41040462427745, 2171.376668161531, 92730.336152, 3043.374983, 0.788027, 2854.035675, 3520.18406, 0.177974, 865, 799, 10350001, 410422985, 32480660, 453253646, 37174, 765, 95954.893312, inf, 348.83720930232556, 3142.4966591181865, 90722.890204, 1534.399883, 0.170771, 1611.156244, 2086.216047, 0.060163, 430, 412, 5130001, 429854824, 15828103, 450812928, 36532, 453, 94970.26896000002, inf, 697.6744186046511, 4479.805008842747, 92099.453454, 790.322428, 0.047489, 893.227354, 1187.198728, 0.019507, 215, 200, 2550001, 441926154, 7797568, 452273723
30000, 30000, 0, 0, greedy_7.000000, 37726, 1323, 103980.74584100001, inf, 173.41040462427745, 2171.376668161531, 92730.336152, 3207.025067, 0.64037, 2854.035675, 5188.438762, 0.269815, 1211, 798, 10350001, 410422985, 43327760, 464100746, 37166, 757, 96928.904691, inf, 348.83720930232556, 3142.4966591181865, 90722.890204, 1584.74194, 0.167454, 1611.156244, 3009.856566, 0.092283, 602, 411, 5130001, 429854824, 21104891, 456089716, 36531, 452, 95525.623992, inf, 697.6744186046511, 4479.805008842747, 92099.453454, 802.724387, 0.044784, 893.227354, 1730.151621, 0.022392, 301, 199, 2550001, 441926154, 10400788, 454876943
30000, 30000, 0, 0, greedy_9.000000, 37722, 1319, 105570.31025000001, inf, 173.41040462427745, 2171.376668161531, 92730.336152, 3330.658133, 0.774843, 2854.035675, 6654.202509, 0.302938, 1557, 797, 10350001, 410422985, 54174860, 474947846, 37165, 756, 97845.66419399998, inf, 348.83720930232556, 3142.4966591181865, 90722.890204, 1634.758277, 0.172203, 1611.156244, 3876.579825, 0.107441, 774, 410, 5130001, 429854824, 26381679, 461366504, 36530, 451, 96079.371232, inf, 697.6744186046511, 4479.805008842747, 92099.453454, 815.935645, 0.065783, 893.227354, 2270.658078, 0.030918, 387, 199, 2550001, 441926154, 13004008, 457480163
30000, 30000, 0, 0, opt, 37677, 1274, 104146.003234, inf, 173.41040462427745, 2171.376668161531, 92730.336152, 8560.041577, 1.58983, 2854.035675, 0, 0, 0, 0, 10350001, 410422985, 40482450, 461255436, 37142, 733, 97185.13322099998, inf, 348.83720930232556, 3142.4966591181865, 90722.890204, 4850.926933, 0.15984, 1611.156244, 0, 0, 0, 0, 5130001, 429854824, 20359815, 455344640, 36513, 434, 95106.263844, inf, 697.6744186046511, 4479.805008842747, 92099.453454, 2113.536869, 0.046167, 893.227354, 0, 0, 0, 0, 2550001, 441926154, 8099190, 452575345
30000, 30000, 0, 0, plus_edge, 37815, 1412, 97112.626755, inf, 173.41040462427745, 2171.376668161531, 92730.336152, 1527.008753, 1.246175, 2854.035675, 0, 0, 0, 0, 10350001, 410422985, 5419548, 426192534, 37228, 819, 93149.904363, inf, 348.83720930232556, 3142.4966591181865, 90722.890204, 815.70103, 0.156885, 1611.156244, 0, 0, 0, 0, 5130001, 429854824, 2613665, 437598490, 36551, 472, 93423.144708, inf, 697.6744186046511, 4479.805008842747, 92099.453454, 430.421891, 0.042009, 893.227354, 0, 0, 0, 0, 2550001, 441926154, 1272978, 445749133
30000, 30000, 0, 0, simple, 37895, 1492, 97145.60997300001, inf, 173.41040462427745, 2171.376668161531, 92730.336152, 1560.104502, 1.133644, 2854.035675, 0, 0, 0, 0, 10350001, 410422985, 5389964, 426162950, 37269, 860, 93139.036339, inf, 348.83720930232556, 3142.4966591181865, 90722.890204, 804.826795, 0.163096, 1611.156244, 0, 0, 0, 0, 5130001, 429854824, 2606440, 437591265, 36589, 510, 93420.466136, inf, 697.6744186046511, 4479.805008842747, 92099.453454, 427.739131, 0.046197, 893.227354, 0, 0, 0, 0, 2550001, 441926154, 1271214, 445747369
30000, 30000, 0, 0, dp_1.000000, 38146, 1437, 85707.232602, inf, 173.41040462427745, 2120.0689702234877, 81551.748555, 1442.755776, 0.557767, 2708.430636, 3.731913, 0.007955, 173, 0, 10350001, 391377052, 5533485, 407260538, 37639, 838, 83742.55363800003, inf, 348.83720930232556, 3109.128539611182, 81464.785952, 753.874219, 0.135244, 1520.201142, 3.552943, 0.004138, 86, 0, 5130001, 420884810, 2661431, 428676242, 36655, 499, 83389.97766800002, inf, 697.6744186046511, 4457.738949866798, 82145.616852, 397.323598, 0.030547, 843.6404, 3.364147, 0.002124, 43, 0, 2550001, 437686002, 1306969, 441542972
30000, 30000, 0, 0, dp_11.000000, 37943, 1234, 103165.57419500001, inf, 173.41040462427745, 2120.0689702234877, 81551.748555, 11209.979987, 0.619942, 2708.430636, 7531.278562, 163.516513, 1903, 7, 10350001, 391377052, 106500770, 508227823, 37489, 688, 93851.96650500002, inf, 348.83720930232556, 3109.128539611182, 81464.785952, 6554.652292, 0.179246, 1520.201142, 4293.04726, 19.100613, 946, 11, 5130001, 420884810, 54306578, 480321389, 36591, 435, 88856.51548300002, inf, 697.6744186046511, 4457.738949866798, 82145.616852, 3296.807392, 0.038983, 843.6404, 2567.955952, 2.455904, 473, 12, 2550001, 437686002, 26184925, 466420928
30000, 30000, 0, 0, dp_13.000000, 37943, 1234, 105297.97910400001, inf, 173.41040462427745, 2120.0689702234877, 81551.748555, 11939.60335, 0.720019, 2708.430636, 8866.743084, 230.73346, 2249, 6, 10350001, 391377052, 121493860, 523220913, 37489, 688, 95162.433022, inf, 348.83720930232556, 3109.128539611182, 81464.785952, 7071.816609, 0.177724, 1520.201142, 5078.467706, 26.983889, 1118, 9, 5130001, 420884810, 62418710, 488433521, 36591, 435, 89244.47229000002, inf, 697.6744186046511, 4457.738949866798, 82145.616852, 3237.517233, 0.038132, 843.6404, 3014.289596, 3.370077, 559, 10, 2550001, 437686002, 28415942, 468651945
30000, 30000, 0, 0, dp_15.000000, 37943, 1234, 106717.189075, inf, 173.41040462427745, 2120.0689702234877, 81551.748555, 11913.232405, 0.642654, 2708.430636, 10233.624635, 309.51019, 2595, 5, 10350001, 391377052, 131065426, 532792479, 37489, 688, 95538.10290600001, inf, 348.83720930232556, 3109.128539611182, 81464.785952, 6684.743834, 0.219983, 1520.201142, 5831.777264, 36.374731, 1290, 7, 5130001, 420884810, 64966106, 490980917, 36591, 435, 89717.56939700001, inf, 697.6744186046511, 4457.738949866798, 82145.616852, 3223.59354, 0.039695, 843.6404, 3500.173504, 4.505406, 645, 9, 2550001, 437686002, 30942729, 471178732
30000, 30000, 0, 0, dp_17.000000, 37943, 1234, 109715.222013, inf, 173.41040462427745, 2120.0689702234877, 81551.748555, 13410.452399, 0.648055, 2708.430636, 11643.523914, 400.418454, 2941, 5, 10350001, 391377052, 151815392, 553542445, 37489, 688, 97139.91368200001, inf, 348.83720930232556, 3109.128539611182, 81464.785952, 7569.230829, 0.176691, 1520.201142, 6538.227252, 47.291816, 1462, 7, 5130001, 420884810, 75280946, 501295757, 36591, 435, 90673.85881600002, inf, 697.6744186046511, 4457.738949866798, 82145.616852, 3761.514731, 0.039824, 843.6404, 3917.228231, 5.818778, 731, 9, 2550001, 437686002, 36101869, 476337872
30000, 30000, 0, 0, dp_19.000000, 37943, 1234, 109610.26217100001, inf, 173.41040462427745, 2120.0689702234877, 81551.748555, 11830.734068, 0.649006, 2708.430636, 13016.905454, 501.794452, 3287, 4, 10350001, 391377052, 150236504, 551963557, 37489, 688, 97646.18567700002, inf, 348.83720930232556, 3109.128539611182, 81464.785952, 7328.305714, 0.1811, 1520.201142, 7273.023533, 59.688236, 1634, 6, 5130001, 420884810, 77451563, 503466374, 36591, 435, 90509.73831600002, inf, 697.6744186046511, 4457.738949866798, 82145.616852, 3181.545487, 0.061566, 843.6404, 4331.562439, 7.311572, 817, 8, 2550001, 437686002, 35818841, 476054844
30000, 30000, 0, 0, dp_21.000000, 37943, 1234, 112449.47773900002, inf, 173.41040462427745, 2120.0689702234877, 81551.748555, 13314.393349, 0.806903, 2708.430636, 14259.350086, 614.74821, 3633, 4, 10350001, 391377052, 170986470, 572713523, 37489, 688, 99034.65205700001, inf, 348.83720930232556, 3109.128539611182, 81464.785952, 7963.659641, 0.177102, 1520.201142, 8012.324343, 73.503877, 1806, 6, 5130001, 420884810, 87766403, 513781214, 36591, 435, 91482.33943100003, inf, 697.6744186046511, 4457.738949866798, 82145.616852, 3726.601905, 0.043061, 843.6404, 4757.494042, 8.943171, 903, 8, 2550001, 437686002, 40977981, 481213984
30000, 30000, 0, 0, dp_23.000000, 37943, 1234, 115308.72132800001, inf, 173.41040462427745, 2120.0689702234877, 81551.748555, 14810.792058, 0.829005, 2708.430636, 15498.193466, 738.727608, 3979, 4, 10350001, 391377052, 191736436, 593463489, 37489, 688, 100692.74326700001, inf, 348.83720930232556, 3109.128539611182, 81464.785952, 8852.14168, 0.175689, 1520.201142, 8766.794742, 88.644062, 1978, 6, 5130001, 420884810, 98081243, 524096054, 36591, 435, 92483.838736, inf, 697.6744186046511, 4457.738949866798, 82145.616852, 4265.70082, 0.04275, 843.6404, 5217.92044, 10.917474, 989, 8, 2550001, 437686002, 46137121, 486373124
30000, 30000, 0, 0, dp_25.000000, 37943, 1234, 118228.35908300002, inf, 173.41040462427745, 2120.0689702234877, 81551.748555, 16312.730216, 0.650399, 2708.430636, 16773.061832, 881.737445, 4325, 4, 10350001, 391377052, 212486402, 614213455, 37489, 688, 100019.01680400001, inf, 348.83720930232556, 3109.128539611182, 81464.785952, 7406.064511, 0.179186, 1520.201142, 9522.221536, 105.564477, 2150, 5, 5130001, 420884810, 94310345, 520325156, 36591, 435, 92094.38786900001, inf, 697.6744186046511, 4457.738949866798, 82145.616852, 3465.256237, 0.043411, 843.6404, 5627.064598, 12.766371, 1075, 7, 2550001, 437686002, 44789321, 485025324
30000, 30000, 0, 0, dp_27.000000, 37943, 1234, 121113.27840499999, inf, 173.41040462427745, 2120.0689702234877, 81551.748555, 17802.371479, 0.809278, 2708.430636, 18029.634721, 1020.283736, 4671, 4, 10350001, 391377052, 233236368, 634963421, 37489, 688, 101541.60413700002, inf, 348.83720930232556, 3109.128539611182, 81464.785952, 8284.00598, 0.176942, 1520.201142, 10148.924568, 123.509553, 2322, 5, 5130001, 420884810, 104625185, 530639996, 36591, 435, 93008.788016, inf, 697.6744186046511, 4457.738949866798, 82145.616852, 4009.221338, 0.056346, 843.6404, 5995.329313, 14.923767, 1161, 7, 2550001, 437686002, 49948461, 490184464
30000, 30000, 0, 0, dp_29.000000, 37943, 1234, 117854.097522, inf, 173.41040462427745, 2120.0689702234877, 81551.748555, 13090.378657, 0.844284, 2708.430636, 19325.14278, 1177.55261, 5017, 3, 10350001, 391377052, 209328626, 611055679, 37489, 688, 103074.37633800002, inf, 348.83720930232556, 3109.128539611182, 81464.785952, 9142.776705, 0.217518, 1520.201142, 10803.633375, 142.761646, 2494, 5, 5130001, 420884810, 114940025, 540954836, 36591, 435, 93942.749888, inf, 697.6744186046511, 4457.738949866798, 82145.616852, 4549.401802, 0.050214, 843.6404, 6386.596125, 17.444495, 1247, 7, 2550001, 437686002, 55107601, 495343604
30000, 30000, 0, 0, dp_3.000000, 38014, 1305, 89911.316557, inf, 173.41040462427745, 2120.0689702234877, 81551.748555, 3961.438168, 0.664988, 2708.430636, 1680.651038, 8.383172, 519, 405, 10350001, 391377052, 26984101, 428711154, 37554, 753, 85989.78183500002, inf, 348.83720930232556, 3109.128539611182, 81464.785952, 2028.280116, 0.156413, 1520.201142, 975.318362, 1.03985, 258, 365, 5130001, 420884810, 13115078, 439129889, 36610, 454, 84632.53321900002, inf, 697.6744186046511, 4457.738949866798, 82145.616852, 1077.588445, 0.041458, 843.6404, 565.49413, 0.151934, 129, 168, 2550001, 437686002, 6497910, 446733913
30000, 30000, 0, 0, dp_31.000000, 37943, 1234, 120810.840136, inf, 173.41040462427745, 2120.0689702234877, 81551.748555, 14583.480143, 0.649979, 2708.430636, 20619.733349, 1346.797474, 5363, 3, 10350001, 391377052, 230078592, 631805645, 37489, 688, 104660.09685600002, inf, 348.83720930232556, 3109.128539611182, 81464.785952, 10030.709333, 0.222086, 1520.201142, 11480.400404, 163.777939, 2666, 5, 5130001, 420884810, 125254865, 551269676, 36591, 435, 94912.405216, inf, 697.6744186046511, 4457.738949866798, 82145.616852, 5105.111748, 0.044624, 843.6404, 6798.046739, 19.944853, 1333, 7, 2550001, 437686002, 60266741, 500502744
30000, 30000, 0, 0, dp_33.000000, 37943, 1234, 123783.582547, inf, 173.41040462427745, 2120.0689702234877, 81551.748555, 16086.024535, 0.647807, 2708.430636, 21907.228465, 1529.502549, 5709, 3, 10350001, 391377052, 250828558, 652555611, 37489, 688, 106211.86166600001, inf, 348.83720930232556, 3109.128539611182, 81464.785952, 10893.899279, 0.177813, 1520.201142, 12146.985267, 185.812213, 2838, 5, 5130001, 420884810, 135569705, 561584516, 36591, 435, 93538.976804, inf, 697.6744186046511, 4457.738949866798, 82145.616852, 3333.618655, 0.059492, 843.6404, 7193.433167, 22.608238, 1419, 6, 2550001, 437686002, 54304929, 494540932
30000, 30000, 0, 0, dp_35.000000, 37943, 1234, 126761.026342, inf, 173.41040462427745, 2120.0689702234877, 81551.748555, 17574.829032, 0.648507, 2708.430636, 23207.591611, 1717.778001, 6055, 3, 10350001, 391377052, 271578524, 673305577, 37489, 688, 103484.32764900001, inf, 348.83720930232556, 3109.128539611182, 81464.785952, 7443.956657, 0.183474, 1520.201142, 12845.918076, 209.282348, 3010, 4, 5130001, 420884810, 119741879, 545756690, 36591, 435, 94520.983945, inf, 697.6744186046511, 4457.738949866798, 82145.616852, 3881.637758, 0.056606, 843.6404, 7624.369442, 25.662887, 1505, 6, 2550001, 437686002, 59464069, 499700072
30000, 30000, 0, 0, dp_37.000000, 37943, 1234, 129676.416515, inf, 173.41040462427745, 2120.0689702234877, 81551.748555, 19054.280349, 0.639821, 2708.430636, 24439.924431, 1921.392723, 6401, 3, 10350001, 391377052, 292328490, 694055543, 37489, 688, 105132.93279400001, inf, 348.83720930232556, 3109.128539611182, 81464.785952, 8329.401301, 0.177893, 1520.201142, 13584.040491, 234.326015, 3182, 4, 5130001, 420884810, 130056719, 556071530, 36591, 435, 95507.55320200001, inf, 697.6744186046511, 4457.738949866798, 82145.616852, 4425.064369, 0.043612, 843.6404, 8063.40227, 29.785699, 1591, 6, 2550001, 437686002, 64623209, 504859212
30000, 30000, 0, 0, dp_39.000000, 37943, 1234, 132543.694834, inf, 173.41040462427745, 2120.0689702234877, 81551.748555, 20550.403968, 0.624021, 2708.430636, 25594.293745, 2138.193909, 6747, 3, 10350001, 391377052, 313078456, 714805509, 37489, 688, 106697.45504200002, inf, 348.83720930232556, 3109.128539611182, 81464.785952, 9189.958407, 0.176852, 1520.201142, 14261.17962, 261.153069, 3354, 4, 5130001, 420884810, 140371559, 566386370, 36591, 435, 96376.11947400002, inf, 697.6744186046511, 4457.738949866798, 82145.616852, 4956.039839, 0.045947, 843.6404, 8399.150647, 31.625789, 1677, 6, 2550001, 437686002, 69782349, 510018352
30000, 30000, 0, 0, dp_5.000000, 37969, 1260, 93759.446412, inf, 173.41040462427745, 2120.0689702234877, 81551.748555, 6261.933185, 0.716543, 2708.430636, 3207.423255, 29.194238, 865, 162, 10350001, 391377052, 48394621, 450121674, 37515, 714, 88112.82999100002, inf, 348.83720930232556, 3109.128539611182, 81464.785952, 3260.346836, 0.173215, 1520.201142, 1863.937317, 3.385529, 430, 170, 5130001, 420884810, 23598695, 449613506, 36602, 446, 85773.19295400001, inf, 697.6744186046511, 4457.738949866798, 82145.616852, 1694.460482, 0.042941, 843.6404, 1088.970042, 0.462237, 215, 94, 2550001, 437686002, 11632175, 451868178
30000, 30000, 0, 0, dp_7.000000, 37947, 1238, 97432.495009, inf, 173.41040462427745, 2120.0689702234877, 81551.748555, 8450.259781, 0.617828, 2708.430636, 4660.330807, 61.107402, 1211, 49, 10350001, 391377052, 69796637, 471523690, 37500, 699, 90112.643551, inf, 348.83720930232556, 3109.128539611182, 81464.785952, 4424.170485, 0.18126, 1520.201142, 2695.989952, 7.31476, 602, 73, 5130001, 420884810, 34054676, 460069487, 36592, 436, 86891.594438, inf, 697.6744186046511, 4457.738949866798, 82145.616852, 2306.693793, 0.041899, 843.6404, 1594.661843, 0.939651, 301, 53, 2550001, 437686002, 16827246, 457063249
30000, 30000, 0, 0, dp_9.000000, 37943, 1234, 100853.403877, inf, 173.41040462427745, 2120.0689702234877, 81551.748555, 10361.700757, 0.6295, 2708.430636, 6124.812114, 106.082315, 1557, 10, 10350001, 391377052, 90669300, 492396353, 37495, 694, 92065.29454, inf, 348.83720930232556, 3109.128539611182, 81464.785952, 5542.712866, 0.233698, 1520.201142, 3524.389193, 12.971689, 774, 33, 5130001, 420884810, 44241554, 470256365, 36591, 435, 88003.6518, inf, 697.6744186046511, 4457.738949866798, 82145.616852, 2928.283664, 0.04264, 843.6404, 2084.485187, 1.583057, 387, 25, 2550001, 437686002, 21959446, 462195449
30000, 30000, 0, 0, fixed_reps_1, 38146, 1437, 85718.307656, inf, 173.41040462427745, 2120.0689702234877, 81551.748555, 1452.245008, 1.708272, 2708.430636, 4.175185, 0, 173, 1435, 10350001, 391377052, 5533485, 407260538, 37639, 838, 83742.319344, inf, 348.83720930232556, 3109.128539611182, 81464.785952, 753.429591, 0.148648, 1520.201142, 3.754011, 0, 86, 852, 5130001, 420884810, 2661431, 428676242, 36655, 499, 83390.235416, inf, 697.6744186046511, 4457.738949866798, 82145.616852, 397.566266, 0.038001, 843.6404, 3.373897, 0, 43, 457, 2550001, 437686002, 1306969, 441542972
30000, 30000, 0, 0, fixed_reps_11, 37979, 1270, 100043.704962, inf, 173.41040462427745, 2120.0689702234877, 81551.748555, 15721.564241, 0.622948, 2708.430636, 61.338582, 0, 1903, 265, 10350001, 391377052, 60866605, 462593658, 37508, 707, 91198.64348700001, inf, 348.83720930232556, 3109.128539611182, 81464.785952, 8146.375188, 0.175429, 1520.201142, 67.105776, 0, 946, 223, 5130001, 420884810, 29274881, 455289692, 36597, 441, 87387.06629300001, inf, 697.6744186046511, 4457.738949866798, 82145.616852, 4324.077827, 0.065333, 843.6404, 73.665881, 0, 473, 127, 2550001, 437686002, 14376229, 454612232
30000, 30000, 0, 0, fixed_reps_13, 37976, 1267, 102859.49902199999, inf, 173.41040462427745, 2120.0689702234877, 81551.748555, 18526.070734, 0.787757, 2708.430636, 72.46134, 0, 2249, 234, 10350001, 391377052, 71933229, 473660282, 37507, 706, 92690.401215, inf, 348.83720930232556, 3109.128539611182, 81464.785952, 9625.251387, 0.162094, 1520.201142, 80.00064, 0, 1118, 153, 5130001, 420884810, 34597571, 460612382, 36597, 441, 88172.54359500001, inf, 697.6744186046511, 4457.738949866798, 82145.616852, 5096.4004, 0.040236, 843.6404, 86.845707, 0, 559, 114, 2550001, 437686002, 16990081, 457226084
30000, 30000, 0, 0, fixed_reps_15, 37974, 1265, 105685.566422, inf, 173.41040462427745, 2120.0689702234877, 81551.748555, 21341.346509, 0.792936, 2708.430636, 83.247786, 0, 2595, 206, 10350001, 391377052, 82999853, 484726906, 37505, 704, 94164.735677, inf, 348.83720930232556, 3109.128539611182, 81464.785952, 11088.440305, 0.225803, 1520.201142, 91.082475, 0, 1290, 122, 5130001, 420884810, 39920261, 465935072, 36596, 440, 88958.77672000001, inf, 697.6744186046511, 4457.738949866798, 82145.616852, 5869.146211, 0.052979, 843.6404, 100.320278, 0, 645, 104, 2550001, 437686002, 19603933, 459839936
30000, 30000, 0, 0, fixed_reps_17, 37963, 1254, 108511.585785, inf, 173.41040462427745, 2120.0689702234877, 81551.748555, 24156.299129, 0.643055, 2708.430636, 94.46441, 0, 2941, 191, 10350001, 391377052, 94066477, 495793530, 37502, 701, 95623.726674, inf, 348.83720930232556, 3109.128539611182, 81464.785952, 12536.250462, 0.156494, 1520.201142, 102.332624, 0, 1462, 107, 5130001, 420884810, 45242951, 471257762, 36596, 440, 89737.557833, inf, 697.6744186046511, 4457.738949866798, 82145.616852, 6634.152188, 0.041107, 843.6404, 114.107286, 0, 731, 84, 2550001, 437686002, 22217785, 462453788
30000, 30000, 0, 0, fixed_reps_19, 37962, 1253, 111330.64016499999, inf, 173.41040462427745, 2120.0689702234877, 81551.748555, 26964.342421, 0.791814, 2708.430636, 105.326739, 0, 3287, 167, 10350001, 391377052, 105133101, 506860154, 37502, 701, 97072.368895, inf, 348.83720930232556, 3109.128539611182, 81464.785952, 13973.017111, 0.223419, 1520.201142, 114.141271, 0, 1634, 96, 5130001, 420884810, 50565641, 476580452, 36596, 440, 90529.64973000002, inf, 697.6744186046511, 4457.738949866798, 82145.616852, 7412.924946, 0.038362, 843.6404, 127.42917, 0, 817, 82, 2550001, 437686002, 24831637, 465067640
30000, 30000, 0, 0, fixed_reps_21, 37958, 1249, 114131.589411, inf, 173.41040462427745, 2120.0689702234877, 81551.748555, 29754.250224, 0.804167, 2708.430636, 116.355829, 0, 3633, 156, 10350001, 391377052, 116199725, 517926778, 37500, 699, 98549.66188600002, inf, 348.83720930232556, 3109.128539611182, 81464.785952, 15438.452363, 0.157496, 1520.201142, 126.064933, 0, 1806, 90, 5130001, 420884810, 55888331, 481903142, 36596, 440, 91307.54479200002, inf, 697.6744186046511, 4457.738949866798, 82145.616852, 8177.014477, 0.052859, 843.6404, 141.220204, 0, 903, 75, 2550001, 437686002, 27445489, 467681492
30000, 30000, 0, 0, fixed_reps_23, 37955, 1246, 116995.04617200002, inf, 173.41040462427745, 2120.0689702234877, 81551.748555, 32607.674792, 0.789069, 2708.430636, 126.40312, 0, 3979, 131, 10350001, 391377052, 127266349, 528993402, 37497, 696, 100003.21607400001, inf, 348.83720930232556, 3109.128539611182, 81464.785952, 16880.16341, 0.17054, 1520.201142, 137.89503, 0, 1978, 85, 5130001, 420884810, 61211021, 487225832, 36596, 440, 92083.32080900001, inf, 697.6744186046511, 4457.738949866798, 82145.616852, 8939.668275, 0.042429, 843.6404, 154.352853, 0, 989, 68, 2550001, 437686002, 30059341, 470295344
30000, 30000, 0, 0, fixed_reps_25, 37954, 1245, 119866.24983, inf, 173.41040462427745, 2120.0689702234877, 81551.748555, 35467.24188, 0.792455, 2708.430636, 138.036304, 0, 4325, 110, 10350001, 391377052, 138332973, 540060026, 37496, 695, 101450.467543, inf, 348.83720930232556, 3109.128539611182, 81464.785952, 18313.835171, 0.157034, 1520.201142, 151.488244, 0, 2150, 80, 5130001, 420884810, 66533711, 492548522, 36593, 437, 92869.19768000003, inf, 697.6744186046511, 4457.738949866798, 82145.616852, 9711.356828, 0.04799, 843.6404, 168.53561, 0, 1075, 64, 2550001, 437686002, 32673193, 472909196
30000, 30000, 0, 0, fixed_reps_27, 37952, 1243, 122504.632785, inf, 173.41040462427745, 2120.0689702234877, 81551.748555, 38096.360268, 0.802334, 2708.430636, 147.290992, 0, 4671, 95, 10350001, 391377052, 149399597, 551126650, 37495, 694, 102918.00668700002, inf, 348.83720930232556, 3109.128539611182, 81464.785952, 19770.418524, 0.171882, 1520.201142, 162.429187, 0, 2322, 75, 5130001, 420884810, 71856401, 497871212, 36593, 437, 93867.120462, inf, 697.6744186046511, 4457.738949866798, 82145.616852, 10697.052749, 0.059391, 843.6404, 180.75107, 0, 1161, 55, 2550001, 437686002, 35287045, 475523048
30000, 30000, 0, 0, fixed_reps_29, 37952, 1243, 125315.60146800001, inf, 173.41040462427745, 2120.0689702234877, 81551.748555, 40895.712136, 0.813996, 2708.430636, 158.896145, 0, 5017, 81, 10350001, 391377052, 160466221, 562193274, 37495, 694, 104357.101019, inf, 348.83720930232556, 3109.128539611182, 81464.785952, 21199.026028, 0.158898, 1520.201142, 172.928999, 0, 2494, 74, 5130001, 420884810, 77179091, 503193902, 36593, 437, 94434.212223, inf, 697.6744186046511, 4457.738949866798, 82145.616852, 11249.058186, 0.046878, 843.6404, 195.849907, 0, 1247, 48, 2550001, 437686002, 37900897, 478136900
30000, 30000, 0, 0, fixed_reps_3, 38049, 1340, 88644.428713, inf, 173.41040462427745, 2120.0689702234877, 81551.748555, 4367.374264, 1.05121, 2708.430636, 15.824048, 0, 519, 913, 10350001, 391377052, 16600109, 418327162, 37573, 772, 85263.23354700001, inf, 348.83720930232556, 3109.128539611182, 81464.785952, 2260.922591, 0.163427, 1520.201142, 17.160435, 0, 258, 624, 5130001, 420884810, 7984121, 433998932, 36627, 471, 84216.77380400001, inf, 697.6744186046511, 4457.738949866798, 82145.616852, 1209.072382, 0.038072, 843.6404, 18.406098, 0, 129, 271, 2550001, 437686002, 3920821, 444156824
30000, 30000, 0, 0, fixed_reps_31, 37951, 1242, 128109.50815, inf, 173.41040462427745, 2120.0689702234877, 81551.748555, 43680.531307, 0.790302, 2708.430636, 168.00735, 0, 5363, 70, 10350001, 391377052, 171532845, 573259898, 37495, 694, 105808.696016, inf, 348.83720930232556, 3109.128539611182, 81464.785952, 22639.577072, 0.213901, 1520.201142, 183.917949, 0, 2666, 64, 5130001, 420884810, 82501781, 508516592, 36591, 435, 95190.67956500001, inf, 697.6744186046511, 4457.738949866798, 82145.616852, 11993.949515, 0.054322, 843.6404, 207.418476, 0, 1333, 44, 2550001, 437686002, 40514749, 480750752
30000, 30000, 0, 0, fixed_reps_33, 37949, 1240, 130860.588035, inf, 173.41040462427745, 2120.0689702234877, 81551.748555, 46421.342551, 0.794249, 2708.430636, 178.272044, 0, 5709, 61, 10350001, 391377052, 182599469, 584326522, 37494, 693, 107287.11404500001, inf, 348.83720930232556, 3109.128539611182, 81464.785952, 24106.969057, 0.155922, 1520.201142, 195.001972, 0, 2838, 57, 5130001, 420884810, 87824471, 513839282, 36591, 435, 95993.082872, inf, 697.6744186046511, 4457.738949866798, 82145.616852, 12783.584026, 0.05337, 843.6404, 220.188224, 0, 1419, 33, 2550001, 437686002, 43128601, 483364604
30000, 30000, 0, 0, fixed_reps_35, 37947, 1238, 133677.104082, inf, 173.41040462427745, 2120.0689702234877, 81551.748555, 49226.402982, 0.790513, 2708.430636, 189.731396, 0, 6055, 59, 10350001, 391377052, 193666093, 595393146, 37494, 693, 108732.44718200002, inf, 348.83720930232556, 3109.128539611182, 81464.785952, 25541.281885, 0.209753, 1520.201142, 205.96845, 0, 3010, 55, 5130001, 420884810, 93147161, 519161972, 36591, 435, 96776.71106, inf, 697.6744186046511, 4457.738949866798, 82145.616852, 13554.011269, 0.038573, 843.6404, 233.403966, 0, 1505, 33, 2550001, 437686002, 45742453, 485978456
30000, 30000, 0, 0, fixed_reps_37, 37947, 1238, 136450.78739600003, inf, 173.41040462427745, 2120.0689702234877, 81551.748555, 51988.53992, 0.782998, 2708.430636, 201.285287, 0, 6401, 53, 10350001, 391377052, 204732717, 606459770, 37494, 693, 110239.25588900001, inf, 348.83720930232556, 3109.128539611182, 81464.785952, 27036.927165, 0.161142, 1520.201142, 217.180488, 0, 3182, 47, 5130001, 420884810, 98469851, 524484662, 36591, 435, 97553.94349500001, inf, 697.6744186046511, 4457.738949866798, 82145.616852, 14315.525908, 0.051617, 843.6404, 249.108718, 0, 1591, 30, 2550001, 437686002, 48356305, 488592308
30000, 30000, 0, 0, fixed_reps_39, 37947, 1238, 139259.347604, inf, 173.41040462427745, 2120.0689702234877, 81551.748555, 54785.427897, 0.759776, 2708.430636, 212.98074, 0, 6747, 49, 10350001, 391377052, 215799341, 617526394, 37494, 693, 111661.566935, inf, 348.83720930232556, 3109.128539611182, 81464.785952, 28446.789786, 0.2128, 1520.201142, 229.577255, 0, 3354, 46, 5130001, 420884810, 103792541, 529807352, 36591, 435, 98337.42468500002, inf, 697.6744186046511, 4457.738949866798, 82145.616852, 15087.609977, 0.03759, 843.6404, 260.519866, 0, 1677, 23, 2550001, 437686002, 50970157, 491206160
30000, 30000, 0, 0, fixed_reps_41, 37947, 1238, 142035.789152, inf, 173.41040462427745, 2120.0689702234877, 81551.748555, 57552.075109, 0.811212, 2708.430636, 222.72364, 0, 7093, 47, 10350001, 391377052, 226865965, 628593018, 37494, 693, 113113.211555, inf, 348.83720930232556, 3109.128539611182, 81464.785952, 29886.30071, 0.169518, 1520.201142, 241.754233, 0, 3526, 45, 5130001, 420884810, 109115231, 535130042, 36591, 435, 99124.274263, inf, 697.6744186046511, 4457.738949866798, 82145.616852, 15860.809646, 0.055454, 843.6404, 274.151911, 0, 1763, 23, 2550001, 437686002, 53584009, 493820012
30000, 30000, 0, 0, fixed_reps_5, 38013, 1304, 91521.48126300001, inf, 173.41040462427745, 2120.0689702234877, 81551.748555, 7232.463363, 0.850063, 2708.430636, 27.988646, 0, 865, 595, 10350001, 391377052, 27666733, 429393786, 37550, 749, 86767.08612900002, inf, 348.83720930232556, 3109.128539611182, 81464.785952, 3751.446265, 0.159169, 1520.201142, 30.493601, 0, 430, 454, 5130001, 420884810, 13306811, 439321622, 36608, 452, 85021.85195400001, inf, 697.6744186046511, 4457.738949866798, 82145.616852, 1999.578034, 0.038863, 843.6404, 32.977805, 0, 215, 241, 2550001, 437686002, 6534673, 446770676
30000, 30000, 0, 0, fixed_reps_7, 37994, 1285, 94384.051384, inf, 173.41040462427745, 2120.0689702234877, 81551.748555, 10083.18763, 0.807874, 2708.430636, 39.876689, 0, 1211, 420, 10350001, 391377052, 38733357, 440460410, 37531, 730, 88242.89771900002, inf, 348.83720930232556, 3109.128539611182, 81464.785952, 5214.873901, 0.179386, 1520.201142, 42.857338, 0, 602, 368, 5130001, 420884810, 18629501, 444644312, 36604, 448, 85818.457036, inf, 697.6744186046511, 4457.738949866798, 82145.616852, 2781.720863, 0.051357, 843.6404, 47.427564, 0, 301, 196, 2550001, 437686002, 9148525, 449384528
30000, 30000, 0, 0, fixed_reps_9, 37983, 1274, 97189.716398, inf, 173.41040462427745, 2120.0689702234877, 81551.748555, 12878.284377, 0.620463, 2708.430636, 50.632367, 0, 1557, 323, 10350001, 391377052, 49799981, 451527034, 37519, 718, 89712.508563, inf, 348.83720930232556, 3109.128539611182, 81464.785952, 6672.155781, 0.164368, 1520.201142, 55.20132, 0, 774, 295, 5130001, 420884810, 23952191, 449967002, 36602, 446, 86605.575756, inf, 697.6744186046511, 4457.738949866798, 82145.616852, 3556.312741, 0.044023, 843.6404, 59.96174, 0, 387, 160, 2550001, 437686002, 11762377, 451998380
30000, 30000, 0, 0, greedy_1.000000, 38146, 1437, 85711.609065, inf, 173.41040462427745, 2120.0689702234877, 81551.748555, 1447.011012, 0.679705, 2708.430636, 3.731913, 0.007244, 173, 1435, 10350001, 391377052, 5533485, 407260538, 37639, 838, 83741.99314600001, inf, 348.83720930232556, 3109.128539611182, 81464.785952, 753.289282, 0.159589, 1520.201142, 3.552943, 0.004238, 86, 852, 5130001, 420884810, 2661431, 428676242, 36655, 499, 83390.379682, inf, 697.6744186046511, 4457.738949866798, 82145.616852, 397.716945, 0.039164, 843.6404, 3.364147, 0.002174, 43, 457, 2550001, 437686002, 1306969, 441542972
30000, 30000, 0, 0, greedy_11.000000, 37994, 1285, 95499.236757, inf, 173.41040462427745, 2120.0689702234877, 81551.748555, 3706.68324, 0.726522, 2708.430636, 7531.278562, 0.369242, 1903, 767, 10350001, 391377052, 66781080, 468508133, 37522, 721, 89034.61839800002, inf, 348.83720930232556, 3109.128539611182, 81464.785952, 1756.302957, 0.164408, 1520.201142, 4293.04726, 0.116679, 946, 571, 5130001, 420884810, 32155427, 458170238, 36617, 461, 86398.43031200001, inf, 697.6744186046511, 4457.738949866798, 82145.616852, 841.134684, 0.05341, 843.6404, 2567.955952, 0.029014, 473, 264, 2550001, 437686002, 15673716, 455909719
30000, 30000, 0, 0, greedy_13.000000, 37988, 1279, 96974.449194, inf, 173.41040462427745, 2120.0689702234877, 81551.748555, 3846.449971, 0.622136, 2708.430636, 8866.743084, 0.454812, 2249, 766, 10350001, 391377052, 77861730, 479588783, 37522, 721, 89872.68575300001, inf, 348.83720930232556, 3109.128539611182, 81464.785952, 1808.934838, 0.161212, 1520.201142, 5078.467706, 0.134903, 1118, 571, 5130001, 420884810, 37485191, 463500002, 36616, 460, 86857.49165700002, inf, 697.6744186046511, 4457.738949866798, 82145.616852, 853.879035, 0.034986, 843.6404, 3014.289596, 0.030788, 559, 263, 2550001, 437686002, 18289234, 458525237
30000, 30000, 0, 0, greedy_15.000000, 37982, 1273, 98480.545287, inf, 173.41040462427745, 2120.0689702234877, 81551.748555, 3985.541972, 0.645891, 2708.430636, 10233.624635, 0.553598, 2595, 766, 10350001, 391377052, 88942380, 490669433, 37515, 714, 90684.25777300002, inf, 348.83720930232556, 3109.128539611182, 81464.785952, 1867.166813, 0.166131, 1520.201142, 5831.777264, 0.160471, 1290, 571, 5130001, 420884810, 42814955, 468829766, 36613, 457, 87358.51100900002, inf, 697.6744186046511, 4457.738949866798, 82145.616852, 869.00952, 0.036038, 843.6404, 3500.173504, 0.034695, 645, 263, 2550001, 437686002, 20904752, 461140755
30000, 30000, 0, 0, greedy_17.000000, 37979, 1270, 100049.071588, inf, 173.41040462427745, 2120.0689702234877, 81551.748555, 4144.122608, 0.645039, 2708.430636, 11643.523914, 0.600836, 2941, 766, 10350001, 391377052, 100023030, 501750083, 37515, 714, 91430.757886, inf, 348.83720930232556, 3109.128539611182, 81464.785952, 1907.205536, 0.151775, 1520.201142, 6538.227252, 0.186229, 1462, 570, 5130001, 420884810, 48144719, 474159530, 36610, 454, 87791.52019400001, inf, 697.6744186046511, 4457.738949866798, 82145.616852, 884.949522, 0.038562, 843.6404, 3917.228231, 0.046627, 731, 262, 2550001, 437686002, 23520270, 463756273
30000, 30000, 0, 0, greedy_19.000000, 37974, 1265, 101571.94687900001, inf, 173.41040462427745, 2120.0689702234877, 81551.748555, 4293.50521, 0.644228, 2708.430636, 13016.905454, 0.712796, 3287, 766, 10350001, 391377052, 111103680, 512830733, 37514, 713, 92215.20217000002, inf, 348.83720930232556, 3109.128539611182, 81464.785952, 1956.85334, 0.152415, 1520.201142, 7273.023533, 0.185788, 1634, 570, 5130001, 420884810, 53474483, 479489294, 36610, 454, 88221.414076, inf, 697.6744186046511, 4457.738949866798, 82145.616852, 900.511319, 0.040075, 843.6404, 4331.562439, 0.042991, 817, 262, 2550001, 437686002, 26135788, 466371791
30000, 30000, 0, 0, greedy_21.000000, 37972, 1263, 102963.01578500001, inf, 173.41040462427745, 2120.0689702234877, 81551.748555, 4442.123554, 0.646752, 2708.430636, 14259.350086, 0.716202, 3633, 765, 10350001, 391377052, 122184330, 523911383, 37512, 711, 93006.66770700002, inf, 348.83720930232556, 3109.128539611182, 81464.785952, 2008.954035, 0.166412, 1520.201142, 8012.324343, 0.235823, 1806, 570, 5130001, 420884810, 58804247, 484819058, 36609, 453, 88663.14654200002, inf, 697.6744186046511, 4457.738949866798, 82145.616852, 916.306562, 0.041498, 843.6404, 4757.494042, 0.047188, 903, 262, 2550001, 437686002, 28751306, 468987309
30000, 30000, 0, 0, greedy_23.000000, 37971, 1262, 104322.780399, inf, 173.41040462427745, 2120.0689702234877, 81551.748555, 4562.753762, 0.647974, 2708.430636, 15498.193466, 1.006006, 3979, 765, 10350001, 391377052, 133264980, 534992033, 37512, 711, 93805.37266700002, inf, 348.83720930232556, 3109.128539611182, 81464.785952, 2053.189148, 0.157615, 1520.201142, 8766.794742, 0.244068, 1978, 570, 5130001, 420884810, 64134011, 490148822, 36607, 451, 89136.58538300001, inf, 697.6744186046511, 4457.738949866798, 82145.616852, 929.311881, 0.039945, 843.6404, 5217.92044, 0.055865, 989, 262, 2550001, 437686002, 31366824, 471602827
30000, 30000, 0, 0, greedy_25.000000, 37971, 1262, 105724.12758100002, inf, 173.41040462427745, 2120.0689702234877, 81551.748555, 4689.222538, 0.809678, 2708.430636, 16773.061832, 0.854342, 4325, 765, 10350001, 391377052, 144345630, 546072683, 37511, 710, 94619.59792900001, inf, 348.83720930232556, 3109.128539611182, 81464.785952, 2111.962969, 0.158227, 1520.201142, 9522.221536, 0.268103, 2150, 570, 5130001, 420884810, 69463775, 495478586, 36605, 449, 89562.70509599999, inf, 697.6744186046511, 4457.738949866798, 82145.616852, 946.283378, 0.041118, 843.6404, 5627.064598, 0.05875, 1075, 262, 2550001, 437686002, 33982342, 474218345
30000, 30000, 0, 0, greedy_27.000000, 37971, 1262, 107102.930595, inf, 173.41040462427745, 2120.0689702234877, 81551.748555, 4811.520979, 0.644008, 2708.430636, 18029.634721, 0.951696, 4671, 765, 10350001, 391377052, 155426280, 557153333, 37510, 709, 95285.63979000002, inf, 348.83720930232556, 3109.128539611182, 81464.785952, 2151.266883, 0.169448, 1520.201142, 10148.924568, 0.291797, 2322, 569, 5130001, 420884810, 74793539, 500808350, 36603, 447, 89943.14980300001, inf, 697.6744186046511, 4457.738949866798, 82145.616852, 958.456437, 0.040506, 843.6404, 5995.329313, 0.066295, 1161, 261, 2550001, 437686002, 36597860, 476833863
30000, 30000, 0, 0, greedy_29.000000, 37970, 1261, 108529.61510699999, inf, 173.41040462427745, 2120.0689702234877, 81551.748555, 4942.641546, 0.640282, 2708.430636, 19325.14278, 1.011308, 5017, 765, 10350001, 391377052, 166506930, 568233983, 37509, 708, 95980.42204500001, inf, 348.83720930232556, 3109.128539611182, 81464.785952, 2191.33492, 0.15969, 1520.201142, 10803.633375, 0.306966, 2494, 569, 5130001, 420884810, 80123303, 506138114, 36601, 445, 90348.28870900001, inf, 697.6744186046511, 4457.738949866798, 82145.616852, 972.330896, 0.039524, 843.6404, 6386.596125, 0.064912, 1247, 261, 2550001, 437686002, 39213378, 479449381
30000, 30000, 0, 0, greedy_3.000000, 38036, 1327, 88939.49073300001, inf, 173.41040462427745, 2120.0689702234877, 81551.748555, 2997.97595, 0.598673, 2708.430636, 1680.651038, 0.085881, 519, 770, 10350001, 391377052, 22458480, 424185533, 37559, 758, 85466.804461, inf, 348.83720930232556, 3109.128539611182, 81464.785952, 1506.298138, 0.172423, 1520.201142, 975.318362, 0.028444, 258, 575, 5130001, 420884810, 10836371, 436851182, 36627, 471, 84320.868423, inf, 697.6744186046511, 4457.738949866798, 82145.616852, 766.069733, 0.039083, 843.6404, 565.49413, 0.008225, 129, 267, 2550001, 437686002, 5211644, 445447647
30000, 30000, 0, 0, greedy_31.000000, 37969, 1260, 109956.47664200001, inf, 173.41040462427745, 2120.0689702234877, 81551.748555, 5074.7715, 0.640732, 2708.430636, 20619.733349, 1.15187, 5363, 765, 10350001, 391377052, 177587580, 579314633, 37509, 708, 96696.67572700001, inf, 348.83720930232556, 3109.128539611182, 81464.785952, 2230.786107, 0.158056, 1520.201142, 11480.400404, 0.344066, 2666, 569, 5130001, 420884810, 85453067, 511467878, 36601, 445, 90770.80395000002, inf, 697.6744186046511, 4457.738949866798, 82145.616852, 983.385746, 0.044573, 843.6404, 6798.046739, 0.06964, 1333, 261, 2550001, 437686002, 41828896, 482064899
30000, 30000, 0, 0, greedy_33.000000, 37967, 1258, 111386.27574299999, inf, 173.41040462427745, 2120.0689702234877, 81551.748555, 5216.742624, 0.792729, 2708.430636, 21907.228465, 1.332734, 5709, 765, 10350001, 391377052, 188668230, 590395283, 37509, 708, 97404.55105600001, inf, 348.83720930232556, 3109.128539611182, 81464.785952, 2272.070662, 0.158788, 1520.201142, 12146.985267, 0.349245, 2838, 569, 5130001, 420884810, 90782831, 516797642, 36601, 445, 91180.715018, inf, 697.6744186046511, 4457.738949866798, 82145.616852, 997.884947, 0.049613, 843.6404, 7193.433167, 0.090039, 1419, 261, 2550001, 437686002, 44444414, 484680417
30000, 30000, 0, 0, greedy_35.000000, 37964, 1255, 112814.37203399999, inf, 173.41040462427745, 2120.0689702234877, 81551.748555, 5344.656318, 0.640844, 2708.430636, 23207.591611, 1.30407, 6055, 765, 10350001, 391377052, 199748880, 601475933, 37509, 708, 98144.74942400002, inf, 348.83720930232556, 3109.128539611182, 81464.785952, 2313.31948, 0.158557, 1520.201142, 12845.918076, 0.366217, 3010, 569, 5130001, 420884810, 96112595, 522127406, 36601, 445, 91628.344949, inf, 697.6744186046511, 4457.738949866798, 82145.616852, 1014.567813, 0.052579, 843.6404, 7624.369442, 0.097863, 1505, 261, 2550001, 437686002, 47059932, 487295935
30000, 30000, 0, 0, greedy_37.000000, 37964, 1255, 114188.55485799999, inf, 173.41040462427745, 2120.0689702234877, 81551.748555, 5486.470328, 0.627818, 2708.430636, 24439.924431, 1.35309, 6401, 765, 10350001, 391377052, 210829530, 612556583, 37509, 708, 98928.26769500002, inf, 348.83720930232556, 3109.128539611182, 81464.785952, 2358.681622, 0.15987, 1520.201142, 13584.040491, 0.398618, 3182, 569, 5130001, 420884810, 101442359, 527457170, 36601, 445, 92082.34442400001, inf, 697.6744186046511, 4457.738949866798, 82145.616852, 1029.492772, 0.088376, 843.6404, 8063.40227, 0.103754, 1591, 261, 2550001, 437686002, 49675450, 489911453
30000, 30000, 0, 0, greedy_39.000000, 37964, 1255, 115450.172015, inf, 173.41040462427745, 2120.0689702234877, 81551.748555, 5593.410364, 0.64469, 2708.430636, 25594.293745, 1.644025, 6747, 764, 10350001, 391377052, 221910180, 623637233, 37509, 708, 99659.191516, inf, 348.83720930232556, 3109.128539611182, 81464.785952, 2412.446958, 0.157666, 1520.201142, 14261.17962, 0.420178, 3354, 569, 5130001, 420884810, 106772123, 532786934, 36601, 445, 92427.43125300002, inf, 697.6744186046511, 4457.738949866798, 82145.616852, 1038.901146, 0.040826, 843.6404, 8399.150647, 0.081382, 1677, 260, 2550001, 437686002, 52290968, 492526971
30000, 30000, 0, 0, greedy_5.000000, 38016, 1307, 90661.879251, inf, 173.41040462427745, 2120.0689702234877, 81551.748555, 3193.348402, 0.77228, 2708.430636, 3207.423255, 0.156123, 865, 768, 10350001, 391377052, 33539130, 435266183, 37544, 743, 86423.09451400003, inf, 348.83720930232556, 3109.128539611182, 81464.785952, 1573.951973, 0.168176, 1520.201142, 1863.937317, 0.049954, 430, 573, 5130001, 420884810, 16166135, 442180946, 36621, 465, 84864.09782600001, inf, 697.6744186046511, 4457.738949866798, 82145.616852, 785.814457, 0.041648, 843.6404, 1088.970042, 0.014427, 215, 266, 2550001, 437686002, 7827162, 448063165
30000, 30000, 0, 0, greedy_7.000000, 38005, 1296, 92298.54992199999, inf, 173.41040462427745, 2120.0689702234877, 81551.748555, 3377.020633, 0.766387, 2708.430636, 4660.330807, 0.252904, 1211, 767, 10350001, 391377052, 44619780, 446346833, 37537, 736, 87320.66170100002, inf, 348.83720930232556, 3109.128539611182, 81464.785952, 1639.442391, 0.167494, 1520.201142, 2695.989952, 0.07477, 602, 572, 5130001, 420884810, 21495899, 447510710, 36621, 465, 85390.56152700001, inf, 697.6744186046511, 4457.738949866798, 82145.616852, 806.578813, 0.043892, 843.6404, 1594.661843, 0.019727, 301, 265, 2550001, 437686002, 10442680, 450678683
30000, 30000, 0, 0, greedy_9.000000, 37997, 1288, 93927.216863, inf, 173.41040462427745, 2120.0689702234877, 81551.748555, 3541.167664, 0.764604, 2708.430636, 6124.812114, 0.29329, 1557, 767, 10350001, 391377052, 55700430, 457427483, 37527, 726, 88211.10140200001, inf, 348.83720930232556, 3109.128539611182, 81464.785952, 1701.462683, 0.167845, 1520.201142, 3524.389193, 0.094587, 774, 572, 5130001, 420884810, 26825663, 452840474, 36620, 464, 85896.01623500002, inf, 697.6744186046511, 4457.738949866798, 82145.616852, 822.213833, 0.037641, 843.6404, 2084.485187, 0.022322, 387, 264, 2550001, 437686002, 13058198, 453294201
30000, 30000, 0, 0, opt, 37943, 1234, 95542.947938, inf, 173.41040462427745, 2120.0689702234877, 81551.748555, 11281.6657, 1.103047, 2708.430636, 0, 0, 0, 0, 10350001, 391377052, 60691275, 462418328, 37489, 688, 89355.619542, inf, 348.83720930232556, 3109.128539611182, 81464.785952, 6370.419608, 0.21284, 1520.201142, 0, 0, 0, 0, 5130001, 420884810, 29580390, 455595201, 36591, 435, 86018.36736200002, inf, 697.6744186046511, 4457.738949866798, 82145.616852, 3029.070015, 0.040095, 843.6404, 0, 0, 0, 0, 2550001, 437686002, 12385870, 452621873
30000, 30000, 0, 0, plus_edge, 38057, 1348, 85813.43572800001, inf, 173.41040462427745, 2120.0689702234877, 81551.748555, 1549.665567, 3.59097, 2708.430636, 0, 0, 0, 0, 10350001, 391377052, 5532896, 407259949, 37599, 798, 83743.42630100001, inf, 348.83720930232556, 3109.128539611182, 81464.785952, 758.290227, 0.14898, 1520.201142, 0, 0, 0, 0, 5130001, 420884810, 2638570, 428653381, 36636, 480, 83385.642182, inf, 697.6744186046511, 4457.738949866798, 82145.616852, 396.347189, 0.037741, 843.6404, 0, 0, 0, 0, 2550001, 437686002, 1278690, 441514693
30000, 30000, 0, 0, simple, 38146, 1437, 85750.740021, inf, 173.41040462427745, 2120.0689702234877, 81551.748555, 1489.874173, 0.686657, 2708.430636, 0, 0, 0, 0, 10350001, 391377052, 5503312, 407230365, 37639, 838, 83736.33272700002, inf, 348.83720930232556, 3109.128539611182, 81464.785952, 751.191213, 0.15442, 1520.201142, 0, 0, 0, 0, 5130001, 420884810, 2631345, 428646156, 36655, 499, 83384.85775100002, inf, 697.6744186046511, 4457.738949866798, 82145.616852, 395.54266, 0.057839, 843.6404, 0, 0, 0, 0, 2550001, 437686002, 1276926, 441512929
30000, 30000, 0, 0, dp_1.000000, 37876, 1387, 92284.25044799999, inf, 173.41040462427745, 2176.6015455786714, 88344.271607, 1369.370805, 0.581612, 2565.730241, 4.288228, 0.007955, 173, 0, 10350001, 412388062, 5410333, 428148396, 37426, 792, 84215.273191, inf, 348.83720930232556, 3126.7675442579302, 82097.231642, 708.894542, 0.135504, 1404.882639, 4.124185, 0.004679, 86, 0, 5130001, 425614595, 2649446, 433394042, 36879, 431, 82912.358225, inf, 697.6744186046511, 4446.322471650446, 81785.122564, 374.556005, 0.031099, 748.57624, 4.070112, 0.002205, 43, 0, 2550001, 435500462, 1310161, 439360624
30000, 30000, 0, 0, dp_11.000000, 37617, 1128, 108834.54052200001, inf, 173.41040462427745, 2176.6015455786714, 88344.271607, 9904.003341, 0.628819, 2565.730241, 7854.484098, 165.422416, 1903, 6, 10350001, 412388062, 95211627, 517949690, 37233, 599, 93819.74830200002, inf, 348.83720930232556, 3126.7675442579302, 82097.231642, 5853.750234, 0.169869, 1404.882639, 4444.643311, 19.070607, 946, 9, 5130001, 425614595, 50804070, 481548666, 36797, 349, 88642.43910300001, inf, 697.6744186046511, 4446.322471650446, 81785.122564, 3500.502204, 0.046067, 748.57624, 2605.814369, 2.377659, 473, 21, 2550001, 435500462, 27222259, 465272722
30000, 30000, 0, 0, dp_13.000000, 37617, 1128, 109695.79551499999, inf, 173.41040462427745, 2176.6015455786714, 88344.271607, 9319.549469, 0.719378, 2565.730241, 9234.541833, 230.982987, 2249, 5, 10350001, 412388062, 103306643, 526044706, 37233, 599, 95005.494428, inf, 348.83720930232556, 3126.7675442579302, 82097.231642, 6233.321389, 0.167384, 1404.882639, 5242.903828, 26.987546, 1118, 8, 5130001, 425614595, 57593366, 488337962, 36796, 348, 89415.846192, inf, 697.6744186046511, 4446.322471650446, 81785.122564, 3803.982563, 0.044984, 748.57624, 3074.750333, 3.369508, 559, 12, 2550001, 435500462, 31297678, 469348141
30000, 30000, 0, 0, dp_15.000000, 37617, 1128, 113774.18894500002, inf, 173.41040462427745, 2176.6015455786714, 88344.271607, 11962.323673, 0.626535, 2565.730241, 10589.488305, 311.748584, 2595, 5, 10350001, 412388062, 124066297, 546804360, 37233, 599, 95812.563083, inf, 348.83720930232556, 3126.7675442579302, 82097.231642, 6203.638808, 0.218249, 1404.882639, 6070.230769, 36.360976, 1290, 7, 5130001, 425614595, 62515910, 493260506, 36796, 348, 89754.410264, inf, 697.6744186046511, 4446.322471650446, 81785.122564, 3675.54871, 0.04295, 748.57624, 3540.605735, 4.514065, 645, 10, 2550001, 435500462, 33122925, 471173388
30000, 30000, 0, 0, dp_17.000000, 37617, 1128, 117856.668738, inf, 173.41040462427745, 2176.6015455786714, 88344.271607, 14581.450511, 0.848421, 2565.730241, 11963.115658, 401.2523, 2941, 5, 10350001, 412388062, 144825951, 567564014, 37233, 599, 97684.75016200001, inf, 348.83720930232556, 3126.7675442579302, 82097.231642, 7342.712016, 0.17079, 1404.882639, 6792.463252, 47.289823, 1462, 7, 5130001, 425614595, 72834534, 503579130, 36796, 348, 90720.57288, inf, 697.6744186046511, 4446.322471650446, 81785.122564, 4207.512767, 0.04237, 748.57624, 3973.496213, 5.822726, 731, 10, 2550001, 435500462, 38282237, 476332700
30000, 30000, 0, 0, dp_19.000000, 37617, 1128, 115514.434001, inf, 173.41040462427745, 2176.6015455786714, 88344.271607, 10754.312318, 0.621304, 2565.730241, 13344.649774, 504.848757, 3287, 4, 10350001, 412388062, 139911713, 562649776, 37233, 599, 97769.10721100001, inf, 348.83720930232556, 3126.7675442579302, 82097.231642, 6710.822063, 0.17104, 1404.882639, 7496.452176, 59.547651, 1634, 6, 5130001, 425614595, 74927782, 505672378, 36796, 348, 91097.387472, inf, 697.6744186046511, 4446.322471650446, 81785.122564, 4166.370469, 0.040266, 748.57624, 4389.976676, 7.301257, 817, 9, 2550001, 435500462, 40550059, 478600522
30000, 30000, 0, 0, dp_21.000000, 37617, 1128, 119657.17871099999, inf, 173.41040462427745, 2176.6015455786714, 88344.271607, 13393.748302, 0.810971, 2565.730241, 14736.304657, 616.312933, 3633, 4, 10350001, 412388062, 160671367, 583409430, 37233, 599, 99678.564761, inf, 348.83720930232556, 3126.7675442579302, 82097.231642, 7876.593789, 0.171011, 1404.882639, 8225.733943, 73.951737, 1806, 6, 5130001, 425614595, 85246406, 515991002, 36796, 348, 91134.60633499999, inf, 697.6744186046511, 4446.322471650446, 81785.122564, 3766.681277, 0.042329, 748.57624, 4825.248434, 8.935491, 903, 8, 2550001, 435500462, 41195106, 479245569
30000, 30000, 0, 0, dp_23.000000, 37617, 1128, 123704.76710999999, inf, 173.41040462427745, 2176.6015455786714, 88344.271607, 16093.787606, 0.799779, 2565.730241, 15960.036301, 740.141576, 3979, 4, 10350001, 412388062, 181431021, 604169084, 37233, 599, 101612.11962299999, inf, 348.83720930232556, 3126.7675442579302, 82097.231642, 9063.287674, 0.15501, 1404.882639, 8957.95826, 88.604398, 1978, 6, 5130001, 425614595, 95565030, 526309626, 36796, 348, 92141.73463100001, inf, 697.6744186046511, 4446.322471650446, 81785.122564, 4320.580742, 0.054162, 748.57624, 5276.635141, 10.765782, 989, 8, 2550001, 435500462, 46354418, 484404881
30000, 30000, 0, 0, dp_25.000000, 37617, 1128, 127591.76138600001, inf, 173.41040462427745, 2176.6015455786714, 88344.271607, 18595.89531, 0.813645, 2565.730241, 17204.698885, 880.351698, 4325, 4, 10350001, 412388062, 202190675, 624928738, 37233, 599, 100208.64689900001, inf, 348.83720930232556, 3126.7675442579302, 82097.231642, 6872.338868, 0.167595, 1404.882639, 9728.109028, 105.917127, 2150, 5, 5130001, 425614595, 90891302, 521635898, 36796, 348, 93047.658631, inf, 697.6744186046511, 4446.322471650446, 81785.122564, 4861.450008, 0.043141, 748.57624, 5639.718119, 12.748559, 1075, 8, 2550001, 435500462, 51513730, 489564193
30000, 30000, 0, 0, dp_27.000000, 37617, 1128, 131645.64268800002, inf, 173.41040462427745, 2176.6015455786714, 88344.271607, 21275.408055, 0.622688, 2565.730241, 18436.865799, 1022.744298, 4671, 4, 10350001, 412388062, 222950329, 645688392, 37233, 599, 102056.63876, inf, 348.83720930232556, 3126.7675442579302, 82097.231642, 8008.112743, 0.170269, 1404.882639, 10422.794793, 123.446674, 2322, 5, 5130001, 425614595, 101209926, 531954522, 36796, 348, 92532.023971, inf, 697.6744186046511, 4446.322471650446, 81785.122564, 3951.461347, 0.039143, 748.57624, 6031.755117, 15.06956, 1161, 7, 2550001, 435500462, 49680357, 487730820
30000, 30000, 0, 0, dp_29.000000, 37617, 1128, 123622.99739, inf, 173.41040462427745, 2176.6015455786714, 88344.271607, 11830.967948, 0.813376, 2565.730241, 19701.200971, 1180.013247, 5017, 3, 10350001, 412388062, 196296565, 619034628, 37233, 599, 103883.683364, inf, 348.83720930232556, 3126.7675442579302, 82097.231642, 9170.4458, 0.217398, 1404.882639, 11068.101716, 142.804169, 2494, 5, 5130001, 425614595, 111528550, 542273146, 36796, 348, 93466.19853699999, inf, 697.6744186046511, 4446.322471650446, 81785.122564, 4491.62821, 0.043282, 748.57624, 6423.551633, 17.276608, 1247, 7, 2550001, 435500462, 54839669, 492890132
30000, 30000, 0, 0, dp_3.000000, 37672, 1183, 96560.356986, inf, 173.41040462427745, 2176.6015455786714, 88344.271607, 3871.683988, 1.029071, 2565.730241, 1769.247586, 8.394493, 519, 425, 10350001, 412388062, 26613213, 449351276, 37298, 664, 86506.770936, inf, 348.83720930232556, 3126.7675442579302, 82097.231642, 1973.110797, 0.168125, 1404.882639, 1030.340909, 1.036824, 258, 369, 5130001, 425614595, 13104030, 443848626, 36828, 380, 84166.205444, inf, 697.6744186046511, 4446.322471650446, 81785.122564, 1035.061354, 0.044474, 748.57624, 597.231855, 0.168957, 129, 224, 2550001, 435500462, 6507946, 444558409
30000, 30000, 0, 0, dp_31.000000, 37617, 1128, 127727.109696, inf, 173.41040462427745, 2176.6015455786714, 88344.271607, 14478.793095, 0.802425, 2565.730241, 20988.122141, 1349.390187, 5363, 3, 10350001, 412388062, 217056219, 639794282, 37233, 599, 105757.31165800002, inf, 348.83720930232556, 3126.7675442579302, 82097.231642, 10355.316078, 0.170089, 1404.882639, 11736.050214, 163.660996, 2666, 5, 5130001, 425614595, 121847174, 552591770, 36796, 348, 94429.268257, inf, 697.6744186046511, 4446.322471650446, 81785.122564, 5043.865851, 0.054151, 748.57624, 6831.875468, 19.773983, 1333, 7, 2550001, 435500462, 59998981, 498049444
30000, 30000, 0, 0, dp_33.000000, 37617, 1128, 131860.297828, inf, 173.41040462427745, 2176.6015455786714, 88344.271607, 17143.674865, 0.629992, 2565.730241, 22276.115163, 1529.87596, 5709, 3, 10350001, 412388062, 237815873, 660553936, 37233, 599, 107648.75538500001, inf, 348.83720930232556, 3126.7675442579302, 82097.231642, 11555.261839, 0.215595, 1404.882639, 12405.658794, 185.504876, 2838, 5, 5130001, 425614595, 132165798, 562910394, 36796, 348, 95385.679509, inf, 697.6744186046511, 4446.322471650446, 81785.122564, 5582.332, 0.04295, 748.57624, 7247.055736, 22.550019, 1419, 7, 2550001, 435500462, 65158293, 503208756
30000, 30000, 0, 0, dp_35.000000, 37617, 1128, 135847.07690800002, inf, 173.41040462427745, 2176.6015455786714, 88344.271607, 19651.566814, 0.629473, 2565.730241, 23564.769212, 1720.109561, 6055, 3, 10350001, 412388062, 258575527, 681313590, 37233, 599, 103356.80484, inf, 348.83720930232556, 3126.7675442579302, 82097.231642, 6567.761761, 0.167695, 1404.882639, 13076.613392, 210.147711, 3010, 4, 5130001, 425614595, 115124838, 545869434, 36796, 348, 94378.04679300002, inf, 697.6744186046511, 4446.322471650446, 81785.122564, 4169.449277, 0.062488, 748.57624, 7649.057039, 25.779185, 1505, 6, 2550001, 435500462, 60876005, 498926468
30000, 30000, 0, 0, dp_37.000000, 37617, 1128, 140083.699579, inf, 173.41040462427745, 2176.6015455786714, 88344.271607, 22396.192853, 0.809059, 2565.730241, 24852.95026, 1923.745559, 6401, 3, 10350001, 412388062, 279335181, 702073244, 37233, 599, 105238.198544, inf, 348.83720930232556, 3126.7675442579302, 82097.231642, 7732.375748, 0.167313, 1404.882639, 13769.220057, 234.321145, 3182, 4, 5130001, 425614595, 125443462, 556188058, 36796, 348, 95300.16520200002, inf, 697.6744186046511, 4446.322471650446, 81785.122564, 4715.163358, 0.043371, 748.57624, 8022.828972, 28.430697, 1591, 6, 2550001, 435500462, 66035317, 504085780
30000, 30000, 0, 0, dp_39.000000, 37617, 1128, 144151.181653, inf, 173.41040462427745, 2176.6015455786714, 88344.271607, 24981.386493, 0.633138, 2565.730241, 26114.498799, 2144.661375, 6747, 3, 10350001, 412388062, 300094835, 722832898, 37233, 599, 107109.03332100001, inf, 348.83720930232556, 3126.7675442579302, 82097.231642, 8880.703633, 0.169979, 1404.882639, 14464.980036, 261.065392, 3354, 4, 5130001, 425614595, 135762086, 566506682, 36796, 348, 96211.724952, inf, 697.6744186046511, 4446.322471650446, 81785.122564, 5255.107288, 0.050635, 748.57624, 8391.209846, 31.658379, 1677, 6, 2550001, 435500462, 71194629, 509245092
30000, 30000, 0, 0, dp_5.000000, 37630, 1141, 100481.72728800001, inf, 173.41040462427745, 2176.6015455786714, 88344.271607, 6160.996636, 1.469448, 2565.730241, 3380.327961, 28.931395, 865, 122, 10350001, 412388062, 47724815, 470462878, 37250, 616, 88688.69032000001, inf, 348.83720930232556, 3126.7675442579302, 82097.231642, 3227.661626, 0.169869, 1404.882639, 1955.331984, 3.41256, 430, 172, 5130001, 425614595, 23564382, 454308978, 36813, 365, 85321.758753, inf, 697.6744186046511, 4446.322471650446, 81785.122564, 1651.383468, 0.044443, 748.57624, 1136.15848, 0.473558, 215, 139, 2550001, 435500462, 11679148, 449729611
30000, 30000, 0, 0, dp_7.000000, 37617, 1128, 104112.93066200001, inf, 173.41040462427745, 2176.6015455786714, 88344.271607, 8207.47246, 1.728965, 2565.730241, 4932.633476, 61.093913, 1211, 10, 10350001, 412388062, 68137473, 490875536, 37240, 606, 90768.28226499999, inf, 348.83720930232556, 3126.7675442579302, 82097.231642, 4429.981185, 0.167474, 1404.882639, 2828.696892, 7.322433, 602, 70, 5130001, 425614595, 34024734, 464769330, 36807, 359, 86475.536723, inf, 697.6744186046511, 4446.322471650446, 81785.122564, 2286.00606, 0.045495, 748.57624, 1654.842144, 0.94422, 301, 78, 2550001, 435500462, 16819384, 454869847
30000, 30000, 0, 0, dp_9.000000, 37617, 1128, 106562.699263, inf, 173.41040462427745, 2176.6015455786714, 88344.271607, 9184.533287, 0.979636, 2565.730241, 6361.017822, 106.16667, 1557, 7, 10350001, 412388062, 82119679, 504857742, 37233, 599, 92721.18348700002, inf, 348.83720930232556, 3126.7675442579302, 82097.231642, 5525.834541, 0.218951, 1404.882639, 3680.534465, 12.481249, 774, 22, 5130001, 425614595, 44056134, 474800730, 36797, 349, 87565.479987, inf, 697.6744186046511, 4446.322471650446, 81785.122564, 2894.517887, 0.045405, 748.57624, 2135.644591, 1.5733, 387, 41, 2550001, 435500462, 22020091, 460070554
30000, 30000, 0, 0, fixed_reps_1, 37876, 1387, 92283.66776, inf, 173.41040462427745, 2176.6015455786714, 88344.271607, 1368.23316, 0.86438, 2565.730241, 4.568372, 0, 173, 1513, 10350001, 412388062, 5410333, 428148396, 37426, 792, 84217.265121, inf, 348.83720930232556, 3126.7675442579302, 82097.231642, 710.886448, 0.146735, 1404.882639, 4.117657, 0, 86, 865, 5130001, 425614595, 2649446, 433394042, 36879, 431, 82913.042957, inf, 697.6744186046511, 4446.322471650446, 81785.122564, 375.135089, 0.041017, 748.57624, 4.168047, 0, 43, 463, 2550001, 435500462, 1310161, 439360624
30000, 30000, 0, 0, fixed_reps_11, 37641, 1152, 105753.618429, inf, 173.41040462427745, 2176.6015455786714, 88344.271607, 14775.810837, 0.619521, 2565.730241, 67.186223, 0, 1903, 245, 10350001, 412388062, 59511933, 482249996, 37249, 615, 91173.799261, inf, 348.83720930232556, 3126.7675442579302, 82097.231642, 7598.013119, 0.169167, 1404.882639, 73.502694, 0, 946, 180, 5130001, 425614595, 29143046, 459887642, 36806, 358, 86615.70059800001, inf, 697.6744186046511, 4446.322471650446, 81785.122564, 4002.198263, 0.044634, 748.57624, 79.758897, 0, 473, 165, 2550001, 435500462, 14411341, 452461804
30000, 30000, 0, 0, fixed_reps_13, 37638, 1149, 108403.78289, inf, 173.41040462427745, 2176.6015455786714, 88344.271607, 17413.841967, 0.786945, 2565.730241, 79.15213, 0, 2249, 193, 10350001, 412388062, 70332253, 493070316, 37247, 613, 92569.78192400001, inf, 348.83720930232556, 3126.7675442579302, 82097.231642, 8981.141154, 0.157044, 1404.882639, 86.369445, 0, 1118, 146, 5130001, 425614595, 34441766, 465186362, 36803, 355, 87355.38069499999, inf, 697.6744186046511, 4446.322471650446, 81785.122564, 4727.353339, 0.068378, 748.57624, 94.260174, 0, 559, 138, 2550001, 435500462, 17031577, 455082040
30000, 30000, 0, 0, fixed_reps_15, 37632, 1143, 111166.34787499999, inf, 173.41040462427745, 2176.6015455786714, 88344.271607, 20164.154418, 0.771436, 2565.730241, 91.420173, 0, 2595, 156, 10350001, 412388062, 81152573, 503890636, 37245, 611, 93965.755593, inf, 348.83720930232556, 3126.7675442579302, 82097.231642, 10362.429509, 0.165641, 1404.882639, 101.046162, 0, 1290, 133, 5130001, 425614595, 39740486, 470485082, 36802, 354, 88093.16690000001, inf, 697.6744186046511, 4446.322471650446, 81785.122564, 5451.328663, 0.045706, 748.57624, 108.093727, 0, 645, 104, 2550001, 435500462, 19651813, 457702276
30000, 30000, 0, 0, fixed_reps_17, 37626, 1137, 113690.26557099998, inf, 173.41040462427745, 2176.6015455786714, 88344.271607, 22677.895532, 0.617307, 2565.730241, 101.750884, 0, 2941, 128, 10350001, 412388062, 91972893, 514710956, 37243, 609, 95342.92479, inf, 348.83720930232556, 3126.7675442579302, 82097.231642, 11727.086191, 0.148658, 1404.882639, 113.57566, 0, 1462, 116, 5130001, 425614595, 45039206, 475783802, 36802, 354, 88799.27237, inf, 697.6744186046511, 4446.322471650446, 81785.122564, 6144.381034, 0.046538, 748.57624, 121.145994, 0, 731, 81, 2550001, 435500462, 22272049, 460322512
30000, 30000, 0, 0, fixed_reps_19, 37626, 1137, 116746.33436200001, inf, 173.41040462427745, 2176.6015455786714, 88344.271607, 25722.265744, 0.761377, 2565.730241, 113.305393, 0, 3287, 97, 10350001, 412388062, 102793213, 525531276, 37240, 606, 96741.01818099999, inf, 348.83720930232556, 3126.7675442579302, 82097.231642, 13112.579441, 0.205645, 1404.882639, 126.118814, 0, 1634, 89, 5130001, 425614595, 50337926, 481082522, 36800, 352, 89812.04168, inf, 697.6744186046511, 4446.322471650446, 81785.122564, 7142.983396, 0.068389, 748.57624, 135.291091, 0, 817, 71, 2550001, 435500462, 24892285, 462942748
30000, 30000, 0, 0, fixed_reps_21, 37626, 1137, 119066.219126, inf, 173.41040462427745, 2176.6015455786714, 88344.271607, 28029.710052, 0.793477, 2565.730241, 125.713749, 0, 3633, 73, 10350001, 412388062, 113613533, 536351596, 37238, 604, 98116.414299, inf, 348.83720930232556, 3126.7675442579302, 82097.231642, 14474.603799, 0.1494, 1404.882639, 139.546819, 0, 1806, 81, 5130001, 425614595, 55636646, 486381242, 36800, 352, 90267.977599, inf, 697.6744186046511, 4446.322471650446, 81785.122564, 7584.966198, 0.055965, 748.57624, 149.256632, 0, 903, 60, 2550001, 435500462, 27512521, 465562984
30000, 30000, 0, 0, fixed_reps_23, 37622, 1133, 121692.25351899999, inf, 173.41040462427745, 2176.6015455786714, 88344.271607, 30643.888725, 0.801392, 2565.730241, 137.561554, 0, 3979, 61, 10350001, 412388062, 124433853, 547171916, 37237, 603, 99464.841544, inf, 348.83720930232556, 3126.7675442579302, 82097.231642, 15809.958678, 0.223469, 1404.882639, 152.545116, 0, 1978, 76, 5130001, 425614595, 60935366, 491679962, 36800, 352, 90984.73219000001, inf, 697.6744186046511, 4446.322471650446, 81785.122564, 8288.15548, 0.052859, 748.57624, 162.825047, 0, 989, 52, 2550001, 435500462, 30132757, 468183220
30000, 30000, 0, 0, fixed_reps_25, 37622, 1133, 124306.69441799998, inf, 173.41040462427745, 2176.6015455786714, 88344.271607, 33246.428078, 0.817061, 2565.730241, 149.447431, 0, 4325, 57, 10350001, 412388062, 135254173, 557992236, 37236, 602, 100837.38855500001, inf, 348.83720930232556, 3126.7675442579302, 82097.231642, 17170.721417, 0.157225, 1404.882639, 164.395632, 0, 2150, 65, 5130001, 425614595, 66234086, 496978682, 36800, 352, 91722.69615799999, inf, 697.6744186046511, 4446.322471650446, 81785.122564, 9011.811645, 0.054001, 748.57624, 177.131708, 0, 1075, 50, 2550001, 435500462, 32752993, 470803456
30000, 30000, 0, 0, fixed_reps_27, 37620, 1131, 126964.56555900001, inf, 173.41040462427745, 2176.6015455786714, 88344.271607, 35892.526316, 0.815008, 2565.730241, 161.222387, 0, 4671, 53, 10350001, 412388062, 146074493, 568812556, 37234, 600, 102239.467793, inf, 348.83720930232556, 3126.7675442579302, 82097.231642, 18560.051064, 0.216476, 1404.882639, 177.085972, 0, 2322, 52, 5130001, 425614595, 71532806, 502277402, 36800, 352, 92471.882735, inf, 697.6744186046511, 4446.322471650446, 81785.122564, 9746.858454, 0.052519, 748.57624, 191.272958, 0, 1161, 48, 2550001, 435500462, 35373229, 473423692
30000, 30000, 0, 0, fixed_reps_29, 37619, 1130, 129813.623501, inf, 173.41040462427745, 2176.6015455786714, 88344.271607, 38728.606501, 0.798117, 2565.730241, 174.217035, 0, 5017, 43, 10350001, 412388062, 156894813, 579632876, 37234, 600, 103636.38378700001, inf, 348.83720930232556, 3126.7675442579302, 82097.231642, 19944.302205, 0.158177, 1404.882639, 189.809124, 0, 2494, 43, 5130001, 425614595, 76831526, 507576122, 36798, 350, 93195.728229, inf, 697.6744186046511, 4446.322471650446, 81785.122564, 10457.283215, 0.037831, 748.57624, 204.708379, 0, 1247, 43, 2550001, 435500462, 37993465, 476043928
30000, 30000, 0, 0, fixed_reps_3, 37728, 1239, 94994.38912799998, inf, 173.41040462427745, 2176.6015455786714, 88344.271607, 4064.726902, 1.403671, 2565.730241, 18.256707, 0, 519, 938, 10350001, 412388062, 16230653, 438968716, 37319, 685, 85617.075532, inf, 348.83720930232556, 3126.7675442579302, 82097.231642, 2096.607199, 0.168867, 1404.882639, 18.185185, 0, 258, 651, 5130001, 425614595, 7948166, 438692762, 36843, 395, 83658.34715799999, inf, 697.6744186046511, 4446.322471650446, 81785.122564, 1103.806619, 0.043762, 748.57624, 20.797973, 0, 129, 325, 2550001, 435500462, 3930397, 441980860
30000, 30000, 0, 0, fixed_reps_31, 37617, 1128, 132214.42317, inf, 173.41040462427745, 2176.6015455786714, 88344.271607, 41118.584563, 0.77862, 2565.730241, 185.058139, 0, 5363, 37, 10350001, 412388062, 167715133, 590453196, 37234, 600, 105012.943447, inf, 348.83720930232556, 3126.7675442579302, 82097.231642, 21307.694265, 0.212719, 1404.882639, 202.922182, 0, 2666, 43, 5130001, 425614595, 82130246, 512874842, 36797, 349, 93919.18708299998, inf, 697.6744186046511, 4446.322471650446, 81785.122564, 11165.420133, 0.050014, 748.57624, 220.018132, 0, 1333, 32, 2550001, 435500462, 40613701, 478664164
30000, 30000, 0, 0, fixed_reps_33, 37617, 1128, 134837.052524, inf, 173.41040462427745, 2176.6015455786714, 88344.271607, 43730.913806, 0.824636, 2565.730241, 195.312234, 0, 5709, 34, 10350001, 412388062, 178535453, 601273516, 37234, 600, 106378.149681, inf, 348.83720930232556, 3126.7675442579302, 82097.231642, 22659.738744, 0.157075, 1404.882639, 216.139581, 0, 2838, 40, 5130001, 425614595, 87428966, 518173562, 36797, 349, 94657.01257800001, inf, 697.6744186046511, 4446.322471650446, 81785.122564, 11889.768704, 0.032842, 748.57624, 233.512228, 0, 1419, 32, 2550001, 435500462, 43233937, 481284400
30000, 30000, 0, 0, fixed_reps_35, 37617, 1128, 137449.114894, inf, 173.41040462427745, 2176.6015455786714, 88344.271607, 46332.766171, 0.805651, 2565.730241, 205.541224, 0, 6055, 29, 10350001, 412388062, 189355773, 612093836, 37234, 600, 107705.125608, inf, 348.83720930232556, 3126.7675442579302, 82097.231642, 23975.525376, 0.168907, 1404.882639, 227.317044, 0, 3010, 36, 5130001, 425614595, 92727686, 523472282, 36797, 349, 95405.966143, inf, 697.6744186046511, 4446.322471650446, 81785.122564, 12625.148523, 0.055424, 748.57624, 247.063392, 0, 1505, 31, 2550001, 435500462, 45854173, 483904636
30000, 30000, 0, 0, fixed_reps_37, 37617, 1128, 140197.631685, inf, 173.41040462427745, 2176.6015455786714, 88344.271607, 49069.431178, 0.855504, 2565.730241, 217.343155, 0, 6401, 27, 10350001, 412388062, 200176093, 622914156, 37234, 600, 109087.754511, inf, 348.83720930232556, 3126.7675442579302, 82097.231642, 25343.631626, 0.154129, 1404.882639, 241.854475, 0, 3182, 28, 5130001, 425614595, 98026406, 528771002, 36797, 349, 96139.80222299999, inf, 697.6744186046511, 4446.322471650446, 81785.122564, 13344.450065, 0.045866, 748.57624, 261.607488, 0, 1591, 31, 2550001, 435500462, 48474409, 486524872
30000, 30000, 0, 0, fixed_reps_39, 37617, 1128, 142906.058293, inf, 173.41040462427745, 2176.6015455786714, 88344.271607, 51767.418421, 0.819116, 2565.730241, 227.818908, 0, 6747, 25, 10350001, 412388062, 210996413, 633734476, 37234, 600, 110458.126086, inf, 348.83720930232556, 3126.7675442579302, 82097.231642, 26700.252041, 0.225693, 1404.882639, 255.534071, 0, 3354, 28, 5130001, 425614595, 103325126, 534069722, 36797, 349, 96888.913839, inf, 697.6744186046511, 4446.322471650446, 81785.122564, 14080.375346, 0.053059, 748.57624, 274.78663, 0, 1677, 31, 2550001, 435500462, 51094645, 489145108
30000, 30000, 0, 0, fixed_reps_41, 37617, 1128, 145419.502874, inf, 173.41040462427745, 2176.6015455786714, 88344.271607, 54270.349211, 0.805552, 2565.730241, 238.346263, 0, 7093, 24, 10350001, 412388062, 221816733, 644554796, 37234, 600, 111859.135384, inf, 348.83720930232556, 3126.7675442579302, 82097.231642, 28088.359845, 0.157234, 1404.882639, 268.504024, 0, 3526, 27, 5130001, 425614595, 108623846, 539368442, 36797, 349, 97634.446961, inf, 697.6744186046511, 4446.322471650446, 81785.122564, 14811.929733, 0.056516, 748.57624, 288.761908, 0, 1763, 30, 2550001, 435500462, 53714881, 491765344
30000, 30000, 0, 0, fixed_reps_5, 37677, 1188, 97712.64165199999, inf, 173.41040462427745, 2176.6015455786714, 88344.271607, 6770.567342, 0.833783, 2565.730241, 31.238679, 0, 865, 584, 10350001, 412388062, 27050973, 449789036, 37291, 657, 87029.641049, inf, 348.83720930232556, 3126.7675442579302, 82097.231642, 3494.081898, 0.148689, 1404.882639, 33.296181, 0, 430, 471, 5130001, 425614595, 13246886, 443991482, 36831, 383, 84402.059697, inf, 697.6744186046511, 4446.322471650446, 81785.122564, 1832.030079, 0.043312, 748.57624, 36.287502, 0, 215, 298, 2550001, 435500462, 6550633, 444601096
30000, 30000, 0, 0, fixed_reps_7, 37653, 1164, 100421.551937, inf, 173.41040462427745, 2176.6015455786714, 88344.271607, 9466.902498, 0.810079, 2565.730241, 43.837512, 0, 1211, 405, 10350001, 412388062, 37871293, 460609356, 37270, 636, 88412.601863, inf, 348.83720930232556, 3126.7675442579302, 82097.231642, 4862.591743, 0.238558, 1404.882639, 47.657281, 0, 602, 368, 5130001, 425614595, 18545606, 449290202, 36818, 370, 85136.348893, inf, 697.6744186046511, 4446.322471650446, 81785.122564, 2551.306551, 0.043321, 748.57624, 51.300217, 0, 301, 230, 2550001, 435500462, 9170869, 447221332
30000, 30000, 0, 0, fixed_reps_9, 37647, 1158, 103075.00226299999, inf, 173.41040462427745, 2176.6015455786714, 88344.271607, 12109.135963, 0.619501, 2565.730241, 55.244951, 0, 1557, 289, 10350001, 412388062, 48691613, 471429676, 37260, 626, 89779.453378, inf, 348.83720930232556, 3126.7675442579302, 82097.231642, 6216.82874, 0.152386, 1404.882639, 60.357971, 0, 774, 250, 5130001, 425614595, 23844326, 454588922, 36812, 364, 85879.78352, inf, 697.6744186046511, 4446.322471650446, 81785.122564, 3280.786437, 0.037581, 748.57624, 65.260698, 0, 387, 198, 2550001, 435500462, 11791105, 449841568
30000, 30000, 0, 0, greedy_1.000000, 37876, 1387, 92283.828958, inf, 173.41040462427745, 2176.6015455786714, 88344.271607, 1368.836854, 0.694203, 2565.730241, 4.288228, 0.007825, 173, 1513, 10350001, 412388062, 5410333, 428148396, 37426, 792, 84215.09750100001, inf, 348.83720930232556, 3126.7675442579302, 82097.231642, 708.691611, 0.163557, 1404.882639, 4.124185, 0.003867, 86, 865, 5130001, 425614595, 2649446, 433394042, 36879, 431, 82911.57050700001, inf, 697.6744186046511, 4446.322471650446, 81785.122564, 373.756777, 0.042379, 748.57624, 4.070112, 0.002435, 43, 463, 2550001, 435500462, 1310161, 439360624
30000, 30000, 0, 0, greedy_11.000000, 37667, 1178, 102239.26952400002, inf, 173.41040462427745, 2176.6015455786714, 88344.271607, 3472.568045, 1.829018, 2565.730241, 7854.484098, 0.386515, 1903, 844, 10350001, 412388062, 65646259, 488384322, 37290, 656, 89625.38090900001, inf, 348.83720930232556, 3126.7675442579302, 82097.231642, 1678.338833, 0.165811, 1404.882639, 4444.643311, 0.118673, 946, 598, 5130001, 425614595, 32007326, 462751922, 36833, 385, 85966.595951, inf, 697.6744186046511, 4446.322471650446, 81785.122564, 827.0092, 0.045165, 748.57624, 2605.814369, 0.028413, 473, 315, 2550001, 435500462, 15796768, 453847231
30000, 30000, 0, 0, greedy_13.000000, 37664, 1175, 103745.78746099999, inf, 173.41040462427745, 2176.6015455786714, 88344.271607, 3599.424489, 1.358828, 2565.730241, 9234.541833, 0.460463, 2249, 843, 10350001, 412388062, 76469485, 499207548, 37289, 655, 90465.86102000001, inf, 348.83720930232556, 3126.7675442579302, 82097.231642, 1720.547747, 0.149671, 1404.882639, 5242.903828, 0.145493, 1118, 598, 5130001, 425614595, 37309054, 468053650, 36830, 382, 86453.94295000001, inf, 697.6744186046511, 4446.322471650446, 81785.122564, 845.398084, 0.061004, 748.57624, 3074.750333, 0.034725, 559, 314, 2550001, 435500462, 18418650, 456469113
30000, 30000, 0, 0, greedy_15.000000, 37661, 1172, 105200.89071, inf, 173.41040462427745, 2176.6015455786714, 88344.271607, 3700.089269, 0.780172, 2565.730241, 10589.488305, 0.531116, 2595, 843, 10350001, 412388062, 87292711, 510030774, 37280, 646, 91344.042029, inf, 348.83720930232556, 3126.7675442579302, 82097.231642, 1771.380515, 0.151354, 1404.882639, 6070.230769, 0.16511, 1290, 598, 5130001, 425614595, 42610782, 473355378, 36822, 374, 86938.737026, inf, 697.6744186046511, 4446.322471650446, 81785.122564, 864.351545, 0.042129, 748.57624, 3540.605735, 0.038813, 645, 314, 2550001, 435500462, 21040532, 459090995
30000, 30000, 0, 0, greedy_17.000000, 37656, 1167, 106676.54565799999, inf, 173.41040462427745, 2176.6015455786714, 88344.271607, 3802.193086, 0.616576, 2565.730241, 11963.115658, 0.61849, 2941, 843, 10350001, 412388062, 98115937, 520854000, 37278, 644, 92115.705631, inf, 348.83720930232556, 3126.7675442579302, 82097.231642, 1820.781048, 0.165029, 1404.882639, 6792.463252, 0.182021, 1462, 597, 5130001, 425614595, 47912510, 478657106, 36821, 373, 87390.18137, inf, 697.6744186046511, 4446.322471650446, 81785.122564, 882.900332, 0.04273, 748.57624, 3973.496213, 0.043291, 731, 313, 2550001, 435500462, 23662414, 461712877
30000, 30000, 0, 0, greedy_19.000000, 37653, 1164, 108181.51034500002, inf, 173.41040462427745, 2176.6015455786714, 88344.271607, 3925.228136, 0.807774, 2565.730241, 13344.649774, 0.822813, 3287, 843, 10350001, 412388062, 108939163, 531677226, 37268, 634, 92855.78816800001, inf, 348.83720930232556, 3126.7675442579302, 82097.231642, 1856.851326, 0.165641, 1404.882639, 7496.452176, 0.204744, 1634, 597, 5130001, 425614595, 53214238, 483958834, 36818, 370, 87822.540991, inf, 697.6744186046511, 4446.322471650446, 81785.122564, 898.777896, 0.040707, 748.57624, 4389.976676, 0.046908, 817, 313, 2550001, 435500462, 26284296, 464334759
30000, 30000, 0, 0, greedy_21.000000, 37650, 1161, 109665.021189, inf, 173.41040462427745, 2176.6015455786714, 88344.271607, 4017.33633, 0.615704, 2565.730241, 14736.304657, 0.76265, 3633, 843, 10350001, 412388062, 119762389, 542500452, 37267, 633, 93623.98865800002, inf, 348.83720930232556, 3126.7675442579302, 82097.231642, 1895.755, 0.152136, 1404.882639, 8225.733943, 0.233298, 1806, 597, 5130001, 425614595, 58515966, 489260562, 36818, 370, 88274.16980099998, inf, 697.6744186046511, 4446.322471650446, 81785.122564, 915.130882, 0.039964, 748.57624, 4825.248434, 0.051717, 903, 313, 2550001, 435500462, 28906178, 466956641
30000, 30000, 0, 0, greedy_23.000000, 37650, 1161, 111005.125147, inf, 173.41040462427745, 2176.6015455786714, 88344.271607, 4133.145167, 0.630703, 2565.730241, 15960.036301, 1.311128, 3979, 842, 10350001, 412388062, 130585615, 553323678, 37263, 629, 94396.532002, inf, 348.83720930232556, 3126.7675442579302, 82097.231642, 1936.048731, 0.163537, 1404.882639, 8957.95826, 0.247193, 1978, 597, 5130001, 425614595, 63817694, 494562290, 36817, 369, 88743.12191900001, inf, 697.6744186046511, 4446.322471650446, 81785.122564, 932.691603, 0.041658, 748.57624, 5276.635141, 0.054713, 989, 313, 2550001, 435500462, 31528060, 469578523
30000, 30000, 0, 0, greedy_25.000000, 37649, 1160, 112322.999478, inf, 173.41040462427745, 2176.6015455786714, 88344.271607, 4206.57342, 0.625533, 2565.730241, 17204.698885, 1.099792, 4325, 842, 10350001, 412388062, 141408841, 564146904, 37259, 625, 95218.16013700001, inf, 348.83720930232556, 3126.7675442579302, 82097.231642, 1987.452479, 0.217208, 1404.882639, 9728.109028, 0.267141, 2150, 597, 5130001, 425614595, 69119422, 499864018, 36817, 369, 89123.475022, inf, 697.6744186046511, 4446.322471650446, 81785.122564, 949.961367, 0.041698, 748.57624, 5639.718119, 0.055034, 1075, 312, 2550001, 435500462, 34149942, 472200405
30000, 30000, 0, 0, greedy_27.000000, 37648, 1159, 113645.26637200001, inf, 173.41040462427745, 2176.6015455786714, 88344.271607, 4296.647452, 0.617217, 2565.730241, 18436.865799, 1.134056, 4671, 842, 10350001, 412388062, 152232067, 574970130, 37256, 622, 95951.89481699998, inf, 348.83720930232556, 3126.7675442579302, 82097.231642, 2026.55182, 0.147206, 1404.882639, 10422.794793, 0.286717, 2322, 597, 5130001, 425614595, 74421150, 505165746, 36817, 369, 89528.561361, inf, 697.6744186046511, 4446.322471650446, 81785.122564, 963.002865, 0.039443, 748.57624, 6031.755117, 0.065132, 1161, 312, 2550001, 435500462, 36771824, 474822287
30000, 30000, 0, 0, greedy_29.000000, 37647, 1158, 114988.657014, inf, 173.41040462427745, 2176.6015455786714, 88344.271607, 4375.839706, 0.620755, 2565.730241, 19701.200971, 0.993734, 5017, 842, 10350001, 412388062, 163055293, 585793356, 37254, 620, 96633.73062100001, inf, 348.83720930232556, 3126.7675442579302, 82097.231642, 2063.045494, 0.162615, 1404.882639, 11068.101716, 0.306515, 2494, 596, 5130001, 425614595, 79722878, 510467474, 36816, 368, 89936.38042599999, inf, 697.6744186046511, 4446.322471650446, 81785.122564, 979.017197, 0.04268, 748.57624, 6423.551633, 0.070112, 1247, 312, 2550001, 435500462, 39393706, 477444169
30000, 30000, 0, 0, greedy_3.000000, 37728, 1239, 95613.17127600001, inf, 173.41040462427745, 2176.6015455786714, 88344.271607, 2933.21185, 0.616166, 2565.730241, 1769.247586, 0.093826, 519, 847, 10350001, 412388062, 22353355, 445091418, 37336, 702, 85987.291628, inf, 348.83720930232556, 3126.7675442579302, 82097.231642, 1454.636913, 0.169248, 1404.882639, 1030.340909, 0.030277, 258, 603, 5130001, 425614595, 10800414, 441545010, 36842, 394, 83876.73588800001, inf, 697.6744186046511, 4446.322471650446, 81785.122564, 745.75212, 0.044353, 748.57624, 597.231855, 0.008756, 129, 318, 2550001, 435500462, 5309240, 443359703
30000, 30000, 0, 0, greedy_31.000000, 37646, 1157, 116370.632793, inf, 173.41040462427745, 2176.6015455786714, 88344.271607, 4470.397092, 0.624501, 2565.730241, 20988.122141, 1.487211, 5363, 842, 10350001, 412388062, 173878519, 596616582, 37254, 620, 97337.15828100001, inf, 348.83720930232556, 3126.7675442579302, 82097.231642, 2098.48955, 0.162836, 1404.882639, 11736.050214, 0.3414, 2666, 596, 5130001, 425614595, 85024606, 515769202, 36815, 367, 90363.21467100001, inf, 697.6744186046511, 4446.322471650446, 81785.122564, 997.524361, 0.04226, 748.57624, 6831.875468, 0.073778, 1333, 312, 2550001, 435500462, 42015588, 480066051
30000, 30000, 0, 0, greedy_33.000000, 37645, 1156, 117752.017845, inf, 173.41040462427745, 2176.6015455786714, 88344.271607, 4563.815583, 0.620133, 2565.730241, 22276.115163, 1.465118, 5709, 842, 10350001, 412388062, 184701745, 607439808, 37254, 620, 98039.976821, inf, 348.83720930232556, 3126.7675442579302, 82097.231642, 2131.679943, 0.16502, 1404.882639, 12405.658794, 0.358783, 2838, 596, 5130001, 425614595, 90326334, 521070930, 36815, 367, 90791.67859999998, inf, 697.6744186046511, 4446.322471650446, 81785.122564, 1010.80139, 0.043842, 748.57624, 7247.055736, 0.078828, 1419, 312, 2550001, 435500462, 44637470, 482687933
30000, 30000, 0, 0, greedy_35.000000, 37642, 1153, 119129.88664, inf, 173.41040462427745, 2176.6015455786714, 88344.271607, 4652.969088, 0.613091, 2565.730241, 23564.769212, 1.533401, 6055, 842, 10350001, 412388062, 195524971, 618263034, 37254, 620, 98749.443353, inf, 348.83720930232556, 3126.7675442579302, 82097.231642, 2170.122378, 0.212368, 1404.882639, 13076.613392, 0.380934, 3010, 596, 5130001, 425614595, 95628062, 526372658, 36815, 367, 91209.06146800001, inf, 697.6744186046511, 4446.322471650446, 81785.122564, 1026.166494, 0.05882, 748.57624, 7649.057039, 0.080311, 1505, 312, 2550001, 435500462, 47259352, 485309815
30000, 30000, 0, 0, greedy_37.000000, 37638, 1149, 120523.640121, inf, 173.41040462427745, 2176.6015455786714, 88344.271607, 4758.42746, 0.623811, 2565.730241, 24852.95026, 1.636742, 6401, 842, 10350001, 412388062, 206348197, 629086260, 37254, 620, 99479.080756, inf, 348.83720930232556, 3126.7675442579302, 82097.231642, 2207.183122, 0.163496, 1404.882639, 13769.220057, 0.3998, 3182, 596, 5130001, 425614595, 100929790, 531674386, 36814, 366, 91598.79364200002, inf, 697.6744186046511, 4446.322471650446, 81785.122564, 1042.138667, 0.040206, 748.57624, 8022.828972, 0.086993, 1591, 311, 2550001, 435500462, 49881234, 487931697
30000, 30000, 0, 0, greedy_39.000000, 37637, 1148, 121882.075364, inf, 173.41040462427745, 2176.6015455786714, 88344.271607, 4854.910486, 0.632467, 2565.730241, 26114.498799, 2.031764, 6747, 842, 10350001, 412388062, 217171423, 639909486, 37254, 620, 100220.07331400001, inf, 348.83720930232556, 3126.7675442579302, 82097.231642, 2252.402887, 0.164158, 1404.882639, 14464.980036, 0.411952, 3354, 596, 5130001, 425614595, 106231518, 536976114, 36814, 366, 91981.732726, inf, 697.6744186046511, 4446.322471650446, 81785.122564, 1056.683994, 0.045395, 748.57624, 8391.209846, 0.094687, 1677, 311, 2550001, 435500462, 52503116, 490553579
30000, 30000, 0, 0, greedy_5.000000, 37702, 1213, 97375.66689800001, inf, 173.41040462427745, 2176.6015455786714, 88344.271607, 3083.718521, 1.440183, 2565.730241, 3380.327961, 0.178385, 865, 846, 10350001, 412388062, 33176581, 455914644, 37327, 693, 86974.843806, inf, 348.83720930232556, 3126.7675442579302, 82097.231642, 1517.179632, 0.163266, 1404.882639, 1955.331984, 0.054643, 430, 601, 5130001, 425614595, 16102142, 446846738, 36840, 392, 84439.65327299999, inf, 697.6744186046511, 4446.322471650446, 81785.122564, 769.730877, 0.051417, 748.57624, 1136.15848, 0.013695, 215, 317, 2550001, 435500462, 7931122, 445981585
30000, 30000, 0, 0, greedy_7.000000, 37685, 1196, 99069.97934499999, inf, 173.41040462427745, 2176.6015455786714, 88344.271607, 3226.322754, 0.753915, 2565.730241, 4932.633476, 0.267352, 1211, 845, 10350001, 412388062, 43999807, 466737870, 37321, 687, 87903.97726999999, inf, 348.83720930232556, 3126.7675442579302, 82097.231642, 1572.927829, 0.163337, 1404.882639, 2828.696892, 0.074931, 602, 600, 5130001, 425614595, 21403870, 452148466, 36838, 390, 84980.18564099999, inf, 697.6744186046511, 4446.322471650446, 81785.122564, 791.583848, 0.040807, 748.57624, 1654.842144, 0.020038, 301, 316, 2550001, 435500462, 10553004, 448603467
30000, 30000, 0, 0, greedy_9.000000, 37675, 1186, 100624.676689, inf, 173.41040462427745, 2176.6015455786714, 88344.271607, 3352.562495, 0.771578, 2565.730241, 6361.017822, 0.322946, 1557, 844, 10350001, 412388062, 54823033, 477561096, 37302, 668, 88813.189142, inf, 348.83720930232556, 3126.7675442579302, 82097.231642, 1630.275228, 0.166122, 1404.882639, 3680.534465, 0.099046, 774, 599, 5130001, 425614595, 26705598, 457450194, 36836, 388, 85475.852721, inf, 697.6744186046511, 4446.322471650446, 81785.122564, 806.443383, 0.04276, 748.57624, 2135.644591, 0.023183, 387, 315, 2550001, 435500462, 13174886, 451225349
30000, 30000, 0, 0, opt, 37617, 1128, 98792.132391, inf, 173.41040462427745, 2176.6015455786714, 88344.271607, 7881.346443, 0.7841, 2565.730241, 0, 0, 0, 0, 10350001, 412388062, 38428719, 461166782, 37233, 599, 89004.050969, inf, 348.83720930232556, 3126.7675442579302, 82097.231642, 5501.781737, 0.154951, 1404.882639, 0, 0, 0, 0, 5130001, 425614595, 24713408, 455458004, 36796, 348, 86018.286304, inf, 697.6744186046511, 4446.322471650446, 81785.122564, 3484.542255, 0.045245, 748.57624, 0, 0, 0, 0, 2550001, 435500462, 14606104, 452656567
30000, 30000, 0, 0, plus_edge, 37779, 1290, 92320.015094, inf, 173.41040462427745, 2176.6015455786714, 88344.271607, 1407.553506, 2.45974, 2565.730241, 0, 0, 0, 0, 10350001, 412388062, 5409744, 428147807, 37356, 722, 84215.15802700001, inf, 348.83720930232556, 3126.7675442579302, 82097.231642, 712.895237, 0.148509, 1404.882639, 0, 0, 0, 0, 5130001, 425614595, 2626585, 433371181, 36856, 408, 82910.37152599999, inf, 697.6744186046511, 4446.322471650446, 81785.122564, 376.62928, 0.043442, 748.57624, 0, 0, 0, 0, 2550001, 435500462, 1281882, 439332345
30000, 30000, 0, 0, simple, 37876, 1387, 92285.372324, inf, 173.41040462427745, 2176.6015455786714, 88344.271607, 1374.693007, 0.677469, 2565.730241, 0, 0, 0, 0, 10350001, 412388062, 5380160, 428118223, 37426, 792, 84211.71709, inf, 348.83720930232556, 3126.7675442579302, 82097.231642, 709.453008, 0.149801, 1404.882639, 0, 0, 0, 0, 5130001, 425614595, 2619360, 433363956, 36879, 431, 82907.848194, inf, 697.6744186046511, 4446.322471650446, 81785.122564, 374.107361, 0.042029, 748.57624, 0, 0, 0, 0, 2550001, 435500462, 1280118, 439330581
30000, 30000, 0, 0, dp_1.000000, 37573, 1324, 89899.324213, inf, 173.41040462427745, 2152.1839504149157, 85984.89489, 1380.700899, 0.645822, 2529.044253, 4.027869, 0.01048, 173, 0, 10350001, 403245139, 5465201, 419060341, 37165, 760, 84025.93205100001, inf, 348.83720930232556, 3103.2548024369557, 81902.556682, 709.652984, 0.140123, 1409.703888, 3.873454, 0.00492, 86, 0, 5130001, 419315744, 2662111, 427107856, 36630, 428, 81869.69382799999, inf, 697.6744186046511, 4432.133045820852, 80744.759021, 364.019968, 0.034605, 757.116245, 3.760683, 0.003306, 43, 0, 2550001, 432791888, 1312597, 436654486
30000, 30000, 0, 0, dp_11.000000, 37349, 1100, 106421.26731, inf, 173.41040462427745, 2152.1839504149157, 85984.89489, 10092.889946, 0.8325, 2529.044253, 7647.949217, 165.656504, 1903, 6, 10350001, 403245139, 99446987, 513042127, 37004, 599, 94087.839544, inf, 348.83720930232556, 3103.2548024369557, 81902.556682, 6508.809723, 0.171983, 1409.703888, 4247.554092, 19.043176, 946, 15, 5130001, 419315744, 54830228, 479275973, 36560, 358, 87387.874023, inf, 697.6744186046511, 4432.133045820852, 80744.759021, 3449.815964, 0.043342, 757.116245, 2433.715315, 2.424136, 473, 39, 2550001, 432791888, 27289810, 462631699
30000, 30000, 0, 0, dp_13.000000, 37349, 1100, 109738.888705, inf, 173.41040462427745, 2152.1839504149157, 85984.89489, 11996.082428, 0.685114, 2529.044253, 8997.058969, 231.123051, 2249, 6, 10350001, 403245139, 120205949, 533801089, 37004, 599, 95445.909088, inf, 348.83720930232556, 3103.2548024369557, 81902.556682, 7080.029769, 0.173275, 1409.703888, 5026.473618, 26.971856, 1118, 9, 5130001, 419315744, 62635786, 487081531, 36557, 355, 88449.806276, inf, 697.6744186046511, 4432.133045820852, 80744.759021, 4041.054879, 0.055393, 757.116245, 2903.420652, 3.400086, 559, 14, 2550001, 432791888, 32434918, 467776807
30000, 30000, 0, 0, dp_15.000000, 37349, 1100, 110957.45638899998, inf, 173.41040462427745, 2152.1839504149157, 85984.89489, 11816.180499, 0.696346, 2529.044253, 10315.037982, 311.602419, 2595, 5, 10350001, 403245139, 129266171, 542861311, 37004, 599, 96760.946912, inf, 348.83720930232556, 3103.2548024369557, 81902.556682, 7636.090244, 0.20801, 1409.703888, 5776.077196, 36.310892, 1290, 8, 5130001, 419315744, 70429893, 494875638, 36557, 355, 88876.296438, inf, 697.6744186046511, 4432.133045820852, 80744.759021, 4064.62813, 0.055725, 757.116245, 3305.234924, 4.502393, 645, 10, 2550001, 432791888, 35064712, 470406601
30000, 30000, 0, 0, dp_17.000000, 37349, 1100, 114347.26318699999, inf, 173.41040462427745, 2152.1839504149157, 85984.89489, 13685.640452, 0.691596, 2529.044253, 11744.985755, 402.006241, 2941, 5, 10350001, 403245139, 150025133, 563620273, 37004, 599, 97540.02516199999, inf, 348.83720930232556, 3103.2548024369557, 81902.556682, 7699.163179, 0.171341, 1409.703888, 6481.186946, 47.243126, 1462, 7, 5130001, 419315744, 75855594, 500301339, 36557, 355, 89369.35835400001, inf, 697.6744186046511, 4432.133045820852, 80744.759021, 4135.306977, 0.043943, 757.116245, 3726.28311, 5.849058, 731, 9, 2550001, 432791888, 37900159, 473242048
30000, 30000, 0, 0, dp_19.000000, 37349, 1100, 113498.78610299999, inf, 173.41040462427745, 2152.1839504149157, 85984.89489, 11362.506613, 0.687077, 2529.044253, 13117.463979, 504.189291, 3287, 4, 10350001, 403245139, 147415010, 561010150, 37004, 599, 97783.666336, inf, 348.83720930232556, 3103.2548024369557, 81902.556682, 7198.085576, 0.172934, 1409.703888, 7213.652392, 59.494864, 1634, 6, 5130001, 419315744, 78421878, 502867623, 36557, 355, 90348.159237, inf, 697.6744186046511, 4432.133045820852, 80744.759021, 4671.75763, 0.047519, 757.116245, 4167.159351, 7.319471, 817, 9, 2550001, 432791888, 43056547, 478398436
30000, 30000, 0, 0, dp_21.000000, 37349, 1100, 116807.063329, inf, 173.41040462427745, 2152.1839504149157, 85984.89489, 13273.749934, 0.702727, 2529.044253, 14400.126679, 618.544846, 3633, 4, 10350001, 403245139, 168173972, 581769112, 37004, 599, 99639.10954, inf, 348.83720930232556, 3103.2548024369557, 81902.556682, 8278.556139, 0.172524, 1409.703888, 7974.905774, 73.214533, 1806, 6, 5130001, 419315744, 88728806, 513174551, 36557, 355, 90471.734126, inf, 697.6744186046511, 4432.133045820852, 80744.759021, 4341.157967, 0.046748, 757.116245, 4619.669572, 8.984573, 903, 8, 2550001, 432791888, 43982359, 479324248
30000, 30000, 0, 0, dp_23.000000, 37349, 1100, 120034.51977199999, inf, 173.41040462427745, 2152.1839504149157, 85984.89489, 15161.459586, 0.692389, 2529.044253, 15616.955752, 741.472902, 3979, 4, 10350001, 403245139, 188932934, 602528074, 37004, 599, 101469.939255, inf, 348.83720930232556, 3103.2548024369557, 81902.556682, 9351.354785, 0.180118, 1409.703888, 8717.651494, 88.492288, 1978, 6, 5130001, 419315744, 99035734, 523481479, 36557, 355, 91380.11276900001, inf, 697.6744186046511, 4432.133045820852, 80744.759021, 4885.373938, 0.046197, 757.116245, 4982.046316, 10.771052, 989, 8, 2550001, 432791888, 49138747, 484480636
30000, 30000, 0, 0, dp_25.000000, 37349, 1100, 123324.879061, inf, 173.41040462427745, 2152.1839504149157, 85984.89489, 17054.868558, 0.845816, 2529.044253, 16873.121311, 882.104233, 4325, 4, 10350001, 403245139, 209691896, 623287036, 37004, 599, 100326.175074, inf, 348.83720930232556, 3103.2548024369557, 81902.556682, 7506.113784, 0.173605, 1409.703888, 9402.196228, 105.430887, 2150, 5, 5130001, 419315744, 95161109, 519606854, 36557, 355, 92292.014739, inf, 697.6744186046511, 4432.133045820852, 80744.759021, 5424.638818, 0.046017, 757.116245, 5352.689287, 12.765351, 1075, 8, 2550001, 432791888, 54295135, 489637024
30000, 30000, 0, 0, dp_27.000000, 37349, 1100, 126652.56306300001, inf, 173.41040462427745, 2152.1839504149157, 85984.89489, 18967.544735, 0.701146, 2529.044253, 18145.39241, 1024.985629, 4671, 4, 10350001, 403245139, 230450858, 644045998, 37004, 599, 102081.845585, inf, 348.83720930232556, 3103.2548024369557, 81902.556682, 8602.330669, 0.173295, 1409.703888, 10043.754852, 123.326199, 2322, 5, 5130001, 419315744, 105468037, 529913782, 36557, 355, 91946.42860099999, inf, 697.6744186046511, 4432.133045820852, 80744.759021, 4679.440272, 0.055314, 757.116245, 5750.068479, 14.98927, 1161, 7, 2550001, 432791888, 53193796, 488535685
30000, 30000, 0, 0, dp_29.000000, 37349, 1100, 121723.147564, inf, 173.41040462427745, 2152.1839504149157, 85984.89489, 12562.897017, 0.686478, 2529.044253, 19461.913269, 1183.711657, 5017, 3, 10350001, 403245139, 205153130, 618748270, 37004, 599, 103813.500936, inf, 348.83720930232556, 3103.2548024369557, 81902.556682, 9660.457638, 0.211206, 1409.703888, 10697.466789, 143.104733, 2494, 5, 5130001, 419315744, 115774965, 540220710, 36557, 355, 92916.42478300001, inf, 697.6744186046511, 4432.133045820852, 80744.759021, 5229.084155, 0.054602, 757.116245, 6168.144471, 17.266289, 1247, 7, 2550001, 432791888, 58350184, 493692073
30000, 30000, 0, 0, dp_3.000000, 37406, 1157, 94028.834727, inf, 173.41040462427745, 2152.1839504149157, 85984.89489, 3801.132014, 0.76199, 2529.044253, 1704.523069, 8.478511, 519, 439, 10350001, 403245139, 26775251, 440370391, 37063, 658, 86249.75028499999, inf, 348.83720930232556, 3103.2548024369557, 81902.556682, 1974.313153, 0.163026, 1409.703888, 961.94932, 1.064216, 258, 374, 5130001, 419315744, 13146009, 437591754, 36595, 393, 83075.88759299999, inf, 697.6744186046511, 4432.133045820852, 80744.759021, 1031.307676, 0.044734, 757.116245, 542.481913, 0.178004, 129, 239, 2550001, 432791888, 6487663, 441829552
30000, 30000, 0, 0, dp_31.000000, 37349, 1100, 125023.214591, inf, 173.41040462427745, 2152.1839504149157, 85984.89489, 14441.467935, 0.872767, 2529.044253, 20712.374271, 1354.560475, 5363, 3, 10350001, 403245139, 225912092, 639507232, 37004, 599, 105623.174326, inf, 348.83720930232556, 3103.2548024369557, 81902.556682, 10753.948626, 0.173986, 1409.703888, 11393.570814, 163.22033, 2666, 5, 5130001, 419315744, 126081893, 550527638, 36557, 355, 93855.83193500001, inf, 697.6744186046511, 4432.133045820852, 80744.759021, 5762.762917, 0.046407, 757.116245, 6571.369315, 19.77803, 1333, 7, 2550001, 432791888, 63506572, 498848461
30000, 30000, 0, 0, dp_33.000000, 37349, 1100, 128423.85606999998, inf, 173.41040462427745, 2152.1839504149157, 85984.89489, 16354.119587, 0.867407, 2529.044253, 22018.469223, 1536.46071, 5709, 3, 10350001, 403245139, 246671054, 660266194, 37004, 599, 107394.78353599999, inf, 348.83720930232556, 3103.2548024369557, 81902.556682, 11819.363155, 0.214192, 1409.703888, 12077.765141, 185.180478, 2838, 5, 5130001, 419315744, 136388821, 560834566, 36557, 355, 94842.71825600001, inf, 697.6744186046511, 4432.133045820852, 80744.759021, 6331.243642, 0.04274, 757.116245, 6987.01243, 22.544178, 1419, 7, 2550001, 432791888, 68662960, 504004849
30000, 30000, 0, 0, dp_35.000000, 37349, 1100, 131808.838968, inf, 173.41040462427745, 2152.1839504149157, 85984.89489, 18249.934468, 0.832574, 2529.044253, 23316.754073, 1727.37871, 6055, 3, 10350001, 403245139, 267430016, 681025156, 37004, 599, 103988.975565, inf, 348.83720930232556, 3103.2548024369557, 81902.556682, 7706.128074, 0.174267, 1409.703888, 12761.629812, 208.782842, 3010, 4, 5130001, 419315744, 121596422, 546042167, 36557, 355, 93658.219959, inf, 697.6744186046511, 4432.133045820852, 80744.759021, 4779.583166, 0.041648, 757.116245, 7351.248692, 25.471187, 1505, 6, 2550001, 432791888, 63801109, 499142998
30000, 30000, 0, 0, dp_37.000000, 37349, 1100, 135236.793828, inf, 173.41040462427745, 2152.1839504149157, 85984.89489, 20168.134414, 0.695917, 2529.044253, 24610.938264, 1943.08609, 6401, 3, 10350001, 403245139, 288188978, 701784118, 37004, 599, 106007.06779399999, inf, 348.83720930232556, 3103.2548024369557, 81902.556682, 8988.353599, 0.173826, 1409.703888, 13472.472346, 233.807453, 3182, 4, 5130001, 419315744, 131903350, 556349095, 36557, 355, 94553.268144, inf, 697.6744186046511, 4432.133045820852, 80744.759021, 5325.331481, 0.043171, 757.116245, 7697.680704, 28.337522, 1591, 6, 2550001, 432791888, 68957497, 504299386
30000, 30000, 0, 0, dp_39.000000, 37349, 1100, 138708.337876, inf, 173.41040462427745, 2152.1839504149157, 85984.89489, 22305.159569, 0.684935, 2529.044253, 25729.468337, 2159.085892, 6747, 3, 10350001, 403245139, 308947940, 722543080, 37004, 599, 107753.36708300002, inf, 348.83720930232556, 3103.2548024369557, 81902.556682, 9990.468946, 0.207139, 1409.703888, 14190.183151, 260.247277, 3354, 4, 5130001, 419315744, 142210278, 566656023, 36557, 355, 95464.58381499999, inf, 697.6744186046511, 4432.133045820852, 80744.759021, 5883.392446, 0.041037, 757.116245, 8047.451276, 31.82379, 1677, 6, 2550001, 432791888, 74113885, 509455774
30000, 30000, 0, 0, dp_5.000000, 37368, 1119, 97934.89174099998, inf, 173.41040462427745, 2152.1839504149157, 85984.89489, 6135.488716, 0.659588, 2529.044253, 3255.879011, 28.925283, 865, 155, 10350001, 403245139, 48028511, 461623651, 37031, 626, 88331.987891, inf, 348.83720930232556, 3103.2548024369557, 81902.556682, 3173.157452, 0.174217, 1409.703888, 1843.01989, 3.375762, 430, 203, 5130001, 419315744, 23629907, 448075652, 36576, 374, 84198.190669, inf, 697.6744186046511, 4432.133045820852, 80744.759021, 1652.404593, 0.046658, 757.116245, 1043.356801, 0.507351, 215, 163, 2550001, 432791888, 11693845, 447035734
30000, 30000, 0, 0, dp_7.000000, 37350, 1101, 101566.849662, inf, 173.41040462427745, 2152.1839504149157, 85984.89489, 8252.018638, 0.872337, 2529.044253, 4738.964172, 61.055372, 1211, 30, 10350001, 403245139, 69338561, 482933701, 37019, 614, 90334.88763800001, inf, 348.83720930232556, 3103.2548024369557, 81902.556682, 4358.10576, 0.175359, 1409.703888, 2657.062359, 7.28359, 602, 105, 5130001, 419315744, 34049793, 458495538, 36572, 370, 85288.421653, inf, 697.6744186046511, 4432.133045820852, 80744.759021, 2268.676333, 0.046457, 757.116245, 1516.836255, 0.987342, 301, 115, 2550001, 432791888, 16900027, 452241916
30000, 30000, 0, 0, dp_9.000000, 37349, 1100, 104571.19824, inf, 173.41040462427745, 2152.1839504149157, 85984.89489, 9766.497907, 0.689362, 2529.044253, 6184.728513, 105.343315, 1557, 8, 10350001, 403245139, 88001585, 501596725, 37008, 603, 92281.563837, inf, 348.83720930232556, 3103.2548024369557, 81902.556682, 5487.292426, 0.204233, 1409.703888, 3469.349114, 12.457494, 774, 50, 5130001, 419315744, 44596662, 469042407, 36565, 363, 86338.44381200001, inf, 697.6744186046511, 4432.133045820852, 80744.759021, 2851.741079, 0.055684, 757.116245, 1983.151725, 1.620058, 387, 74, 2550001, 432791888, 22105630, 457447519
30000, 30000, 0, 0, fixed_reps_1, 37573, 1324, 89903.631833, inf, 173.41040462427745, 2152.1839504149157, 85984.89489, 1384.53341, 0.889567, 2529.044253, 4.269713, 0, 173, 1526, 10350001, 403245139, 5465201, 419060341, 37165, 760, 84036.148927, inf, 348.83720930232556, 3103.2548024369557, 81902.556682, 719.850941, 0.163256, 1409.703888, 3.87416, 0, 86, 878, 5130001, 419315744, 2662111, 427107856, 36630, 428, 81877.886196, inf, 697.6744186046511, 4432.133045820852, 80744.759021, 372.157604, 0.042529, 757.116245, 3.810797, 0, 43, 448, 2550001, 432791888, 1312597, 436654486
30000, 30000, 0, 0, fixed_reps_11, 37377, 1128, 103360.39260199999, inf, 173.41040462427745, 2152.1839504149157, 85984.89489, 14784.305689, 0.834364, 2529.044253, 61.313406, 0, 1903, 269, 10350001, 403245139, 60115481, 473710621, 37031, 626, 91024.220556, inf, 348.83720930232556, 3103.2548024369557, 81902.556682, 7646.053639, 0.217779, 1409.703888, 65.688568, 0, 946, 258, 5130001, 419315744, 29282361, 453728106, 36578, 376, 85585.94548000001, inf, 697.6744186046511, 4432.133045820852, 80744.759021, 4010.684158, 0.042189, 757.116245, 73.343867, 0, 473, 204, 2550001, 432791888, 14438137, 449780026
30000, 30000, 0, 0, fixed_reps_13, 37369, 1120, 106046.364313, inf, 173.41040462427745, 2152.1839504149157, 85984.89489, 17459.67055, 0.669255, 2529.044253, 72.085365, 0, 2249, 215, 10350001, 403245139, 71045537, 484640677, 37023, 618, 92357.261202, inf, 348.83720930232556, 3103.2548024369557, 81902.556682, 8968.009335, 0.183635, 1409.703888, 76.807662, 0, 1118, 210, 5130001, 419315744, 34606411, 459052156, 36572, 370, 86345.80230300002, inf, 697.6744186046511, 4432.133045820852, 80744.759021, 4756.970482, 0.0534, 757.116245, 86.903155, 0, 559, 188, 2550001, 432791888, 17063245, 452405134
30000, 30000, 0, 0, fixed_reps_15, 37364, 1115, 108748.374724, inf, 173.41040462427745, 2152.1839504149157, 85984.89489, 20150.453901, 0.833231, 2529.044253, 83.148449, 0, 2595, 177, 10350001, 403245139, 81975593, 495570733, 37018, 613, 93759.467577, inf, 348.83720930232556, 3103.2548024369557, 81902.556682, 10358.306205, 0.211907, 1409.703888, 88.688895, 0, 1290, 183, 5130001, 419315744, 39930461, 464376206, 36566, 364, 87029.921462, inf, 697.6744186046511, 4432.133045820852, 80744.759021, 5429.131014, 0.054943, 757.116245, 98.860239, 0, 645, 167, 2550001, 432791888, 19688353, 455030242
30000, 30000, 0, 0, fixed_reps_17, 37364, 1115, 111370.78381000001, inf, 173.41040462427745, 2152.1839504149157, 85984.89489, 22762.537664, 0.659666, 2529.044253, 93.647337, 0, 2941, 153, 10350001, 403245139, 92905649, 506500789, 37015, 610, 95149.659119, inf, 348.83720930232556, 3103.2548024369557, 81902.556682, 11737.384344, 0.198221, 1409.703888, 99.815984, 0, 1462, 158, 5130001, 419315744, 45254511, 469700256, 36566, 364, 87711.700412, inf, 697.6744186046511, 4432.133045820852, 80744.759021, 6097.431677, 0.04264, 757.116245, 112.350829, 0, 731, 147, 2550001, 432791888, 22313461, 457655350
30000, 30000, 0, 0, fixed_reps_19, 37361, 1112, 113984.662114, inf, 173.41040462427745, 2152.1839504149157, 85984.89489, 25365.798377, 0.825777, 2529.044253, 104.098817, 0, 3287, 126, 10350001, 403245139, 103835705, 517430845, 37012, 607, 96492.800119, inf, 348.83720930232556, 3103.2548024369557, 81902.556682, 13067.498202, 0.220143, 1409.703888, 112.821204, 0, 1634, 133, 5130001, 419315744, 50578561, 475024306, 36565, 363, 88418.65499600001, inf, 697.6744186046511, 4432.133045820852, 80744.759021, 6788.225533, 0.051196, 757.116245, 128.503001, 0, 817, 132, 2550001, 432791888, 24938569, 460280458
30000, 30000, 0, 0, fixed_reps_21, 37361, 1112, 116736.54356499999, inf, 173.41040462427745, 2152.1839504149157, 85984.89489, 28107.823636, 0.866363, 2529.044253, 113.914423, 0, 3633, 109, 10350001, 403245139, 114765761, 528360901, 37012, 607, 97868.744393, inf, 348.83720930232556, 3103.2548024369557, 81902.556682, 14432.341124, 0.19736, 1409.703888, 123.945339, 0, 1806, 104, 5130001, 419315744, 55902611, 480348356, 36565, 363, 89141.34239300001, inf, 697.6744186046511, 4432.133045820852, 80744.759021, 7500.032676, 0.047128, 757.116245, 139.387323, 0, 903, 112, 2550001, 432791888, 27563677, 462905566
30000, 30000, 0, 0, fixed_reps_23, 37359, 1110, 119463.73825899999, inf, 173.41040462427745, 2152.1839504149157, 85984.89489, 30823.279668, 0.877925, 2529.044253, 125.641523, 0, 3979, 99, 10350001, 403245139, 125695817, 539290957, 37012, 607, 99345.74418499999, inf, 348.83720930232556, 3103.2548024369557, 81902.556682, 15897.149362, 0.205225, 1409.703888, 136.129028, 0, 1978, 94, 5130001, 419315744, 61226661, 485672406, 36563, 361, 89857.06464999999, inf, 697.6744186046511, 4432.133045820852, 80744.759021, 8203.666231, 0.050104, 757.116245, 151.473049, 0, 989, 101, 2550001, 432791888, 30188785, 465530674
30000, 30000, 0, 0, fixed_reps_25, 37358, 1109, 122172.86974099999, inf, 173.41040462427745, 2152.1839504149157, 85984.89489, 33521.463371, 0.863899, 2529.044253, 136.603328, 0, 4325, 87, 10350001, 403245139, 136625873, 550221013, 37012, 607, 100597.53681399999, inf, 348.83720930232556, 3103.2548024369557, 81902.556682, 17139.952121, 0.210655, 1409.703888, 145.113468, 0, 2150, 88, 5130001, 419315744, 66550711, 490996456, 36561, 359, 90545.52589, inf, 697.6744186046511, 4432.133045820852, 80744.759021, 8881.990502, 0.051897, 757.116245, 161.608225, 0, 1075, 90, 2550001, 432791888, 32813893, 468155782
30000, 30000, 0, 0, fixed_reps_27, 37355, 1106, 125020.95868499999, inf, 173.41040462427745, 2152.1839504149157, 85984.89489, 36359.704866, 0.812022, 2529.044253, 146.502654, 0, 4671, 75, 10350001, 403245139, 147555929, 561151069, 37012, 607, 101957.06226199999, inf, 348.83720930232556, 3103.2548024369557, 81902.556682, 18487.25205, 0.203872, 1409.703888, 157.34577, 0, 2322, 85, 5130001, 419315744, 71874761, 496320506, 36559, 357, 91257.65288400001, inf, 697.6744186046511, 4432.133045820852, 80744.759021, 9582.077244, 0.04773, 757.116245, 173.652644, 0, 1161, 81, 2550001, 432791888, 35439001, 470780890
30000, 30000, 0, 0, fixed_reps_29, 37355, 1106, 127552.9239, inf, 173.41040462427745, 2152.1839504149157, 85984.89489, 38881.74233, 0.816441, 2529.044253, 156.425986, 0, 5017, 67, 10350001, 403245139, 158485985, 572081125, 37012, 607, 103366.12976200001, inf, 348.83720930232556, 3103.2548024369557, 81902.556682, 19884.668518, 0.184877, 1409.703888, 169.015797, 0, 2494, 81, 5130001, 419315744, 77198811, 501644556, 36558, 356, 91992.174981, inf, 697.6744186046511, 4432.133045820852, 80744.759021, 10301.253198, 0.049653, 757.116245, 188.996864, 0, 1247, 60, 2550001, 432791888, 38064109, 473405998
30000, 30000, 0, 0, fixed_reps_3, 37451, 1202, 92617.745751, inf, 173.41040462427745, 2152.1839504149157, 85984.89489, 4086.529686, 0.80013, 2529.044253, 16.476792, 0, 519, 921, 10350001, 403245139, 16395257, 429990397, 37080, 675, 85456.01306000001, inf, 348.83720930232556, 3103.2548024369557, 81902.556682, 2126.671868, 0.169217, 1409.703888, 16.911405, 0, 258, 594, 5130001, 419315744, 7986161, 432431906, 36601, 399, 82642.89884100002, inf, 697.6744186046511, 4432.133045820852, 80744.759021, 1122.095006, 0.045947, 757.116245, 18.882622, 0, 129, 336, 2550001, 432791888, 3937705, 439279594
30000, 30000, 0, 0, fixed_reps_31, 37353, 1104, 129988.241858, inf, 173.41040462427745, 2152.1839504149157, 85984.89489, 41305.279871, 0.855354, 2529.044253, 168.16749, 0, 5363, 60, 10350001, 403245139, 169416041, 583011181, 37012, 607, 104744.79935199999, inf, 348.83720930232556, 3103.2548024369557, 81902.556682, 21252.047579, 0.203482, 1409.703888, 180.287721, 0, 2666, 80, 5130001, 419315744, 82522861, 506968606, 36558, 356, 92667.68217500001, inf, 697.6744186046511, 4432.133045820852, 80744.759021, 10968.115759, 0.059031, 757.116245, 197.632119, 0, 1333, 54, 2550001, 432791888, 40689217, 476031106
30000, 30000, 0, 0, fixed_reps_33, 37351, 1102, 132943.69856199998, inf, 173.41040462427745, 2152.1839504149157, 85984.89489, 44250.270693, 0.839915, 2529.044253, 178.648811, 0, 5709, 56, 10350001, 403245139, 180346097, 593941237, 37012, 607, 106046.91917600001, inf, 348.83720930232556, 3103.2548024369557, 81902.556682, 22542.737878, 0.206988, 1409.703888, 191.71374, 0, 2838, 68, 5130001, 419315744, 87846911, 512292656, 36558, 356, 93395.95126700001, inf, 697.6744186046511, 4432.133045820852, 80744.759021, 11680.514739, 0.038953, 757.116245, 213.522309, 0, 1419, 50, 2550001, 432791888, 43314325, 478656214
30000, 30000, 0, 0, fixed_reps_35, 37351, 1102, 135276.74128699998, inf, 173.41040462427745, 2152.1839504149157, 85984.89489, 46573.402389, 0.831209, 2529.044253, 188.568546, 0, 6055, 48, 10350001, 403245139, 191276153, 604871293, 37012, 607, 107489.121328, inf, 348.83720930232556, 3103.2548024369557, 81902.556682, 23972.26585, 0.171241, 1409.703888, 204.423667, 0, 3010, 65, 5130001, 419315744, 93170961, 517616706, 36558, 356, 94075.8881, inf, 697.6744186046511, 4432.133045820852, 80744.759021, 12346.491962, 0.056636, 757.116245, 227.464236, 0, 1505, 38, 2550001, 432791888, 45939433, 481281322
30000, 30000, 0, 0, fixed_reps_37, 37351, 1102, 137982.52077899998, inf, 173.41040462427745, 2152.1839504149157, 85984.89489, 49268.310702, 0.866685, 2529.044253, 199.404249, 0, 6401, 38, 10350001, 403245139, 202206209, 615801349, 37008, 603, 108826.29818900001, inf, 348.83720930232556, 3103.2548024369557, 81902.556682, 25297.47611, 0.205877, 1409.703888, 216.355632, 0, 3182, 52, 5130001, 419315744, 98495011, 522940756, 36558, 356, 94868.287774, inf, 697.6744186046511, 4432.133045820852, 80744.759021, 13130.638377, 0.047389, 757.116245, 235.726742, 0, 1591, 37, 2550001, 432791888, 48564541, 483906430
30000, 30000, 0, 0, fixed_reps_39, 37351, 1102, 140747.321177, inf, 173.41040462427745, 2152.1839504149157, 85984.89489, 52022.618691, 0.871163, 2529.044253, 209.89218, 0, 6747, 32, 10350001, 403245139, 213136265, 626731405, 37007, 602, 110207.93492500001, inf, 348.83720930232556, 3103.2548024369557, 81902.556682, 26667.205445, 0.217518, 1409.703888, 228.251392, 0, 3354, 40, 5130001, 419315744, 103819061, 528264806, 36558, 356, 95508.626929, inf, 697.6744186046511, 4432.133045820852, 80744.759021, 13758.034058, 0.050936, 757.116245, 248.666669, 0, 1677, 35, 2550001, 432791888, 51189649, 486531538
30000, 30000, 0, 0, fixed_reps_41, 37351, 1102, 143412.57064, inf, 173.41040462427745, 2152.1839504149157, 85984.89489, 54676.368873, 0.828926, 2529.044253, 221.433698, 0, 7093, 29, 10350001, 403245139, 224066321, 637661461, 37007, 602, 111543.780645, inf, 348.83720930232556, 3103.2548024369557, 81902.556682, 27991.885436, 0.211657, 1409.703888, 239.422982, 0, 3526, 36, 5130001, 419315744, 109143111, 533588856, 36558, 356, 96233.310369, inf, 697.6744186046511, 4432.133045820852, 80744.759021, 14469.822598, 0.051918, 757.116245, 261.560587, 0, 1763, 32, 2550001, 432791888, 53814757, 489156646
30000, 30000, 0, 0, fixed_reps_5, 37415, 1166, 95307.12557799999, inf, 173.41040462427745, 2152.1839504149157, 85984.89489, 6764.694404, 0.831458, 2529.044253, 27.660573, 0, 865, 634, 10350001, 403245139, 27325313, 440920453, 37056, 651, 86850.483161, inf, 348.83720930232556, 3103.2548024369557, 81902.556682, 3508.296332, 0.169128, 1409.703888, 29.757131, 0, 430, 482, 5130001, 419315744, 13310211, 437755956, 36592, 390, 83402.131615, inf, 697.6744186046511, 4432.133045820852, 80744.759021, 1867.013306, 0.043692, 757.116245, 33.199351, 0, 215, 280, 2550001, 432791888, 6562813, 441904702
30000, 30000, 0, 0, fixed_reps_7, 37391, 1142, 98038.345536, inf, 173.41040462427745, 2152.1839504149157, 85984.89489, 9484.471836, 0.672881, 2529.044253, 39.261676, 0, 1211, 439, 10350001, 403245139, 38255369, 451850509, 37043, 638, 88257.719838, inf, 348.83720930232556, 3103.2548024369557, 81902.556682, 4902.662628, 0.173646, 1409.703888, 42.622994, 0, 602, 390, 5130001, 419315744, 18634261, 443080006, 36584, 382, 84139.30113300002, inf, 697.6744186046511, 4432.133045820852, 80744.759021, 2590.951159, 0.045937, 757.116245, 46.428771, 0, 301, 240, 2550001, 432791888, 9187921, 444529810
30000, 30000, 0, 0, fixed_reps_9, 37383, 1134, 100701.837365, inf, 173.41040462427745, 2152.1839504149157, 85984.89489, 12137.051633, 0.669395, 2529.044253, 50.177194, 0, 1557, 321, 10350001, 403245139, 49185425, 462780565, 37037, 632, 89662.69655499999, inf, 348.83720930232556, 3103.2548024369557, 81902.556682, 6295.296433, 0.328767, 1409.703888, 54.810785, 0, 774, 317, 5130001, 419315744, 23958311, 448404056, 36582, 380, 84862.61273200001, inf, 697.6744186046511, 4432.133045820852, 80744.759021, 3300.818425, 0.044985, 757.116245, 59.874056, 0, 387, 226, 2550001, 432791888, 11813029, 447154918
30000, 30000, 0, 0, greedy_1.000000, 37573, 1324, 89901.291745, inf, 173.41040462427745, 2152.1839504149157, 85984.89489, 1382.57232, 0.744127, 2529.044253, 4.027869, 0.008286, 173, 1526, 10350001, 403245139, 5465201, 419060341, 37165, 760, 84027.366542, inf, 348.83720930232556, 3103.2548024369557, 81902.556682, 711.080562, 0.147557, 1409.703888, 3.873454, 0.004399, 86, 878, 5130001, 419315744, 2662111, 427107856, 36630, 428, 81869.595633, inf, 697.6744186046511, 4432.133045820852, 80744.759021, 363.905383, 0.051927, 757.116245, 3.760683, 0.002374, 43, 448, 2550001, 432791888, 1312597, 436654486
30000, 30000, 0, 0, greedy_11.000000, 37391, 1142, 99751.68043299999, inf, 173.41040462427745, 2152.1839504149157, 85984.89489, 3588.544245, 0.862656, 2529.044253, 7647.949217, 0.385172, 1903, 772, 10350001, 403245139, 66316043, 479911183, 37036, 631, 89264.141196, inf, 348.83720930232556, 3103.2548024369557, 81902.556682, 1704.032543, 0.174377, 1409.703888, 4247.554092, 0.119614, 946, 537, 5130001, 419315744, 32138221, 456583966, 36583, 381, 84820.21772999999, inf, 697.6744186046511, 4432.133045820852, 80744.759021, 884.554232, 0.043401, 757.116245, 2433.715315, 0.029516, 473, 295, 2550001, 432791888, 16048183, 451390072
30000, 30000, 0, 0, greedy_13.000000, 37384, 1135, 101200.099412, inf, 173.41040462427745, 2152.1839504149157, 85984.89489, 3687.93829, 0.695463, 2529.044253, 8997.058969, 0.467547, 2249, 771, 10350001, 403245139, 77250335, 490845475, 37036, 631, 90093.957198, inf, 348.83720930232556, 3103.2548024369557, 81902.556682, 1754.924862, 0.161853, 1409.703888, 5026.473618, 0.136295, 1118, 537, 5130001, 419315744, 37477273, 461923018, 36583, 381, 85312.012932, inf, 697.6744186046511, 4432.133045820852, 80744.759021, 906.637405, 0.043071, 757.116245, 2903.420652, 0.036538, 559, 295, 2550001, 432791888, 18677977, 454019866
30000, 30000, 0, 0, greedy_15.000000, 37384, 1135, 102617.99130499999, inf, 173.41040462427745, 2152.1839504149157, 85984.89489, 3787.738579, 0.682579, 2529.044253, 10315.037982, 0.593022, 2595, 771, 10350001, 403245139, 88184627, 501779767, 37035, 630, 90909.492374, inf, 348.83720930232556, 3103.2548024369557, 81902.556682, 1820.820481, 0.170099, 1409.703888, 5776.077196, 0.164028, 1290, 536, 5130001, 419315744, 42816325, 467262070, 36582, 380, 85736.226068, inf, 697.6744186046511, 4432.133045820852, 80744.759021, 929.028845, 0.045165, 757.116245, 3305.234924, 0.041868, 645, 294, 2550001, 432791888, 21307771, 456649660
30000, 30000, 0, 0, greedy_17.000000, 37382, 1133, 104174.020169, inf, 173.41040462427745, 2152.1839504149157, 85984.89489, 3913.681251, 0.697097, 2529.044253, 11744.985755, 0.716923, 2941, 771, 10350001, 403245139, 99118919, 512714059, 37030, 625, 91654.267758, inf, 348.83720930232556, 3103.2548024369557, 81902.556682, 1860.466518, 0.162585, 1409.703888, 6481.186946, 0.191139, 1462, 536, 5130001, 419315744, 48155377, 472601122, 36580, 378, 86175.62379000001, inf, 697.6744186046511, 4432.133045820852, 80744.759021, 947.37777, 0.04286, 757.116245, 3726.28311, 0.044784, 731, 294, 2550001, 432791888, 23937565, 459279454
30000, 30000, 0, 0, greedy_19.000000, 37381, 1132, 105665.87683499999, inf, 173.41040462427745, 2152.1839504149157, 85984.89489, 4033.022993, 0.685445, 2529.044253, 13117.463979, 0.765275, 3287, 771, 10350001, 403245139, 110053211, 523648351, 37030, 625, 92436.721197, inf, 348.83720930232556, 3103.2548024369557, 81902.556682, 1910.43749, 0.166131, 1409.703888, 7213.652392, 0.204614, 1634, 536, 5130001, 419315744, 53494429, 477940174, 36580, 378, 86635.723844, inf, 697.6744186046511, 4432.133045820852, 80744.759021, 966.596853, 0.043462, 757.116245, 4167.159351, 0.048912, 817, 294, 2550001, 432791888, 26567359, 461909248
30000, 30000, 0, 0, greedy_21.000000, 37381, 1132, 107088.009621, inf, 173.41040462427745, 2152.1839504149157, 85984.89489, 4172.441862, 0.665829, 2529.044253, 14400.126679, 0.836108, 3633, 771, 10350001, 403245139, 120987503, 534582643, 37030, 625, 93283.619112, inf, 348.83720930232556, 3103.2548024369557, 81902.556682, 1996.062998, 0.164428, 1409.703888, 7974.905774, 0.225342, 1806, 536, 5130001, 419315744, 58833481, 483279226, 36579, 377, 87109.68006900001, inf, 697.6744186046511, 4432.133045820852, 80744.759021, 988.031817, 0.046868, 757.116245, 4619.669572, 0.056546, 903, 294, 2550001, 432791888, 29197153, 464539042
30000, 30000, 0, 0, greedy_23.000000, 37381, 1132, 108384.991581, inf, 173.41040462427745, 2152.1839504149157, 85984.89489, 4252.218987, 0.679974, 2529.044253, 15616.955752, 1.197725, 3979, 770, 10350001, 403245139, 131921795, 545516935, 37027, 622, 94038.7971, inf, 348.83720930232556, 3103.2548024369557, 81902.556682, 2008.478513, 0.162505, 1409.703888, 8717.651494, 0.244018, 1978, 536, 5130001, 419315744, 64172533, 488618278, 36576, 374, 87491.45471700002, inf, 697.6744186046511, 4432.133045820852, 80744.759021, 1007.428589, 0.046006, 757.116245, 4982.046316, 0.05854, 989, 293, 2550001, 432791888, 31826947, 467168836
30000, 30000, 0, 0, greedy_25.000000, 37381, 1132, 109751.05490899998, inf, 173.41040462427745, 2152.1839504149157, 85984.89489, 4362.287856, 0.679454, 2529.044253, 16873.121311, 1.027145, 4325, 770, 10350001, 403245139, 142856087, 556451227, 37027, 622, 94780.08260200001, inf, 348.83720930232556, 3103.2548024369557, 81902.556682, 2065.187481, 0.1652, 1409.703888, 9402.196228, 0.273123, 2150, 536, 5130001, 419315744, 69511585, 493957330, 36576, 374, 87873.11584200001, inf, 697.6744186046511, 4432.133045820852, 80744.759021, 1018.438929, 0.044273, 757.116245, 5352.689287, 0.068087, 1075, 293, 2550001, 432791888, 34456741, 469798630
30000, 30000, 0, 0, greedy_27.000000, 37381, 1132, 111129.691395, inf, 173.41040462427745, 2152.1839504149157, 85984.89489, 4468.617645, 0.686367, 2529.044253, 18145.39241, 1.05583, 4671, 770, 10350001, 403245139, 153790379, 567385519, 37026, 621, 95453.943257, inf, 348.83720930232556, 3103.2548024369557, 81902.556682, 2097.461591, 0.177152, 1409.703888, 10043.754852, 0.289092, 2322, 535, 5130001, 419315744, 74850637, 499296382, 36576, 374, 88291.25386200001, inf, 697.6744186046511, 4432.133045820852, 80744.759021, 1039.195982, 0.045446, 757.116245, 5750.068479, 0.068689, 1161, 293, 2550001, 432791888, 37086535, 472428424
30000, 30000, 0, 0, greedy_29.000000, 37381, 1132, 112555.77783299999, inf, 173.41040462427745, 2152.1839504149157, 85984.89489, 4577.988787, 0.693692, 2529.044253, 19461.913269, 1.242942, 5017, 770, 10350001, 403245139, 164724671, 578319811, 37026, 621, 96146.41612, inf, 348.83720930232556, 3103.2548024369557, 81902.556682, 2136.217117, 0.16551, 1409.703888, 10697.466789, 0.306134, 2494, 535, 5130001, 419315744, 80189689, 504635434, 36571, 369, 88725.73044900001, inf, 697.6744186046511, 4432.133045820852, 80744.759021, 1055.599012, 0.041488, 757.116245, 6168.144471, 0.070212, 1247, 293, 2550001, 432791888, 39716329, 475058218
30000, 30000, 0, 0, greedy_3.000000, 37446, 1197, 93172.57754099999, inf, 173.41040462427745, 2152.1839504149157, 85984.89489, 2953.157551, 0.846278, 2529.044253, 1704.523069, 0.1115, 519, 775, 10350001, 403245139, 22578875, 436174015, 37085, 680, 85725.99783899999, inf, 348.83720930232556, 3103.2548024369557, 81902.556682, 1451.60165, 0.159519, 1409.703888, 961.94932, 0.02678, 258, 541, 5130001, 419315744, 10782013, 435227758, 36602, 400, 82841.272395, inf, 697.6744186046511, 4432.133045820852, 80744.759021, 796.855423, 0.046017, 757.116245, 542.481913, 0.013776, 129, 299, 2550001, 432791888, 5529007, 440870896
30000, 30000, 0, 0, greedy_31.000000, 37380, 1131, 113917.81494699999, inf, 173.41040462427745, 2152.1839504149157, 85984.89489, 4689.475893, 0.701806, 2529.044253, 20712.374271, 1.323834, 5363, 770, 10350001, 403245139, 175658963, 589254103, 37024, 619, 96885.064649, inf, 348.83720930232556, 3103.2548024369557, 81902.556682, 2178.714231, 0.179156, 1409.703888, 11393.570814, 0.339878, 2666, 535, 5130001, 419315744, 85528741, 509974486, 36570, 368, 89145.49106000001, inf, 697.6744186046511, 4432.133045820852, 80744.759021, 1072.121595, 0.044443, 757.116245, 6571.369315, 0.080441, 1333, 293, 2550001, 432791888, 42346123, 477688012
30000, 30000, 0, 0, greedy_33.000000, 37378, 1129, 115340.48450199999, inf, 173.41040462427745, 2152.1839504149157, 85984.89489, 4805.803243, 0.865613, 2529.044253, 22018.469223, 1.40728, 5709, 770, 10350001, 403245139, 186593255, 600188395, 37024, 619, 97614.68039799998, inf, 348.83720930232556, 3103.2548024369557, 81902.556682, 2224.136135, 0.170229, 1409.703888, 12077.765141, 0.348323, 2838, 535, 5130001, 419315744, 90867793, 515313538, 36570, 368, 89584.93124100001, inf, 697.6744186046511, 4432.133045820852, 80744.759021, 1095.925174, 0.039113, 757.116245, 6987.01243, 0.079258, 1419, 293, 2550001, 432791888, 44975917, 480317806
30000, 30000, 0, 0, greedy_35.000000, 37378, 1129, 116740.82558199999, inf, 173.41040462427745, 2152.1839504149157, 85984.89489, 4908.029585, 0.679687, 2529.044253, 23316.754073, 1.423094, 6055, 770, 10350001, 403245139, 197527547, 611122687, 37021, 616, 98343.049402, inf, 348.83720930232556, 3103.2548024369557, 81902.556682, 2268.60924, 0.167313, 1409.703888, 12761.629812, 0.382467, 3010, 535, 5130001, 419315744, 96206845, 520652590, 36570, 368, 89965.47037699999, inf, 697.6744186046511, 4432.133045820852, 80744.759021, 1112.211677, 0.044373, 757.116245, 7351.248692, 0.090369, 1505, 292, 2550001, 432791888, 47605711, 482947600
30000, 30000, 0, 0, greedy_37.000000, 37378, 1129, 118169.17195399999, inf, 173.41040462427745, 2152.1839504149157, 85984.89489, 5041.927855, 0.86829, 2529.044253, 24610.938264, 1.498402, 6401, 770, 10350001, 403245139, 208461839, 622056979, 37021, 616, 99111.13208499998, inf, 348.83720930232556, 3103.2548024369557, 81902.556682, 2325.833999, 0.170179, 1409.703888, 13472.472346, 0.394991, 3182, 535, 5130001, 419315744, 101545897, 525991642, 36570, 368, 90323.811353, inf, 697.6744186046511, 4432.133045820852, 80744.759021, 1124.12579, 0.04275, 757.116245, 7697.680704, 0.086843, 1591, 292, 2550001, 432791888, 50235505, 485577394
30000, 30000, 0, 0, greedy_39.000000, 37377, 1128, 119397.12521999999, inf, 173.41040462427745, 2152.1839504149157, 85984.89489, 5151.223487, 0.864363, 2529.044253, 25729.468337, 1.62989, 6747, 769, 10350001, 403245139, 219396131, 632991271, 37021, 616, 99889.195617, inf, 348.83720930232556, 3103.2548024369557, 81902.556682, 2386.171216, 0.17035, 1409.703888, 14190.183151, 0.41033, 3354, 535, 5130001, 419315744, 106884949, 531330694, 36570, 368, 90686.97188599998, inf, 697.6744186046511, 4432.133045820852, 80744.759021, 1137.496294, 0.055304, 757.116245, 8047.451276, 0.093746, 1677, 292, 2550001, 432791888, 52865299, 488207188
30000, 30000, 0, 0, greedy_5.000000, 37430, 1181, 94881.083583, inf, 173.41040462427745, 2152.1839504149157, 85984.89489, 3110.234284, 0.85265, 2529.044253, 3255.879011, 0.178495, 865, 773, 10350001, 403245139, 33513167, 447108307, 37065, 660, 86677.563023, inf, 348.83720930232556, 3103.2548024369557, 81902.556682, 1522.068451, 0.165521, 1409.703888, 1843.01989, 0.048591, 430, 539, 5130001, 419315744, 16121065, 440566810, 36591, 389, 83367.529121, inf, 697.6744186046511, 4432.133045820852, 80744.759021, 822.231992, 0.044463, 757.116245, 1043.356801, 0.020599, 215, 297, 2550001, 432791888, 8158801, 443500690
30000, 30000, 0, 0, greedy_7.000000, 37412, 1163, 96567.49529099998, inf, 173.41040462427745, 2152.1839504149157, 85984.89489, 3313.486782, 0.807846, 2529.044253, 4738.964172, 0.297348, 1211, 772, 10350001, 403245139, 44447459, 458042599, 37054, 649, 87555.634458, inf, 348.83720930232556, 3103.2548024369557, 81902.556682, 1586.073363, 0.166822, 1409.703888, 2657.062359, 0.071344, 602, 538, 5130001, 419315744, 21460117, 445905862, 36589, 387, 83861.240465, inf, 697.6744186046511, 4432.133045820852, 80744.759021, 842.452089, 0.052589, 757.116245, 1516.836255, 0.024266, 301, 296, 2550001, 432791888, 10788595, 446130484
30000, 30000, 0, 0, greedy_9.000000, 37397, 1148, 98098.092247, inf, 173.41040462427745, 2152.1839504149157, 85984.89489, 3398.285673, 0.805993, 2529.044253, 6184.728513, 0.332925, 1557, 772, 10350001, 403245139, 55381751, 468976891, 37040, 635, 88432.938685, inf, 348.83720930232556, 3103.2548024369557, 81902.556682, 1651.065768, 0.170369, 1409.703888, 3469.349114, 0.092864, 774, 538, 5130001, 419315744, 26799169, 451244914, 36586, 384, 84351.569596, inf, 697.6744186046511, 4432.133045820852, 80744.759021, 866.469488, 0.043652, 757.116245, 1983.151725, 0.029465, 387, 296, 2550001, 432791888, 13418389, 448760278
30000, 30000, 0, 0, opt, 37349, 1100, 97803.440779, inf, 173.41040462427745, 2152.1839504149157, 85984.89489, 9288.662273, 0.839363, 2529.044253, 0, 0, 0, 0, 10350001, 403245139, 48055194, 461650334, 37004, 599, 89864.570381, inf, 348.83720930232556, 3103.2548024369557, 81902.556682, 6552.137297, 0.172514, 1409.703888, 0, 0, 0, 0, 5130001, 419315744, 31150884, 455596629, 36557, 355, 85497.83528, inf, 697.6744186046511, 4432.133045820852, 80744.759021, 3995.914028, 0.045986, 757.116245, 0, 0, 0, 0, 2550001, 432791888, 17345682, 452687571
30000, 30000, 0, 0, plus_edge, 37488, 1239, 89899.54312, inf, 173.41040462427745, 2152.1839504149157, 85984.89489, 1384.942758, 0.661219, 2529.044253, 0, 0, 0, 0, 10350001, 403245139, 5464612, 419059752, 37118, 713, 84032.608883, inf, 348.83720930232556, 3103.2548024369557, 81902.556682, 720.193793, 0.15452, 1409.703888, 0, 0, 0, 0, 5130001, 419315744, 2639250, 427084995, 36617, 415, 81874.702156, inf, 697.6744186046511, 4432.133045820852, 80744.759021, 372.781304, 0.045586, 757.116245, 0, 0, 0, 0, 2550001, 432791888, 1284318, 436626207
30000, 30000, 0, 0, simple, 37573, 1324, 89885.472238, inf, 173.41040462427745, 2152.1839504149157, 85984.89489, 1370.877837, 0.655258, 2529.044253, 0, 0, 0, 0, 10350001, 403245139, 5435028, 419030168, 37165, 760, 84025.35926900001, inf, 348.83720930232556, 3103.2548024369557, 81902.556682, 712.935293, 0.163406, 1409.703888, 0, 0, 0, 0, 5130001, 419315744, 2632025, 427077770, 36630, 428, 81867.286999, inf, 697.6744186046511, 4432.133045820852, 80744.759021, 365.369474, 0.042259, 757.116245, 0, 0, 0, 0, 2550001, 432791888, 1282554, 436624443
30000, 30000, 0, 0, dp_1.000000, 37254, 1516, 92643.758057, inf, 173.41040462427745, 2171.1937126674, 88567.926135, 1427.64624, 0.604344, 2644.27878, 3.293631, 0.008927, 173, 0, 10350001, 410354261, 5422545, 426126807, 36718, 875, 87237.158763, inf, 348.83720930232556, 3154.632315067262, 84960.462267, 740.40689, 0.161403, 1528.878135, 7.245199, 0.004869, 86, 0, 5130001, 433140875, 2627856, 440898732, 36266, 512, 86582.359321, inf, 697.6744186046511, 4479.638179538404, 85333.060206, 394.327783, 0.038132, 847.709354, 7.22033, 0.003516, 43, 0, 2550001, 441894018, 1301299, 445745318
30000, 30000, 0, 0, dp_11.000000, 37049, 1311, 108896.930356, inf, 173.41040462427745, 2171.1937126674, 88567.926135, 9512.954602, 0.652033, 2644.27878, 8006.678842, 164.439964, 1903, 6, 10350001, 410354261, 92281731, 512985993, 36622, 779, 95713.340387, inf, 348.83720930232556, 3154.632315067262, 84960.462267, 4483.356028, 0.177603, 1528.878135, 4721.33345, 19.132904, 946, 8, 5130001, 433140875, 44278530, 482549406, 36206, 452, 91063.939145, inf, 697.6744186046511, 4479.638179538404, 85333.060206, 2182.742736, 0.043903, 847.709354, 2697.956177, 2.426769, 473, 10, 2550001, 441894018, 21394140, 465838159
30000, 30000, 0, 0, dp_13.000000, 37049, 1311, 109524.794708, inf, 173.41040462427745, 2171.1937126674, 88567.926135, 8692.735283, 0.634018, 2644.27878, 9388.239748, 230.980744, 2249, 5, 10350001, 410354261, 99663824, 520368086, 36622, 779, 97512.02345, inf, 348.83720930232556, 3154.632315067262, 84960.462267, 5491.924282, 0.182422, 1528.878135, 5503.535969, 27.040375, 1118, 8, 5130001, 433140875, 54597670, 492868546, 36206, 452, 92072.38662399999, inf, 697.6744186046511, 4479.638179538404, 85333.060206, 2717.906207, 0.043631, 847.709354, 3170.28209, 3.385136, 559, 10, 2550001, 441894018, 26553882, 470997901
30000, 30000, 0, 0, dp_15.000000, 37049, 1311, 113804.848537, inf, 173.41040462427745, 2171.1937126674, 88567.926135, 11539.263482, 0.658795, 2644.27878, 10740.212347, 312.508998, 2595, 5, 10350001, 410354261, 120423132, 541127394, 36622, 779, 97942.07417600001, inf, 348.83720930232556, 3154.632315067262, 84960.462267, 5131.699888, 0.182292, 1528.878135, 6284.439784, 36.41181, 1290, 7, 5130001, 433140875, 57736378, 496007254, 36206, 452, 92305.112727, inf, 697.6744186046511, 4479.638179538404, 85333.060206, 2482.529215, 0.044433, 847.709354, 3637.204361, 4.565158, 645, 9, 2550001, 441894018, 27968148, 472412167
30000, 30000, 0, 0, dp_17.000000, 37049, 1311, 118086.147441, inf, 173.41040462427745, 2171.1937126674, 88567.926135, 14398.716676, 0.640992, 2644.27878, 12071.352879, 403.231979, 2941, 5, 10350001, 410354261, 141182440, 561886702, 36622, 779, 99738.537482, inf, 348.83720930232556, 3154.632315067262, 84960.462267, 6105.30772, 0.18147, 1528.878135, 7096.446742, 47.261148, 1462, 7, 5130001, 433140875, 68055518, 506326394, 36206, 452, 93322.85160600001, inf, 697.6744186046511, 4479.638179538404, 85333.060206, 3028.265847, 0.05314, 847.709354, 4107.886993, 5.876066, 731, 9, 2550001, 441894018, 33127890, 477571909
30000, 30000, 0, 0, dp_19.000000, 37049, 1311, 115716.69393699999, inf, 173.41040462427745, 2171.1937126674, 88567.926135, 10544.475786, 0.646301, 2644.27878, 13452.860642, 506.506293, 3287, 4, 10350001, 410354261, 137679433, 558383695, 36622, 779, 99654.052001, inf, 348.83720930232556, 3154.632315067262, 84960.462267, 5274.606739, 0.172934, 1528.878135, 7830.224274, 59.707652, 1634, 6, 5130001, 433140875, 68751702, 507022578, 36206, 452, 93240.670983, inf, 697.6744186046511, 4479.638179538404, 85333.060206, 2480.172296, 0.044152, 847.709354, 4572.359983, 7.324992, 817, 8, 2550001, 441894018, 32996404, 477440423
30000, 30000, 0, 0, dp_21.000000, 37049, 1311, 120112.888276, inf, 173.41040462427745, 2171.1937126674, 88567.926135, 13431.80926, 0.803075, 2644.27878, 14851.085863, 616.985163, 3633, 4, 10350001, 410354261, 158438741, 579143003, 36622, 779, 101420.671197, inf, 348.83720930232556, 3154.632315067262, 84960.462267, 6322.803664, 0.215935, 1528.878135, 8534.835142, 73.476054, 1806, 6, 5130001, 433140875, 79070842, 517341718, 36206, 452, 94186.2788, inf, 697.6744186046511, 4479.638179538404, 85333.060206, 3008.317841, 0.056987, 847.709354, 4988.084486, 9.049926, 903, 8, 2550001, 441894018, 38156146, 482600165
30000, 30000, 0, 0, dp_23.000000, 37049, 1311, 124364.59014900001, inf, 173.41040462427745, 2171.1937126674, 88567.926135, 16295.079907, 0.800741, 2644.27878, 16114.835506, 741.66908, 3979, 4, 10350001, 410354261, 179198049, 599902311, 36622, 779, 103165.86712400001, inf, 348.83720930232556, 3154.632315067262, 84960.462267, 7323.907365, 0.178094, 1528.878135, 9263.742648, 88.698615, 1978, 6, 5130001, 433140875, 89389982, 527660858, 36206, 452, 95190.233065, inf, 697.6744186046511, 4479.638179538404, 85333.060206, 3572.899612, 0.04271, 847.709354, 5425.733731, 10.787452, 989, 8, 2550001, 441894018, 43315888, 487759907
30000, 30000, 0, 0, dp_25.000000, 37049, 1311, 128592.77358999998, inf, 173.41040462427745, 2171.1937126674, 88567.926135, 19142.616552, 0.649357, 2644.27878, 17352.001048, 885.301718, 4325, 4, 10350001, 410354261, 199957357, 620661619, 36622, 779, 101944.42487899998, inf, 348.83720930232556, 3154.632315067262, 84960.462267, 5347.267866, 0.178355, 1528.878135, 10002.035809, 105.602447, 2150, 5, 5130001, 433140875, 84200566, 522471442, 36206, 452, 94596.485122, inf, 697.6744186046511, 4479.638179538404, 85333.060206, 2522.331919, 0.04284, 847.709354, 5880.554995, 12.785808, 1075, 7, 2550001, 441894018, 40865774, 485309793
30000, 30000, 0, 0, dp_27.000000, 37049, 1311, 119779.77719099999, inf, 173.41040462427745, 2171.1937126674, 88567.926135, 8956.180366, 0.785144, 2644.27878, 18587.360962, 1023.245804, 4671, 3, 10350001, 410354261, 173824800, 594529062, 36622, 779, 103734.376074, inf, 348.83720930232556, 3154.632315067262, 84960.462267, 6354.191021, 0.180419, 1528.878135, 10767.154178, 123.510054, 2322, 5, 5130001, 433140875, 94519706, 532790582, 36206, 452, 95591.073737, inf, 697.6744186046511, 4479.638179538404, 85333.060206, 3069.805539, 0.042811, 847.709354, 6325.532722, 14.923105, 1161, 7, 2550001, 441894018, 46025516, 490469535
30000, 30000, 0, 0, dp_29.000000, 37049, 1311, 124048.093664, inf, 173.41040462427745, 2171.1937126674, 88567.926135, 11808.982812, 0.791084, 2644.27878, 19842.091621, 1184.023232, 5017, 3, 10350001, 410354261, 194584108, 615288370, 36622, 779, 105453.43251200001, inf, 348.83720930232556, 3154.632315067262, 84960.462267, 7356.053322, 0.173566, 1528.878135, 11464.88339, 142.981832, 2494, 5, 5130001, 433140875, 104838846, 543109722, 36206, 452, 96519.75883300001, inf, 697.6744186046511, 4479.638179538404, 85333.060206, 3610.177341, 0.043401, 847.709354, 6711.433021, 17.33551, 1247, 7, 2550001, 441894018, 51185258, 495629277
30000, 30000, 0, 0, dp_3.000000, 37080, 1342, 96941.33276399999, inf, 173.41040462427745, 2171.1937126674, 88567.926135, 3864.595335, 0.710163, 2644.27878, 1855.353789, 8.468562, 519, 302, 10350001, 410354261, 26648638, 447352900, 36642, 799, 89607.84397700001, inf, 348.83720930232556, 3154.632315067262, 84960.462267, 2032.173899, 0.177162, 1528.878135, 1085.058632, 1.093882, 258, 190, 5130001, 433140875, 13042252, 451313128, 36217, 463, 87860.284568, inf, 697.6744186046511, 4479.638179538404, 85333.060206, 1072.175289, 0.047058, 847.709354, 607.114056, 0.178605, 129, 116, 2550001, 441894018, 6483805, 450927824
30000, 30000, 0, 0, dp_31.000000, 37049, 1311, 128373.15363500001, inf, 173.41040462427745, 2171.1937126674, 88567.926135, 14678.577684, 0.791265, 2644.27878, 21129.839296, 1351.740475, 5363, 3, 10350001, 410354261, 215343416, 636047678, 36622, 779, 107109.01703500001, inf, 348.83720930232556, 3154.632315067262, 84960.462267, 8361.136546, 0.214963, 1528.878135, 12094.579796, 163.745328, 2666, 5, 5130001, 433140875, 115157986, 553428862, 36206, 452, 97489.05412500001, inf, 697.6744186046511, 4479.638179538404, 85333.060206, 4184.204297, 0.045365, 847.709354, 7104.21304, 19.821863, 1333, 7, 2550001, 441894018, 56345000, 500789019
30000, 30000, 0, 0, dp_33.000000, 37049, 1311, 132690.275971, inf, 173.41040462427745, 2171.1937126674, 88567.926135, 17533.161755, 0.651615, 2644.27878, 22401.066852, 1543.190834, 5709, 3, 10350001, 410354261, 236102724, 656806986, 36622, 779, 108801.17134199999, inf, 348.83720930232556, 3154.632315067262, 84960.462267, 9370.178203, 0.18142, 1528.878135, 12755.513461, 185.957856, 2838, 5, 5130001, 433140875, 125477126, 563748002, 36206, 452, 96120.37034, inf, 697.6744186046511, 4479.638179538404, 85333.060206, 2408.449753, 0.043742, 847.709354, 7508.598924, 22.508361, 1419, 6, 2550001, 441894018, 50416944, 494860963
30000, 30000, 0, 0, dp_35.000000, 37049, 1311, 137104.447895, inf, 173.41040462427745, 2171.1937126674, 88567.926135, 20459.222254, 0.648889, 2644.27878, 23685.746293, 1746.625544, 6055, 3, 10350001, 410354261, 256862032, 677566294, 36622, 779, 105388.995828, inf, 348.83720930232556, 3154.632315067262, 84960.462267, 5259.076974, 0.185287, 1528.878135, 13424.907934, 215.485231, 3010, 4, 5130001, 433140875, 109193354, 547464230, 36206, 452, 97001.725646, inf, 697.6744186046511, 4479.638179538404, 85333.060206, 2935.817238, 0.041968, 847.709354, 7859.601297, 25.495583, 1505, 6, 2550001, 441894018, 55576686, 500020705
30000, 30000, 0, 0, dp_37.000000, 37049, 1311, 141467.509592, inf, 173.41040462427745, 2171.1937126674, 88567.926135, 23325.241198, 0.645472, 2644.27878, 25002.851262, 1926.566745, 6401, 3, 10350001, 410354261, 277621340, 698325602, 36622, 779, 107069.33596700002, inf, 348.83720930232556, 3154.632315067262, 84960.462267, 6245.55284, 0.221906, 1528.878135, 14099.771332, 234.449487, 3182, 4, 5130001, 433140875, 119512494, 557783370, 36206, 452, 98002.07615700002, inf, 697.6744186046511, 4479.638179538404, 85333.060206, 3513.835649, 0.043512, 847.709354, 8279.038297, 28.389139, 1591, 6, 2550001, 441894018, 60736428, 505180447
30000, 30000, 0, 0, dp_39.000000, 37049, 1311, 146143.066609, inf, 173.41040462427745, 2171.1937126674, 88567.926135, 26404.771452, 0.652234, 2644.27878, 26352.789333, 2172.648675, 6747, 3, 10350001, 410354261, 298380648, 719084910, 36622, 779, 108898.830111, inf, 348.83720930232556, 3154.632315067262, 84960.462267, 7272.939151, 0.185898, 1528.878135, 14874.438093, 261.926567, 3354, 4, 5130001, 433140875, 129831634, 568102510, 36206, 452, 98947.86343600001, inf, 697.6744186046511, 4479.638179538404, 85333.060206, 4050.577514, 0.051978, 847.709354, 8684.866758, 31.597626, 1677, 6, 2550001, 441894018, 65896170, 510340189
30000, 30000, 0, 0, dp_5.000000, 37057, 1319, 100932.689229, inf, 173.41040462427745, 2171.1937126674, 88567.926135, 6207.523403, 0.658636, 2644.27878, 3483.362154, 28.940121, 865, 58, 10350001, 410354261, 47846086, 468550348, 36628, 785, 91785.3711, inf, 348.83720930232556, 3154.632315067262, 84960.462267, 3224.685322, 0.177623, 1528.878135, 2067.761635, 3.406118, 430, 75, 5130001, 433140875, 23398926, 461669802, 36209, 455, 89053.59179700002, inf, 697.6744186046511, 4479.638179538404, 85333.060206, 1703.255691, 0.039864, 847.709354, 1169.011926, 0.514756, 215, 40, 2550001, 441894018, 11666853, 456110872
30000, 30000, 0, 0, dp_7.000000, 37049, 1311, 104303.463549, inf, 173.41040462427745, 2171.1937126674, 88567.926135, 7981.249751, 0.79529, 2644.27878, 5047.810117, 61.403476, 1211, 9, 10350001, 410354261, 66088190, 486792452, 36622, 779, 93728.333822, inf, 348.83720930232556, 3154.632315067262, 84960.462267, 4251.762128, 0.179377, 1528.878135, 2979.72311, 7.328805, 602, 12, 5130001, 433140875, 33057210, 471328086, 36206, 452, 90067.39486999999, inf, 697.6744186046511, 4479.638179538404, 85333.060206, 2199.601036, 0.043672, 847.709354, 1686.005804, 0.974798, 301, 14, 2550001, 441894018, 16425336, 460869355
30000, 30000, 0, 0, dp_9.000000, 37049, 1311, 106698.739252, inf, 173.41040462427745, 2171.1937126674, 88567.926135, 8851.433838, 0.625723, 2644.27878, 6526.911795, 107.562981, 1557, 7, 10350001, 410354261, 79485733, 500189995, 36622, 779, 94654.53012299999, inf, 348.83720930232556, 3154.632315067262, 84960.462267, 4302.415279, 0.168506, 1528.878135, 3849.906729, 12.699207, 774, 9, 5130001, 433140875, 38314734, 476585610, 36206, 452, 90545.844776, inf, 697.6744186046511, 4479.638179538404, 85333.060206, 2164.984697, 0.044132, 847.709354, 2198.421892, 1.624495, 387, 11, 2550001, 441894018, 18790834, 463234853
30000, 30000, 0, 0, fixed_reps_1, 37254, 1516, 92643.601968, inf, 173.41040462427745, 2171.1937126674, 88567.926135, 1427.027243, 0.801422, 2644.27878, 3.568388, 0, 173, 1335, 10350001, 410354261, 5422545, 426126807, 36718, 875, 87234.66596500001, inf, 348.83720930232556, 3154.632315067262, 84960.462267, 737.634328, 0.169809, 1528.878135, 7.521426, 0, 86, 752, 5130001, 433140875, 2627856, 440898732, 36266, 512, 86584.43924099999, inf, 697.6744186046511, 4479.638179538404, 85333.060206, 396.28944, 0.045315, 847.709354, 7.334926, 0, 43, 418, 2550001, 441894018, 1301299, 445745318
30000, 30000, 0, 0, fixed_reps_11, 37057, 1319, 106663.69949199999, inf, 173.41040462427745, 2171.1937126674, 88567.926135, 15382.292065, 0.838121, 2644.27878, 68.364391, 0, 1903, 202, 10350001, 410354261, 59646265, 480350527, 36638, 795, 94588.156554, inf, 348.83720930232556, 3154.632315067262, 84960.462267, 8025.886572, 0.177113, 1528.878135, 72.752467, 0, 946, 156, 5130001, 433140875, 28905556, 467176432, 36211, 457, 90597.586016, inf, 697.6744186046511, 4479.638179538404, 85333.060206, 4338.248632, 0.0591, 847.709354, 78.508724, 0, 473, 71, 2550001, 441894018, 14313859, 458757878
30000, 30000, 0, 0, fixed_reps_13, 37054, 1316, 109426.32774599998, inf, 173.41040462427745, 2171.1937126674, 88567.926135, 18133.396791, 0.644548, 2644.27878, 80.081492, 0, 2249, 161, 10350001, 410354261, 70491009, 491195271, 36635, 792, 96045.974829, inf, 348.83720930232556, 3154.632315067262, 84960.462267, 9470.161287, 0.173205, 1528.878135, 86.299935, 0, 1118, 141, 5130001, 433140875, 34161096, 472431972, 36210, 456, 91419.165674, inf, 697.6744186046511, 4479.638179538404, 85333.060206, 5144.746506, 0.046027, 847.709354, 93.603581, 0, 559, 59, 2550001, 441894018, 16916371, 461360390
30000, 30000, 0, 0, fixed_reps_15, 37053, 1315, 112216.972123, inf, 173.41040462427745, 2171.1937126674, 88567.926135, 20910.574237, 0.845445, 2644.27878, 93.347526, 0, 2595, 127, 10350001, 410354261, 81335753, 502040015, 36632, 789, 97461.214348, inf, 348.83720930232556, 3154.632315067262, 84960.462267, 10870.713831, 0.247905, 1528.878135, 100.91221, 0, 1290, 121, 5130001, 433140875, 39416636, 477687512, 36209, 455, 92186.43926799999, inf, 697.6744186046511, 4479.638179538404, 85333.060206, 5897.82552, 0.057026, 847.709354, 107.787162, 0, 645, 56, 2550001, 441894018, 19518883, 463962902
30000, 30000, 0, 0, fixed_reps_17, 37051, 1313, 114991.889455, inf, 173.41040462427745, 2171.1937126674, 88567.926135, 23674.820509, 0.820378, 2644.27878, 104.043653, 0, 2941, 86, 10350001, 410354261, 92180497, 512884759, 36632, 789, 98899.930353, inf, 348.83720930232556, 3154.632315067262, 84960.462267, 12296.676508, 0.179807, 1528.878135, 113.733636, 0, 1462, 108, 5130001, 433140875, 44672176, 482943052, 36209, 455, 92944.13851699998, inf, 697.6744186046511, 4479.638179538404, 85333.060206, 6642.091066, 0.058079, 847.709354, 121.219812, 0, 731, 50, 2550001, 441894018, 22121395, 466565414
30000, 30000, 0, 0, fixed_reps_19, 37050, 1312, 117736.22441299999, inf, 173.41040462427745, 2171.1937126674, 88567.926135, 26405.811667, 0.771937, 2644.27878, 117.435894, 0, 3287, 67, 10350001, 410354261, 103025241, 523729503, 36628, 785, 100317.452957, inf, 348.83720930232556, 3154.632315067262, 84960.462267, 13702.128013, 0.222246, 1528.878135, 125.762296, 0, 1634, 89, 5130001, 433140875, 49927716, 488198592, 36209, 455, 93783.330474, inf, 697.6744186046511, 4479.638179538404, 85333.060206, 7465.92985, 0.050344, 847.709354, 136.58072, 0, 817, 44, 2550001, 441894018, 24723907, 469167926
30000, 30000, 0, 0, fixed_reps_21, 37050, 1312, 120565.561435, inf, 173.41040462427745, 2171.1937126674, 88567.926135, 29223.974627, 0.794048, 2644.27878, 128.587845, 0, 3633, 65, 10350001, 410354261, 113869985, 534574247, 36627, 784, 101736.794951, inf, 348.83720930232556, 3154.632315067262, 84960.462267, 15107.195296, 0.216666, 1528.878135, 140.042587, 0, 1806, 74, 5130001, 433140875, 55183256, 493454132, 36207, 453, 94577.26335, inf, 697.6744186046511, 4479.638179538404, 85333.060206, 8245.170383, 0.060854, 847.709354, 151.262553, 0, 903, 30, 2550001, 441894018, 27326419, 471770438
30000, 30000, 0, 0, fixed_reps_23, 37050, 1312, 123326.58620399999, inf, 173.41040462427745, 2171.1937126674, 88567.926135, 31973.491727, 0.771907, 2644.27878, 140.117655, 0, 3979, 60, 10350001, 410354261, 124714729, 545418991, 36623, 780, 103153.07013400001, inf, 348.83720930232556, 3154.632315067262, 84960.462267, 16510.674109, 0.172263, 1528.878135, 152.88336, 0, 1978, 62, 5130001, 433140875, 60438796, 498709672, 36206, 452, 95334.264375, inf, 697.6744186046511, 4479.638179538404, 85333.060206, 8989.081395, 0.051045, 847.709354, 164.362375, 0, 989, 28, 2550001, 441894018, 29928931, 474372950
30000, 30000, 0, 0, fixed_reps_25, 37050, 1312, 126417.185413, inf, 173.41040462427745, 2171.1937126674, 88567.926135, 35052.843014, 0.84814, 2644.27878, 151.289344, 0, 4325, 51, 10350001, 410354261, 135559473, 556263735, 36622, 779, 104603.032375, inf, 348.83720930232556, 3154.632315067262, 84960.462267, 17947.846362, 0.224321, 1528.878135, 165.62129, 0, 2150, 46, 5130001, 433140875, 65694336, 503965212, 36206, 452, 96108.04095299999, inf, 697.6744186046511, 4479.638179538404, 85333.060206, 9746.787334, 0.049042, 847.709354, 180.435017, 0, 1075, 25, 2550001, 441894018, 32531443, 476975462
30000, 30000, 0, 0, fixed_reps_27, 37050, 1312, 128742.92245899998, inf, 173.41040462427745, 2171.1937126674, 88567.926135, 37367.614062, 0.830817, 2644.27878, 162.272665, 0, 4671, 46, 10350001, 410354261, 146404217, 567108479, 36622, 779, 106048.13535499999, inf, 348.83720930232556, 3154.632315067262, 84960.462267, 19377.67398, 0.182071, 1528.878135, 180.938902, 0, 2322, 32, 5130001, 433140875, 70949876, 509220752, 36206, 452, 96895.62157900001, inf, 697.6744186046511, 4479.638179538404, 85333.060206, 10523.656222, 0.047669, 847.709354, 191.148128, 0, 1161, 24, 2550001, 441894018, 35133955, 479577974
30000, 30000, 0, 0, fixed_reps_29, 37050, 1312, 131498.419684, inf, 173.41040462427745, 2171.1937126674, 88567.926135, 40112.562722, 0.820148, 2644.27878, 172.831899, 0, 5017, 43, 10350001, 410354261, 157248961, 577953223, 36622, 779, 107452.75918699999, inf, 348.83720930232556, 3154.632315067262, 84960.462267, 20771.22803, 0.218369, 1528.878135, 191.972386, 0, 2494, 25, 5130001, 433140875, 76205416, 514476292, 36206, 452, 97666.88667600001, inf, 697.6744186046511, 4479.638179538404, 85333.060206, 11277.744195, 0.05905, 847.709354, 208.313871, 0, 1247, 23, 2550001, 441894018, 37736467, 482180486
30000, 30000, 0, 0, fixed_reps_3, 37130, 1392, 95484.968927, inf, 173.41040462427745, 2171.1937126674, 88567.926135, 4255.127578, 0.814767, 2644.27878, 16.821667, 0, 519, 753, 10350001, 410354261, 16267289, 436971551, 36656, 813, 88741.621104, inf, 348.83720930232556, 3154.632315067262, 84960.462267, 2235.156006, 0.180578, 1528.878135, 16.944118, 0, 258, 440, 5130001, 433140875, 7883396, 446154272, 36244, 490, 87461.707096, inf, 697.6744186046511, 4479.638179538404, 85333.060206, 1256.872144, 0.063098, 847.709354, 24.002294, 0, 129, 281, 2550001, 441894018, 3903811, 448347830
30000, 30000, 0, 0, fixed_reps_31, 37050, 1312, 134236.967973, inf, 173.41040462427745, 2171.1937126674, 88567.926135, 42839.50291, 0.837741, 2644.27878, 184.422407, 0, 5363, 41, 10350001, 410354261, 168093705, 588797967, 36622, 779, 108944.154371, inf, 348.83720930232556, 3154.632315067262, 84960.462267, 22251.298946, 0.183414, 1528.878135, 203.331609, 0, 2666, 23, 5130001, 433140875, 81460956, 519731832, 36206, 452, 98507.28044, inf, 697.6744186046511, 4479.638179538404, 85333.060206, 12104.305025, 0.059332, 847.709354, 222.146523, 0, 1333, 21, 2550001, 441894018, 40338979, 484782998
30000, 30000, 0, 0, fixed_reps_33, 37050, 1312, 137005.620222, inf, 173.41040462427745, 2171.1937126674, 88567.926135, 45596.825684, 0.7894, 2644.27878, 195.800223, 0, 5709, 39, 10350001, 410354261, 178938449, 599642711, 36622, 779, 110396.48745700001, inf, 348.83720930232556, 3154.632315067262, 84960.462267, 23689.714735, 0.182352, 1528.878135, 217.249968, 0, 2838, 16, 5130001, 433140875, 86716496, 524987372, 36206, 452, 99267.23103999998, inf, 697.6744186046511, 4479.638179538404, 85333.060206, 12845.803601, 0.049202, 847.709354, 240.608677, 0, 1419, 18, 2550001, 441894018, 42941491, 487385510
30000, 30000, 0, 0, fixed_reps_35, 37050, 1312, 139758.509081, inf, 173.41040462427745, 2171.1937126674, 88567.926135, 48338.361679, 0.826741, 2644.27878, 207.115746, 0, 6055, 32, 10350001, 410354261, 189783193, 610487455, 36622, 779, 111807.509792, inf, 348.83720930232556, 3154.632315067262, 84960.462267, 25087.530389, 0.219622, 1528.878135, 230.419379, 0, 3010, 15, 5130001, 433140875, 91972036, 530242912, 36206, 452, 100003.487739, inf, 697.6744186046511, 4479.638179538404, 85333.060206, 13569.261077, 0.052108, 847.709354, 253.404994, 0, 1505, 14, 2550001, 441894018, 45544003, 489988022
30000, 30000, 0, 0, fixed_reps_37, 37050, 1312, 142462.319412, inf, 173.41040462427745, 2171.1937126674, 88567.926135, 51030.124879, 0.818845, 2644.27878, 219.170773, 0, 6401, 31, 10350001, 410354261, 200627937, 621332199, 36622, 779, 113261.488495, inf, 348.83720930232556, 3154.632315067262, 84960.462267, 26528.608507, 0.180729, 1528.878135, 243.358857, 0, 3182, 12, 5130001, 433140875, 97227576, 535498452, 36206, 452, 100819.961382, inf, 697.6744186046511, 4479.638179538404, 85333.060206, 14369.395179, 0.044363, 847.709354, 269.75228, 0, 1591, 13, 2550001, 441894018, 48146515, 492590534
30000, 30000, 0, 0, fixed_reps_39, 37050, 1312, 145347.83439799998, inf, 173.41040462427745, 2171.1937126674, 88567.926135, 53904.09079, 0.792998, 2644.27878, 230.745695, 0, 6747, 28, 10350001, 410354261, 211472681, 632176943, 36622, 779, 114707.32130299999, inf, 348.83720930232556, 3154.632315067262, 84960.462267, 27959.929341, 0.221326, 1528.878135, 257.830234, 0, 3354, 12, 5130001, 433140875, 102483116, 540753992, 36206, 452, 101640.467927, inf, 697.6744186046511, 4479.638179538404, 85333.060206, 15176.290489, 0.042901, 847.709354, 283.364977, 0, 1677, 13, 2550001, 441894018, 50749027, 495193046
30000, 30000, 0, 0, fixed_reps_41, 37050, 1312, 148151.093762, inf, 173.41040462427745, 2171.1937126674, 88567.926135, 56695.223676, 0.837131, 2644.27878, 242.82804, 0, 7093, 23, 10350001, 410354261, 222317425, 643021687, 36622, 779, 116148.339161, inf, 348.83720930232556, 3154.632315067262, 84960.462267, 29387.370807, 0.222568, 1528.878135, 271.405384, 0, 3526, 12, 5130001, 433140875, 107738656, 546009532, 36206, 452, 102371.28052200002, inf, 697.6744186046511, 4479.638179538404, 85333.060206, 15893.404695, 0.057809, 847.709354, 297.048458, 0, 1763, 13, 2550001, 441894018, 53351539, 497795558
30000, 30000, 0, 0, fixed_reps_5, 37100, 1362, 98302.48799, inf, 173.41040462427745, 2171.1937126674, 88567.926135, 7059.36684, 0.765906, 2644.27878, 30.150329, 0, 865, 477, 10350001, 410354261, 27112033, 447816295, 36648, 805, 90211.06772900002, inf, 348.83720930232556, 3154.632315067262, 84960.462267, 3690.555525, 0.238888, 1528.878135, 30.932914, 0, 430, 295, 5130001, 433140875, 13138936, 451409812, 36227, 473, 88308.079348, inf, 697.6744186046511, 4479.638179538404, 85333.060206, 2091.554554, 0.04824, 847.709354, 35.706994, 0, 215, 200, 2550001, 441894018, 6506323, 450950342
30000, 30000, 0, 0, fixed_reps_7, 37085, 1347, 101109.6873, inf, 173.41040462427745, 2171.1937126674, 88567.926135, 9853.524357, 0.748072, 2644.27878, 43.209956, 0, 1211, 354, 10350001, 410354261, 37956777, 458661039, 36639, 796, 91673.360778, inf, 348.83720930232556, 3154.632315067262, 84960.462267, 5139.305734, 0.175109, 1528.878135, 44.539533, 0, 602, 201, 5130001, 433140875, 18394476, 456665352, 36215, 461, 89036.712789, inf, 697.6744186046511, 4479.638179538404, 85333.060206, 2806.552602, 0.047419, 847.709354, 49.343208, 0, 301, 100, 2550001, 441894018, 9108835, 453552854
30000, 30000, 0, 0, fixed_reps_9, 37065, 1327, 103880.07901399999, inf, 173.41040462427745, 2171.1937126674, 88567.926135, 12611.127042, 0.64549, 2644.27878, 56.101567, 0, 1557, 281, 10350001, 410354261, 48801521, 469505783, 36638, 795, 93168.540406, inf, 348.83720930232556, 3154.632315067262, 84960.462267, 6619.893234, 0.177453, 1528.878135, 59.129317, 0, 774, 185, 5130001, 433140875, 23650016, 461920892, 36215, 461, 89845.846323, inf, 697.6744186046511, 4479.638179538404, 85333.060206, 3601.191535, 0.04307, 847.709354, 63.842158, 0, 387, 91, 2550001, 441894018, 11711347, 456155366
30000, 30000, 0, 0, greedy_1.000000, 37254, 1516, 92644.86158799999, inf, 173.41040462427745, 2171.1937126674, 88567.926135, 1428.62159, 0.733767, 2644.27878, 3.293631, 0.007685, 173, 1335, 10350001, 410354261, 5422545, 426126807, 36718, 875, 87237.17221799999, inf, 348.83720930232556, 3154.632315067262, 84960.462267, 740.413332, 0.168997, 1528.878135, 7.245199, 0.004288, 86, 752, 5130001, 433140875, 2627856, 440898732, 36266, 512, 86582.36114400001, inf, 697.6744186046511, 4479.638179538404, 85333.060206, 394.308617, 0.059481, 847.709354, 7.22033, 0.003156, 43, 418, 2550001, 441894018, 1301299, 445745318
30000, 30000, 0, 0, greedy_11.000000, 37078, 1340, 102697.47428799998, inf, 173.41040462427745, 2171.1937126674, 88567.926135, 3477.540142, 0.633668, 2644.27878, 8006.678842, 0.416721, 1903, 605, 10350001, 410354261, 65481494, 486185756, 36637, 794, 92984.05614200002, inf, 348.83720930232556, 3154.632315067262, 84960.462267, 1773.083369, 0.174838, 1528.878135, 4721.33345, 0.124083, 946, 340, 5130001, 433140875, 32212658, 470483534, 36223, 469, 89861.15231599999, inf, 697.6744186046511, 4479.638179538404, 85333.060206, 982.350947, 0.043792, 847.709354, 2697.956177, 0.03184, 473, 200, 2550001, 441894018, 16327086, 460771105
30000, 30000, 0, 0, greedy_13.000000, 37076, 1338, 104199.946267, inf, 173.41040462427745, 2171.1937126674, 88567.926135, 3598.202258, 0.784541, 2644.27878, 9388.239748, 0.514805, 2249, 605, 10350001, 410354261, 76329632, 497033894, 36636, 793, 93808.809206, inf, 348.83720930232556, 3154.632315067262, 84960.462267, 1815.624887, 0.172153, 1528.878135, 5503.535969, 0.135795, 1118, 339, 5130001, 433140875, 37470182, 475741058, 36223, 469, 90344.04914599999, inf, 697.6744186046511, 4479.638179538404, 85333.060206, 992.917095, 0.045275, 847.709354, 3170.28209, 0.035126, 559, 200, 2550001, 441894018, 18930392, 463374411
30000, 30000, 0, 0, greedy_15.000000, 37073, 1335, 105646.374945, inf, 173.41040462427745, 2171.1937126674, 88567.926135, 3692.788111, 0.581941, 2644.27878, 10740.212347, 0.587631, 2595, 604, 10350001, 410354261, 87177770, 507882032, 36636, 793, 94621.925033, inf, 348.83720930232556, 3154.632315067262, 84960.462267, 1847.808717, 0.172934, 1528.878135, 6284.439784, 0.163196, 1290, 339, 5130001, 433140875, 42727706, 480998582, 36223, 469, 90822.18602, inf, 697.6744186046511, 4479.638179538404, 85333.060206, 1004.115087, 0.043832, 847.709354, 3637.204361, 0.05318, 645, 199, 2550001, 441894018, 21533698, 465977717
30000, 30000, 0, 0, greedy_17.000000, 37072, 1334, 107102.038374, inf, 173.41040462427745, 2171.1937126674, 88567.926135, 3817.025713, 0.78418, 2644.27878, 12071.352879, 0.670687, 2941, 604, 10350001, 410354261, 98025908, 518730170, 36636, 793, 95469.752142, inf, 348.83720930232556, 3154.632315067262, 84960.462267, 1883.559898, 0.207319, 1528.878135, 7096.446742, 0.197781, 1462, 339, 5130001, 433140875, 47985230, 486256106, 36220, 466, 91302.612688, inf, 697.6744186046511, 4479.638179538404, 85333.060206, 1013.865456, 0.044533, 847.709354, 4107.886993, 0.046146, 731, 199, 2550001, 441894018, 24137004, 468581023
30000, 30000, 0, 0, greedy_19.000000, 37071, 1333, 108573.17163699999, inf, 173.41040462427745, 2171.1937126674, 88567.926135, 3906.647116, 0.782817, 2644.27878, 13452.860642, 0.676147, 3287, 604, 10350001, 410354261, 108874046, 529578308, 36636, 793, 96243.13726900001, inf, 348.83720930232556, 3154.632315067262, 84960.462267, 1923.202478, 0.166603, 1528.878135, 7830.224274, 0.203512, 1634, 339, 5130001, 433140875, 53242754, 491513630, 36220, 466, 91778.920213, inf, 697.6744186046511, 4479.638179538404, 85333.060206, 1025.692116, 0.043782, 847.709354, 4572.359983, 0.054772, 817, 199, 2550001, 441894018, 26740310, 471184329
30000, 30000, 0, 0, greedy_21.000000, 37070, 1332, 110080.233429, inf, 173.41040462427745, 2171.1937126674, 88567.926135, 4015.530293, 0.620153, 2644.27878, 14851.085863, 0.792205, 3633, 604, 10350001, 410354261, 119722184, 540426446, 36635, 792, 96977.17772200001, inf, 348.83720930232556, 3154.632315067262, 84960.462267, 1952.609181, 0.171862, 1528.878135, 8534.835142, 0.221135, 1806, 338, 5130001, 433140875, 58500278, 496771154, 36220, 466, 92202.45187299998, inf, 697.6744186046511, 4479.638179538404, 85333.060206, 1033.497489, 0.044193, 847.709354, 4988.084486, 0.056145, 903, 198, 2550001, 441894018, 29343616, 473787635
30000, 30000, 0, 0, greedy_23.000000, 37070, 1332, 111449.05416100001, inf, 173.41040462427745, 2171.1937126674, 88567.926135, 4119.982522, 0.638477, 2644.27878, 16114.835506, 1.392741, 3979, 603, 10350001, 410354261, 130570322, 551274584, 36634, 791, 97737.472974, inf, 348.83720930232556, 3154.632315067262, 84960.462267, 1983.963004, 0.167494, 1528.878135, 9263.742648, 0.259426, 1978, 338, 5130001, 433140875, 63757802, 502028678, 36220, 466, 92652.56886099999, inf, 697.6744186046511, 4479.638179538404, 85333.060206, 1045.960593, 0.041999, 847.709354, 5425.733731, 0.062978, 989, 198, 2550001, 441894018, 31946922, 476390941
30000, 30000, 0, 0, greedy_25.000000, 37066, 1328, 112786.57529699999, inf, 173.41040462427745, 2171.1937126674, 88567.926135, 4220.48419, 0.787647, 2644.27878, 17352.001048, 1.097497, 4325, 603, 10350001, 410354261, 141418460, 562122722, 36634, 791, 98502.044621, inf, 348.83720930232556, 3154.632315067262, 84960.462267, 2010.2252, 0.173795, 1528.878135, 10002.035809, 0.269415, 2150, 338, 5130001, 433140875, 69015326, 507286202, 36216, 462, 93121.98827300001, inf, 697.6744186046511, 4479.638179538404, 85333.060206, 1060.554984, 0.043191, 847.709354, 5880.554995, 0.065543, 1075, 198, 2550001, 441894018, 34550228, 478994247
30000, 30000, 0, 0, greedy_27.000000, 37066, 1328, 114099.648624, inf, 173.41040462427745, 2171.1937126674, 88567.926135, 4298.518763, 0.629811, 2644.27878, 18587.360962, 0.934173, 4671, 603, 10350001, 410354261, 152266598, 572970860, 36634, 791, 99299.196, inf, 348.83720930232556, 3154.632315067262, 84960.462267, 2042.224975, 0.17029, 1528.878135, 10767.154178, 0.306155, 2322, 338, 5130001, 433140875, 74272850, 512543726, 36214, 460, 93570.14640400001, inf, 697.6744186046511, 4479.638179538404, 85333.060206, 1063.725229, 0.042489, 847.709354, 6325.532722, 0.076404, 1161, 198, 2550001, 441894018, 37153534, 481597553
30000, 30000, 0, 0, greedy_29.000000, 37064, 1326, 115439.02274799999, inf, 173.41040462427745, 2171.1937126674, 88567.926135, 4382.757417, 0.640061, 2644.27878, 19842.091621, 1.328734, 5017, 603, 10350001, 410354261, 163114736, 583818998, 36631, 788, 100031.329074, inf, 348.83720930232556, 3154.632315067262, 84960.462267, 2076.632546, 0.164488, 1528.878135, 11464.88339, 0.308248, 2494, 338, 5130001, 433140875, 79530374, 517801250, 36211, 457, 93982.149414, inf, 697.6744186046511, 4479.638179538404, 85333.060206, 1089.826117, 0.044373, 847.709354, 6711.433021, 0.076343, 1247, 197, 2550001, 441894018, 39756840, 484200859
30000, 30000, 0, 0, greedy_3.000000, 37114, 1376, 95997.877444, inf, 173.41040462427745, 2171.1937126674, 88567.926135, 2929.580053, 0.645642, 2644.27878, 1855.353789, 0.093045, 519, 609, 10350001, 410354261, 22088942, 442793204, 36651, 808, 89185.722368, inf, 348.83720930232556, 3154.632315067262, 84960.462267, 1611.120393, 0.171422, 1528.878135, 1085.058632, 0.031519, 258, 344, 5130001, 433140875, 11182562, 449453438, 36232, 478, 87717.09764800001, inf, 697.6744186046511, 4479.638179538404, 85333.060206, 929.153599, 0.048721, 847.709354, 607.114056, 0.011712, 129, 205, 2550001, 441894018, 5913862, 450357881
30000, 30000, 0, 0, greedy_31.000000, 37064, 1326, 116835.573018, inf, 173.41040462427745, 2171.1937126674, 88567.926135, 4491.50428, 0.641473, 2644.27878, 21129.839296, 1.383054, 5363, 603, 10350001, 410354261, 173962874, 594667136, 36631, 788, 100684.396972, inf, 348.83720930232556, 3154.632315067262, 84960.462267, 2099.977508, 0.17081, 1528.878135, 12094.579796, 0.328456, 2666, 337, 5130001, 433140875, 84787898, 523058774, 36211, 457, 94376.893075, inf, 697.6744186046511, 4479.638179538404, 85333.060206, 1091.772868, 0.048771, 847.709354, 7104.21304, 0.088836, 1333, 197, 2550001, 441894018, 42360146, 486804165
30000, 30000, 0, 0, greedy_33.000000, 37063, 1325, 118185.085321, inf, 173.41040462427745, 2171.1937126674, 88567.926135, 4569.67339, 0.637786, 2644.27878, 22401.066852, 1.502378, 5709, 603, 10350001, 410354261, 184811012, 605515274, 36630, 787, 101372.476037, inf, 348.83720930232556, 3154.632315067262, 84960.462267, 2127.090456, 0.1702, 1528.878135, 12755.513461, 0.361518, 2838, 337, 5130001, 433140875, 90045422, 528316298, 36210, 456, 94795.381536, inf, 697.6744186046511, 4479.638179538404, 85333.060206, 1105.882558, 0.045104, 847.709354, 7508.598924, 0.08539, 1419, 197, 2550001, 441894018, 44963452, 489407471
30000, 30000, 0, 0, greedy_35.000000, 37063, 1325, 119570.636861, inf, 173.41040462427745, 2171.1937126674, 88567.926135, 4670.660689, 0.63886, 2644.27878, 23685.746293, 1.386104, 6055, 603, 10350001, 410354261, 195659150, 616363412, 36629, 786, 102070.956806, inf, 348.83720930232556, 3154.632315067262, 84960.462267, 2156.151797, 0.174627, 1528.878135, 13424.907934, 0.382046, 3010, 337, 5130001, 433140875, 95302946, 533573822, 36210, 456, 95150.14691699999, inf, 697.6744186046511, 4479.638179538404, 85333.060206, 1109.640926, 0.043662, 847.709354, 7859.601297, 0.091472, 1505, 197, 2550001, 441894018, 47566758, 492010777
30000, 30000, 0, 0, greedy_37.000000, 37062, 1324, 120985.199427, inf, 173.41040462427745, 2171.1937126674, 88567.926135, 4767.85786, 0.65006, 2644.27878, 25002.851262, 1.63533, 6401, 603, 10350001, 410354261, 206507288, 627211550, 36627, 784, 102783.20213, inf, 348.83720930232556, 3154.632315067262, 84960.462267, 2193.518544, 0.175389, 1528.878135, 14099.771332, 0.396463, 3182, 337, 5130001, 433140875, 100560470, 538831346, 36210, 456, 95586.95787, inf, 697.6744186046511, 4479.638179538404, 85333.060206, 1127.008226, 0.042771, 847.709354, 8279.038297, 0.099016, 1591, 197, 2550001, 441894018, 50170064, 494614083
30000, 30000, 0, 0, greedy_39.000000, 37061, 1323, 122457.16597899998, inf, 173.41040462427745, 2171.1937126674, 88567.926135, 4889.638847, 0.623711, 2644.27878, 26352.789333, 1.909173, 6747, 603, 10350001, 410354261, 217355426, 638059688, 36626, 783, 103609.58805700002, inf, 348.83720930232556, 3154.632315067262, 84960.462267, 2245.213824, 0.174427, 1528.878135, 14874.438093, 0.421311, 3354, 337, 5130001, 433140875, 105817994, 544088870, 36210, 456, 96001.01345700001, inf, 697.6744186046511, 4479.638179538404, 85333.060206, 1135.235654, 0.044643, 847.709354, 8684.866758, 0.096842, 1677, 197, 2550001, 441894018, 52773370, 497217389
30000, 30000, 0, 0, greedy_5.000000, 37101, 1363, 97785.618766, inf, 173.41040462427745, 2171.1937126674, 88567.926135, 3089.057361, 0.821171, 2644.27878, 3483.362154, 0.173165, 865, 607, 10350001, 410354261, 32937080, 453641342, 36647, 804, 90207.321732, inf, 348.83720930232556, 3154.632315067262, 84960.462267, 1649.993882, 0.172433, 1528.878135, 2067.761635, 0.05338, 430, 342, 5130001, 433140875, 16440086, 454710962, 36227, 473, 88292.52174800001, inf, 697.6744186046511, 4479.638179538404, 85333.060206, 942.665252, 0.055524, 847.709354, 1169.011926, 0.019486, 215, 203, 2550001, 441894018, 8517168, 452961187
30000, 30000, 0, 0, greedy_7.000000, 37092, 1354, 99489.309879, inf, 173.41040462427745, 2171.1937126674, 88567.926135, 3228.257482, 0.736491, 2644.27878, 5047.810117, 0.300874, 1211, 606, 10350001, 410354261, 43785218, 464489480, 36643, 800, 91161.03537400001, inf, 348.83720930232556, 3154.632315067262, 84960.462267, 1691.730339, 0.169888, 1528.878135, 2979.72311, 0.071635, 602, 341, 5130001, 433140875, 21697610, 459968486, 36227, 473, 88823.17938100001, inf, 697.6744186046511, 4479.638179538404, 85333.060206, 956.339726, 0.04289, 847.709354, 1686.005804, 0.021401, 301, 202, 2550001, 441894018, 11120474, 455564493
30000, 30000, 0, 0, greedy_9.000000, 37084, 1346, 101113.57652300001, inf, 173.41040462427745, 2171.1937126674, 88567.926135, 3373.365262, 0.762579, 2644.27878, 6526.911795, 0.331972, 1557, 605, 10350001, 410354261, 54633356, 475337618, 36637, 794, 92076.38164699999, inf, 348.83720930232556, 3154.632315067262, 84960.462267, 1736.822451, 0.216586, 1528.878135, 3849.906729, 0.095479, 774, 341, 5130001, 433140875, 26955134, 465226010, 36225, 471, 89348.76417299999, inf, 697.6744186046511, 4479.638179538404, 85333.060206, 969.504664, 0.043742, 847.709354, 2198.421892, 0.024315, 387, 201, 2550001, 441894018, 13723780, 458167799
30000, 30000, 0, 0, opt, 37049, 1311, 99115.71126999999, inf, 173.41040462427745, 2171.1937126674, 88567.926135, 7902.71367, 0.792685, 2644.27878, 0, 0, 0, 0, 10350001, 410354261, 40587294, 461291556, 36622, 779, 90450.039499, inf, 348.83720930232556, 3154.632315067262, 84960.462267, 3960.511966, 0.187131, 1528.878135, 0, 0, 0, 0, 5130001, 433140875, 17007165, 455278041, 36206, 452, 88255.607204, inf, 697.6744186046511, 4479.638179538404, 85333.060206, 2074.743878, 0.093766, 847.709354, 0, 0, 0, 0, 2550001, 441894018, 8129187, 452573206
30000, 30000, 0, 0, plus_edge, 37194, 1456, 92669.256472, inf, 173.41040462427745, 2171.1937126674, 88567.926135, 1456.272427, 0.77913, 2644.27878, 0, 0, 0, 0, 10350001, 410354261, 5421956, 426126218, 36711, 868, 87237.460034, inf, 348.83720930232556, 3154.632315067262, 84960.462267, 747.958139, 0.161493, 1528.878135, 0, 0, 0, 0, 5130001, 433140875, 2604995, 440875871, 36255, 501, 86577.622668, inf, 697.6744186046511, 4479.638179538404, 85333.060206, 396.808013, 0.045095, 847.709354, 0, 0, 0, 0, 2550001, 441894018, 1273020, 445717039
30000, 30000, 0, 0, simple, 37254, 1516, 92645.857265, inf, 173.41040462427745, 2171.1937126674, 88567.926135, 1432.826432, 0.825918, 2644.27878, 0, 0, 0, 0, 10350001, 410354261, 5392372, 426096634, 36718, 875, 87235.560932, inf, 348.83720930232556, 3154.632315067262, 84960.462267, 746.010516, 0.210014, 1528.878135, 0, 0, 0, 0, 5130001, 433140875, 2597770, 440868646, 36266, 512, 86577.034765, inf, 697.6744186046511, 4479.638179538404, 85333.060206, 396.219509, 0.045696, 847.709354, 0, 0, 0, 0, 2550001, 441894018, 1271256, 445715275
30000, 30000, 0, 0, dp_1.000000, 37724, 1412, 90871.41451999998, inf, 173.41040462427745, 2170.3596540895824, 86706.48206, 1414.977285, 0.627889, 2745.346274, 3.971834, 0.009178, 173, 0, 10350001, 410041035, 5423405, 425814441, 37257, 838, 85020.17064, inf, 348.83720930232556, 3120.2658237253595, 82719.973311, 758.878307, 0.168125, 1534.815395, 6.329972, 0.00553, 86, 0, 5130001, 423868087, 2650041, 431648129, 36554, 489, 85445.227013, inf, 697.6744186046511, 4444.640444928524, 84165.053131, 407.961275, 0.039504, 865.817033, 6.352192, 0.003878, 43, 0, 2550001, 435178933, 1310329, 439039263
30000, 30000, 0, 0, dp_11.000000, 37528, 1216, 107118.21831, inf, 173.41040462427745, 2170.3596540895824, 86706.48206, 9649.777374, 0.701014, 2745.346274, 7851.251711, 164.659877, 1903, 6, 10350001, 410041035, 96631464, 517022500, 37122, 703, 94678.384503, inf, 348.83720930232556, 3120.2658237253595, 82719.973311, 6018.366035, 0.188464, 1534.815395, 4385.944571, 19.096727, 946, 9, 5130001, 423868087, 51703076, 480701164, 36480, 415, 91065.61350199998, inf, 697.6744186046511, 4444.640444928524, 84165.053131, 3503.055838, 0.052308, 865.817033, 2529.237367, 2.397825, 473, 20, 2550001, 435178933, 27191107, 464920041
30000, 30000, 0, 0, dp_13.000000, 37528, 1216, 108116.69166, inf, 173.41040462427745, 2170.3596540895824, 86706.48206, 9290.374507, 0.705342, 2745.346274, 9143.478491, 230.304986, 2249, 5, 10350001, 410041035, 104419652, 524810688, 37122, 703, 95915.15346999999, inf, 348.83720930232556, 3120.2658237253595, 82719.973311, 6454.640608, 0.188013, 1534.815395, 5178.486792, 27.049351, 1118, 8, 5130001, 423868087, 59078029, 488076117, 36479, 414, 91728.89843799999, inf, 697.6744186046511, 4444.640444928524, 84165.053131, 3687.503646, 0.051807, 865.817033, 3007.088357, 3.384464, 559, 11, 2550001, 435178933, 30677524, 468406458
30000, 30000, 0, 0, dp_15.000000, 37528, 1216, 111444.54302699999, inf, 173.41040462427745, 2170.3596540895824, 86706.48206, 11148.499911, 0.836178, 2745.346274, 10533.703889, 309.674715, 2595, 5, 10350001, 410041035, 125177230, 545568266, 37122, 703, 96717.98872699999, inf, 348.83720930232556, 3120.2658237253595, 82719.973311, 6433.723938, 0.186109, 1534.815395, 5992.800046, 36.489928, 1290, 7, 5130001, 423868087, 63983307, 492981395, 36479, 414, 92416.04718999998, inf, 697.6744186046511, 4444.640444928524, 84165.053131, 3902.604046, 0.049964, 865.817033, 3477.995388, 4.527628, 645, 10, 2550001, 435178933, 34243936, 471972870
30000, 30000, 0, 0, dp_17.000000, 37528, 1216, 114790.73170399999, inf, 173.41040462427745, 2170.3596540895824, 86706.48206, 13065.746125, 0.862546, 2745.346274, 11871.285276, 401.009423, 2941, 5, 10350001, 410041035, 145934808, 566325844, 37122, 703, 98453.34091700001, inf, 348.83720930232556, 3120.2658237253595, 82719.973311, 7462.679052, 0.189175, 1534.815395, 6688.502716, 47.181268, 1462, 7, 5130001, 423868087, 74292815, 503290903, 36479, 414, 92786.78827499998, inf, 697.6744186046511, 4444.640444928524, 84165.053131, 3873.59275, 0.050756, 865.817033, 3876.438775, 5.83583, 731, 9, 2550001, 435178933, 36630868, 474359802
30000, 30000, 0, 0, dp_19.000000, 37528, 1216, 113915.018272, inf, 173.41040462427745, 2170.3596540895824, 86706.48206, 10684.254486, 0.849292, 2745.346274, 13275.558564, 502.527596, 3287, 4, 10350001, 410041035, 142814966, 563206002, 37122, 703, 98494.68175799998, inf, 348.83720930232556, 3120.2658237253595, 82719.973311, 6765.339811, 0.19243, 1534.815395, 7414.748688, 59.612123, 1634, 6, 5130001, 423868087, 75653383, 504651471, 36479, 414, 93805.49801199998, inf, 697.6744186046511, 4444.640444928524, 84165.053131, 4444.547297, 0.050014, 865.817033, 4322.693863, 7.336674, 817, 9, 2550001, 435178933, 41789578, 479518512
30000, 30000, 0, 0, dp_21.000000, 37528, 1216, 117301.44028099999, inf, 173.41040462427745, 2170.3596540895824, 86706.48206, 12577.533916, 0.871153, 2745.346274, 14655.827596, 615.379282, 3633, 4, 10350001, 410041035, 163572544, 583963580, 37122, 703, 100266.62926899998, inf, 348.83720930232556, 3120.2658237253595, 82719.973311, 7782.012332, 0.186921, 1534.815395, 8156.069496, 73.571814, 1806, 6, 5130001, 423868087, 85962891, 514960979, 36479, 414, 93830.126091, inf, 697.6744186046511, 4444.640444928524, 84165.053131, 4034.846717, 0.051456, 865.817033, 4755.350298, 9.007456, 903, 8, 2550001, 435178933, 42407290, 480136224
30000, 30000, 0, 0, dp_23.000000, 37528, 1216, 120525.50467299999, inf, 173.41040462427745, 2170.3596540895824, 86706.48206, 14489.121432, 0.86932, 2745.346274, 15844.340564, 739.345023, 3979, 4, 10350001, 410041035, 184330122, 604721158, 37122, 703, 102047.828951, inf, 348.83720930232556, 3120.2658237253595, 82719.973311, 8799.401567, 0.189005, 1534.815395, 8904.505147, 88.944526, 1978, 6, 5130001, 423868087, 96272399, 525270487, 36479, 414, 94798.95108299998, inf, 697.6744186046511, 4444.640444928524, 84165.053131, 4569.780029, 0.052728, 865.817033, 5187.477741, 10.770421, 989, 8, 2550001, 435178933, 47566000, 485294934
30000, 30000, 0, 0, dp_25.000000, 37528, 1216, 123748.725689, inf, 173.41040462427745, 2170.3596540895824, 86706.48206, 16336.34011, 0.851968, 2745.346274, 17077.347198, 882.358079, 4325, 4, 10350001, 410041035, 205087700, 625478736, 37122, 703, 100997.59842099999, inf, 348.83720930232556, 3120.2658237253595, 82719.973311, 6964.376424, 0.189916, 1534.815395, 9672.646598, 105.596777, 2150, 5, 5130001, 423868087, 91851022, 520849110, 36479, 414, 95724.25062499999, inf, 697.6744186046511, 4444.640444928524, 84165.053131, 5119.251845, 0.051767, 865.817033, 5561.328031, 12.748818, 1075, 8, 2550001, 435178933, 52724710, 490453644
30000, 30000, 0, 0, dp_27.000000, 37528, 1216, 118745.94024599998, inf, 173.41040462427745, 2170.3596540895824, 86706.48206, 9907.959464, 0.717677, 2745.346274, 18363.533615, 1021.901156, 4671, 3, 10350001, 410041035, 179493308, 599884344, 37122, 703, 102693.918252, inf, 348.83720930232556, 3120.2658237253595, 82719.973311, 7971.115424, 0.188133, 1534.815395, 10344.357583, 123.468406, 2322, 5, 5130001, 423868087, 102160530, 531158618, 36479, 414, 95233.20684999999, inf, 697.6744186046511, 4444.640444928524, 84165.053131, 4238.57461, 0.048962, 865.817033, 5948.805036, 14.908078, 1161, 7, 2550001, 435178933, 51012949, 488741883
30000, 30000, 0, 0, dp_29.000000, 37528, 1216, 122057.76152399999, inf, 173.41040462427745, 2170.3596540895824, 86706.48206, 11776.323117, 0.885391, 2745.346274, 19649.225249, 1179.499433, 5017, 3, 10350001, 410041035, 200250886, 620641922, 37122, 703, 104398.94662399999, inf, 348.83720930232556, 3120.2658237253595, 82719.973311, 8987.600975, 0.198071, 1534.815395, 11013.272664, 143.086208, 2494, 5, 5130001, 423868087, 112470038, 541468126, 36479, 414, 96179.47863399998, inf, 697.6744186046511, 4444.640444928524, 84165.053131, 4782.238084, 0.049934, 865.817033, 6348.885085, 17.435367, 1247, 7, 2550001, 435178933, 56171659, 493900593
30000, 30000, 0, 0, dp_3.000000, 37583, 1271, 95097.88750899998, inf, 173.41040462427745, 2170.3596540895824, 86706.48206, 3882.184994, 0.752402, 2745.346274, 1754.633619, 8.48816, 519, 435, 10350001, 410041035, 26614410, 447005446, 37176, 757, 87266.95710099999, inf, 348.83720930232556, 3120.2658237253595, 82719.973311, 2027.812692, 0.220223, 1534.815395, 983.066165, 1.069315, 258, 323, 5130001, 423868087, 13080774, 442078862, 36503, 438, 86664.41248499998, inf, 697.6744186046511, 4444.640444928524, 84165.053131, 1069.334687, 0.057538, 865.817033, 563.964047, 0.186049, 129, 174, 2550001, 435178933, 6481384, 444210318
30000, 30000, 0, 0, dp_31.000000, 37528, 1216, 125398.113627, inf, 173.41040462427745, 2170.3596540895824, 86706.48206, 13675.423064, 0.870493, 2745.346274, 20916.085789, 1353.905947, 5363, 3, 10350001, 410041035, 221008464, 641399500, 37122, 703, 106093.445143, inf, 348.83720930232556, 3120.2658237253595, 82719.973311, 10003.025666, 0.189496, 1534.815395, 11671.892556, 163.548719, 2666, 5, 5130001, 423868087, 122779546, 551777634, 36479, 414, 97123.38414299999, inf, 697.6744186046511, 4444.640444928524, 84165.053131, 5319.331389, 0.049252, 865.817033, 6753.328498, 19.80484, 1333, 7, 2550001, 435178933, 61330369, 499059303
30000, 30000, 0, 0, dp_33.000000, 37528, 1216, 128794.49828599999, inf, 173.41040462427745, 2170.3596540895824, 86706.48206, 15572.648263, 0.885574, 2745.346274, 22226.356723, 1542.779392, 5709, 3, 10350001, 410041035, 241766042, 662157078, 37122, 703, 107834.69287099999, inf, 348.83720930232556, 3120.2658237253595, 82719.973311, 11044.993252, 0.225222, 1534.815395, 12348.979378, 185.706313, 2838, 5, 5130001, 423868087, 133089054, 562087142, 36479, 414, 98047.603033, inf, 697.6744186046511, 4444.640444928524, 84165.053131, 5845.93987, 0.050786, 865.817033, 7148.297812, 22.444401, 1419, 7, 2550001, 435178933, 66489079, 504218013
30000, 30000, 0, 0, dp_35.000000, 37528, 1216, 132180.90443, inf, 173.41040462427745, 2170.3596540895824, 86706.48206, 17482.818309, 0.892006, 2745.346274, 23522.548812, 1722.816969, 6055, 3, 10350001, 410041035, 262523620, 682914656, 37122, 703, 104390.144354, inf, 348.83720930232556, 3120.2658237253595, 82719.973311, 6906.800264, 0.187302, 1534.815395, 13018.703938, 209.664144, 3010, 4, 5130001, 423868087, 116958512, 545956600, 36479, 414, 96965.47209699999, inf, 697.6744186046511, 4444.640444928524, 84165.053131, 4328.195698, 0.050275, 865.817033, 7580.925339, 25.430621, 1505, 6, 2550001, 435178933, 61592722, 499321656
30000, 30000, 0, 0, dp_37.000000, 37528, 1216, 135596.708454, inf, 173.41040462427745, 2170.3596540895824, 86706.48206, 19349.710104, 0.708059, 2745.346274, 24866.788885, 1927.673072, 6401, 3, 10350001, 410041035, 283281198, 703672234, 37122, 703, 106171.40479899998, inf, 348.83720930232556, 3120.2658237253595, 82719.973311, 7941.464383, 0.189856, 1534.815395, 13738.962321, 235.999533, 3182, 4, 5130001, 423868087, 127268020, 556266108, 36479, 414, 97846.325191, inf, 697.6744186046511, 4444.640444928524, 84165.053131, 4867.27163, 0.049563, 865.817033, 7919.807023, 28.326811, 1591, 6, 2550001, 435178933, 66751432, 504480366
30000, 30000, 0, 0, dp_39.000000, 37528, 1216, 138950.692364, inf, 173.41040462427745, 2170.3596540895824, 86706.48206, 21306.761425, 0.713599, 2745.346274, 26035.352195, 2156.036811, 6747, 3, 10350001, 410041035, 304038776, 724429812, 37122, 703, 108038.267937, inf, 348.83720930232556, 3120.2658237253595, 82719.973311, 9002.345581, 0.184266, 1534.815395, 14517.776259, 263.173125, 3354, 4, 5130001, 423868087, 137577528, 566575616, 36479, 414, 98714.298965, inf, 697.6744186046511, 4444.640444928524, 84165.053131, 5395.754748, 0.052338, 865.817033, 8255.924612, 31.697103, 1677, 6, 2550001, 435178933, 71910142, 509639076
30000, 30000, 0, 0, dp_5.000000, 37541, 1229, 99007.70511299999, inf, 173.41040462427745, 2170.3596540895824, 86706.48206, 6187.81689, 0.783451, 2745.346274, 3338.329474, 28.946964, 865, 127, 10350001, 410041035, 47842223, 468233259, 37144, 725, 89420.144121, inf, 348.83720930232556, 3120.2658237253595, 82719.973311, 3269.155215, 0.184265, 1534.815395, 1892.594348, 3.421587, 430, 164, 5130001, 423868087, 23541446, 452539534, 36492, 427, 87853.99834299998, inf, 697.6744186046511, 4444.640444928524, 84165.053131, 1728.677182, 0.052078, 865.817033, 1093.89294, 0.505979, 215, 100, 2550001, 435178933, 11676448, 449405382
30000, 30000, 0, 0, dp_7.000000, 37529, 1217, 102581.9629, inf, 173.41040462427745, 2170.3596540895824, 86706.48206, 8199.282823, 0.833692, 2745.346274, 4868.946026, 61.072025, 1211, 19, 10350001, 410041035, 68432005, 488823041, 37130, 711, 91425.590982, inf, 348.83720930232556, 3120.2658237253595, 82719.973311, 4421.56653, 0.187472, 1534.815395, 2741.695864, 7.35241, 602, 83, 5130001, 423868087, 33999466, 462997554, 36486, 421, 88956.014188, inf, 697.6744186046511, 4444.640444928524, 84165.053131, 2334.806351, 0.05345, 865.817033, 1589.278827, 1.005396, 301, 61, 2550001, 435178933, 16788031, 454516965
30000, 30000, 0, 0, dp_9.000000, 37528, 1216, 104925.306279, inf, 173.41040462427745, 2170.3596540895824, 86706.48206, 9029.600829, 0.833352, 2745.346274, 6337.042049, 106.001715, 1557, 7, 10350001, 410041035, 82830976, 503222012, 37123, 704, 93357.874905, inf, 348.83720930232556, 3120.2658237253595, 82719.973311, 5480.078304, 0.190417, 1534.815395, 3610.30469, 12.512788, 774, 30, 5130001, 423868087, 44264475, 473262563, 36481, 416, 90057.706237, inf, 697.6744186046511, 4444.640444928524, 84165.053131, 2933.473123, 0.055053, 865.817033, 2091.699422, 1.608475, 387, 35, 2550001, 435178933, 21989071, 459718005
30000, 30000, 0, 0, fixed_reps_1, 37724, 1412, 90883.46880399999, inf, 173.41040462427745, 2170.3596540895824, 86706.48206, 1426.483244, 0.835927, 2745.346274, 4.321299, 0, 173, 1461, 10350001, 410041035, 5423405, 425814441, 37257, 838, 85030.038575, inf, 348.83720930232556, 3120.2658237253595, 82719.973311, 768.646989, 0.183745, 1534.815395, 6.419135, 0, 86, 774, 5130001, 423868087, 2650041, 431648129, 36554, 489, 85451.09362999999, inf, 697.6744186046511, 4444.640444928524, 84165.053131, 413.730168, 0.060624, 865.817033, 6.432674, 0, 43, 423, 2550001, 435178933, 1310329, 439039263
30000, 30000, 0, 0, fixed_reps_11, 37554, 1242, 104903.42326899999, inf, 173.41040462427745, 2170.3596540895824, 86706.48206, 15384.728171, 0.86439, 2745.346274, 66.002374, 0, 1903, 255, 10350001, 410041035, 59655725, 480046761, 37149, 730, 92499.90988099999, inf, 348.83720930232556, 3120.2658237253595, 82719.973311, 8178.210294, 0.227697, 1534.815395, 66.683184, 0, 946, 261, 5130001, 423868087, 29149591, 458147679, 36491, 426, 89645.06826599999, inf, 697.6744186046511, 4444.640444928524, 84165.053131, 4537.991526, 0.06393, 865.817033, 76.142646, 0, 473, 153, 2550001, 435178933, 14413189, 452142123
30000, 30000, 0, 0, fixed_reps_13, 37550, 1238, 107679.20159099999, inf, 173.41040462427745, 2170.3596540895824, 86706.48206, 18148.926799, 0.68838, 2745.346274, 77.758078, 0, 2249, 201, 10350001, 410041035, 70502189, 490893225, 37143, 724, 93960.38788399998, inf, 348.83720930232556, 3120.2658237253595, 82719.973311, 9625.881168, 0.21882, 1534.815395, 79.49919, 0, 1118, 219, 5130001, 423868087, 34449501, 463447589, 36491, 426, 90454.958842, inf, 697.6744186046511, 4444.640444928524, 84165.053131, 5334.175737, 0.053631, 865.817033, 89.85931, 0, 559, 142, 2550001, 435178933, 17033761, 454762695
30000, 30000, 0, 0, fixed_reps_15, 37542, 1230, 110406.66783399999, inf, 173.41040462427745, 2170.3596540895824, 86706.48206, 20864.52554, 0.874529, 2745.346274, 89.439431, 0, 2595, 162, 10350001, 410041035, 81348653, 501739689, 37141, 722, 95443.46704699998, inf, 348.83720930232556, 3120.2658237253595, 82719.973311, 11096.289597, 0.188343, 1534.815395, 92.200401, 0, 1290, 179, 5130001, 423868087, 39749411, 468747499, 36490, 425, 91257.811038, inf, 697.6744186046511, 4444.640444928524, 84165.053131, 6123.932856, 0.041117, 865.817033, 102.966901, 0, 645, 111, 2550001, 435178933, 19654333, 457383267
30000, 30000, 0, 0, fixed_reps_17, 37537, 1225, 113166.58049499999, inf, 173.41040462427745, 2170.3596540895824, 86706.48206, 23613.875403, 0.853019, 2745.346274, 100.023739, 0, 2941, 131, 10350001, 410041035, 92195117, 512586153, 37137, 718, 96908.68597199999, inf, 348.83720930232556, 3120.2658237253595, 82719.973311, 12550.380341, 0.186921, 1534.815395, 103.330004, 0, 1462, 142, 5130001, 423868087, 45049321, 474047409, 36488, 423, 92070.05457699999, inf, 697.6744186046511, 4444.640444928524, 84165.053131, 6919.95312, 0.061555, 865.817033, 119.169738, 0, 731, 88, 2550001, 435178933, 22274905, 460003839
30000, 30000, 0, 0, fixed_reps_19, 37536, 1224, 115875.365043, inf, 173.41040462427745, 2170.3596540895824, 86706.48206, 26310.327516, 0.844203, 2745.346274, 112.36499, 0, 3287, 117, 10350001, 410041035, 103041581, 523432617, 37137, 718, 98371.246183, inf, 348.83720930232556, 3120.2658237253595, 82719.973311, 14001.807983, 0.223579, 1534.815395, 114.425915, 0, 1634, 116, 5130001, 423868087, 50349231, 479347319, 36487, 422, 92880.773037, inf, 697.6744186046511, 4444.640444928524, 84165.053131, 7717.694914, 0.056075, 865.817033, 132.151884, 0, 817, 84, 2550001, 435178933, 24895477, 462624411
30000, 30000, 0, 0, fixed_reps_21, 37531, 1219, 118612.420667, inf, 173.41040462427745, 2170.3596540895824, 86706.48206, 29035.891874, 0.852037, 2745.346274, 123.848422, 0, 3633, 106, 10350001, 410041035, 113888045, 534279081, 37137, 718, 99855.8309, inf, 348.83720930232556, 3120.2658237253595, 82719.973311, 15474.950831, 0.240671, 1534.815395, 125.850692, 0, 1806, 114, 5130001, 423868087, 55649141, 484647229, 36487, 422, 93743.88803899998, inf, 697.6744186046511, 4444.640444928524, 84165.053131, 8570.121561, 0.078908, 865.817033, 142.817406, 0, 903, 81, 2550001, 435178933, 27516049, 465244983
30000, 30000, 0, 0, fixed_reps_23, 37531, 1219, 121735.48061899998, inf, 173.41040462427745, 2170.3596540895824, 86706.48206, 32146.94974, 0.876423, 2745.346274, 135.826122, 0, 3979, 83, 10350001, 410041035, 124734509, 545125545, 37137, 718, 101334.20942999999, inf, 348.83720930232556, 3120.2658237253595, 82719.973311, 16939.911547, 0.221836, 1534.815395, 139.287341, 0, 1978, 107, 5130001, 423868087, 60949051, 489947139, 36487, 422, 94499.24003, inf, 697.6744186046511, 4444.640444928524, 84165.053131, 9311.765384, 0.058189, 865.817033, 156.546293, 0, 989, 79, 2550001, 435178933, 30136621, 467865555
30000, 30000, 0, 0, fixed_reps_25, 37531, 1219, 124401.05657299998, inf, 173.41040462427745, 2170.3596540895824, 86706.48206, 34801.61176, 0.88031, 2745.346274, 146.736169, 0, 4325, 72, 10350001, 410041035, 135580973, 555972009, 37132, 713, 102751.700644, inf, 348.83720930232556, 3120.2658237253595, 82719.973311, 18345.422531, 0.18636, 1534.815395, 151.303047, 0, 2150, 94, 5130001, 423868087, 66248961, 495247049, 36486, 421, 95301.53287199998, inf, 697.6744186046511, 4444.640444928524, 84165.053131, 10100.58304, 0.04224, 865.817033, 170.037428, 0, 1075, 78, 2550001, 435178933, 32757193, 470486127
30000, 30000, 0, 0, fixed_reps_27, 37529, 1217, 126738.633267, inf, 173.41040462427745, 2170.3596540895824, 86706.48206, 37129.82029, 0.866074, 2745.346274, 156.118569, 0, 4671, 64, 10350001, 410041035, 146427437, 566818473, 37130, 711, 104237.995432, inf, 348.83720930232556, 3120.2658237253595, 82719.973311, 19820.191724, 0.22368, 1534.815395, 162.791322, 0, 2322, 82, 5130001, 423868087, 71548871, 500546959, 36485, 420, 96096.39173799999, inf, 697.6744186046511, 4444.640444928524, 84165.053131, 10882.496089, 0.046697, 865.817033, 182.978788, 0, 1161, 69, 2550001, 435178933, 35377765, 473106699
30000, 30000, 0, 0, fixed_reps_29, 37529, 1217, 129499.282307, inf, 173.41040462427745, 2170.3596540895824, 86706.48206, 39879.533891, 0.839084, 2745.346274, 167.080998, 0, 5017, 62, 10350001, 410041035, 157273901, 577664937, 37128, 709, 105715.54019999999, inf, 348.83720930232556, 3120.2658237253595, 82719.973311, 21284.058966, 0.183514, 1534.815395, 176.509014, 0, 2494, 77, 5130001, 423868087, 76848781, 505846869, 36485, 420, 96902.12699899999, inf, 697.6744186046511, 4444.640444928524, 84165.053131, 11674.690867, 0.04298, 865.817033, 196.522988, 0, 1247, 69, 2550001, 435178933, 37998337, 475727271
30000, 30000, 0, 0, fixed_reps_3, 37629, 1317, 93758.469711, inf, 173.41040462427745, 2170.3596540895824, 86706.48206, 4288.472063, 0.819075, 2745.346274, 17.350239, 0, 519, 913, 10350001, 410041035, 16269869, 436660905, 37197, 778, 86546.473549, inf, 348.83720930232556, 3120.2658237253595, 82719.973311, 2276.542988, 0.182222, 1534.815395, 14.959633, 0, 258, 510, 5130001, 423868087, 7949951, 436948039, 36514, 449, 86300.04937899999, inf, 697.6744186046511, 4444.640444928524, 84165.053131, 1246.635306, 0.049904, 865.817033, 22.494005, 0, 129, 263, 2550001, 435178933, 3930901, 441659835
30000, 30000, 0, 0, fixed_reps_31, 37529, 1217, 132195.860163, inf, 173.41040462427745, 2170.3596540895824, 86706.48206, 42564.69053, 0.828282, 2745.346274, 178.513017, 0, 5363, 55, 10350001, 410041035, 168120365, 588511401, 37125, 706, 107170.070564, inf, 348.83720930232556, 3120.2658237253595, 82719.973311, 22727.152409, 0.224171, 1534.815395, 187.905278, 0, 2666, 66, 5130001, 423868087, 82148691, 511146779, 36485, 420, 97707.930903, inf, 697.6744186046511, 4444.640444928524, 84165.053131, 12466.602687, 0.057317, 865.817033, 210.400735, 0, 1333, 65, 2550001, 435178933, 40618909, 478347843
30000, 30000, 0, 0, fixed_reps_33, 37529, 1217, 134904.08974499998, inf, 173.41040462427745, 2170.3596540895824, 86706.48206, 45261.712663, 0.828563, 2745.346274, 189.720185, 0, 5709, 50, 10350001, 410041035, 178966829, 599357865, 37125, 706, 108567.87820999998, inf, 348.83720930232556, 3120.2658237253595, 82719.973311, 24114.95927, 0.191499, 1534.815395, 197.938735, 0, 2838, 56, 5130001, 423868087, 87448601, 516446689, 36485, 420, 98540.97333400001, inf, 697.6744186046511, 4444.640444928524, 84165.053131, 13284.27289, 0.052548, 865.817033, 225.777732, 0, 1419, 50, 2550001, 435178933, 43239481, 480968415
30000, 30000, 0, 0, fixed_reps_35, 37529, 1217, 137631.75783, inf, 173.41040462427745, 2170.3596540895824, 86706.48206, 47978.842982, 0.832311, 2745.346274, 200.254203, 0, 6055, 46, 10350001, 410041035, 189813293, 610204329, 37123, 704, 109995.34220999999, inf, 348.83720930232556, 3120.2658237253595, 82719.973311, 25530.825994, 0.226966, 1534.815395, 209.500544, 0, 3010, 50, 5130001, 423868087, 92748511, 521746599, 36483, 418, 99290.101283, inf, 697.6744186046511, 4444.640444928524, 84165.053131, 14022.134348, 0.061495, 865.817033, 237.035276, 0, 1505, 46, 2550001, 435178933, 45860053, 483588987
30000, 30000, 0, 0, fixed_reps_37, 37529, 1217, 140391.044693, inf, 173.41040462427745, 2170.3596540895824, 86706.48206, 50726.543493, 0.809528, 2745.346274, 211.863338, 0, 6401, 36, 10350001, 410041035, 200659757, 621050793, 37122, 703, 111548.66311999998, inf, 348.83720930232556, 3120.2658237253595, 82719.973311, 27071.834722, 0.229931, 1534.815395, 221.809761, 0, 3182, 35, 5130001, 423868087, 98048421, 527046509, 36482, 417, 100085.236713, inf, 697.6744186046511, 4444.640444928524, 84165.053131, 14803.593821, 0.051988, 865.817033, 250.72074, 0, 1591, 39, 2550001, 435178933, 48480625, 486209559
30000, 30000, 0, 0, fixed_reps_39, 37528, 1216, 143089.26819, inf, 173.41040462427745, 2170.3596540895824, 86706.48206, 53413.961815, 0.847791, 2745.346274, 222.63025, 0, 6747, 33, 10350001, 410041035, 211506221, 631897257, 37122, 703, 113003.73245, inf, 348.83720930232556, 3120.2658237253595, 82719.973311, 28516.374213, 0.242034, 1534.815395, 232.327497, 0, 3354, 35, 5130001, 423868087, 103348331, 532346419, 36482, 417, 100873.11642399999, inf, 697.6744186046511, 4444.640444928524, 84165.053131, 15579.957667, 0.047559, 865.817033, 262.241034, 0, 1677, 37, 2550001, 435178933, 51101197, 488830131
30000, 30000, 0, 0, fixed_reps_41, 37528, 1216, 145816.223874, inf, 173.41040462427745, 2170.3596540895824, 86706.48206, 56130.606704, 0.832102, 2745.346274, 232.956734, 0, 7093, 27, 10350001, 410041035, 222352685, 642743721, 37122, 703, 114449.67178499998, inf, 348.83720930232556, 3120.2658237253595, 82719.973311, 29950.285573, 0.184656, 1534.815395, 244.41285, 0, 3526, 32, 5130001, 423868087, 108648241, 537646329, 36482, 417, 101693.36360099999, inf, 697.6744186046511, 4444.640444928524, 84165.053131, 16385.934484, 0.060012, 865.817033, 276.498941, 0, 1763, 37, 2550001, 435178933, 53721769, 491450703
30000, 30000, 0, 0, fixed_reps_5, 37594, 1282, 96556.04158699999, inf, 173.41040462427745, 2170.3596540895824, 86706.48206, 7073.4416, 0.852267, 2745.346274, 29.919386, 0, 865, 636, 10350001, 410041035, 27116333, 447507369, 37176, 757, 88084.905051, inf, 348.83720930232556, 3120.2658237253595, 82719.973311, 3801.291112, 0.188484, 1534.815395, 28.636749, 0, 430, 434, 5130001, 423868087, 13249861, 442247949, 36505, 440, 87153.330348, inf, 697.6744186046511, 4444.640444928524, 84165.053131, 2084.935721, 0.050325, 865.817033, 37.474138, 0, 215, 220, 2550001, 435178933, 6551473, 444280407
30000, 30000, 0, 0, fixed_reps_7, 37568, 1256, 99340.544008, inf, 173.41040462427745, 2170.3596540895824, 86706.48206, 9846.186094, 0.769161, 2745.346274, 41.760419, 0, 1211, 437, 10350001, 410041035, 37962797, 458353833, 37162, 743, 89579.83934799998, inf, 348.83720930232556, 3120.2658237253595, 82719.973311, 5283.031771, 0.18129, 1534.815395, 41.837581, 0, 602, 358, 5130001, 423868087, 18549771, 447547859, 36496, 431, 87988.04104099999, inf, 697.6744186046511, 4444.640444928524, 84165.053131, 2903.47133, 0.05333, 865.817033, 53.646217, 0, 301, 194, 2550001, 435178933, 9172045, 446900979
30000, 30000, 0, 0, fixed_reps_9, 37560, 1248, 102109.54233, inf, 173.41040462427745, 2170.3596540895824, 86706.48206, 12602.867832, 0.709289, 2745.346274, 54.136875, 0, 1557, 322, 10350001, 410041035, 48809261, 469200297, 37153, 734, 91073.30166599998, inf, 348.83720930232556, 3120.2658237253595, 82719.973311, 6764.485915, 0.257744, 1534.815395, 53.769301, 0, 774, 308, 5130001, 423868087, 23849681, 452847769, 36495, 430, 88802.61103299998, inf, 697.6744186046511, 4444.640444928524, 84165.053131, 3704.843472, 0.043662, 865.817033, 66.853735, 0, 387, 168, 2550001, 435178933, 11792617, 449521551
30000, 30000, 0, 0, greedy_1.000000, 37724, 1412, 90871.204934, inf, 173.41040462427745, 2170.3596540895824, 86706.48206, 1414.646032, 0.75132, 2745.346274, 3.971834, 0.007414, 173, 1461, 10350001, 410041035, 5423405, 425814441, 37257, 838, 85017.804022, inf, 348.83720930232556, 3120.2658237253595, 82719.973311, 756.493915, 0.187231, 1534.815395, 6.329972, 0.004198, 86, 774, 5130001, 423868087, 2650041, 431648129, 36554, 489, 85445.58470699999, inf, 697.6744186046511, 4444.640444928524, 84165.053131, 408.30857, 0.051377, 865.817033, 6.352192, 0.002404, 43, 423, 2550001, 435178933, 1310329, 439039263
30000, 30000, 0, 0, greedy_11.000000, 37575, 1263, 100909.474741, inf, 173.41040462427745, 2170.3596540895824, 86706.48206, 3605.190178, 0.823634, 2745.346274, 7851.251711, 0.380884, 1903, 772, 10350001, 410041035, 66098534, 486489570, 37168, 749, 90229.04475199999, inf, 348.83720930232556, 3120.2658237253595, 82719.973311, 1587.991755, 0.196078, 1534.815395, 4385.944571, 0.123642, 946, 523, 5130001, 423868087, 31423999, 460422087, 36502, 437, 88394.80882399999, inf, 697.6744186046511, 4444.640444928524, 84165.053131, 834.615663, 0.052879, 865.817033, 2529.237367, 0.032751, 473, 235, 2550001, 435178933, 15683341, 453412275
30000, 30000, 0, 0, greedy_13.000000, 37572, 1260, 102305.588551, inf, 173.41040462427745, 2170.3596540895824, 86706.48206, 3709.082087, 0.680395, 2745.346274, 9143.478491, 0.519244, 2249, 771, 10350001, 410041035, 76950132, 497341168, 37162, 743, 91069.51537299999, inf, 348.83720930232556, 3120.2658237253595, 82719.973311, 1635.910718, 0.184286, 1534.815395, 5178.486792, 0.144871, 1118, 523, 5130001, 423868087, 36736047, 465734135, 36500, 435, 88892.568636, inf, 697.6744186046511, 4444.640444928524, 84165.053131, 854.520087, 0.052698, 865.817033, 3007.088357, 0.03733, 559, 235, 2550001, 435178933, 18306169, 456035103
30000, 30000, 0, 0, greedy_15.000000, 37567, 1255, 103820.86742999998, inf, 173.41040462427745, 2170.3596540895824, 86706.48206, 3834.123234, 0.679474, 2745.346274, 10533.703889, 0.532499, 2595, 771, 10350001, 410041035, 87801730, 508192766, 37158, 739, 91937.051227, inf, 348.83720930232556, 3120.2658237253595, 82719.973311, 1689.110576, 0.187772, 1534.815395, 5992.800046, 0.164127, 1290, 523, 5130001, 423868087, 42048095, 471046183, 36499, 434, 89383.098885, inf, 697.6744186046511, 4444.640444928524, 84165.053131, 874.13597, 0.052869, 865.817033, 3477.995388, 0.044494, 645, 235, 2550001, 435178933, 20928997, 458657931
30000, 30000, 0, 0, greedy_17.000000, 37563, 1251, 105248.57301799998, inf, 173.41040462427745, 2170.3596540895824, 86706.48206, 3924.098778, 0.702527, 2745.346274, 11871.285276, 0.658103, 2941, 771, 10350001, 410041035, 98653328, 519044364, 37157, 738, 92676.78711599999, inf, 348.83720930232556, 3120.2658237253595, 82719.973311, 1733.123556, 0.188193, 1534.815395, 6688.502716, 0.183945, 1462, 522, 5130001, 423868087, 47360143, 476358231, 36498, 433, 89797.29154499999, inf, 697.6744186046511, 4444.640444928524, 84165.053131, 889.875716, 0.052528, 865.817033, 3876.438775, 0.054362, 731, 234, 2550001, 435178933, 23551825, 461280759
30000, 30000, 0, 0, greedy_19.000000, 37558, 1246, 106762.18450799999, inf, 173.41040462427745, 2170.3596540895824, 86706.48206, 4033.36761, 0.712074, 2745.346274, 13275.558564, 0.717926, 3287, 771, 10350001, 410041035, 109504926, 529895962, 37156, 737, 93444.43327199997, inf, 348.83720930232556, 3120.2658237253595, 82719.973311, 1774.502671, 0.185869, 1534.815395, 7414.748688, 0.207338, 1634, 522, 5130001, 423868087, 52672191, 481670279, 36497, 432, 90263.95202799999, inf, 697.6744186046511, 4444.640444928524, 84165.053131, 910.284276, 0.051647, 865.817033, 4322.693863, 0.052078, 817, 234, 2550001, 435178933, 26174653, 463903587
30000, 30000, 0, 0, greedy_21.000000, 37555, 1243, 108271.839946, inf, 173.41040462427745, 2170.3596540895824, 86706.48206, 4162.666811, 0.704822, 2745.346274, 14655.827596, 0.812383, 3633, 771, 10350001, 410041035, 120356524, 540747560, 37155, 736, 94228.98134399999, inf, 348.83720930232556, 3120.2658237253595, 82719.973311, 1817.704457, 0.187231, 1534.815395, 8156.069496, 0.231454, 1806, 522, 5130001, 423868087, 57984239, 486982327, 36496, 431, 90712.567039, inf, 697.6744186046511, 4444.640444928524, 84165.053131, 926.229057, 0.05342, 865.817033, 4755.350298, 0.0641, 903, 234, 2550001, 435178933, 28797481, 466526415
30000, 30000, 0, 0, greedy_23.000000, 37554, 1242, 109557.304482, inf, 173.41040462427745, 2170.3596540895824, 86706.48206, 4259.368721, 0.696997, 2745.346274, 15844.340564, 1.069866, 3979, 770, 10350001, 410041035, 131208122, 551599158, 37154, 735, 95026.080574, inf, 348.83720930232556, 3120.2658237253595, 82719.973311, 1866.320386, 0.198743, 1534.815395, 8904.505147, 0.267592, 1978, 522, 5130001, 423868087, 63296287, 492294375, 36496, 431, 91161.58822299998, inf, 697.6744186046511, 4444.640444928524, 84165.053131, 943.124881, 0.052138, 865.817033, 5187.477741, 0.063299, 989, 234, 2550001, 435178933, 31420309, 469149243
30000, 30000, 0, 0, greedy_25.000000, 37554, 1242, 110862.829425, inf, 173.41040462427745, 2170.3596540895824, 86706.48206, 4331.828982, 0.854642, 2745.346274, 17077.347198, 0.970269, 4325, 770, 10350001, 410041035, 142059720, 562450756, 37154, 735, 95836.012191, inf, 348.83720930232556, 3120.2658237253595, 82719.973311, 1908.118157, 0.187992, 1534.815395, 9672.646598, 0.270738, 2150, 522, 5130001, 423868087, 68608335, 497606423, 36496, 431, 91549.542907, inf, 697.6744186046511, 4444.640444928524, 84165.053131, 957.213906, 0.05289, 865.817033, 5561.328031, 0.077916, 1075, 233, 2550001, 435178933, 34043137, 471772071
30000, 30000, 0, 0, greedy_27.000000, 37554, 1242, 112250.13986999998, inf, 173.41040462427745, 2170.3596540895824, 86706.48206, 4433.0383, 0.708308, 2745.346274, 18363.533615, 1.031313, 4671, 770, 10350001, 410041035, 152911318, 573302354, 37154, 735, 96555.92144199999, inf, 348.83720930232556, 3120.2658237253595, 82719.973311, 1956.290555, 0.193122, 1534.815395, 10344.357583, 0.291476, 2322, 521, 5130001, 423868087, 73920383, 502918471, 36496, 431, 91950.900772, inf, 697.6744186046511, 4444.640444928524, 84165.053131, 971.106418, 0.05292, 865.817033, 5948.805036, 0.066234, 1161, 233, 2550001, 435178933, 36665965, 474394899
30000, 30000, 0, 0, greedy_29.000000, 37553, 1241, 113634.05158599999, inf, 173.41040462427745, 2170.3596540895824, 86706.48206, 4531.139946, 0.696116, 2745.346274, 19649.225249, 1.161941, 5017, 770, 10350001, 410041035, 163762916, 584153952, 37152, 733, 97262.66125499998, inf, 348.83720930232556, 3120.2658237253595, 82719.973311, 1994.08566, 0.188554, 1534.815395, 11013.272664, 0.325671, 2494, 521, 5130001, 423868087, 79232431, 508230519, 36495, 430, 92369.164633, inf, 697.6744186046511, 4444.640444928524, 84165.053131, 989.265654, 0.062708, 865.817033, 6348.885085, 0.081022, 1247, 233, 2550001, 435178933, 39288793, 477017727
30000, 30000, 0, 0, greedy_3.000000, 37613, 1301, 94253.703429, inf, 173.41040462427745, 2170.3596540895824, 86706.48206, 3046.467724, 0.685316, 2745.346274, 1754.633619, 0.088436, 519, 775, 10350001, 410041035, 22692142, 443083178, 37200, 781, 86594.369463, inf, 348.83720930232556, 3120.2658237253595, 82719.973311, 1356.296283, 0.188704, 1534.815395, 983.066165, 0.029605, 258, 527, 5130001, 423868087, 10175807, 439173895, 36511, 446, 86347.034997, inf, 697.6744186046511, 4444.640444928524, 84165.053131, 752.12285, 0.065303, 865.817033, 563.964047, 0.012633, 129, 239, 2550001, 435178933, 5192029, 442920963
30000, 30000, 0, 0, greedy_31.000000, 37553, 1241, 115006.864453, inf, 173.41040462427745, 2170.3596540895824, 86706.48206, 4637.038795, 0.70407, 2745.346274, 20916.085789, 1.207465, 5363, 770, 10350001, 410041035, 174614514, 595005550, 37152, 733, 97954.994102, inf, 348.83720930232556, 3120.2658237253595, 82719.973311, 2027.789317, 0.18622, 1534.815395, 11671.892556, 0.337303, 2666, 521, 5130001, 423868087, 84544479, 513542567, 36494, 429, 92791.509567, inf, 697.6744186046511, 4444.640444928524, 84165.053131, 1007.184638, 0.050565, 865.817033, 6753.328498, 0.075702, 1333, 233, 2550001, 435178933, 41911621, 479640555
30000, 30000, 0, 0, greedy_33.000000, 37553, 1241, 116408.208472, inf, 173.41040462427745, 2170.3596540895824, 86706.48206, 4728.068518, 0.68768, 2745.346274, 22226.356723, 1.267217, 5709, 770, 10350001, 410041035, 185466112, 605857148, 37152, 733, 98668.72785099999, inf, 348.83720930232556, 3120.2658237253595, 82719.973311, 2064.404816, 0.190858, 1534.815395, 12348.979378, 0.364093, 2838, 521, 5130001, 423868087, 89856527, 518854615, 36494, 429, 93200.80979500001, inf, 697.6744186046511, 4444.640444928524, 84165.053131, 1021.509562, 0.051015, 865.817033, 7148.297812, 0.081242, 1419, 233, 2550001, 435178933, 44534449, 482263383
30000, 30000, 0, 0, greedy_35.000000, 37551, 1239, 117794.62949099999, inf, 173.41040462427745, 2170.3596540895824, 86706.48206, 4818.169753, 0.714462, 2745.346274, 23522.548812, 1.36813, 6055, 770, 10350001, 410041035, 196317710, 616708746, 37150, 731, 99377.162056, inf, 348.83720930232556, 3120.2658237253595, 82719.973311, 2103.098521, 0.193263, 1534.815395, 13018.703938, 0.377628, 3010, 521, 5130001, 423868087, 95168575, 524166663, 36494, 429, 93651.25850199998, inf, 697.6744186046511, 4444.640444928524, 84165.053131, 1039.31911, 0.050995, 865.817033, 7580.925339, 0.092894, 1505, 233, 2550001, 435178933, 47157277, 484886211
30000, 30000, 0, 0, greedy_37.000000, 37548, 1236, 119250.78416899999, inf, 173.41040462427745, 2170.3596540895824, 86706.48206, 4929.867604, 0.842021, 2745.346274, 24866.788885, 1.457325, 6401, 770, 10350001, 410041035, 207169308, 627560344, 37150, 731, 100144.27749399998, inf, 348.83720930232556, 3120.2658237253595, 82719.973311, 2149.945197, 0.185228, 1534.815395, 13738.962321, 0.396042, 3182, 521, 5130001, 423868087, 100480623, 529478711, 36494, 429, 94002.65332199998, inf, 697.6744186046511, 4444.640444928524, 84165.053131, 1051.8081, 0.053149, 865.817033, 7919.807023, 0.114886, 1591, 232, 2550001, 435178933, 49780105, 487509039
30000, 30000, 0, 0, greedy_39.000000, 37545, 1233, 120539.01074099999, inf, 173.41040462427745, 2170.3596540895824, 86706.48206, 5049.406412, 0.881645, 2745.346274, 26035.352195, 1.542155, 6747, 769, 10350001, 410041035, 218020906, 638411942, 37149, 730, 100959.03461999999, inf, 348.83720930232556, 3120.2658237253595, 82719.973311, 2185.833713, 0.189145, 1534.815395, 14517.776259, 0.446797, 3354, 521, 5130001, 423868087, 105792671, 534790759, 36493, 428, 94349.94797299999, inf, 697.6744186046511, 4444.640444928524, 84165.053131, 1063.007814, 0.049944, 865.817033, 8255.924612, 0.095439, 1677, 232, 2550001, 435178933, 52402933, 490131867
30000, 30000, 0, 0, greedy_5.000000, 37603, 1291, 95994.64052599999, inf, 173.41040462427745, 2170.3596540895824, 86706.48206, 3203.456722, 0.858562, 2745.346274, 3338.329474, 0.167434, 865, 774, 10350001, 410041035, 33543740, 453934776, 37189, 770, 87569.40429499999, inf, 348.83720930232556, 3120.2658237253595, 82719.973311, 1421.780459, 0.190187, 1534.815395, 1892.594348, 0.050595, 430, 525, 5130001, 423868087, 15487855, 444485943, 36505, 440, 86900.326082, inf, 697.6744186046511, 4444.640444928524, 84165.053131, 775.479921, 0.065433, 865.817033, 1093.89294, 0.017624, 215, 237, 2550001, 435178933, 7814857, 445543791
30000, 30000, 0, 0, greedy_7.000000, 37592, 1280, 97665.145215, inf, 173.41040462427745, 2170.3596540895824, 86706.48206, 3343.363856, 0.720701, 2745.346274, 4868.946026, 0.286298, 1211, 773, 10350001, 410041035, 44395338, 464786374, 37182, 763, 88476.35410899999, inf, 348.83720930232556, 3120.2658237253595, 82719.973311, 1479.602849, 0.189195, 1534.815395, 2741.695864, 0.077495, 602, 524, 5130001, 423868087, 20799903, 449797991, 36504, 439, 87417.736727, inf, 697.6744186046511, 4444.640444928524, 84165.053131, 797.51483, 0.049953, 865.817033, 1589.278827, 0.022953, 301, 236, 2550001, 435178933, 10437685, 448166619
30000, 30000, 0, 0, greedy_9.000000, 37582, 1270, 99284.174961, inf, 173.41040462427745, 2170.3596540895824, 86706.48206, 3494.331925, 0.664495, 2745.346274, 6337.042049, 0.308158, 1557, 772, 10350001, 410041035, 55246936, 475637972, 37176, 757, 89401.008839, inf, 348.83720930232556, 3120.2658237253595, 82719.973311, 1535.61451, 0.200295, 1534.815395, 3610.30469, 0.100638, 774, 524, 5130001, 423868087, 26111951, 455110039, 36502, 437, 87939.896388, inf, 697.6744186046511, 4444.640444928524, 84165.053131, 817.249357, 0.048601, 865.817033, 2091.699422, 0.028844, 387, 236, 2550001, 435178933, 13060513, 450789447
30000, 30000, 0, 0, opt, 37528, 1216, 97801.47340899998, inf, 173.41040462427745, 2170.3596540895824, 86706.48206, 8348.804289, 0.840786, 2745.346274, 0, 0, 0, 0, 10350001, 410041035, 40880459, 461271495, 37122, 703, 90115.18361099999, inf, 348.83720930232556, 3120.2658237253595, 82719.973311, 5860.206391, 0.188514, 1534.815395, 0, 0, 0, 0, 5130001, 423868087, 26466076, 455464164, 36479, 414, 88609.441289, inf, 697.6744186046511, 4444.640444928524, 84165.053131, 3578.521161, 0.049964, 865.817033, 0, 0, 0, 0, 2550001, 435178933, 14932530, 452661464
30000, 30000, 0, 0, plus_edge, 37649, 1337, 90901.07856899999, inf, 173.41040462427745, 2170.3596540895824, 86706.48206, 1448.412044, 0.838191, 2745.346274, 0, 0, 0, 0, 10350001, 410041035, 5422816, 425813852, 37229, 810, 85032.394055, inf, 348.83720930232556, 3120.2658237253595, 82719.973311, 777.431653, 0.173696, 1534.815395, 0, 0, 0, 0, 5130001, 423868087, 2627180, 431625268, 36539, 474, 85448.563805, inf, 697.6744186046511, 4444.640444928524, 84165.053131, 417.642836, 0.050805, 865.817033, 0, 0, 0, 0, 2550001, 435178933, 1282050, 439010984
30000, 30000, 0, 0, simple, 37724, 1412, 90877.65151099999, inf, 173.41040462427745, 2170.3596540895824, 86706.48206, 1425.156838, 0.666339, 2745.346274, 0, 0, 0, 0, 10350001, 410041035, 5393232, 425784268, 37257, 838, 85022.84744099999, inf, 348.83720930232556, 3120.2658237253595, 82719.973311, 767.839543, 0.219192, 1534.815395, 0, 0, 0, 0, 5130001, 423868087, 2619955, 431618043, 36554, 489, 85446.783626, inf, 697.6744186046511, 4444.640444928524, 84165.053131, 415.86418, 0.049282, 865.817033, 0, 0, 0, 0, 2550001, 435178933, 1280286, 439009220
30000, 30000, 0, 0, dp_1.000000, 37953, 1358, 87130.28979600001, inf, 173.41040462427745, 2147.588299020158, 83160.264185, 1375.959331, 0.632868, 2590.072284, 3.351299, 0.009829, 173, 0, 10350001, 401535877, 5475521, 417361399, 37363, 735, 84309.40587500001, inf, 348.83720930232556, 3109.240937279922, 82146.547648, 693.795934, 0.156002, 1465.624335, 3.275444, 0.006512, 86, 0, 5130001, 420914864, 2660836, 428705701, 36736, 427, 85185.59895, inf, 697.6744186046511, 4450.7957465736035, 84035.740182, 368.630003, 0.033262, 778.18613, 3.005927, 0.003446, 43, 0, 2550001, 436356146, 1308817, 440214964
30000, 30000, 0, 0, dp_11.000000, 37749, 1154, 103974.461857, inf, 173.41040462427745, 2147.588299020158, 83160.264185, 10403.760268, 0.772257, 2590.072284, 7654.766274, 164.826589, 1903, 6, 10350001, 401535877, 99297308, 511183186, 37268, 640, 94243.64123800001, inf, 348.83720930232556, 3109.240937279922, 82146.547648, 6317.105647, 0.210995, 1465.624335, 4295.044756, 19.107857, 946, 10, 5130001, 420914864, 53539210, 479584075, 36643, 334, 90773.465249, inf, 697.6744186046511, 4450.7957465736035, 84035.740182, 3411.749494, 0.041809, 778.18613, 2545.344448, 2.403186, 473, 13, 2550001, 436356146, 26899262, 465805409
30000, 30000, 0, 0, dp_13.000000, 37749, 1154, 104784.05003400001, inf, 173.41040462427745, 2147.588299020158, 83160.264185, 9831.792606, 0.6294, 2590.072284, 8970.677553, 230.614006, 2249, 5, 10350001, 401535877, 107588870, 519474748, 37268, 640, 95168.629767, inf, 348.83720930232556, 3109.240937279922, 82146.547648, 6443.541862, 0.158958, 1465.624335, 5085.828239, 26.928725, 1118, 8, 5130001, 420914864, 59158582, 485203447, 36643, 334, 91429.461254, inf, 697.6744186046511, 4450.7957465736035, 84035.740182, 3603.681438, 0.044604, 778.18613, 3008.415739, 3.393161, 559, 11, 2550001, 436356146, 30404580, 469310727
30000, 30000, 0, 0, dp_15.000000, 37749, 1154, 108987.301293, inf, 173.41040462427745, 2147.588299020158, 83160.264185, 12641.578555, 0.622837, 2590.072284, 10284.579392, 310.18404, 2595, 5, 10350001, 401535877, 128347832, 540233710, 37268, 640, 96998.38075700002, inf, 348.83720930232556, 3109.240937279922, 82146.547648, 7489.725843, 0.159249, 1465.624335, 5859.936196, 36.387486, 1290, 8, 5130001, 420914864, 69472390, 495517255, 36643, 334, 92060.82324000001, inf, 697.6744186046511, 4450.7957465736035, 84035.740182, 3768.006261, 0.044353, 778.18613, 3474.334245, 4.512069, 645, 10, 2550001, 436356146, 33732712, 472638859
30000, 30000, 0, 0, dp_17.000000, 37749, 1154, 113244.282789, inf, 173.41040462427745, 2147.588299020158, 83160.264185, 15414.524032, 0.64554, 2590.072284, 11677.694529, 401.082219, 2941, 5, 10350001, 401535877, 149106794, 560992672, 37268, 640, 97619.527512, inf, 348.83720930232556, 3109.240937279922, 82146.547648, 7417.482626, 0.213481, 1465.624335, 6542.443028, 47.216394, 1462, 7, 5130001, 420914864, 74106510, 500151375, 36643, 334, 92471.02934699999, inf, 697.6744186046511, 4450.7957465736035, 84035.740182, 3762.745659, 0.043732, 778.18613, 3888.479016, 5.834628, 731, 9, 2550001, 436356146, 36204445, 475110592
30000, 30000, 0, 0, dp_19.000000, 37749, 1154, 110888.671942, inf, 173.41040462427745, 2147.588299020158, 83160.264185, 11579.556138, 0.67771, 2590.072284, 13055.048273, 503.053352, 3287, 4, 10350001, 401535877, 145327646, 557213524, 37268, 640, 97823.938605, inf, 348.83720930232556, 3109.240937279922, 82146.547648, 6888.589176, 0.174337, 1465.624335, 7263.501784, 59.501325, 1634, 6, 5130001, 420914864, 76393412, 502438277, 36643, 334, 93438.40119300001, inf, 697.6744186046511, 4450.7957465736035, 84035.740182, 4304.652501, 0.052538, 778.18613, 4312.44503, 7.324812, 817, 9, 2550001, 436356146, 41363499, 480269646
30000, 30000, 0, 0, dp_21.000000, 37749, 1154, 115092.79413200001, inf, 173.41040462427745, 2147.588299020158, 83160.264185, 14334.06749, 0.664696, 2590.072284, 14390.997547, 616.72793, 3633, 4, 10350001, 401535877, 166086608, 577972486, 37268, 640, 99567.73021700002, inf, 348.83720930232556, 3109.240937279922, 82146.547648, 7888.85219, 0.173545, 1465.624335, 7993.149229, 73.38327, 1806, 6, 5130001, 420914864, 86707220, 512752085, 36643, 334, 93372.250413, inf, 697.6744186046511, 4450.7957465736035, 84035.740182, 3797.101725, 0.039774, 778.18613, 4752.200473, 8.982129, 903, 8, 2550001, 436356146, 41413690, 480319837
30000, 30000, 0, 0, dp_23.000000, 37749, 1154, 119182.153133, inf, 173.41040462427745, 2147.588299020158, 83160.264185, 17095.278158, 0.664716, 2590.072284, 15593.10571, 742.76808, 3979, 4, 10350001, 401535877, 186845570, 598731448, 37268, 640, 101357.17390200001, inf, 348.83720930232556, 3109.240937279922, 82146.547648, 8917.025881, 0.169949, 1465.624335, 8739.163289, 88.6428, 1978, 6, 5130001, 420914864, 97021028, 523065893, 36643, 334, 94346.75554099999, inf, 697.6744186046511, 4450.7957465736035, 84035.740182, 4338.728743, 0.052749, 778.18613, 5183.250967, 10.79677, 989, 8, 2550001, 436356146, 46572744, 485478891
30000, 30000, 0, 0, dp_25.000000, 37749, 1154, 123287.804899, inf, 173.41040462427745, 2147.588299020158, 83160.264185, 19823.335033, 0.812965, 2590.072284, 16831.790465, 881.529967, 4325, 4, 10350001, 401535877, 207604532, 619490410, 37268, 640, 100331.624633, inf, 348.83720930232556, 3109.240937279922, 82146.547648, 7137.77265, 0.17059, 1465.624335, 9475.997192, 105.512218, 2150, 5, 5130001, 420914864, 92874814, 518919679, 36643, 334, 93918.72521799999, inf, 697.6744186046511, 4450.7957465736035, 84035.740182, 3542.992246, 0.041918, 778.18613, 5548.997518, 12.767224, 1075, 7, 2550001, 436356146, 45264509, 484170656
30000, 30000, 0, 0, dp_27.000000, 37749, 1154, 127455.649041, inf, 173.41040462427745, 2147.588299020158, 83160.264185, 22573.820065, 0.646373, 2590.072284, 18106.374859, 1024.471275, 4671, 4, 10350001, 401535877, 228363494, 640249372, 37268, 640, 102022.84038900002, inf, 348.83720930232556, 3109.240937279922, 82146.547648, 8162.686386, 0.206948, 1465.624335, 10124.405933, 123.369139, 2322, 5, 5130001, 420914864, 103188622, 529233487, 36643, 334, 94854.804043, inf, 697.6744186046511, 4450.7957465736035, 84035.740182, 4088.969883, 0.04831, 778.18613, 5936.876009, 14.983529, 1161, 7, 2550001, 436356146, 50423563, 489329710
30000, 30000, 0, 0, dp_29.000000, 37749, 1154, 119291.10729799999, inf, 173.41040462427745, 2147.588299020158, 83160.264185, 12986.836889, 0.821061, 2590.072284, 19371.948611, 1181.164268, 5017, 3, 10350001, 401535877, 202851401, 614737279, 37268, 640, 103721.751194, inf, 348.83720930232556, 3109.240937279922, 82146.547648, 9190.294201, 0.171542, 1465.624335, 10776.230491, 142.882977, 2494, 5, 5130001, 420914864, 113502430, 539547295, 36643, 334, 95786.782079, inf, 697.6744186046511, 4450.7957465736035, 84035.740182, 4630.157153, 0.050625, 778.18613, 6325.324812, 17.323177, 1247, 7, 2550001, 436356146, 55582617, 494488764
30000, 30000, 0, 0, dp_3.000000, 37808, 1213, 91304.84703799999, inf, 173.41040462427745, 2147.588299020158, 83160.264185, 3855.424233, 0.691759, 2590.072284, 1689.786863, 8.607714, 519, 434, 10350001, 401535877, 26806211, 438692089, 37307, 679, 86601.52698, inf, 348.83720930232556, 3109.240937279922, 82146.547648, 2012.639193, 0.176972, 1465.624335, 975.455731, 1.083101, 258, 353, 5130001, 420914864, 13144236, 439189101, 36671, 362, 86423.685283, inf, 697.6744186046511, 4450.7957465736035, 84035.740182, 1047.017295, 0.046497, 778.18613, 562.517035, 0.178144, 129, 205, 2550001, 436356146, 6506801, 445412948
30000, 30000, 0, 0, dp_31.000000, 37749, 1154, 123494.66059, inf, 173.41040462427745, 2147.588299020158, 83160.264185, 15713.30146, 0.801073, 2590.072284, 20675.792199, 1354.429389, 5363, 3, 10350001, 401535877, 223610363, 635496241, 37268, 640, 105409.74998300002, inf, 348.83720930232556, 3109.240937279922, 82146.547648, 10206.85172, 0.171231, 1465.624335, 11427.165447, 163.389602, 2666, 5, 5130001, 420914864, 123816238, 549861103, 36643, 334, 96744.048273, inf, 697.6744186046511, 4450.7957465736035, 84035.740182, 5166.963099, 0.05346, 778.18613, 6743.332081, 19.773321, 1333, 7, 2550001, 436356146, 60741671, 499647818
30000, 30000, 0, 0, dp_33.000000, 37749, 1154, 127714.905646, inf, 173.41040462427745, 2147.588299020158, 83160.264185, 18461.041874, 0.81926, 2590.072284, 21961.681047, 1541.026996, 5709, 3, 10350001, 401535877, 244369325, 656255203, 37268, 640, 107076.646851, inf, 348.83720930232556, 3109.240937279922, 82146.547648, 11174.482175, 0.209032, 1465.624335, 12103.109503, 186.674158, 2838, 5, 5130001, 420914864, 134130046, 560174911, 36643, 334, 95700.281866, inf, 697.6744186046511, 4450.7957465736035, 84035.740182, 3718.473713, 0.04253, 778.18613, 7145.351218, 22.488093, 1419, 6, 2550001, 436356146, 56273619, 495179766
30000, 30000, 0, 0, dp_35.000000, 37749, 1154, 131936.05069899998, inf, 173.41040462427745, 2147.588299020158, 83160.264185, 21187.726261, 0.650963, 2590.072284, 23252.550377, 1744.786629, 6055, 3, 10350001, 401535877, 265128287, 677014165, 37268, 640, 103677.955776, inf, 348.83720930232556, 3109.240937279922, 82146.547648, 7077.644996, 0.171882, 1465.624335, 12778.836321, 209.130594, 3010, 4, 5130001, 420914864, 117900006, 543944871, 36643, 334, 96672.03893200001, inf, 697.6744186046511, 4450.7957465736035, 84035.740182, 4267.67903, 0.042209, 778.18613, 7564.76858, 25.622801, 1505, 6, 2550001, 436356146, 61432673, 500338820
30000, 30000, 0, 0, dp_37.000000, 37749, 1154, 136205.242277, inf, 173.41040462427745, 2147.588299020158, 83160.264185, 23979.953418, 0.670228, 2590.072284, 24546.229468, 1928.052694, 6401, 3, 10350001, 401535877, 285887249, 697773127, 37268, 640, 105428.14680500001, inf, 348.83720930232556, 3109.240937279922, 82146.547648, 8113.220925, 0.169548, 1465.624335, 13468.6939, 233.890449, 3182, 4, 5130001, 420914864, 128213814, 554258679, 36643, 334, 97586.18716699998, inf, 697.6744186046511, 4450.7957465736035, 84035.740182, 4797.543949, 0.04263, 778.18613, 7946.222019, 28.452257, 1591, 6, 2550001, 436356146, 66591727, 505497874
30000, 30000, 0, 0, dp_39.000000, 37749, 1154, 140602.11620299998, inf, 173.41040462427745, 2147.588299020158, 83160.264185, 26941.303796, 0.641514, 2590.072284, 25725.747514, 2184.08691, 6747, 3, 10350001, 401535877, 306646211, 718532089, 37268, 640, 107248.444864, inf, 348.83720930232556, 3109.240937279922, 82146.547648, 9137.016522, 0.171452, 1465.624335, 14237.671131, 261.413776, 3354, 4, 5130001, 420914864, 138527622, 564572487, 36643, 334, 98471.454348, inf, 697.6744186046511, 4450.7957465736035, 84035.740182, 5339.66489, 0.051817, 778.18613, 8286.198565, 31.612764, 1677, 6, 2550001, 436356146, 71750781, 510656928
30000, 30000, 0, 0, dp_5.000000, 37765, 1170, 95257.71996999999, inf, 173.41040462427745, 2147.588299020158, 83160.264185, 6235.528719, 0.721193, 2590.072284, 3242.308534, 28.825055, 865, 159, 10350001, 401535877, 48110228, 459996106, 37284, 656, 88691.055149, inf, 348.83720930232556, 3109.240937279922, 82146.547648, 3211.351695, 0.180499, 1465.624335, 1863.950324, 3.400648, 430, 186, 5130001, 420914864, 23626650, 449671515, 36655, 346, 87574.708289, inf, 697.6744186046511, 4450.7957465736035, 84035.740182, 1672.180699, 0.058881, 778.18613, 1088.036738, 0.505659, 215, 117, 2550001, 436356146, 11670674, 450576821
30000, 30000, 0, 0, dp_7.000000, 37755, 1160, 98909.70023599999, inf, 173.41040462427745, 2147.588299020158, 83160.264185, 8397.61196, 0.780465, 2590.072284, 4700.078216, 60.893126, 1211, 40, 10350001, 401535877, 69259274, 481145152, 37277, 649, 90743.73728700001, inf, 348.83720930232556, 3109.240937279922, 82146.547648, 4414.529882, 0.172233, 1465.624335, 2709.515539, 7.34765, 602, 81, 5130001, 420914864, 34050122, 460094987, 36648, 339, 88701.99435899999, inf, 697.6744186046511, 4450.7957465736035, 84035.740182, 2304.773133, 0.044995, 778.18613, 1582.255674, 0.994245, 301, 65, 2550001, 436356146, 16868658, 455774805
30000, 30000, 0, 0, dp_9.000000, 37749, 1154, 102061.18807599999, inf, 173.41040462427745, 2147.588299020158, 83160.264185, 10044.724666, 0.708778, 2590.072284, 6160.595384, 104.822779, 1557, 8, 10350001, 401535877, 87747221, 499633099, 37270, 642, 92685.60281299999, inf, 348.83720930232556, 3109.240937279922, 82146.547648, 5508.396526, 0.174347, 1465.624335, 3552.357028, 12.502929, 774, 24, 5130001, 420914864, 44344262, 470389127, 36643, 334, 89776.58980799999, inf, 697.6744186046511, 4450.7957465736035, 84035.740182, 2885.9245, 0.055223, 778.18613, 2075.083984, 1.599789, 387, 34, 2550001, 436356146, 22068016, 460974163
30000, 30000, 0, 0, fixed_reps_1, 37953, 1358, 87144.08789600001, inf, 173.41040462427745, 2147.588299020158, 83160.264185, 1389.554902, 0.596307, 2590.072284, 3.600218, 0, 173, 1516, 10350001, 401535877, 5475521, 417361399, 37363, 735, 84311.88077100001, inf, 348.83720930232556, 3109.240937279922, 82146.547648, 696.059133, 0.164418, 1465.624335, 3.485237, 0, 86, 865, 5130001, 420914864, 2660836, 428705701, 36736, 427, 85191.155246, inf, 697.6744186046511, 4450.7957465736035, 84035.740182, 374.059561, 0.042189, 778.18613, 3.127184, 0, 43, 535, 2550001, 436356146, 1308817, 440214964
30000, 30000, 0, 0, fixed_reps_11, 37773, 1178, 100767.18038, inf, 173.41040462427745, 2147.588299020158, 83160.264185, 14955.563446, 0.827642, 2590.072284, 60.452823, 0, 1903, 285, 10350001, 401535877, 60229001, 472114879, 37283, 655, 91352.35534000001, inf, 348.83720930232556, 3109.240937279922, 82146.547648, 7674.064853, 0.182101, 1465.624335, 65.936403, 0, 946, 278, 5130001, 420914864, 29268336, 455313201, 36657, 348, 88867.30046799999, inf, 697.6744186046511, 4450.7957465736035, 84035.740182, 3980.024529, 0.060273, 778.18613, 73.289354, 0, 473, 136, 2550001, 436356146, 14396557, 453302704
30000, 30000, 0, 0, fixed_reps_13, 37769, 1174, 103451.32940500001, inf, 173.41040462427745, 2147.588299020158, 83160.264185, 17629.241396, 0.655259, 2590.072284, 71.096281, 0, 2249, 257, 10350001, 401535877, 71179697, 483065575, 37278, 650, 92736.41022500001, inf, 348.83720930232556, 3109.240937279922, 82146.547648, 9045.924986, 0.177372, 1465.624335, 78.135884, 0, 1118, 218, 5130001, 420914864, 34589836, 460634701, 36657, 348, 89610.525063, inf, 697.6744186046511, 4450.7957465736035, 84035.740182, 4708.224125, 0.037601, 778.18613, 88.337025, 0, 559, 122, 2550001, 436356146, 17014105, 455920252
30000, 30000, 0, 0, fixed_reps_15, 37767, 1172, 106175.033414, inf, 173.41040462427745, 2147.588299020158, 83160.264185, 20341.91377, 0.822983, 2590.072284, 81.960192, 0, 2595, 208, 10350001, 401535877, 82130393, 494016271, 37278, 650, 94097.89630000001, inf, 348.83720930232556, 3109.240937279922, 82146.547648, 10395.077399, 0.236303, 1465.624335, 90.410615, 0, 1290, 177, 5130001, 420914864, 39911336, 465956201, 36654, 345, 90320.086094, inf, 697.6744186046511, 4450.7957465736035, 84035.740182, 5405.962254, 0.05338, 778.18613, 100.144148, 0, 645, 114, 2550001, 436356146, 19631653, 458537800
30000, 30000, 0, 0, fixed_reps_17, 37764, 1169, 108856.388299, inf, 173.41040462427745, 2147.588299020158, 83160.264185, 23012.706559, 0.671168, 2590.072284, 92.674103, 0, 2941, 158, 10350001, 401535877, 93081089, 504966967, 37273, 645, 95474.06578, inf, 348.83720930232556, 3109.240937279922, 82146.547648, 11760.768988, 0.177613, 1465.624335, 100.947196, 0, 1462, 142, 5130001, 420914864, 45232836, 471277701, 36653, 344, 91025.823233, inf, 697.6744186046511, 4450.7957465736035, 84035.740182, 6097.472313, 0.050344, 778.18613, 114.374264, 0, 731, 96, 2550001, 436356146, 22249201, 461155348
30000, 30000, 0, 0, fixed_reps_19, 37762, 1167, 111465.86349300001, inf, 173.41040462427745, 2147.588299020158, 83160.264185, 25610.587973, 0.787385, 2590.072284, 104.151666, 0, 3287, 140, 10350001, 401535877, 104031785, 515917663, 37273, 645, 96814.605817, inf, 348.83720930232556, 3109.240937279922, 82146.547648, 13088.454978, 0.221125, 1465.624335, 113.757731, 0, 1634, 116, 5130001, 420914864, 50554336, 476599201, 36651, 342, 91743.407352, inf, 697.6744186046511, 4450.7957465736035, 84035.740182, 6803.126007, 0.040626, 778.18613, 126.314407, 0, 817, 87, 2550001, 436356146, 24866749, 463772896
30000, 30000, 0, 0, fixed_reps_21, 37761, 1166, 114106.77233500002, inf, 173.41040462427745, 2147.588299020158, 83160.264185, 28240.507288, 0.825006, 2590.072284, 115.103572, 0, 3633, 127, 10350001, 401535877, 114982481, 526868359, 37273, 645, 98209.482738, inf, 348.83720930232556, 3109.240937279922, 82146.547648, 14471.034936, 0.216627, 1465.624335, 126.059192, 0, 1806, 99, 5130001, 420914864, 55875836, 481920701, 36649, 340, 92465.421154, inf, 697.6744186046511, 4450.7957465736035, 84035.740182, 7512.216985, 0.052478, 778.18613, 139.225379, 0, 903, 80, 2550001, 436356146, 27484297, 466390444
30000, 30000, 0, 0, fixed_reps_23, 37758, 1163, 116790.775637, inf, 173.41040462427745, 2147.588299020158, 83160.264185, 30914.468588, 0.830106, 2590.072284, 125.140474, 0, 3979, 118, 10350001, 401535877, 125933177, 537819055, 37273, 645, 99505.85817, inf, 348.83720930232556, 3109.240937279922, 82146.547648, 15756.404047, 0.174206, 1465.624335, 137.107934, 0, 1978, 79, 5130001, 420914864, 61197336, 487242201, 36646, 337, 93186.931518, inf, 697.6744186046511, 4450.7957465736035, 84035.740182, 8220.917535, 0.050635, 778.18613, 152.037036, 0, 989, 74, 2550001, 436356146, 30101845, 469007992
30000, 30000, 0, 0, fixed_reps_25, 37758, 1163, 119528.523634, inf, 173.41040462427745, 2147.588299020158, 83160.264185, 33642.228976, 0.811972, 2590.072284, 135.146217, 0, 4325, 101, 10350001, 401535877, 136883873, 548769751, 37273, 645, 100836.802585, inf, 348.83720930232556, 3109.240937279922, 82146.547648, 17075.409831, 0.216636, 1465.624335, 149.004135, 0, 2150, 66, 5130001, 420914864, 66518836, 492563701, 36646, 337, 93905.656494, inf, 697.6744186046511, 4450.7957465736035, 84035.740182, 8925.874777, 0.050014, 778.18613, 165.805391, 0, 1075, 53, 2550001, 436356146, 32719393, 471625540
30000, 30000, 0, 0, fixed_reps_27, 37757, 1162, 121995.706552, inf, 173.41040462427745, 2147.588299020158, 83160.264185, 36098.356692, 0.833953, 2590.072284, 146.179438, 0, 4671, 93, 10350001, 401535877, 147834569, 559720447, 37269, 641, 102275.23272, inf, 348.83720930232556, 3109.240937279922, 82146.547648, 18502.723674, 0.175269, 1465.624335, 160.161794, 0, 2322, 56, 5130001, 420914864, 71840336, 497885201, 36644, 335, 94622.14364, inf, 697.6744186046511, 4450.7957465736035, 84035.740182, 9628.248436, 0.036558, 778.18613, 179.932334, 0, 1161, 51, 2550001, 436356146, 35336941, 474243088
30000, 30000, 0, 0, fixed_reps_29, 37757, 1162, 124599.809897, inf, 173.41040462427745, 2147.588299020158, 83160.264185, 38691.63224, 0.777087, 2590.072284, 157.064101, 0, 5017, 82, 10350001, 401535877, 158785265, 570671143, 37269, 641, 103594.23019900001, inf, 348.83720930232556, 3109.240937279922, 82146.547648, 19810.514224, 0.211486, 1465.624335, 171.332506, 0, 2494, 53, 5130001, 420914864, 77161836, 503206701, 36643, 334, 95359.125825, inf, 697.6744186046511, 4450.7957465736035, 84035.740182, 10350.756916, 0.039183, 778.18613, 194.403414, 0, 1247, 48, 2550001, 436356146, 37954489, 476860636
30000, 30000, 0, 0, fixed_reps_3, 37847, 1252, 89927.02261900001, inf, 173.41040462427745, 2147.588299020158, 83160.264185, 4160.598618, 0.766296, 2590.072284, 15.321236, 0, 519, 909, 10350001, 401535877, 16426217, 428312095, 37318, 690, 85784.162502, inf, 348.83720930232556, 3109.240937279922, 82146.547648, 2155.314624, 0.179477, 1465.624335, 16.496418, 0, 258, 582, 5130001, 420914864, 7982336, 434027201, 36689, 380, 85943.57772999999, inf, 697.6744186046511, 4450.7957465736035, 84035.740182, 1111.678391, 0.04271, 778.18613, 17.930317, 0, 129, 377, 2550001, 436356146, 3926365, 442832512
30000, 30000, 0, 0, fixed_reps_31, 37755, 1160, 127178.08292599999, inf, 173.41040462427745, 2147.588299020158, 83160.264185, 41260.490576, 0.813516, 2590.072284, 166.442365, 0, 5363, 68, 10350001, 401535877, 169735961, 581621839, 37268, 640, 104925.99365, inf, 348.83720930232556, 3109.240937279922, 82146.547648, 21131.015262, 0.213781, 1465.624335, 182.592624, 0, 2666, 38, 5130001, 420914864, 82483336, 508528201, 36643, 334, 96067.53850899999, inf, 697.6744186046511, 4450.7957465736035, 84035.740182, 11043.243072, 0.051767, 778.18613, 210.317358, 0, 1333, 46, 2550001, 436356146, 40572037, 479478184
30000, 30000, 0, 0, fixed_reps_33, 37754, 1159, 129880.27731599999, inf, 173.41040462427745, 2147.588299020158, 83160.264185, 43952.13676, 0.810329, 2590.072284, 176.993758, 0, 5709, 59, 10350001, 401535877, 180686657, 592572535, 37268, 640, 106263.295526, inf, 348.83720930232556, 3109.240937279922, 82146.547648, 22456.784129, 0.173415, 1465.624335, 194.165999, 0, 2838, 34, 5130001, 420914864, 87804836, 513849701, 36643, 334, 96918.87150699999, inf, 697.6744186046511, 4450.7957465736035, 84035.740182, 11884.190844, 0.045585, 778.18613, 220.708766, 0, 1419, 42, 2550001, 436356146, 43189585, 482095732
30000, 30000, 0, 0, fixed_reps_35, 37754, 1159, 132498.076876, inf, 173.41040462427745, 2147.588299020158, 83160.264185, 46559.043821, 0.813856, 2590.072284, 187.88273, 0, 6055, 49, 10350001, 401535877, 191637353, 603523231, 37268, 640, 107614.15725900001, inf, 348.83720930232556, 3109.240937279922, 82146.547648, 23795.813706, 0.216426, 1465.624335, 205.955144, 0, 3010, 30, 5130001, 420914864, 93126336, 519171201, 36643, 334, 97493.227572, inf, 697.6744186046511, 4450.7957465736035, 84035.740182, 12443.273395, 0.051206, 778.18613, 235.976659, 0, 1505, 35, 2550001, 436356146, 45807133, 484713280
30000, 30000, 0, 0, fixed_reps_37, 37751, 1156, 135331.87642000002, inf, 173.41040462427745, 2147.588299020158, 83160.264185, 49381.471717, 0.807785, 2590.072284, 199.260449, 0, 6401, 42, 10350001, 401535877, 202588049, 614473927, 37268, 640, 109025.99266200002, inf, 348.83720930232556, 3109.240937279922, 82146.547648, 25195.016975, 0.211287, 1465.624335, 218.592417, 0, 3182, 21, 5130001, 420914864, 98447836, 524492701, 36643, 334, 98239.579133, inf, 697.6744186046511, 4450.7957465736035, 84035.740182, 13179.679023, 0.050875, 778.18613, 245.922923, 0, 1591, 30, 2550001, 436356146, 48424681, 487330828
30000, 30000, 0, 0, fixed_reps_39, 37751, 1156, 137784.187988, inf, 173.41040462427745, 2147.588299020158, 83160.264185, 51823.264507, 0.790281, 2590.072284, 209.796731, 0, 6747, 40, 10350001, 401535877, 213538745, 625424623, 37268, 640, 110297.04544, inf, 348.83720930232556, 3109.240937279922, 82146.547648, 26454.79478, 0.214943, 1465.624335, 229.863734, 0, 3354, 21, 5130001, 420914864, 103769336, 529814201, 36643, 334, 98933.184184, inf, 697.6744186046511, 4450.7957465736035, 84035.740182, 13861.019484, 0.038432, 778.18613, 258.199956, 0, 1677, 29, 2550001, 436356146, 51042229, 489948376
30000, 30000, 0, 0, fixed_reps_41, 37751, 1156, 140404.862502, inf, 173.41040462427745, 2147.588299020158, 83160.264185, 54434.800147, 0.784812, 2590.072284, 218.941074, 0, 7093, 33, 10350001, 401535877, 224489441, 636375319, 37268, 640, 111653.535096, inf, 348.83720930232556, 3109.240937279922, 82146.547648, 27798.59103, 0.218721, 1465.624335, 242.553362, 0, 3526, 21, 5130001, 420914864, 109090836, 535135701, 36643, 334, 99646.52841099999, inf, 697.6744186046511, 4450.7957465736035, 84035.740182, 14561.099567, 0.039374, 778.18613, 271.463158, 0, 1763, 29, 2550001, 436356146, 53659777, 492565924
30000, 30000, 0, 0, fixed_reps_5, 37811, 1216, 92709.19869, inf, 173.41040462427745, 2147.588299020158, 83160.264185, 6931.197862, 0.774983, 2590.072284, 26.889376, 0, 865, 577, 10350001, 401535877, 27376913, 439262791, 37309, 681, 87205.78861, inf, 348.83720930232556, 3109.240937279922, 82146.547648, 3564.28192, 0.17572, 1465.624335, 29.158987, 0, 430, 433, 5130001, 420914864, 13303836, 439348701, 36670, 361, 86678.03463899999, inf, 697.6744186046511, 4450.7957465736035, 84035.740182, 1831.875238, 0.04271, 778.18613, 32.190379, 0, 215, 240, 2550001, 436356146, 6543913, 445450060
30000, 30000, 0, 0, fixed_reps_7, 37792, 1197, 95416.38694499999, inf, 173.41040462427745, 2147.588299020158, 83160.264185, 9625.989152, 0.705141, 2590.072284, 39.356183, 0, 1211, 435, 10350001, 401535877, 38327609, 450213487, 37304, 676, 88600.093087, inf, 348.83720930232556, 3109.240937279922, 82146.547648, 4946.573607, 0.216065, 1465.624335, 41.131432, 0, 602, 368, 5130001, 420914864, 18625336, 444670201, 36668, 359, 87430.12297599998, inf, 697.6744186046511, 4450.7957465736035, 84035.740182, 2570.645769, 0.042299, 778.18613, 45.508596, 0, 301, 180, 2550001, 436356146, 9161461, 448067608
30000, 30000, 0, 0, fixed_reps_9, 37778, 1183, 98096.43804200001, inf, 173.41040462427745, 2147.588299020158, 83160.264185, 12295.665062, 0.656321, 2590.072284, 49.78019, 0, 1557, 356, 10350001, 401535877, 49278305, 461164183, 37291, 663, 89987.18875300001, inf, 348.83720930232556, 3109.240937279922, 82146.547648, 6320.905014, 0.179627, 1465.624335, 53.932129, 0, 774, 316, 5130001, 420914864, 23946836, 449991701, 36665, 356, 88167.36850699999, inf, 697.6744186046511, 4450.7957465736035, 84035.740182, 3292.554517, 0.042059, 778.18613, 60.845619, 0, 387, 157, 2550001, 436356146, 11779009, 450685156
30000, 30000, 0, 0, greedy_1.000000, 37953, 1358, 87134.288409, inf, 173.41040462427745, 2147.588299020158, 83160.264185, 1379.860101, 0.732365, 2590.072284, 3.351299, 0.008175, 173, 1516, 10350001, 401535877, 5475521, 417361399, 37363, 735, 84310.38461100002, inf, 348.83720930232556, 3109.240937279922, 82146.547648, 694.760754, 0.172122, 1465.624335, 3.275444, 0.004308, 86, 865, 5130001, 420914864, 2660836, 428705701, 36736, 427, 85184.209816, inf, 697.6744186046511, 4450.7957465736035, 84035.740182, 367.229546, 0.045586, 778.18613, 3.005927, 0.002445, 43, 535, 2550001, 436356146, 1308817, 440214964
30000, 30000, 0, 0, greedy_11.000000, 37792, 1197, 97127.92070199999, inf, 173.41040462427745, 2147.588299020158, 83160.264185, 3721.679766, 0.71466, 2590.072284, 7654.766274, 0.423533, 1903, 732, 10350001, 401535877, 66966785, 478852663, 37303, 675, 89552.69395900001, inf, 348.83720930232556, 3109.240937279922, 82146.547648, 1645.17813, 0.17633, 1465.624335, 4295.044756, 0.12276, 946, 553, 5130001, 420914864, 31855736, 457900601, 36669, 360, 88260.027114, inf, 697.6744186046511, 4450.7957465736035, 84035.740182, 900.683187, 0.041468, 778.18613, 2545.344448, 0.031699, 473, 314, 2550001, 436356146, 16083767, 454989914
30000, 30000, 0, 0, greedy_13.000000, 37789, 1194, 98566.73611900001, inf, 173.41040462427745, 2147.588299020158, 83160.264185, 3844.620502, 0.609944, 2590.072284, 8970.677553, 0.491651, 2249, 731, 10350001, 401535877, 77921837, 489807715, 37299, 671, 90401.74783100002, inf, 348.83720930232556, 3109.240937279922, 82146.547648, 1703.43391, 0.173706, 1465.624335, 5085.828239, 0.139993, 1118, 553, 5130001, 420914864, 37185328, 463230193, 36662, 353, 88747.45732, inf, 697.6744186046511, 4450.7957465736035, 84035.740182, 925.032494, 0.04252, 778.18613, 3008.415739, 0.040255, 559, 313, 2550001, 436356146, 18703155, 457609302
30000, 30000, 0, 0, greedy_15.000000, 37786, 1191, 99992.865272, inf, 173.41040462427745, 2147.588299020158, 83160.264185, 3956.723623, 0.621415, 2590.072284, 10284.579392, 0.604373, 2595, 731, 10350001, 401535877, 88876889, 500762767, 37296, 668, 91229.02537799999, inf, 348.83720930232556, 3109.240937279922, 82146.547648, 1756.574276, 0.177403, 1465.624335, 5859.936196, 0.16552, 1290, 553, 5130001, 420914864, 42514920, 468559785, 36661, 352, 89224.500573, inf, 697.6744186046511, 4450.7957465736035, 84035.740182, 936.152661, 0.043903, 778.18613, 3474.334245, 0.043452, 645, 313, 2550001, 436356146, 21322543, 460228690
30000, 30000, 0, 0, greedy_17.000000, 37783, 1188, 101528.309144, inf, 173.41040462427745, 2147.588299020158, 83160.264185, 4098.985121, 0.630282, 2590.072284, 11677.694529, 0.662743, 2941, 731, 10350001, 401535877, 99831941, 511717819, 37295, 667, 91954.02694, inf, 348.83720930232556, 3109.240937279922, 82146.547648, 1799.054068, 0.174567, 1465.624335, 6542.443028, 0.183294, 1462, 552, 5130001, 420914864, 47844512, 473889377, 36656, 347, 89655.340579, inf, 697.6744186046511, 4450.7957465736035, 84035.740182, 952.842588, 0.043391, 778.18613, 3888.479016, 0.049272, 731, 312, 2550001, 436356146, 23941931, 462848078
30000, 30000, 0, 0, greedy_19.000000, 37779, 1184, 103016.967271, inf, 173.41040462427745, 2147.588299020158, 83160.264185, 4210.143171, 0.650309, 2590.072284, 13055.048273, 0.789049, 3287, 731, 10350001, 401535877, 110786993, 522672871, 37294, 666, 92723.049563, inf, 348.83720930232556, 3109.240937279922, 82146.547648, 1846.982307, 0.171983, 1465.624335, 7263.501784, 0.221506, 1634, 552, 5130001, 420914864, 53174104, 479218969, 36653, 344, 90092.975429, inf, 697.6744186046511, 4450.7957465736035, 84035.740182, 966.514027, 0.039615, 778.18613, 4312.44503, 0.050445, 817, 312, 2550001, 436356146, 26561319, 465467466
30000, 30000, 0, 0, greedy_21.000000, 37778, 1183, 104500.629474, inf, 173.41040462427745, 2147.588299020158, 83160.264185, 4357.754359, 0.654367, 2590.072284, 14390.997547, 0.886732, 3633, 731, 10350001, 401535877, 121742045, 533627923, 37293, 665, 93501.59610800001, inf, 348.83720930232556, 3109.240937279922, 82146.547648, 1895.871058, 0.173736, 1465.624335, 7993.149229, 0.230102, 1806, 552, 5130001, 420914864, 58503696, 484548561, 36653, 344, 90552.089423, inf, 697.6744186046511, 4450.7957465736035, 84035.740182, 985.865736, 0.039314, 778.18613, 4752.200473, 0.057588, 903, 312, 2550001, 436356146, 29180707, 468086854
30000, 30000, 0, 0, greedy_23.000000, 37773, 1178, 105797.371436, inf, 173.41040462427745, 2147.588299020158, 83160.264185, 4452.099366, 0.647424, 2590.072284, 15593.10571, 1.182467, 3979, 730, 10350001, 401535877, 132697097, 544582975, 37289, 661, 94295.51155600001, inf, 348.83720930232556, 3109.240937279922, 82146.547648, 1943.733935, 0.174577, 1465.624335, 8739.163289, 0.267772, 1978, 552, 5130001, 420914864, 63833288, 489878153, 36653, 344, 90998.532052, inf, 697.6744186046511, 4450.7957465736035, 84035.740182, 1001.255126, 0.039324, 778.18613, 5183.250967, 0.060323, 989, 312, 2550001, 436356146, 31800095, 470706242
30000, 30000, 0, 0, greedy_25.000000, 37772, 1177, 107158.309844, inf, 173.41040462427745, 2147.588299020158, 83160.264185, 4574.49194, 0.636172, 2590.072284, 16831.790465, 1.054798, 4325, 730, 10350001, 401535877, 143652149, 555538027, 37288, 660, 95086.495737, inf, 348.83720930232556, 3109.240937279922, 82146.547648, 1997.895955, 0.158958, 1465.624335, 9475.997192, 0.271649, 2150, 552, 5130001, 420914864, 69162880, 495207745, 36653, 344, 91378.236388, inf, 697.6744186046511, 4450.7957465736035, 84035.740182, 1015.198424, 0.041948, 778.18613, 5548.997518, 0.072186, 1075, 311, 2550001, 436356146, 34419483, 473325630
30000, 30000, 0, 0, greedy_27.000000, 37771, 1176, 108558.492943, inf, 173.41040462427745, 2147.588299020158, 83160.264185, 4699.75706, 0.837399, 2590.072284, 18106.374859, 1.187156, 4671, 730, 10350001, 401535877, 154607201, 566493079, 37287, 659, 95779.79743700002, inf, 348.83720930232556, 3109.240937279922, 82146.547648, 2042.74477, 0.181501, 1465.624335, 10124.405933, 0.29325, 2322, 551, 5130001, 420914864, 74492472, 500537337, 36653, 344, 91780.96517999998, inf, 697.6744186046511, 4450.7957465736035, 84035.740182, 1030.060086, 0.038452, 778.18613, 5936.876009, 0.064321, 1161, 311, 2550001, 436356146, 37038871, 475945018
30000, 30000, 0, 0, greedy_29.000000, 37771, 1176, 109904.29205500001, inf, 173.41040462427745, 2147.588299020158, 83160.264185, 4780.117941, 0.652103, 2590.072284, 19371.948611, 1.236931, 5017, 730, 10350001, 401535877, 165562253, 577448131, 37286, 658, 96471.087191, inf, 348.83720930232556, 3109.240937279922, 82146.547648, 2082.165683, 0.17575, 1465.624335, 10776.230491, 0.343284, 2494, 551, 5130001, 420914864, 79822064, 505866929, 36653, 344, 92182.260214, inf, 697.6744186046511, 4450.7957465736035, 84035.740182, 1042.898582, 0.040947, 778.18613, 6325.324812, 0.069561, 1247, 311, 2550001, 436356146, 39658259, 478564406
30000, 30000, 0, 0, greedy_3.000000, 37844, 1249, 90540.678301, inf, 173.41040462427745, 2147.588299020158, 83160.264185, 3099.706286, 0.753815, 2590.072284, 1689.786863, 0.094868, 519, 735, 10350001, 401535877, 23146577, 435032455, 37322, 694, 85984.704542, inf, 348.83720930232556, 3109.240937279922, 82146.547648, 1396.867796, 0.173706, 1465.624335, 975.455731, 0.035326, 258, 557, 5130001, 420914864, 10537368, 436582233, 36687, 378, 86196.050024, inf, 697.6744186046511, 4450.7957465736035, 84035.740182, 819.548007, 0.045155, 778.18613, 562.517035, 0.013515, 129, 318, 2550001, 436356146, 5606215, 444512362
30000, 30000, 0, 0, greedy_31.000000, 37771, 1176, 111323.21406700001, inf, 173.41040462427745, 2147.588299020158, 83160.264185, 4895.12939, 0.654658, 2590.072284, 20675.792199, 1.301351, 5363, 730, 10350001, 401535877, 176517305, 588403183, 37286, 658, 97165.580808, inf, 348.83720930232556, 3109.240937279922, 82146.547648, 2125.734082, 0.174498, 1465.624335, 11427.165447, 0.334798, 2666, 551, 5130001, 420914864, 85151656, 511196521, 36653, 344, 92617.707287, inf, 697.6744186046511, 4450.7957465736035, 84035.740182, 1060.3347, 0.041067, 778.18613, 6743.332081, 0.073127, 1333, 311, 2550001, 436356146, 42277647, 481183794
30000, 30000, 0, 0, greedy_33.000000, 37767, 1172, 112729.13905399998, inf, 173.41040462427745, 2147.588299020158, 83160.264185, 5015.167793, 0.619853, 2590.072284, 21961.681047, 1.333892, 5709, 730, 10350001, 401535877, 187472357, 599358235, 37286, 658, 97884.65296500002, inf, 348.83720930232556, 3109.240937279922, 82146.547648, 2168.772065, 0.213591, 1465.624335, 12103.109503, 0.385823, 2838, 551, 5130001, 420914864, 90481248, 516526113, 36653, 344, 93033.86877599999, inf, 697.6744186046511, 4450.7957465736035, 84035.740182, 1074.469027, 0.038993, 778.18613, 7145.351218, 0.083226, 1419, 311, 2550001, 436356146, 44897035, 483803182
30000, 30000, 0, 0, greedy_35.000000, 37767, 1172, 114141.94157800001, inf, 173.41040462427745, 2147.588299020158, 83160.264185, 5136.983179, 0.655362, 2590.072284, 23252.550377, 1.416191, 6055, 730, 10350001, 401535877, 198427409, 610313287, 37283, 655, 98601.72024400001, inf, 348.83720930232556, 3109.240937279922, 82146.547648, 2210.161578, 0.173846, 1465.624335, 12778.836321, 0.376516, 3010, 551, 5130001, 420914864, 95810840, 521855705, 36652, 343, 93469.20906899999, inf, 697.6744186046511, 4450.7957465736035, 84035.740182, 1090.3875, 0.043511, 778.18613, 7564.76858, 0.083166, 1505, 311, 2550001, 436356146, 47516423, 486422570
30000, 30000, 0, 0, greedy_37.000000, 37767, 1172, 115547.13935900002, inf, 173.41040462427745, 2147.588299020158, 83160.264185, 5248.404781, 0.652335, 2590.072284, 24546.229468, 1.516306, 6401, 730, 10350001, 401535877, 209382461, 621268339, 37283, 655, 99342.797839, inf, 348.83720930232556, 3109.240937279922, 82146.547648, 2261.35747, 0.174827, 1465.624335, 13468.6939, 0.399659, 3182, 551, 5130001, 420914864, 101140432, 527185297, 36652, 343, 93863.81747799998, inf, 697.6744186046511, 4450.7957465736035, 84035.740182, 1103.534996, 0.040526, 778.18613, 7946.222019, 0.093625, 1591, 311, 2550001, 436356146, 50135811, 489041958
30000, 30000, 0, 0, greedy_39.000000, 37767, 1172, 116853.583457, inf, 173.41040462427745, 2147.588299020158, 83160.264185, 5374.939741, 0.625634, 2590.072284, 25725.747514, 1.934099, 6747, 729, 10350001, 401535877, 220337513, 632223391, 37280, 652, 100171.906011, inf, 348.83720930232556, 3109.240937279922, 82146.547648, 2321.427545, 0.175519, 1465.624335, 14237.671131, 0.459833, 3354, 551, 5130001, 420914864, 106470024, 532514889, 36652, 343, 94216.60608, inf, 697.6744186046511, 4450.7957465736035, 84035.740182, 1116.351781, 0.039223, 778.18613, 8286.198565, 0.090199, 1677, 310, 2550001, 436356146, 52755199, 491661346
30000, 30000, 0, 0, greedy_5.000000, 37813, 1218, 92260.023876, inf, 173.41040462427745, 2147.588299020158, 83160.264185, 3266.443017, 0.749246, 2590.072284, 3242.308534, 0.18661, 865, 733, 10350001, 401535877, 34101629, 445987507, 37315, 687, 86942.16535400003, inf, 348.83720930232556, 3109.240937279922, 82146.547648, 1465.803027, 0.181911, 1465.624335, 1863.950324, 0.058109, 430, 555, 5130001, 420914864, 15866960, 441911825, 36682, 373, 86744.031861, inf, 697.6744186046511, 4450.7957465736035, 84035.740182, 841.997657, 0.05295, 778.18613, 1088.036738, 0.018204, 215, 316, 2550001, 436356146, 8225603, 447131750
30000, 30000, 0, 0, greedy_7.000000, 37802, 1207, 93880.945462, inf, 173.41040462427745, 2147.588299020158, 83160.264185, 3429.590822, 0.627999, 2590.072284, 4700.078216, 0.311956, 1211, 733, 10350001, 401535877, 45056681, 456942559, 37310, 682, 87852.920425, inf, 348.83720930232556, 3109.240937279922, 82146.547648, 1530.985699, 0.172704, 1465.624335, 2709.515539, 0.0745, 602, 554, 5130001, 420914864, 21196552, 447241417, 36679, 370, 87260.94742899999, inf, 697.6744186046511, 4450.7957465736035, 84035.740182, 864.69958, 0.043922, 778.18613, 1582.255674, 0.021941, 301, 315, 2550001, 436356146, 10844991, 449751138
30000, 30000, 0, 0, greedy_9.000000, 37799, 1204, 95471.463368, inf, 173.41040462427745, 2147.588299020158, 83160.264185, 3559.579709, 0.612159, 2590.072284, 6160.595384, 0.339647, 1557, 732, 10350001, 401535877, 56011733, 467897611, 37306, 678, 88756.90861600002, inf, 348.83720930232556, 3109.240937279922, 82146.547648, 1592.11027, 0.173706, 1465.624335, 3552.357028, 0.095629, 774, 554, 5130001, 420914864, 26526144, 452571009, 36673, 364, 87770.56313, inf, 697.6744186046511, 4450.7957465736035, 84035.740182, 881.483093, 0.040727, 778.18613, 2075.083984, 0.029014, 387, 314, 2550001, 436356146, 13464379, 452370526
30000, 30000, 0, 0, opt, 37749, 1154, 95400.984698, inf, 173.41040462427745, 2147.588299020158, 83160.264185, 9649.844824, 0.803405, 2590.072284, 0, 0, 0, 0, 10350001, 401535877, 49855014, 461740892, 37268, 640, 89937.22153000001, inf, 348.83720930232556, 3109.240937279922, 82146.547648, 6324.872565, 0.176982, 1465.624335, 0, 0, 0, 0, 5130001, 420914864, 29544504, 455589369, 36643, 334, 88108.272048, inf, 697.6744186046511, 4450.7957465736035, 84035.740182, 3294.298517, 0.047219, 778.18613, 0, 0, 0, 0, 2550001, 436356146, 13734962, 452641109
30000, 30000, 0, 0, plus_edge, 37902, 1307, 87139.818314, inf, 173.41040462427745, 2147.588299020158, 83160.264185, 1388.565988, 0.915857, 2590.072284, 0, 0, 0, 0, 10350001, 401535877, 5474932, 417360810, 37346, 718, 84317.88010300002, inf, 348.83720930232556, 3109.240937279922, 82146.547648, 705.5485, 0.15962, 1465.624335, 0, 0, 0, 0, 5130001, 420914864, 2637975, 428682840, 36708, 399, 85185.464403, inf, 697.6744186046511, 4450.7957465736035, 84035.740182, 371.493939, 0.044152, 778.18613, 0, 0, 0, 0, 2550001, 436356146, 1280538, 440186685
30000, 30000, 0, 0, simple, 37953, 1358, 87146.18452600001, inf, 173.41040462427745, 2147.588299020158, 83160.264185, 1395.01712, 0.830937, 2590.072284, 0, 0, 0, 0, 10350001, 401535877, 5445348, 417331226, 37363, 735, 84316.916515, inf, 348.83720930232556, 3109.240937279922, 82146.547648, 704.580745, 0.163787, 1465.624335, 0, 0, 0, 0, 5130001, 420914864, 2630750, 428675615, 36736, 427, 85184.65415499998, inf, 697.6744186046511, 4450.7957465736035, 84035.740182, 370.684191, 0.043652, 778.18613, 0, 0, 0, 0, 2550001, 436356146, 1278774, 440184921
30000, 30000, 0, 0, dp_1.000000, 38416, 1437, 89377.53253800001, inf, 173.41040462427745, 2159.660134176644, 85264.324456, 1442.12904, 0.673674, 2666.075362, 4.319837, 0.010169, 173, 0, 10350001, 406033565, 5445421, 421828987, 37793, 784, 86720.348356, inf, 348.83720930232556, 3124.6114283459874, 84478.158722, 734.855161, 0.152136, 1503.002527, 4.17478, 0.00503, 86, 0, 5130001, 425035011, 2651401, 432816413, 37170, 470, 85296.70761800001, inf, 697.6744186046511, 4444.970697164146, 84050.539269, 398.923778, 0.036529, 843.008898, 4.196309, 0.002835, 43, 0, 2550001, 435242053, 1310287, 439102341
30000, 30000, 0, 0, dp_11.000000, 38161, 1182, 105857.29970500001, inf, 173.41040462427745, 2159.660134176644, 85264.324456, 9943.67364, 0.860984, 2666.075362, 7817.977386, 164.387877, 1903, 6, 10350001, 406033565, 97193833, 513577399, 37658, 649, 96439.528366, inf, 348.83720930232556, 3124.6114283459874, 84478.158722, 5989.29977, 0.177272, 1503.002527, 4449.606509, 19.283566, 946, 9, 5130001, 425035011, 51119233, 481284245, 37103, 403, 91012.893775, inf, 697.6744186046511, 4444.970697164146, 84050.539269, 3511.066706, 0.04306, 843.008898, 2605.813271, 2.422571, 473, 14, 2550001, 435242053, 26980757, 464772811
30000, 30000, 0, 0, dp_13.000000, 38161, 1182, 106905.61086100001, inf, 173.41040462427745, 2159.660134176644, 85264.324456, 9596.54842, 0.697467, 2666.075362, 9146.761054, 231.204102, 2249, 5, 10350001, 406033565, 105075761, 521459327, 37658, 649, 97576.77583299999, inf, 348.83720930232556, 3124.6114283459874, 84478.158722, 6331.274231, 0.162946, 1503.002527, 5237.183809, 26.993598, 1118, 8, 5130001, 425035011, 58086008, 488251020, 37103, 403, 91615.94483299999, inf, 697.6744186046511, 4444.970697164146, 84050.539269, 3664.770408, 0.041558, 843.008898, 3054.203421, 3.381279, 559, 11, 2550001, 435242053, 30311173, 468103227
30000, 30000, 0, 0, dp_15.000000, 38161, 1182, 110135.935301, inf, 173.41040462427745, 2159.660134176644, 85264.324456, 11367.26322, 0.696095, 2666.075362, 10526.740204, 310.835964, 2595, 5, 10350001, 406033565, 125828841, 542212407, 37658, 649, 98332.302711, inf, 348.83720930232556, 3124.6114283459874, 84478.158722, 6261.753805, 0.178424, 1503.002527, 6052.838819, 36.370414, 1290, 7, 5130001, 425035011, 62545797, 492710809, 37103, 403, 92191.447054, inf, 697.6744186046511, 4444.970697164146, 84050.539269, 3777.1009, 0.050254, 843.008898, 3516.237719, 4.510014, 645, 10, 2550001, 435242053, 33346689, 471138743
30000, 30000, 0, 0, dp_17.000000, 38161, 1182, 113353.65807100001, inf, 173.41040462427745, 2159.660134176644, 85264.324456, 13121.544397, 0.695584, 2666.075362, 11899.207156, 401.811116, 2941, 5, 10350001, 406033565, 146581921, 562965487, 37658, 649, 99974.240763, inf, 348.83720930232556, 3124.6114283459874, 84478.158722, 7144.574917, 0.183544, 1503.002527, 6800.655967, 47.665086, 1462, 7, 5130001, 425035011, 72864937, 503029949, 37103, 403, 92578.95572500002, inf, 697.6744186046511, 4444.970697164146, 84050.539269, 3710.311182, 0.040055, 843.008898, 3969.215892, 5.840429, 731, 9, 2550001, 435242053, 35526995, 473319049
30000, 30000, 0, 0, dp_19.000000, 38161, 1182, 112586.146142, inf, 173.41040462427745, 2159.660134176644, 85264.324456, 10835.719468, 0.70413, 2666.075362, 13315.636659, 503.686067, 3287, 4, 10350001, 406033565, 142845641, 559229207, 37658, 649, 100054.884442, inf, 348.83720930232556, 3124.6114283459874, 84478.158722, 6500.083954, 0.178926, 1503.002527, 7513.936125, 59.524188, 1634, 6, 5130001, 425035011, 73972361, 504137373, 37103, 403, 93508.559907, inf, 697.6744186046511, 4444.970697164146, 84050.539269, 4207.644153, 0.051096, 843.008898, 4399.978866, 7.337625, 817, 9, 2550001, 435242053, 40685791, 478477845
30000, 30000, 0, 0, dp_21.000000, 38161, 1182, 115824.46531500001, inf, 173.41040462427745, 2159.660134176644, 85264.324456, 12579.466449, 0.85382, 2666.075362, 14694.318839, 619.426389, 3633, 4, 10350001, 406033565, 163598721, 579982287, 37658, 649, 101705.16828, inf, 348.83720930232556, 3124.6114283459874, 84478.158722, 7402.545101, 0.225633, 1503.002527, 8247.834482, 73.401815, 1806, 6, 5130001, 425035011, 84291501, 514456513, 37103, 403, 93518.579802, inf, 697.6744186046511, 4444.970697164146, 84050.539269, 3785.545721, 0.040997, 843.008898, 4830.491984, 8.952933, 903, 8, 2550001, 435242053, 40919757, 478711811
30000, 30000, 0, 0, dp_23.000000, 38161, 1182, 118975.907416, inf, 173.41040462427745, 2159.660134176644, 85264.324456, 14368.086143, 0.697728, 2666.075362, 15932.30889, 744.414837, 3979, 4, 10350001, 406033565, 184351801, 600735367, 37658, 649, 103362.019135, inf, 348.83720930232556, 3124.6114283459874, 84478.158722, 8280.791242, 0.184055, 1503.002527, 9011.265958, 88.616631, 1978, 6, 5130001, 425035011, 94610641, 524775653, 37103, 403, 94468.897194, inf, 697.6744186046511, 4444.970697164146, 84050.539269, 4291.274209, 0.044594, 843.008898, 5273.282228, 10.747996, 989, 8, 2550001, 435242053, 46078553, 483870607
30000, 30000, 0, 0, dp_25.000000, 38161, 1182, 122162.569453, inf, 173.41040462427745, 2159.660134176644, 85264.324456, 16201.202242, 0.703589, 2666.075362, 17145.665355, 884.598449, 4325, 4, 10350001, 406033565, 205104881, 621488447, 37658, 649, 102443.96628699999, inf, 348.83720930232556, 3124.6114283459874, 84478.158722, 6585.310537, 0.18138, 1503.002527, 9771.967605, 105.345516, 2150, 5, 5130001, 425035011, 89538053, 519703065, 37103, 403, 95481.51329100001, inf, 697.6744186046511, 4444.970697164146, 84050.539269, 4866.826255, 0.044173, 843.008898, 5708.221514, 12.873182, 1075, 8, 2550001, 435242053, 51237349, 489029403
30000, 30000, 0, 0, dp_27.000000, 38161, 1182, 125307.58155900001, inf, 173.41040462427745, 2159.660134176644, 85264.324456, 17935.052053, 0.883107, 2666.075362, 18414.916629, 1026.329952, 4671, 4, 10350001, 406033565, 225857961, 642241527, 37658, 649, 104083.249684, inf, 348.83720930232556, 3124.6114283459874, 84478.158722, 7472.47834, 0.222607, 1503.002527, 10505.447708, 123.93978, 2322, 5, 5130001, 425035011, 99857193, 530022205, 37103, 403, 94958.50399699999, inf, 697.6744186046511, 4444.970697164146, 84050.539269, 3952.728005, 0.04286, 843.008898, 6097.281326, 14.903639, 1161, 7, 2550001, 435242053, 49436505, 487228559
30000, 30000, 0, 0, dp_29.000000, 38161, 1182, 120775.07348400001, inf, 173.41040462427745, 2159.660134176644, 85264.324456, 11958.240584, 0.681929, 2666.075362, 19700.487643, 1185.26351, 5017, 3, 10350001, 406033565, 200280589, 616664155, 37658, 649, 105636.04909999999, inf, 348.83720930232556, 3124.6114283459874, 84478.158722, 8362.298709, 0.182191, 1503.002527, 11149.887405, 142.519546, 2494, 5, 5130001, 425035011, 110176333, 540341345, 37103, 403, 95849.97922400002, inf, 697.6744186046511, 4444.970697164146, 84050.539269, 4460.368465, 0.044294, 843.008898, 6478.739935, 17.278363, 1247, 7, 2550001, 435242053, 54595301, 492387355
30000, 30000, 0, 0, dp_3.000000, 38212, 1233, 93619.09977700001, inf, 173.41040462427745, 2159.660134176644, 85264.324456, 3945.809748, 0.870133, 2666.075362, 1733.615285, 8.404793, 519, 386, 10350001, 406033565, 26718885, 443102451, 37704, 695, 88999.70464699999, inf, 348.83720930232556, 3124.6114283459874, 84478.158722, 2012.734039, 0.172343, 1503.002527, 1004.582188, 1.054828, 258, 318, 5130001, 425035011, 13082338, 443247350, 37131, 431, 86566.35113200001, inf, 697.6744186046511, 4444.970697164146, 84050.539269, 1091.211733, 0.046817, 843.008898, 581.366441, 0.177974, 129, 165, 2550001, 435242053, 6511243, 444303297
30000, 30000, 0, 0, dp_31.000000, 38161, 1182, 123969.77448100001, inf, 173.41040462427745, 2159.660134176644, 85264.324456, 13681.086586, 0.699231, 2666.075362, 21001.821668, 1355.767178, 5363, 3, 10350001, 406033565, 221033669, 637417235, 37658, 649, 107237.19313299998, inf, 348.83720930232556, 3124.6114283459874, 84478.158722, 9283.442329, 0.233027, 1503.002527, 11808.981936, 163.374592, 2666, 5, 5130001, 425035011, 120495473, 550660485, 37103, 403, 96757.15019999999, inf, 697.6744186046511, 4444.970697164146, 84050.539269, 4973.499101, 0.045655, 843.008898, 6870.284367, 19.77291, 1333, 7, 2550001, 435242053, 59754097, 497546151
30000, 30000, 0, 0, dp_33.000000, 38161, 1182, 127287.39366999999, inf, 173.41040462427745, 2159.660134176644, 85264.324456, 15508.395916, 0.695918, 2666.075362, 22301.64563, 1546.256388, 5709, 3, 10350001, 406033565, 241786749, 658170315, 37658, 649, 108788.404024, inf, 348.83720930232556, 3124.6114283459874, 84478.158722, 10146.577823, 0.180929, 1503.002527, 12474.834165, 185.649858, 2838, 5, 5130001, 425035011, 130814613, 560979625, 37103, 403, 97695.19029099999, inf, 697.6744186046511, 4444.970697164146, 84050.539269, 5486.592016, 0.05855, 843.008898, 7292.428695, 22.562863, 1419, 7, 2550001, 435242053, 64912893, 502704947
30000, 30000, 0, 0, dp_35.000000, 38161, 1182, 130515.91435800002, inf, 173.41040462427745, 2159.660134176644, 85264.324456, 17257.989576, 0.688263, 2666.075362, 23601.342271, 1725.49443, 6055, 3, 10350001, 406033565, 262539829, 678923395, 37658, 649, 110408.35186400001, inf, 348.83720930232556, 3124.6114283459874, 84478.158722, 11051.935842, 0.180418, 1503.002527, 13164.84959, 210.224765, 3010, 5, 5130001, 425035011, 141133753, 571298765, 37103, 403, 96505.76317, inf, 697.6744186046511, 4444.970697164146, 84050.539269, 3880.475918, 0.04773, 843.008898, 7706.113188, 25.578167, 1505, 6, 2550001, 435242053, 59219369, 497011423
30000, 30000, 0, 0, dp_37.000000, 38161, 1182, 133806.205445, inf, 173.41040462427745, 2159.660134176644, 85264.324456, 19023.502039, 0.694864, 2666.075362, 24924.896727, 1926.711997, 6401, 3, 10350001, 406033565, 283292909, 699676475, 37658, 649, 107513.018728, inf, 348.83720930232556, 3124.6114283459874, 84478.158722, 7406.807688, 0.21834, 1503.002527, 13885.682852, 239.148599, 3182, 4, 5130001, 425035011, 124488218, 554653230, 37103, 403, 97437.40960900001, inf, 697.6744186046511, 4444.970697164146, 84050.539269, 4393.375302, 0.047839, 843.008898, 8122.105027, 28.333274, 1591, 6, 2550001, 435242053, 64378165, 502170219
30000, 30000, 0, 0, dp_39.000000, 38161, 1182, 137252.360581, inf, 173.41040462427745, 2159.660134176644, 85264.324456, 20977.151504, 0.702088, 2666.075362, 26181.478127, 2162.629044, 6747, 3, 10350001, 406033565, 304045989, 720429555, 37658, 649, 109210.373648, inf, 348.83720930232556, 3124.6114283459874, 84478.158722, 8309.685345, 0.180809, 1503.002527, 14653.019024, 266.327221, 3354, 4, 5130001, 425035011, 134807358, 564972370, 37103, 403, 98304.714655, inf, 697.6744186046511, 4444.970697164146, 84050.539269, 4911.331967, 0.045265, 843.008898, 8468.225865, 31.563391, 1677, 6, 2550001, 435242053, 69536961, 507329015
30000, 30000, 0, 0, dp_5.000000, 38175, 1196, 97576.86169100001, inf, 173.41040462427745, 2159.660134176644, 85264.324456, 6302.995389, 0.809939, 2666.075362, 3313.726272, 28.930273, 865, 107, 10350001, 406033565, 47905317, 464288883, 37680, 671, 91134.87905499998, inf, 348.83720930232556, 3124.6114283459874, 84478.158722, 3240.23202, 0.177302, 1503.002527, 1909.883821, 3.424663, 430, 155, 5130001, 425035011, 23546646, 453711658, 37115, 415, 87737.19517600001, inf, 697.6744186046511, 4444.970697164146, 84050.539269, 1733.227107, 0.045475, 843.008898, 1109.868368, 0.506059, 215, 89, 2550001, 435242053, 11706743, 449498797
30000, 30000, 0, 0, dp_7.000000, 38161, 1182, 101314.83303800001, inf, 173.41040462427745, 2159.660134176644, 85264.324456, 8483.166175, 0.816871, 2666.075362, 4839.084218, 61.365956, 1211, 20, 10350001, 406033565, 69081321, 485464887, 37669, 660, 93237.098989, inf, 348.83720930232556, 3124.6114283459874, 84478.158722, 4466.761465, 0.178695, 1503.002527, 2781.684634, 7.312946, 602, 62, 5130001, 425035011, 34010110, 464175122, 37110, 410, 88862.543343, inf, 697.6744186046511, 4444.970697164146, 84050.539269, 2349.5963, 0.044363, 843.008898, 1618.378383, 0.97613, 301, 48, 2550001, 435242053, 16786267, 454578321
30000, 30000, 0, 0, dp_9.000000, 38161, 1182, 103626.94220900002, inf, 173.41040462427745, 2159.660134176644, 85264.324456, 9257.489446, 0.759213, 2666.075362, 6332.246992, 106.04674, 1557, 7, 10350001, 406033565, 83189565, 499573131, 37660, 651, 95217.277208, inf, 348.83720930232556, 3124.6114283459874, 84478.158722, 5581.798743, 0.16526, 1503.002527, 3641.680376, 12.47158, 774, 21, 5130001, 425035011, 44142785, 474307797, 37105, 405, 89902.382352, inf, 697.6744186046511, 4444.970697164146, 84050.539269, 2890.744221, 0.045506, 843.008898, 2116.454308, 1.59015, 387, 27, 2550001, 435242053, 21776825, 459568879
30000, 30000, 0, 0, fixed_reps_1, 38416, 1437, 89366.450523, inf, 173.41040462427745, 2159.660134176644, 85264.324456, 1430.643832, 0.844032, 2666.075362, 4.562841, 0, 173, 1552, 10350001, 406033565, 5445421, 421828987, 37793, 784, 86721.126468, inf, 348.83720930232556, 3124.6114283459874, 84478.158722, 735.275072, 0.159971, 1503.002527, 4.530176, 0, 86, 866, 5130001, 425035011, 2651401, 432816413, 37170, 470, 85296.453154, inf, 697.6744186046511, 4444.970697164146, 84050.539269, 398.765373, 0.04241, 843.008898, 4.097204, 0, 43, 433, 2550001, 435242053, 1310287, 439102341
30000, 30000, 0, 0, fixed_reps_11, 38179, 1200, 103548.843247, inf, 173.41040462427745, 2159.660134176644, 85264.324456, 15556.167148, 0.895118, 2666.075362, 61.381163, 0, 1903, 223, 10350001, 406033565, 59897901, 476281467, 37680, 671, 94010.79235399999, inf, 348.83720930232556, 3124.6114283459874, 84478.158722, 7959.507208, 0.176231, 1503.002527, 69.947666, 0, 946, 242, 5130001, 425035011, 29164551, 459329563, 37119, 419, 89319.27244999999, inf, 697.6744186046511, 4444.970697164146, 84050.539269, 4348.637907, 0.060063, 843.008898, 77.026313, 0, 473, 121, 2550001, 435242053, 14412727, 452204781
30000, 30000, 0, 0, fixed_reps_13, 38174, 1195, 106313.79631700001, inf, 173.41040462427745, 2159.660134176644, 85264.324456, 18310.072262, 0.711624, 2666.075362, 72.612613, 0, 2249, 180, 10350001, 406033565, 70788397, 487171963, 37677, 668, 95470.123197, inf, 348.83720930232556, 3124.6114283459874, 84478.158722, 9405.39004, 0.179777, 1503.002527, 83.392131, 0, 1118, 205, 5130001, 425035011, 34467181, 464632193, 37118, 418, 90101.692478, inf, 697.6744186046511, 4444.970697164146, 84050.539269, 5117.225725, 0.051236, 843.008898, 90.86735, 0, 559, 102, 2550001, 435242053, 17033215, 454825269
30000, 30000, 0, 0, fixed_reps_15, 38174, 1195, 109122.31783500001, inf, 173.41040462427745, 2159.660134176644, 85264.324456, 21107.11741, 0.860814, 2666.075362, 83.939793, 0, 2595, 148, 10350001, 406033565, 81678893, 498062459, 37670, 661, 96923.71742999999, inf, 348.83720930232556, 3124.6114283459874, 84478.158722, 10846.183766, 0.18113, 1503.002527, 96.191285, 0, 1290, 159, 5130001, 425035011, 39769811, 469934823, 37116, 416, 90880.437767, inf, 697.6744186046511, 4444.970697164146, 84050.539269, 5881.277357, 0.052138, 843.008898, 105.560105, 0, 645, 83, 2550001, 435242053, 19653703, 457445757
30000, 30000, 0, 0, fixed_reps_17, 38171, 1192, 111900.108831, inf, 173.41040462427745, 2159.660134176644, 85264.324456, 23873.262798, 0.899917, 2666.075362, 95.546298, 0, 2941, 128, 10350001, 406033565, 92569389, 508952955, 37668, 659, 98342.254544, inf, 348.83720930232556, 3124.6114283459874, 84478.158722, 12252.733097, 0.230012, 1503.002527, 108.130186, 0, 1462, 132, 5130001, 425035011, 45072441, 475237453, 37115, 415, 91686.504801, inf, 697.6744186046511, 4444.970697164146, 84050.539269, 6672.907658, 0.050254, 843.008898, 119.998722, 0, 731, 79, 2550001, 435242053, 22274191, 460066245
30000, 30000, 0, 0, fixed_reps_19, 38168, 1189, 114729.07776300001, inf, 173.41040462427745, 2159.660134176644, 85264.324456, 26690.889624, 0.889206, 2666.075362, 106.899115, 0, 3287, 125, 10350001, 406033565, 103459885, 519843451, 37665, 656, 99758.756069, inf, 348.83720930232556, 3124.6114283459874, 84478.158722, 13657.34925, 0.219742, 1503.002527, 120.025828, 0, 1634, 118, 5130001, 425035011, 50375071, 480540083, 37111, 411, 92468.40018800001, inf, 697.6744186046511, 4444.970697164146, 84050.539269, 7441.192429, 0.052909, 843.008898, 133.606683, 0, 817, 75, 2550001, 435242053, 24894679, 462686733
30000, 30000, 0, 0, fixed_reps_21, 38168, 1189, 117498.63478400001, inf, 173.41040462427745, 2159.660134176644, 85264.324456, 29448.302712, 0.870502, 2666.075362, 119.061752, 0, 3633, 105, 10350001, 406033565, 114350381, 530733947, 37662, 653, 101188.884094, inf, 348.83720930232556, 3124.6114283459874, 84478.158722, 15074.036848, 0.212579, 1503.002527, 133.473418, 0, 1806, 97, 5130001, 425035011, 55677701, 485842713, 37109, 409, 93241.98780599999, inf, 697.6744186046511, 4444.970697164146, 84050.539269, 8201.086637, 0.049613, 843.008898, 147.303389, 0, 903, 68, 2550001, 435242053, 27515167, 465307221
30000, 30000, 0, 0, fixed_reps_23, 38168, 1189, 120305.75406600001, inf, 173.41040462427745, 2159.660134176644, 85264.324456, 32243.399101, 0.868448, 2666.075362, 131.086699, 0, 3979, 88, 10350001, 406033565, 125240877, 541624443, 37660, 651, 102537.19051, inf, 348.83720930232556, 3124.6114283459874, 84478.158722, 16411.665039, 0.180528, 1503.002527, 144.183694, 0, 1978, 91, 5130001, 425035011, 60980331, 491145343, 37108, 408, 94033.88301, inf, 697.6744186046511, 4444.970697164146, 84050.539269, 8980.229913, 0.049984, 843.008898, 160.054946, 0, 989, 63, 2550001, 435242053, 30135655, 467927709
30000, 30000, 0, 0, fixed_reps_25, 38168, 1189, 123074.03300700002, inf, 173.41040462427745, 2159.660134176644, 85264.324456, 35000.742206, 0.88592, 2666.075362, 142.005063, 0, 4325, 79, 10350001, 406033565, 136131373, 552514939, 37660, 651, 103984.20258, inf, 348.83720930232556, 3124.6114283459874, 84478.158722, 17847.025656, 0.220133, 1503.002527, 155.795542, 0, 2150, 74, 5130001, 425035011, 66282961, 496447973, 37108, 408, 94830.175968, inf, 697.6744186046511, 4444.970697164146, 84050.539269, 9759.671708, 0.042189, 843.008898, 176.913904, 0, 1075, 55, 2550001, 435242053, 32756143, 470548197
30000, 30000, 0, 0, fixed_reps_27, 38167, 1188, 125789.94793400001, inf, 173.41040462427745, 2159.660134176644, 85264.324456, 37706.495685, 0.844323, 2666.075362, 152.208108, 0, 4671, 70, 10350001, 406033565, 147021869, 563405435, 37660, 651, 105357.84412999998, inf, 348.83720930232556, 3124.6114283459874, 84478.158722, 19208.087072, 0.174076, 1503.002527, 168.421733, 0, 2322, 64, 5130001, 425035011, 71585591, 501750603, 37107, 407, 95600.035039, inf, 697.6744186046511, 4444.970697164146, 84050.539269, 10518.573149, 0.049403, 843.008898, 187.86432, 0, 1161, 48, 2550001, 435242053, 35376631, 473168685
30000, 30000, 0, 0, fixed_reps_29, 38165, 1186, 128552.39515800001, inf, 173.41040462427745, 2159.660134176644, 85264.324456, 40458.114291, 0.891461, 2666.075362, 162.989588, 0, 5017, 62, 10350001, 406033565, 157912365, 574295931, 37660, 651, 106808.967261, inf, 348.83720930232556, 3124.6114283459874, 84478.158722, 20645.538598, 0.214192, 1503.002527, 182.053222, 0, 2494, 58, 5130001, 425035011, 76888221, 507053233, 37107, 407, 96369.51258400001, inf, 697.6744186046511, 4444.970697164146, 84050.539269, 11274.825912, 0.041888, 843.008898, 201.096617, 0, 1247, 44, 2550001, 435242053, 37997119, 475789173
30000, 30000, 0, 0, fixed_reps_3, 38243, 1264, 92201.73894200001, inf, 173.41040462427745, 2159.660134176644, 85264.324456, 4253.813826, 0.86921, 2666.075362, 16.656088, 0, 519, 875, 10350001, 406033565, 16335917, 432719483, 37731, 722, 88221.354734, inf, 348.83720930232556, 3124.6114283459874, 84478.158722, 2221.847577, 0.177453, 1503.002527, 18.168455, 0, 258, 577, 5130001, 425035011, 7954031, 438119043, 37146, 446, 86131.353693, inf, 697.6744186046511, 4444.970697164146, 84050.539269, 1218.460437, 0.061475, 843.008898, 19.283614, 0, 129, 287, 2550001, 435242053, 3930775, 441722829
30000, 30000, 0, 0, fixed_reps_31, 38164, 1185, 131356.525889, inf, 173.41040462427745, 2159.660134176644, 85264.324456, 43251.799383, 0.895739, 2666.075362, 173.430949, 0, 5363, 55, 10350001, 406033565, 168802861, 585186427, 37660, 651, 108263.740738, inf, 348.83720930232556, 3124.6114283459874, 84478.158722, 22087.773179, 0.214652, 1503.002527, 194.591658, 0, 2666, 52, 5130001, 425035011, 82190851, 512355863, 37107, 407, 97214.854195, inf, 697.6744186046511, 4444.970697164146, 84050.539269, 12105.82214, 0.049062, 843.008898, 215.434826, 0, 1333, 39, 2550001, 435242053, 40617607, 478409661
30000, 30000, 0, 0, fixed_reps_33, 38164, 1185, 133986.34978299998, inf, 173.41040462427745, 2159.660134176644, 85264.324456, 45871.4303, 0.840515, 2666.075362, 183.67915, 0, 5709, 51, 10350001, 406033565, 179693357, 596076923, 37660, 651, 109661.879232, inf, 348.83720930232556, 3124.6114283459874, 84478.158722, 23475.159658, 0.183183, 1503.002527, 205.375142, 0, 2838, 49, 5130001, 425035011, 87493481, 517658493, 37107, 407, 97931.97607399999, inf, 697.6744186046511, 4444.970697164146, 84050.539269, 12806.736064, 0.052598, 843.008898, 231.639245, 0, 1419, 39, 2550001, 435242053, 43238095, 481030149
30000, 30000, 0, 0, fixed_reps_35, 38164, 1185, 136791.941311, inf, 173.41040462427745, 2159.660134176644, 85264.324456, 48666.208374, 0.882706, 2666.075362, 194.450413, 0, 6055, 46, 10350001, 406033565, 190583853, 606967419, 37660, 651, 111049.80678999999, inf, 348.83720930232556, 3124.6114283459874, 84478.158722, 24851.534362, 0.21868, 1503.002527, 216.892499, 0, 3010, 38, 5130001, 425035011, 92796111, 522961123, 37107, 407, 98705.39755299999, inf, 697.6744186046511, 4444.970697164146, 84050.539269, 13568.924926, 0.055845, 843.008898, 242.868615, 0, 1505, 37, 2550001, 435242053, 45858583, 483650637
30000, 30000, 0, 0, fixed_reps_37, 38164, 1185, 139488.87468900002, inf, 173.41040462427745, 2159.660134176644, 85264.324456, 51353.186737, 0.829665, 2666.075362, 204.458469, 0, 6401, 45, 10350001, 406033565, 201474349, 617857915, 37660, 651, 112507.966978, inf, 348.83720930232556, 3124.6114283459874, 84478.158722, 26296.842155, 0.227607, 1503.002527, 229.735967, 0, 3182, 30, 5130001, 425035011, 98098741, 528263753, 37107, 407, 99492.0531, inf, 697.6744186046511, 4444.970697164146, 84050.539269, 14340.766562, 0.044013, 843.008898, 257.694358, 0, 1591, 35, 2550001, 435242053, 48479071, 486271125
30000, 30000, 0, 0, fixed_reps_39, 38164, 1185, 142384.45799300002, inf, 173.41040462427745, 2159.660134176644, 85264.324456, 54236.245554, 0.844044, 2666.075362, 216.968577, 0, 6747, 44, 10350001, 406033565, 212364845, 628748411, 37660, 651, 113941.25599099998, inf, 348.83720930232556, 3124.6114283459874, 84478.158722, 27718.26141, 0.217718, 1503.002527, 241.615614, 0, 3354, 30, 5130001, 425035011, 103401371, 533566383, 37107, 407, 100343.67349199999, inf, 697.6744186046511, 4444.970697164146, 84050.539269, 15179.783449, 0.044554, 843.008898, 270.297322, 0, 1677, 35, 2550001, 435242053, 51099559, 488891613
30000, 30000, 0, 0, fixed_reps_41, 38164, 1185, 145065.779575, inf, 173.41040462427745, 2159.660134176644, 85264.324456, 56906.87131, 0.859153, 2666.075362, 227.649294, 0, 7093, 39, 10350001, 406033565, 223255341, 639638907, 37660, 651, 115327.203044, inf, 348.83720930232556, 3124.6114283459874, 84478.158722, 29092.999862, 0.215704, 1503.002527, 252.826229, 0, 3526, 26, 5130001, 425035011, 108704001, 538869013, 37105, 405, 101081.607994, inf, 697.6744186046511, 4444.970697164146, 84050.539269, 15905.748917, 0.05376, 843.008898, 282.25715, 0, 1763, 34, 2550001, 435242053, 53720047, 491512101
30000, 30000, 0, 0, fixed_reps_5, 38209, 1230, 95044.78089800001, inf, 173.41040462427745, 2159.660134176644, 85264.324456, 7085.71337, 0.837159, 2666.075362, 27.830551, 0, 865, 575, 10350001, 406033565, 27226413, 443609979, 37709, 700, 89689.34469399998, inf, 348.83720930232556, 3124.6114283459874, 84478.158722, 3675.822924, 0.222046, 1503.002527, 32.138475, 0, 430, 414, 5130001, 425035011, 13256661, 443421673, 37139, 439, 86940.340936, inf, 697.6744186046511, 4444.970697164146, 84050.539269, 2012.883787, 0.042099, 843.008898, 33.866883, 0, 215, 233, 2550001, 435242053, 6551263, 444343317
30000, 30000, 0, 0, fixed_reps_7, 38199, 1220, 97876.88063700001, inf, 173.41040462427745, 2159.660134176644, 85264.324456, 9906.197549, 0.81656, 2666.075362, 39.46671, 0, 1211, 395, 10350001, 406033565, 38116909, 454500475, 37694, 685, 91135.64974899999, inf, 348.83720930232556, 3124.6114283459874, 84478.158722, 5109.546311, 0.185288, 1503.002527, 44.756901, 0, 602, 318, 5130001, 425035011, 18559291, 448724303, 37135, 435, 87722.430466, inf, 697.6744186046511, 4444.970697164146, 84050.539269, 2780.601695, 0.045586, 843.008898, 48.235018, 0, 301, 217, 2550001, 435242053, 9171751, 446963805
30000, 30000, 0, 0, fixed_reps_9, 38193, 1214, 100679.79838400001, inf, 173.41040462427745, 2159.660134176644, 85264.324456, 12698.518865, 0.682099, 2666.075362, 50.197602, 0, 1557, 326, 10350001, 406033565, 49007405, 465390971, 37687, 678, 92583.322797, inf, 348.83720930232556, 3124.6114283459874, 84478.158722, 6544.312212, 0.237555, 1503.002527, 57.611781, 0, 774, 289, 5130001, 425035011, 23861921, 454026933, 37125, 425, 88530.679813, inf, 697.6744186046511, 4444.970697164146, 84050.539269, 3574.561645, 0.063809, 843.008898, 62.506192, 0, 387, 155, 2550001, 435242053, 11792239, 449584293
30000, 30000, 0, 0, greedy_1.000000, 38416, 1437, 89371.723346, inf, 173.41040462427745, 2159.660134176644, 85264.324456, 1436.195935, 0.79925, 2666.075362, 4.319837, 0.008506, 173, 1552, 10350001, 406033565, 5445421, 421828987, 37793, 784, 86719.984954, inf, 348.83720930232556, 3124.6114283459874, 84478.158722, 734.485759, 0.158968, 1503.002527, 4.17478, 0.004198, 86, 866, 5130001, 425035011, 2651401, 432816413, 37170, 470, 85296.153428, inf, 697.6744186046511, 4444.970697164146, 84050.539269, 398.360481, 0.046117, 843.008898, 4.196309, 0.002354, 43, 433, 2550001, 435242053, 1310287, 439102341
30000, 30000, 0, 0, greedy_11.000000, 38206, 1227, 99288.01005499999, inf, 173.41040462427745, 2159.660134176644, 85264.324456, 3538.471746, 0.783017, 2666.075362, 7817.977386, 0.378088, 1903, 762, 10350001, 406033565, 65793441, 482177007, 37696, 687, 92134.120125, inf, 348.83720930232556, 3124.6114283459874, 84478.158722, 1703.016878, 0.21858, 1503.002527, 4449.606509, 0.116909, 946, 526, 5130001, 425035011, 31963400, 462128412, 37133, 433, 88274.88088600001, inf, 697.6744186046511, 4444.970697164146, 84050.539269, 775.447362, 0.04256, 843.008898, 2605.813271, 0.029526, 473, 268, 2550001, 435242053, 15412609, 453204663
30000, 30000, 0, 0, greedy_13.000000, 38198, 1219, 100751.806324, inf, 173.41040462427745, 2159.660134176644, 85264.324456, 3673.319947, 0.873988, 2666.075362, 9146.761054, 0.451517, 2249, 761, 10350001, 406033565, 76693825, 493077391, 37695, 686, 92971.96303999999, inf, 348.83720930232556, 3124.6114283459874, 84478.158722, 1753.316787, 0.164679, 1503.002527, 5237.183809, 0.136516, 1118, 526, 5130001, 425035011, 37268568, 467433580, 37129, 429, 88739.505529, inf, 697.6744186046511, 4444.970697164146, 84050.539269, 791.681445, 0.038753, 843.008898, 3054.203421, 0.033743, 559, 267, 2550001, 435242053, 18035265, 455827319
30000, 30000, 0, 0, greedy_15.000000, 38192, 1213, 102236.67050400001, inf, 173.41040462427745, 2159.660134176644, 85264.324456, 3778.046981, 0.887173, 2666.075362, 10526.740204, 0.596328, 2595, 761, 10350001, 406033565, 87594209, 503977775, 37693, 684, 93830.73901399999, inf, 348.83720930232556, 3124.6114283459874, 84478.158722, 1796.411041, 0.172183, 1503.002527, 6052.838819, 0.155722, 1290, 526, 5130001, 425035011, 42573736, 472738748, 37129, 429, 89222.313201, inf, 697.6744186046511, 4444.970697164146, 84050.539269, 812.446384, 0.042469, 843.008898, 3516.237719, 0.038462, 645, 267, 2550001, 435242053, 20657921, 458449975
30000, 30000, 0, 0, greedy_17.000000, 38191, 1212, 103731.34557800002, inf, 173.41040462427745, 2159.660134176644, 85264.324456, 3900.443987, 0.689222, 2666.075362, 11899.207156, 0.605395, 2941, 761, 10350001, 406033565, 98494593, 514878159, 37689, 680, 94632.31852399999, inf, 348.83720930232556, 3124.6114283459874, 84478.158722, 1850.10256, 0.215214, 1503.002527, 6800.655967, 0.183534, 1462, 526, 5130001, 425035011, 47878904, 478043916, 37123, 423, 89692.86988700002, inf, 697.6744186046511, 4444.970697164146, 84050.539269, 830.019216, 0.041758, 843.008898, 3969.215892, 0.044854, 731, 266, 2550001, 435242053, 23280577, 461072631
30000, 30000, 0, 0, greedy_19.000000, 38190, 1211, 105275.877456, inf, 173.41040462427745, 2159.660134176644, 85264.324456, 4028.407803, 0.681758, 2666.075362, 13315.636659, 0.751418, 3287, 761, 10350001, 406033565, 109394977, 525778543, 37689, 680, 95386.29607, inf, 348.83720930232556, 3124.6114283459874, 84478.158722, 1890.830625, 0.166923, 1503.002527, 7513.936125, 0.201148, 1634, 525, 5130001, 425035011, 53184072, 483349084, 37123, 423, 90139.067307, inf, 697.6744186046511, 4444.970697164146, 84050.539269, 845.457117, 0.038713, 843.008898, 4399.978866, 0.044444, 817, 266, 2550001, 435242053, 25903233, 463695287
30000, 30000, 0, 0, greedy_21.000000, 38188, 1209, 106771.0211, inf, 173.41040462427745, 2159.660134176644, 85264.324456, 4144.876861, 0.687188, 2666.075362, 14694.318839, 0.738394, 3633, 761, 10350001, 406033565, 120295361, 536678927, 37689, 680, 96160.07212699999, inf, 348.83720930232556, 3124.6114283459874, 84478.158722, 1930.685783, 0.171662, 1503.002527, 8247.834482, 0.218951, 1806, 525, 5130001, 425035011, 58489240, 488654252, 37123, 423, 90587.009878, inf, 697.6744186046511, 4444.970697164146, 84050.539269, 862.87522, 0.03721, 843.008898, 4830.491984, 0.057297, 903, 266, 2550001, 435242053, 28525889, 466317943
30000, 30000, 0, 0, greedy_23.000000, 38185, 1206, 108132.71817800002, inf, 173.41040462427745, 2159.660134176644, 85264.324456, 4268.209916, 0.713027, 2666.075362, 15932.30889, 1.086527, 3979, 760, 10350001, 406033565, 131195745, 547579311, 37687, 678, 96970.592749, inf, 348.83720930232556, 3124.6114283459874, 84478.158722, 1977.734313, 0.173716, 1503.002527, 9011.265958, 0.257513, 1978, 525, 5130001, 425035011, 63794408, 493959420, 37123, 423, 91047.169155, inf, 697.6744186046511, 4444.970697164146, 84050.539269, 880.236509, 0.043471, 843.008898, 5273.282228, 0.05878, 989, 266, 2550001, 435242053, 31148545, 468940599
30000, 30000, 0, 0, greedy_25.000000, 38184, 1205, 109427.59024, inf, 173.41040462427745, 2159.660134176644, 85264.324456, 4349.52095, 0.853981, 2666.075362, 17145.665355, 1.150136, 4325, 760, 10350001, 406033565, 142096129, 558479695, 37684, 675, 97776.05611599999, inf, 348.83720930232556, 3124.6114283459874, 84478.158722, 2022.500271, 0.165701, 1503.002527, 9771.967605, 0.26129, 2150, 525, 5130001, 425035011, 69099576, 499264588, 37121, 421, 91506.709036, inf, 697.6744186046511, 4444.970697164146, 84050.539269, 904.835229, 0.040396, 843.008898, 5708.221514, 0.06373, 1075, 266, 2550001, 435242053, 33771201, 471563255
30000, 30000, 0, 0, greedy_27.000000, 38183, 1204, 110806.649541, inf, 173.41040462427745, 2159.660134176644, 85264.324456, 4459.532014, 0.686228, 2666.075362, 18414.916629, 1.114852, 4671, 760, 10350001, 406033565, 152996513, 569380079, 37684, 675, 98555.703386, inf, 348.83720930232556, 3124.6114283459874, 84478.158722, 2068.5834, 0.227467, 1503.002527, 10505.447708, 0.283562, 2322, 525, 5130001, 425035011, 74404744, 504569756, 37121, 421, 91906.037865, inf, 697.6744186046511, 4444.970697164146, 84050.539269, 915.093196, 0.04802, 843.008898, 6097.281326, 0.067156, 1161, 265, 2550001, 435242053, 36393857, 474185911
30000, 30000, 0, 0, greedy_29.000000, 38183, 1204, 112203.826852, inf, 173.41040462427745, 2159.660134176644, 85264.324456, 4570.99336, 0.840998, 2666.075362, 19700.487643, 1.105033, 5017, 760, 10350001, 406033565, 163896897, 580280463, 37684, 675, 99236.18012, inf, 348.83720930232556, 3124.6114283459874, 84478.158722, 2104.64277, 0.177633, 1503.002527, 11149.887405, 0.311063, 2494, 524, 5130001, 425035011, 79709912, 509874924, 37121, 421, 92299.010786, inf, 697.6744186046511, 4444.970697164146, 84050.539269, 926.607128, 0.041097, 843.008898, 6478.739935, 0.074459, 1247, 265, 2550001, 435242053, 39016513, 476808567
30000, 30000, 0, 0, greedy_3.000000, 38245, 1266, 92613.07177800001, inf, 173.41040462427745, 2159.660134176644, 85264.324456, 2948.30296, 0.655761, 2666.075362, 1733.615285, 0.097954, 519, 765, 10350001, 406033565, 22191905, 438575471, 37737, 728, 88464.97989799999, inf, 348.83720930232556, 3124.6114283459874, 84478.158722, 1479.03869, 0.169679, 1503.002527, 1004.582188, 0.028092, 258, 530, 5130001, 425035011, 10742728, 440907740, 37141, 441, 86166.188933, inf, 697.6744186046511, 4444.970697164146, 84050.539269, 691.221085, 0.044243, 843.008898, 581.366441, 0.008997, 129, 271, 2550001, 435242053, 4921985, 442714039
30000, 30000, 0, 0, greedy_31.000000, 38183, 1204, 113600.69941200002, inf, 173.41040462427745, 2159.660134176644, 85264.324456, 4666.401821, 0.856577, 2666.075362, 21001.821668, 1.219528, 5363, 760, 10350001, 406033565, 174797281, 591180847, 37684, 675, 99929.801822, inf, 348.83720930232556, 3124.6114283459874, 84478.158722, 2139.156525, 0.172213, 1503.002527, 11808.981936, 0.329899, 2666, 524, 5130001, 425035011, 85015080, 515180092, 37115, 415, 92709.78247600001, inf, 697.6744186046511, 4444.970697164146, 84050.539269, 945.83142, 0.041167, 843.008898, 6870.284367, 0.077355, 1333, 265, 2550001, 435242053, 41639169, 479431223
30000, 30000, 0, 0, greedy_33.000000, 38183, 1204, 115003.484176, inf, 173.41040462427745, 2159.660134176644, 85264.324456, 4769.376346, 0.859986, 2666.075362, 22301.64563, 1.202396, 5709, 760, 10350001, 406033565, 185697665, 602081231, 37684, 675, 100634.07319000001, inf, 348.83720930232556, 3124.6114283459874, 84478.158722, 2177.528186, 0.168726, 1503.002527, 12474.834165, 0.380864, 2838, 524, 5130001, 425035011, 90320248, 520485260, 37115, 415, 93144.288567, inf, 697.6744186046511, 4444.970697164146, 84050.539269, 958.190367, 0.044133, 843.008898, 7292.428695, 0.077205, 1419, 265, 2550001, 435242053, 44261825, 482053879
30000, 30000, 0, 0, greedy_35.000000, 38182, 1203, 116414.08176500001, inf, 173.41040462427745, 2159.660134176644, 85264.324456, 4880.273503, 0.861018, 2666.075362, 23601.342271, 1.205155, 6055, 760, 10350001, 406033565, 196598049, 612981615, 37684, 675, 101356.24447199999, inf, 348.83720930232556, 3124.6114283459874, 84478.158722, 2209.679694, 0.179727, 1503.002527, 13164.84959, 0.374212, 3010, 524, 5130001, 425035011, 95625416, 525790428, 37113, 413, 93572.832546, inf, 697.6744186046511, 4444.970697164146, 84050.539269, 973.039524, 0.048, 843.008898, 7706.113188, 0.083667, 1505, 265, 2550001, 435242053, 46884481, 484676535
30000, 30000, 0, 0, greedy_37.000000, 38182, 1203, 117833.06345300001, inf, 173.41040462427745, 2159.660134176644, 85264.324456, 4975.569975, 0.70341, 2666.075362, 24924.896727, 1.493523, 6401, 760, 10350001, 406033565, 207498433, 623881999, 37682, 673, 102122.123853, inf, 348.83720930232556, 3124.6114283459874, 84478.158722, 2254.642407, 0.238137, 1503.002527, 13885.682852, 0.399208, 3182, 524, 5130001, 425035011, 100930584, 531095596, 37113, 413, 94006.355662, inf, 697.6744186046511, 4444.970697164146, 84050.539269, 990.564329, 0.046057, 843.008898, 8122.105027, 0.092082, 1591, 265, 2550001, 435242053, 49507137, 487299191
30000, 30000, 0, 0, greedy_39.000000, 38182, 1203, 119219.685248, inf, 173.41040462427745, 2159.660134176644, 85264.324456, 5105.210058, 0.674316, 2666.075362, 26181.478127, 1.922929, 6747, 760, 10350001, 406033565, 218398817, 634782383, 37681, 672, 102947.960818, inf, 348.83720930232556, 3124.6114283459874, 84478.158722, 2313.177764, 0.179006, 1503.002527, 14653.019024, 0.423775, 3354, 524, 5130001, 425035011, 106235752, 536400764, 37113, 413, 94364.412455, inf, 697.6744186046511, 4444.970697164146, 84050.539269, 1002.506314, 0.044995, 843.008898, 8468.225865, 0.087114, 1677, 264, 2550001, 435242053, 52129793, 489921847
30000, 30000, 0, 0, greedy_5.000000, 38228, 1249, 94359.62945200001, inf, 173.41040462427745, 2159.660134176644, 85264.324456, 3114.496342, 0.835709, 2666.075362, 3313.726272, 0.171311, 865, 763, 10350001, 406033565, 33092289, 449475855, 37726, 717, 89432.81832199999, inf, 348.83720930232556, 3124.6114283459874, 84478.158722, 1541.547709, 0.175529, 1503.002527, 1909.883821, 0.050014, 430, 528, 5130001, 425035011, 16047896, 446212908, 37138, 438, 86717.333169, inf, 697.6744186046511, 4444.970697164146, 84050.539269, 713.843036, 0.057718, 843.008898, 1109.868368, 0.01588, 215, 270, 2550001, 435242053, 7544641, 445336695
30000, 30000, 0, 0, greedy_7.000000, 38220, 1241, 96035.01411600002, inf, 173.41040462427745, 2159.660134176644, 85264.324456, 3264.520749, 0.715731, 2666.075362, 4839.084218, 0.2936, 1211, 763, 10350001, 406033565, 43992673, 460376239, 37714, 705, 90358.87941000001, inf, 348.83720930232556, 3124.6114283459874, 84478.158722, 1595.787947, 0.174687, 1503.002527, 2781.684634, 0.070893, 602, 528, 5130001, 425035011, 21353064, 451518076, 37137, 437, 87247.617843, inf, 697.6744186046511, 4444.970697164146, 84050.539269, 735.63088, 0.040616, 843.008898, 1618.378383, 0.019797, 301, 269, 2550001, 435242053, 10167297, 447959351
30000, 30000, 0, 0, greedy_9.000000, 38212, 1233, 97681.044184, inf, 173.41040462427745, 2159.660134176644, 85264.324456, 3417.260644, 0.807283, 2666.075362, 6332.246992, 0.329447, 1557, 762, 10350001, 406033565, 54893057, 471276623, 37705, 696, 91272.27771099999, inf, 348.83720930232556, 3124.6114283459874, 84478.158722, 1649.169436, 0.173495, 1503.002527, 3641.680376, 0.093155, 774, 527, 5130001, 425035011, 26658232, 456823244, 37133, 433, 87764.992285, inf, 697.6744186046511, 4444.970697164146, 84050.539269, 754.918307, 0.046116, 843.008898, 2116.454308, 0.025387, 387, 268, 2550001, 435242053, 12789953, 450582007
30000, 30000, 0, 0, opt, 38161, 1182, 96936.96398300001, inf, 173.41040462427745, 2159.660134176644, 85264.324456, 9005.70228, 0.861885, 2666.075362, 0, 0, 0, 0, 10350001, 406033565, 45089920, 461473486, 37658, 649, 91718.793221, inf, 348.83720930232556, 3124.6114283459874, 84478.158722, 5737.452726, 0.179246, 1503.002527, 0, 0, 0, 0, 5130001, 425035011, 25315780, 455480792, 37103, 403, 88431.336118, inf, 697.6744186046511, 4444.970697164146, 84050.539269, 3537.742085, 0.045866, 843.008898, 0, 0, 0, 0, 2550001, 435242053, 14873056, 452665110
30000, 30000, 0, 0, plus_edge, 38322, 1343, 89394.286344, inf, 173.41040462427745, 2159.660134176644, 85264.324456, 1463.070367, 0.816159, 2666.075362, 0, 0, 0, 0, 10350001, 406033565, 5444832, 421828398, 37764, 755, 86726.057207, inf, 348.83720930232556, 3124.6114283459874, 84478.158722, 744.743352, 0.152606, 1503.002527, 0, 0, 0, 0, 5130001, 425035011, 2628540, 432793552, 37165, 465, 85291.830726, inf, 697.6744186046511, 4444.970697164146, 84050.539269, 398.240971, 0.041588, 843.008898, 0, 0, 0, 0, 2550001, 435242053, 1282008, 439074062
30000, 30000, 0, 0, simple, 38416, 1437, 89382.555879, inf, 173.41040462427745, 2159.660134176644, 85264.324456, 1451.47819, 0.677871, 2666.075362, 0, 0, 0, 0, 10350001, 406033565, 5415248, 421798814, 37793, 784, 86724.560339, inf, 348.83720930232556, 3124.6114283459874, 84478.158722, 743.215796, 0.183294, 1503.002527, 0, 0, 0, 0, 5130001, 425035011, 2621315, 432786327, 37170, 470, 85289.154045, inf, 697.6744186046511, 4444.970697164146, 84050.539269, 395.560452, 0.045426, 843.008898, 0, 0, 0, 0, 2550001, 435242053, 1280244, 439072298
