N, N, MST_Cost, MST_Runtime, RunType, C173_MFC_Cost, C173_MFC_Completion_Cost, C173_MFC_Runtime, C173_Gamma, C173_Cluster_Size_Mu, C173_Cluster_Size_Sigma, C173_Sub_Clustering_Runtime, C173_Completion_Edges_Runtime, C173_Completion_Runtime, C173_Clustering_Runtime, C173_Find_Reps_Runtime, C173_Pick_Reps_Runtime, C173_Rep_Count, C173_Reps_Cost, C173_Clustering_Dist_Calls, C173_Sub_Clustering_Dist_Calls, C173_MFC_Dist_Calls, C173_Dist_Calls, C86_MFC_Cost, C86_MFC_Completion_Cost, C86_MFC_Runtime, C86_Gamma, C86_Cluster_Size_Mu, C86_Cluster_Size_Sigma, C86_Sub_Clustering_Runtime, C86_Completion_Edges_Runtime, C86_Completion_Runtime, C86_Clustering_Runtime, C86_Find_Reps_Runtime, C86_Pick_Reps_Runtime, C86_Rep_Count, C86_Reps_Cost, C86_Clustering_Dist_Calls, C86_Sub_Clustering_Dist_Calls, C86_MFC_Dist_Calls, C86_Dist_Calls, C43_MFC_Cost, C43_MFC_Completion_Cost, C43_MFC_Runtime, C43_Gamma, C43_Cluster_Size_Mu, C43_Cluster_Size_Sigma, C43_Sub_Clustering_Runtime, C43_Completion_Edges_Runtime, C43_Completion_Runtime, C43_Clustering_Runtime, C43_Find_Reps_Runtime, C43_Pick_Reps_Runtime, C43_Rep_Count, C43_Reps_Cost, C43_Clustering_Dist_Calls, C43_Sub_Clustering_Dist_Calls, C43_MFC_Dist_Calls, C43_Dist_Calls
30000, 30000, 0, 0, dp_1.000000, 1007991, 26883, 335567.920376, inf, 173.41040462427745, 792.8598556133293, 254271.824415, 36840.96647, 1.475126, 44310.060054, 143.582709, 0.011602, 173, 0, 10350001, 56962370, 8607985, 75920356, 1016062, 15432, 458248.925625, inf, 348.83720930232556, 1451.634803043164, 419622.758706, 16767.126274, 0.371777, 21709.186419, 149.475075, 0.007374, 86, 0, 5130001, 95829033, 3972301, 104931335, 991385, 8062, 684159.008895, inf, 697.6744186046511, 2562.2230874400284, 665722.240255, 7569.292047, 0.063298, 10718.323336, 149.084369, 0.00559, 43, 0, 2550001, 151597340, 1781653, 155928994
30000, 30000, 0, 0, dp_11.000000, 1002017, 20909, 900409.484749, inf, 173.41040462427745, 792.8598556133293, 254271.824415, 384570.031105, 1.489934, 44310.060054, 217093.424376, 162.654865, 1903, 10993, 10350001, 56962370, 146545550, 213857921, 1011248, 10618, 727945.2000379999, inf, 348.83720930232556, 1451.634803043164, 419622.758706, 177677.228084, 0.409508, 21709.186419, 108916.430159, 19.187162, 946, 9106, 5130001, 95829033, 69506153, 170465187, 989300, 5977, 810522.968974, inf, 697.6744186046511, 2562.2230874400284, 665722.240255, 78496.965576, 0.100729, 10718.323336, 55582.676947, 2.662131, 473, 4886, 2550001, 151597340, 32343431, 186490772
30000, 30000, 0, 0, dp_13.000000, 1001777, 20669, 1007333.892414, inf, 173.41040462427745, 792.8598556133293, 254271.824415, 450004.395667, 1.271755, 44310.060054, 258516.745119, 229.595404, 2249, 9484, 10350001, 56962370, 173891394, 241203765, 1011163, 10533, 781348.826289, inf, 348.83720930232556, 1451.634803043164, 419622.758706, 209583.475842, 0.407654, 21709.186419, 130405.849828, 27.14784, 1118, 8301, 5130001, 95829033, 82559771, 183518805, 989229, 5906, 834944.5145209999, inf, 697.6744186046511, 2562.2230874400284, 665722.240255, 92383.042315, 0.095669, 10718.323336, 66117.210902, 3.602044, 559, 4603, 2550001, 151597340, 38510061, 192657402
30000, 30000, 0, 0, dp_15.000000, 1001737, 20629, 1116652.3969780002, inf, 173.41040462427745, 792.8598556133293, 254271.824415, 516965.947533, 1.484313, 44310.060054, 300794.661285, 308.419378, 2595, 8242, 10350001, 56962370, 200987111, 268299482, 1011126, 10496, 833853.616592, inf, 348.83720930232556, 1451.634803043164, 419622.758706, 241285.978402, 0.38956, 21709.186419, 151198.766019, 36.537486, 1290, 7631, 5130001, 95829033, 95696959, 196655993, 989153, 5830, 859810.1498519998, inf, 697.6744186046511, 2562.2230874400284, 665722.240255, 106658.308535, 0.09587, 10718.323336, 76706.37809, 4.803766, 645, 4357, 2550001, 151597340, 44663622, 198810963
30000, 30000, 0, 0, dp_17.000000, 1001645, 20537, 1228189.322532, inf, 173.41040462427745, 792.8598556133293, 254271.824415, 585229.245729, 1.469415, 44310.060054, 343978.098707, 398.624212, 2941, 7157, 10350001, 56962370, 228382633, 295695004, 1011083, 10453, 888844.365607, inf, 348.83720930232556, 1451.634803043164, 419622.758706, 273686.560435, 0.393328, 21709.186419, 173778.264994, 47.201725, 1462, 7062, 5130001, 95829033, 108834147, 209793181, 989144, 5821, 884924.5093419999, inf, 697.6744186046511, 2562.2230874400284, 665722.240255, 120849.960069, 0.097904, 10718.323336, 87627.843555, 6.044223, 731, 4140, 2550001, 151597340, 50830252, 204977593
30000, 30000, 0, 0, dp_19.000000, 1001602, 20494, 1340454.1208590001, inf, 173.41040462427745, 792.8598556133293, 254271.824415, 654041.67569, 1.476459, 44310.060054, 387329.128875, 499.955366, 3287, 6257, 10350001, 56962370, 255838695, 323151066, 1011061, 10431, 941540.9359459999, inf, 348.83720930232556, 1451.634803043164, 419622.758706, 304728.904294, 0.390482, 21709.186419, 195419.962608, 59.733437, 1634, 6537, 5130001, 95829033, 121891528, 222850562, 989122, 5799, 911197.060488, inf, 697.6744186046511, 2562.2230874400284, 665722.240255, 136807.832167, 0.135434, 10718.323336, 97940.942412, 7.586884, 817, 3942, 2550001, 151597340, 56996882, 211144223
30000, 30000, 0, 0, dp_21.000000, 1001549, 20441, 1457884.6078620001, inf, 173.41040462427745, 792.8598556133293, 254271.824415, 726853.687223, 1.652409, 44310.060054, 431834.370651, 613.01311, 3633, 5504, 10350001, 56962370, 282754529, 350066900, 1011021, 10391, 993609.6094649999, inf, 348.83720930232556, 1451.634803043164, 419622.758706, 335021.218789, 0.388689, 21709.186419, 217182.492578, 73.564284, 1806, 6089, 5130001, 95829033, 135028716, 235987750, 989102, 5779, 937256.209363, inf, 697.6744186046511, 2562.2230874400284, 665722.240255, 149636.194416, 0.157135, 10718.323336, 111170.033228, 9.260993, 903, 3749, 2550001, 151597340, 63163512, 217310853
30000, 30000, 0, 0, dp_23.000000, 1001527, 20419, 1566171.2624760002, inf, 173.41040462427745, 792.8598556133293, 254271.824415, 791018.315947, 1.485236, 44310.060054, 475832.409406, 737.167418, 3979, 4878, 10350001, 56962370, 310229999, 377542370, 1011008, 10378, 1047281.506273, inf, 348.83720930232556, 1451.634803043164, 419622.758706, 366018.059051, 0.38919, 21709.186419, 239842.397528, 88.715379, 1978, 5677, 5130001, 95829033, 148165904, 249124938, 989060, 5737, 959263.997217, inf, 697.6744186046511, 2562.2230874400284, 665722.240255, 162845.300276, 0.109496, 10718.323336, 119966.985619, 11.038235, 989, 3565, 2550001, 151597340, 69015146, 223162487
30000, 30000, 0, 0, dp_25.000000, 1001493, 20385, 1683050.6346220002, inf, 173.41040462427745, 792.8598556133293, 254271.824415, 862163.175833, 1.549907, 44310.060054, 521429.30451, 874.719903, 4325, 4343, 10350001, 56962370, 337865365, 405177736, 1010934, 10304, 1104816.231973, inf, 348.83720930232556, 1451.634803043164, 419622.758706, 402127.435207, 0.593393, 21709.186419, 261246.957985, 109.300263, 2150, 5300, 5130001, 95829033, 161002240, 261961274, 989060, 5737, 985265.095968, inf, 697.6744186046511, 2562.2230874400284, 665722.240255, 177972.931493, 0.11164, 10718.323336, 130838.440268, 13.048976, 1075, 3395, 2550001, 151597340, 75181776, 229329117
30000, 30000, 0, 0, dp_27.000000, 1001467, 20359, 1798892.844735, inf, 173.41040462427745, 792.8598556133293, 254271.824415, 938374.46991, 1.484434, 44310.060054, 560917.000967, 1018.004955, 4671, 3894, 10350001, 56962370, 365411079, 432723450, 1010927, 10297, 1155822.019752, inf, 348.83720930232556, 1451.634803043164, 419622.758706, 433385.189814, 0.388248, 21709.186419, 280980.111319, 124.385246, 2322, 4948, 5130001, 95829033, 174139428, 275098462, 989051, 5728, 1012002.8540449998, inf, 697.6744186046511, 2562.2230874400284, 665722.240255, 193342.433609, 0.100648, 10718.323336, 142204.752275, 15.003922, 1161, 3230, 2550001, 151597340, 81348406, 235495747
30000, 30000, 0, 0, dp_29.000000, 1001428, 20320, 1914820.676292, inf, 173.41040462427745, 792.8598556133293, 254271.824415, 1012829.268131, 1.467442, 44310.060054, 602232.253498, 1175.802752, 5017, 3512, 10350001, 56962370, 393046445, 460358816, 1010916, 10286, 1201361.944667, inf, 348.83720930232556, 1451.634803043164, 419622.758706, 458436.679634, 0.394911, 21709.186419, 301449.507158, 143.417839, 2494, 4618, 5130001, 95829033, 186950301, 287909335, 989013, 5690, 1034873.624581, inf, 697.6744186046511, 2562.2230874400284, 665722.240255, 205570.916683, 0.095939, 10718.323336, 152844.698398, 17.34997, 1247, 3078, 2550001, 151597340, 87214449, 241361790
30000, 30000, 0, 0, dp_3.000000, 1004434, 23326, 448798.3670010001, inf, 173.41040462427745, 792.8598556133293, 254271.824415, 106853.390441, 1.476268, 44310.060054, 43353.043627, 8.572196, 519, 25061, 10350001, 56962370, 36203377, 103515748, 1013187, 12557, 512405.181214, inf, 348.83720930232556, 1451.634803043164, 419622.758706, 49224.238888, 0.38955, 21709.186419, 21847.543165, 1.064486, 258, 15749, 5130001, 95829033, 17109489, 118068523, 990066, 6743, 709404.53632, inf, 697.6744186046511, 2562.2230874400284, 665722.240255, 21887.413425, 0.104987, 10718.323336, 11076.202815, 0.251502, 129, 8296, 2550001, 151597340, 7919647, 162066988
30000, 30000, 0, 0, dp_31.000000, 1001377, 20269, 2014605.954088, inf, 173.41040462427745, 792.8598556133293, 254271.824415, 1061759.23142, 1.48228, 44310.060054, 652918.745134, 1344.610785, 5363, 3170, 10350001, 56962370, 419525074, 486837445, 1010908, 10278, 1262227.027405, inf, 348.83720930232556, 1451.634803043164, 419622.758706, 496344.033097, 0.387426, 21709.186419, 324387.316307, 163.34545, 2666, 4311, 5130001, 95829033, 199968829, 300927863, 988984, 5661, 1064577.4562849998, inf, 697.6744186046511, 2562.2230874400284, 665722.240255, 219844.470865, 0.103595, 10718.323336, 168272.422561, 19.895673, 1333, 2935, 2550001, 151597340, 93381079, 247528420
30000, 30000, 0, 0, dp_33.000000, 1001368, 20260, 2131817.302471, inf, 173.41040462427745, 792.8598556133293, 254271.824415, 1136995.583979, 1.524279, 44310.060054, 694713.883898, 1524.425846, 5709, 2863, 10350001, 56962370, 447160440, 514472811, 1010898, 10268, 1309196.820228, inf, 348.83720930232556, 1451.634803043164, 419622.758706, 523428.459004, 0.401633, 21709.186419, 344250.577494, 185.436972, 2838, 4039, 5130001, 95829033, 213106017, 314065051, 988984, 5661, 1084861.906169, inf, 697.6744186046511, 2562.2230874400284, 665722.240255, 234179.474093, 0.107371, 10718.323336, 174219.190849, 22.570265, 1419, 2804, 2550001, 151597340, 99547709, 253695050
30000, 30000, 0, 0, dp_35.000000, 1001367, 20259, 2253710.346646, inf, 173.41040462427745, 792.8598556133293, 254271.824415, 1215060.10789, 1.486687, 44310.060054, 738351.655351, 1715.212249, 6055, 2590, 10350001, 56962370, 474795806, 542108177, 1010891, 10261, 1360674.306499, inf, 348.83720930232556, 1451.634803043164, 419622.758706, 552643.067941, 0.390292, 21709.186419, 366489.642367, 209.260774, 3010, 3792, 5130001, 95829033, 225424219, 326383253, 988978, 5655, 1109067.3403929998, inf, 697.6744186046511, 2562.2230874400284, 665722.240255, 247231.473799, 0.104165, 10718.323336, 185369.594122, 25.604716, 1505, 2681, 2550001, 151597340, 105284799, 259432140
30000, 30000, 0, 0, dp_37.000000, 1001361, 20253, 2348119.1810629996, inf, 173.41040462427745, 792.8598556133293, 254271.824415, 1272582.842943, 1.673548, 44310.060054, 775033.32959, 1919.450513, 6401, 2349, 10350001, 56962370, 501624304, 568936675, 1010891, 10261, 1414081.9467749998, inf, 348.83720930232556, 1451.634803043164, 419622.758706, 582833.825998, 0.394901, 21709.186419, 389681.621459, 234.159292, 3182, 3561, 5130001, 95829033, 238251806, 339210840, 988975, 5652, 1137121.622039, inf, 697.6744186046511, 2562.2230874400284, 665722.240255, 263508.869754, 0.10146, 10718.323336, 197143.655541, 28.431693, 1591, 2569, 2550001, 151597340, 111399153, 265546494
30000, 30000, 0, 0, dp_39.000000, 1001357, 20249, 2459763.149233, inf, 173.41040462427745, 792.8598556133293, 254271.824415, 1340920.927497, 1.515441, 44310.060054, 818125.882519, 2132.939307, 6747, 2128, 10350001, 56962370, 529239683, 596552054, 1010883, 10253, 1464722.443429, inf, 348.83720930232556, 1451.634803043164, 419622.758706, 612600.254608, 0.574076, 21709.186419, 410518.399851, 271.269769, 3354, 3360, 5130001, 95829033, 250971144, 351930178, 988975, 5652, 1157816.024696, inf, 697.6744186046511, 2562.2230874400284, 665722.240255, 274156.256255, 0.10673, 10718.323336, 207186.207097, 32.891023, 1677, 2468, 2550001, 151597340, 117369748, 271517089
30000, 30000, 0, 0, dp_5.000000, 1002884, 21776, 559885.8787120001, inf, 173.41040462427745, 792.8598556133293, 254271.824415, 174749.552779, 1.704016, 44310.060054, 86523.665842, 29.071606, 865, 18796, 10350001, 56962370, 63808859, 131121230, 1011703, 11073, 566103.8675609999, inf, 348.83720930232556, 1451.634803043164, 419622.758706, 81349.925962, 0.394109, 21709.186419, 43418.156833, 3.445532, 430, 12929, 5130001, 95829033, 30213249, 131172283, 989763, 6440, 734299.102586, inf, 697.6744186046511, 2562.2230874400284, 665722.240255, 35944.750955, 0.097102, 10718.323336, 21913.175362, 0.515576, 215, 6711, 2550001, 151597340, 14057641, 168204982
30000, 30000, 0, 0, dp_7.000000, 1002343, 21235, 671240.8305230001, inf, 173.41040462427745, 792.8598556133293, 254271.824415, 243027.112578, 1.486087, 44310.060054, 129569.031605, 61.315784, 1211, 15331, 10350001, 56962370, 91384457, 158696828, 1011455, 10825, 619718.5295879999, inf, 348.83720930232556, 1451.634803043164, 419622.758706, 113381.24986, 0.385302, 21709.186419, 64997.535829, 7.413472, 602, 11259, 5130001, 95829033, 43350437, 144309471, 989441, 6118, 759279.72376, inf, 697.6744186046511, 2562.2230874400284, 665722.240255, 49905.533211, 0.102842, 10718.323336, 32932.563234, 0.960882, 301, 5784, 2550001, 151597340, 20156428, 174303769
30000, 30000, 0, 0, dp_9.000000, 1002170, 21062, 786544.377476, inf, 173.41040462427745, 792.8598556133293, 254271.824415, 314944.840904, 1.504231, 44310.060054, 172910.475988, 105.671884, 1557, 12885, 10350001, 56962370, 119019823, 186332194, 1011282, 10652, 671181.33439, inf, 348.83720930232556, 1451.634803043164, 419622.758706, 143267.063443, 0.405711, 21709.186419, 86569.272894, 12.647217, 774, 10065, 5130001, 95829033, 56368965, 157327999, 989359, 6036, 786005.9717329999, inf, 697.6744186046511, 2562.2230874400284, 665722.240255, 65686.563361, 0.105057, 10718.323336, 43877.117633, 1.622091, 387, 5252, 2550001, 151597340, 26270782, 180418123
30000, 30000, 0, 0, fixed_reps_1, 1007991, 26883, 335382.18946900003, inf, 173.41040462427745, 792.8598556133293, 254271.824415, 36629.412916, 1.469386, 44310.060054, 169.422698, 0, 173, 44902, 10350001, 56962370, 8607985, 75920356, 1016062, 15432, 458379.98774699995, inf, 348.83720930232556, 1451.634803043164, 419622.758706, 16880.188992, 0.377858, 21709.186419, 167.475772, 0, 86, 25142, 5130001, 95829033, 3972301, 104931335, 991385, 8062, 684178.2437869998, inf, 697.6744186046511, 2562.2230874400284, 665722.240255, 7571.427069, 0.088716, 10718.323336, 166.164411, 0, 43, 13789, 2550001, 151597340, 1781653, 155928994
30000, 30000, 0, 0, fixed_reps_11, 1002041, 20933, 679619.003596, inf, 173.41040462427745, 792.8598556133293, 254271.824415, 379642.234854, 1.492358, 44310.060054, 1393.391915, 0, 1903, 16369, 10350001, 56962370, 94686105, 161998476, 1011383, 10753, 616770.5377019999, inf, 348.83720930232556, 1451.634803043164, 419622.758706, 174036.764583, 0.400281, 21709.186419, 1401.427713, 0, 946, 11456, 5130001, 95829033, 43694451, 144653485, 989276, 5953, 756011.053988, inf, 697.6744186046511, 2562.2230874400284, 665722.240255, 78143.221427, 0.11244, 10718.323336, 1427.15653, 0, 473, 6286, 2550001, 151597340, 19597753, 173745094
30000, 30000, 0, 0, fixed_reps_13, 1001920, 20812, 748517.447215, inf, 173.41040462427745, 792.8598556133293, 254271.824415, 448289.506954, 1.652138, 44310.060054, 1644.403654, 0, 2249, 14842, 10350001, 56962370, 111901729, 179214100, 1011319, 10689, 649932.3323359999, inf, 348.83720930232556, 1451.634803043164, 419622.758706, 206914.253227, 0.391965, 21709.186419, 1685.742019, 0, 1118, 10759, 5130001, 95829033, 51638881, 152597915, 989219, 5896, 770653.181922, inf, 697.6744186046511, 2562.2230874400284, 665722.240255, 92340.853765, 0.101951, 10718.323336, 1871.662615, 0, 559, 5999, 2550001, 151597340, 23160973, 177308314
30000, 30000, 0, 0, fixed_reps_15, 1001905, 20797, 816883.509744, inf, 173.41040462427745, 792.8598556133293, 254271.824415, 516412.470338, 1.588259, 44310.060054, 1887.566678, 0, 2595, 13549, 10350001, 56962370, 129117353, 196429724, 1011245, 10615, 680093.123983, inf, 348.83720930232556, 1451.634803043164, 419622.758706, 236848.694907, 0.393518, 21709.186419, 1912.090433, 0, 1290, 10324, 5130001, 95829033, 59583311, 160542345, 989201, 5878, 783489.7308379998, inf, 697.6744186046511, 2562.2230874400284, 665722.240255, 105114.45118, 0.105578, 10718.323336, 1934.610489, 0, 645, 5409, 2550001, 151597340, 26724193, 180871534
30000, 30000, 0, 0, fixed_reps_17, 1001875, 20767, 885102.6734020001, inf, 173.41040462427745, 792.8598556133293, 254271.824415, 584381.081797, 1.515141, 44310.060054, 2138.191995, 0, 2941, 12490, 10350001, 56962370, 146332977, 213645348, 1011170, 10540, 710705.619066, inf, 348.83720930232556, 1451.634803043164, 419622.758706, 267218.759665, 0.397766, 21709.186419, 2154.51651, 0, 1462, 9751, 5130001, 95829033, 67527741, 168486775, 989157, 5834, 797666.0738659999, inf, 697.6744186046511, 2562.2230874400284, 665722.240255, 119045.267305, 0.102863, 10718.323336, 2180.140107, 0, 731, 5170, 2550001, 151597340, 30287413, 184434754
30000, 30000, 0, 0, fixed_reps_19, 1001847, 20739, 954036.536775, inf, 173.41040462427745, 792.8598556133293, 254271.824415, 653040.796932, 1.467913, 44310.060054, 2412.387461, 0, 3287, 11551, 10350001, 56962370, 163548601, 230860972, 1011126, 10496, 742395.202482, inf, 348.83720930232556, 1451.634803043164, 419622.758706, 298667.678425, 0.387006, 21709.186419, 2395.191926, 0, 1634, 9284, 5130001, 95829033, 75472171, 176431205, 989143, 5820, 811900.55741, inf, 697.6744186046511, 2562.2230874400284, 665722.240255, 133007.482638, 0.100338, 10718.323336, 2452.410843, 0, 817, 4948, 2550001, 151597340, 33850633, 187997974
30000, 30000, 0, 0, fixed_reps_21, 1001835, 20727, 1023700.0084770002, inf, 173.41040462427745, 792.8598556133293, 254271.824415, 722475.661099, 1.482501, 44310.060054, 2640.980408, 0, 3633, 10829, 10350001, 56962370, 180764225, 248076596, 1011112, 10482, 774957.155619, inf, 348.83720930232556, 1451.634803043164, 419622.758706, 330968.900194, 0.391404, 21709.186419, 2655.918896, 0, 1806, 8868, 5130001, 95829033, 83416601, 184375635, 989124, 5801, 831037.9871350001, inf, 697.6744186046511, 2562.2230874400284, 665722.240255, 151812.768979, 0.104215, 10718.323336, 2784.55035, 0, 903, 4783, 2550001, 151597340, 37413853, 191561194
30000, 30000, 0, 0, fixed_reps_23, 1001804, 20696, 1091548.431252, inf, 173.41040462427745, 792.8598556133293, 254271.824415, 790062.19349, 1.502677, 44310.060054, 2902.850616, 0, 3979, 10142, 10350001, 56962370, 197979849, 265292220, 1011104, 10474, 809163.1443449999, inf, 348.83720930232556, 1451.634803043164, 419622.758706, 364891.97682, 0.392656, 21709.186419, 2938.829744, 0, 1978, 8411, 5130001, 95829033, 91361031, 192320065, 989124, 5801, 840307.214694, inf, 697.6744186046511, 2562.2230874400284, 665722.240255, 160871.310979, 0.099266, 10718.323336, 2995.240858, 0, 989, 4621, 2550001, 151597340, 40977073, 195124414
30000, 30000, 0, 0, fixed_reps_25, 1001748, 20640, 1167301.623306, inf, 173.41040462427745, 792.8598556133293, 254271.824415, 865558.198555, 1.470818, 44310.060054, 3160.069464, 0, 4325, 9562, 10350001, 56962370, 215195473, 282507844, 1011060, 10430, 836784.173039, inf, 348.83720930232556, 1451.634803043164, 419622.758706, 392286.046747, 0.386575, 21709.186419, 3165.794592, 0, 2150, 8022, 5130001, 95829033, 99305461, 200264495, 989117, 5794, 854375.6161539999, inf, 697.6744186046511, 2562.2230874400284, 665722.240255, 174730.004373, 0.10126, 10718.323336, 3204.94693, 0, 1075, 4468, 2550001, 151597340, 44540293, 198687634
30000, 30000, 0, 0, fixed_reps_27, 1001717, 20609, 1241705.215018, inf, 173.41040462427745, 792.8598556133293, 254271.824415, 939708.038234, 1.464015, 44310.060054, 3413.8283, 0, 4671, 9052, 10350001, 56962370, 232411097, 299723468, 1011049, 10419, 868599.9290189999, inf, 348.83720930232556, 1451.634803043164, 419622.758706, 423860.858959, 0.392226, 21709.186419, 3406.732709, 0, 2322, 7708, 5130001, 95829033, 107249891, 208208925, 989112, 5789, 869335.110384, inf, 697.6744186046511, 2562.2230874400284, 665722.240255, 189453.673055, 0.117099, 10718.323336, 3440.756639, 0, 1161, 4304, 2550001, 151597340, 48103513, 202250854
30000, 30000, 0, 0, fixed_reps_29, 1001681, 20573, 1311677.427038, inf, 173.41040462427745, 792.8598556133293, 254271.824415, 1009417.504522, 1.469645, 44310.060054, 3676.568402, 0, 5017, 8553, 10350001, 56962370, 249626721, 316939092, 1011040, 10410, 905739.555768, inf, 348.83720930232556, 1451.634803043164, 419622.758706, 460694.366067, 0.398948, 21709.186419, 3712.845628, 0, 2494, 7316, 5130001, 95829033, 115194321, 216153355, 989098, 5775, 883772.6530559999, inf, 697.6744186046511, 2562.2230874400284, 665722.240255, 202846.031961, 0.140042, 10718.323336, 4485.917462, 0, 1247, 4207, 2550001, 151597340, 51666733, 205814074
30000, 30000, 0, 0, fixed_reps_3, 1004182, 23074, 404426.42787300004, inf, 173.41040462427745, 792.8598556133293, 254271.824415, 105448.294132, 1.474925, 44310.060054, 394.774347, 0, 519, 32159, 10350001, 56962370, 25823609, 93135980, 1012655, 12025, 489975.56929899997, inf, 348.83720930232556, 1451.634803043164, 419622.758706, 48253.535005, 0.38901, 21709.186419, 389.700159, 0, 258, 19386, 5130001, 95829033, 11916731, 112875765, 990112, 6789, 698453.2977939999, inf, 697.6744186046511, 2562.2230874400284, 665722.240255, 21621.152661, 0.098375, 10718.323336, 391.483167, 0, 129, 10041, 2550001, 151597340, 5344873, 159492214
30000, 30000, 0, 0, fixed_reps_31, 1001619, 20511, 1367595.52511, inf, 173.41040462427745, 792.8598556133293, 254271.824415, 1065128.079379, 1.468894, 44310.060054, 3884.092368, 0, 5363, 8065, 10350001, 56962370, 266842345, 334154716, 1011021, 10391, 931501.4927279999, inf, 348.83720930232556, 1451.634803043164, 419622.758706, 486253.951594, 0.39458, 21709.186419, 3915.201429, 0, 2666, 7051, 5130001, 95829033, 123138751, 224097785, 989086, 5763, 897078.579787, inf, 697.6744186046511, 2562.2230874400284, 665722.240255, 216654.17346, 0.08539, 10718.323336, 3983.757346, 0, 1333, 4111, 2550001, 151597340, 55229953, 209377294
30000, 30000, 0, 0, fixed_reps_33, 1001595, 20487, 1437024.0734670002, inf, 173.41040462427745, 792.8598556133293, 254271.824415, 1134284.76496, 1.475186, 44310.060054, 4155.948852, 0, 5709, 7664, 10350001, 56962370, 284057969, 351370340, 1011008, 10378, 968638.340154, inf, 348.83720930232556, 1451.634803043164, 419622.758706, 523104.365628, 0.389661, 21709.186419, 4201.63974, 0, 2838, 6830, 5130001, 95829033, 131083181, 232042215, 989086, 5763, 911638.57029, inf, 697.6744186046511, 2562.2230874400284, 665722.240255, 230986.944951, 0.096841, 10718.323336, 4210.964907, 0, 1419, 4028, 2550001, 151597340, 58793173, 212940514
30000, 30000, 0, 0, fixed_reps_35, 1001574, 20466, 1506406.6682189999, inf, 173.41040462427745, 792.8598556133293, 254271.824415, 1203447.499651, 1.484153, 44310.060054, 4375.799946, 0, 6055, 7261, 10350001, 56962370, 301273593, 368585964, 1011002, 10372, 1000856.6447739999, inf, 348.83720930232556, 1451.634803043164, 419622.758706, 555062.488054, 0.392246, 21709.186419, 4461.819349, 0, 3010, 6617, 5130001, 95829033, 139027611, 239986645, 989079, 5756, 925235.1990679998, inf, 697.6744186046511, 2562.2230874400284, 665722.240255, 244330.05407, 0.091672, 10718.323336, 4464.489735, 0, 1505, 3945, 2550001, 151597340, 62356393, 216503734
30000, 30000, 0, 0, fixed_reps_37, 1001531, 20423, 1565690.996087, inf, 173.41040462427745, 792.8598556133293, 254271.824415, 1262464.76006, 1.474004, 44310.060054, 4642.877554, 0, 6401, 6962, 10350001, 56962370, 318489217, 385801588, 1011002, 10372, 1034009.395505, inf, 348.83720930232556, 1451.634803043164, 419622.758706, 587964.499548, 0.388378, 21709.186419, 4712.562454, 0, 3182, 6427, 5130001, 95829033, 146972041, 247931075, 989077, 5754, 939979.3483419998, inf, 697.6744186046511, 2562.2230874400284, 665722.240255, 258843.358697, 0.096311, 10718.323336, 4695.329743, 0, 1591, 3856, 2550001, 151597340, 65919613, 220066954
30000, 30000, 0, 0, fixed_reps_39, 1001506, 20398, 1641618.434936, inf, 173.41040462427745, 792.8598556133293, 254271.824415, 1338145.197294, 1.485646, 44310.060054, 4889.867527, 0, 6747, 6593, 10350001, 56962370, 335704841, 403017212, 1010954, 10324, 1066618.024478, inf, 348.83720930232556, 1451.634803043164, 419622.758706, 620387.583731, 0.392526, 21709.186419, 4898.103096, 0, 3354, 6204, 5130001, 95829033, 154916471, 255875505, 989072, 5749, 953625.291175, inf, 697.6744186046511, 2562.2230874400284, 665722.240255, 272206.034294, 0.089337, 10718.323336, 4978.603953, 0, 1677, 3794, 2550001, 151597340, 69482833, 223630174
30000, 30000, 0, 0, fixed_reps_41, 1001500, 20392, 1711975.5640450001, inf, 173.41040462427745, 792.8598556133293, 254271.824415, 1408280.951304, 1.475086, 44310.060054, 5111.253186, 0, 7093, 6315, 10350001, 56962370, 352920465, 420232836, 1010950, 10320, 1098717.150095, inf, 348.83720930232556, 1451.634803043164, 419622.758706, 652136.009821, 0.395381, 21709.186419, 5248.799768, 0, 3526, 6013, 5130001, 95829033, 162860901, 263819935, 989070, 5747, 967969.5596659998, inf, 697.6744186046511, 2562.2230874400284, 665722.240255, 286312.102996, 0.094467, 10718.323336, 5216.798612, 0, 1763, 3736, 2550001, 151597340, 73046053, 227193394
30000, 30000, 0, 0, fixed_reps_5, 1003130, 22022, 473432.94084600004, inf, 173.41040462427745, 792.8598556133293, 254271.824415, 174205.078614, 1.44029, 44310.060054, 644.537473, 0, 865, 24959, 10350001, 56962370, 43039233, 110351604, 1011722, 11092, 521645.050714, inf, 348.83720930232556, 1451.634803043164, 419622.758706, 79662.629127, 0.390452, 21709.186419, 650.08601, 0, 430, 15988, 5130001, 95829033, 19861161, 120820195, 989624, 6301, 712630.5398309999, inf, 697.6744186046511, 2562.2230874400284, 665722.240255, 35525.957444, 0.095679, 10718.323336, 663.923117, 0, 215, 8642, 2550001, 151597340, 8908093, 163055434
30000, 30000, 0, 0, fixed_reps_7, 1002644, 21536, 541456.94992, inf, 173.41040462427745, 792.8598556133293, 254271.824415, 241981.583504, 1.423199, 44310.060054, 892.058748, 0, 1211, 20540, 10350001, 56962370, 60254857, 127567228, 1011573, 10943, 553074.963462, inf, 348.83720930232556, 1451.634803043164, 419622.758706, 110837.087779, 0.391754, 21709.186419, 905.538804, 0, 602, 13812, 5130001, 95829033, 27805591, 128764625, 989463, 6140, 726855.005702, inf, 697.6744186046511, 2562.2230874400284, 665722.240255, 49502.231818, 0.096891, 10718.323336, 912.113402, 0, 301, 7674, 2550001, 151597340, 12471313, 166618654
30000, 30000, 0, 0, fixed_reps_9, 1002256, 21148, 612583.473766, inf, 173.41040462427745, 792.8598556133293, 254271.824415, 312860.115794, 1.429611, 44310.060054, 1140.043892, 0, 1557, 18350, 10350001, 56962370, 77470481, 144782852, 1011408, 10778, 584671.1149849999, inf, 348.83720930232556, 1451.634803043164, 419622.758706, 142184.031817, 0.348884, 21709.186419, 1154.789159, 0, 774, 12615, 5130001, 95829033, 35750021, 136709055, 989326, 6003, 741153.964747, inf, 697.6744186046511, 2562.2230874400284, 665722.240255, 63540.274907, 0.09591, 10718.323336, 1173.030339, 0, 387, 6810, 2550001, 151597340, 16034533, 170181874
30000, 30000, 0, 0, greedy_1.000000, 1007991, 26883, 335842.30576400005, inf, 173.41040462427745, 792.8598556133293, 254271.824415, 37115.229137, 1.598057, 44310.060054, 143.582709, 0.011392, 173, 44902, 10350001, 56962370, 8607985, 75920356, 1016062, 15432, 458295.88028599997, inf, 348.83720930232556, 1451.634803043164, 419622.758706, 16814.068683, 0.385282, 21709.186419, 149.475075, 0.006121, 86, 25142, 5130001, 95829033, 3972301, 104931335, 991385, 8062, 684192.897852, inf, 697.6744186046511, 2562.2230874400284, 665722.240255, 7603.150275, 0.095519, 10718.323336, 149.084369, 0.004098, 43, 13789, 2550001, 151597340, 1781653, 155928994
30000, 30000, 0, 0, greedy_11.000000, 1002031, 20923, 877465.962253, inf, 173.41040462427745, 792.8598556133293, 254271.824415, 361788.513435, 1.475887, 44310.060054, 217093.424376, 0.664086, 1903, 13202, 10350001, 56962370, 140935904, 208248275, 1011232, 10602, 726743.4446799998, inf, 348.83720930232556, 1451.634803043164, 419622.758706, 176494.540956, 0.344095, 21709.186419, 108916.430159, 0.184345, 946, 10006, 5130001, 95829033, 69314773, 170273807, 989282, 5959, 809830.7592449998, inf, 697.6744186046511, 2562.2230874400284, 665722.240255, 77807.311399, 0.108042, 10718.323336, 55582.676947, 0.099266, 473, 5282, 2550001, 151597340, 32330362, 186477703
30000, 30000, 0, 0, greedy_13.000000, 1002014, 20906, 947061.325408, inf, 173.41040462427745, 792.8598556133293, 254271.824415, 389960.506023, 1.465148, 44310.060054, 258516.745119, 0.724649, 2249, 13133, 10350001, 56962370, 158231406, 225543777, 1011226, 10596, 758630.3906910002, inf, 348.83720930232556, 1451.634803043164, 419622.758706, 186891.98868, 0.397034, 21709.186419, 130405.849828, 0.210024, 1118, 9861, 5130001, 95829033, 77427287, 178386321, 989268, 5945, 828960.501634, inf, 697.6744186046511, 2562.2230874400284, 665722.240255, 86402.537526, 0.100408, 10718.323336, 66117.210902, 0.089207, 559, 4975, 2550001, 151597340, 37067690, 191215031
30000, 30000, 0, 0, greedy_15.000000, 1001915, 20807, 1014743.2419240001, inf, 173.41040462427745, 792.8598556133293, 254271.824415, 415364.624244, 1.470538, 44310.060054, 300794.661285, 0.601388, 2595, 13096, 10350001, 56962370, 175526908, 242839279, 1011215, 10585, 790875.4773739999, inf, 348.83720930232556, 1451.634803043164, 419622.758706, 198344.143813, 0.392386, 21709.186419, 151198.766019, 0.230031, 1290, 9819, 5130001, 95829033, 85462095, 186421129, 989268, 5945, 843996.938645, inf, 697.6744186046511, 2562.2230874400284, 665722.240255, 90849.817437, 0.080191, 10718.323336, 76706.37809, 0.099336, 645, 4932, 2550001, 151597340, 40771624, 194918965
30000, 30000, 0, 0, greedy_17.000000, 1001861, 20753, 1085885.1494109998, inf, 173.41040462427745, 792.8598556133293, 254271.824415, 443322.968935, 1.521824, 44310.060054, 343978.098707, 0.675476, 2941, 13073, 10350001, 56962370, 192822410, 260134781, 1011215, 10585, 827288.524363, inf, 348.83720930232556, 1451.634803043164, 419622.758706, 212177.676829, 0.3841, 21709.186419, 173778.264994, 0.253315, 1462, 9789, 5130001, 95829033, 93496903, 194455937, 989237, 5914, 859808.617816, inf, 697.6744186046511, 2562.2230874400284, 665722.240255, 95740.021635, 0.082896, 10718.323336, 87627.843555, 0.106139, 731, 4909, 2550001, 151597340, 44475558, 198622899
30000, 30000, 0, 0, greedy_19.000000, 1001852, 20744, 1157424.9861340004, inf, 173.41040462427745, 792.8598556133293, 254271.824415, 471511.678407, 1.513649, 44310.060054, 387329.128875, 0.780734, 3287, 13056, 10350001, 56962370, 210117912, 277430283, 1011215, 10585, 860250.2679549999, inf, 348.83720930232556, 1451.634803043164, 419622.758706, 223497.69756, 0.38949, 21709.186419, 195419.962608, 0.273172, 1634, 9768, 5130001, 95829033, 101531711, 202490745, 989223, 5900, 875763.495257, inf, 697.6744186046511, 2562.2230874400284, 665722.240255, 101381.778308, 0.104837, 10718.323336, 97940.942412, 0.106109, 817, 4892, 2550001, 151597340, 48179492, 202326833
30000, 30000, 0, 0, greedy_21.000000, 1001837, 20729, 1234017.680349, inf, 173.41040462427745, 792.8598556133293, 254271.824415, 503599.088537, 1.506595, 44310.060054, 431834.370651, 0.830097, 3633, 13045, 10350001, 56962370, 227413414, 294725785, 1011201, 10571, 893078.2864549999, inf, 348.83720930232556, 1451.634803043164, 419622.758706, 234563.157606, 0.391865, 21709.186419, 217182.492578, 0.299281, 1806, 9751, 5130001, 95829033, 109566519, 210525553, 989209, 5886, 892544.241209, inf, 697.6744186046511, 2562.2230874400284, 665722.240255, 104933.403288, 0.087544, 10718.323336, 111170.033228, 0.153558, 903, 4878, 2550001, 151597340, 51883426, 206030767
30000, 30000, 0, 0, greedy_23.000000, 1001825, 20717, 1308132.9500799999, inf, 173.41040462427745, 792.8598556133293, 254271.824415, 533716.412216, 1.283638, 44310.060054, 475832.409406, 0.960351, 3979, 13038, 10350001, 56962370, 244708916, 312021287, 1011197, 10567, 927835.4079519999, inf, 348.83720930232556, 1451.634803043164, 419622.758706, 246660.339938, 0.398277, 21709.186419, 239842.397528, 0.327084, 1978, 9737, 5130001, 95829033, 117601327, 218560361, 989209, 5886, 905469.841588, inf, 697.6744186046511, 2562.2230874400284, 665722.240255, 109062.018005, 0.109134, 10718.323336, 119966.985619, 0.165239, 989, 4865, 2550001, 151597340, 55587360, 209734701
30000, 30000, 0, 0, greedy_25.000000, 1001823, 20715, 1384649.245386, inf, 173.41040462427745, 792.8598556133293, 254271.824415, 564635.405255, 1.667036, 44310.060054, 521429.30451, 0.984116, 4325, 13035, 10350001, 56962370, 262004418, 329316789, 1011180, 10550, 959481.9998819999, inf, 348.83720930232556, 1451.634803043164, 419622.758706, 256902.286463, 0.46386, 21709.186419, 261246.957985, 0.346449, 2150, 9725, 5130001, 95829033, 125636135, 226595169, 989194, 5871, 920932.771324, inf, 697.6744186046511, 2562.2230874400284, 665722.240255, 113653.556599, 0.088757, 10718.323336, 130838.440268, 0.122109, 1075, 4852, 2550001, 151597340, 59291294, 213438635
30000, 30000, 0, 0, greedy_27.000000, 1001817, 20709, 1446778.1313930003, inf, 173.41040462427745, 792.8598556133293, 254271.824415, 587276.655549, 1.559274, 44310.060054, 560917.000967, 1.031134, 4671, 13033, 10350001, 56962370, 279299920, 346612291, 1011180, 10550, 990613.413195, inf, 348.83720930232556, 1451.634803043164, 419622.758706, 268300.589442, 0.412784, 21709.186419, 280980.111319, 0.354525, 2322, 9716, 5130001, 95829033, 133670943, 234629977, 989193, 5870, 937321.8851709998, inf, 697.6744186046511, 2562.2230874400284, 665722.240255, 118676.34246, 0.08537, 10718.323336, 142204.752275, 0.141475, 1161, 4842, 2550001, 151597340, 62995228, 217142569
30000, 30000, 0, 0, greedy_29.000000, 1001814, 20706, 1521644.103074, inf, 173.41040462427745, 792.8598556133293, 254271.824415, 620827.377905, 1.478623, 44310.060054, 602232.253498, 1.108579, 5017, 13032, 10350001, 56962370, 296595422, 363907793, 1011180, 10550, 1021439.2740940001, inf, 348.83720930232556, 1451.634803043164, 419622.758706, 278657.066485, 0.342452, 21709.186419, 301449.507158, 0.412874, 2494, 9706, 5130001, 95829033, 141705751, 242664785, 989188, 5865, 952447.470467, inf, 697.6744186046511, 2562.2230874400284, 665722.240255, 123161.97504, 0.103524, 10718.323336, 152844.698398, 0.129914, 1247, 4833, 2550001, 151597340, 66699162, 220846503
30000, 30000, 0, 0, greedy_3.000000, 1004070, 22962, 447965.599195, inf, 173.41040462427745, 792.8598556133293, 254271.824415, 106029.13589, 1.412028, 44310.060054, 43353.043627, 0.123181, 519, 28089, 10350001, 56962370, 36173493, 103485864, 1012579, 11949, 512302.2670749999, inf, 348.83720930232556, 1451.634803043164, 419622.758706, 49122.332848, 0.382558, 21709.186419, 21847.543165, 0.063379, 258, 16846, 5130001, 95829033, 17076061, 118035095, 990189, 6866, 709094.2819269999, inf, 697.6744186046511, 2562.2230874400284, 665722.240255, 21577.369808, 0.099206, 10718.323336, 11076.202815, 0.046507, 129, 9162, 2550001, 151597340, 7862375, 162009716
30000, 30000, 0, 0, greedy_31.000000, 1001810, 20702, 1613116.436097, inf, 173.41040462427745, 792.8598556133293, 254271.824415, 661613.149551, 1.47167, 44310.060054, 652918.745134, 1.185273, 5363, 13031, 10350001, 56962370, 313890924, 381203295, 1011180, 10550, 1057060.725972, inf, 348.83720930232556, 1451.634803043164, 419622.758706, 291340.461199, 0.407083, 21709.186419, 324387.316307, 0.596258, 2666, 9698, 5130001, 95829033, 149740559, 250699593, 989185, 5862, 972937.2660459998, inf, 697.6744186046511, 2562.2230874400284, 665722.240255, 128224.031159, 0.105517, 10718.323336, 168272.422561, 0.143218, 1333, 4824, 2550001, 151597340, 70403096, 224550437
30000, 30000, 0, 0, greedy_33.000000, 1001810, 20702, 1683676.402336, inf, 173.41040462427745, 792.8598556133293, 254271.824415, 690377.861529, 1.505103, 44310.060054, 694713.883898, 1.267337, 5709, 13031, 10350001, 56962370, 331186426, 398498797, 1011176, 10546, 1088297.1244050001, inf, 348.83720930232556, 1451.634803043164, 419622.758706, 302713.778603, 0.393748, 21709.186419, 344250.577494, 0.429435, 2838, 9691, 5130001, 95829033, 157775367, 258734401, 989182, 5859, 983272.4649079998, inf, 697.6744186046511, 2562.2230874400284, 665722.240255, 132612.454487, 0.102092, 10718.323336, 174219.190849, 0.153889, 1419, 4817, 2550001, 151597340, 74107030, 228254371
30000, 30000, 0, 0, greedy_35.000000, 1001809, 20701, 1759911.8327990002, inf, 173.41040462427745, 792.8598556133293, 254271.824415, 722975.476897, 1.486558, 44310.060054, 738351.655351, 1.329524, 6055, 13030, 10350001, 56962370, 348481928, 415794299, 1011176, 10546, 1125754.597137, inf, 348.83720930232556, 1451.634803043164, 419622.758706, 317932.15343, 0.397475, 21709.186419, 366489.642367, 0.45874, 3010, 9685, 5130001, 95829033, 165810175, 266769209, 989166, 5843, 998293.5183829999, inf, 697.6744186046511, 2562.2230874400284, 665722.240255, 136483.104921, 0.10166, 10718.323336, 185369.594122, 0.154089, 1505, 4811, 2550001, 151597340, 77810964, 231958305
30000, 30000, 0, 0, greedy_37.000000, 1001809, 20701, 1821171.923499, inf, 173.41040462427745, 792.8598556133293, 254271.824415, 747553.817788, 1.480566, 44310.060054, 775033.32959, 1.411086, 6401, 13029, 10350001, 56962370, 365777430, 433089801, 1011165, 10535, 1160170.406733, inf, 348.83720930232556, 1451.634803043164, 419622.758706, 329155.945453, 0.394058, 21709.186419, 389681.621459, 0.500638, 3182, 9680, 5130001, 95829033, 173844983, 274804017, 989159, 5836, 1015092.2569599999, inf, 697.6744186046511, 2562.2230874400284, 665722.240255, 141507.78272, 0.100368, 10718.323336, 197143.655541, 0.15474, 1591, 4806, 2550001, 151597340, 81514898, 235662239
30000, 30000, 0, 0, greedy_39.000000, 1001807, 20699, 1895047.683795, inf, 173.41040462427745, 792.8598556133293, 254271.824415, 778336.948601, 1.474465, 44310.060054, 818125.882519, 1.493741, 6747, 13029, 10350001, 56962370, 383072932, 450385303, 1011160, 10530, 1193084.3955080002, inf, 348.83720930232556, 1451.634803043164, 419622.758706, 341233.045929, 0.37385, 21709.186419, 410518.399851, 0.630753, 3354, 9675, 5130001, 95829033, 181879791, 282838825, 989136, 5813, 1030165.915447, inf, 697.6744186046511, 2562.2230874400284, 665722.240255, 146538.6871, 0.184767, 10718.323336, 207186.207097, 0.272892, 1677, 4800, 2550001, 151597340, 85218832, 239366173
30000, 30000, 0, 0, greedy_5.000000, 1002841, 21733, 560833.588704, inf, 173.41040462427745, 792.8598556133293, 254271.824415, 175726.318428, 1.505884, 44310.060054, 86523.665842, 0.214081, 865, 21198, 10350001, 56962370, 63729104, 131041475, 1012013, 11383, 565378.31137, inf, 348.83720930232556, 1451.634803043164, 419622.758706, 80627.776841, 0.339607, 21709.186419, 43418.156833, 0.092964, 430, 14076, 5130001, 95829033, 30153919, 131112953, 989969, 6646, 733956.479545, inf, 697.6744186046511, 2562.2230874400284, 665722.240255, 35602.611991, 0.098725, 10718.323336, 21913.175362, 0.029876, 215, 7352, 2550001, 151597340, 13974231, 168121572
30000, 30000, 0, 0, greedy_7.000000, 1002469, 21361, 672902.813271, inf, 173.41040462427745, 792.8598556133293, 254271.824415, 244750.091391, 1.492238, 44310.060054, 129569.031605, 0.313568, 1211, 17276, 10350001, 56962370, 91155282, 158467653, 1011484, 10854, 619559.2892599999, inf, 348.83720930232556, 1451.634803043164, 419622.758706, 113229.301285, 0.384642, 21709.186419, 64997.535829, 0.122379, 602, 12192, 5130001, 95829033, 43291107, 144250141, 989808, 6485, 758709.2573279999, inf, 697.6744186046511, 2562.2230874400284, 665722.240255, 49335.974811, 0.099587, 10718.323336, 32932.563234, 0.056105, 301, 6693, 2550001, 151597340, 19997102, 174144443
30000, 30000, 0, 0, greedy_9.000000, 1002117, 21009, 785206.170854, inf, 173.41040462427745, 792.8598556133293, 254271.824415, 313712.175502, 1.261115, 44310.060054, 172910.475988, 0.37378, 1557, 14613, 10350001, 56962370, 118790648, 186103019, 1011376, 10746, 673375.7599790002, inf, 348.83720930232556, 1451.634803043164, 419622.758706, 145473.996126, 0.38921, 21709.186419, 86569.272894, 0.156624, 774, 10889, 5130001, 95829033, 56428295, 157387329, 989611, 6288, 784062.0327789999, inf, 697.6744186046511, 2562.2230874400284, 665722.240255, 63744.184242, 0.105808, 10718.323336, 43877.117633, 0.061505, 387, 6186, 2550001, 151597340, 26163732, 180311073
30000, 30000, 0, 0, opt, 1001272, 20164, 2701329.71624, inf, 173.41040462427745, 792.8598556133293, 254271.824415, 2402746.483703, 1.348068, 44310.060054, 0, 0, 0, 0, 10350001, 56962370, 597291508, 664603879, 1010770, 10140, 2433166.181421, inf, 348.83720930232556, 1451.634803043164, 419622.758706, 1991833.88648, 0.349816, 21709.186419, 0, 0, 0, 0, 5130001, 95829033, 495820810, 596779844, 988905, 5582, 2177543.7543439995, inf, 697.6744186046511, 2562.2230874400284, 665722.240255, 1501103.096597, 0.094156, 10718.323336, 0, 0, 0, 0, 2550001, 151597340, 374243884, 528391225
30000, 30000, 0, 0, plus_edge, 1006638, 25530, 336216.471502, inf, 173.41040462427745, 792.8598556133293, 254271.824415, 37633.255426, 1.331607, 44310.060054, 0, 0, 0, 0, 10350001, 56962370, 8607396, 75919767, 1014783, 14153, 458197.31080299994, inf, 348.83720930232556, 1451.634803043164, 419622.758706, 16865.025911, 0.339767, 21709.186419, 0, 0, 0, 0, 5130001, 95829033, 3949440, 104908474, 991062, 7739, 683979.063834, inf, 697.6744186046511, 2562.2230874400284, 665722.240255, 7538.415614, 0.084629, 10718.323336, 0, 0, 0, 0, 2550001, 151597340, 1753374, 155900715
30000, 30000, 0, 0, simple, 1007991, 26883, 336281.2741050001, inf, 173.41040462427745, 792.8598556133293, 254271.824415, 37698.055905, 1.333731, 44310.060054, 0, 0, 0, 0, 10350001, 56962370, 8577812, 75890183, 1016062, 15432, 458186.390846, inf, 348.83720930232556, 1451.634803043164, 419622.758706, 16854.112987, 0.332734, 21709.186419, 0, 0, 0, 0, 5130001, 95829033, 3942215, 104901249, 991385, 8062, 683957.1154439999, inf, 697.6744186046511, 2562.2230874400284, 665722.240255, 7516.461133, 0.09072, 10718.323336, 0, 0, 0, 0, 2550001, 151597340, 1751610, 155898951
30000, 30000, 0, 0, dp_1.000000, 1007760, 26579, 229669.63826799998, inf, 173.41040462427745, 587.0960860259621, 142297.547744, 43449.691255, 1.442415, 43783.042573, 137.902769, 0.011512, 173, 0, 10350001, 32401133, 10190557, 52941691, 1019627, 13875, 349921.134428, inf, 348.83720930232556, 1232.6953815650268, 306786.592057, 21417.329441, 0.452379, 21564.578159, 152.174478, 0.007914, 86, 0, 5130001, 70557688, 4957196, 80644885, 999580, 7452, 244268.32123400003, inf, 697.6744186046511, 1414.1089349987387, 223304.834078, 10106.347455, 0.083457, 10720.200745, 136.85066, 0.004839, 43, 0, 2550001, 53443754, 2345839, 58339594
30000, 30000, 0, 0, dp_11.000000, 999264, 18083, 844109.880518, inf, 173.41040462427745, 587.0960860259621, 142297.547744, 444612.434219, 1.568502, 43783.042573, 213252.609073, 162.678407, 1903, 11977, 10350001, 32401133, 163119409, 205870543, 1014758, 9006, 654565.306725, inf, 348.83720930232556, 1232.6953815650268, 306786.592057, 219232.509862, 0.414757, 21564.578159, 106961.875042, 19.336848, 946, 9640, 5130001, 70557688, 79962011, 155649700, 996830, 4702, 392120.61812700005, inf, 697.6744186046511, 1414.1089349987387, 223304.834078, 103965.620228, 0.097262, 10720.200745, 54127.238679, 2.627135, 473, 5367, 2550001, 53443754, 38499525, 94493280
30000, 30000, 0, 0, dp_13.000000, 999146, 17965, 969292.88264, inf, 173.41040462427745, 587.0960860259621, 142297.547744, 527153.712164, 1.463133, 43783.042573, 255827.742096, 229.37493, 2249, 10401, 10350001, 32401133, 193938321, 236689455, 1014678, 8926, 716191.90963, inf, 348.83720930232556, 1232.6953815650268, 306786.592057, 256819.185201, 0.411712, 21564.578159, 130994.058316, 27.084185, 1118, 8765, 5130001, 70557688, 95092163, 170779852, 996775, 4647, 422323.63475200004, inf, 697.6744186046511, 1414.1089349987387, 223304.834078, 123002.460978, 0.098604, 10720.200745, 65292.427314, 3.613033, 559, 5007, 2550001, 53443754, 45821393, 101815148
30000, 30000, 0, 0, dp_15.000000, 998995, 17814, 1099883.626132, inf, 173.41040462427745, 587.0960860259621, 142297.547744, 613516.734119, 1.572709, 43783.042573, 299975.846439, 308.882548, 2595, 9130, 10350001, 32401133, 224128283, 266879417, 1014630, 8878, 777054.5895209999, inf, 348.83720930232556, 1232.6953815650268, 306786.592057, 298822.763183, 0.419667, 21564.578159, 149843.689704, 36.546751, 1290, 8015, 5130001, 70557688, 110222315, 185910004, 996748, 4620, 452245.869214, inf, 697.6744186046511, 1414.1089349987387, 223304.834078, 142381.939467, 0.105207, 10720.200745, 75834.057617, 4.7321, 645, 4685, 2550001, 53443754, 53143261, 109137016
30000, 30000, 0, 0, dp_17.000000, 998961, 17780, 1216499.113408, inf, 173.41040462427745, 587.0960860259621, 142297.547744, 688946.278069, 1.467683, 43783.042573, 341070.696862, 400.080477, 2941, 8067, 10350001, 32401133, 254947195, 297698329, 1014513, 8761, 839617.059198, inf, 348.83720930232556, 1232.6953815650268, 306786.592057, 338764.379679, 1.223795, 21564.578159, 172450.879088, 49.40642, 1462, 7384, 5130001, 70557688, 125112731, 200800420, 996691, 4563, 482584.5005680001, inf, 697.6744186046511, 1414.1089349987387, 223304.834078, 161697.470227, 0.135664, 10720.200745, 86855.888059, 5.971795, 731, 4423, 2550001, 53443754, 60465129, 116458884
30000, 30000, 0, 0, dp_19.000000, 998889, 17708, 1350620.866547, inf, 173.41040462427745, 587.0960860259621, 142297.547744, 778332.479351, 1.490796, 43783.042573, 385706.099073, 500.20701, 3287, 7202, 10350001, 32401133, 285766107, 328517241, 1014427, 8675, 902639.7830490002, inf, 348.83720930232556, 1232.6953815650268, 306786.592057, 376156.038904, 0.413595, 21564.578159, 198071.991546, 60.168788, 1634, 6812, 5130001, 70557688, 140242883, 215930572, 996649, 4521, 511116.99117900006, inf, 697.6744186046511, 1414.1089349987387, 223304.834078, 178675.441034, 0.101831, 10720.200745, 98408.798816, 7.614675, 817, 4197, 2550001, 53443754, 67786997, 123780752
30000, 30000, 0, 0, dp_21.000000, 998854, 17673, 1469558.815285, inf, 173.41040462427745, 587.0960860259621, 142297.547744, 851711.008624, 1.49316, 43783.042573, 431152.452373, 613.270811, 3633, 6489, 10350001, 32401133, 316375369, 359126503, 1014357, 8605, 974592.6093059999, inf, 348.83720930232556, 1232.6953815650268, 306786.592057, 416216.744687, 0.413746, 21564.578159, 229949.598801, 74.681856, 1806, 6310, 5130001, 70557688, 155343068, 231030757, 996626, 4498, 538859.0379430001, inf, 697.6744186046511, 1414.1089349987387, 223304.834078, 196572.149561, 0.105467, 10720.200745, 108252.624008, 9.124084, 903, 4006, 2550001, 53443754, 74838919, 130832674
30000, 30000, 0, 0, dp_23.000000, 998840, 17659, 1607072.6262480002, inf, 173.41040462427745, 587.0960860259621, 142297.547744, 943930.607335, 1.494633, 43783.042573, 476322.641652, 737.292311, 3979, 5830, 10350001, 32401133, 347194281, 389945415, 1014310, 8558, 1018175.781266, inf, 348.83720930232556, 1232.6953815650268, 306786.592057, 454697.519016, 0.413095, 21564.578159, 235036.690604, 89.988335, 1978, 5862, 5130001, 70557688, 170189294, 245876983, 996623, 4495, 569175.463669, inf, 697.6744186046511, 1414.1089349987387, 223304.834078, 216222.698793, 0.106119, 10720.200745, 118916.789404, 10.83453, 989, 3825, 2550001, 53443754, 82160787, 138154542
30000, 30000, 0, 0, dp_25.000000, 998817, 17636, 1732244.1261369998, inf, 173.41040462427745, 587.0960860259621, 142297.547744, 1025697.580711, 1.465418, 43783.042573, 519589.021309, 875.468382, 4325, 5261, 10350001, 32401133, 378013193, 420764327, 1014303, 8551, 1083501.715704, inf, 348.83720930232556, 1232.6953815650268, 306786.592057, 498595.371019, 0.415699, 21564.578159, 256447.733744, 107.025026, 2150, 5460, 5130001, 70557688, 185291447, 260979136, 996601, 4473, 599882.864897, inf, 697.6744186046511, 1414.1089349987387, 223304.834078, 235374.77607, 0.103144, 10720.200745, 130470.079361, 12.871499, 1075, 3651, 2550001, 53443754, 89482655, 145476410
30000, 30000, 0, 0, dp_27.000000, 998769, 17588, 1846196.172453, inf, 173.41040462427745, 587.0960860259621, 142297.547744, 1102987.835591, 1.500253, 43783.042573, 556107.100042, 1019.14625, 4671, 4756, 10350001, 32401133, 408832105, 451583239, 1014285, 8533, 1143557.642745, inf, 348.83720930232556, 1232.6953815650268, 306786.592057, 535376.11418, 0.403716, 21564.578159, 279705.454671, 124.499962, 2322, 5108, 5130001, 70557688, 200421599, 276109288, 996589, 4461, 629332.449145, inf, 697.6744186046511, 1414.1089349987387, 223304.834078, 253941.380304, 0.100779, 10720.200745, 141350.717332, 15.215907, 1161, 3497, 2550001, 53443754, 96804523, 152798278
30000, 30000, 0, 0, dp_29.000000, 998739, 17558, 1980789.148981, inf, 173.41040462427745, 587.0960860259621, 142297.547744, 1190096.866476, 1.646668, 43783.042573, 603434.135074, 1175.910446, 5017, 4305, 10350001, 32401133, 438992945, 481744079, 1014268, 8516, 1208376.3605330002, inf, 348.83720930232556, 1232.6953815650268, 306786.592057, 580587.214291, 0.399348, 21564.578159, 299293.656569, 143.920109, 2494, 4779, 5130001, 70557688, 215523752, 291211441, 996557, 4429, 659020.332825, inf, 697.6744186046511, 1414.1089349987387, 223304.834078, 273519.290317, 0.104736, 10720.200745, 151458.516616, 17.386333, 1247, 3355, 2550001, 53443754, 104126391, 160120146
30000, 30000, 0, 0, dp_3.000000, 1002245, 21064, 354241.313615, inf, 173.41040462427745, 587.0960860259621, 142297.547744, 125291.328185, 1.432967, 43783.042573, 42859.366827, 8.595319, 519, 26407, 10350001, 32401133, 41009469, 83760603, 1016066, 10314, 411192.27431500005, inf, 348.83720930232556, 1232.6953815650268, 306786.592057, 61155.060632, 0.584526, 21564.578159, 21684.212714, 1.246227, 258, 16922, 5130001, 70557688, 20003351, 95691040, 997808, 5680, 273611.071965, inf, 697.6744186046511, 1414.1089349987387, 223304.834078, 28595.864578, 0.103113, 10720.200745, 10989.907678, 0.161773, 129, 9004, 2550001, 53443754, 9511993, 65505748
30000, 30000, 0, 0, dp_31.000000, 998708, 17527, 2093963.8546599997, inf, 173.41040462427745, 587.0960860259621, 142297.547744, 1260336.060532, 1.454738, 43783.042573, 646200.449737, 1345.299336, 5363, 3913, 10350001, 32401133, 469811857, 512562991, 1014265, 8513, 1269441.195509, inf, 348.83720930232556, 1232.6953815650268, 306786.592057, 619627.602484, 0.403377, 21564.578159, 321297.582421, 164.437011, 2666, 4472, 5130001, 70557688, 230653904, 306341593, 996549, 4421, 690870.544737, inf, 697.6744186046511, 1414.1089349987387, 223304.834078, 293078.20309, 0.100398, 10720.200745, 163747.221551, 19.984875, 1333, 3223, 2550001, 53443754, 111448259, 167442014
30000, 30000, 0, 0, dp_33.000000, 998687, 17506, 2217437.612501, inf, 173.41040462427745, 587.0960860259621, 142297.547744, 1340565.401207, 1.473142, 43783.042573, 689265.076838, 1525.070997, 5709, 3570, 10350001, 32401133, 500514281, 543265415, 1014253, 8501, 1333328.8669069998, inf, 348.83720930232556, 1232.6953815650268, 306786.592057, 661537.687397, 0.416331, 21564.578159, 343252.80311, 186.789853, 2838, 4196, 5130001, 70557688, 245784056, 321471745, 996543, 4415, 719696.2498320001, inf, 697.6744186046511, 1414.1089349987387, 223304.834078, 311282.606386, 0.097392, 10720.200745, 174365.803003, 22.708228, 1419, 3094, 2550001, 53443754, 118770127, 174763882
30000, 30000, 0, 0, dp_35.000000, 998660, 17479, 2350511.36907, inf, 173.41040462427745, 587.0960860259621, 142297.547744, 1429721.521468, 1.484905, 43783.042573, 732988.797657, 1718.974723, 6055, 3256, 10350001, 32401133, 530973793, 573724927, 1014252, 8500, 1394017.575895, inf, 348.83720930232556, 1232.6953815650268, 306786.592057, 700690.716965, 0.403526, 21564.578159, 364765.797672, 209.487516, 3010, 3945, 5130001, 70557688, 260704439, 336392128, 996535, 4407, 748612.941917, inf, 697.6744186046511, 1414.1089349987387, 223304.834078, 330530.799117, 0.084068, 10720.200745, 184031.277503, 25.746406, 1505, 2972, 2550001, 53443754, 125852043, 181845798
30000, 30000, 0, 0, dp_37.000000, 998650, 17469, 2490472.206891, inf, 173.41040462427745, 587.0960860259621, 142297.547744, 1522597.606006, 1.609839, 43783.042573, 779867.585739, 1924.81499, 6401, 2964, 10350001, 32401133, 561647095, 604398229, 1014249, 8497, 1454475.7704309998, inf, 348.83720930232556, 1232.6953815650268, 306786.592057, 741129.168703, 0.403126, 21564.578159, 384760.578616, 234.44977, 3182, 3711, 5130001, 70557688, 275834591, 351522280, 996535, 4407, 777082.809374, inf, 697.6744186046511, 1414.1089349987387, 223304.834078, 348036.473417, 0.099647, 10720.200745, 194992.666496, 28.534991, 1591, 2865, 2550001, 53443754, 133173911, 189167666
30000, 30000, 0, 0, dp_39.000000, 998643, 17462, 2594990.848703, inf, 173.41040462427745, 587.0960860259621, 142297.547744, 1593038.833271, 1.485836, 43783.042573, 813736.736702, 2133.202577, 6747, 2701, 10350001, 32401133, 592466007, 635217141, 1014233, 8481, 1517427.414243, inf, 348.83720930232556, 1232.6953815650268, 306786.592057, 780917.913703, 0.402625, 21564.578159, 407897.1113, 260.816399, 3354, 3489, 5130001, 70557688, 290964743, 366652432, 996535, 4407, 808267.919201, inf, 697.6744186046511, 1414.1089349987387, 223304.834078, 368477.239799, 0.099206, 10720.200745, 205733.817418, 31.727955, 1677, 2769, 2550001, 53443754, 140495779, 196489534
30000, 30000, 0, 0, dp_5.000000, 1000687, 19506, 478410.88034999993, inf, 173.41040462427745, 587.0960860259621, 142297.547744, 206462.251248, 1.435321, 43783.042573, 85837.51673, 29.086734, 865, 20143, 10350001, 32401133, 71769309, 114520443, 1015388, 9636, 472858.413548, inf, 348.83720930232556, 1232.6953815650268, 306786.592057, 101365.343734, 0.407414, 21564.578159, 43137.821311, 3.670873, 430, 14002, 5130001, 70557688, 35133503, 110821192, 997346, 5218, 303253.17467100004, inf, 697.6744186046511, 1414.1089349987387, 223304.834078, 47387.577916, 0.105357, 10720.200745, 21839.974341, 0.482234, 215, 7571, 2550001, 53443754, 16833861, 72827616
30000, 30000, 0, 0, dp_7.000000, 999967, 18786, 603107.6473209999, inf, 173.41040462427745, 587.0960860259621, 142297.547744, 287661.98617, 1.461971, 43783.042573, 129302.525104, 61.083759, 1211, 16557, 10350001, 32401133, 102588221, 145339355, 1014988, 9236, 529794.766986, inf, 348.83720930232556, 1232.6953815650268, 306786.592057, 137399.173953, 0.403386, 21564.578159, 64036.536385, 7.483046, 602, 12086, 5130001, 70557688, 49729706, 125417395, 997177, 5049, 333053.30990500003, inf, 697.6744186046511, 1414.1089349987387, 223304.834078, 66355.650406, 0.09054, 10720.200745, 32671.366678, 1.167458, 301, 6524, 2550001, 53443754, 24155729, 80149484
30000, 30000, 0, 0, dp_9.000000, 999473, 18292, 726067.095914, inf, 173.41040462427745, 587.0960860259621, 142297.547744, 367933.377387, 1.472581, 43783.042573, 171946.800299, 104.85533, 1557, 13963, 10350001, 32401133, 133290645, 176041779, 1014944, 9192, 592229.4999320001, inf, 348.83720930232556, 1232.6953815650268, 306786.592057, 177894.315315, 0.409327, 21564.578159, 85970.900583, 12.704491, 774, 10743, 5130001, 70557688, 64859858, 140547547, 996976, 4848, 363009.76371400006, inf, 697.6744186046511, 1414.1089349987387, 223304.834078, 85412.265687, 0.104486, 10720.200745, 43570.749932, 1.608786, 387, 5810, 2550001, 53443754, 31357621, 87351376
30000, 30000, 0, 0, fixed_reps_1, 1007760, 26579, 230202.87790400002, inf, 173.41040462427745, 587.0960860259621, 142297.547744, 43953.855496, 1.514751, 43783.042573, 166.91734, 0, 173, 45794, 10350001, 32401133, 10190557, 52941691, 1019627, 13875, 349852.7007149999, inf, 348.83720930232556, 1232.6953815650268, 306786.592057, 21329.616565, 0.380363, 21564.578159, 171.533571, 0, 86, 26180, 5130001, 70557688, 4957196, 80644885, 999580, 7452, 244335.575474, inf, 697.6744186046511, 1414.1089349987387, 223304.834078, 10137.984266, 0.110597, 10720.200745, 172.445788, 0, 43, 14077, 2550001, 53443754, 2345839, 58339594
30000, 30000, 0, 0, fixed_reps_11, 999558, 18377, 640089.7464920001, inf, 173.41040462427745, 587.0960860259621, 142297.547744, 452620.044422, 1.651969, 43783.042573, 1387.459784, 0, 1903, 17212, 10350001, 32401133, 112094397, 154845531, 1014906, 9154, 549474.823919, inf, 348.83720930232556, 1232.6953815650268, 306786.592057, 219704.446427, 0.395812, 21564.578159, 1418.811464, 0, 946, 13099, 5130001, 70557688, 54528296, 130215985, 997014, 4886, 337846.96886, inf, 697.6744186046511, 1414.1089349987387, 223304.834078, 102406.911111, 0.104887, 10720.200745, 1414.918039, 0, 473, 7125, 2550001, 53443754, 25803799, 81797554
30000, 30000, 0, 0, fixed_reps_13, 999405, 18224, 716029.334237, inf, 173.41040462427745, 587.0960860259621, 142297.547744, 528323.802566, 1.488772, 43783.042573, 1623.452582, 0, 2249, 15602, 10350001, 32401133, 132475165, 175226299, 1014809, 9057, 589044.859086, inf, 348.83720930232556, 1232.6953815650268, 306786.592057, 259031.752282, 0.40524, 21564.578159, 1661.531348, 0, 1118, 11799, 5130001, 70557688, 64442516, 140130205, 996864, 4736, 356469.880934, inf, 697.6744186046511, 1414.1089349987387, 223304.834078, 120742.537347, 0.098826, 10720.200745, 1702.209938, 0, 559, 6714, 2550001, 53443754, 30495391, 86489146
30000, 30000, 0, 0, fixed_reps_15, 999259, 18078, 804217.006608, inf, 173.41040462427745, 587.0960860259621, 142297.547744, 616230.378216, 1.491777, 43783.042573, 1904.546298, 0, 2595, 14397, 10350001, 32401133, 152855933, 195607067, 1014726, 8974, 626251.2845749999, inf, 348.83720930232556, 1232.6953815650268, 306786.592057, 295950.877212, 0.417162, 21564.578159, 1948.819985, 0, 1290, 10979, 5130001, 70557688, 74356736, 150044425, 996761, 4633, 375254.062422, inf, 697.6744186046511, 1414.1089349987387, 223304.834078, 139309.541574, 0.100489, 10720.200745, 1919.385536, 0, 645, 6285, 2550001, 53443754, 35186983, 91180738
30000, 30000, 0, 0, fixed_reps_17, 999229, 18048, 886513.1878699999, inf, 173.41040462427745, 587.0960860259621, 142297.547744, 698293.105811, 1.520471, 43783.042573, 2137.971271, 0, 2941, 13256, 10350001, 32401133, 173236701, 215987835, 1014601, 8849, 667740.512858, inf, 348.83720930232556, 1232.6953815650268, 306786.592057, 337220.793367, 0.401704, 21564.578159, 2168.147571, 0, 1462, 10109, 5130001, 70557688, 84270956, 159958645, 996738, 4610, 395191.690068, inf, 697.6744186046511, 1414.1089349987387, 223304.834078, 158976.441642, 0.104426, 10720.200745, 2190.109177, 0, 731, 6040, 2550001, 53443754, 39878575, 95872330
30000, 30000, 0, 0, fixed_reps_19, 999196, 18015, 962117.390838, inf, 173.41040462427745, 587.0960860259621, 142297.547744, 773660.544243, 1.644754, 43783.042573, 2374.611524, 0, 3287, 12281, 10350001, 32401133, 193617469, 236368603, 1014539, 8787, 705237.983477, inf, 348.83720930232556, 1232.6953815650268, 306786.592057, 374456.758404, 0.409098, 21564.578159, 2429.645759, 0, 1634, 9561, 5130001, 70557688, 94185176, 169872865, 996676, 4548, 413053.585911, inf, 697.6744186046511, 1414.1089349987387, 223304.834078, 176570.138441, 0.097442, 10720.200745, 2458.315205, 0, 817, 5800, 2550001, 53443754, 44570167, 100563922
30000, 30000, 0, 0, fixed_reps_21, 999091, 17910, 1042946.2671770001, inf, 173.41040462427745, 587.0960860259621, 142297.547744, 854244.602609, 1.508108, 43783.042573, 2619.566143, 0, 3633, 11596, 10350001, 32401133, 213998237, 256749371, 1014492, 8740, 748440.260349, inf, 348.83720930232556, 1232.6953815650268, 306786.592057, 417421.115051, 0.505598, 21564.578159, 2667.469484, 0, 1806, 8898, 5130001, 70557688, 104099396, 179787085, 996665, 4537, 433064.2820700001, inf, 697.6744186046511, 1414.1089349987387, 223304.834078, 196334.329792, 0.099166, 10720.200745, 2704.818289, 0, 903, 5498, 2550001, 53443754, 49261759, 105255514
30000, 30000, 0, 0, fixed_reps_23, 998984, 17803, 1123782.082713, inf, 173.41040462427745, 587.0960860259621, 142297.547744, 934827.798244, 1.516293, 43783.042573, 2872.177859, 0, 3979, 10891, 10350001, 32401133, 234379005, 277130139, 1014398, 8646, 784049.448642, inf, 348.83720930232556, 1232.6953815650268, 306786.592057, 452766.729048, 0.708167, 21564.578159, 2930.841211, 0, 1978, 8370, 5130001, 70557688, 114013616, 189701305, 996663, 4535, 450009.75092900003, inf, 697.6744186046511, 1414.1089349987387, 223304.834078, 213032.454006, 0.100027, 10720.200745, 2952.162073, 0, 989, 5172, 2550001, 53443754, 53953351, 109947106
30000, 30000, 0, 0, fixed_reps_25, 998966, 17785, 1207552.449584, inf, 173.41040462427745, 587.0960860259621, 142297.547744, 1018317.740026, 1.511134, 43783.042573, 3152.608107, 0, 4325, 10273, 10350001, 32401133, 254759773, 297510907, 1014384, 8632, 823846.2264899999, inf, 348.83720930232556, 1232.6953815650268, 306786.592057, 492335.598425, 0.520867, 21564.578159, 3158.936982, 0, 2150, 7955, 5130001, 70557688, 123927836, 199615525, 996663, 4535, 470822.708626, inf, 697.6744186046511, 1414.1089349987387, 223304.834078, 233592.196934, 0.099497, 10720.200745, 3205.377372, 0, 1075, 4913, 2550001, 53443754, 58644943, 114638698
30000, 30000, 0, 0, fixed_reps_27, 998962, 17781, 1296294.26373, inf, 173.41040462427745, 587.0960860259621, 142297.547744, 1106833.934906, 1.495926, 43783.042573, 3378.242581, 0, 4671, 9601, 10350001, 32401133, 275140541, 317891675, 1014342, 8590, 867682.9369089999, inf, 348.83720930232556, 1232.6953815650268, 306786.592057, 535899.387992, 0.402033, 21564.578159, 3431.976668, 0, 2322, 7614, 5130001, 70557688, 133842056, 209529745, 996648, 4520, 487803.647391, inf, 697.6744186046511, 1414.1089349987387, 223304.834078, 250321.787322, 0.098815, 10720.200745, 3456.726431, 0, 1161, 4666, 2550001, 53443754, 63336535, 119330290
30000, 30000, 0, 0, fixed_reps_29, 998945, 17764, 1368986.690611, inf, 173.41040462427745, 587.0960860259621, 142297.547744, 1179255.414565, 1.566438, 43783.042573, 3649.119291, 0, 5017, 9161, 10350001, 32401133, 295521309, 338272443, 1014342, 8590, 907553.944105, inf, 348.83720930232556, 1232.6953815650268, 306786.592057, 575486.429089, 0.450455, 21564.578159, 3715.894345, 0, 2494, 7230, 5130001, 70557688, 143756276, 219443965, 996644, 4516, 508732.088114, inf, 697.6744186046511, 1414.1089349987387, 223304.834078, 270980.56716, 0.087634, 10720.200745, 3726.398497, 0, 1247, 4472, 2550001, 53443754, 68028127, 124021882
30000, 30000, 0, 0, fixed_reps_3, 1002150, 20969, 311681.758028, inf, 173.41040462427745, 587.0960860259621, 142297.547744, 125210.833735, 1.724263, 43783.042573, 388.609713, 0, 519, 32550, 10350001, 32401133, 30571325, 73322459, 1016145, 10393, 389913.451236, inf, 348.83720930232556, 1232.6953815650268, 306786.592057, 61164.827259, 0.3467, 21564.578159, 397.107061, 0, 258, 19432, 5130001, 70557688, 14871416, 90559105, 997956, 5828, 262929.151819, inf, 697.6744186046511, 1414.1089349987387, 223304.834078, 28503.943602, 0.102082, 10720.200745, 400.071312, 0, 129, 11047, 2550001, 53443754, 7037431, 63031186
30000, 30000, 0, 0, fixed_reps_31, 998936, 17755, 1450122.795714, inf, 173.41040462427745, 587.0960860259621, 142297.547744, 1260159.262039, 1.511384, 43783.042573, 3881.431974, 0, 5363, 8652, 10350001, 32401133, 315902077, 358653211, 1014316, 8564, 947463.4221000001, inf, 348.83720930232556, 1232.6953815650268, 306786.592057, 615182.523653, 0.398077, 21564.578159, 3929.330154, 0, 2666, 6978, 5130001, 70557688, 153670496, 229358185, 996609, 4481, 526287.28908, inf, 697.6744186046511, 1414.1089349987387, 223304.834078, 288303.078202, 0.104847, 10720.200745, 3959.071208, 0, 1333, 4288, 2550001, 53443754, 72719719, 128713474
30000, 30000, 0, 0, fixed_reps_33, 998921, 17740, 1540971.041151, inf, 173.41040462427745, 587.0960860259621, 142297.547744, 1350737.298669, 1.485566, 43783.042573, 4151.666599, 0, 5709, 8273, 10350001, 32401133, 336282845, 379033979, 1014302, 8550, 979361.8709999999, inf, 348.83720930232556, 1232.6953815650268, 306786.592057, 646871.350029, 0.676909, 21564.578159, 4138.673846, 0, 2838, 6728, 5130001, 70557688, 163584716, 239272405, 996609, 4481, 546381.361839, inf, 697.6744186046511, 1414.1089349987387, 223304.834078, 308124.550777, 0.079639, 10720.200745, 4231.6966, 0, 1419, 4168, 2550001, 53443754, 77411311, 133405066
30000, 30000, 0, 0, fixed_reps_35, 998904, 17723, 1611246.536296, inf, 173.41040462427745, 587.0960860259621, 142297.547744, 1420766.303943, 1.486367, 43783.042573, 4398.155669, 0, 6055, 7809, 10350001, 32401133, 356663613, 399414747, 1014302, 8550, 1027097.7624309999, inf, 348.83720930232556, 1232.6953815650268, 306786.592057, 694315.222259, 0.402745, 21564.578159, 4430.967211, 0, 3010, 6464, 5130001, 70557688, 173498936, 249186625, 996609, 4481, 562963.8508959999, inf, 697.6744186046511, 1414.1089349987387, 223304.834078, 324455.578785, 0.097443, 10720.200745, 4483.139845, 0, 1505, 4085, 2550001, 53443754, 82102903, 138096658
30000, 30000, 0, 0, fixed_reps_37, 998900, 17719, 1693633.8549229999, inf, 173.41040462427745, 587.0960860259621, 142297.547744, 1502924.749694, 1.485406, 43783.042573, 4627.029506, 0, 6401, 7447, 10350001, 32401133, 377044381, 419795515, 1014302, 8550, 1060504.325954, inf, 348.83720930232556, 1232.6953815650268, 306786.592057, 727527.880745, 0.401082, 21564.578159, 4624.873911, 0, 3182, 6195, 5130001, 70557688, 183413156, 259100845, 996576, 4448, 582256.7726479999, inf, 697.6744186046511, 1414.1089349987387, 223304.834078, 343492.937405, 0.104095, 10720.200745, 4738.696325, 0, 1591, 4017, 2550001, 53443754, 86794495, 142788250
30000, 30000, 0, 0, fixed_reps_39, 998900, 17719, 1776226.6103179997, inf, 173.41040462427745, 587.0960860259621, 142297.547744, 1585286.243477, 1.468032, 43783.042573, 4858.308492, 0, 6747, 7092, 10350001, 32401133, 397425149, 440176283, 1014260, 8508, 1098625.996546, inf, 348.83720930232556, 1232.6953815650268, 306786.592057, 765389.606488, 0.481934, 21564.578159, 4884.737908, 0, 3354, 6054, 5130001, 70557688, 193327376, 269015065, 996576, 4448, 600550.0787269999, inf, 697.6744186046511, 1414.1089349987387, 223304.834078, 361535.724164, 0.106189, 10720.200745, 4989.213551, 0, 1677, 3945, 2550001, 53443754, 91486087, 147479842
30000, 30000, 0, 0, fixed_reps_41, 998854, 17673, 1856972.88647, inf, 173.41040462427745, 587.0960860259621, 142297.547744, 1665800.612866, 1.480607, 43783.042573, 5090.20268, 0, 7093, 6750, 10350001, 32401133, 417805917, 460557051, 1014256, 8504, 1147460.68267, inf, 348.83720930232556, 1232.6953815650268, 306786.592057, 813884.439456, 0.585318, 21564.578159, 5224.48768, 0, 3526, 5831, 5130001, 70557688, 203241596, 278929285, 996570, 4442, 619256.773221, inf, 697.6744186046511, 1414.1089349987387, 223304.834078, 379992.852975, 0.101771, 10720.200745, 5238.783652, 0, 1763, 3851, 2550001, 53443754, 96177679, 152171434
30000, 30000, 0, 0, fixed_reps_5, 1000638, 19457, 394636.305702, inf, 173.41040462427745, 587.0960860259621, 142297.547744, 207910.665384, 1.497258, 43783.042573, 643.552743, 0, 865, 26036, 10350001, 32401133, 50952093, 93703227, 1015475, 9723, 430056.158912, inf, 348.83720930232556, 1232.6953815650268, 306786.592057, 101054.526756, 0.409398, 21564.578159, 650.052542, 0, 430, 16912, 5130001, 70557688, 24785636, 100473325, 997303, 5175, 281625.146228, inf, 697.6744186046511, 1414.1089349987387, 223304.834078, 46945.678994, 0.086381, 10720.200745, 654.34603, 0, 215, 9241, 2550001, 53443754, 11729023, 67722778
30000, 30000, 0, 0, fixed_reps_7, 1000155, 18974, 476146.93498900003, inf, 173.41040462427745, 587.0960860259621, 142297.547744, 289154.233173, 1.501706, 43783.042573, 910.609793, 0, 1211, 22649, 10350001, 32401133, 71332861, 114083995, 1015154, 9402, 468294.90807, inf, 348.83720930232556, 1232.6953815650268, 306786.592057, 139033.687142, 0.348494, 21564.578159, 909.702218, 0, 602, 15228, 5130001, 70557688, 34699856, 110387545, 997109, 4981, 300366.84792200004, inf, 697.6744186046511, 1414.1089349987387, 223304.834078, 65439.632842, 0.100608, 10720.200745, 902.079649, 0, 301, 8221, 2550001, 53443754, 16420615, 72414370
30000, 30000, 0, 0, fixed_reps_9, 999787, 18606, 558389.5372649999, inf, 173.41040462427745, 587.0960860259621, 142297.547744, 371166.065148, 1.588179, 43783.042573, 1141.293621, 0, 1557, 19402, 10350001, 32401133, 91713629, 134464763, 1015006, 9254, 509528.838293, inf, 348.83720930232556, 1232.6953815650268, 306786.592057, 180019.628642, 0.408226, 21564.578159, 1157.631209, 0, 774, 13986, 5130001, 70557688, 44614076, 120301765, 997109, 4981, 319095.028116, inf, 697.6744186046511, 1414.1089349987387, 223304.834078, 83902.681812, 0.082755, 10720.200745, 1167.228726, 0, 387, 7664, 2550001, 53443754, 21112207, 77105962
30000, 30000, 0, 0, greedy_1.000000, 1007760, 26579, 230073.547891, inf, 173.41040462427745, 587.0960860259621, 142297.547744, 43853.599557, 1.444819, 43783.042573, 137.902769, 0.010429, 173, 45794, 10350001, 32401133, 10190557, 52941691, 1019627, 13875, 349994.594811, inf, 348.83720930232556, 1232.6953815650268, 306786.592057, 21490.828156, 0.416211, 21564.578159, 152.174478, 0.00575, 86, 26180, 5130001, 70557688, 4957196, 80644885, 999580, 7452, 244278.894953, inf, 697.6744186046511, 1414.1089349987387, 223304.834078, 10116.909272, 0.092093, 10720.200745, 136.85066, 0.008105, 43, 14077, 2550001, 53443754, 2345839, 58339594
30000, 30000, 0, 0, greedy_11.000000, 999315, 18134, 838261.293963, inf, 173.41040462427745, 587.0960860259621, 142297.547744, 438926.060949, 1.554125, 43783.042573, 213252.609073, 0.479499, 1903, 14697, 10350001, 32401133, 161518811, 204269945, 1014835, 9083, 653734.0507840001, inf, 348.83720930232556, 1232.6953815650268, 306786.592057, 218420.418556, 0.407494, 21564.578159, 106961.875042, 0.179476, 946, 11188, 5130001, 70557688, 80168291, 155855980, 996781, 4653, 391382.664202, inf, 697.6744186046511, 1414.1089349987387, 223304.834078, 103230.194552, 0.102833, 10720.200745, 54127.238679, 0.093315, 473, 6161, 2550001, 53443754, 38649495, 94643250
30000, 30000, 0, 0, greedy_13.000000, 999279, 18098, 927024.251968, inf, 173.41040462427745, 587.0960860259621, 142297.547744, 485113.861396, 1.520221, 43783.042573, 255827.742096, 0.537938, 2249, 14597, 10350001, 32401133, 181975023, 224726157, 1014768, 9016, 699482.611577, inf, 348.83720930232556, 1232.6953815650268, 306786.592057, 240136.738567, 0.411481, 21564.578159, 130994.058316, 0.232997, 1118, 11064, 5130001, 70557688, 90144119, 165831808, 996758, 4630, 412272.93594500003, inf, 697.6744186046511, 1414.1089349987387, 223304.834078, 112955.260327, 0.099377, 10720.200745, 65292.427314, 0.114104, 559, 6032, 2550001, 53443754, 43511855, 99505610
30000, 30000, 0, 0, greedy_15.000000, 999279, 18098, 1011893.0614420001, inf, 173.41040462427745, 587.0960860259621, 142297.547744, 525834.524818, 1.485536, 43783.042573, 299975.846439, 0.614332, 2595, 14554, 10350001, 32401133, 202431235, 245182369, 1014735, 8983, 734605.440494, inf, 348.83720930232556, 1232.6953815650268, 306786.592057, 256409.947166, 0.402755, 21564.578159, 149843.689704, 0.230653, 1290, 11021, 5130001, 70557688, 100119947, 175807636, 996728, 4600, 431388.413903, inf, 697.6744186046511, 1414.1089349987387, 223304.834078, 121529.112261, 0.099106, 10720.200745, 75834.057617, 0.110096, 645, 5994, 2550001, 53443754, 48254239, 104247994
30000, 30000, 0, 0, greedy_17.000000, 999279, 18098, 1087587.259335, inf, 173.41040462427745, 587.0960860259621, 142297.547744, 560433.716997, 1.556609, 43783.042573, 341070.696862, 0.69855, 2941, 14544, 10350001, 32401133, 222887447, 265638581, 1014729, 8977, 777304.1665380001, inf, 348.83720930232556, 1232.6953815650268, 306786.592057, 276501.239008, 0.502542, 21564.578159, 172450.879088, 0.375684, 1462, 10994, 5130001, 70557688, 110095775, 185783464, 996728, 4600, 452060.78351200005, inf, 697.6744186046511, 1414.1089349987387, 223304.834078, 131179.647921, 0.098495, 10720.200745, 86855.888059, 0.114214, 731, 5973, 2550001, 53443754, 52996623, 108990378
30000, 30000, 0, 0, greedy_19.000000, 999279, 18098, 1171160.337131, inf, 173.41040462427745, 587.0960860259621, 142297.547744, 599371.43419, 1.459898, 43783.042573, 385706.099073, 0.753653, 3287, 14544, 10350001, 32401133, 243343659, 286094793, 1014687, 8935, 825406.9172590001, inf, 348.83720930232556, 1232.6953815650268, 306786.592057, 298982.607435, 0.767659, 21564.578159, 198071.991546, 0.380403, 1634, 10974, 5130001, 70557688, 120071603, 195759292, 996722, 4594, 471469.758326, inf, 697.6744186046511, 1414.1089349987387, 223304.834078, 139035.55801, 0.141966, 10720.200745, 98408.798816, 0.224711, 817, 5955, 2550001, 53443754, 57739007, 113732762
30000, 30000, 0, 0, greedy_21.000000, 999279, 18098, 1257826.313321, inf, 173.41040462427745, 587.0960860259621, 142297.547744, 640590.97134, 1.454307, 43783.042573, 431152.452373, 0.844984, 3633, 14544, 10350001, 32401133, 263799871, 306551005, 1014681, 8929, 878530.1982169999, inf, 348.83720930232556, 1232.6953815650268, 306786.592057, 320228.705523, 0.409518, 21564.578159, 229949.598801, 0.314159, 1806, 10958, 5130001, 70557688, 130047431, 205735120, 996722, 4594, 489772.35272100003, inf, 697.6744186046511, 1414.1089349987387, 223304.834078, 147494.476822, 0.103865, 10720.200745, 108252.624008, 0.113203, 903, 5939, 2550001, 53443754, 62481391, 118475146
30000, 30000, 0, 0, greedy_23.000000, 999279, 18098, 1350011.1749600002, inf, 173.41040462427745, 587.0960860259621, 142297.547744, 687605.546347, 1.451311, 43783.042573, 476322.641652, 0.945333, 3979, 14544, 10350001, 32401133, 284256083, 327007217, 1014641, 8889, 901368.570681, inf, 348.83720930232556, 1232.6953815650268, 306786.592057, 337979.812479, 0.354895, 21564.578159, 235036.690604, 0.542487, 1978, 10944, 5130001, 70557688, 140023259, 215710948, 996715, 4587, 509375.402452, inf, 697.6744186046511, 1414.1089349987387, 223304.834078, 156433.355728, 0.105638, 10720.200745, 118916.789404, 0.116859, 989, 5927, 2550001, 53443754, 67223775, 123217530
30000, 30000, 0, 0, greedy_25.000000, 999279, 18098, 1434365.1963499999, inf, 173.41040462427745, 587.0960860259621, 142297.547744, 728693.17714, 1.453265, 43783.042573, 519589.021309, 0.954319, 4325, 14544, 10350001, 32401133, 304712295, 347463429, 1014640, 8888, 940098.3620869999, inf, 348.83720930232556, 1232.6953815650268, 306786.592057, 355298.673967, 0.411963, 21564.578159, 256447.733744, 0.372197, 2150, 10932, 5130001, 70557688, 149999087, 225686776, 996711, 4583, 531287.248028, inf, 697.6744186046511, 1414.1089349987387, 223304.834078, 166791.900928, 0.102813, 10720.200745, 130470.079361, 0.130103, 1075, 5918, 2550001, 53443754, 71966159, 127959914
30000, 30000, 0, 0, greedy_27.000000, 999279, 18098, 1506911.600299, inf, 173.41040462427745, 587.0960860259621, 142297.547744, 764721.384624, 1.479815, 43783.042573, 556107.100042, 1.045501, 4671, 14544, 10350001, 32401133, 325168507, 367919641, 1014632, 8880, 982841.6339910001, inf, 348.83720930232556, 1232.6953815650268, 306786.592057, 374784.235594, 0.412814, 21564.578159, 279705.454671, 0.360696, 2322, 10920, 5130001, 70557688, 159974915, 235662604, 996709, 4581, 549781.950571, inf, 697.6744186046511, 1414.1089349987387, 223304.834078, 174405.962504, 0.104145, 10720.200745, 141350.717332, 0.131767, 1161, 5909, 2550001, 53443754, 76708543, 132702298
30000, 30000, 0, 0, greedy_29.000000, 999279, 18098, 1600381.387361, inf, 173.41040462427745, 587.0960860259621, 142297.547744, 810864.072705, 1.459667, 43783.042573, 603434.135074, 1.129598, 5017, 14544, 10350001, 32401133, 345624719, 388375853, 1014612, 8860, 1021152.707179, inf, 348.83720930232556, 1232.6953815650268, 306786.592057, 393506.899746, 0.411832, 21564.578159, 299293.656569, 0.568816, 2494, 10908, 5130001, 70557688, 169950743, 245638432, 996707, 4579, 568594.3739480001, inf, 697.6744186046511, 1414.1089349987387, 223304.834078, 183110.580154, 0.099948, 10720.200745, 151458.516616, 0.142407, 1247, 5902, 2550001, 53443754, 81450927, 137444682
30000, 30000, 0, 0, greedy_3.000000, 1002597, 21416, 353947.352114, inf, 173.41040462427745, 587.0960860259621, 142297.547744, 125005.803987, 1.449748, 43783.042573, 42859.366827, 0.141235, 519, 28835, 10350001, 32401133, 40950397, 83701531, 1016258, 10506, 411159.72799600003, inf, 348.83720930232556, 1232.6953815650268, 306786.592057, 61123.886645, 0.395913, 21564.578159, 21684.212714, 0.062508, 258, 17642, 5130001, 70557688, 19973384, 95661073, 997842, 5714, 273897.692131, inf, 697.6744186046511, 1414.1089349987387, 223304.834078, 28882.612563, 0.100799, 10720.200745, 10989.907678, 0.036268, 129, 9408, 2550001, 53443754, 9637713, 65631468
30000, 30000, 0, 0, greedy_31.000000, 999279, 18098, 1684012.373804, inf, 173.41040462427745, 587.0960860259621, 142297.547744, 851728.636122, 1.457913, 43783.042573, 646200.449737, 1.239715, 5363, 14544, 10350001, 32401133, 366080931, 408832065, 1014600, 8848, 1062248.090967, inf, 348.83720930232556, 1232.6953815650268, 306786.592057, 412598.50677, 0.413776, 21564.578159, 321297.582421, 0.417784, 2666, 10899, 5130001, 70557688, 179926571, 255614260, 996707, 4579, 591327.293727, inf, 697.6744186046511, 1414.1089349987387, 223304.834078, 193554.798476, 0.103814, 10720.200745, 163747.221551, 0.135063, 1333, 5894, 2550001, 53443754, 86193311, 142187066
30000, 30000, 0, 0, greedy_33.000000, 999279, 18098, 1765971.5906830002, inf, 173.41040462427745, 587.0960860259621, 142297.547744, 890622.919765, 1.724634, 43783.042573, 689265.076838, 1.279129, 5709, 14544, 10350001, 32401133, 386537143, 429288277, 1014591, 8839, 1104161.801233, inf, 348.83720930232556, 1232.6953815650268, 306786.592057, 432557.003911, 0.416922, 21564.578159, 343252.80311, 0.407074, 2838, 10892, 5130001, 70557688, 189902399, 265590088, 996707, 4579, 609080.2386190001, inf, 697.6744186046511, 1414.1089349987387, 223304.834078, 200689.154171, 0.104125, 10720.200745, 174365.803003, 0.142497, 1419, 5889, 2550001, 53443754, 90935695, 146929450
30000, 30000, 0, 0, greedy_35.000000, 999279, 18098, 1851150.054258, inf, 173.41040462427745, 587.0960860259621, 142297.547744, 932077.850433, 1.460389, 43783.042573, 732988.797657, 1.355462, 6055, 14544, 10350001, 32401133, 406993355, 449744489, 1014591, 8839, 1145509.43924, inf, 348.83720930232556, 1232.6953815650268, 306786.592057, 452391.613774, 0.418164, 21564.578159, 364765.797672, 0.439414, 3010, 10890, 5130001, 70557688, 199878227, 275565916, 996707, 4579, 627037.2890130001, inf, 697.6744186046511, 1414.1089349987387, 223304.834078, 208980.717471, 0.100218, 10720.200745, 184031.277503, 0.158998, 1505, 5883, 2550001, 53443754, 95678079, 151671834
30000, 30000, 0, 0, greedy_37.000000, 999279, 18098, 1937214.722536, inf, 173.41040462427745, 587.0960860259621, 142297.547744, 971263.656239, 1.477992, 43783.042573, 779867.585739, 1.412249, 6401, 14544, 10350001, 32401133, 427449567, 470200701, 1014591, 8839, 1188057.757552, inf, 348.83720930232556, 1232.6953815650268, 306786.592057, 474945.148206, 0.415159, 21564.578159, 384760.578616, 0.445355, 3182, 10890, 5130001, 70557688, 209854055, 285541744, 996698, 4570, 647015.550205, inf, 697.6744186046511, 1414.1089349987387, 223304.834078, 217997.59986, 0.100418, 10720.200745, 194992.666496, 0.148608, 1591, 5877, 2550001, 53443754, 100420463, 156414218
30000, 30000, 0, 0, greedy_39.000000, 999279, 18098, 2006569.5018999998, inf, 173.41040462427745, 587.0960860259621, 142297.547744, 1006749.187499, 1.505123, 43783.042573, 813736.736702, 1.482259, 6747, 14544, 10350001, 32401133, 447905779, 490656913, 1014591, 8839, 1230160.9299879998, inf, 348.83720930232556, 1232.6953815650268, 306786.592057, 493911.771087, 0.408075, 21564.578159, 407897.1113, 0.46931, 3354, 10890, 5130001, 70557688, 219829883, 295517572, 996681, 4553, 665664.9398360001, inf, 697.6744186046511, 1414.1089349987387, 223304.834078, 225905.82383, 0.099377, 10720.200745, 205733.817418, 0.164388, 1677, 5872, 2550001, 53443754, 105162847, 161156602
30000, 30000, 0, 0, greedy_5.000000, 1000604, 19423, 478073.55626599997, inf, 173.41040462427745, 587.0960860259621, 142297.547744, 206153.765571, 1.461922, 43783.042573, 85837.51673, 0.221726, 865, 23024, 10350001, 32401133, 71594577, 114345711, 1015578, 9826, 471031.18792399997, inf, 348.83720930232556, 1232.6953815650268, 306786.592057, 99541.676221, 0.414367, 21564.578159, 43137.821311, 0.105809, 430, 15011, 5130001, 70557688, 34987604, 110675293, 997298, 5170, 302990.90915900003, inf, 697.6744186046511, 1414.1089349987387, 223304.834078, 47125.746157, 0.108163, 10720.200745, 21839.974341, 0.045675, 215, 8014, 2550001, 53443754, 16713885, 72707640
30000, 30000, 0, 0, greedy_7.000000, 1000071, 18890, 604770.283927, inf, 173.41040462427745, 587.0960860259621, 142297.547744, 289385.394029, 1.454126, 43783.042573, 129302.525104, 0.320351, 1211, 19508, 10350001, 32401133, 102413489, 145164623, 1015111, 9359, 531814.873657, inf, 348.83720930232556, 1232.6953815650268, 306786.592057, 139426.673441, 0.363571, 21564.578159, 64036.536385, 0.130044, 602, 13615, 5130001, 70557688, 50087789, 125775478, 997022, 4894, 332285.4531220001, inf, 697.6744186046511, 1414.1089349987387, 223304.834078, 65588.877454, 0.109065, 10720.200745, 32671.366678, 0.065102, 301, 7293, 2550001, 53443754, 24005759, 79999514
30000, 30000, 0, 0, greedy_9.000000, 999639, 18458, 726279.004165, inf, 173.41040462427745, 587.0960860259621, 142297.547744, 368249.74278, 1.484835, 43783.042573, 171946.800299, 0.385934, 1557, 16928, 10350001, 32401133, 133232401, 175983535, 1014993, 9241, 595002.699259, inf, 348.83720930232556, 1232.6953815650268, 306786.592057, 180680.050977, 0.411722, 21564.578159, 85970.900583, 0.165761, 774, 12427, 5130001, 70557688, 65217941, 140905630, 996837, 4709, 362437.1877540001, inf, 697.6744186046511, 1414.1089349987387, 223304.834078, 84841.236868, 0.098645, 10720.200745, 43570.749932, 0.067486, 387, 6616, 2550001, 53443754, 31327627, 87321382
30000, 30000, 0, 0, opt, 998510, 17329, 3815024.6033230005, inf, 173.41040462427745, 587.0960860259621, 142297.547744, 3628942.619954, 1.393052, 43783.042573, 0, 0, 0, 0, 10350001, 32401133, 872203900, 914955034, 1014100, 8348, 3803629.5075100004, inf, 348.83720930232556, 1232.6953815650268, 306786.592057, 3475277.962301, 0.374993, 21564.578159, 0, 0, 0, 0, 5130001, 70557688, 839046033, 914733722, 996464, 4336, 3367527.5452309996, inf, 697.6744186046511, 1414.1089349987387, 223304.834078, 3133502.417844, 0.092564, 10720.200745, 0, 0, 0, 0, 2550001, 53443754, 754169136, 810162891
30000, 30000, 0, 0, plus_edge, 1004750, 23569, 230659.62165199997, inf, 173.41040462427745, 587.0960860259621, 142297.547744, 44577.697214, 1.334121, 43783.042573, 0, 0, 0, 0, 10350001, 32401133, 10189968, 52941102, 1018492, 12740, 349433.784778, inf, 348.83720930232556, 1232.6953815650268, 306786.592057, 21082.274795, 0.339767, 21564.578159, 0, 0, 0, 0, 5130001, 70557688, 4934335, 80622024, 999240, 7112, 244043.99231300002, inf, 697.6744186046511, 1414.1089349987387, 223304.834078, 10018.873252, 0.084238, 10720.200745, 0, 0, 0, 0, 2550001, 53443754, 2317560, 58311315
30000, 30000, 0, 0, simple, 1007760, 26579, 230458.689947, inf, 173.41040462427745, 587.0960860259621, 142297.547744, 44376.783964, 1.315666, 43783.042573, 0, 0, 0, 0, 10350001, 32401133, 10160384, 52911518, 1019627, 13875, 349469.296787, inf, 348.83720930232556, 1232.6953815650268, 306786.592057, 21117.785121, 0.34145, 21564.578159, 0, 0, 0, 0, 5130001, 70557688, 4927110, 80614799, 999580, 7452, 244182.13539600003, inf, 697.6744186046511, 1414.1089349987387, 223304.834078, 10157.007669, 0.092904, 10720.200745, 0, 0, 0, 0, 2550001, 53443754, 2315796, 58309551
30000, 30000, 0, 0, dp_1.000000, 1026851, 28662, 222334.252713, inf, 173.41040462427745, 581.2574363314311, 138739.097368, 39916.263315, 1.473143, 43536.584847, 140.821296, 0.012744, 173, 0, 10350001, 31811064, 9390241, 51551306, 1019528, 15179, 323040.4853479999, inf, 348.83720930232556, 1183.733724973114, 281952.615054, 19245.874951, 0.386816, 21701.834658, 139.766936, 0.006933, 86, 0, 5130001, 65470256, 4466151, 75066408, 984991, 8613, 565785.1460969999, inf, 697.6744186046511, 2289.5054581358754, 546322.855593, 8387.307445, 0.073788, 10927.907756, 146.994902, 0.006613, 43, 0, 2550001, 123149574, 1963807, 127663382
30000, 30000, 0, 0, dp_11.000000, 1018451, 20262, 810171.1527089999, inf, 173.41040462427745, 581.2574363314311, 138739.097368, 415098.940063, 1.545388, 43536.584847, 212632.205883, 162.77916, 1903, 11145, 10350001, 31811064, 155051966, 197213031, 1015153, 10804, 610191.68677, inf, 348.83720930232556, 1183.733724973114, 281952.615054, 198230.477394, 0.388388, 21701.834658, 108286.695867, 19.675409, 946, 7972, 5130001, 65470256, 75066504, 145666761, 982156, 5778, 699894.7778779999, inf, 697.6744186046511, 2289.5054581358754, 546322.855593, 85397.659266, 0.111188, 10927.907756, 57243.63265, 2.611425, 473, 4389, 2550001, 123149574, 34183265, 159882840
30000, 30000, 0, 0, dp_13.000000, 1018295, 20106, 927488.5359149999, inf, 173.41040462427745, 581.2574363314311, 138739.097368, 488566.404452, 1.552221, 43536.584847, 256415.407736, 229.489291, 2249, 9624, 10350001, 31811064, 184260940, 226422005, 1015068, 10719, 668054.962782, inf, 348.83720930232556, 1183.733724973114, 281952.615054, 234339.448893, 0.404448, 21701.834658, 130033.550145, 27.109584, 1118, 7195, 5130001, 65470256, 89203012, 159803269, 982118, 5740, 725040.2197639999, inf, 697.6744186046511, 2289.5054581358754, 546322.855593, 101906.233558, 0.131777, 10927.907756, 65879.528832, 3.562248, 559, 4019, 2550001, 123149574, 40722877, 166422452
30000, 30000, 0, 0, dp_15.000000, 1018279, 20090, 1047006.9845479999, inf, 173.41040462427745, 581.2574363314311, 138739.097368, 563516.792256, 1.751926, 43536.584847, 300904.49376, 308.264391, 2595, 8468, 10350001, 31811064, 213409940, 255571005, 1015050, 10701, 727747.641649, inf, 348.83720930232556, 1183.733724973114, 281952.615054, 271959.240208, 0.399078, 21701.834658, 152096.894072, 36.658579, 1290, 6551, 5130001, 65470256, 103309522, 173909779, 982102, 5724, 757470.7614109999, inf, 697.6744186046511, 2289.5054581358754, 546322.855593, 116383.294649, 0.100508, 10927.907756, 83831.892444, 4.710461, 645, 3720, 2550001, 123149574, 47202517, 172902092
30000, 30000, 0, 0, dp_17.000000, 1018139, 19950, 1164892.41417, inf, 173.41040462427745, 581.2574363314311, 138739.097368, 640103.174778, 1.725456, 43536.584847, 342112.922364, 398.909357, 2941, 7515, 10350001, 31811064, 242438992, 284600057, 1014986, 10637, 781267.7931309999, inf, 348.83720930232556, 1183.733724973114, 281952.615054, 305086.495655, 0.395041, 21701.834658, 172478.82129, 47.631433, 1462, 5974, 5130001, 65470256, 117206046, 187806303, 982087, 5709, 781155.8136519998, inf, 697.6744186046511, 2289.5054581358754, 546322.855593, 133067.633971, 0.083506, 10927.907756, 90830.901128, 6.431698, 731, 3464, 2550001, 123149574, 53712143, 179411718
30000, 30000, 0, 0, dp_19.000000, 1018105, 19916, 1283107.175886, inf, 173.41040462427745, 581.2574363314311, 138739.097368, 712517.887372, 1.64199, 43536.584847, 387812.163307, 499.801002, 3287, 6702, 10350001, 31811064, 271647966, 313809031, 1014959, 10610, 839970.692777, inf, 348.83720930232556, 1183.733724973114, 281952.615054, 341300.448815, 0.393567, 21701.834658, 194955.746537, 59.654146, 1634, 5441, 5130001, 65470256, 131342554, 201942811, 982027, 5649, 805835.2475149998, inf, 697.6744186046511, 2289.5054581358754, 546322.855593, 149049.118725, 0.099727, 10927.907756, 99527.79019, 7.475524, 817, 3245, 2550001, 123149574, 60251755, 185951330
30000, 30000, 0, 0, dp_21.000000, 1018073, 19884, 1397022.986666, inf, 173.41040462427745, 581.2574363314311, 138739.097368, 786546.226235, 1.497248, 43536.584847, 427585.476521, 614.104447, 3633, 6026, 10350001, 31811064, 300617044, 342778109, 1014905, 10556, 898575.596961, inf, 348.83720930232556, 1183.733724973114, 281952.615054, 377419.287225, 0.409828, 21701.834658, 217427.886284, 73.563912, 1806, 4971, 5130001, 65470256, 145449064, 216049321, 982000, 5622, 832256.1318719998, inf, 697.6744186046511, 2289.5054581358754, 546322.855593, 164877.102695, 0.086973, 10927.907756, 110119.007702, 9.171153, 903, 3061, 2550001, 123149574, 66791367, 192490942
30000, 30000, 0, 0, dp_23.000000, 1018060, 19871, 1520505.2489510002, inf, 173.41040462427745, 581.2574363314311, 138739.097368, 866785.61442, 1.49836, 43536.584847, 470705.991077, 736.462879, 3979, 5425, 10350001, 31811064, 329826018, 371987083, 1014890, 10541, 955271.2375400001, inf, 348.83720930232556, 1183.733724973114, 281952.615054, 413560.523076, 0.359074, 21701.834658, 237966.833499, 89.072179, 1978, 4545, 5130001, 65470256, 159585572, 230185829, 981993, 5615, 859642.6108959999, inf, 697.6744186046511, 2289.5054581358754, 546322.855593, 180776.669264, 0.101611, 10927.907756, 121604.218736, 10.857936, 989, 2908, 2550001, 123149574, 73330979, 199030554
30000, 30000, 0, 0, dp_25.000000, 1018035, 19846, 1635268.242352, inf, 173.41040462427745, 581.2574363314311, 138739.097368, 939021.199399, 1.750322, 43536.584847, 513093.92108, 875.689336, 4325, 4904, 10350001, 31811064, 359034992, 401196057, 1014872, 10523, 1013924.686384, inf, 348.83720930232556, 1183.733724973114, 281952.615054, 451249.877961, 0.396383, 21701.834658, 258914.105588, 105.85674, 2150, 4180, 5130001, 65470256, 173722080, 244322337, 981978, 5600, 887182.2140179999, inf, 697.6744186046511, 2289.5054581358754, 546322.855593, 196709.247456, 0.100829, 10927.907756, 133209.277009, 12.825375, 1075, 2772, 2550001, 123149574, 79870591, 205570166
30000, 30000, 0, 0, dp_27.000000, 1018020, 19831, 1752729.1168469999, inf, 173.41040462427745, 581.2574363314311, 138739.097368, 1013997.119769, 1.508819, 43536.584847, 555435.929684, 1018.87636, 4671, 4445, 10350001, 31811064, 387884122, 430045187, 1014862, 10513, 1070909.279687, inf, 348.83720930232556, 1183.733724973114, 281952.615054, 484340.542099, 0.582372, 21701.834658, 282789.973742, 123.731762, 2322, 3840, 5130001, 65470256, 187678600, 258278857, 981968, 5590, 913345.2662629999, inf, 697.6744186046511, 2289.5054581358754, 546322.855593, 212517.51294, 0.099967, 10927.907756, 143561.666115, 15.223892, 1161, 2651, 2550001, 123149574, 86350231, 212049806
30000, 30000, 0, 0, dp_29.000000, 1017997, 19808, 1868808.075458, inf, 173.41040462427745, 581.2574363314311, 138739.097368, 1088729.991505, 1.50905, 43536.584847, 596624.586874, 1176.305814, 5017, 4029, 10350001, 31811064, 417093096, 459254161, 1014852, 10503, 1130530.400843, inf, 348.83720930232556, 1183.733724973114, 281952.615054, 519705.986493, 0.403046, 21701.834658, 307026.496424, 143.065168, 2494, 3545, 5130001, 65470256, 201695116, 272295373, 981963, 5585, 940337.7081379998, inf, 697.6744186046511, 2289.5054581358754, 546322.855593, 228698.382685, 0.102933, 10927.907756, 154371.142886, 17.316285, 1247, 2535, 2550001, 123149574, 92889843, 218589418
30000, 30000, 0, 0, dp_3.000000, 1020630, 22441, 339773.526168, inf, 173.41040462427745, 581.2574363314311, 138739.097368, 114430.146264, 1.726618, 43536.584847, 43057.395732, 8.575339, 519, 24532, 10350001, 31811064, 38300476, 80461541, 1016210, 11861, 381159.09161099995, inf, 348.83720930232556, 1183.733724973114, 281952.615054, 55414.225457, 0.391554, 21701.834658, 22088.953218, 1.07167, 258, 14653, 5130001, 65470256, 18580468, 89180725, 982809, 6431, 592193.8307419998, inf, 697.6744186046511, 2289.5054581358754, 546322.855593, 23600.32662, 0.10122, 10927.907756, 11342.453825, 0.185728, 129, 7788, 2550001, 123149574, 8294691, 133994266
30000, 30000, 0, 0, dp_31.000000, 1017973, 19784, 1988696.2740300002, inf, 173.41040462427745, 581.2574363314311, 138739.097368, 1166775.248301, 1.521403, 43536.584847, 638296.964046, 1346.858065, 5363, 3653, 10350001, 31811064, 445792291, 487953356, 1014845, 10496, 1182399.055102, inf, 348.83720930232556, 1183.733724973114, 281952.615054, 556445.381836, 0.388799, 21701.834658, 322128.255736, 170.579019, 2666, 3284, 5130001, 65470256, 215831624, 286431881, 981957, 5579, 967258.2205179998, inf, 697.6744186046511, 2289.5054581358754, 546322.855593, 243819.166684, 0.10135, 10927.907756, 166168.349068, 19.840067, 1333, 2427, 2550001, 123149574, 99429455, 225129030
30000, 30000, 0, 0, dp_33.000000, 1017966, 19777, 2109500.202269, inf, 173.41040462427745, 581.2574363314311, 138739.097368, 1245046.767889, 1.518156, 43536.584847, 680646.359868, 1529.874141, 5709, 3306, 10350001, 31811064, 475001265, 517162330, 1014834, 10485, 1245932.866591, inf, 348.83720930232556, 1183.733724973114, 281952.615054, 592287.644966, 0.396002, 21701.834658, 349804.661468, 185.714443, 2838, 3054, 5130001, 65470256, 229968132, 300568389, 981946, 5568, 994971.8624829999, inf, 697.6744186046511, 2289.5054581358754, 546322.855593, 260762.943557, 0.100108, 10927.907756, 176935.510093, 22.545376, 1419, 2328, 2550001, 123149574, 105969067, 231668642
30000, 30000, 0, 0, dp_35.000000, 1017962, 19773, 2228470.660663, inf, 173.41040462427745, 581.2574363314311, 138739.097368, 1320253.814931, 1.484274, 43536.584847, 724220.144161, 1719.535082, 6055, 2999, 10350001, 31811064, 504180252, 546341317, 1014817, 10468, 1301695.0481820002, inf, 348.83720930232556, 1183.733724973114, 281952.615054, 629701.176099, 0.361938, 21701.834658, 368129.788213, 209.27222, 3010, 2843, 5130001, 65470256, 244104640, 314704897, 981946, 5568, 1016674.1656429999, inf, 697.6744186046511, 2289.5054581358754, 546322.855593, 272046.878362, 0.103003, 10927.907756, 187350.846049, 25.57488, 1505, 2233, 2550001, 123149574, 111429183, 237128758
30000, 30000, 0, 0, dp_37.000000, 1017959, 19770, 2347563.32711, inf, 173.41040462427745, 581.2574363314311, 138739.097368, 1396626.780233, 1.471339, 43536.584847, 766736.696699, 1922.696624, 6401, 2727, 10350001, 31811064, 533389226, 575550291, 1014808, 10459, 1375589.13698, inf, 348.83720930232556, 1183.733724973114, 281952.615054, 664993.712788, 0.402374, 21701.834658, 406702.369993, 238.202113, 3182, 2669, 5130001, 65470256, 258211150, 328811407, 981935, 5557, 1044106.6074719997, inf, 697.6744186046511, 2289.5054581358754, 546322.855593, 288228.262403, 0.103534, 10927.907756, 198599.044727, 28.433459, 1591, 2146, 2550001, 123149574, 117968795, 243668370
30000, 30000, 0, 0, dp_39.000000, 1017926, 19737, 2463976.36355, inf, 173.41040462427745, 581.2574363314311, 138739.097368, 1470528.457433, 1.532464, 43536.584847, 809037.108819, 2133.582619, 6747, 2479, 10350001, 31811064, 561818538, 603979603, 1014808, 10459, 1413420.436616, inf, 348.83720930232556, 1183.733724973114, 281952.615054, 697287.835311, 0.398547, 21701.834658, 412215.276107, 262.476939, 3354, 2504, 5130001, 65470256, 271837692, 342437949, 981935, 5557, 1071295.5219829998, inf, 697.6744186046511, 2289.5054581358754, 546322.855593, 304399.136237, 0.08545, 10927.907756, 209613.854936, 31.682011, 1677, 2061, 2550001, 123149574, 124508407, 250207982
30000, 30000, 0, 0, dp_5.000000, 1019339, 21150, 456950.920101, inf, 173.41040462427745, 581.2574363314311, 138739.097368, 188478.440398, 1.502677, 43536.584847, 86166.111688, 29.183123, 865, 18791, 10350001, 31811064, 67449476, 109610541, 1015479, 11130, 437867.987411, inf, 348.83720930232556, 1183.733724973114, 281952.615054, 90416.153188, 0.390922, 21701.834658, 43793.356663, 3.636926, 430, 11881, 5130001, 65470256, 32686978, 103287235, 982471, 6093, 618674.6568429999, inf, 697.6744186046511, 2289.5054581358754, 546322.855593, 39174.266322, 0.088216, 10927.907756, 22249.048997, 0.489959, 215, 6244, 2550001, 123149574, 14834303, 140533878
30000, 30000, 0, 0, dp_7.000000, 1018978, 20789, 573497.9437879999, inf, 173.41040462427745, 581.2574363314311, 138739.097368, 262970.048772, 1.508709, 43536.584847, 128189.395148, 61.308944, 1211, 15291, 10350001, 31811064, 96634018, 138795083, 1015333, 10984, 496078.12532199995, inf, 348.83720930232556, 1183.733724973114, 281952.615054, 127365.946651, 0.398046, 21701.834658, 65049.897636, 7.433277, 602, 10162, 5130001, 65470256, 46823486, 117423743, 982293, 5915, 645369.154078, inf, 697.6744186046511, 2289.5054581358754, 546322.855593, 54805.457149, 0.105828, 10927.907756, 33311.861871, 0.965881, 301, 5378, 2550001, 123149574, 21313943, 147013518
30000, 30000, 0, 0, dp_9.000000, 1018616, 20427, 693055.6037899998, inf, 173.41040462427745, 581.2574363314311, 138739.097368, 340046.659412, 1.494583, 43536.584847, 170626.684382, 105.083198, 1557, 13005, 10350001, 31811064, 125842992, 168004057, 1015256, 10907, 552988.543108, inf, 348.83720930232556, 1183.733724973114, 281952.615054, 162229.89973, 0.396684, 21701.834658, 87091.04289, 12.754092, 774, 8956, 5130001, 65470256, 60959994, 131560251, 982161, 5783, 671655.8498569998, inf, 697.6744186046511, 2289.5054581358754, 546322.855593, 70115.445356, 0.100719, 10927.907756, 44287.739447, 1.800986, 387, 4832, 2550001, 123149574, 27793583, 153493158
30000, 30000, 0, 0, fixed_reps_1, 1026851, 28662, 223107.99787099997, inf, 173.41040462427745, 581.2574363314311, 138739.097368, 40662.924086, 1.463285, 43536.584847, 167.928285, 0, 173, 44154, 10350001, 31811064, 9390241, 51551306, 1019528, 15179, 322983.1527, inf, 348.83720930232556, 1183.733724973114, 281952.615054, 19162.91802, 0.386354, 21701.834658, 165.398614, 0, 86, 24861, 5130001, 65470256, 4466151, 75066408, 984991, 8613, 568776.9014479999, inf, 697.6744186046511, 2289.5054581358754, 546322.855593, 11263.003937, 0.104776, 10927.907756, 263.029386, 0, 43, 13812, 2550001, 123149574, 1963807, 127663382
30000, 30000, 0, 0, fixed_reps_11, 1018806, 20617, 596038.362978, inf, 173.41040462427745, 581.2574363314311, 138739.097368, 412381.824711, 1.537153, 43536.584847, 1379.318899, 0, 1903, 17289, 10350001, 31811064, 103290921, 145451986, 1015247, 10898, 501161.20956799993, inf, 348.83720930232556, 1183.733724973114, 281952.615054, 196098.506119, 0.394249, 21701.834658, 1407.859488, 0, 946, 11214, 5130001, 65470256, 49126801, 119727058, 982238, 5860, 643608.5035589999, inf, 697.6744186046511, 2289.5054581358754, 546322.855593, 84938.245138, 0.10687, 10927.907756, 1419.388202, 0, 473, 5945, 2550001, 123149574, 21601447, 147301022
30000, 30000, 0, 0, fixed_reps_13, 1018638, 20449, 670951.658408, inf, 173.41040462427745, 581.2574363314311, 138739.097368, 487044.56493, 1.497478, 43536.584847, 1629.913785, 0, 2249, 15578, 10350001, 31811064, 122071057, 164232122, 1015194, 10845, 536763.964716, inf, 348.83720930232556, 1183.733724973114, 281952.615054, 231454.656955, 0.392366, 21701.834658, 1654.465683, 0, 1118, 10491, 5130001, 65470256, 58058931, 128659188, 982220, 5842, 659747.2313169999, inf, 697.6744186046511, 2289.5054581358754, 546322.855593, 100760.028702, 0.08528, 10927.907756, 1736.353986, 0, 559, 5612, 2550001, 123149574, 25528975, 151228550
30000, 30000, 0, 0, fixed_reps_15, 1018504, 20315, 746659.781503, inf, 173.41040462427745, 581.2574363314311, 138739.097368, 562510.475655, 1.515242, 43536.584847, 1872.108391, 0, 2595, 14247, 10350001, 31811064, 140851193, 183012258, 1015142, 10793, 575238.776384, inf, 348.83720930232556, 1183.733724973114, 281952.615054, 269625.148993, 0.394309, 21701.834658, 1958.78337, 0, 1290, 9644, 5130001, 65470256, 66991061, 137591318, 982187, 5809, 676406.22494, inf, 697.6744186046511, 2289.5054581358754, 546322.855593, 117202.558391, 0.104025, 10927.907756, 1952.799175, 0, 645, 5269, 2550001, 123149574, 29456503, 155156078
30000, 30000, 0, 0, fixed_reps_17, 1018467, 20278, 819342.125152, inf, 173.41040462427745, 581.2574363314311, 138739.097368, 634942.280826, 1.528707, 43536.584847, 2122.633404, 0, 2941, 13383, 10350001, 31811064, 159631329, 201792394, 1015124, 10775, 608040.713555, inf, 348.83720930232556, 1183.733724973114, 281952.615054, 302227.382624, 0.402374, 21701.834658, 2158.478845, 0, 1462, 9041, 5130001, 65470256, 75923191, 146523448, 982140, 5762, 692737.7126819998, inf, 697.6744186046511, 2289.5054581358754, 546322.855593, 133270.468863, 0.105597, 10927.907756, 2216.374873, 0, 731, 5053, 2550001, 123149574, 33384031, 159083606
30000, 30000, 0, 0, fixed_reps_19, 1018425, 20236, 902346.844216, inf, 173.41040462427745, 581.2574363314311, 138739.097368, 717704.044372, 1.540629, 43536.584847, 2365.577, 0, 3287, 12410, 10350001, 31811064, 178411465, 220572530, 1015086, 10737, 643262.92428, inf, 348.83720930232556, 1183.733724973114, 281952.615054, 337187.043852, 0.401253, 21701.834658, 2421.029463, 0, 1634, 8463, 5130001, 65470256, 84855321, 155455578, 982132, 5754, 707981.9340149998, inf, 697.6744186046511, 2289.5054581358754, 546322.855593, 148131.387145, 0.140043, 10927.907756, 2599.643478, 0, 817, 4770, 2550001, 123149574, 37311559, 163011134
30000, 30000, 0, 0, fixed_reps_21, 1018353, 20164, 976854.1912599999, inf, 173.41040462427745, 581.2574363314311, 138739.097368, 791966.624335, 1.534888, 43536.584847, 2610.349822, 0, 3633, 11441, 10350001, 31811064, 197191601, 239352666, 1015050, 10701, 678047.440949, inf, 348.83720930232556, 1183.733724973114, 281952.615054, 371742.525012, 0.395101, 21701.834658, 2650.071124, 0, 1806, 8139, 5130001, 65470256, 93787451, 164387708, 982132, 5754, 722332.1329329999, inf, 697.6744186046511, 2289.5054581358754, 546322.855593, 162365.038103, 0.09604, 10927.907756, 2716.235441, 0, 903, 4604, 2550001, 123149574, 41239087, 166938662
30000, 30000, 0, 0, fixed_reps_23, 1018325, 20136, 1053004.7716269998, inf, 173.41040462427745, 581.2574363314311, 138739.097368, 867873.924337, 1.528185, 43536.584847, 2853.63689, 0, 3979, 10707, 10350001, 31811064, 215971737, 258132802, 1015028, 10679, 714349.707252, inf, 348.83720930232556, 1183.733724973114, 281952.615054, 407793.562429, 0.392325, 21701.834658, 2901.302786, 0, 1978, 7717, 5130001, 65470256, 102719581, 173319838, 982132, 5754, 739404.6762189999, inf, 697.6744186046511, 2289.5054581358754, 546322.855593, 179155.685607, 0.094417, 10927.907756, 2998.132846, 0, 989, 4475, 2550001, 123149574, 45166615, 170866190
30000, 30000, 0, 0, fixed_reps_25, 1018302, 20113, 1122467.6563569999, inf, 173.41040462427745, 581.2574363314311, 138739.097368, 937084.134341, 1.485105, 43536.584847, 3106.354696, 0, 4325, 10070, 10350001, 31811064, 234751873, 276912938, 1015022, 10673, 750183.958288, inf, 348.83720930232556, 1183.733724973114, 281952.615054, 443363.497515, 0.402454, 21701.834658, 3165.608607, 0, 2150, 7330, 5130001, 65470256, 111651711, 182251968, 982113, 5735, 753721.6421089999, inf, 697.6744186046511, 2289.5054581358754, 546322.855593, 193214.647432, 0.078026, 10927.907756, 3256.153302, 0, 1075, 4331, 2550001, 123149574, 49094143, 174793718
30000, 30000, 0, 0, fixed_reps_27, 1018262, 20073, 1196641.63856, inf, 173.41040462427745, 581.2574363314311, 138739.097368, 1011013.762982, 1.511324, 43536.584847, 3350.682039, 0, 4671, 9612, 10350001, 31811064, 253532009, 295693074, 1015016, 10667, 787010.2693309999, inf, 348.83720930232556, 1183.733724973114, 281952.615054, 479933.975123, 0.40013, 21701.834658, 3421.444366, 0, 2322, 6976, 5130001, 65470256, 120583841, 191184098, 982093, 5715, 769565.6505619999, inf, 697.6744186046511, 2289.5054581358754, 546322.855593, 208845.163084, 0.098124, 10927.907756, 3469.626005, 0, 1161, 4192, 2550001, 123149574, 53021671, 178721246
30000, 30000, 0, 0, fixed_reps_29, 1018234, 20045, 1271745.775282, inf, 173.41040462427745, 581.2574363314311, 138739.097368, 1085854.80143, 1.511074, 43536.584847, 3613.780563, 0, 5017, 9173, 10350001, 31811064, 272312145, 314473210, 1014992, 10643, 823094.1684430001, inf, 348.83720930232556, 1183.733724973114, 281952.615054, 515771.029913, 0.39486, 21701.834658, 3668.293958, 0, 2494, 6698, 5130001, 65470256, 129515971, 200116228, 982093, 5715, 786639.8337669998, inf, 697.6744186046511, 2289.5054581358754, 546322.855593, 225640.0791, 0.097092, 10927.907756, 3748.894226, 0, 1247, 3992, 2550001, 123149574, 56949199, 182648774
30000, 30000, 0, 0, fixed_reps_3, 1021490, 23301, 298952.845732, inf, 173.41040462427745, 581.2574363314311, 138739.097368, 116273.710666, 1.452043, 43536.584847, 402.000808, 0, 519, 30396, 10350001, 31811064, 28170377, 70331442, 1016181, 11832, 358596.4356549999, inf, 348.83720930232556, 1183.733724973114, 281952.615054, 54543.845429, 0.393228, 21701.834658, 397.747286, 0, 258, 17800, 5130001, 65470256, 13398281, 83998538, 983074, 6696, 582916.5515639998, inf, 697.6744186046511, 2289.5054581358754, 546322.855593, 25141.526304, 0.112741, 10927.907756, 524.14917, 0, 129, 9964, 2550001, 123149574, 5891335, 131590910
30000, 30000, 0, 0, fixed_reps_31, 1018234, 20045, 1345231.1349779998, inf, 173.41040462427745, 581.2574363314311, 138739.097368, 1159036.094694, 1.491898, 43536.584847, 3917.866171, 0, 5363, 8804, 10350001, 31811064, 291092281, 333253346, 1014967, 10618, 860717.207003, inf, 348.83720930232556, 1183.733724973114, 281952.615054, 553079.86049, 0.397145, 21701.834658, 3982.499656, 0, 2666, 6456, 5130001, 65470256, 138448101, 209048358, 982073, 5695, 801218.2713959998, inf, 697.6744186046511, 2289.5054581358754, 546322.855593, 239923.885316, 0.082524, 10927.907756, 4043.540207, 0, 1333, 3869, 2550001, 123149574, 60876727, 186576302
30000, 30000, 0, 0, fixed_reps_33, 1018192, 20003, 1418813.4065949998, inf, 173.41040462427745, 581.2574363314311, 138739.097368, 1232418.498736, 1.504852, 43536.584847, 4117.720792, 0, 5709, 8375, 10350001, 31811064, 309872417, 352033482, 1014954, 10605, 894626.5513940001, inf, 348.83720930232556, 1183.733724973114, 281952.615054, 586798.39881, 0.389511, 21701.834658, 4173.313361, 0, 2838, 6118, 5130001, 65470256, 147380231, 217980488, 982073, 5695, 818530.1800909998, inf, 697.6744186046511, 2289.5054581358754, 546322.855593, 256999.689837, 0.096942, 10927.907756, 4279.629963, 0, 1419, 3716, 2550001, 123149574, 64804255, 190503830
30000, 30000, 0, 0, fixed_reps_35, 1018187, 19998, 1496457.217067, inf, 173.41040462427745, 581.2574363314311, 138739.097368, 1309811.791229, 1.469265, 43536.584847, 4368.274358, 0, 6055, 7981, 10350001, 31811064, 328652553, 370813618, 1014939, 10590, 928500.62201, inf, 348.83720930232556, 1183.733724973114, 281952.615054, 620411.52349, 0.401132, 21701.834658, 4434.247676, 0, 3010, 5822, 5130001, 65470256, 156312361, 226912618, 982073, 5695, 832212.3410739999, inf, 697.6744186046511, 2289.5054581358754, 546322.855593, 270445.143571, 0.09638, 10927.907756, 4516.337774, 0, 1505, 3644, 2550001, 123149574, 68731783, 194431358
30000, 30000, 0, 0, fixed_reps_37, 1018179, 19990, 1571289.418127, inf, 173.41040462427745, 581.2574363314311, 138739.097368, 1384419.555002, 1.486377, 43536.584847, 4592.694533, 0, 6401, 7616, 10350001, 31811064, 347432689, 389593754, 1014921, 10572, 964903.704751, inf, 348.83720930232556, 1183.733724973114, 281952.615054, 656557.174818, 0.396223, 21701.834658, 4691.683998, 0, 3182, 5614, 5130001, 65470256, 165244491, 235844748, 982063, 5685, 847942.44696, inf, 697.6744186046511, 2289.5054581358754, 546322.855593, 285936.265102, 0.095499, 10927.907756, 4755.32301, 0, 1591, 3551, 2550001, 123149574, 72659311, 198358886
30000, 30000, 0, 0, fixed_reps_39, 1018173, 19984, 1646237.508612, inf, 173.41040462427745, 581.2574363314311, 138739.097368, 1459104.878044, 1.505223, 43536.584847, 4855.44313, 0, 6747, 7269, 10350001, 31811064, 366212825, 408373890, 1014919, 10570, 999365.5935900001, inf, 348.83720930232556, 1183.733724973114, 281952.615054, 690739.295229, 0.399849, 21701.834658, 4971.4488, 0, 3354, 5427, 5130001, 65470256, 174176621, 244776878, 982006, 5628, 863656.6162799997, inf, 697.6744186046511, 2289.5054581358754, 546322.855593, 301411.516134, 0.100288, 10927.907756, 4994.236509, 0, 1677, 3467, 2550001, 123149574, 76586839, 202286414
30000, 30000, 0, 0, fixed_reps_41, 1018156, 19967, 1720566.433246, inf, 173.41040462427745, 581.2574363314311, 138739.097368, 1533185.893944, 1.506816, 43536.584847, 5103.350271, 0, 7093, 6957, 10350001, 31811064, 384992961, 427154026, 1014899, 10550, 1033714.6028049999, inf, 348.83720930232556, 1183.733724973114, 281952.615054, 724846.467903, 0.398448, 21701.834658, 5213.286742, 0, 3526, 5258, 5130001, 65470256, 183108751, 253709008, 982006, 5628, 881779.2641619999, inf, 697.6744186046511, 2289.5054581358754, 546322.855593, 319231.491211, 0.113714, 10927.907756, 5296.895888, 0, 1763, 3378, 2550001, 123149574, 80514367, 206213942
30000, 30000, 0, 0, fixed_reps_5, 1020066, 21877, 374289.79223699996, inf, 173.41040462427745, 581.2574363314311, 138739.097368, 191367.624485, 1.489242, 43536.584847, 644.996295, 0, 865, 24940, 10350001, 31811064, 46950513, 89111578, 1015562, 11213, 394306.439936, inf, 348.83720930232556, 1183.733724973114, 281952.615054, 90001.700467, 0.388589, 21701.834658, 649.901168, 0, 430, 15141, 5130001, 65470256, 22330411, 92930668, 982553, 6175, 597356.059859, inf, 697.6744186046511, 2289.5054581358754, 546322.855593, 39442.016151, 0.104396, 10927.907756, 663.175963, 0, 215, 7933, 2550001, 123149574, 9818863, 135518438
30000, 30000, 0, 0, fixed_reps_7, 1019325, 21136, 448821.65077599994, inf, 173.41040462427745, 581.2574363314311, 138739.097368, 265645.229025, 1.468694, 43536.584847, 899.270842, 0, 1211, 21734, 10350001, 31811064, 65730649, 107891714, 1015465, 11116, 430090.673869, inf, 348.83720930232556, 1183.733724973114, 281952.615054, 125532.76256, 0.397666, 21701.834658, 903.063931, 0, 602, 13593, 5130001, 65470256, 31262541, 101862798, 982440, 6062, 612468.5817329999, inf, 697.6744186046511, 2289.5054581358754, 546322.855593, 54300.114295, 0.104676, 10927.907756, 917.599413, 0, 301, 6768, 2550001, 123149574, 13746391, 139445966
30000, 30000, 0, 0, fixed_reps_9, 1018965, 20776, 521383.010201, inf, 173.41040462427745, 581.2574363314311, 138739.097368, 337976.563298, 1.5146, 43536.584847, 1129.250088, 0, 1557, 19294, 10350001, 31811064, 84510785, 126671850, 1015282, 10933, 465750.70604099997, inf, 348.83720930232556, 1183.733724973114, 281952.615054, 160927.688769, 0.404028, 21701.834658, 1168.163532, 0, 774, 12084, 5130001, 65470256, 40194671, 110794928, 982314, 5936, 628358.5055549999, inf, 697.6744186046511, 2289.5054581358754, 546322.855593, 69918.343723, 0.107141, 10927.907756, 1189.291342, 0, 387, 6326, 2550001, 123149574, 17673919, 143373494
30000, 30000, 0, 0, greedy_1.000000, 1026851, 28662, 222467.379282, inf, 173.41040462427745, 581.2574363314311, 138739.097368, 40049.399022, 1.466951, 43536.584847, 140.821296, 0.009798, 173, 44154, 10350001, 31811064, 9390241, 51551306, 1019528, 15179, 323138.0051179999, inf, 348.83720930232556, 1183.733724973114, 281952.615054, 19343.393649, 0.389621, 21701.834658, 139.766936, 0.0052, 86, 24861, 5130001, 65470256, 4466151, 75066408, 984991, 8613, 565848.4382979998, inf, 697.6744186046511, 2289.5054581358754, 546322.855593, 8450.570281, 0.10656, 10927.907756, 146.994902, 0.003206, 43, 13812, 2550001, 123149574, 1963807, 127663382
30000, 30000, 0, 0, greedy_11.000000, 1018567, 20378, 769987.078991, inf, 173.41040462427745, 581.2574363314311, 138739.097368, 375077.213775, 1.512617, 43536.584847, 212632.205883, 0.464501, 1903, 14945, 10350001, 31811064, 145066295, 187227360, 1015235, 10886, 592192.997862, inf, 348.83720930232556, 1183.733724973114, 281952.615054, 180251.273769, 0.397725, 21701.834658, 108286.695867, 0.180789, 946, 10402, 5130001, 65470256, 70566804, 141167061, 982169, 5791, 696065.6175049999, inf, 697.6744186046511, 2289.5054581358754, 546322.855593, 81571.038283, 0.106389, 10927.907756, 57243.63265, 0.076834, 473, 5105, 2550001, 123149574, 33170119, 158869694
30000, 30000, 0, 0, greedy_13.000000, 1018538, 20349, 846260.264067, inf, 173.41040462427745, 581.2574363314311, 138739.097368, 407567.103053, 1.528346, 43536.584847, 256415.407736, 0.542717, 2249, 14902, 10350001, 31811064, 163899767, 206060832, 1015233, 10884, 629336.6686, inf, 348.83720930232556, 1183.733724973114, 281952.615054, 195648.064951, 0.398427, 21701.834658, 130033.550145, 0.205365, 1118, 10357, 5130001, 65470256, 79543656, 150143913, 982151, 5773, 710011.9784339998, inf, 697.6744186046511, 2289.5054581358754, 546322.855593, 86881.50295, 0.104756, 10927.907756, 65879.528832, 0.078547, 559, 5062, 2550001, 123149574, 37130935, 162830510
30000, 30000, 0, 0, greedy_15.000000, 1018512, 20323, 925350.545339, inf, 173.41040462427745, 581.2574363314311, 138739.097368, 442168.233739, 1.521834, 43536.584847, 300904.49376, 0.613791, 2595, 14879, 10350001, 31811064, 182733239, 224894304, 1015217, 10868, 666644.3431249999, inf, 348.83720930232556, 1183.733724973114, 281952.615054, 210892.361474, 0.408356, 21701.834658, 152096.894072, 0.229511, 1290, 10327, 5130001, 65470256, 88520508, 159120765, 982151, 5773, 734548.761567, inf, 697.6744186046511, 2289.5054581358754, 546322.855593, 93465.818355, 0.105528, 10927.907756, 83831.892444, 0.181891, 645, 5034, 2550001, 123149574, 41091751, 166791326
30000, 30000, 0, 0, greedy_17.000000, 1018512, 20323, 1003493.8435700001, inf, 173.41040462427745, 581.2574363314311, 138739.097368, 479103.023367, 1.524819, 43536.584847, 342112.922364, 0.690805, 2941, 14865, 10350001, 31811064, 201566711, 243727776, 1015198, 10849, 701738.675853, inf, 348.83720930232556, 1183.733724973114, 281952.615054, 225604.781903, 0.396744, 21701.834658, 172478.82129, 0.226204, 1462, 10307, 5130001, 65470256, 97497360, 168097617, 982117, 5739, 747638.6647219999, inf, 697.6744186046511, 2289.5054581358754, 546322.855593, 99556.712846, 0.091732, 10927.907756, 90830.901128, 0.195667, 731, 5014, 2550001, 123149574, 45052567, 170752142
30000, 30000, 0, 0, greedy_19.000000, 1018502, 20313, 1088069.507523, inf, 173.41040462427745, 581.2574363314311, 138739.097368, 517979.375703, 1.53584, 43536.584847, 387812.163307, 0.750458, 3287, 14856, 10350001, 31811064, 220400183, 262561248, 1015192, 10843, 739702.258521, inf, 348.83720930232556, 1183.733724973114, 281952.615054, 241091.375734, 0.402325, 21701.834658, 194955.746537, 0.284213, 1634, 10291, 5130001, 65470256, 106474212, 177074469, 982117, 5739, 761320.8956049999, inf, 697.6744186046511, 2289.5054581358754, 546322.855593, 104542.128346, 0.103484, 10927.907756, 99527.79019, 0.110236, 817, 5001, 2550001, 123149574, 49013383, 174712958
30000, 30000, 0, 0, greedy_21.000000, 1018499, 20310, 1158181.1355040001, inf, 173.41040462427745, 581.2574363314311, 138739.097368, 548317.392381, 1.721058, 43536.584847, 427585.476521, 0.863329, 3633, 14851, 10350001, 31811064, 239233655, 281394720, 1015168, 10819, 780440.2889429999, inf, 348.83720930232556, 1183.733724973114, 281952.615054, 259357.27742, 0.395762, 21701.834658, 217427.886284, 0.279765, 1806, 10278, 5130001, 65470256, 115451064, 186051321, 982115, 5737, 777659.6280449998, inf, 697.6744186046511, 2289.5054581358754, 546322.855593, 110289.635879, 0.100699, 10927.907756, 110119.007702, 0.120416, 903, 4990, 2550001, 123149574, 52974199, 178673774
30000, 30000, 0, 0, greedy_23.000000, 1018497, 20308, 1250188.246371, inf, 173.41040462427745, 581.2574363314311, 138739.097368, 597204.086706, 1.502918, 43536.584847, 470705.991077, 0.983455, 3979, 14849, 10350001, 31811064, 258067127, 300228192, 1015168, 10819, 814925.4217970001, inf, 348.83720930232556, 1183.733724973114, 281952.615054, 273303.429296, 0.401212, 21701.834658, 237966.833499, 0.308078, 1978, 10267, 5130001, 65470256, 124427916, 195028173, 982103, 5725, 794749.6594259999, inf, 697.6744186046511, 2289.5054581358754, 546322.855593, 115894.439275, 0.102352, 10927.907756, 121604.218736, 0.135714, 989, 4978, 2550001, 123149574, 56935015, 182634590
30000, 30000, 0, 0, greedy_25.000000, 1018497, 20308, 1318584.108552, inf, 173.41040462427745, 581.2574363314311, 138739.097368, 623211.798661, 1.737569, 43536.584847, 513093.92108, 0.969027, 4325, 14847, 10350001, 31811064, 276900599, 319061664, 1015157, 10808, 850753.10193, inf, 348.83720930232556, 1183.733724973114, 281952.615054, 288183.795271, 0.400461, 21701.834658, 258914.105588, 0.350898, 2150, 10258, 5130001, 65470256, 133404768, 204005025, 982103, 5725, 810535.345367, inf, 697.6744186046511, 2289.5054581358754, 546322.855593, 120075.07062, 0.105808, 10927.907756, 133209.277009, 0.128581, 1075, 4969, 2550001, 123149574, 60895831, 186595406
30000, 30000, 0, 0, greedy_27.000000, 1018497, 20308, 1401159.972446, inf, 173.41040462427745, 581.2574363314311, 138739.097368, 663445.772785, 1.540167, 43536.584847, 555435.929684, 1.047595, 4671, 14845, 10350001, 31811064, 295734071, 337895136, 1015156, 10807, 890446.5159739999, inf, 348.83720930232556, 1183.733724973114, 281952.615054, 304001.342303, 0.397175, 21701.834658, 282789.973742, 0.353042, 2322, 10250, 5130001, 65470256, 142381620, 212981877, 982103, 5725, 827950.2124689999, inf, 697.6744186046511, 2289.5054581358754, 546322.855593, 127137.544648, 0.086242, 10927.907756, 143561.666115, 0.152115, 1161, 4962, 2550001, 123149574, 64856647, 190556222
30000, 30000, 0, 0, greedy_29.000000, 1018497, 20308, 1480488.977347, inf, 173.41040462427745, 581.2574363314311, 138739.097368, 701586.067666, 1.527625, 43536.584847, 596624.586874, 1.112967, 5017, 14845, 10350001, 31811064, 314567543, 356728608, 1015122, 10773, 932975.3734640001, inf, 348.83720930232556, 1183.733724973114, 281952.615054, 322293.678765, 0.353242, 21701.834658, 307026.496424, 0.395321, 2494, 10243, 5130001, 65470256, 151358472, 221958729, 982103, 5725, 843485.7467159998, inf, 697.6744186046511, 2289.5054581358754, 546322.855593, 131863.603557, 0.086913, 10927.907756, 154371.142886, 0.150011, 1247, 4955, 2550001, 123149574, 68817463, 194517038
30000, 30000, 0, 0, greedy_3.000000, 1021121, 22932, 340910.172035, inf, 173.41040462427745, 581.2574363314311, 138739.097368, 115575.519936, 1.449478, 43536.584847, 43057.395732, 0.124674, 519, 26396, 10350001, 31811064, 38387094, 80548159, 1016077, 11728, 380874.10789899994, inf, 348.83720930232556, 1183.733724973114, 281952.615054, 55130.260034, 0.38899, 21701.834658, 22088.953218, 0.055945, 258, 16207, 5130001, 65470256, 18550470, 89150727, 982936, 6558, 592649.33298, inf, 697.6744186046511, 2289.5054581358754, 546322.855593, 24055.992745, 0.10126, 10927.907756, 11342.453825, 0.021801, 129, 8484, 2550001, 123149574, 8455251, 134154826
30000, 30000, 0, 0, greedy_31.000000, 1018496, 20307, 1559824.802138, inf, 173.41040462427745, 581.2574363314311, 138739.097368, 739249.423833, 1.566498, 43536.584847, 638296.964046, 1.165546, 5363, 14844, 10350001, 31811064, 333401015, 375562080, 1015109, 10760, 963443.1860180001, inf, 348.83720930232556, 1183.733724973114, 281952.615054, 337659.499962, 0.395581, 21701.834658, 322128.255736, 0.585027, 2666, 10236, 5130001, 65470256, 160335324, 230935581, 982070, 5692, 860560.3796609999, inf, 697.6744186046511, 2289.5054581358754, 546322.855593, 137140.99824, 0.099617, 10927.907756, 166168.349068, 0.169387, 1333, 4948, 2550001, 123149574, 72778279, 198477854
30000, 30000, 0, 0, greedy_33.000000, 1018496, 20307, 1643034.504724, inf, 173.41040462427745, 581.2574363314311, 138739.097368, 780109.435244, 1.732329, 43536.584847, 680646.359868, 1.295068, 5709, 14843, 10350001, 31811064, 352234487, 394395552, 1015103, 10754, 1003836.110938, inf, 348.83720930232556, 1183.733724973114, 281952.615054, 350376.192014, 0.410259, 21701.834658, 349804.661468, 0.397485, 2838, 10231, 5130001, 65470256, 169312176, 239912433, 982070, 5692, 877352.3335509999, inf, 697.6744186046511, 2289.5054581358754, 546322.855593, 143165.826972, 0.086713, 10927.907756, 176935.510093, 0.146424, 1419, 4942, 2550001, 123149574, 76739095, 202438670
30000, 30000, 0, 0, greedy_35.000000, 1018496, 20307, 1724489.13041, inf, 173.41040462427745, 581.2574363314311, 138739.097368, 817990.374842, 1.602545, 43536.584847, 724220.144161, 1.326647, 6055, 14843, 10350001, 31811064, 371067959, 413229024, 1015103, 10754, 1038412.26119, inf, 348.83720930232556, 1183.733724973114, 281952.615054, 366627.176919, 0.404768, 21701.834658, 368129.788213, 0.441578, 3010, 10225, 5130001, 65470256, 178289028, 248889285, 982054, 5676, 892607.902039, inf, 697.6744186046511, 2289.5054581358754, 546322.855593, 148006.026091, 0.102753, 10927.907756, 187350.846049, 0.163797, 1505, 4936, 2550001, 123149574, 80699911, 206399486
30000, 30000, 0, 0, greedy_37.000000, 1018494, 20305, 1805384.353216, inf, 173.41040462427745, 581.2574363314311, 138739.097368, 856368.955431, 1.620399, 43536.584847, 766736.696699, 1.398472, 6401, 14841, 10350001, 31811064, 389901431, 432062496, 1015069, 10720, 1092422.717179, inf, 348.83720930232556, 1183.733724973114, 281952.615054, 382064.621411, 0.690174, 21701.834658, 406702.369993, 0.585889, 3182, 10220, 5130001, 65470256, 187265880, 257866137, 982046, 5668, 909974.2577939997, inf, 697.6744186046511, 2289.5054581358754, 546322.855593, 154124.157681, 0.102492, 10927.907756, 198599.044727, 0.189545, 1591, 4930, 2550001, 123149574, 84660727, 210360302
30000, 30000, 0, 0, greedy_39.000000, 1018494, 20305, 1884034.9013500002, inf, 173.41040462427745, 581.2574363314311, 138739.097368, 892719.091766, 1.497658, 43536.584847, 809037.108819, 1.520892, 6747, 14841, 10350001, 31811064, 408734903, 450895968, 1015069, 10720, 1115167.916064, inf, 348.83720930232556, 1183.733724973114, 281952.615054, 399297.136289, 0.409558, 21701.834658, 412215.276107, 0.644398, 3354, 10216, 5130001, 65470256, 196242732, 266842989, 982031, 5653, 926804.2824079999, inf, 697.6744186046511, 2289.5054581358754, 546322.855593, 159939.389198, 0.10152, 10927.907756, 209613.854936, 0.173405, 1677, 4926, 2550001, 123149574, 88621543, 214321118
30000, 30000, 0, 0, greedy_5.000000, 1019693, 21504, 458674.99472699995, inf, 173.41040462427745, 581.2574363314311, 138739.097368, 190231.458086, 1.529879, 43536.584847, 86166.111688, 0.212859, 865, 21036, 10350001, 31811064, 67335083, 109496148, 1015543, 11194, 438475.128947, inf, 348.83720930232556, 1183.733724973114, 281952.615054, 91026.831451, 0.397415, 21701.834658, 43793.356663, 0.093706, 430, 13416, 5130001, 65470256, 32566986, 103167243, 982495, 6117, 618966.6142899999, inf, 697.6744186046511, 2289.5054581358754, 546322.855593, 39466.649799, 0.114274, 10927.907756, 22249.048997, 0.037871, 215, 6770, 2550001, 123149574, 14874919, 140574494
30000, 30000, 0, 0, greedy_7.000000, 1019125, 20936, 574768.427322, inf, 173.41040462427745, 581.2574363314311, 138739.097368, 264301.37234, 1.665995, 43536.584847, 128189.395148, 0.311624, 1211, 17649, 10350001, 31811064, 96514070, 138675135, 1015363, 11014, 493484.85669900005, inf, 348.83720930232556, 1183.733724973114, 281952.615054, 124779.966293, 0.404809, 21701.834658, 65049.897636, 0.138249, 602, 11865, 5130001, 65470256, 46493508, 117093765, 982319, 5941, 644927.7014139999, inf, 697.6744186046511, 2289.5054581358754, 546322.855593, 54364.920491, 0.101962, 10927.907756, 33311.861871, 0.053741, 301, 6185, 2550001, 123149574, 21230363, 146929938
30000, 30000, 0, 0, greedy_9.000000, 1018695, 20506, 694183.480741, inf, 173.41040462427745, 581.2574363314311, 138739.097368, 341279.18166, 1.551129, 43536.584847, 170626.684382, 0.381355, 1557, 15214, 10350001, 31811064, 125723044, 167884109, 1015293, 10944, 551659.420592, inf, 348.83720930232556, 1183.733724973114, 281952.615054, 160913.372809, 0.399499, 21701.834658, 87091.04289, 0.155682, 774, 10704, 5130001, 65470256, 60630016, 131230273, 982306, 5928, 670858.7519719999, inf, 697.6744186046511, 2289.5054581358754, 546322.855593, 69320.090288, 0.101541, 10927.907756, 44287.739447, 0.057347, 387, 5670, 2550001, 123149574, 27590059, 153289634
30000, 30000, 0, 0, opt, 1017833, 19644, 3194966.2346840003, inf, 173.41040462427745, 581.2574363314311, 138739.097368, 3012689.203519, 1.34895, 43536.584847, 0, 0, 0, 0, 10350001, 31811064, 732642384, 774803449, 1014746, 10397, 3051520.8055769997, inf, 348.83720930232556, 1183.733724973114, 281952.615054, 2747866.003344, 0.352521, 21701.834658, 0, 0, 0, 0, 5130001, 65470256, 665685618, 736285875, 981891, 5513, 2559738.934811, inf, 697.6744186046511, 2289.5054581358754, 546322.855593, 2002488.055385, 0.116077, 10927.907756, 0, 0, 0, 0, 2550001, 123149574, 481455216, 607154791
30000, 30000, 0, 0, plus_edge, 1024387, 26198, 223044.494224, inf, 173.41040462427745, 581.2574363314311, 138739.097368, 40767.447371, 1.364638, 43536.584847, 0, 0, 0, 0, 10350001, 31811064, 9389652, 51550717, 1018397, 14048, 322792.845225, inf, 348.83720930232556, 1183.733724973114, 281952.615054, 19138.060084, 0.335429, 21701.834658, 0, 0, 0, 0, 5130001, 65470256, 4443290, 75043547, 984347, 7969, 565617.1472889999, inf, 697.6744186046511, 2289.5054581358754, 546322.855593, 8366.29901, 0.08493, 10927.907756, 0, 0, 0, 0, 2550001, 123149574, 1935528, 127635103
30000, 30000, 0, 0, simple, 1026851, 28662, 222857.62952199997, inf, 173.41040462427745, 581.2574363314311, 138739.097368, 40580.599, 1.348307, 43536.584847, 0, 0, 0, 0, 10350001, 31811064, 9360068, 51521133, 1019528, 15179, 322791.559126, inf, 348.83720930232556, 1183.733724973114, 281952.615054, 19136.768204, 0.34121, 21701.834658, 0, 0, 0, 0, 5130001, 65470256, 4436065, 75036322, 984991, 8613, 565626.7874719999, inf, 697.6744186046511, 2289.5054581358754, 546322.855593, 8375.929355, 0.094768, 10927.907756, 0, 0, 0, 0, 2550001, 123149574, 1933764, 127633339
30000, 30000, 0, 0, dp_1.000000, 1010994, 26177, 235613.70666700002, inf, 173.41040462427745, 607.9465477971307, 150229.370589, 41608.284953, 1.47213, 43626.911083, 147.656762, 0.01115, 173, 0, 10350001, 34556470, 9782573, 54689044, 994711, 13563, 252860.888526, inf, 348.83720930232556, 1014.1908203148047, 211237.449765, 19711.252684, 0.331252, 21771.584709, 140.262783, 0.007333, 86, 0, 5130001, 49446628, 4607676, 59184305, 968853, 6594, 540283.410586, inf, 697.6744186046511, 2253.437959692434, 520458.005444, 8967.64222, 0.103324, 10716.722305, 140.931412, 0.005881, 43, 0, 2550001, 119626743, 2075233, 124251977
30000, 30000, 0, 0, dp_11.000000, 1004029, 19212, 841108.938228, inf, 173.41040462427745, 607.9465477971307, 150229.370589, 433033.020958, 1.483853, 43626.911083, 214055.524908, 162.626837, 1903, 11454, 10350001, 34556470, 159550061, 204456532, 990342, 9194, 541875.366152, inf, 348.83720930232556, 1014.1908203148047, 211237.449765, 201380.965135, 0.402204, 21771.584709, 107465.715271, 19.249068, 946, 8283, 5130001, 49446628, 76106408, 130683037, 966963, 4704, 675910.114795, inf, 697.6744186046511, 2253.437959692434, 520458.005444, 89673.488094, 0.10687, 10716.722305, 55059.35839, 2.433692, 473, 5455, 2550001, 119626743, 35265004, 157441748
30000, 30000, 0, 0, dp_13.000000, 1003870, 19053, 958059.094082, inf, 173.41040462427745, 607.9465477971307, 150229.370589, 508363.697879, 1.480767, 43626.911083, 255608.232989, 229.400775, 2249, 9920, 10350001, 34556470, 189398291, 234304762, 990198, 9050, 600781.4642180001, inf, 348.83720930232556, 1014.1908203148047, 211237.449765, 239325.644781, 0.400731, 21771.584709, 128419.283247, 27.100985, 1118, 7457, 5130001, 49446628, 90529296, 145105925, 966945, 4686, 702417.1344489999, inf, 697.6744186046511, 2253.437959692434, 520458.005444, 105415.853957, 0.111209, 10716.722305, 65822.850111, 3.591423, 559, 4961, 2550001, 119626743, 41793310, 163970054
30000, 30000, 0, 0, dp_15.000000, 1003807, 18990, 1082634.783364, inf, 173.41040462427745, 607.9465477971307, 150229.370589, 588403.131225, 1.50414, 43626.911083, 300065.503448, 308.362879, 2595, 8629, 10350001, 34556470, 219396491, 264302962, 990112, 8964, 662570.0679499999, inf, 348.83720930232556, 1014.1908203148047, 211237.449765, 276532.767065, 0.735519, 21771.584709, 152989.229316, 38.301576, 1290, 6794, 5130001, 49446628, 104772298, 159348927, 966930, 4671, 730885.7415489999, inf, 697.6744186046511, 2253.437959692434, 520458.005444, 122892.352095, 0.097012, 10716.722305, 76813.993333, 4.57136, 645, 4579, 2550001, 119626743, 48407404, 170584148
30000, 30000, 0, 0, dp_17.000000, 1003746, 18929, 1209970.443033, inf, 173.41040462427745, 607.9465477971307, 150229.370589, 667068.900755, 1.66371, 43626.911083, 348642.120241, 401.476655, 2941, 7516, 10350001, 34556470, 249394691, 294301162, 990091, 8943, 719489.1902469998, inf, 348.83720930232556, 1014.1908203148047, 211237.449765, 313579.528726, 0.387637, 21771.584709, 172852.627976, 47.611434, 1462, 6220, 5130001, 49446628, 119195186, 173771815, 966885, 4626, 757190.4094359999, inf, 697.6744186046511, 2253.437959692434, 520458.005444, 138176.719326, 0.10116, 10716.722305, 87832.908071, 5.95313, 731, 4262, 2550001, 119626743, 55145241, 177321985
30000, 30000, 0, 0, dp_19.000000, 1003712, 18895, 1326141.945082, inf, 173.41040462427745, 607.9465477971307, 150229.370589, 744498.303848, 1.522655, 43626.911083, 387285.22064, 500.616267, 3287, 6582, 10350001, 34556470, 279182933, 324089404, 989990, 8842, 775839.889142, inf, 348.83720930232556, 1014.1908203148047, 211237.449765, 347174.882345, 0.402374, 21771.584709, 195596.005471, 59.564478, 1634, 5737, 5130001, 49446628, 133564220, 188140849, 966819, 4560, 786235.991189, inf, 697.6744186046511, 2253.437959692434, 520458.005444, 154645.490434, 0.17079, 10716.722305, 100407.64898, 7.953236, 817, 3980, 2550001, 119626743, 61913011, 184089755
30000, 30000, 0, 0, dp_21.000000, 1003682, 18865, 1443890.4244000001, inf, 173.41040462427745, 607.9465477971307, 150229.370589, 820997.184082, 1.518938, 43626.911083, 428422.574555, 612.865153, 3633, 5833, 10350001, 34556470, 309031163, 353937634, 989940, 8792, 833975.366083, inf, 348.83720930232556, 1014.1908203148047, 211237.449765, 386516.307771, 0.390091, 21771.584709, 214376.343023, 73.290724, 1806, 5296, 5130001, 49446628, 148010981, 202587610, 966809, 4550, 813297.3906, inf, 697.6744186046511, 2253.437959692434, 520458.005444, 171406.564384, 0.099847, 10716.722305, 110706.918749, 9.079871, 903, 3729, 2550001, 119626743, 68680781, 190857525
30000, 30000, 0, 0, dp_23.000000, 1003673, 18856, 1567444.177809, inf, 173.41040462427745, 607.9465477971307, 150229.370589, 899593.073197, 1.492969, 43626.911083, 473256.47803, 736.851941, 3979, 5177, 10350001, 34556470, 339029363, 383935834, 989901, 8753, 895780.7107339998, inf, 348.83720930232556, 1014.1908203148047, 211237.449765, 424942.076067, 0.394119, 21771.584709, 237740.475368, 88.730706, 1978, 4901, 5130001, 49446628, 162409996, 216986625, 966804, 4545, 841105.8948690001, inf, 697.6744186046511, 2253.437959692434, 520458.005444, 188271.070337, 0.17097, 10716.722305, 121648.783456, 11.142357, 989, 3489, 2550001, 119626743, 75448551, 197625295
30000, 30000, 0, 0, dp_25.000000, 1003672, 18855, 1690540.5034140002, inf, 173.41040462427745, 607.9465477971307, 150229.370589, 981944.331612, 1.465168, 43626.911083, 513862.695366, 875.729596, 4325, 4595, 10350001, 34556470, 369027563, 413934034, 989891, 8743, 954581.833298, inf, 348.83720930232556, 1014.1908203148047, 211237.449765, 462242.336396, 0.487033, 21771.584709, 259224.454643, 105.520752, 2150, 4548, 5130001, 49446628, 176742941, 231319570, 966796, 4537, 870100.804999, inf, 697.6744186046511, 2253.437959692434, 520458.005444, 205796.56813, 0.086812, 10716.722305, 133116.518157, 12.904151, 1075, 3252, 2550001, 119626743, 82216321, 204393065
30000, 30000, 0, 0, dp_27.000000, 1003656, 18839, 1810739.061926, inf, 173.41040462427745, 607.9465477971307, 150229.370589, 1059106.77329, 1.494533, 43626.911083, 556754.966415, 1019.546016, 4671, 4098, 10350001, 34556470, 398545859, 443452330, 989866, 8718, 1013430.0044280001, inf, 348.83720930232556, 1014.1908203148047, 211237.449765, 498513.577974, 0.667311, 21771.584709, 281783.229923, 123.494746, 2322, 4230, 5130001, 49446628, 191165829, 245742458, 966792, 4533, 905117.1962709998, inf, 697.6744186046511, 2253.437959692434, 520458.005444, 220797.923915, 0.101831, 10716.722305, 153129.259432, 15.183344, 1161, 3035, 2550001, 119626743, 88684761, 210861505
30000, 30000, 0, 0, dp_29.000000, 1003653, 18836, 1934903.662454, inf, 173.41040462427745, 607.9465477971307, 150229.370589, 1135356.802041, 1.667127, 43626.911083, 604511.379067, 1177.532547, 5017, 3659, 10350001, 34556470, 428394089, 473300560, 989841, 8693, 1064633.848389, inf, 348.83720930232556, 1014.1908203148047, 211237.449765, 533407.079805, 0.391825, 21771.584709, 298074.487341, 142.854944, 2494, 3945, 5130001, 49446628, 205588717, 260165346, 966787, 4528, 924307.895423, inf, 697.6744186046511, 2253.437959692434, 520458.005444, 237585.824259, 0.109556, 10716.722305, 155529.897309, 17.33655, 1247, 2843, 2550001, 119626743, 95452531, 217629275
30000, 30000, 0, 0, dp_3.000000, 1006935, 22118, 356071.324003, inf, 173.41040462427745, 607.9465477971307, 150229.370589, 118803.175214, 1.451251, 43626.911083, 43401.803656, 8.61221, 519, 25903, 10350001, 34556470, 39610673, 84517144, 992329, 11181, 311068.396147, inf, 348.83720930232556, 1014.1908203148047, 211237.449765, 56394.47611, 0.412544, 21771.584709, 21663.392784, 1.080235, 258, 15883, 5130001, 49446628, 18922856, 73499485, 967690, 5431, 568423.621988, inf, 697.6744186046511, 2253.437959692434, 520458.005444, 26137.158382, 0.124333, 10716.722305, 11111.444681, 0.166843, 129, 9128, 2550001, 119626743, 8813070, 130989814
30000, 30000, 0, 0, dp_31.000000, 1003638, 18821, 2056078.2840859997, inf, 173.41040462427745, 607.9465477971307, 150229.370589, 1218549.094351, 1.481398, 43626.911083, 642325.667509, 1345.759156, 5363, 3295, 10350001, 34556470, 458392289, 503298760, 989825, 8677, 1126401.9853069999, inf, 348.83720930232556, 1014.1908203148047, 211237.449765, 570588.596263, 0.399709, 21771.584709, 322640.020099, 163.934762, 2666, 3691, 5130001, 49446628, 219711795, 274288424, 966786, 4527, 950875.902162, inf, 697.6744186046511, 2253.437959692434, 520458.005444, 253458.104378, 0.099176, 10716.722305, 166223.001363, 19.969496, 1333, 2678, 2550001, 119626743, 102051443, 224228187
30000, 30000, 0, 0, dp_33.000000, 1003616, 18799, 2206852.863495, inf, 173.41040462427745, 607.9465477971307, 150229.370589, 1298643.282947, 1.467091, 43626.911083, 712825.640643, 1526.191142, 5709, 2967, 10350001, 34556470, 488390489, 533296960, 989823, 8675, 1188672.615945, inf, 348.83720930232556, 1014.1908203148047, 211237.449765, 613733.710943, 0.392646, 21771.584709, 341744.107333, 185.370549, 2838, 3446, 5130001, 49446628, 234134683, 288711312, 966786, 4527, 977862.83391, inf, 697.6744186046511, 2253.437959692434, 520458.005444, 269394.244102, 0.098204, 10716.722305, 177271.191991, 22.571864, 1419, 2535, 2550001, 119626743, 108335843, 230512587
30000, 30000, 0, 0, dp_35.000000, 1003613, 18796, 2315739.926752, inf, 173.41040462427745, 607.9465477971307, 150229.370589, 1383722.930157, 1.494713, 43626.911083, 736442.175339, 1717.044871, 6055, 2678, 10350001, 34556470, 517398887, 562305358, 989823, 8675, 1239188.798915, inf, 348.83720930232556, 1014.1908203148047, 211237.449765, 641547.689701, 0.395652, 21771.584709, 364422.719914, 208.959174, 3010, 3228, 5130001, 49446628, 247987932, 302564561, 966773, 4514, 1003941.3400479999, inf, 697.6744186046511, 2253.437959692434, 520458.005444, 285117.291169, 0.084418, 10716.722305, 187623.652855, 25.583857, 1505, 2408, 2550001, 119626743, 115103613, 237280357
30000, 30000, 0, 0, dp_37.000000, 1003609, 18792, 2419635.013771, inf, 173.41040462427745, 607.9465477971307, 150229.370589, 1452514.621405, 1.697543, 43626.911083, 771338.435599, 1923.977552, 6401, 2414, 10350001, 34556470, 547397087, 592303558, 989817, 8669, 1300025.951606, inf, 348.83720930232556, 1014.1908203148047, 211237.449765, 682701.034219, 0.396453, 21771.584709, 384081.636373, 233.850087, 3182, 3034, 5130001, 49446628, 262410820, 316987449, 966771, 4512, 1033640.5160519999, inf, 697.6744186046511, 2253.437959692434, 520458.005444, 304062.171543, 0.096241, 10716.722305, 198374.916509, 28.60401, 1591, 2292, 2550001, 119626743, 121549280, 243726024
30000, 30000, 0, 0, dp_39.000000, 1003608, 18791, 2553129.194348, inf, 173.41040462427745, 607.9465477971307, 150229.370589, 1544021.576192, 1.486147, 43626.911083, 813117.299122, 2132.551215, 6747, 2182, 10350001, 34556470, 576798695, 621705166, 989817, 8669, 1367757.969788, inf, 348.83720930232556, 1014.1908203148047, 211237.449765, 724567.037797, 0.348173, 21771.584709, 409920.819119, 260.730225, 3354, 2852, 5130001, 49446628, 276833708, 331410337, 966761, 4502, 1059702.05474, inf, 697.6744186046511, 2253.437959692434, 520458.005444, 317876.815166, 0.102001, 10716.722305, 210618.689019, 31.720805, 1677, 2188, 2550001, 119626743, 128317050, 250493794
30000, 30000, 0, 0, dp_5.000000, 1005282, 20465, 477248.494429, inf, 173.41040462427745, 607.9465477971307, 150229.370589, 197504.628068, 1.49293, 43626.911083, 85856.926703, 29.165056, 865, 19788, 10350001, 34556470, 69608873, 114515344, 991658, 10510, 368767.85722199996, inf, 348.83720930232556, 1014.1908203148047, 211237.449765, 92529.373758, 0.404869, 21771.584709, 43225.390871, 3.65325, 430, 13037, 5130001, 49446628, 33154760, 87731389, 967346, 5087, 599379.8664519999, inf, 697.6744186046511, 2253.437959692434, 520458.005444, 42598.66984, 0.102021, 10716.722305, 25605.862016, 0.504826, 215, 7639, 2550001, 119626743, 15562078, 137738822
30000, 30000, 0, 0, dp_7.000000, 1004414, 19597, 599022.2345380001, inf, 173.41040462427745, 607.9465477971307, 150229.370589, 276384.316131, 1.517436, 43626.911083, 128719.075522, 61.043777, 1211, 15967, 10350001, 34556470, 99553661, 144460132, 990983, 9835, 427293.68911599996, inf, 348.83720930232556, 1014.1908203148047, 211237.449765, 129593.386558, 0.399278, 21771.584709, 64683.273886, 7.59492, 602, 10978, 5130001, 49446628, 47577648, 102154277, 967179, 4920, 622694.9158569999, inf, 697.6744186046511, 2253.437959692434, 520458.005444, 58309.831697, 0.1064, 10716.722305, 33209.286625, 0.963386, 301, 6676, 2550001, 119626743, 22236038, 144412782
30000, 30000, 0, 0, dp_9.000000, 1004269, 19452, 719652.167522, inf, 173.41040462427745, 607.9465477971307, 150229.370589, 354080.201744, 1.319585, 43626.911083, 171609.284374, 105.080147, 1557, 13370, 10350001, 34556470, 129551861, 174458332, 990607, 9459, 486328.817629, inf, 348.83720930232556, 1014.1908203148047, 211237.449765, 166884.662267, 0.394287, 21771.584709, 86421.905974, 12.820627, 774, 9463, 5130001, 49446628, 61802885, 116379514, 967075, 4816, 650317.0879169998, inf, 697.6744186046511, 2253.437959692434, 520458.005444, 75027.353456, 0.087354, 10716.722305, 44113.30436, 1.614998, 387, 6005, 2550001, 119626743, 29003808, 151180552
30000, 30000, 0, 0, fixed_reps_1, 1010994, 26177, 236448.950026, inf, 173.41040462427745, 607.9465477971307, 150229.370589, 42423.075141, 1.453185, 43626.911083, 168.140028, 0, 173, 44215, 10350001, 34556470, 9782573, 54689044, 994711, 13563, 252910.219639, inf, 348.83720930232556, 1014.1908203148047, 211237.449765, 19735.102698, 0.38446, 21771.584709, 165.698007, 0, 86, 26144, 5130001, 49446628, 4607676, 59184305, 968853, 6594, 542019.6814219999, inf, 697.6744186046511, 2253.437959692434, 520458.005444, 10584.803172, 0.178044, 10716.722305, 259.972457, 0, 43, 13761, 2550001, 119626743, 2075233, 124251977
30000, 30000, 0, 0, fixed_reps_11, 1004281, 19464, 626429.094875, inf, 173.41040462427745, 607.9465477971307, 150229.370589, 431175.834874, 1.47732, 43626.911083, 1395.501009, 0, 1903, 17132, 10350001, 34556470, 107606573, 152513044, 990583, 9435, 436485.17323200003, inf, 348.83720930232556, 1014.1908203148047, 211237.449765, 202074.048806, 0.354034, 21771.584709, 1401.735918, 0, 946, 11640, 5130001, 49446628, 50683576, 105260205, 967100, 4841, 623761.66292, inf, 697.6744186046511, 2253.437959692434, 520458.005444, 91162.719607, 0.10143, 10716.722305, 1424.114134, 0, 473, 6850, 2550001, 119626743, 22827133, 145003877
30000, 30000, 0, 0, fixed_reps_13, 1004161, 19344, 708507.511468, inf, 173.41040462427745, 607.9465477971307, 150229.370589, 512991.126492, 1.502809, 43626.911083, 1658.600495, 0, 2249, 15404, 10350001, 34556470, 127171373, 172077844, 990486, 9338, 475831.600664, inf, 348.83720930232556, 1014.1908203148047, 211237.449765, 241161.625425, 0.469059, 21771.584709, 1660.471706, 0, 1118, 10829, 5130001, 49446628, 59898756, 114475385, 967059, 4800, 640470.084786, inf, 697.6744186046511, 2253.437959692434, 520458.005444, 107600.586456, 0.099456, 10716.722305, 1694.671125, 0, 559, 6492, 2550001, 119626743, 26977513, 149154257
30000, 30000, 0, 0, fixed_reps_15, 1004084, 19267, 782513.598685, inf, 173.41040462427745, 607.9465477971307, 150229.370589, 586734.370274, 1.478914, 43626.911083, 1921.467825, 0, 2595, 13985, 10350001, 34556470, 146736173, 191642644, 990301, 9153, 510346.554818, inf, 348.83720930232556, 1014.1908203148047, 211237.449765, 275329.874303, 0.625803, 21771.584709, 2007.020238, 0, 1290, 9993, 5130001, 49446628, 69113936, 123690565, 967007, 4748, 657105.411869, inf, 697.6744186046511, 2253.437959692434, 520458.005444, 123978.327282, 0.104907, 10716.722305, 1952.251931, 0, 645, 6172, 2550001, 119626743, 31127893, 153304637
30000, 30000, 0, 0, fixed_reps_17, 1003961, 19144, 859459.151533, inf, 173.41040462427745, 607.9465477971307, 150229.370589, 663447.525153, 1.489854, 43626.911083, 2153.854854, 0, 2941, 12931, 10350001, 34556470, 166300973, 211207444, 990263, 9115, 546977.306749, inf, 348.83720930232556, 1014.1908203148047, 211237.449765, 311809.918592, 0.407825, 21771.584709, 2157.945858, 0, 1462, 9269, 5130001, 49446628, 78329116, 132905745, 966953, 4694, 672238.6531349999, inf, 697.6744186046511, 2253.437959692434, 520458.005444, 138889.904396, 0.103685, 10716.722305, 2173.917305, 0, 731, 5789, 2550001, 119626743, 35278273, 157455017
30000, 30000, 0, 0, fixed_reps_19, 1003938, 19121, 934477.903515, inf, 173.41040462427745, 607.9465477971307, 150229.370589, 738231.546663, 1.66899, 43626.911083, 2388.40619, 0, 3287, 11956, 10350001, 34556470, 185865773, 230772244, 990166, 9018, 584135.1543569999, inf, 348.83720930232556, 1014.1908203148047, 211237.449765, 348693.531228, 0.398037, 21771.584709, 2432.190618, 0, 1634, 8749, 5130001, 49446628, 87544296, 142120925, 966881, 4622, 690620.622352, inf, 697.6744186046511, 2253.437959692434, 520458.005444, 156971.878288, 0.102832, 10716.722305, 2473.913483, 0, 817, 5555, 2550001, 119626743, 39428653, 161605397
30000, 30000, 0, 0, fixed_reps_21, 1003883, 19066, 1013343.433548, inf, 173.41040462427745, 607.9465477971307, 150229.370589, 816834.242364, 1.463975, 43626.911083, 2651.445537, 0, 3633, 11032, 10350001, 34556470, 205430573, 250337044, 990102, 8954, 622253.2292500001, inf, 348.83720930232556, 1014.1908203148047, 211237.449765, 386560.364875, 0.343634, 21771.584709, 2683.486267, 0, 1806, 8126, 5130001, 49446628, 96759476, 151336105, 966881, 4622, 705268.4937539999, inf, 697.6744186046511, 2253.437959692434, 520458.005444, 171382.519768, 0.107522, 10716.722305, 2711.138715, 0, 903, 5240, 2550001, 119626743, 43579033, 165755777
30000, 30000, 0, 0, fixed_reps_23, 1003842, 19025, 1095444.899551, inf, 173.41040462427745, 607.9465477971307, 150229.370589, 898726.325507, 1.675893, 43626.911083, 2860.616479, 0, 3979, 10275, 10350001, 34556470, 224995373, 269901844, 990032, 8884, 658100.1524990001, inf, 348.83720930232556, 1014.1908203148047, 211237.449765, 422159.728239, 0.405661, 21771.584709, 2930.984125, 0, 1978, 7514, 5130001, 49446628, 105974656, 160551285, 966877, 4618, 721547.4468479999, inf, 697.6744186046511, 2253.437959692434, 520458.005444, 187385.222657, 0.105057, 10716.722305, 2987.391385, 0, 989, 5012, 2550001, 119626743, 47729413, 169906157
30000, 30000, 0, 0, fixed_reps_25, 1003816, 18999, 1174093.732548, inf, 173.41040462427745, 607.9465477971307, 150229.370589, 977111.150407, 1.513488, 43626.911083, 3124.786981, 0, 4325, 9698, 10350001, 34556470, 244560173, 289466644, 989990, 8842, 692023.166582, inf, 348.83720930232556, 1014.1908203148047, 211237.449765, 455850.994033, 0.345227, 21771.584709, 3162.792848, 0, 2150, 7047, 5130001, 49446628, 115189836, 169766465, 966806, 4547, 738092.209209, inf, 697.6744186046511, 2253.437959692434, 520458.005444, 203711.159996, 0.09043, 10716.722305, 3206.231034, 0, 1075, 4767, 2550001, 119626743, 51879793, 174056537
30000, 30000, 0, 0, fixed_reps_27, 1003811, 18994, 1252511.29649, inf, 173.41040462427745, 607.9465477971307, 150229.370589, 1055255.133695, 1.50411, 43626.911083, 3398.377013, 0, 4671, 9239, 10350001, 34556470, 264124973, 309031444, 989953, 8805, 730077.0553369999, inf, 348.83720930232556, 1014.1908203148047, 211237.449765, 493655.02326, 0.387216, 21771.584709, 3412.610387, 0, 2322, 6682, 5130001, 49446628, 124405016, 178981645, 966798, 4539, 754294.489508, inf, 697.6744186046511, 2253.437959692434, 520458.005444, 219645.87027, 0.102623, 10716.722305, 3473.788866, 0, 1161, 4577, 2550001, 119626743, 56030173, 178206917
30000, 30000, 0, 0, fixed_reps_29, 1003803, 18986, 1329369.301797, inf, 173.41040462427745, 607.9465477971307, 150229.370589, 1131881.453934, 1.515252, 43626.911083, 3630.050939, 0, 5017, 8712, 10350001, 34556470, 283689773, 328596244, 989953, 8805, 772828.5795720001, inf, 348.83720930232556, 1014.1908203148047, 211237.449765, 536095.955602, 0.389621, 21771.584709, 3723.199875, 0, 2494, 6402, 5130001, 49446628, 133620196, 188196825, 966798, 4539, 771266.893463, inf, 697.6744186046511, 2253.437959692434, 520458.005444, 236335.354422, 0.108524, 10716.722305, 3756.702768, 0, 1247, 4423, 2550001, 119626743, 60180553, 182357297
30000, 30000, 0, 0, fixed_reps_3, 1006899, 22082, 315030.783554, inf, 173.41040462427745, 607.9465477971307, 150229.370589, 120780.65586, 1.475456, 43626.911083, 392.370566, 0, 519, 31038, 10350001, 34556470, 29347373, 74253844, 992592, 11444, 289686.345992, inf, 348.83720930232556, 1014.1908203148047, 211237.449765, 56281.641862, 0.393027, 21771.584709, 395.276629, 0, 258, 18583, 5130001, 49446628, 13822856, 68399485, 967779, 5520, 558837.162484, inf, 697.6744186046511, 2253.437959692434, 520458.005444, 27199.150229, 0.122529, 10716.722305, 463.161977, 0, 129, 10441, 2550001, 119626743, 6225613, 128402357
30000, 30000, 0, 0, fixed_reps_31, 1003791, 18974, 1404669.511186, inf, 173.41040462427745, 607.9465477971307, 150229.370589, 1206902.630415, 1.675301, 43626.911083, 3908.923798, 0, 5363, 8261, 10350001, 34556470, 303254573, 348161044, 989950, 8802, 806447.764854, inf, 348.83720930232556, 1014.1908203148047, 211237.449765, 569485.763316, 0.398217, 21771.584709, 3952.568847, 0, 2666, 6138, 5130001, 49446628, 142835376, 197412005, 966798, 4539, 787384.8085219999, inf, 697.6744186046511, 2253.437959692434, 520458.005444, 252232.690977, 0.104376, 10716.722305, 3977.28542, 0, 1333, 4266, 2550001, 119626743, 64330933, 186507677
30000, 30000, 0, 0, fixed_reps_33, 1003781, 18964, 1486299.24398, inf, 173.41040462427745, 607.9465477971307, 150229.370589, 1288294.747137, 1.720947, 43626.911083, 4146.494224, 0, 5709, 7912, 10350001, 34556470, 322819373, 367725844, 989937, 8789, 842617.787089, inf, 348.83720930232556, 1014.1908203148047, 211237.449765, 605408.471222, 0.391885, 21771.584709, 4199.889508, 0, 2838, 5892, 5130001, 49446628, 152050556, 206627185, 966798, 4539, 804695.025302, inf, 697.6744186046511, 2253.437959692434, 520458.005444, 269301.113043, 0.10123, 10716.722305, 4219.08328, 0, 1419, 4088, 2550001, 119626743, 68481313, 190658057
30000, 30000, 0, 0, fixed_reps_35, 1003772, 18955, 1558371.3854709999, inf, 173.41040462427745, 607.9465477971307, 150229.370589, 1360121.25161, 1.500605, 43626.911083, 4392.351584, 0, 6055, 7564, 10350001, 34556470, 342384173, 387290644, 989935, 8787, 880353.5152720001, inf, 348.83720930232556, 1014.1908203148047, 211237.449765, 642902.157984, 0.403306, 21771.584709, 4441.919508, 0, 3010, 5570, 5130001, 49446628, 161265736, 215842365, 966798, 4539, 820295.0344889999, inf, 697.6744186046511, 2253.437959692434, 520458.005444, 284623.427786, 0.102843, 10716.722305, 4496.776111, 0, 1505, 3923, 2550001, 119626743, 72631693, 194808437
30000, 30000, 0, 0, fixed_reps_37, 1003747, 18930, 1637144.14458, inf, 173.41040462427745, 607.9465477971307, 150229.370589, 1438635.110932, 1.486157, 43626.911083, 4651.265819, 0, 6401, 7261, 10350001, 34556470, 361948973, 406855444, 989932, 8784, 915374.3534820001, inf, 348.83720930232556, 1014.1908203148047, 211237.449765, 677676.894952, 0.399589, 21771.584709, 4688.024467, 0, 3182, 5408, 5130001, 49446628, 170480916, 225057545, 966798, 4539, 840483.0267589999, inf, 697.6744186046511, 2253.437959692434, 520458.005444, 304496.247908, 0.101821, 10716.722305, 4811.949281, 0, 1591, 3753, 2550001, 119626743, 76782073, 198958817
30000, 30000, 0, 0, fixed_reps_39, 1003744, 18927, 1716580.971197, inf, 173.41040462427745, 607.9465477971307, 150229.370589, 1517821.319534, 1.490906, 43626.911083, 4901.879085, 0, 6747, 6972, 10350001, 34556470, 381513773, 426420244, 989917, 8769, 951865.4670509999, inf, 348.83720930232556, 1014.1908203148047, 211237.449765, 713941.755313, 0.388038, 21771.584709, 4914.289226, 0, 3354, 5186, 5130001, 49446628, 179696096, 234272725, 966783, 4524, 852942.9835330001, inf, 697.6744186046511, 2253.437959692434, 520458.005444, 316781.323182, 0.101491, 10716.722305, 4986.831111, 0, 1677, 3629, 2550001, 119626743, 80932453, 203109197
30000, 30000, 0, 0, fixed_reps_41, 1003731, 18914, 1791313.013541, inf, 173.41040462427745, 607.9465477971307, 150229.370589, 1592313.367106, 1.666556, 43626.911083, 5141.698207, 0, 7093, 6704, 10350001, 34556470, 401078573, 445985044, 989917, 8769, 987784.234242, inf, 348.83720930232556, 1014.1908203148047, 211237.449765, 749636.78052, 0.394941, 21771.584709, 5138.024307, 0, 3526, 5016, 5130001, 49446628, 188911276, 243487905, 966760, 4501, 874076.3976039999, inf, 697.6744186046511, 2253.437959692434, 520458.005444, 337590.043665, 0.105688, 10716.722305, 5311.520502, 0, 1763, 3493, 2550001, 119626743, 85082833, 207259577
30000, 30000, 0, 0, fixed_reps_5, 1005209, 20392, 392766.844499, inf, 173.41040462427745, 607.9465477971307, 150229.370589, 198250.428992, 1.510042, 43626.911083, 658.623793, 0, 865, 26113, 10350001, 34556470, 48912173, 93818644, 991804, 10656, 326538.83248999994, inf, 348.83720930232556, 1014.1908203148047, 211237.449765, 92884.670571, 0.339056, 21771.584709, 644.788389, 0, 430, 16006, 5130001, 49446628, 23038036, 77614665, 967337, 5078, 574346.94199, inf, 697.6744186046511, 2253.437959692434, 520458.005444, 42379.387258, 0.196919, 10716.722305, 792.630064, 0, 215, 8982, 2550001, 119626743, 10375993, 132552737
30000, 30000, 0, 0, fixed_reps_7, 1004762, 19945, 471169.59767300007, inf, 173.41040462427745, 607.9465477971307, 150229.370589, 276400.615048, 1.65847, 43626.911083, 911.042483, 0, 1211, 22569, 10350001, 34556470, 68476973, 113383444, 991192, 10044, 363409.99923699995, inf, 348.83720930232556, 1014.1908203148047, 211237.449765, 129505.884311, 0.376305, 21771.584709, 894.704147, 0, 602, 13722, 5130001, 49446628, 32253216, 86829845, 967225, 4966, 590363.6903649999, inf, 697.6744186046511, 2253.437959692434, 520458.005444, 58276.001274, 0.103514, 10716.722305, 912.857828, 0, 301, 8195, 2550001, 119626743, 14526373, 136703117
30000, 30000, 0, 0, fixed_reps_9, 1004461, 19644, 548645.288917, inf, 173.41040462427745, 607.9465477971307, 150229.370589, 353645.630277, 1.507998, 43626.911083, 1141.86897, 0, 1557, 19606, 10350001, 34556470, 88041773, 132948244, 990837, 9689, 400362.550985, inf, 348.83720930232556, 1014.1908203148047, 211237.449765, 166187.277083, 0.390833, 21771.584709, 1165.848595, 0, 774, 12569, 5130001, 49446628, 41468396, 96045025, 967128, 4869, 607087.8057029999, inf, 697.6744186046511, 2253.437959692434, 520458.005444, 74734.623943, 0.102392, 10716.722305, 1178.351619, 0, 387, 7384, 2550001, 119626743, 18676753, 140853497
30000, 30000, 0, 0, greedy_1.000000, 1010994, 26177, 235875.21009999997, inf, 173.41040462427745, 607.9465477971307, 150229.370589, 41869.783805, 1.476469, 43626.911083, 147.656762, 0.011392, 173, 44215, 10350001, 34556470, 9782573, 54689044, 994711, 13563, 252917.68377799998, inf, 348.83720930232556, 1014.1908203148047, 211237.449765, 19767.972204, 0.408386, 21771.584709, 140.262783, 0.005931, 86, 26144, 5130001, 49446628, 4607676, 59184305, 968853, 6594, 540205.5557329999, inf, 697.6744186046511, 2253.437959692434, 520458.005444, 8889.780072, 0.108895, 10716.722305, 140.931412, 0.007605, 43, 13761, 2550001, 119626743, 2075233, 124251977
30000, 30000, 0, 0, greedy_11.000000, 1004059, 19242, 823361.2809619999, inf, 173.41040462427745, 607.9465477971307, 150229.370589, 415447.418578, 1.574863, 43626.911083, 214055.524908, 0.480941, 1903, 14284, 10350001, 34556470, 155020967, 199927438, 990405, 9257, 541999.956849, inf, 348.83720930232556, 1014.1908203148047, 211237.449765, 201524.638308, 0.389591, 21771.584709, 107465.715271, 0.179205, 946, 9948, 5130001, 49446628, 76074750, 130651379, 966954, 4695, 676117.0820129999, inf, 697.6744186046511, 2253.437959692434, 520458.005444, 89882.813222, 0.103574, 10716.722305, 55059.35839, 0.079078, 473, 6322, 2550001, 119626743, 35333754, 157510498
30000, 30000, 0, 0, greedy_13.000000, 1004049, 19232, 901815.9367440001, inf, 173.41040462427745, 607.9465477971307, 150229.370589, 452349.397687, 1.476639, 43626.911083, 255608.232989, 0.547757, 2249, 14214, 10350001, 34556470, 174641243, 219547714, 990373, 9225, 579983.389728, inf, 348.83720930232556, 1014.1908203148047, 211237.449765, 218554.405028, 0.442669, 21771.584709, 128419.283247, 0.22431, 1118, 9837, 5130001, 49446628, 85340906, 139917535, 966949, 4690, 696365.65604, inf, 697.6744186046511, 2253.437959692434, 520458.005444, 99367.877514, 0.104856, 10716.722305, 65822.850111, 0.09581, 559, 6066, 2550001, 119626743, 40008501, 162185245
30000, 30000, 0, 0, greedy_15.000000, 1004047, 19230, 980985.137104, inf, 173.41040462427745, 607.9465477971307, 150229.370589, 487061.045317, 1.69013, 43626.911083, 300065.503448, 0.616537, 2595, 14180, 10350001, 34556470, 194261519, 239167990, 990327, 9179, 624068.699432, inf, 348.83720930232556, 1014.1908203148047, 211237.449765, 238069.577614, 0.467927, 21771.584709, 152989.229316, 0.390101, 1290, 9795, 5130001, 49446628, 94607062, 149183691, 966949, 4690, 712806.6142439999, inf, 697.6744186046511, 2253.437959692434, 520458.005444, 104817.689471, 0.104746, 10716.722305, 76813.993333, 0.098945, 645, 6023, 2550001, 119626743, 44202033, 166378777
30000, 30000, 0, 0, greedy_17.000000, 1004047, 19230, 1067933.744603, inf, 173.41040462427745, 607.9465477971307, 150229.370589, 525432.929444, 1.70627, 43626.911083, 348642.120241, 0.706976, 2941, 14159, 10350001, 34556470, 213881795, 258788266, 990311, 9163, 658300.198506, inf, 348.83720930232556, 1014.1908203148047, 211237.449765, 252437.864978, 0.399819, 21771.584709, 172852.627976, 0.271259, 1462, 9770, 5130001, 49446628, 103873218, 158449847, 966948, 4689, 730256.97358, inf, 697.6744186046511, 2253.437959692434, 520458.005444, 111249.117057, 0.102712, 10716.722305, 87832.908071, 0.117991, 731, 6000, 2550001, 119626743, 48395565, 170572309
30000, 30000, 0, 0, greedy_19.000000, 1004033, 19216, 1144648.346043, inf, 173.41040462427745, 607.9465477971307, 150229.370589, 563504.577221, 1.476799, 43626.911083, 387285.22064, 0.789711, 3287, 14145, 10350001, 34556470, 233502071, 278408542, 990292, 9144, 698267.736505, inf, 348.83720930232556, 1014.1908203148047, 211237.449765, 269662.001256, 0.406332, 21771.584709, 195596.005471, 0.288972, 1634, 9751, 5130001, 49446628, 113139374, 167716003, 966937, 4678, 750948.8756019999, inf, 697.6744186046511, 2253.437959692434, 520458.005444, 119366.160098, 0.111108, 10716.722305, 100407.64898, 0.227667, 817, 5981, 2550001, 119626743, 52589097, 174765841
30000, 30000, 0, 0, greedy_21.000000, 1004020, 19203, 1227061.2788630002, inf, 173.41040462427745, 607.9465477971307, 150229.370589, 604780.09987, 1.483833, 43626.911083, 428422.574555, 0.838933, 3633, 14134, 10350001, 34556470, 253122347, 298028818, 990285, 9137, 731737.571926, inf, 348.83720930232556, 1014.1908203148047, 211237.449765, 284351.51208, 0.38948, 21771.584709, 214376.343023, 0.292869, 1806, 9736, 5130001, 49446628, 122405530, 176982159, 966934, 4675, 767301.0387280001, inf, 697.6744186046511, 2253.437959692434, 520458.005444, 125419.166788, 0.086843, 10716.722305, 110706.918749, 0.138599, 903, 5966, 2550001, 119626743, 56782629, 178959373
30000, 30000, 0, 0, greedy_23.000000, 1004019, 19202, 1310506.1757950003, inf, 173.41040462427745, 607.9465477971307, 150229.370589, 643390.912808, 1.512086, 43626.911083, 473256.47803, 0.991199, 3979, 14127, 10350001, 34556470, 272742623, 317649094, 990285, 9137, 774568.1692540001, inf, 348.83720930232556, 1014.1908203148047, 211237.449765, 303817.929293, 0.397145, 21771.584709, 237740.475368, 0.332974, 1978, 9725, 5130001, 49446628, 131671686, 186248315, 966934, 4675, 784909.7867550001, inf, 697.6744186046511, 2253.437959692434, 520458.005444, 132086.021563, 0.129884, 10716.722305, 121648.783456, 0.124103, 989, 5954, 2550001, 119626743, 60976161, 183152905
30000, 30000, 0, 0, greedy_25.000000, 1004019, 19202, 1393871.878664, inf, 173.41040462427745, 607.9465477971307, 150229.370589, 686150.233192, 1.69037, 43626.911083, 513862.695366, 0.978064, 4325, 14124, 10350001, 34556470, 292362899, 337269370, 990260, 9112, 812466.322705, inf, 348.83720930232556, 1014.1908203148047, 211237.449765, 320232.083823, 0.399319, 21771.584709, 259224.454643, 0.350446, 2150, 9716, 5130001, 49446628, 140937842, 195514471, 966910, 4651, 803094.941456, inf, 697.6744186046511, 2253.437959692434, 520458.005444, 138803.450631, 0.100608, 10716.722305, 133116.518157, 0.144311, 1075, 5943, 2550001, 119626743, 65169693, 187346437
30000, 30000, 0, 0, greedy_27.000000, 1004019, 19202, 1475799.543976, inf, 173.41040462427745, 607.9465477971307, 150229.370589, 725185.586649, 1.621901, 43626.911083, 556754.966415, 1.087339, 4671, 14122, 10350001, 34556470, 311983175, 356889646, 990260, 9112, 852564.904627, inf, 348.83720930232556, 1014.1908203148047, 211237.449765, 337771.618094, 0.489027, 21771.584709, 281783.229923, 0.533109, 2322, 9706, 5130001, 49446628, 150203998, 204780627, 966910, 4651, 829827.973669, inf, 697.6744186046511, 2253.437959692434, 520458.005444, 145523.566279, 0.185168, 10716.722305, 153129.259432, 0.235041, 1161, 5935, 2550001, 119626743, 69363225, 191539969
30000, 30000, 0, 0, greedy_29.000000, 1004018, 19201, 1571460.2794569999, inf, 173.41040462427745, 607.9465477971307, 150229.370589, 773089.993024, 1.500935, 43626.911083, 604511.379067, 1.124759, 5017, 14120, 10350001, 34556470, 331603451, 376509922, 990260, 9112, 880923.327682, inf, 348.83720930232556, 1014.1908203148047, 211237.449765, 349838.99131, 0.398647, 21771.584709, 298074.487341, 0.41591, 2494, 9699, 5130001, 49446628, 159470154, 214046783, 966880, 4621, 838611.7579919999, inf, 697.6744186046511, 2253.437959692434, 520458.005444, 151906.846327, 0.107812, 10716.722305, 155529.897309, 0.178795, 1247, 5927, 2550001, 119626743, 73556757, 195733501
30000, 30000, 0, 0, greedy_3.000000, 1006491, 21674, 358137.213341, inf, 173.41040462427745, 607.9465477971307, 150229.370589, 120877.506142, 1.491387, 43626.911083, 43401.803656, 0.130484, 519, 28235, 10350001, 34556470, 39610673, 84517144, 992542, 11394, 310951.731054, inf, 348.83720930232556, 1014.1908203148047, 211237.449765, 56278.837331, 0.399579, 21771.584709, 21663.392784, 0.066886, 258, 16758, 5130001, 49446628, 18922856, 73499485, 968137, 5878, 567564.8387329999, inf, 697.6744186046511, 2253.437959692434, 520458.005444, 25278.535026, 0.108504, 10716.722305, 11111.444681, 0.022773, 129, 9876, 2550001, 119626743, 8794308, 130971052
30000, 30000, 0, 0, greedy_31.000000, 1004018, 19201, 1640349.290624, inf, 173.41040462427745, 607.9465477971307, 150229.370589, 804164.470149, 1.639284, 43626.911083, 642325.667509, 1.23201, 5363, 14120, 10350001, 34556470, 351223727, 396130198, 990256, 9108, 923205.264734, inf, 348.83720930232556, 1014.1908203148047, 211237.449765, 367555.390334, 0.404528, 21771.584709, 322640.020099, 0.415299, 2666, 9693, 5130001, 49446628, 168736310, 223312939, 966880, 4621, 855734.4909750001, inf, 697.6744186046511, 2253.437959692434, 520458.005444, 158336.513278, 0.104285, 10716.722305, 166223.001363, 0.1443, 1333, 5919, 2550001, 119626743, 77750289, 199927033
30000, 30000, 0, 0, greedy_33.000000, 1004018, 19201, 1748404.887394, inf, 173.41040462427745, 607.9465477971307, 150229.370589, 841720.182381, 1.533536, 43626.911083, 712825.640643, 1.249162, 5709, 14120, 10350001, 34556470, 370844003, 415750474, 990238, 9090, 962393.5096939999, inf, 348.83720930232556, 1014.1908203148047, 211237.449765, 387639.539895, 0.398016, 21771.584709, 341744.107333, 0.429976, 2838, 9688, 5130001, 49446628, 178002466, 232579095, 966880, 4621, 873307.424027, inf, 697.6744186046511, 2253.437959692434, 520458.005444, 164861.251032, 0.101019, 10716.722305, 177271.191991, 0.152236, 1419, 5913, 2550001, 119626743, 81943821, 204120565
30000, 30000, 0, 0, greedy_35.000000, 1004018, 19201, 1816092.908335, inf, 173.41040462427745, 607.9465477971307, 150229.370589, 885791.451598, 1.667287, 43626.911083, 736442.175339, 1.332439, 6055, 14120, 10350001, 34556470, 390464279, 435370750, 990209, 9061, 998971.59024, inf, 348.83720930232556, 1014.1908203148047, 211237.449765, 401538.972474, 0.398847, 21771.584709, 364422.719914, 0.464531, 3010, 9683, 5130001, 49446628, 187268622, 241845251, 966873, 4614, 890254.9755709999, inf, 697.6744186046511, 2253.437959692434, 520458.005444, 171456.343245, 0.098535, 10716.722305, 187623.652855, 0.153187, 1505, 5906, 2550001, 119626743, 86137353, 208314097
30000, 30000, 0, 0, greedy_37.000000, 1004018, 19201, 1872520.078267, inf, 173.41040462427745, 607.9465477971307, 150229.370589, 907322.390516, 1.513428, 43626.911083, 771338.435599, 1.457052, 6401, 14120, 10350001, 34556470, 410084555, 454991026, 990209, 9061, 1038089.745126, inf, 348.83720930232556, 1014.1908203148047, 211237.449765, 420997.992862, 0.404949, 21771.584709, 384081.636373, 0.676468, 3182, 9678, 5130001, 49446628, 196534778, 251111407, 966873, 4614, 907583.324358, inf, 697.6744186046511, 2253.437959692434, 520458.005444, 178033.384606, 0.107932, 10716.722305, 198374.916509, 0.187562, 1591, 5902, 2550001, 119626743, 90330885, 212507629
30000, 30000, 0, 0, greedy_39.000000, 1004018, 19201, 1949829.363762, inf, 173.41040462427745, 607.9465477971307, 150229.370589, 942852.615537, 1.603057, 43626.911083, 813117.299122, 1.564374, 6747, 14120, 10350001, 34556470, 429704831, 474611302, 990209, 9061, 1079275.6155740002, inf, 348.83720930232556, 1014.1908203148047, 211237.449765, 436344.844741, 0.42121, 21771.584709, 409920.819119, 0.49603, 3354, 9674, 5130001, 49446628, 205800934, 260377563, 966864, 4605, 926730.2068230001, inf, 697.6744186046511, 2253.437959692434, 520458.005444, 184936.505922, 0.104366, 10716.722305, 210618.689019, 0.179767, 1677, 5897, 2550001, 119626743, 94524417, 216701161
30000, 30000, 0, 0, greedy_5.000000, 1005193, 20376, 477284.0524470001, inf, 173.41040462427745, 607.9465477971307, 150229.370589, 197569.134796, 1.478072, 43626.911083, 85856.926703, 0.231204, 865, 22019, 10350001, 34556470, 69555461, 114461932, 991464, 10316, 368708.76971900003, inf, 348.83720930232556, 1014.1908203148047, 211237.449765, 92473.848914, 0.390543, 21771.584709, 43225.390871, 0.104917, 430, 14041, 5130001, 49446628, 33195839, 87772468, 967644, 5385, 599549.124201, inf, 697.6744186046511, 2253.437959692434, 520458.005444, 42768.375368, 0.110367, 10716.722305, 25605.862016, 0.048701, 215, 8206, 2550001, 119626743, 15532145, 137708889
30000, 30000, 0, 0, greedy_7.000000, 1004632, 19815, 600124.7512850001, inf, 173.41040462427745, 607.9465477971307, 150229.370589, 277547.555393, 1.499732, 43626.911083, 128719.075522, 0.338966, 1211, 19188, 10350001, 34556470, 99493673, 144400144, 990946, 9798, 426618.1854569999, inf, 348.83720930232556, 1014.1908203148047, 211237.449765, 128925.341935, 0.399949, 21771.584709, 64683.273886, 0.135213, 602, 12282, 5130001, 49446628, 47498803, 102075432, 967348, 5089, 622222.4132209999, inf, 697.6744186046511, 2253.437959692434, 520458.005444, 57838.239708, 0.105398, 10716.722305, 33209.286625, 0.053741, 301, 7542, 2550001, 119626743, 22127477, 144304221
30000, 30000, 0, 0, greedy_9.000000, 1004213, 19396, 718132.4464929999, inf, 173.41040462427745, 607.9465477971307, 150229.370589, 352665.173607, 1.320015, 43626.911083, 171609.284374, 0.386825, 1557, 15953, 10350001, 34556470, 129491873, 174398344, 990637, 9489, 484419.039495, inf, 348.83720930232556, 1014.1908203148047, 211237.449765, 164987.540059, 0.409067, 21771.584709, 86421.905974, 0.149921, 774, 10941, 5130001, 49446628, 61681843, 116258472, 967140, 4881, 648477.4950369999, inf, 697.6744186046511, 2253.437959692434, 520458.005444, 73189.297488, 0.101881, 10716.722305, 44113.30436, 0.063559, 387, 6948, 2550001, 119626743, 28565984, 150742728
30000, 30000, 0, 0, opt, 1003530, 18713, 3505902.96571, inf, 173.41040462427745, 607.9465477971307, 150229.370589, 3312045.296606, 1.387432, 43626.911083, 0, 0, 0, 0, 10350001, 34556470, 801019764, 845926235, 989721, 8573, 3168373.883447, inf, 348.83720930232556, 1014.1908203148047, 211237.449765, 2935364.507112, 0.341861, 21771.584709, 0, 0, 0, 0, 5130001, 49446628, 715736413, 770313042, 966667, 4408, 2880074.363151, inf, 697.6744186046511, 2253.437959692434, 520458.005444, 2348899.54325, 0.092152, 10716.722305, 0, 0, 0, 0, 2550001, 119626743, 561602946, 683779690
30000, 30000, 0, 0, plus_edge, 1009306, 24489, 236124.298691, inf, 173.41040462427745, 607.9465477971307, 150229.370589, 42266.728343, 1.288676, 43626.911083, 0, 0, 0, 0, 10350001, 34556470, 9781984, 54688455, 993559, 12411, 252616.25575399998, inf, 348.83720930232556, 1014.1908203148047, 211237.449765, 19606.892794, 0.328486, 21771.584709, 0, 0, 0, 0, 5130001, 49446628, 4584815, 59161444, 968443, 6184, 539949.5255219999, inf, 697.6744186046511, 2253.437959692434, 520458.005444, 8774.712153, 0.08562, 10716.722305, 0, 0, 0, 0, 2550001, 119626743, 2046954, 124223698
30000, 30000, 0, 0, simple, 1010994, 26177, 236156.130781, inf, 173.41040462427745, 607.9465477971307, 150229.370589, 42298.508015, 1.341094, 43626.911083, 0, 0, 0, 0, 10350001, 34556470, 9752400, 54658871, 994711, 13563, 252511.73668699997, inf, 348.83720930232556, 1014.1908203148047, 211237.449765, 19502.358629, 0.343584, 21771.584709, 0, 0, 0, 0, 5130001, 49446628, 4577590, 59154219, 968853, 6594, 539952.8105809999, inf, 697.6744186046511, 2253.437959692434, 520458.005444, 8777.991941, 0.090891, 10716.722305, 0, 0, 0, 0, 2550001, 119626743, 2045190, 124221934
30000, 30000, 0, 0, dp_1.000000, 993822, 28249, 193814.041188, inf, 173.41040462427745, 508.790529261611, 107361.945371, 42632.04037, 1.456251, 43683.529774, 135.058591, 0.010831, 173, 0, 10350001, 24978221, 10043325, 45371547, 1012279, 12805, 295414.541859, inf, 348.83720930232556, 1126.3095619380767, 255417.223457, 18287.161747, 0.37919, 21570.327782, 139.442088, 0.007595, 86, 0, 5130001, 59766207, 4301676, 69197884, 1010687, 6556, 414369.80664699996, inf, 697.6744186046511, 1909.9274638720105, 395022.710035, 8346.248652, 0.068889, 10857.93464, 142.837899, 0.006532, 43, 0, 2550001, 88878309, 1985479, 93413789
30000, 30000, 0, 0, dp_11.000000, 985310, 19737, 807142.5430010001, inf, 173.41040462427745, 508.790529261611, 107361.945371, 443153.343777, 1.470988, 43683.529774, 212779.503911, 162.74918, 1903, 11220, 10350001, 24978221, 162279609, 197607831, 1008694, 9220, 573264.656625, inf, 348.83720930232556, 1126.3095619380767, 255417.223457, 189509.716309, 0.408466, 21570.327782, 106747.68639, 19.294221, 946, 9833, 5130001, 59766207, 73151814, 138048022, 1008535, 4404, 548175.1234729999, inf, 697.6744186046511, 1909.9274638720105, 395022.710035, 86573.249648, 0.104556, 10857.93464, 55718.687555, 2.437039, 473, 6422, 2550001, 88878309, 34473101, 125901411
30000, 30000, 0, 0, dp_13.000000, 985204, 19631, 930797.699469, inf, 173.41040462427745, 508.790529261611, 107361.945371, 524439.759345, 1.300309, 43683.529774, 255082.337809, 228.826861, 2249, 9714, 10350001, 24978221, 192543397, 227871619, 1008640, 9166, 631695.3199590001, inf, 348.83720930232556, 1126.3095619380767, 255417.223457, 224165.679592, 0.398598, 21570.327782, 130514.525112, 27.165418, 1118, 8832, 5130001, 59766207, 86955502, 151851710, 1008443, 4312, 573798.9982479999, inf, 697.6744186046511, 1909.9274638720105, 395022.710035, 103008.168439, 0.093385, 10857.93464, 64906.679211, 3.412538, 559, 6013, 2550001, 88878309, 41057089, 132485399
30000, 30000, 0, 0, dp_15.000000, 985057, 19484, 1058425.677265, inf, 173.41040462427745, 508.790529261611, 107361.945371, 609497.307059, 1.480877, 43683.529774, 297573.26069, 308.153494, 2595, 8514, 10350001, 24978221, 223066133, 258394355, 1008596, 9122, 685777.586778, inf, 348.83720930232556, 1126.3095619380767, 255417.223457, 258996.731184, 0.427261, 21570.327782, 149756.40603, 36.471064, 1290, 7977, 5130001, 59766207, 100646710, 165542918, 1008348, 4217, 600011.6719679999, inf, 697.6744186046511, 1909.9274638720105, 395022.710035, 118263.48832, 0.104186, 10857.93464, 75862.58268, 4.852107, 645, 5651, 2550001, 88878309, 47641077, 139069387
30000, 30000, 0, 0, dp_17.000000, 985004, 19431, 1180733.904995, inf, 173.41040462427745, 508.790529261611, 107361.945371, 688947.111388, 1.718964, 43683.529774, 340340.95068, 398.648818, 2941, 7559, 10350001, 24978221, 253182701, 288510923, 1008567, 9093, 742630.130521, inf, 348.83720930232556, 1126.3095619380767, 255417.223457, 293425.865111, 0.404138, 21570.327782, 172168.872455, 47.437578, 1462, 7295, 5130001, 59766207, 114370632, 179266840, 1008243, 4112, 627241.594581, inf, 697.6744186046511, 1909.9274638720105, 395022.710035, 134074.027189, 0.100007, 10857.93464, 87280.804598, 6.018112, 731, 5326, 2550001, 88878309, 54225065, 145653375
30000, 30000, 0, 0, dp_19.000000, 984937, 19364, 1303317.904206, inf, 173.41040462427745, 508.790529261611, 107361.945371, 768368.287092, 1.454838, 43683.529774, 383402.150768, 500.536363, 3287, 6748, 10350001, 24978221, 283705437, 319033659, 1008517, 9043, 796922.741511, inf, 348.83720930232556, 1126.3095619380767, 255417.223457, 326964.993433, 0.40021, 21570.327782, 192910.017364, 59.779265, 1634, 6692, 5130001, 59766207, 127967736, 192863944, 1008241, 4110, 652686.667931, inf, 697.6744186046511, 1909.9274638720105, 395022.710035, 150058.446599, 0.105047, 10857.93464, 96739.915063, 7.556547, 817, 5030, 2550001, 88878309, 60809053, 152237363
30000, 30000, 0, 0, dp_21.000000, 984896, 19323, 1416244.584071, inf, 173.41040462427745, 508.790529261611, 107361.945371, 841934.638037, 1.453045, 43683.529774, 422648.760682, 614.257162, 3633, 6052, 10350001, 24978221, 313698181, 349026403, 1008488, 9014, 850250.7188290001, inf, 348.83720930232556, 1126.3095619380767, 255417.223457, 359591.530587, 0.396593, 21570.327782, 213597.442293, 73.798117, 1806, 6173, 5130001, 59766207, 141543262, 206439470, 1008224, 4093, 679368.788013, inf, 697.6744186046511, 1909.9274638720105, 395022.710035, 166090.961954, 0.11194, 10857.93464, 107388.031571, 9.037873, 903, 4755, 2550001, 88878309, 67393041, 158821351
30000, 30000, 0, 0, dp_23.000000, 984864, 19291, 1544576.5393110001, inf, 173.41040462427745, 508.790529261611, 107361.945371, 923322.871366, 1.488151, 43683.529774, 469468.478247, 738.226402, 3979, 5436, 10350001, 24978221, 343703021, 379031243, 1008452, 8978, 907780.447028, inf, 348.83720930232556, 1126.3095619380767, 255417.223457, 395406.353459, 0.404979, 21570.327782, 235296.925093, 89.212258, 1978, 5712, 5130001, 59766207, 155346950, 220243158, 1008199, 4068, 706302.222549, inf, 697.6744186046511, 1909.9274638720105, 395022.710035, 182431.219216, 0.104826, 10857.93464, 117979.245396, 11.008436, 989, 4500, 2550001, 88878309, 73904813, 165333123
30000, 30000, 0, 0, dp_25.000000, 984844, 19271, 1665008.6198159999, inf, 173.41040462427745, 508.790529261611, 107361.945371, 1000539.120258, 1.260845, 43683.529774, 512547.004921, 875.758647, 4325, 4907, 10350001, 24978221, 373731257, 409059479, 1008416, 8942, 964273.8322139999, inf, 348.83720930232556, 1126.3095619380767, 255417.223457, 430221.945195, 0.401543, 21570.327782, 256958.08094, 105.853297, 2150, 5308, 5130001, 59766207, 168466152, 233362360, 1008181, 4050, 733746.464736, inf, 697.6744186046511, 1909.9274638720105, 395022.710035, 197496.113278, 0.101971, 10857.93464, 130355.97056, 13.634252, 1075, 4269, 2550001, 88878309, 80403289, 171831599
30000, 30000, 0, 0, dp_27.000000, 984835, 19262, 1784169.6034970002, inf, 173.41040462427745, 508.790529261611, 107361.945371, 1081340.784657, 1.697293, 43683.529774, 550763.190484, 1018.455918, 4671, 4445, 10350001, 24978221, 404253993, 439582215, 1008388, 8914, 1018232.5453800001, inf, 348.83720930232556, 1126.3095619380767, 255417.223457, 463225.241128, 0.394039, 21570.327782, 277895.380142, 123.978832, 2322, 4951, 5130001, 59766207, 182269840, 247166048, 1008176, 4045, 758967.0357580001, inf, 697.6744186046511, 1909.9274638720105, 395022.710035, 213018.711494, 0.099196, 10857.93464, 140052.493702, 15.086691, 1161, 4072, 2550001, 88878309, 86842845, 178271155
30000, 30000, 0, 0, dp_29.000000, 984800, 19227, 1910165.682494, inf, 173.41040462427745, 508.790529261611, 107361.945371, 1163219.409969, 1.498801, 43683.529774, 594722.648948, 1176.649631, 5017, 4029, 10350001, 24978221, 434460237, 469788459, 1008370, 8896, 1076764.405378, inf, 348.83720930232556, 1126.3095619380767, 255417.223457, 498443.790023, 0.408916, 21570.327782, 301188.580164, 144.075036, 2494, 4636, 5130001, 59766207, 196073528, 260969736, 1008154, 4023, 785853.6042470001, inf, 697.6744186046511, 1909.9274638720105, 395022.710035, 229551.885902, 0.098615, 10857.93464, 150403.559598, 17.415457, 1247, 3905, 2550001, 88878309, 93426833, 184855143
30000, 30000, 0, 0, dp_3.000000, 988411, 22838, 316479.68007700006, inf, 173.41040462427745, 508.790529261611, 107361.945371, 122726.598, 1.468003, 43683.529774, 42697.621997, 8.516932, 519, 25019, 10350001, 24978221, 40507173, 75835395, 1010148, 10674, 351043.2400139999, inf, 348.83720930232556, 1126.3095619380767, 255417.223457, 52473.287297, 0.395041, 21570.327782, 21580.938605, 1.067832, 258, 17142, 5130001, 59766207, 18025598, 82921806, 1009077, 4946, 440878.612048, inf, 697.6744186046511, 1909.9274638720105, 395022.710035, 24108.908058, 0.09583, 10857.93464, 10888.799377, 0.164108, 129, 9687, 2550001, 88878309, 8512459, 99940769
30000, 30000, 0, 0, dp_31.000000, 984785, 19212, 2032520.473954, inf, 173.41040462427745, 508.790529261611, 107361.945371, 1243925.325627, 1.486167, 43683.529774, 636201.582818, 1346.604197, 5363, 3647, 10350001, 24978221, 464570757, 499898979, 1008364, 8890, 1128009.963266, inf, 348.83720930232556, 1126.3095619380767, 255417.223457, 529653.73059, 0.409909, 21570.327782, 321203.241531, 165.029997, 2666, 4334, 5130001, 59766207, 209877216, 274773424, 1008154, 4023, 812895.01029, inf, 697.6744186046511, 1909.9274638720105, 395022.710035, 245120.803298, 0.098965, 10857.93464, 161873.560882, 19.90247, 1333, 3748, 2550001, 88878309, 99974713, 191403023
30000, 30000, 0, 0, dp_33.000000, 984773, 19200, 2154912.165332, inf, 173.41040462427745, 508.790529261611, 107361.945371, 1324111.682839, 1.681373, 43683.529774, 678224.006798, 1529.319177, 5709, 3300, 10350001, 24978221, 495093493, 530421715, 1008357, 8883, 1191444.783576, inf, 348.83720930232556, 1126.3095619380767, 255417.223457, 565404.558496, 0.39964, 21570.327782, 348865.550348, 186.723853, 2838, 4047, 5130001, 59766207, 223474320, 288370528, 1008141, 4010, 839439.3661110001, inf, 697.6744186046511, 1909.9274638720105, 395022.710035, 261078.024634, 0.099777, 10857.93464, 172458.059365, 22.53766, 1419, 3603, 2550001, 88878309, 106558701, 197987011
30000, 30000, 0, 0, dp_35.000000, 984753, 19180, 2269908.335903, inf, 173.41040462427745, 508.790529261611, 107361.945371, 1397653.405394, 1.475737, 43683.529774, 719491.828448, 1716.151179, 6055, 2980, 10350001, 24978221, 524868157, 560196379, 1008348, 8874, 1246414.781241, inf, 348.83720930232556, 1126.3095619380767, 255417.223457, 600469.578015, 0.407845, 21570.327782, 368743.531922, 213.71222, 3010, 3789, 5130001, 59766207, 236923864, 301820072, 1008140, 4009, 866018.992971, inf, 697.6744186046511, 1909.9274638720105, 395022.710035, 276922.403077, 0.102222, 10857.93464, 183190.214022, 25.628975, 1505, 3468, 2550001, 88878309, 113070473, 204498783
30000, 30000, 0, 0, dp_37.000000, 984737, 19164, 2388047.1401239997, inf, 173.41040462427745, 508.790529261611, 107361.945371, 1472129.046373, 1.526923, 43683.529774, 762947.712002, 1923.379681, 6401, 2687, 10350001, 24978221, 553483205, 588811427, 1008347, 8873, 1299029.177038, inf, 348.83720930232556, 1126.3095619380767, 255417.223457, 630754.409941, 0.402625, 21570.327782, 391048.253491, 238.559742, 3182, 3568, 5130001, 59766207, 250043066, 314939274, 1008134, 4003, 892473.8036950001, inf, 697.6744186046511, 1909.9274638720105, 395022.710035, 292690.796559, 0.103554, 10857.93464, 193873.770321, 28.488586, 1591, 3342, 2550001, 88878309, 119546137, 210974447
30000, 30000, 0, 0, dp_39.000000, 984723, 19150, 2512473.44419, inf, 173.41040462427745, 508.790529261611, 107361.945371, 1552737.644332, 1.476028, 43683.529774, 806556.631053, 2132.217632, 6747, 2435, 10350001, 24978221, 582453473, 617781695, 1008339, 8865, 1348451.472713, inf, 348.83720930232556, 1126.3095619380767, 255417.223457, 665890.660757, 0.398597, 21570.327782, 405310.472828, 262.389292, 3354, 3371, 5130001, 59766207, 263867496, 328763704, 1008117, 3986, 917693.764787, inf, 697.6744186046511, 1909.9274638720105, 395022.710035, 306851.405331, 0.101761, 10857.93464, 204929.796409, 31.816611, 1677, 3224, 2550001, 88878309, 125646491, 217074801
30000, 30000, 0, 0, dp_5.000000, 986692, 21119, 440519.401916, inf, 173.41040462427745, 508.790529261611, 107361.945371, 204675.862933, 1.480727, 43683.529774, 84767.476095, 29.107016, 865, 19257, 10350001, 24978221, 70971693, 106299915, 1009552, 10078, 406592.06808399997, inf, 348.83720930232556, 1126.3095619380767, 255417.223457, 86634.222897, 0.388659, 21570.327782, 42966.253252, 3.652037, 430, 14237, 5130001, 59766207, 31740750, 96636958, 1008835, 4704, 467770.55631300004, inf, 697.6744186046511, 1909.9274638720105, 395022.710035, 40157.355134, 0.09636, 10857.93464, 21731.795799, 0.664345, 215, 8254, 2550001, 88878309, 15096447, 106524757
30000, 30000, 0, 0, dp_7.000000, 986145, 20572, 564842.959008, inf, 173.41040462427745, 508.790529261611, 107361.945371, 285455.367172, 1.451439, 43683.529774, 128279.892049, 60.773203, 1211, 15870, 10350001, 24978221, 101436885, 136765107, 1009019, 9545, 463712.019975, inf, 348.83720930232556, 1126.3095619380767, 255417.223457, 122346.689793, 0.596879, 21570.327782, 64369.527723, 7.654341, 602, 12433, 5130001, 59766207, 45544438, 110440646, 1008613, 4482, 494222.357296, inf, 697.6744186046511, 1909.9274638720105, 395022.710035, 55607.003712, 0.099446, 10857.93464, 32733.647079, 0.962384, 301, 7474, 2550001, 88878309, 21587319, 113015629
30000, 30000, 0, 0, dp_9.000000, 985882, 20309, 686195.475054, inf, 173.41040462427745, 508.790529261611, 107361.945371, 364793.35225, 1.46637, 43683.529774, 170250.531634, 104.649655, 1557, 13250, 10350001, 24978221, 131959621, 167287843, 1008834, 9360, 518787.65419400006, inf, 348.83720930232556, 1126.3095619380767, 255417.223457, 155199.416318, 0.422222, 21570.327782, 86587.619477, 12.644938, 774, 11022, 5130001, 59766207, 59348126, 124244334, 1008561, 4430, 520873.8301329999, inf, 697.6744186046511, 1909.9274638720105, 395022.710035, 71649.018664, 0.09563, 10857.93464, 43342.295275, 1.775889, 387, 6890, 2550001, 88878309, 28171307, 119599617
30000, 30000, 0, 0, fixed_reps_1, 993822, 28249, 194540.771849, inf, 173.41040462427745, 508.790529261611, 107361.945371, 43320.213387, 1.451422, 43683.529774, 173.631895, 0, 173, 44463, 10350001, 24978221, 10043325, 45371547, 1012279, 12805, 295791.94072099996, inf, 348.83720930232556, 1126.3095619380767, 255417.223457, 18639.243554, 0.390182, 21570.327782, 164.755746, 0, 86, 26880, 5130001, 59766207, 4301676, 69197884, 1010687, 6556, 414557.370549, inf, 697.6744186046511, 1909.9274638720105, 395022.710035, 8497.030385, 0.10121, 10857.93464, 179.594279, 0, 43, 14849, 2550001, 88878309, 1985479, 93413789
30000, 30000, 0, 0, fixed_reps_11, 985607, 20034, 595581.8700730001, inf, 173.41040462427745, 508.790529261611, 107361.945371, 443161.033891, 1.574824, 43683.529774, 1373.786213, 0, 1903, 16761, 10350001, 24978221, 110474845, 145803067, 1008818, 9344, 467629.022368, inf, 348.83720930232556, 1126.3095619380767, 255417.223457, 189222.502844, 0.391624, 21570.327782, 1418.576661, 0, 946, 12793, 5130001, 59766207, 47317576, 112213784, 1008538, 4407, 493727.297972, inf, 697.6744186046511, 1909.9274638720105, 395022.710035, 86421.549433, 0.09583, 10857.93464, 1425.008034, 0, 473, 7764, 2550001, 88878309, 21839839, 113268149
30000, 30000, 0, 0, fixed_reps_13, 985472, 19899, 675542.694829, inf, 173.41040462427745, 508.790529261611, 107361.945371, 522877.872564, 1.517156, 43683.529774, 1617.829964, 0, 2249, 15301, 10350001, 24978221, 130561149, 165889371, 1008775, 9301, 501929.23344499996, inf, 348.83720930232556, 1126.3095619380767, 255417.223457, 223241.82472, 0.395141, 21570.327782, 1699.462345, 0, 1118, 11966, 5130001, 59766207, 55920756, 120816964, 1008466, 4335, 509274.025488, inf, 697.6744186046511, 1909.9274638720105, 395022.710035, 101727.045138, 0.100258, 10857.93464, 1666.235417, 0, 559, 7278, 2550001, 88878309, 25810711, 117239021
30000, 30000, 0, 0, fixed_reps_15, 985314, 19741, 754143.8098419999, inf, 173.41040462427745, 508.790529261611, 107361.945371, 601250.090124, 1.516033, 43683.529774, 1846.72854, 0, 2595, 14016, 10350001, 24978221, 150647453, 185975675, 1008680, 9206, 536759.215995, inf, 348.83720930232556, 1126.3095619380767, 255417.223457, 257869.506106, 0.388228, 21570.327782, 1901.770422, 0, 1290, 11064, 5130001, 59766207, 64523936, 129420144, 1008419, 4288, 524917.308282, inf, 697.6744186046511, 1909.9274638720105, 395022.710035, 117122.625759, 0.099597, 10857.93464, 1913.938251, 0, 645, 6763, 2550001, 88878309, 29781583, 121209893
30000, 30000, 0, 0, fixed_reps_17, 985258, 19685, 835256.087827, inf, 173.41040462427745, 508.790529261611, 107361.945371, 682100.126635, 1.511023, 43683.529774, 2108.975024, 0, 2941, 13027, 10350001, 24978221, 170733757, 206061979, 1008611, 9137, 570624.396708, inf, 348.83720930232556, 1126.3095619380767, 255417.223457, 291488.046045, 0.395211, 21570.327782, 2148.404213, 0, 1462, 10433, 5130001, 59766207, 73127116, 138023324, 1008363, 4232, 540640.208581, inf, 697.6744186046511, 1909.9274638720105, 395022.710035, 132599.937274, 0.099397, 10857.93464, 2159.527235, 0, 731, 6500, 2550001, 88878309, 33752455, 125180765
30000, 30000, 0, 0, fixed_reps_19, 985178, 19605, 911655.7129240001, inf, 173.41040462427745, 508.790529261611, 107361.945371, 758220.699336, 1.495113, 43683.529774, 2388.04333, 0, 3287, 12063, 10350001, 24978221, 190820061, 226148283, 1008594, 9120, 604423.7223300001, inf, 348.83720930232556, 1126.3095619380767, 255417.223457, 325022.383565, 0.387617, 21570.327782, 2413.399909, 0, 1634, 9866, 5130001, 59766207, 81730296, 146626504, 1008304, 4173, 556344.033505, inf, 697.6744186046511, 1909.9274638720105, 395022.710035, 148059.266956, 0.097132, 10857.93464, 2404.024742, 0, 817, 6243, 2550001, 88878309, 37723327, 129151637
30000, 30000, 0, 0, fixed_reps_21, 985114, 19541, 995657.5928710001, inf, 173.41040462427745, 508.790529261611, 107361.945371, 841977.537593, 1.489023, 43683.529774, 2633.09111, 0, 3633, 11253, 10350001, 24978221, 210906365, 246234587, 1008562, 9088, 639164.118382, inf, 348.83720930232556, 1126.3095619380767, 255417.223457, 359526.3967, 0.392536, 21570.327782, 2649.777907, 0, 1806, 9335, 5130001, 59766207, 90333476, 155229684, 1008286, 4155, 572326.209892, inf, 697.6744186046511, 1909.9274638720105, 395022.710035, 163781.952719, 0.104186, 10857.93464, 2663.508312, 0, 903, 6016, 2550001, 88878309, 41694199, 133122509
30000, 30000, 0, 0, fixed_reps_23, 985086, 19513, 1071674.7621060002, inf, 173.41040462427745, 508.790529261611, 107361.945371, 917777.555515, 1.611713, 43683.529774, 2850.119733, 0, 3979, 10669, 10350001, 24978221, 230992669, 266320891, 1008533, 9059, 673745.0112970001, inf, 348.83720930232556, 1126.3095619380767, 255417.223457, 393837.384397, 0.386836, 21570.327782, 2919.688825, 0, 1978, 8735, 5130001, 59766207, 98936656, 163832864, 1008271, 4140, 588183.379039, inf, 697.6744186046511, 1909.9274638720105, 395022.710035, 179387.012783, 0.087143, 10857.93464, 2915.634438, 0, 989, 5776, 2550001, 88878309, 45665071, 137093381
30000, 30000, 0, 0, fixed_reps_25, 985047, 19474, 1159154.5099650002, inf, 173.41040462427745, 508.790529261611, 107361.945371, 1004987.695487, 1.564374, 43683.529774, 3119.774959, 0, 4325, 10007, 10350001, 24978221, 251078973, 286407195, 1008503, 9029, 707981.7422600001, inf, 348.83720930232556, 1126.3095619380767, 255417.223457, 427856.22174, 0.399569, 21570.327782, 3137.569712, 0, 2150, 8193, 5130001, 59766207, 107539836, 172436044, 1008270, 4139, 604020.815575, inf, 697.6744186046511, 1909.9274638720105, 395022.710035, 194968.46664, 0.098074, 10857.93464, 3171.606186, 0, 1075, 5622, 2550001, 88878309, 49635943, 141064253
30000, 30000, 0, 0, fixed_reps_27, 985016, 19443, 1238619.032262, inf, 173.41040462427745, 508.790529261611, 107361.945371, 1084236.918791, 1.49276, 43683.529774, 3335.145566, 0, 4671, 9474, 10350001, 24978221, 271165277, 306493499, 1008482, 9008, 741935.8680179999, inf, 348.83720930232556, 1126.3095619380767, 255417.223457, 461552.597965, 0.414317, 21570.327782, 3395.304497, 0, 2322, 7716, 5130001, 59766207, 116143016, 181039224, 1008270, 4139, 619796.805578, inf, 697.6744186046511, 1909.9274638720105, 395022.710035, 210496.518159, 0.103844, 10857.93464, 3419.5389, 0, 1161, 5457, 2550001, 88878309, 53606815, 145035125
30000, 30000, 0, 0, fixed_reps_29, 985003, 19430, 1326551.4861410002, inf, 173.41040462427745, 508.790529261611, 107361.945371, 1171912.266369, 1.53012, 43683.529774, 3592.214507, 0, 5017, 8860, 10350001, 24978221, 291251581, 326579803, 1008475, 9001, 779905.0913470001, inf, 348.83720930232556, 1126.3095619380767, 255417.223457, 499260.9537, 0.392216, 21570.327782, 3656.194192, 0, 2494, 7352, 5130001, 59766207, 124746196, 189642404, 1008252, 4121, 635563.6907, inf, 697.6744186046511, 1909.9274638720105, 395022.710035, 226011.262901, 0.098034, 10857.93464, 3671.68509, 0, 1247, 5244, 2550001, 88878309, 57577687, 149005997
30000, 30000, 0, 0, fixed_reps_3, 988194, 22621, 275433.795445, inf, 173.41040462427745, 508.790529261611, 107361.945371, 123992.667511, 1.435642, 43683.529774, 394.217147, 0, 519, 30702, 10350001, 24978221, 30129629, 65457851, 1010093, 10619, 330105.42704999994, inf, 348.83720930232556, 1126.3095619380767, 255417.223457, 52723.999156, 0.397235, 21570.327782, 393.47942, 0, 258, 19827, 5130001, 59766207, 12904856, 77801064, 1009400, 5269, 430418.52670299995, inf, 697.6744186046511, 1909.9274638720105, 395022.710035, 24135.357432, 0.099557, 10857.93464, 402.425039, 0, 129, 11255, 2550001, 88878309, 5956351, 97384661
30000, 30000, 0, 0, fixed_reps_31, 984963, 19390, 1392893.89448, inf, 173.41040462427745, 508.790529261611, 107361.945371, 1238008.824615, 1.489032, 43683.529774, 3838.105688, 0, 5363, 8296, 10350001, 24978221, 311337885, 346666107, 1008450, 8976, 814593.3640289999, inf, 348.83720930232556, 1126.3095619380767, 255417.223457, 533720.394824, 0.392897, 21570.327782, 3885.025069, 0, 2666, 7034, 5130001, 59766207, 133349376, 198245584, 1008245, 4114, 651250.3474879999, inf, 697.6744186046511, 1909.9274638720105, 395022.710035, 241408.972985, 0.097322, 10857.93464, 3960.632506, 0, 1333, 5075, 2550001, 88878309, 61548559, 152976869
30000, 30000, 0, 0, fixed_reps_33, 984924, 19351, 1476554.541494, inf, 173.41040462427745, 508.790529261611, 107361.945371, 1321382.601257, 1.509792, 43683.529774, 4124.9553, 0, 5709, 7810, 10350001, 24978221, 331424189, 366752411, 1008429, 8955, 849576.29946, inf, 348.83720930232556, 1126.3095619380767, 255417.223457, 568383.494282, 0.404488, 21570.327782, 4204.849451, 0, 2838, 6736, 5130001, 59766207, 141952556, 206848764, 1008234, 4103, 667215.200684, inf, 697.6744186046511, 1909.9274638720105, 395022.710035, 257167.6781, 0.100177, 10857.93464, 4166.777732, 0, 1419, 4911, 2550001, 88878309, 65519431, 156947741
30000, 30000, 0, 0, fixed_reps_35, 984915, 19342, 1556434.494653, inf, 173.41040462427745, 508.790529261611, 107361.945371, 1401050.903625, 1.525862, 43683.529774, 4336.590021, 0, 6055, 7460, 10350001, 24978221, 351510493, 386838715, 1008410, 8936, 883465.0159359999, inf, 348.83720930232556, 1126.3095619380767, 255417.223457, 602086.213455, 0.397796, 21570.327782, 4390.853446, 0, 3010, 6397, 5130001, 59766207, 150555736, 215451944, 1008193, 4062, 682848.383385, inf, 697.6744186046511, 1909.9274638720105, 395022.710035, 272532.000115, 0.098886, 10857.93464, 4435.639709, 0, 1505, 4782, 2550001, 88878309, 69490303, 160918613
30000, 30000, 0, 0, fixed_reps_37, 984888, 19315, 1646463.778978, inf, 173.41040462427745, 508.790529261611, 107361.945371, 1490808.133455, 1.608937, 43683.529774, 4608.561441, 0, 6401, 7065, 10350001, 24978221, 371596797, 406925019, 1008410, 8936, 911629.9302699999, inf, 348.83720930232556, 1126.3095619380767, 255417.223457, 629987.245162, 0.400971, 21570.327782, 4654.732898, 0, 3182, 6124, 5130001, 59766207, 159158916, 224055124, 1008190, 4059, 698959.1216069999, inf, 697.6744186046511, 1909.9274638720105, 395022.710035, 288378.866325, 0.093515, 10857.93464, 4699.517092, 0, 1591, 4676, 2550001, 88878309, 73461175, 164889485
30000, 30000, 0, 0, fixed_reps_39, 984867, 19294, 1717682.1369649998, inf, 173.41040462427745, 508.790529261611, 107361.945371, 1561814.183879, 1.602685, 43683.529774, 4820.875256, 0, 6747, 6760, 10350001, 24978221, 391683101, 427011323, 1008400, 8926, 948445.417518, inf, 348.83720930232556, 1126.3095619380767, 255417.223457, 666567.002742, 0.401844, 21570.327782, 4890.461693, 0, 3354, 5887, 5130001, 59766207, 167762096, 232658304, 1008171, 4040, 714748.673369, inf, 697.6744186046511, 1909.9274638720105, 395022.710035, 303934.283206, 0.098705, 10857.93464, 4933.646783, 0, 1677, 4521, 2550001, 88878309, 77432047, 168860357
30000, 30000, 0, 0, fixed_reps_41, 984858, 19285, 1793664.6240039999, inf, 173.41040462427745, 508.790529261611, 107361.945371, 1637552.98804, 1.514491, 43683.529774, 5064.646328, 0, 7093, 6498, 10350001, 24978221, 411769405, 447097627, 1008400, 8926, 980116.5529450001, inf, 348.83720930232556, 1126.3095619380767, 255417.223457, 697956.000373, 0.40032, 21570.327782, 5172.601013, 0, 3526, 5628, 5130001, 59766207, 176365276, 241261484, 1008161, 4030, 730533.153794, inf, 697.6744186046511, 1909.9274638720105, 395022.710035, 319459.001772, 0.098725, 10857.93464, 5193.408622, 0, 1763, 4400, 2550001, 88878309, 81402919, 172831229
30000, 30000, 0, 0, fixed_reps_5, 986721, 21148, 355392.867904, inf, 173.41040462427745, 508.790529261611, 107361.945371, 203706.770457, 1.622292, 43683.529774, 639.00001, 0, 865, 25324, 10350001, 24978221, 50215933, 85544155, 1009479, 10005, 364490.50922599994, inf, 348.83720930232556, 1126.3095619380767, 255417.223457, 86851.461197, 0.386585, 21570.327782, 651.110205, 0, 430, 16765, 5130001, 59766207, 21508036, 86404244, 1008839, 4708, 446211.04138799995, inf, 697.6744186046511, 1909.9274638720105, 395022.710035, 39663.892184, 0.100919, 10857.93464, 666.40361, 0, 215, 9731, 2550001, 88878309, 9927223, 101355533
30000, 30000, 0, 0, fixed_reps_7, 986119, 20546, 434099.382978, inf, 173.41040462427745, 508.790529261611, 107361.945371, 282170.156198, 1.434992, 43683.529774, 882.316643, 0, 1211, 21515, 10350001, 24978221, 70302237, 105630459, 1009218, 9744, 398864.06592699996, inf, 348.83720930232556, 1126.3095619380767, 255417.223457, 120974.31159, 0.388138, 21570.327782, 901.81496, 0, 602, 15029, 5130001, 59766207, 30111216, 95007424, 1008728, 4597, 461996.721898, inf, 697.6744186046511, 1909.9274638720105, 395022.710035, 55212.152698, 0.098474, 10857.93464, 903.826051, 0, 301, 8772, 2550001, 88878309, 13898095, 105326405
30000, 30000, 0, 0, fixed_reps_9, 985825, 20252, 515408.521692, inf, 173.41040462427745, 508.790529261611, 107361.945371, 363213.401107, 1.506846, 43683.529774, 1148.138594, 0, 1557, 18816, 10350001, 24978221, 90388541, 125716763, 1008978, 9504, 432631.39322699996, inf, 348.83720930232556, 1126.3095619380767, 255417.223457, 154485.884966, 0.398477, 21570.327782, 1157.558545, 0, 774, 13814, 5130001, 59766207, 38714396, 103610604, 1008565, 4434, 477899.32912999997, inf, 697.6744186046511, 1909.9274638720105, 395022.710035, 70857.031868, 0.097623, 10857.93464, 1161.554964, 0, 387, 8218, 2550001, 88878309, 17868967, 109297277
30000, 30000, 0, 0, greedy_1.000000, 993822, 28249, 194016.07049600003, inf, 173.41040462427745, 508.790529261611, 107361.945371, 42834.062386, 1.462472, 43683.529774, 135.058591, 0.011902, 173, 44463, 10350001, 24978221, 10043325, 45371547, 1012279, 12805, 295435.24165800004, inf, 348.83720930232556, 1126.3095619380767, 255417.223457, 18307.855455, 0.387667, 21570.327782, 139.442088, 0.005209, 86, 26880, 5130001, 59766207, 4301676, 69197884, 1010687, 6556, 414485.89572, inf, 697.6744186046511, 1909.9274638720105, 395022.710035, 8462.304652, 0.105278, 10857.93464, 142.837899, 0.003216, 43, 14849, 2550001, 88878309, 1985479, 93413789
30000, 30000, 0, 0, greedy_11.000000, 985461, 19888, 780266.119641, inf, 173.41040462427745, 508.790529261611, 107361.945371, 416438.992076, 1.494793, 43683.529774, 212779.503911, 0.653716, 1903, 14361, 10350001, 24978221, 155515553, 190843775, 1008835, 9361, 572697.3308229999, inf, 348.83720930232556, 1126.3095619380767, 255417.223457, 188961.505001, 0.400061, 21570.327782, 106747.68639, 0.188132, 946, 11227, 5130001, 59766207, 72876600, 137772808, 1008418, 4287, 547889.0077010001, inf, 697.6744186046511, 1909.9274638720105, 395022.710035, 86289.458424, 0.101891, 10857.93464, 55718.687555, 0.115156, 473, 7086, 2550001, 88878309, 34455047, 125883357
30000, 30000, 0, 0, greedy_13.000000, 985373, 19800, 862328.9969929999, inf, 173.41040462427745, 508.790529261611, 107361.945371, 456198.825816, 1.615099, 43683.529774, 255082.337809, 0.743124, 2249, 14287, 10350001, 24978221, 175850665, 211178887, 1008756, 9282, 620549.327696, inf, 348.83720930232556, 1126.3095619380767, 255417.223457, 213046.61895, 0.402645, 21570.327782, 130514.525112, 0.22975, 1118, 10810, 5130001, 59766207, 83938038, 148834246, 1008293, 4162, 568663.043169, inf, 697.6744186046511, 1909.9274638720105, 395022.710035, 97875.535408, 0.09589, 10857.93464, 64906.679211, 0.087985, 559, 6831, 2550001, 88878309, 39955883, 131384193
30000, 30000, 0, 0, greedy_15.000000, 985349, 19776, 947891.7007600002, inf, 173.41040462427745, 508.790529261611, 107361.945371, 499270.671484, 1.677416, 43683.529774, 297573.26069, 0.616025, 2595, 14277, 10350001, 24978221, 196185777, 231513999, 1008698, 9224, 653189.721991, inf, 348.83720930232556, 1126.3095619380767, 255417.223457, 226445.119342, 0.398337, 21570.327782, 149756.40603, 0.247043, 1290, 10753, 5130001, 59766207, 92665662, 157561870, 1008293, 4162, 585977.243332, inf, 697.6744186046511, 1909.9274638720105, 395022.710035, 104233.680508, 0.103905, 10857.93464, 75862.58268, 0.231564, 645, 6781, 2550001, 88878309, 44088527, 135516837
30000, 30000, 0, 0, greedy_17.000000, 985346, 19773, 1030855.01207, inf, 173.41040462427745, 508.790529261611, 107361.945371, 539466.439219, 1.465278, 43683.529774, 340340.95068, 0.681748, 2941, 14273, 10350001, 24978221, 216520889, 251849111, 1008698, 9224, 690734.306704, inf, 348.83720930232556, 1126.3095619380767, 255417.223457, 241577.183799, 0.427211, 21570.327782, 172168.872455, 0.272, 1462, 10718, 5130001, 59766207, 101393286, 166289494, 1008269, 4138, 604007.4131080001, inf, 697.6744186046511, 1909.9274638720105, 395022.710035, 110845.747469, 0.102252, 10857.93464, 87280.804598, 0.114114, 731, 6756, 2550001, 88878309, 48221171, 139649481
30000, 30000, 0, 0, greedy_19.000000, 985346, 19773, 1111976.7012749999, inf, 173.41040462427745, 508.790529261611, 107361.945371, 577526.827908, 1.480947, 43683.529774, 383402.150768, 0.766507, 3287, 14273, 10350001, 24978221, 236856001, 272184223, 1008693, 9219, 725908.1393350001, inf, 348.83720930232556, 1126.3095619380767, 255417.223457, 256009.898152, 0.391243, 21570.327782, 192910.017364, 0.281337, 1634, 10689, 5130001, 59766207, 110120910, 175017118, 1008269, 4138, 619044.768417, inf, 697.6744186046511, 1909.9274638720105, 395022.710035, 116423.973898, 0.104486, 10857.93464, 96739.915063, 0.130295, 817, 6737, 2550001, 88878309, 52353815, 143782125
30000, 30000, 0, 0, greedy_21.000000, 985346, 19773, 1190527.0981869998, inf, 173.41040462427745, 508.790529261611, 107361.945371, 616830.56904, 1.480386, 43683.529774, 422648.760682, 0.812934, 3633, 14273, 10350001, 24978221, 257191113, 292519335, 1008656, 9182, 760890.704751, inf, 348.83720930232556, 1126.3095619380767, 255417.223457, 270304.823605, 0.389651, 21570.327782, 213597.442293, 0.497963, 1806, 10668, 5130001, 59766207, 118848534, 183744742, 1008269, 4138, 635957.586588, inf, 697.6744186046511, 1909.9274638720105, 395022.710035, 122688.691231, 0.088947, 10857.93464, 107388.031571, 0.130164, 903, 6721, 2550001, 88878309, 56486459, 147914769
30000, 30000, 0, 0, greedy_23.000000, 985346, 19773, 1282217.638883, inf, 173.41040462427745, 508.790529261611, 107361.945371, 661701.40798, 1.314475, 43683.529774, 469468.478247, 0.963036, 3979, 14273, 10350001, 24978221, 277526225, 312854447, 1008655, 9181, 797579.111437, inf, 348.83720930232556, 1126.3095619380767, 255417.223457, 285293.894055, 0.39984, 21570.327782, 235296.925093, 0.34121, 1978, 10651, 5130001, 59766207, 127576158, 192472366, 1008267, 4136, 653253.720102, inf, 697.6744186046511, 1909.9274638720105, 395022.710035, 129393.60515, 0.103143, 10857.93464, 117979.245396, 0.121738, 989, 6708, 2550001, 88878309, 60619103, 152047413
30000, 30000, 0, 0, greedy_25.000000, 985346, 19773, 1361488.270304, inf, 173.41040462427745, 508.790529261611, 107361.945371, 697893.32746, 1.483321, 43683.529774, 512547.004921, 0.979457, 4325, 14273, 10350001, 24978221, 297861337, 333189559, 1008640, 9166, 833883.160817, inf, 348.83720930232556, 1126.3095619380767, 255417.223457, 299936.804851, 0.39434, 21570.327782, 256958.08094, 0.329447, 2150, 10639, 5130001, 59766207, 136303782, 201199990, 1008261, 4130, 671441.5964360001, inf, 697.6744186046511, 1909.9274638720105, 395022.710035, 135204.582194, 0.174136, 10857.93464, 130355.97056, 0.224871, 1075, 6695, 2550001, 88878309, 64751747, 156180057
30000, 30000, 0, 0, greedy_27.000000, 985346, 19773, 1437795.302443, inf, 173.41040462427745, 508.790529261611, 107361.945371, 735983.948261, 1.63148, 43683.529774, 550763.190484, 1.057073, 4671, 14273, 10350001, 24978221, 318196449, 353524671, 1008639, 9165, 868576.16195, inf, 348.83720930232556, 1126.3095619380767, 255417.223457, 313692.460124, 0.395011, 21570.327782, 277895.380142, 0.375434, 2322, 10628, 5130001, 59766207, 145031406, 209927614, 1008261, 4130, 687575.008876, inf, 697.6744186046511, 1909.9274638720105, 395022.710035, 141641.592097, 0.105127, 10857.93464, 140052.493702, 0.173275, 1161, 6686, 2550001, 88878309, 68884391, 160312701
30000, 30000, 0, 0, greedy_29.000000, 985346, 19773, 1523209.652739, inf, 173.41040462427745, 508.790529261611, 107361.945371, 777438.898354, 1.477701, 43683.529774, 594722.648948, 1.152591, 5017, 14273, 10350001, 24978221, 338531561, 373859783, 1008625, 9151, 908456.4661109999, inf, 348.83720930232556, 1126.3095619380767, 255417.223457, 330279.571116, 0.397445, 21570.327782, 301188.580164, 0.366147, 2494, 10621, 5130001, 59766207, 153759030, 218655238, 1008261, 4130, 704362.1835480001, inf, 697.6744186046511, 1909.9274638720105, 395022.710035, 148077.716933, 0.100599, 10857.93464, 150403.559598, 0.161743, 1247, 6677, 2550001, 88878309, 73017035, 164445345
30000, 30000, 0, 0, greedy_3.000000, 988333, 22760, 317306.622209, inf, 173.41040462427745, 508.790529261611, 107361.945371, 123561.936729, 1.460909, 43683.529774, 42697.621997, 0.127429, 519, 27312, 10350001, 24978221, 40448957, 75777179, 1009999, 10525, 351073.4944779999, inf, 348.83720930232556, 1126.3095619380767, 255417.223457, 52504.564339, 0.393668, 21570.327782, 21580.938605, 0.046627, 258, 18098, 5130001, 59766207, 18025598, 82921806, 1009437, 5306, 440801.54873, inf, 697.6744186046511, 1909.9274638720105, 395022.710035, 24031.970426, 0.094558, 10857.93464, 10888.799377, 0.039694, 129, 10385, 2550001, 88878309, 8483955, 99912265
30000, 30000, 0, 0, greedy_31.000000, 985346, 19773, 1604568.786971, inf, 173.41040462427745, 508.790529261611, 107361.945371, 817319.039514, 1.476769, 43683.529774, 636201.582818, 1.212725, 5363, 14273, 10350001, 24978221, 358866673, 394194895, 1008622, 9148, 940660.009474, inf, 348.83720930232556, 1126.3095619380767, 255417.223457, 342468.39339, 0.397826, 21570.327782, 321203.241531, 0.425488, 2666, 10616, 5130001, 59766207, 162486654, 227382862, 1008261, 4130, 721975.052154, inf, 697.6744186046511, 1909.9274638720105, 395022.710035, 154220.588163, 0.097523, 10857.93464, 161873.560882, 0.160911, 1333, 6670, 2550001, 88878309, 77149679, 168577989
30000, 30000, 0, 0, greedy_33.000000, 985346, 19773, 1686117.2976239999, inf, 173.41040462427745, 508.790529261611, 107361.945371, 856845.059352, 1.501185, 43683.529774, 678224.006798, 1.255144, 5709, 14273, 10350001, 24978221, 379201785, 414530007, 1008614, 9140, 985261.9780740001, inf, 348.83720930232556, 1126.3095619380767, 255417.223457, 359408.058042, 0.399479, 21570.327782, 348865.550348, 0.418966, 2838, 10612, 5130001, 59766207, 171214278, 236110486, 1008242, 4111, 738752.5722859999, inf, 697.6744186046511, 1909.9274638720105, 395022.710035, 160413.60347, 0.100318, 10857.93464, 172458.059365, 0.164458, 1419, 6662, 2550001, 88878309, 81282323, 172710633
30000, 30000, 0, 0, greedy_35.000000, 985346, 19773, 1765634.618092, inf, 173.41040462427745, 508.790529261611, 107361.945371, 895094.271413, 1.688236, 43683.529774, 719491.828448, 1.35485, 6055, 14273, 10350001, 24978221, 399536897, 434865119, 1008611, 9137, 1017907.774853, inf, 348.83720930232556, 1126.3095619380767, 255417.223457, 372175.622468, 0.478657, 21570.327782, 368743.531922, 0.590567, 3010, 10610, 5130001, 59766207, 179941902, 244838110, 1008240, 4109, 755744.3847499999, inf, 697.6744186046511, 1909.9274638720105, 395022.710035, 166673.254734, 0.099126, 10857.93464, 183190.214022, 0.172193, 1505, 6655, 2550001, 88878309, 85414967, 176843277
30000, 30000, 0, 0, greedy_37.000000, 985346, 19773, 1849139.7588270002, inf, 173.41040462427745, 508.790529261611, 107361.945371, 935143.392007, 1.649874, 43683.529774, 762947.712002, 1.529799, 6401, 14273, 10350001, 24978221, 419872009, 455200231, 1008611, 9137, 1054549.5347409998, inf, 348.83720930232556, 1126.3095619380767, 255417.223457, 386512.725347, 0.411622, 21570.327782, 391048.253491, 0.593042, 3182, 10609, 5130001, 59766207, 188669526, 253565734, 1008240, 4109, 772804.501027, inf, 697.6744186046511, 1909.9274638720105, 395022.710035, 173049.822006, 0.098535, 10857.93464, 193873.770321, 0.16549, 1591, 6649, 2550001, 88878309, 89547611, 180975921
30000, 30000, 0, 0, greedy_39.000000, 985346, 19773, 1929268.723324, inf, 173.41040462427745, 508.790529261611, 107361.945371, 971663.61225, 1.510673, 43683.529774, 806556.631053, 1.494203, 6747, 14273, 10350001, 24978221, 440207121, 475535343, 1008611, 9137, 1083326.038831, inf, 348.83720930232556, 1126.3095619380767, 255417.223457, 401026.88747, 0.407174, 21570.327782, 405310.472828, 0.72012, 3354, 10608, 5130001, 59766207, 197397150, 262293358, 1008240, 4109, 790229.0165960002, inf, 697.6744186046511, 1909.9274638720105, 395022.710035, 179418.296498, 0.104777, 10857.93464, 204929.796409, 0.174237, 1677, 6643, 2550001, 88878309, 93680255, 185108565
30000, 30000, 0, 0, greedy_5.000000, 986723, 21150, 438407.747837, inf, 173.41040462427745, 508.790529261611, 107361.945371, 202593.110575, 1.476629, 43683.529774, 84767.476095, 0.209393, 865, 21764, 10350001, 24978221, 70914149, 106242371, 1009429, 9955, 407002.319501, inf, 348.83720930232556, 1126.3095619380767, 255417.223457, 87048.047444, 0.353442, 21570.327782, 42966.253252, 0.114124, 430, 15260, 5130001, 59766207, 31829286, 96725494, 1008743, 4612, 467472.390531, inf, 697.6744186046511, 1909.9274638720105, 395022.710035, 39859.789656, 0.106921, 10857.93464, 21731.795799, 0.05348, 215, 8808, 2550001, 88878309, 15003331, 106431641
30000, 30000, 0, 0, greedy_7.000000, 985910, 20337, 564656.4833219999, inf, 173.41040462427745, 508.790529261611, 107361.945371, 285329.284693, 1.512256, 43683.529774, 128279.892049, 0.319179, 1211, 17698, 10350001, 24978221, 101348553, 136676775, 1009161, 9687, 464445.329061, inf, 348.83720930232556, 1126.3095619380767, 255417.223457, 123087.634315, 0.483977, 21570.327782, 64369.527723, 0.131807, 602, 13575, 5130001, 59766207, 45514926, 110411134, 1008514, 4383, 494053.797776, inf, 697.6744186046511, 1909.9274638720105, 395022.710035, 55439.337847, 0.097272, 10857.93464, 32733.647079, 0.070903, 301, 8151, 2550001, 88878309, 21390637, 112818947
30000, 30000, 0, 0, greedy_9.000000, 985626, 20053, 687445.8514779999, inf, 173.41040462427745, 508.790529261611, 107361.945371, 366147.988487, 1.470949, 43683.529774, 170250.531634, 0.385263, 1557, 15269, 10350001, 24978221, 131871289, 167199511, 1008978, 9504, 518164.44951000006, inf, 348.83720930232556, 1126.3095619380767, 255417.223457, 154588.64497, 0.464456, 21570.327782, 86587.619477, 0.169368, 774, 12697, 5130001, 59766207, 59072912, 123969120, 1008435, 4304, 519707.1410179999, inf, 697.6744186046511, 1909.9274638720105, 395022.710035, 70484.024427, 0.100468, 10857.93464, 43342.295275, 0.076173, 387, 7608, 2550001, 88878309, 27871059, 119299369
30000, 30000, 0, 0, opt, 984616, 19043, 3643545.30504, inf, 173.41040462427745, 508.790529261611, 107361.945371, 3492498.465746, 1.364149, 43683.529774, 0, 0, 0, 0, 10350001, 24978221, 847162768, 882490990, 1008207, 8733, 2792671.693427, inf, 348.83720930232556, 1126.3095619380767, 255417.223457, 2515683.773757, 0.368431, 21570.327782, 0, 0, 0, 0, 5130001, 59766207, 612137904, 677034112, 1008011, 3880, 2498205.896974, inf, 697.6744186046511, 1909.9274638720105, 395022.710035, 2092325.161889, 0.09041, 10857.93464, 0, 0, 0, 0, 2550001, 88878309, 514611216, 606039526
30000, 30000, 0, 0, plus_edge, 991234, 25661, 195134.539282, inf, 173.41040462427745, 508.790529261611, 107361.945371, 44087.775031, 1.289106, 43683.529774, 0, 0, 0, 0, 10350001, 24978221, 10042736, 45370958, 1011756, 12282, 295228.707561, inf, 348.83720930232556, 1126.3095619380767, 255417.223457, 18240.806125, 0.350197, 21570.327782, 0, 0, 0, 0, 5130001, 59766207, 4278815, 69175023, 1010228, 6097, 414314.20812399994, inf, 697.6744186046511, 1909.9274638720105, 395022.710035, 8433.475604, 0.087845, 10857.93464, 0, 0, 0, 0, 2550001, 88878309, 1957200, 93385510
30000, 30000, 0, 0, simple, 993822, 28249, 195124.97212, inf, 173.41040462427745, 508.790529261611, 107361.945371, 44078.180047, 1.316928, 43683.529774, 0, 0, 0, 0, 10350001, 24978221, 10013152, 45341374, 1012279, 12805, 295161.40571499994, inf, 348.83720930232556, 1126.3095619380767, 255417.223457, 18173.501824, 0.352652, 21570.327782, 0, 0, 0, 0, 5130001, 59766207, 4271590, 69167798, 1010687, 6556, 414308.73497199995, inf, 697.6744186046511, 1909.9274638720105, 395022.710035, 8428.002803, 0.087494, 10857.93464, 0, 0, 0, 0, 2550001, 88878309, 1955436, 93383746
30000, 30000, 0, 0, dp_1.000000, 1020362, 26670, 229079.623912, inf, 173.41040462427745, 585.7140193754113, 140695.442172, 42977.480208, 1.46668, 45267.664916, 137.558875, 0.011061, 173, 0, 10350001, 32260925, 10065857, 52676783, 1030150, 13657, 201212.34965299998, inf, 348.83720930232556, 859.5939801490533, 157925.100457, 21502.386178, 0.380644, 21638.889111, 145.585388, 0.007875, 86, 0, 5130001, 36990336, 4953711, 47074048, 1036098, 7524, 290340.18100499996, inf, 697.6744186046511, 1564.1243589548194, 268673.350935, 10452.331738, 0.089268, 11055.117753, 159.284268, 0.007043, 43, 0, 2550001, 63049544, 2425135, 68024680
30000, 30000, 0, 0, dp_11.000000, 1012224, 18532, 849670.549643, inf, 173.41040462427745, 585.7140193754113, 140695.442172, 448510.530081, 1.517786, 45267.664916, 215032.851584, 162.543104, 1903, 12077, 10350001, 32260925, 162470135, 205081061, 1025240, 8747, 507878.36687599996, inf, 348.83720930232556, 859.5939801490533, 157925.100457, 221700.744574, 0.420419, 21638.889111, 106594.033814, 19.178501, 946, 9696, 5130001, 36990336, 80333932, 122454269, 1032820, 4246, 439959.63603399997, inf, 697.6744186046511, 1564.1243589548194, 268673.350935, 105696.230638, 0.105228, 11055.117753, 54532.380555, 2.450925, 473, 5927, 2550001, 63049544, 39140835, 104740380
30000, 30000, 0, 0, dp_13.000000, 1012091, 18399, 973816.5786680001, inf, 173.41040462427745, 585.7140193754113, 140695.442172, 529230.726873, 1.499011, 45267.664916, 258392.026852, 229.218844, 2249, 10521, 10350001, 32260925, 192778253, 235389179, 1025188, 8695, 567478.94631, inf, 348.83720930232556, 859.5939801490533, 157925.100457, 260007.093591, 0.422973, 21638.889111, 127879.881223, 27.558955, 1118, 8799, 5130001, 36990336, 95314009, 137434346, 1032721, 4147, 470027.29161, inf, 697.6744186046511, 1564.1243589548194, 268673.350935, 124866.64197, 0.102823, 11055.117753, 65428.650173, 3.427956, 559, 5620, 2550001, 63049544, 46565107, 112164652
30000, 30000, 0, 0, dp_15.000000, 1011935, 18243, 1094083.297871, inf, 173.41040462427745, 585.7140193754113, 140695.442172, 606651.864338, 1.708294, 45267.664916, 301158.424758, 308.193393, 2595, 9237, 10350001, 32260925, 223346315, 265957241, 1025123, 8630, 633274.549236, inf, 348.83720930232556, 859.5939801490533, 157925.100457, 301086.505337, 0.349805, 21638.889111, 152586.60297, 37.101556, 1290, 8093, 5130001, 36990336, 110377991, 152498328, 1032679, 4105, 500185.95244499994, inf, 697.6744186046511, 1564.1243589548194, 268673.350935, 143989.21203, 0.102943, 11055.117753, 76463.461539, 4.707245, 645, 5358, 2550001, 63049544, 53869451, 119468996
30000, 30000, 0, 0, dp_17.000000, 1011857, 18165, 1216178.5941799998, inf, 173.41040462427745, 585.7140193754113, 140695.442172, 687438.905907, 1.534849, 45267.664916, 342376.31338, 398.732956, 2941, 8163, 10350001, 32260925, 253914377, 296525303, 1025081, 8588, 691345.6589340001, inf, 348.83720930232556, 859.5939801490533, 157925.100457, 341546.77265, 0.407424, 21638.889111, 170185.924972, 48.56432, 1462, 7452, 5130001, 36990336, 125501091, 167621428, 1032607, 4033, 530707.3716399999, inf, 697.6744186046511, 1564.1243589548194, 268673.350935, 163464.82054, 0.10153, 11055.117753, 87507.923407, 6.057475, 731, 5122, 2550001, 63049544, 61299599, 126899144
30000, 30000, 0, 0, dp_19.000000, 1011829, 18137, 1338314.0459840002, inf, 173.41040462427745, 585.7140193754113, 140695.442172, 767517.488259, 1.544376, 45267.664916, 384331.827408, 500.078853, 3287, 7211, 10350001, 32260925, 284482439, 327093365, 1025065, 8572, 753916.481244, inf, 348.83720930232556, 859.5939801490533, 157925.100457, 382263.213428, 0.409528, 21638.889111, 192028.783769, 60.084951, 1634, 6890, 5130001, 36990336, 140446837, 182567174, 1032578, 4004, 561597.450371, inf, 697.6744186046511, 1564.1243589548194, 268673.350935, 183355.744786, 0.130895, 11055.117753, 98505.695621, 7.410381, 817, 4922, 2550001, 63049544, 68783835, 134383380
30000, 30000, 0, 0, dp_21.000000, 1011768, 18076, 1461735.2529449998, inf, 173.41040462427745, 585.7140193754113, 140695.442172, 848812.232833, 1.642631, 45267.664916, 426344.566916, 613.703477, 3633, 6376, 10350001, 32260925, 314639978, 357250904, 1025038, 8545, 810271.401522, inf, 348.83720930232556, 859.5939801490533, 157925.100457, 418277.027436, 0.404228, 21638.889111, 212356.509124, 73.471166, 1806, 6373, 5130001, 36990336, 155456473, 197576810, 1032569, 3995, 593900.026191, inf, 697.6744186046511, 1564.1243589548194, 268673.350935, 204565.772769, 0.091261, 11055.117753, 109596.021111, 9.672362, 903, 4734, 2550001, 63049544, 76268071, 141867616
30000, 30000, 0, 0, dp_23.000000, 1011740, 18048, 1585781.178017, inf, 173.41040462427745, 585.7140193754113, 140695.442172, 928686.417579, 1.550628, 45267.664916, 470392.509386, 737.593336, 3979, 5700, 10350001, 32260925, 344520440, 387131366, 1025008, 8515, 876961.2691919999, inf, 348.83720930232556, 859.5939801490533, 157925.100457, 461581.811093, 0.499085, 21638.889111, 235725.596397, 89.373049, 1978, 5915, 5130001, 36990336, 170579573, 212699910, 1032567, 3993, 621083.436846, inf, 697.6744186046511, 1564.1243589548194, 268673.350935, 221447.009473, 0.104395, 11055.117753, 119896.910316, 10.943974, 989, 4562, 2550001, 63049544, 83452487, 149052032
30000, 30000, 0, 0, dp_25.000000, 1011714, 18022, 1712521.377506, inf, 173.41040462427745, 585.7140193754113, 140695.442172, 1011116.917137, 1.596925, 45267.664916, 514562.148207, 877.608149, 4325, 5130, 10350001, 32260925, 374851973, 417462899, 1024986, 8493, 937995.060298, inf, 348.83720930232556, 859.5939801490533, 157925.100457, 501790.890082, 0.521878, 21638.889111, 256532.339578, 107.319192, 2150, 5494, 5130001, 36990336, 185702673, 227823010, 1032548, 3974, 650545.932618, inf, 697.6744186046511, 1564.1243589548194, 268673.350935, 240713.935645, 0.105888, 11055.117753, 130090.573351, 12.849046, 1075, 4400, 2550001, 63049544, 90936723, 156536268
30000, 30000, 0, 0, dp_27.000000, 1011693, 18001, 1832148.8552070002, inf, 173.41040462427745, 585.7140193754113, 140695.442172, 1089610.251867, 1.742498, 45267.664916, 555551.958631, 1021.795123, 4671, 4610, 10350001, 32260925, 405123065, 447733991, 1024950, 8457, 998759.6412599998, inf, 348.83720930232556, 859.5939801490533, 157925.100457, 541062.876784, 0.413445, 21638.889111, 278006.110121, 126.251342, 2322, 5128, 5130001, 36990336, 200707537, 242827874, 1032519, 3945, 682003.92604, inf, 697.6744186046511, 1564.1243589548194, 268673.350935, 260922.191593, 0.106139, 11055.117753, 141338.076932, 15.082688, 1161, 4248, 2550001, 63049544, 98420959, 164020504
30000, 30000, 0, 0, dp_29.000000, 1011668, 17976, 1949005.9622930002, inf, 173.41040462427745, 585.7140193754113, 140695.442172, 1163794.298046, 1.54082, 45267.664916, 598066.519875, 1180.496464, 5017, 4127, 10350001, 32260925, 434794601, 477405527, 1024921, 8428, 1067992.821851, inf, 348.83720930232556, 859.5939801490533, 157925.100457, 582827.450166, 0.417734, 21638.889111, 305457.973051, 142.991332, 2494, 4807, 5130001, 36990336, 215801078, 257921415, 1032507, 3933, 711898.52818, inf, 697.6744186046511, 1564.1243589548194, 268673.350935, 279093.538713, 0.094346, 11055.117753, 153059.026005, 17.400428, 1247, 4100, 2550001, 63049544, 105695321, 171294866
30000, 30000, 0, 0, dp_3.000000, 1015441, 21749, 352765.488812, inf, 173.41040462427745, 585.7140193754113, 140695.442172, 123701.960024, 1.511955, 45267.664916, 43090.329042, 8.580703, 519, 26913, 10350001, 32260925, 40575572, 83186498, 1027040, 10547, 262260.085522, inf, 348.83720930232556, 859.5939801490533, 157925.100457, 61192.630261, 0.413846, 21638.889111, 21501.796262, 1.255585, 258, 16543, 5130001, 36990336, 20076811, 62197148, 1034147, 5573, 319287.49484999996, inf, 697.6744186046511, 1564.1243589548194, 268673.350935, 28549.268673, 0.106549, 11055.117753, 11009.479428, 0.171512, 129, 9433, 2550001, 63049544, 9530755, 75130300
30000, 30000, 0, 0, dp_31.000000, 1011634, 17942, 2075753.634505, inf, 173.41040462427745, 585.7140193754113, 140695.442172, 1245218.434143, 1.452104, 45267.664916, 643220.090211, 1350.550959, 5363, 3708, 10350001, 32260925, 464273963, 506884889, 1024921, 8428, 1121982.5835179999, inf, 348.83720930232556, 859.5939801490533, 157925.100457, 618051.389093, 0.421881, 21638.889111, 324202.96317, 163.819806, 2666, 4527, 5130001, 36990336, 230753982, 272874319, 1032479, 3905, 742939.4184920001, inf, 697.6744186046511, 1564.1243589548194, 268673.350935, 299699.556575, 0.0903, 11055.117753, 163491.470219, 19.83271, 1333, 3958, 2550001, 63049544, 113179557, 178779102
30000, 30000, 0, 0, dp_33.000000, 1011630, 17938, 2199371.1809000005, inf, 173.41040462427745, 585.7140193754113, 140695.442172, 1330125.566305, 1.340514, 45267.664916, 681749.439033, 1531.72796, 5709, 3334, 10350001, 32260925, 494842025, 537452951, 1024899, 8406, 1182680.354508, inf, 348.83720930232556, 859.5939801490533, 157925.100457, 661318.515801, 0.418765, 21638.889111, 341611.691604, 185.73877, 2838, 4269, 5130001, 36990336, 245557898, 287678235, 1032477, 3903, 774203.384885, inf, 697.6744186046511, 1564.1243589548194, 268673.350935, 320076.199209, 0.102602, 11055.117753, 174375.99819, 22.616196, 1419, 3826, 2550001, 63049544, 120663793, 186263338
30000, 30000, 0, 0, dp_35.000000, 1011620, 17928, 2330293.2191500003, inf, 173.41040462427745, 585.7140193754113, 140695.442172, 1417679.055683, 1.30657, 45267.664916, 724927.357993, 1722.391816, 6055, 3008, 10350001, 32260925, 525066287, 567677213, 1024891, 8398, 1245938.261781, inf, 348.83720930232556, 859.5939801490533, 157925.100457, 699579.18695, 0.40555, 21638.889111, 366585.127945, 209.551768, 3010, 4033, 5130001, 36990336, 260300310, 302420647, 1032470, 3896, 803782.5959770001, inf, 697.6744186046511, 1564.1243589548194, 268673.350935, 338605.883388, 0.105438, 11055.117753, 185422.634441, 25.504022, 1505, 3704, 2550001, 63049544, 128148029, 193747574
30000, 30000, 0, 0, dp_37.000000, 1011610, 17918, 2440042.624337, inf, 173.41040462427745, 585.7140193754113, 140695.442172, 1478401.984973, 1.488422, 45267.664916, 773750.770516, 1925.273338, 6401, 2723, 10350001, 32260925, 554090105, 596701031, 1024883, 8390, 1295474.8631059998, inf, 348.83720930232556, 859.5939801490533, 157925.100457, 733193.174264, 0.409147, 21638.889111, 382482.800913, 234.489214, 3182, 3811, 5130001, 36990336, 274515698, 316636035, 1032470, 3896, 831143.697233, inf, 697.6744186046511, 1564.1243589548194, 268673.350935, 356114.090047, 0.102201, 11055.117753, 195272.41772, 28.618577, 1591, 3585, 2550001, 63049544, 135452373, 201051918
30000, 30000, 0, 0, dp_39.000000, 1011591, 17899, 2561613.463426, inf, 173.41040462427745, 585.7140193754113, 140695.442172, 1563015.512481, 1.533105, 45267.664916, 810500.436104, 2132.874648, 6747, 2458, 10350001, 32260925, 584457617, 627068543, 1024883, 8390, 1355285.2790130002, inf, 348.83720930232556, 859.5939801490533, 157925.100457, 772145.089625, 0.41082, 21638.889111, 403314.998021, 260.790979, 3354, 3603, 5130001, 36990336, 289638798, 331759135, 1032468, 3894, 863565.1921, inf, 697.6744186046511, 1564.1243589548194, 268673.350935, 377748.234941, 0.10708, 11055.117753, 206056.715182, 31.666209, 1677, 3473, 2550001, 63049544, 142936609, 208536154
30000, 30000, 0, 0, dp_5.000000, 1013870, 20178, 477665.85068000003, inf, 173.41040462427745, 585.7140193754113, 140695.442172, 205938.423235, 1.493951, 45267.664916, 85733.707159, 29.119247, 865, 20541, 10350001, 32260925, 71113937, 113724863, 1026036, 9543, 322974.182762, inf, 348.83720930232556, 859.5939801490533, 157925.100457, 100483.16984, 0.400511, 21638.889111, 42922.976397, 3.646446, 430, 13991, 5130001, 36990336, 35081675, 77202012, 1033519, 4945, 349450.468909, inf, 697.6744186046511, 1564.1243589548194, 268673.350935, 47836.415642, 0.103544, 11055.117753, 21884.99851, 0.482525, 215, 7772, 2550001, 63049544, 16955027, 82554572
30000, 30000, 0, 0, dp_7.000000, 1012927, 19235, 599803.066679, inf, 173.41040462427745, 585.7140193754113, 140695.442172, 285322.90136, 1.712492, 45267.664916, 128454.210887, 61.134852, 1211, 16642, 10350001, 32260925, 101681999, 144292925, 1025612, 9119, 385051.469079, inf, 348.83720930232556, 859.5939801490533, 157925.100457, 141206.809667, 0.401443, 21638.889111, 64272.819175, 7.449226, 602, 12239, 5130001, 36990336, 50116098, 92236435, 1033229, 4655, 379886.05963999993, inf, 697.6744186046511, 1564.1243589548194, 268673.350935, 67377.350658, 0.109746, 11055.117753, 32779.16044, 0.970108, 301, 6859, 2550001, 63049544, 24439263, 90038808
30000, 30000, 0, 0, dp_9.000000, 1012477, 18785, 725628.713131, inf, 173.41040462427745, 585.7140193754113, 140695.442172, 368073.62958, 1.349641, 45267.664916, 171485.78442, 104.842402, 1557, 14012, 10350001, 32260925, 132162017, 174772943, 1025355, 8862, 445828.15424500004, inf, 348.83720930232556, 859.5939801490533, 157925.100457, 181002.840488, 0.402805, 21638.889111, 85248.177177, 12.744207, 774, 10856, 5130001, 36990336, 65239198, 107359535, 1032975, 4401, 410137.61321700003, inf, 697.6744186046511, 1564.1243589548194, 268673.350935, 86665.06607, 0.106189, 11055.117753, 43742.354347, 1.617923, 387, 6315, 2550001, 63049544, 31863535, 97463080
30000, 30000, 0, 0, fixed_reps_1, 1020362, 26670, 229973.04244, inf, 173.41040462427745, 585.7140193754113, 140695.442172, 43835.835102, 1.462633, 45267.664916, 172.637617, 0, 173, 46134, 10350001, 32260925, 10065857, 52676783, 1030150, 13657, 200991.62013099997, inf, 348.83720930232556, 859.5939801490533, 157925.100457, 21257.721332, 0.381495, 21638.889111, 169.527736, 0, 86, 26201, 5130001, 36990336, 4953711, 47074048, 1036098, 7524, 290361.193843, inf, 697.6744186046511, 1564.1243589548194, 268673.350935, 10458.221477, 0.087644, 11055.117753, 174.416034, 0, 43, 14971, 2550001, 63049544, 2425135, 68024680
30000, 30000, 0, 0, fixed_reps_11, 1012631, 18939, 630430.7227800001, inf, 173.41040462427745, 585.7140193754113, 140695.442172, 443086.537877, 1.570485, 45267.664916, 1379.50733, 0, 1903, 18301, 10350001, 32260925, 110722697, 153333623, 1025456, 8963, 399589.786478, inf, 348.83720930232556, 859.5939801490533, 157925.100457, 218635.293691, 0.392626, 21638.889111, 1390.110593, 0, 946, 12494, 5130001, 36990336, 54489961, 96610298, 1032830, 4256, 386891.785666, inf, 697.6744186046511, 1564.1243589548194, 268673.350935, 105719.031147, 0.103995, 11055.117753, 1444.181836, 0, 473, 7407, 2550001, 63049544, 26676055, 92275600
30000, 30000, 0, 0, fixed_reps_13, 1012444, 18752, 711315.9526460001, inf, 173.41040462427745, 585.7140193754113, 140695.442172, 523692.648079, 1.519911, 45267.664916, 1658.677568, 0, 2249, 16521, 10350001, 32260925, 130854065, 173464991, 1025435, 8942, 438922.379965, inf, 348.83720930232556, 859.5939801490533, 157925.100457, 257722.792084, 0.39453, 21638.889111, 1635.203783, 0, 1118, 11779, 5130001, 36990336, 64397211, 106517548, 1032769, 4195, 406148.873628, inf, 697.6744186046511, 1564.1243589548194, 268673.350935, 124757.7639, 0.107691, 11055.117753, 1662.533349, 0, 559, 6893, 2550001, 63049544, 31526239, 97125784
30000, 30000, 0, 0, fixed_reps_15, 1012337, 18645, 791631.375929, inf, 173.41040462427745, 585.7140193754113, 140695.442172, 603789.019738, 1.533496, 45267.664916, 1877.715607, 0, 2595, 14733, 10350001, 32260925, 150985433, 193596359, 1025398, 8905, 479031.57879600005, inf, 348.83720930232556, 859.5939801490533, 157925.100457, 297580.19462, 0.350678, 21638.889111, 1887.04393, 0, 1290, 11112, 5130001, 36990336, 74304461, 116424798, 1032699, 4125, 425625.53161899996, inf, 697.6744186046511, 1564.1243589548194, 268673.350935, 143965.939429, 0.104365, 11055.117753, 1931.019137, 0, 645, 6426, 2550001, 63049544, 36376423, 101975968
30000, 30000, 0, 0, fixed_reps_17, 1012304, 18612, 872292.431036, inf, 173.41040462427745, 585.7140193754113, 140695.442172, 684194.420836, 1.518948, 45267.664916, 2133.384164, 0, 2941, 13531, 10350001, 32260925, 171116801, 213727727, 1025362, 8869, 518395.43813699996, inf, 348.83720930232556, 859.5939801490533, 157925.100457, 336702.750839, 0.403516, 21638.889111, 2128.294214, 0, 1462, 10515, 5130001, 36990336, 84211711, 126332048, 1032690, 4116, 445241.088395, inf, 697.6744186046511, 1564.1243589548194, 268673.350935, 163327.083142, 0.102733, 11055.117753, 2185.433832, 0, 731, 6160, 2550001, 63049544, 41226607, 106826152
30000, 30000, 0, 0, fixed_reps_19, 1012192, 18500, 957307.9428060001, inf, 173.41040462427745, 585.7140193754113, 140695.442172, 768943.874913, 1.488812, 45267.664916, 2399.471993, 0, 3287, 12341, 10350001, 32260925, 191248169, 233859095, 1025342, 8849, 558270.1947069999, inf, 348.83720930232556, 859.5939801490533, 157925.100457, 376314.700814, 0.351549, 21638.889111, 2391.152776, 0, 1634, 10034, 5130001, 36990336, 94118961, 136239298, 1032679, 4105, 464265.710779, inf, 697.6744186046511, 1564.1243589548194, 268673.350935, 182103.284798, 0.099447, 11055.117753, 2433.857846, 0, 817, 5953, 2550001, 63049544, 46076791, 111676336
30000, 30000, 0, 0, fixed_reps_21, 1012005, 18313, 1030684.29554, inf, 173.41040462427745, 585.7140193754113, 140695.442172, 842099.978522, 1.702262, 45267.664916, 2619.507668, 0, 3633, 11549, 10350001, 32260925, 211379537, 253990463, 1025298, 8805, 596222.276535, inf, 348.83720930232556, 859.5939801490533, 157925.100457, 414038.100867, 0.397104, 21638.889111, 2619.788996, 0, 1806, 9550, 5130001, 36990336, 104026211, 146146548, 1032611, 4037, 483974.8900189999, inf, 697.6744186046511, 1564.1243589548194, 268673.350935, 201556.328105, 0.111238, 11055.117753, 2689.981988, 0, 903, 5750, 2550001, 63049544, 50926975, 116526520
30000, 30000, 0, 0, fixed_reps_23, 1011976, 18284, 1113050.988259, inf, 173.41040462427745, 585.7140193754113, 140695.442172, 924232.541068, 1.64762, 45267.664916, 2853.692483, 0, 3979, 10863, 10350001, 32260925, 231510905, 274121831, 1025192, 8699, 635831.60667, inf, 348.83720930232556, 859.5939801490533, 157925.100457, 453389.181342, 0.393027, 21638.889111, 2878.042733, 0, 1978, 9092, 5130001, 36990336, 113933461, 156053798, 1032611, 4037, 502987.70464, inf, 697.6744186046511, 1564.1243589548194, 268673.350935, 220294.793285, 0.101149, 11055.117753, 2964.341518, 0, 989, 5525, 2550001, 63049544, 55777159, 121376704
30000, 30000, 0, 0, fixed_reps_25, 1011964, 18272, 1199920.671056, inf, 173.41040462427745, 585.7140193754113, 140695.442172, 1010829.570761, 1.500785, 45267.664916, 3126.492422, 0, 4325, 10185, 10350001, 32260925, 251642273, 294253199, 1025146, 8653, 676166.514348, inf, 348.83720930232556, 859.5939801490533, 157925.100457, 493477.081613, 0.359885, 21638.889111, 3125.083282, 0, 2150, 8704, 5130001, 36990336, 123840711, 165961048, 1032611, 4037, 522639.21658999997, inf, 697.6744186046511, 1564.1243589548194, 268673.350935, 239699.579545, 0.104656, 11055.117753, 3211.063701, 0, 1075, 5404, 2550001, 63049544, 60627343, 126226888
30000, 30000, 0, 0, fixed_reps_27, 1011945, 18253, 1273890.876402, inf, 173.41040462427745, 585.7140193754113, 140695.442172, 1084532.725693, 1.508559, 45267.664916, 3393.535062, 0, 4671, 9551, 10350001, 32260925, 271773641, 314384567, 1025091, 8598, 720273.9938729999, inf, 348.83720930232556, 859.5939801490533, 157925.100457, 537290.676735, 0.397425, 21638.889111, 3418.930145, 0, 2322, 8297, 5130001, 36990336, 133747961, 175868298, 1032611, 4037, 541608.358877, inf, 697.6744186046511, 1564.1243589548194, 268673.350935, 258418.473335, 0.104977, 11055.117753, 3461.311877, 0, 1161, 5242, 2550001, 63049544, 65477527, 131077072
30000, 30000, 0, 0, fixed_reps_29, 1011920, 18228, 1354809.921235, inf, 173.41040462427745, 585.7140193754113, 140695.442172, 1165234.845361, 1.683828, 45267.664916, 3610.284958, 0, 5017, 9109, 10350001, 32260925, 291905009, 334515935, 1025031, 8538, 756258.768939, inf, 348.83720930232556, 859.5939801490533, 157925.100457, 573074.452426, 0.397635, 21638.889111, 3619.92931, 0, 2494, 7820, 5130001, 36990336, 143655211, 185775548, 1032611, 4037, 561470.250303, inf, 697.6744186046511, 1564.1243589548194, 268673.350935, 278019.653565, 0.103143, 11055.117753, 3722.024907, 0, 1247, 5121, 2550001, 63049544, 70327711, 135927256
30000, 30000, 0, 0, fixed_reps_3, 1015467, 21775, 310421.810758, inf, 173.41040462427745, 585.7140193754113, 140695.442172, 124062.925735, 1.494603, 45267.664916, 394.283332, 0, 519, 32561, 10350001, 32260925, 30197225, 72808151, 1026871, 10378, 240758.71697599997, inf, 348.83720930232556, 859.5939801490533, 157925.100457, 60802.308689, 0.399399, 21638.889111, 392.01932, 0, 258, 19937, 5130001, 36990336, 14860961, 56981298, 1034169, 5595, 309675.585494, inf, 697.6744186046511, 1564.1243589548194, 268673.350935, 29551.48437, 0.109235, 11055.117753, 395.523201, 0, 129, 11183, 2550001, 63049544, 7275319, 72874864
30000, 30000, 0, 0, fixed_reps_31, 1011877, 18185, 1437188.327184, inf, 173.41040462427745, 585.7140193754113, 140695.442172, 1247374.095951, 1.507286, 45267.664916, 3849.616859, 0, 5363, 8628, 10350001, 32260925, 312036377, 354647303, 1025018, 8525, 795137.2873679999, inf, 348.83720930232556, 859.5939801490533, 157925.100457, 611708.195215, 0.406983, 21638.889111, 3864.695602, 0, 2666, 7529, 5130001, 36990336, 153562461, 195682798, 1032551, 3977, 580854.0167159999, inf, 697.6744186046511, 1564.1243589548194, 268673.350935, 297148.516066, 0.10128, 11055.117753, 3976.930682, 0, 1333, 4972, 2550001, 63049544, 75177895, 140777440
30000, 30000, 0, 0, fixed_reps_33, 1011864, 18172, 1511552.4399640001, inf, 173.41040462427745, 585.7140193754113, 140695.442172, 1321469.251978, 1.523497, 45267.664916, 4118.557401, 0, 5709, 8175, 10350001, 32260925, 332167745, 374778671, 1024997, 8504, 836112.2538749999, inf, 348.83720930232556, 859.5939801490533, 157925.100457, 652399.302769, 0.495629, 21638.889111, 4148.465909, 0, 2838, 7201, 5130001, 36990336, 163469711, 205590048, 1032546, 3972, 600237.06007, inf, 697.6744186046511, 1564.1243589548194, 268673.350935, 316277.072778, 0.106761, 11055.117753, 4231.411843, 0, 1419, 4867, 2550001, 63049544, 80028079, 145627624
30000, 30000, 0, 0, fixed_reps_35, 1011858, 18166, 1594857.063092, inf, 173.41040462427745, 585.7140193754113, 140695.442172, 1404514.792624, 1.523176, 45267.664916, 4377.640204, 0, 6055, 7809, 10350001, 32260925, 352299113, 394910039, 1024997, 8504, 875279.606679, inf, 348.83720930232556, 859.5939801490533, 157925.100457, 691349.442473, 0.568536, 21638.889111, 4365.606102, 0, 3010, 6908, 5130001, 36990336, 173376961, 215497298, 1032532, 3958, 619537.501181, inf, 697.6744186046511, 1564.1243589548194, 268673.350935, 335305.321565, 0.102181, 11055.117753, 4503.608747, 0, 1505, 4769, 2550001, 63049544, 84878263, 150477808
30000, 30000, 0, 0, fixed_reps_37, 1011817, 18125, 1676780.627253, inf, 173.41040462427745, 585.7140193754113, 140695.442172, 1486221.573621, 1.494703, 45267.664916, 4594.451841, 0, 6401, 7483, 10350001, 32260925, 372430481, 415041407, 1024992, 8499, 914614.087999, inf, 348.83720930232556, 859.5939801490533, 157925.100457, 730420.775799, 0.398847, 21638.889111, 4628.923785, 0, 3182, 6680, 5130001, 36990336, 183284211, 225404548, 1032511, 3937, 639003.8437269999, inf, 697.6744186046511, 1564.1243589548194, 268673.350935, 354535.686695, 0.102292, 11055.117753, 4739.586052, 0, 1591, 4680, 2550001, 63049544, 89728447, 155327992
30000, 30000, 0, 0, fixed_reps_39, 1011781, 18089, 1769708.310561, inf, 173.41040462427745, 585.7140193754113, 140695.442172, 1578874.642397, 1.528425, 45267.664916, 4869.032651, 0, 6747, 7130, 10350001, 32260925, 392561849, 435172775, 1024976, 8483, 953861.5440229999, inf, 348.83720930232556, 859.5939801490533, 157925.100457, 769451.162408, 0.403817, 21638.889111, 4845.98823, 0, 3354, 6409, 5130001, 36990336, 193191461, 235311798, 1032504, 3930, 658486.060373, inf, 697.6744186046511, 1564.1243589548194, 268673.350935, 373764.21865, 0.105919, 11055.117753, 4993.267116, 0, 1677, 4581, 2550001, 63049544, 94578631, 160178176
30000, 30000, 0, 0, fixed_reps_41, 1011765, 18073, 1838024.189852, inf, 173.41040462427745, 585.7140193754113, 140695.442172, 1646967.087873, 1.513609, 45267.664916, 5092.481282, 0, 7093, 6811, 10350001, 32260925, 412693217, 455304143, 1024950, 8457, 994529.703898, inf, 348.83720930232556, 859.5939801490533, 157925.100457, 809832.021818, 0.401863, 21638.889111, 5133.290649, 0, 3526, 6102, 5130001, 36990336, 203098711, 245219048, 1032496, 3922, 677774.1334409999, inf, 697.6744186046511, 1564.1243589548194, 268673.350935, 392810.824414, 0.108574, 11055.117753, 5234.731765, 0, 1763, 4484, 2550001, 63049544, 99428815, 165028360
30000, 30000, 0, 0, fixed_reps_5, 1013843, 20151, 390634.916554, inf, 173.41040462427745, 585.7140193754113, 140695.442172, 204030.284128, 1.496336, 45267.664916, 640.029002, 0, 865, 26485, 10350001, 32260925, 50328593, 92939519, 1026211, 9718, 280349.10864299996, inf, 348.83720930232556, 859.5939801490533, 157925.100457, 100141.670737, 0.395532, 21638.889111, 643.052806, 0, 430, 16839, 5130001, 36990336, 24768211, 66888548, 1033297, 4723, 329142.15849299997, inf, 697.6744186046511, 1564.1243589548194, 268673.350935, 48759.452083, 0.105979, 11055.117753, 654.131743, 0, 215, 9671, 2550001, 63049544, 12125503, 77725048
30000, 30000, 0, 0, fixed_reps_7, 1013213, 19521, 470975.62023000006, inf, 173.41040462427745, 585.7140193754113, 140695.442172, 284096.147269, 1.520642, 45267.664916, 914.845231, 0, 1211, 23337, 10350001, 32260925, 70459961, 113070887, 1025691, 9198, 320197.833794, inf, 348.83720930232556, 859.5939801490533, 157925.100457, 139733.680385, 0.342332, 21638.889111, 899.821509, 0, 602, 14781, 5130001, 36990336, 34675461, 76795798, 1033116, 4542, 348373.02125200006, inf, 697.6744186046511, 1564.1243589548194, 268673.350935, 67707.029832, 0.105487, 11055.117753, 937.417245, 0, 301, 8470, 2550001, 63049544, 16975687, 82575232
30000, 30000, 0, 0, fixed_reps_9, 1012856, 19164, 550891.1325289999, inf, 173.41040462427745, 585.7140193754113, 140695.442172, 363791.128211, 1.669361, 45267.664916, 1135.227869, 0, 1557, 20574, 10350001, 32260925, 90591329, 133202255, 1025562, 9069, 359241.500536, inf, 348.83720930232556, 859.5939801490533, 157925.100457, 178536.331891, 0.387677, 21638.889111, 1140.7914, 0, 774, 13459, 5130001, 36990336, 44582711, 86703048, 1032878, 4304, 367774.137968, inf, 697.6744186046511, 1564.1243589548194, 268673.350935, 86870.833043, 0.103655, 11055.117753, 1174.732582, 0, 387, 7899, 2550001, 63049544, 21825871, 87425416
30000, 30000, 0, 0, greedy_1.000000, 1020362, 26670, 229205.28488199998, inf, 173.41040462427745, 585.7140193754113, 140695.442172, 43103.154533, 1.453716, 45267.664916, 137.558875, 0.01067, 173, 46134, 10350001, 32260925, 10065857, 52676783, 1030150, 13657, 201022.240392, inf, 348.83720930232556, 859.5939801490533, 157925.100457, 21312.266098, 0.394188, 21638.889111, 145.585388, 0.00515, 86, 26201, 5130001, 36990336, 4953711, 47074048, 1036098, 7524, 290305.20076999994, inf, 697.6744186046511, 1564.1243589548194, 268673.350935, 10417.347486, 0.097503, 11055.117753, 159.284268, 0.002825, 43, 14971, 2550001, 63049544, 2425135, 68024680
30000, 30000, 0, 0, greedy_11.000000, 1012230, 18538, 844267.150992, inf, 173.41040462427745, 585.7140193754113, 140695.442172, 443269.21433, 1.501015, 45267.664916, 215032.851584, 0.476975, 1903, 14569, 10350001, 32260925, 162382091, 204993017, 1025301, 8808, 506046.6459959999, inf, 348.83720930232556, 859.5939801490533, 157925.100457, 219888.001258, 0.414808, 21638.889111, 106594.033814, 0.206548, 946, 10939, 5130001, 36990336, 80156578, 122276915, 1032885, 4311, 433369.656361, inf, 697.6744186046511, 1564.1243589548194, 268673.350935, 99108.61072, 0.102512, 11055.117753, 54532.380555, 0.093886, 473, 6919, 2550001, 63049544, 37516533, 103116078
30000, 30000, 0, 0, greedy_13.000000, 1012171, 18479, 938562.125606, inf, 173.41040462427745, 585.7140193754113, 140695.442172, 494204.713645, 1.529929, 45267.664916, 258392.026852, 0.748092, 2249, 14157, 10350001, 32260925, 183893615, 226504541, 1025215, 8722, 556142.4124279999, inf, 348.83720930232556, 859.5939801490533, 157925.100457, 248697.991575, 0.3415, 21638.889111, 127879.881223, 0.208562, 1118, 10224, 5130001, 36990336, 92606511, 134726848, 1032881, 4307, 453581.704387, inf, 697.6744186046511, 1564.1243589548194, 268673.350935, 108424.372988, 0.105608, 11055.117753, 65428.650173, 0.10693, 559, 6878, 2550001, 63049544, 42422317, 108021862
30000, 30000, 0, 0, greedy_15.000000, 1012140, 18448, 1018299.857252, inf, 173.41040462427745, 585.7140193754113, 140695.442172, 531176.000627, 1.694607, 45267.664916, 301158.424758, 0.630172, 2595, 14104, 10350001, 32260925, 204186515, 246797441, 1025199, 8706, 600165.879468, inf, 348.83720930232556, 859.5939801490533, 157925.100457, 268014.419142, 0.60793, 21638.889111, 152586.60297, 0.259858, 1290, 10156, 5130001, 36990336, 102645463, 144765800, 1032871, 4297, 473936.37613199995, inf, 697.6744186046511, 1564.1243589548194, 268673.350935, 117744.232385, 0.108994, 11055.117753, 76463.461539, 0.104526, 645, 6851, 2550001, 63049544, 47328101, 112927646
30000, 30000, 0, 0, greedy_17.000000, 1012139, 18447, 1096776.2634379999, inf, 173.41040462427745, 585.7140193754113, 140695.442172, 568434.621654, 1.513378, 45267.664916, 342376.31338, 0.707938, 2941, 14094, 10350001, 32260925, 224479415, 267090341, 1025190, 8697, 638529.9901020001, inf, 348.83720930232556, 859.5939801490533, 157925.100457, 288779.347508, 0.455884, 21638.889111, 170185.924972, 0.27217, 1462, 10115, 5130001, 36990336, 112684415, 154804752, 1032871, 4297, 494562.6761430001, inf, 697.6744186046511, 1564.1243589548194, 268673.350935, 127326.073734, 0.099617, 11055.117753, 87507.923407, 0.110697, 731, 6831, 2550001, 63049544, 52233885, 117833430
30000, 30000, 0, 0, greedy_19.000000, 1012135, 18443, 1181941.3440810002, inf, 173.41040462427745, 585.7140193754113, 140695.442172, 611644.084896, 1.539517, 45267.664916, 384331.827408, 0.785172, 3287, 14087, 10350001, 32260925, 244772315, 287383241, 1025176, 8683, 680819.9360789999, inf, 348.83720930232556, 859.5939801490533, 157925.100457, 309226.475764, 0.402865, 21638.889111, 192028.783769, 0.284113, 1634, 10087, 5130001, 36990336, 122723367, 164843704, 1032871, 4297, 515160.314275, inf, 697.6744186046511, 1564.1243589548194, 268673.350935, 136925.911058, 0.109836, 11055.117753, 98505.695621, 0.129072, 817, 6813, 2550001, 63049544, 57139669, 122739214
30000, 30000, 0, 0, greedy_21.000000, 1012135, 18443, 1260665.490815, inf, 173.41040462427745, 585.7140193754113, 140695.442172, 648355.27243, 1.710818, 45267.664916, 426344.566916, 0.833563, 3633, 14087, 10350001, 32260925, 265065215, 307676141, 1025173, 8680, 718944.6013089999, inf, 348.83720930232556, 859.5939801490533, 157925.100457, 327023.375314, 0.409047, 21638.889111, 212356.509124, 0.318256, 1806, 10069, 5130001, 36990336, 132762319, 174882656, 1032857, 4283, 536305.6902119999, inf, 697.6744186046511, 1564.1243589548194, 268673.350935, 146980.841941, 0.139752, 11055.117753, 109596.021111, 0.21872, 903, 6800, 2550001, 63049544, 62045453, 127644998
30000, 30000, 0, 0, greedy_23.000000, 1012135, 18443, 1347549.32198, inf, 173.41040462427745, 585.7140193754113, 140695.442172, 691191.0044, 1.709987, 45267.664916, 470392.509386, 0.991119, 3979, 14087, 10350001, 32260925, 285358115, 327969041, 1025167, 8674, 765131.355301, inf, 348.83720930232556, 859.5939801490533, 157925.100457, 349841.022014, 0.406402, 21638.889111, 235725.596397, 0.34092, 1978, 10061, 5130001, 36990336, 142801271, 184921608, 1032845, 4271, 555366.554942, inf, 697.6744186046511, 1564.1243589548194, 268673.350935, 155740.945025, 0.103384, 11055.117753, 119896.910316, 0.127529, 989, 6787, 2550001, 63049544, 66951237, 132550782
30000, 30000, 0, 0, greedy_25.000000, 1012135, 18443, 1431227.187076, inf, 173.41040462427745, 585.7140193754113, 140695.442172, 730699.43039, 1.507938, 45267.664916, 514562.148207, 0.993453, 4325, 14087, 10350001, 32260925, 305651015, 348261941, 1025167, 8674, 806752.3528969999, inf, 348.83720930232556, 859.5939801490533, 157925.100457, 370655.282691, 0.365876, 21638.889111, 256532.339578, 0.375184, 2150, 10057, 5130001, 36990336, 152840223, 194960560, 1032835, 4261, 574284.707006, inf, 697.6744186046511, 1564.1243589548194, 268673.350935, 164465.438643, 0.100408, 11055.117753, 130090.573351, 0.125916, 1075, 6776, 2550001, 63049544, 71857021, 137456566
30000, 30000, 0, 0, greedy_27.000000, 1012135, 18443, 1511827.4794680001, inf, 173.41040462427745, 585.7140193754113, 140695.442172, 770309.795258, 1.52471, 45267.664916, 555551.958631, 1.093781, 4671, 14087, 10350001, 32260925, 325943915, 368554841, 1025165, 8672, 846054.9861789999, inf, 348.83720930232556, 859.5939801490533, 157925.100457, 388483.916681, 0.348885, 21638.889111, 278006.110121, 0.620924, 2322, 10054, 5130001, 36990336, 162879175, 204999512, 1032827, 4253, 595431.020987, inf, 697.6744186046511, 1564.1243589548194, 268673.350935, 174364.253292, 0.090359, 11055.117753, 141338.076932, 0.131716, 1161, 6766, 2550001, 63049544, 76762805, 142362350
30000, 30000, 0, 0, greedy_29.000000, 1012135, 18443, 1594107.517067, inf, 173.41040462427745, 585.7140193754113, 140695.442172, 810075.383544, 1.350382, 45267.664916, 598066.519875, 1.156178, 5017, 14087, 10350001, 32260925, 346236815, 388847741, 1025165, 8672, 896057.929143, inf, 348.83720930232556, 859.5939801490533, 157925.100457, 411035.186693, 0.346489, 21638.889111, 305457.973051, 0.433342, 2494, 10051, 5130001, 36990336, 172918127, 215038464, 1032827, 4253, 616582.766891, inf, 697.6744186046511, 1564.1243589548194, 268673.350935, 183795.046104, 0.092464, 11055.117753, 153059.026005, 0.13363, 1247, 6753, 2550001, 63049544, 81668589, 147268134
30000, 30000, 0, 0, greedy_3.000000, 1015320, 21628, 352328.79760100006, inf, 173.41040462427745, 585.7140193754113, 140695.442172, 123273.7554, 1.4771, 45267.664916, 43090.329042, 0.128971, 519, 28242, 10350001, 32260925, 40545875, 83156801, 1026993, 10500, 262260.88610099995, inf, 348.83720930232556, 859.5939801490533, 157925.100457, 61194.627535, 0.407524, 21638.889111, 21501.796262, 0.065212, 258, 17930, 5130001, 36990336, 20047252, 62167589, 1034319, 5745, 320202.480271, inf, 697.6744186046511, 1564.1243589548194, 268673.350935, 29464.399286, 0.107542, 11055.117753, 11009.479428, 0.025327, 129, 10238, 2550001, 63049544, 9768275, 75367820
30000, 30000, 0, 0, greedy_31.000000, 1012135, 18443, 1674884.813742, inf, 173.41040462427745, 585.7140193754113, 140695.442172, 845698.827202, 1.554365, 45267.664916, 643220.090211, 1.234876, 5363, 14087, 10350001, 32260925, 366529715, 409140641, 1025165, 8672, 932497.0076619999, inf, 348.83720930232556, 859.5939801490533, 157925.100457, 428729.256848, 0.359163, 21638.889111, 324202.96317, 0.438913, 2666, 10048, 5130001, 36990336, 182957079, 225077416, 1032827, 4253, 636834.6858549999, inf, 697.6744186046511, 1564.1243589548194, 268673.350935, 193614.493554, 0.102381, 11055.117753, 163491.470219, 0.151013, 1333, 6745, 2550001, 63049544, 86574373, 152173918
30000, 30000, 0, 0, greedy_33.000000, 1012135, 18443, 1752705.821223, inf, 173.41040462427745, 585.7140193754113, 140695.442172, 884990.438212, 1.571257, 45267.664916, 681749.439033, 1.265633, 5709, 14087, 10350001, 32260925, 386822615, 429433541, 1025165, 8672, 968859.8197669999, inf, 348.83720930232556, 859.5939801490533, 157925.100457, 447683.148809, 0.347512, 21638.889111, 341611.691604, 0.642274, 2838, 10048, 5130001, 36990336, 192996031, 235116368, 1032827, 4253, 657149.5995070001, inf, 697.6744186046511, 1564.1243589548194, 268673.350935, 203044.888593, 0.106379, 11055.117753, 174375.99819, 0.137657, 1419, 6735, 2550001, 63049544, 91480157, 157079702
30000, 30000, 0, 0, greedy_35.000000, 1012135, 18443, 1838869.248407, inf, 173.41040462427745, 585.7140193754113, 140695.442172, 927976.080899, 1.331837, 45267.664916, 724927.357993, 1.37059, 6055, 14087, 10350001, 32260925, 407115515, 449726441, 1025165, 8672, 1012744.6782430001, inf, 348.83720930232556, 859.5939801490533, 157925.100457, 466594.774034, 0.349486, 21638.889111, 366585.127945, 0.43721, 3010, 10048, 5130001, 36990336, 203034983, 245155320, 1032827, 4253, 677197.796397, inf, 697.6744186046511, 1564.1243589548194, 268673.350935, 212046.437559, 0.103975, 11055.117753, 185422.634441, 0.151734, 1505, 6729, 2550001, 63049544, 96385941, 161985486
30000, 30000, 0, 0, greedy_37.000000, 1012135, 18443, 1932303.9376140002, inf, 173.41040462427745, 585.7140193754113, 140695.442172, 972587.097134, 1.519019, 45267.664916, 773750.770516, 1.443857, 6401, 14087, 10350001, 32260925, 427408415, 470019341, 1025165, 8672, 1050297.407254, inf, 348.83720930232556, 859.5939801490533, 157925.100457, 488249.753816, 0.347441, 21638.889111, 382482.800913, 0.515516, 3182, 10048, 5130001, 36990336, 213073935, 255194272, 1032816, 4242, 696443.056103, inf, 697.6744186046511, 1564.1243589548194, 268673.350935, 221441.905329, 0.105198, 11055.117753, 195272.41772, 0.159168, 1591, 6722, 2550001, 63049544, 101291725, 166891270
30000, 30000, 0, 0, greedy_39.000000, 1012135, 18443, 2003784.657405, inf, 173.41040462427745, 585.7140193754113, 140695.442172, 1007317.949769, 1.635577, 45267.664916, 810500.436104, 1.528867, 6747, 14087, 10350001, 32260925, 447701315, 490312241, 1025165, 8672, 1090227.117374, inf, 348.83720930232556, 859.5939801490533, 157925.100457, 507347.253473, 0.348202, 21638.889111, 403314.998021, 0.52811, 3354, 10048, 5130001, 36990336, 223112887, 265233224, 1032816, 4242, 716172.779163, inf, 697.6744186046511, 1564.1243589548194, 268673.350935, 230387.331219, 0.104776, 11055.117753, 206056.715182, 0.159298, 1677, 6717, 2550001, 63049544, 106197509, 171797054
30000, 30000, 0, 0, greedy_5.000000, 1013692, 20000, 477841.74017800007, inf, 173.41040462427745, 585.7140193754113, 140695.442172, 206143.019747, 1.687945, 45267.664916, 85733.707159, 0.218239, 865, 22972, 10350001, 32260925, 71025893, 113636819, 1026392, 9899, 322554.83383599995, inf, 348.83720930232556, 859.5939801490533, 157925.100457, 100067.362803, 0.402265, 21638.889111, 42922.976397, 0.102803, 430, 15099, 5130001, 36990336, 34935073, 77055410, 1033391, 4817, 350699.140792, inf, 697.6744186046511, 1564.1243589548194, 268673.350935, 49085.532289, 0.104055, 11055.117753, 21884.99851, 0.03725, 215, 8591, 2550001, 63049544, 17252511, 82852056
30000, 30000, 0, 0, greedy_7.000000, 1012946, 19254, 597657.799293, inf, 173.41040462427745, 585.7140193754113, 140695.442172, 283238.643581, 1.511154, 45267.664916, 128454.210887, 0.326583, 1211, 19452, 10350001, 32260925, 101245967, 143856893, 1025753, 9260, 383269.6013389999, inf, 348.83720930232556, 859.5939801490533, 157925.100457, 139432.195326, 0.467877, 21638.889111, 64272.819175, 0.129393, 602, 13343, 5130001, 36990336, 49910378, 92030715, 1032978, 4404, 380625.264623, inf, 697.6744186046511, 1564.1243589548194, 268673.350935, 68117.464143, 0.110307, 11055.117753, 32779.16044, 0.061045, 301, 7788, 2550001, 63049544, 24616819, 90216364
30000, 30000, 0, 0, greedy_9.000000, 1012668, 18976, 721705.783763, inf, 173.41040462427745, 585.7140193754113, 140695.442172, 364255.157241, 1.339412, 45267.664916, 171485.78442, 0.395602, 1557, 17234, 10350001, 32260925, 131814029, 174424955, 1025481, 8988, 444044.33573100006, inf, 348.83720930232556, 859.5939801490533, 157925.100457, 179231.592746, 0.415729, 21638.889111, 85248.177177, 0.160511, 774, 12029, 5130001, 36990336, 65033478, 107153815, 1032902, 4328, 411385.918788, inf, 697.6744186046511, 1564.1243589548194, 268673.350935, 87914.916817, 0.107301, 11055.117753, 43742.354347, 0.071635, 387, 7092, 2550001, 63049544, 32101055, 97700600
30000, 30000, 0, 0, opt, 1011537, 17845, 3712757.622534, inf, 173.41040462427745, 585.7140193754113, 140695.442172, 3526792.991438, 1.524008, 45267.664916, 0, 0, 0, 0, 10350001, 32260925, 850819050, 893429976, 1024786, 8293, 3643512.2381560006, inf, 348.83720930232556, 859.5939801490533, 157925.100457, 3463947.905484, 0.343104, 21638.889111, 0, 0, 0, 0, 5130001, 36990336, 838470594, 880590931, 1032378, 3804, 3693300.6904720003, inf, 697.6744186046511, 1564.1243589548194, 268673.350935, 3413572.128669, 0.093115, 11055.117753, 0, 0, 0, 0, 2550001, 63049544, 810833208, 876432753
30000, 30000, 0, 0, plus_edge, 1018746, 25054, 229768.328425, inf, 173.41040462427745, 585.7140193754113, 140695.442172, 43803.867359, 1.353978, 45267.664916, 0, 0, 0, 0, 10350001, 32260925, 10065268, 52676194, 1028983, 12490, 200900.630607, inf, 348.83720930232556, 859.5939801490533, 157925.100457, 21336.301102, 0.339937, 21638.889111, 0, 0, 0, 0, 5130001, 36990336, 4930850, 47051187, 1035304, 6730, 290110.217521, inf, 697.6744186046511, 1564.1243589548194, 268673.350935, 10381.662641, 0.086192, 11055.117753, 0, 0, 0, 0, 2550001, 63049544, 2396856, 67996401
30000, 30000, 0, 0, simple, 1020362, 26670, 229619.40459400002, inf, 173.41040462427745, 585.7140193754113, 140695.442172, 43654.951272, 1.346234, 45267.664916, 0, 0, 0, 0, 10350001, 32260925, 10035684, 52646610, 1030150, 13657, 200669.03274499997, inf, 348.83720930232556, 859.5939801490533, 157925.100457, 21104.702317, 0.34086, 21638.889111, 0, 0, 0, 0, 5130001, 36990336, 4923625, 47043962, 1036098, 7524, 290362.43661599996, inf, 697.6744186046511, 1564.1243589548194, 268673.350935, 10633.875685, 0.092243, 11055.117753, 0, 0, 0, 0, 2550001, 63049544, 2395092, 67994637
30000, 30000, 0, 0, dp_1.000000, 1006041, 26886, 293016.43368, inf, 173.41040462427745, 717.3922825479617, 210974.410282, 38201.078273, 1.488051, 43698.89147, 140.554343, 0.011261, 173, 0, 10350001, 47103527, 8958865, 66412393, 1001647, 13563, 396658.75324, inf, 348.83720930232556, 1329.360485000432, 356644.770683, 18253.362672, 0.370575, 21605.490578, 154.749715, 0.009017, 86, 0, 5130001, 81207128, 4133036, 90470165, 967561, 6658, 724562.705192, inf, 697.6744186046511, 2612.1266015200804, 705748.959796, 7868.474432, 0.071104, 10798.788943, 146.406569, 0.004348, 43, 0, 2550001, 157149032, 1847299, 161546332
30000, 30000, 0, 0, dp_11.000000, 997602, 18447, 868493.980571, inf, 173.41040462427745, 717.3922825479617, 210974.410282, 399234.158083, 1.277966, 43698.89147, 214422.1283, 163.11447, 1903, 10627, 10350001, 47103527, 150150105, 207603633, 997473, 9389, 669441.2268640001, inf, 348.83720930232556, 1329.360485000432, 356644.770683, 182894.440424, 0.349796, 21605.490578, 108276.939981, 19.235402, 946, 8509, 5130001, 81207128, 71270600, 157607729, 965448, 4545, 852341.2321600001, inf, 697.6744186046511, 2612.1266015200804, 705748.959796, 80800.24366, 0.10661, 10798.788943, 54990.535841, 2.59731, 473, 5238, 2550001, 157149032, 32813429, 192512462
30000, 30000, 0, 0, dp_13.000000, 997423, 18268, 980893.213142, inf, 173.41040462427745, 717.3922825479617, 210974.410282, 465858.150699, 1.5255, 43698.89147, 260131.1441, 229.091091, 2249, 9109, 10350001, 47103527, 178491311, 235944839, 997374, 9290, 725248.632555, inf, 348.83720930232556, 1329.360485000432, 356644.770683, 216302.14728, 0.39484, 21605.490578, 130668.699518, 27.129656, 1118, 7649, 5130001, 81207128, 84733040, 171070169, 965344, 4441, 878031.0653319999, inf, 697.6744186046511, 2612.1266015200804, 705748.959796, 95162.793538, 0.114765, 10798.788943, 66316.814221, 3.594069, 559, 4776, 2550001, 157149032, 38944740, 198643773
30000, 30000, 0, 0, dp_15.000000, 997329, 18174, 1096203.7803369998, inf, 173.41040462427745, 717.3922825479617, 210974.410282, 539814.307349, 1.468614, 43698.89147, 301406.491408, 308.211214, 2595, 7830, 10350001, 47103527, 206575122, 264028650, 997275, 9191, 778382.673522, inf, 348.83720930232556, 1329.360485000432, 356644.770683, 248525.684804, 0.396042, 21605.490578, 151569.918736, 36.412679, 1290, 6962, 5130001, 81207128, 98047928, 184385057, 965314, 4411, 902598.957908, inf, 697.6744186046511, 2612.1266015200804, 705748.959796, 109011.816703, 0.1069, 10798.788943, 77034.542052, 4.743514, 645, 4378, 2550001, 157149032, 45245788, 204944821
30000, 30000, 0, 0, dp_17.000000, 997237, 18082, 1210476.496492, inf, 173.41040462427745, 717.3922825479617, 210974.410282, 611409.00642, 1.483523, 43698.89147, 343994.054143, 398.650654, 2941, 6763, 10350001, 47103527, 234736496, 292190024, 997260, 9176, 832326.796351, inf, 348.83720930232556, 1329.360485000432, 356644.770683, 281785.201628, 0.391725, 21605.490578, 172243.342835, 47.598902, 1462, 6377, 5130001, 81207128, 111361238, 197698367, 965284, 4381, 929503.208779, inf, 697.6744186046511, 2612.1266015200804, 705748.959796, 125127.273985, 0.188554, 10798.788943, 87821.959852, 6.037649, 731, 4009, 2550001, 157149032, 51546836, 211245869
30000, 30000, 0, 0, dp_19.000000, 997183, 18028, 1325264.146858, inf, 173.41040462427745, 717.3922825479617, 210974.410282, 682809.466621, 1.46615, 43698.89147, 387278.706215, 501.20612, 3287, 5891, 10350001, 47103527, 263077702, 320531230, 997190, 9106, 886706.366678, inf, 348.83720930232556, 1329.360485000432, 356644.770683, 314489.955725, 0.395491, 21605.490578, 193905.908316, 59.845885, 1634, 5880, 5130001, 81207128, 124786790, 211123919, 965228, 4325, 954493.8784850001, inf, 697.6744186046511, 2612.1266015200804, 705748.959796, 139101.217931, 0.098785, 10798.788943, 98837.264868, 7.548162, 817, 3709, 2550001, 157149032, 57817927, 217516960
30000, 30000, 0, 0, dp_21.000000, 997167, 18012, 1441319.25659, inf, 173.41040462427745, 717.3922825479617, 210974.410282, 756527.170051, 1.630628, 43698.89147, 429503.651665, 613.502494, 3633, 5200, 10350001, 47103527, 291388936, 348842464, 997149, 9065, 941553.2713339999, inf, 348.83720930232556, 1329.360485000432, 356644.770683, 347549.871765, 0.403256, 21605.490578, 215679.151392, 73.58366, 1806, 5440, 5130001, 81207128, 138249230, 224586359, 965206, 4303, 980453.408772, inf, 697.6744186046511, 2612.1266015200804, 705748.959796, 153748.264392, 0.101039, 10798.788943, 110148.262441, 9.032161, 903, 3461, 2550001, 157149032, 64118975, 223818008
30000, 30000, 0, 0, dp_23.000000, 997115, 17960, 1559425.867704, inf, 173.41040462427745, 717.3922825479617, 210974.410282, 830552.845933, 1.502668, 43698.89147, 473460.320724, 737.896627, 3979, 4594, 10350001, 47103527, 319610254, 377063782, 997053, 8969, 997043.222365, inf, 348.83720930232556, 1329.360485000432, 356644.770683, 381565.032804, 0.393137, 21605.490578, 237138.96686, 88.568303, 1978, 5041, 5130001, 81207128, 151711670, 238048799, 965206, 4303, 1006497.8816330001, inf, 697.6744186046511, 2612.1266015200804, 705748.959796, 168354.376612, 0.104376, 10798.788943, 121584.708851, 10.943055, 989, 3234, 2550001, 157149032, 70420023, 230119056
30000, 30000, 0, 0, dp_25.000000, 997104, 17949, 1680978.116218, inf, 173.41040462427745, 717.3922825479617, 210974.410282, 907391.679682, 1.689729, 43698.89147, 518033.664933, 877.780122, 4325, 4066, 10350001, 47103527, 347471908, 404925436, 997021, 8937, 1048656.339084, inf, 348.83720930232556, 1329.360485000432, 356644.770683, 412318.629238, 0.396253, 21605.490578, 257981.524616, 105.527716, 2150, 4683, 5130001, 81207128, 164528570, 250865699, 965184, 4281, 1032711.9808970001, inf, 697.6744186046511, 2612.1266015200804, 705748.959796, 182439.136295, 0.208471, 10798.788943, 133711.236459, 13.650933, 1075, 3033, 2550001, 157149032, 76451458, 236150491
30000, 30000, 0, 0, dp_27.000000, 997094, 17939, 1795218.132583, inf, 173.41040462427745, 717.3922825479617, 210974.410282, 972966.035472, 1.680963, 43698.89147, 566557.662043, 1019.452353, 4671, 3630, 10350001, 47103527, 375813114, 433266642, 997009, 8925, 1101648.2245520002, inf, 348.83720930232556, 1329.360485000432, 356644.770683, 442730.43817, 0.402194, 21605.490578, 280543.662335, 123.460592, 2322, 4343, 5130001, 81207128, 177197918, 263535047, 965171, 4268, 1055848.97251, inf, 697.6744186046511, 2612.1266015200804, 705748.959796, 197175.926791, 0.104626, 10798.788943, 142110.183356, 15.008998, 1161, 2847, 2550001, 157149032, 82752506, 242451539
30000, 30000, 0, 0, dp_29.000000, 997082, 17927, 1909225.773073, inf, 173.41040462427745, 717.3922825479617, 210974.410282, 1045025.603457, 1.463724, 43698.89147, 608348.682877, 1176.721263, 5017, 3246, 10350001, 47103527, 404154320, 461607848, 996987, 8903, 1155652.410998, inf, 348.83720930232556, 1329.360485000432, 356644.770683, 475756.810538, 0.407353, 21605.490578, 301502.351014, 142.580832, 2494, 4026, 5130001, 81207128, 190511228, 276848357, 965169, 4266, 1082461.978814, inf, 697.6744186046511, 2612.1266015200804, 705748.959796, 212189.040794, 0.101901, 10798.788943, 153707.688912, 17.398468, 1247, 2683, 2550001, 157149032, 89053554, 248752587
30000, 30000, 0, 0, dp_3.000000, 1000206, 21051, 408031.95388600003, inf, 173.41040462427745, 717.3922825479617, 210974.410282, 110138.079502, 1.505123, 43698.89147, 43210.469415, 8.598094, 519, 25652, 10350001, 47103527, 37278132, 94731660, 998842, 10758, 451828.929743, inf, 348.83720930232556, 1329.360485000432, 356644.770683, 51274.280149, 0.387616, 21605.490578, 22302.920351, 1.080366, 258, 15628, 5130001, 81207128, 17595476, 103932605, 966601, 5698, 750597.914584, inf, 697.6744186046511, 2612.1266015200804, 705748.959796, 22871.347712, 0.107291, 10798.788943, 11178.540021, 0.170821, 129, 9167, 2550001, 157149032, 8135036, 167834069
30000, 30000, 0, 0, dp_31.000000, 997078, 17923, 2015975.814849, inf, 173.41040462427745, 717.3922825479617, 210974.410282, 1110435.637414, 1.501656, 43698.89147, 649519.364469, 1346.009558, 5363, 2917, 10350001, 47103527, 431806170, 489259698, 996955, 8871, 1210546.0779570001, inf, 348.83720930232556, 1329.360485000432, 356644.770683, 508625.177924, 0.401964, 21605.490578, 323506.828001, 163.408807, 2666, 3736, 5130001, 81207128, 203973668, 290310797, 965149, 4246, 1108518.171504, inf, 697.6744186046511, 2612.1266015200804, 705748.959796, 227194.146923, 0.110397, 10798.788943, 164755.550706, 20.614739, 1333, 2540, 2550001, 157149032, 95354602, 255053635
30000, 30000, 0, 0, dp_33.000000, 997061, 17906, 2135467.136576, inf, 173.41040462427745, 717.3922825479617, 210974.410282, 1188043.450767, 1.479114, 43698.89147, 691220.393598, 1528.511345, 5709, 2641, 10350001, 47103527, 460117404, 517570932, 996834, 8750, 1280437.7830639998, inf, 348.83720930232556, 1329.360485000432, 356644.770683, 540973.359827, 0.617358, 21605.490578, 361024.860909, 188.683709, 2838, 3479, 5130001, 81207128, 217316804, 303653933, 965149, 4246, 1135015.223574, inf, 697.6744186046511, 2612.1266015200804, 705748.959796, 242610.990514, 0.098184, 10798.788943, 175833.831364, 22.554773, 1419, 2408, 2550001, 157149032, 101655650, 261354683
30000, 30000, 0, 0, dp_35.000000, 997055, 17900, 2250632.17073, inf, 173.41040462427745, 717.3922825479617, 210974.410282, 1257585.64003, 1.447424, 43698.89147, 736650.177318, 1721.604206, 6055, 2395, 10350001, 47103527, 487387651, 544841179, 996816, 8732, 1322435.088114, inf, 348.83720930232556, 1329.360485000432, 356644.770683, 573478.792395, 0.359094, 21605.490578, 370493.487165, 212.188199, 3010, 3240, 5130001, 81207128, 230779244, 317116373, 965126, 4223, 1160930.985915, inf, 697.6744186046511, 2612.1266015200804, 705748.959796, 257348.111106, 0.099276, 10798.788943, 187009.517603, 25.509191, 1505, 2279, 2550001, 157149032, 107956698, 267655731
30000, 30000, 0, 0, dp_37.000000, 997051, 17896, 2366061.659715, inf, 173.41040462427745, 717.3922825479617, 210974.410282, 1329642.322352, 1.46147, 43698.89147, 779819.602915, 1924.971226, 6401, 2176, 10350001, 47103527, 515728857, 573182385, 996812, 8728, 1369264.2580000001, inf, 348.83720930232556, 1329.360485000432, 356644.770683, 602260.312438, 0.419136, 21605.490578, 388519.291582, 233.973583, 3182, 3021, 5130001, 81207128, 242628416, 328965545, 965126, 4223, 1186708.706029, inf, 697.6744186046511, 2612.1266015200804, 705748.959796, 272138.409386, 0.086171, 10798.788943, 197993.904007, 28.557726, 1591, 2157, 2550001, 157149032, 114257746, 273956779
30000, 30000, 0, 0, dp_39.000000, 997046, 17891, 2488811.8469809997, inf, 173.41040462427745, 717.3922825479617, 210974.410282, 1409840.367708, 1.46667, 43698.89147, 822163.121701, 2133.58915, 6747, 1977, 10350001, 47103527, 543042982, 600496510, 996810, 8726, 1423412.2901850003, inf, 348.83720930232556, 1329.360485000432, 356644.770683, 635905.995244, 0.418244, 21605.490578, 408995.013854, 260.601582, 3354, 2814, 5130001, 81207128, 256210160, 342547289, 965121, 4218, 1212491.102584, inf, 697.6744186046511, 2612.1266015200804, 705748.959796, 287233.0117, 0.104135, 10798.788943, 208678.490823, 31.747187, 1677, 2051, 2550001, 157149032, 120558794, 280257827
30000, 30000, 0, 0, dp_5.000000, 999000, 19845, 521565.71437199996, inf, 173.41040462427745, 717.3922825479617, 210974.410282, 180867.894125, 1.563261, 43698.89147, 85993.736301, 29.218933, 865, 19188, 10350001, 47103527, 65399948, 122853476, 998325, 10241, 506773.938547, inf, 348.83720930232556, 1329.360485000432, 356644.770683, 84476.643161, 0.399118, 21605.490578, 44043.15969, 3.475317, 430, 12802, 5130001, 81207128, 31039472, 117376601, 966016, 5113, 776243.222479, inf, 697.6744186046511, 2612.1266015200804, 705748.959796, 37564.160163, 0.091802, 10798.788943, 22130.554253, 0.667522, 215, 7644, 2550001, 157149032, 14436084, 174135117
30000, 30000, 0, 0, dp_7.000000, 998157, 19002, 635762.250595, inf, 173.41040462427745, 717.3922825479617, 210974.410282, 251975.954304, 1.466049, 43698.89147, 129050.506557, 61.021933, 1211, 15312, 10350001, 47103527, 93511571, 150965099, 997945, 9861, 562062.064019, inf, 348.83720930232556, 1329.360485000432, 356644.770683, 118206.331067, 0.350096, 21605.490578, 65597.694246, 7.427349, 602, 10908, 5130001, 81207128, 44453642, 130790771, 965673, 4770, 801400.772979, inf, 697.6744186046511, 2612.1266015200804, 705748.959796, 51774.677112, 0.101671, 10798.788943, 33077.283684, 0.961773, 301, 6562, 2550001, 157149032, 20630644, 180329677
30000, 30000, 0, 0, dp_9.000000, 997845, 18690, 752563.406963, inf, 173.41040462427745, 717.3922825479617, 210974.410282, 326503.982484, 1.50367, 43698.89147, 171279.274153, 105.344904, 1557, 12622, 10350001, 47103527, 121830838, 179284366, 997655, 9571, 616174.572052, inf, 348.83720930232556, 1329.360485000432, 356644.770683, 150882.328776, 0.425919, 21605.490578, 87028.938014, 12.618082, 774, 9522, 5130001, 81207128, 57808160, 144145289, 965468, 4565, 826448.8418130002, inf, 697.6744186046511, 2612.1266015200804, 705748.959796, 65984.60982, 0.103534, 10798.788943, 43914.594473, 1.785247, 387, 5813, 2550001, 157149032, 26751979, 186451012
30000, 30000, 0, 0, fixed_reps_1, 1006041, 26886, 293819.81540099997, inf, 173.41040462427745, 717.3922825479617, 210974.410282, 38975.824227, 1.475657, 43698.89147, 169.213765, 0, 173, 46266, 10350001, 47103527, 8958865, 66412393, 1001647, 13563, 396178.094577, inf, 348.83720930232556, 1329.360485000432, 356644.770683, 17760.914943, 0.389851, 21605.490578, 166.528522, 0, 86, 25483, 5130001, 81207128, 4133036, 90470165, 967561, 6658, 725546.788241, inf, 697.6744186046511, 2612.1266015200804, 705748.959796, 8736.626477, 0.21331, 10798.788943, 262.199715, 0, 43, 13710, 2550001, 157149032, 1847299, 161546332
30000, 30000, 0, 0, fixed_reps_11, 997679, 18524, 652148.44075, inf, 173.41040462427745, 717.3922825479617, 210974.410282, 396049.829155, 1.536863, 43698.89147, 1423.77298, 0, 1903, 16089, 10350001, 47103527, 98545785, 155999313, 997768, 9684, 562317.889159, inf, 348.83720930232556, 1329.360485000432, 356644.770683, 182647.440789, 0.398667, 21605.490578, 1419.788442, 0, 946, 11676, 5130001, 81207128, 45462536, 131799665, 965505, 4602, 798330.0277360001, inf, 697.6744186046511, 2612.1266015200804, 705748.959796, 80344.902738, 0.108273, 10798.788943, 1437.267986, 0, 473, 7009, 2550001, 157149032, 20319859, 180018892
30000, 30000, 0, 0, fixed_reps_13, 997557, 18402, 723427.516392, inf, 173.41040462427745, 717.3922825479617, 210974.410282, 467111.217703, 1.538345, 43698.89147, 1641.458592, 0, 2249, 14632, 10350001, 47103527, 116463169, 173916697, 997652, 9568, 595539.191641, inf, 348.83720930232556, 1329.360485000432, 356644.770683, 215593.771368, 0.403307, 21605.490578, 1694.755705, 0, 1118, 10538, 5130001, 81207128, 53728436, 140065565, 965462, 4559, 812946.5296390001, inf, 697.6744186046511, 2612.1266015200804, 705748.959796, 94702.234803, 0.104887, 10798.788943, 1696.44121, 0, 559, 6583, 2550001, 157149032, 24014371, 183713404
30000, 30000, 0, 0, fixed_reps_15, 997503, 18348, 793339.5212739999, inf, 173.41040462427745, 717.3922825479617, 210974.410282, 536774.859051, 1.489704, 43698.89147, 1889.870767, 0, 2595, 13283, 10350001, 47103527, 134380553, 191834081, 997326, 9242, 629352.121526, inf, 348.83720930232556, 1329.360485000432, 356644.770683, 249190.085832, 0.406733, 21605.490578, 1911.3677, 0, 1290, 9733, 5130001, 81207128, 61994336, 148331465, 965401, 4498, 827908.1071980001, inf, 697.6744186046511, 2612.1266015200804, 705748.959796, 109407.67938, 0.106059, 10798.788943, 1952.57302, 0, 645, 6167, 2550001, 157149032, 27708883, 187407916
30000, 30000, 0, 0, fixed_reps_17, 997446, 18291, 870806.7735160001, inf, 173.41040462427745, 717.3922825479617, 210974.410282, 613967.716984, 1.543195, 43698.89147, 2164.211585, 0, 2941, 12148, 10350001, 47103527, 152297937, 209751465, 997263, 9179, 659857.073887, inf, 348.83720930232556, 1329.360485000432, 356644.770683, 279449.239651, 0.410069, 21605.490578, 2157.162906, 0, 1462, 9134, 5130001, 81207128, 70260236, 156597365, 965386, 4483, 843614.4078340001, inf, 697.6744186046511, 2612.1266015200804, 705748.959796, 124856.631509, 0.139712, 10798.788943, 2209.887874, 0, 731, 5771, 2550001, 157149032, 31403395, 191102428
30000, 30000, 0, 0, fixed_reps_19, 997432, 18277, 938601.7411989999, inf, 173.41040462427745, 717.3922825479617, 210974.410282, 681530.545826, 1.479094, 43698.89147, 2396.414527, 0, 3287, 11114, 10350001, 47103527, 170215321, 227668849, 997180, 9096, 695473.918523, inf, 348.83720930232556, 1329.360485000432, 356644.770683, 314795.550253, 0.398507, 21605.490578, 2427.708502, 0, 1634, 8511, 5130001, 81207128, 78526136, 164863265, 965344, 4441, 858052.166417, inf, 697.6744186046511, 2612.1266015200804, 705748.959796, 138285.84501, 0.102542, 10798.788943, 3218.470126, 0, 817, 5384, 2550001, 157149032, 35097907, 194796940
30000, 30000, 0, 0, fixed_reps_21, 997358, 18203, 1014895.748813, inf, 173.41040462427745, 717.3922825479617, 210974.410282, 757559.911194, 1.51991, 43698.89147, 2661.015957, 0, 3633, 10201, 10350001, 47103527, 188132705, 245586233, 997161, 9077, 728418.429875, inf, 348.83720930232556, 1329.360485000432, 356644.770683, 347488.15645, 0.396834, 21605.490578, 2679.61533, 0, 1806, 7908, 5130001, 81207128, 86792036, 173129165, 965331, 4428, 871814.6191110001, inf, 697.6744186046511, 2612.1266015200804, 705748.959796, 152553.950598, 0.098264, 10798.788943, 2712.82151, 0, 903, 5035, 2550001, 157149032, 38792419, 198491452
30000, 30000, 0, 0, fixed_reps_23, 997345, 18190, 1089096.739567, inf, 173.41040462427745, 717.3922825479617, 210974.410282, 831505.92052, 1.699017, 43698.89147, 2915.818278, 0, 3979, 9553, 10350001, 47103527, 206050089, 263503617, 997123, 9039, 762025.403587, inf, 348.83720930232556, 1329.360485000432, 356644.770683, 380856.007701, 0.390232, 21605.490578, 2918.744393, 0, 1978, 7407, 5130001, 81207128, 95057936, 181395065, 965318, 4415, 886500.7344970001, inf, 697.6744186046511, 2612.1266015200804, 705748.959796, 167005.722387, 0.095499, 10798.788943, 2947.167872, 0, 989, 4754, 2550001, 157149032, 42486931, 202185964
30000, 30000, 0, 0, fixed_reps_25, 997329, 18174, 1158403.608484, inf, 173.41040462427745, 717.3922825479617, 210974.410282, 900560.580946, 1.491688, 43698.89147, 3168.234098, 0, 4325, 8940, 10350001, 47103527, 223967473, 281421001, 997021, 8937, 794677.944821, inf, 348.83720930232556, 1329.360485000432, 356644.770683, 413222.635351, 0.393297, 21605.490578, 3204.654912, 0, 2150, 7115, 5130001, 81207128, 103323836, 189660965, 965234, 4331, 900959.1992250001, inf, 697.6744186046511, 2612.1266015200804, 705748.959796, 181170.739601, 0.101992, 10798.788943, 3240.608893, 0, 1075, 4515, 2550001, 157149032, 46181443, 205880476
30000, 30000, 0, 0, fixed_reps_27, 997270, 18115, 1220095.461773, inf, 173.41040462427745, 717.3922825479617, 210974.410282, 962005.541945, 1.501566, 43698.89147, 3415.11651, 0, 4671, 8353, 10350001, 47103527, 241884857, 299338385, 996967, 8883, 824598.4886030001, inf, 348.83720930232556, 1329.360485000432, 356644.770683, 442921.218585, 0.394509, 21605.490578, 3426.614248, 0, 2322, 6717, 5130001, 81207128, 111589736, 197926865, 965215, 4312, 915611.242266, inf, 697.6744186046511, 2612.1266015200804, 705748.959796, 195588.778994, 0.107141, 10798.788943, 3474.607392, 0, 1161, 4282, 2550001, 157149032, 49875955, 209574988
30000, 30000, 0, 0, fixed_reps_29, 997224, 18069, 1292820.564864, inf, 173.41040462427745, 717.3922825479617, 210974.410282, 1034514.560061, 1.501135, 43698.89147, 3631.201916, 0, 5017, 7817, 10350001, 47103527, 259802241, 317255769, 996940, 8856, 860916.5922680001, inf, 348.83720930232556, 1329.360485000432, 356644.770683, 478973.140055, 0.403316, 21605.490578, 3692.787636, 0, 2494, 6463, 5130001, 81207128, 119855636, 206192765, 965211, 4308, 930913.3389750001, inf, 697.6744186046511, 2612.1266015200804, 705748.959796, 210636.059893, 0.139812, 10798.788943, 3729.390531, 0, 1247, 4077, 2550001, 157149032, 53570467, 213269500
30000, 30000, 0, 0, fixed_reps_3, 999903, 20748, 366671.92590200005, inf, 173.41040462427745, 717.3922825479617, 210974.410282, 111599.635106, 1.507126, 43698.89147, 397.481918, 0, 519, 31555, 10350001, 47103527, 26876249, 84329777, 998818, 10734, 429448.934357, inf, 348.83720930232556, 1329.360485000432, 356644.770683, 50796.600773, 0.3893, 21605.490578, 401.683023, 0, 258, 17733, 5130001, 81207128, 12398936, 98736065, 966341, 5438, 739215.564505, inf, 697.6744186046511, 2612.1266015200804, 705748.959796, 22275.374565, 0.104616, 10798.788943, 392.336585, 0, 129, 10364, 2550001, 157149032, 5541811, 165240844
30000, 30000, 0, 0, fixed_reps_31, 997214, 18059, 1362964.5052889998, inf, 173.41040462427745, 717.3922825479617, 210974.410282, 1104387.537354, 1.470147, 43698.89147, 3902.196036, 0, 5363, 7380, 10350001, 47103527, 277719625, 335173153, 996932, 8848, 890794.006538, inf, 348.83720930232556, 1329.360485000432, 356644.770683, 508639.724263, 0.397286, 21605.490578, 3903.623728, 0, 2666, 6252, 5130001, 81207128, 128121536, 214458665, 965211, 4308, 945710.790168, inf, 697.6744186046511, 2612.1266015200804, 705748.959796, 224951.593885, 0.109696, 10798.788943, 4211.337848, 0, 1333, 3920, 2550001, 157149032, 57264979, 216964012
30000, 30000, 0, 0, fixed_reps_33, 997198, 18043, 1439216.7661930001, inf, 173.41040462427745, 717.3922825479617, 210974.410282, 1180348.180133, 1.486408, 43698.89147, 4193.7979, 0, 5709, 6959, 10350001, 47103527, 295637009, 353090537, 996925, 8841, 928004.3742869999, inf, 348.83720930232556, 1329.360485000432, 356644.770683, 545487.300799, 0.393829, 21605.490578, 4266.418398, 0, 2838, 5942, 5130001, 81207128, 136387436, 222724565, 965204, 4301, 960489.127315, inf, 697.6744186046511, 2612.1266015200804, 705748.959796, 239688.544244, 0.103314, 10798.788943, 4252.731018, 0, 1419, 3784, 2550001, 157149032, 60959491, 220658524
30000, 30000, 0, 0, fixed_reps_35, 997184, 18029, 1510709.119938, inf, 173.41040462427745, 717.3922825479617, 210974.410282, 1251614.051384, 1.470217, 43698.89147, 4420.296585, 0, 6055, 6618, 10350001, 47103527, 313554393, 371007921, 996914, 8830, 957320.557209, inf, 348.83720930232556, 1329.360485000432, 356644.770683, 574620.061606, 0.399029, 21605.490578, 4449.835313, 0, 3010, 5697, 5130001, 81207128, 144653336, 230990465, 965204, 4301, 975343.3799640001, inf, 697.6744186046511, 2612.1266015200804, 705748.959796, 254314.409598, 0.103654, 10798.788943, 4481.117973, 0, 1505, 3614, 2550001, 157149032, 64654003, 224353036
30000, 30000, 0, 0, fixed_reps_37, 997178, 18023, 1581414.7115510001, inf, 173.41040462427745, 717.3922825479617, 210974.410282, 1322087.690019, 1.481448, 43698.89147, 4652.238332, 0, 6401, 6333, 10350001, 47103527, 331471777, 388925305, 996912, 8828, 994823.78749, inf, 348.83720930232556, 1329.360485000432, 356644.770683, 611792.263642, 0.393268, 21605.490578, 4780.869319, 0, 3182, 5513, 5130001, 81207128, 152919236, 239256365, 965195, 4292, 989807.423527, inf, 697.6744186046511, 2612.1266015200804, 705748.959796, 268497.765466, 0.092092, 10798.788943, 4761.81723, 0, 1591, 3454, 2550001, 157149032, 68348515, 228047548
30000, 30000, 0, 0, fixed_reps_39, 997170, 18015, 1652218.887206, inf, 173.41040462427745, 717.3922825479617, 210974.410282, 1392654.310797, 1.516874, 43698.89147, 4889.757783, 0, 6747, 6034, 10350001, 47103527, 349389161, 406842689, 996912, 8828, 1028832.440042, inf, 348.83720930232556, 1329.360485000432, 356644.770683, 645657.131929, 0.390582, 21605.490578, 4924.65627, 0, 3354, 5325, 5130001, 81207128, 161185136, 247522265, 965165, 4262, 1004510.353229, inf, 697.6744186046511, 2612.1266015200804, 705748.959796, 282972.075908, 0.104586, 10798.788943, 4990.423996, 0, 1677, 3360, 2550001, 157149032, 72043027, 231742060
30000, 30000, 0, 0, fixed_reps_41, 997170, 18015, 1735457.509545, inf, 173.41040462427745, 717.3922825479617, 210974.410282, 1475617.551491, 1.596513, 43698.89147, 5165.059789, 0, 7093, 5842, 10350001, 47103527, 367306545, 424760073, 996912, 8828, 1061472.905403, inf, 348.83720930232556, 1329.360485000432, 356644.770683, 677940.524128, 0.394339, 21605.490578, 5281.725675, 0, 3526, 5107, 5130001, 81207128, 169451036, 255788165, 965154, 4251, 1018991.355701, inf, 697.6744186046511, 2612.1266015200804, 705748.959796, 297203.495939, 0.107661, 10798.788943, 5240.003362, 0, 1763, 3268, 2550001, 157149032, 75737539, 235436572
30000, 30000, 0, 0, fixed_reps_5, 998956, 19801, 438120.15407399996, inf, 173.41040462427745, 717.3922825479617, 210974.410282, 182786.175885, 1.502397, 43698.89147, 659.17404, 0, 865, 25245, 10350001, 47103527, 44793633, 102247161, 998377, 10293, 462710.948023, inf, 348.83720930232556, 1329.360485000432, 356644.770683, 83809.148549, 0.401563, 21605.490578, 651.13665, 0, 430, 15591, 5130001, 81207128, 20664836, 107001965, 965911, 5008, 754071.4953860001, inf, 697.6744186046511, 2612.1266015200804, 705748.959796, 36862.752558, 0.105829, 10798.788943, 660.88826, 0, 215, 9163, 2550001, 157149032, 9236323, 168935356
30000, 30000, 0, 0, fixed_reps_7, 998383, 19228, 511081.145554, inf, 173.41040462427745, 717.3922825479617, 210974.410282, 255499.5402, 1.521313, 43698.89147, 906.782289, 0, 1211, 21843, 10350001, 47103527, 62711017, 120164545, 998119, 10035, 495940.41556399997, inf, 348.83720930232556, 1329.360485000432, 356644.770683, 116784.92736, 0.392436, 21605.490578, 904.834507, 0, 602, 14145, 5130001, 81207128, 28930736, 115267865, 965694, 4791, 768641.4721790001, inf, 697.6744186046511, 2612.1266015200804, 705748.959796, 51164.731185, 0.104826, 10798.788943, 928.887429, 0, 301, 8376, 2550001, 157149032, 12930835, 172629868
30000, 30000, 0, 0, fixed_reps_9, 997990, 18835, 581977.655219, inf, 173.41040462427745, 717.3922825479617, 210974.410282, 326126.580245, 1.47179, 43698.89147, 1176.301432, 0, 1557, 18939, 10350001, 47103527, 80628401, 138081929, 998026, 9942, 529141.160227, inf, 348.83720930232556, 1329.360485000432, 356644.770683, 149725.862303, 0.401223, 21605.490578, 1164.63544, 0, 774, 12780, 5130001, 81207128, 37196636, 123533765, 965549, 4646, 783332.0084030001, inf, 697.6744186046511, 2612.1266015200804, 705748.959796, 65608.441369, 0.109475, 10798.788943, 1175.70882, 0, 387, 7615, 2550001, 157149032, 16625347, 176324380
30000, 30000, 0, 0, greedy_1.000000, 1006041, 26886, 292969.072502, inf, 173.41040462427745, 717.3922825479617, 210974.410282, 38153.699333, 1.507877, 43698.89147, 140.554343, 0.009197, 173, 46266, 10350001, 47103527, 8958865, 66412393, 1001647, 13563, 396622.18891399994, inf, 348.83720930232556, 1329.360485000432, 356644.770683, 18216.771135, 0.400521, 21605.490578, 154.749715, 0.006282, 86, 25483, 5130001, 81207128, 4133036, 90470165, 967561, 6658, 724598.900897, inf, 697.6744186046511, 2612.1266015200804, 705748.959796, 7904.640542, 0.102001, 10798.788943, 146.406569, 0.003046, 43, 13710, 2550001, 157149032, 1847299, 161546332
30000, 30000, 0, 0, greedy_11.000000, 997698, 18543, 853587.76329, inf, 173.41040462427745, 717.3922825479617, 210974.410282, 384490.365758, 1.493952, 43698.89147, 214422.1283, 0.473528, 1903, 13342, 10350001, 47103527, 147285146, 204738674, 997431, 9347, 649997.238505, inf, 348.83720930232556, 1329.360485000432, 356644.770683, 163469.446915, 0.39975, 21605.490578, 108276.939981, 0.190598, 946, 10962, 5130001, 81207128, 66306938, 152644067, 965355, 4452, 851035.4017330001, inf, 697.6744186046511, 2612.1266015200804, 705748.959796, 79496.935162, 0.108634, 10798.788943, 54990.535841, 0.073357, 473, 6457, 2550001, 157149032, 32636935, 192335968
30000, 30000, 0, 0, greedy_13.000000, 997568, 18413, 928444.073298, inf, 173.41040462427745, 717.3922825479617, 210974.410282, 413637.381103, 1.698235, 43698.89147, 260131.1441, 0.548108, 2249, 13240, 10350001, 47103527, 165256040, 222709568, 997415, 9331, 685047.162289, inf, 348.83720930232556, 1329.360485000432, 356644.770683, 176127.578222, 0.396814, 21605.490578, 130668.699518, 0.226474, 1118, 10918, 5130001, 81207128, 74639306, 160976435, 965325, 4422, 866680.4374670001, inf, 697.6744186046511, 2612.1266015200804, 705748.959796, 83815.679633, 0.110707, 10798.788943, 66316.814221, 0.084167, 559, 6399, 2550001, 157149032, 36361681, 196060714
30000, 30000, 0, 0, greedy_15.000000, 997495, 18340, 1001505.6657490002, inf, 173.41040462427745, 717.3922825479617, 210974.410282, 445423.627669, 1.618646, 43698.89147, 301406.491408, 0.626274, 2595, 13201, 10350001, 47103527, 183226934, 240680462, 997359, 9275, 719901.0266890001, inf, 348.83720930232556, 1329.360485000432, 356644.770683, 190080.206211, 0.399329, 21605.490578, 151569.918736, 0.241152, 1290, 10889, 5130001, 81207128, 82971674, 169308803, 965325, 4422, 882016.957079, inf, 697.6744186046511, 2612.1266015200804, 705748.959796, 88434.474318, 0.103454, 10798.788943, 77034.542052, 0.088516, 645, 6375, 2550001, 157149032, 40086427, 199785460
30000, 30000, 0, 0, greedy_17.000000, 997476, 18321, 1076049.924856, inf, 173.41040462427745, 717.3922825479617, 210974.410282, 477380.361922, 1.49851, 43698.89147, 343994.054143, 0.708529, 2941, 13177, 10350001, 47103527, 201197828, 258651356, 997330, 9246, 752062.8047809999, inf, 348.83720930232556, 1329.360485000432, 356644.770683, 201568.552911, 0.401122, 21605.490578, 172243.342835, 0.246652, 1462, 10869, 5130001, 81207128, 91304042, 177641171, 965325, 4422, 897913.594993, inf, 697.6744186046511, 2612.1266015200804, 705748.959796, 93543.639298, 0.153218, 10798.788943, 87821.959852, 0.093886, 731, 6353, 2550001, 157149032, 43811173, 203510206
30000, 30000, 0, 0, greedy_19.000000, 997474, 18319, 1150255.8816940002, inf, 173.41040462427745, 717.3922825479617, 210974.410282, 508301.618729, 1.48784, 43698.89147, 387278.706215, 0.767158, 3287, 13161, 10350001, 47103527, 219168722, 276622250, 997317, 9233, 786617.6324939999, inf, 348.83720930232556, 1329.360485000432, 356644.770683, 214460.79739, 0.393447, 21605.490578, 193905.908316, 0.27208, 1634, 10854, 5130001, 81207128, 99636410, 185973539, 965283, 4380, 914109.68566, inf, 697.6744186046511, 2612.1266015200804, 705748.959796, 98724.435059, 0.104035, 10798.788943, 98837.264868, 0.132959, 817, 6338, 2550001, 157149032, 47535919, 207234952
30000, 30000, 0, 0, greedy_21.000000, 997439, 18284, 1224235.178423, inf, 173.41040462427745, 717.3922825479617, 210974.410282, 540055.901639, 1.477781, 43698.89147, 429503.651665, 0.845586, 3633, 13151, 10350001, 47103527, 237139616, 294593144, 997292, 9208, 821381.2864150001, inf, 348.83720930232556, 1329.360485000432, 356644.770683, 227451.179921, 0.401793, 21605.490578, 215679.151392, 0.292048, 1806, 10841, 5130001, 81207128, 107968778, 194305907, 965264, 4361, 929902.7079640001, inf, 697.6744186046511, 2612.1266015200804, 705748.959796, 103206.491028, 0.101591, 10798.788943, 110148.262441, 0.104165, 903, 6325, 2550001, 157149032, 51260665, 210959698
30000, 30000, 0, 0, greedy_23.000000, 997423, 18268, 1301399.74373, inf, 173.41040462427745, 717.3922825479617, 210974.410282, 573263.673725, 1.486888, 43698.89147, 473460.320724, 0.960641, 3979, 13145, 10350001, 47103527, 255110510, 312564038, 997292, 9208, 855543.6781749999, inf, 348.83720930232556, 1329.360485000432, 356644.770683, 240153.73322, 0.397946, 21605.490578, 237138.96686, 0.318888, 1978, 10832, 5130001, 81207128, 116301146, 202638275, 965243, 4340, 944978.9363810001, inf, 697.6744186046511, 2612.1266015200804, 705748.959796, 106846.284086, 0.081583, 10798.788943, 121584.708851, 0.113122, 989, 6315, 2550001, 157149032, 54985411, 214684444
30000, 30000, 0, 0, greedy_25.000000, 997416, 18261, 1379927.9213819997, inf, 173.41040462427745, 717.3922825479617, 210974.410282, 607218.428691, 1.522184, 43698.89147, 518033.664933, 1.003822, 4325, 13141, 10350001, 47103527, 273081404, 330534932, 997273, 9189, 889610.023764, inf, 348.83720930232556, 1329.360485000432, 356644.770683, 253377.528847, 0.402966, 21605.490578, 257981.524616, 0.306074, 2150, 10823, 5130001, 81207128, 124633514, 210970643, 965243, 4340, 962197.4853890002, inf, 697.6744186046511, 2612.1266015200804, 705748.959796, 111938.133784, 0.195737, 10798.788943, 133711.236459, 0.17067, 1075, 6304, 2550001, 157149032, 58710157, 218409190
30000, 30000, 0, 0, greedy_27.000000, 997410, 18255, 1468891.201124, inf, 173.41040462427745, 717.3922825479617, 210974.410282, 647657.681145, 1.491688, 43698.89147, 566557.662043, 1.064496, 4671, 13138, 10350001, 47103527, 291052298, 348505826, 997246, 9162, 925330.581769, inf, 348.83720930232556, 1329.360485000432, 356644.770683, 266535.924277, 0.407043, 21605.490578, 280543.662335, 0.326853, 2322, 10815, 5130001, 81207128, 132965882, 219303011, 965243, 4340, 974735.831529, inf, 697.6744186046511, 2612.1266015200804, 705748.959796, 116077.675985, 0.105638, 10798.788943, 142110.183356, 0.117811, 1161, 6295, 2550001, 157149032, 62434903, 222133936
30000, 30000, 0, 0, greedy_29.000000, 997407, 18252, 1546230.832189, inf, 173.41040462427745, 717.3922825479617, 210974.410282, 683206.394658, 1.324424, 43698.89147, 608348.682877, 1.128478, 5017, 13137, 10350001, 47103527, 309023192, 366476720, 997237, 9153, 959116.393511, inf, 348.83720930232556, 1329.360485000432, 356644.770683, 279362.999681, 0.404889, 21605.490578, 301502.351014, 0.376666, 2494, 10807, 5130001, 81207128, 141298250, 227635379, 965242, 4339, 991102.4140620001, inf, 697.6744186046511, 2612.1266015200804, 705748.959796, 120846.745269, 0.104846, 10798.788943, 153707.688912, 0.126296, 1247, 6287, 2550001, 157149032, 66159649, 225858682
30000, 30000, 0, 0, greedy_3.000000, 1000199, 21044, 407894.00465, inf, 173.41040462427745, 717.3922825479617, 210974.410282, 110008.629115, 1.47224, 43698.89147, 43210.469415, 0.132128, 519, 27974, 10350001, 47103527, 37248160, 94701688, 998944, 10860, 451497.25816800003, inf, 348.83720930232556, 1329.360485000432, 356644.770683, 50943.622073, 0.384742, 21605.490578, 22302.920351, 0.069741, 258, 16448, 5130001, 81207128, 17528762, 103865891, 966517, 5614, 750363.597935, inf, 697.6744186046511, 2612.1266015200804, 705748.959796, 22637.181455, 0.105678, 10798.788943, 11178.540021, 0.022042, 129, 9443, 2550001, 157149032, 8135036, 167834069
30000, 30000, 0, 0, greedy_31.000000, 997407, 18252, 1615464.816872, inf, 173.41040462427745, 717.3922825479617, 210974.410282, 711269.264498, 1.676234, 43698.89147, 649519.364469, 1.209919, 5363, 13135, 10350001, 47103527, 326994086, 384447614, 997237, 9153, 994334.5504940001, inf, 348.83720930232556, 1329.360485000432, 356644.770683, 292576.652116, 0.399919, 21605.490578, 323506.828001, 0.409197, 2666, 10800, 5130001, 81207128, 149630618, 235967747, 965236, 4333, 1008096.98598, inf, 697.6744186046511, 2612.1266015200804, 705748.959796, 126793.281786, 0.208321, 10798.788943, 164755.550706, 0.196428, 1333, 6280, 2550001, 157149032, 69884395, 229583428
30000, 30000, 0, 0, greedy_33.000000, 997407, 18252, 1689269.229586, inf, 173.41040462427745, 717.3922825479617, 210974.410282, 743372.862086, 1.40809, 43698.89147, 691220.393598, 1.26406, 5709, 13135, 10350001, 47103527, 344964980, 402418508, 997232, 9148, 1045793.196759, inf, 348.83720930232556, 1329.360485000432, 356644.770683, 306517.133575, 0.428032, 21605.490578, 361024.860909, 0.512982, 2838, 10795, 5130001, 81207128, 157962986, 244300115, 965236, 4333, 1022387.834031, inf, 697.6744186046511, 2612.1266015200804, 705748.959796, 130006.005272, 0.099717, 10798.788943, 175833.831364, 0.148939, 1419, 6275, 2550001, 157149032, 73609141, 233308174
30000, 30000, 0, 0, greedy_35.000000, 997407, 18252, 1772188.527434, inf, 173.41040462427745, 717.3922825479617, 210974.410282, 780862.196947, 1.496416, 43698.89147, 736650.177318, 1.355001, 6055, 13133, 10350001, 47103527, 362935874, 420389402, 997219, 9135, 1067768.031288, inf, 348.83720930232556, 1329.360485000432, 356644.770683, 319023.015998, 0.663984, 21605.490578, 370493.487165, 0.60288, 3010, 10789, 5130001, 81207128, 166295354, 252632483, 965236, 4333, 1038293.0002080001, inf, 697.6744186046511, 2612.1266015200804, 705748.959796, 134735.500387, 0.1011, 10798.788943, 187009.517603, 0.132379, 1505, 6269, 2550001, 157149032, 77333887, 237032920
30000, 30000, 0, 0, greedy_37.000000, 997407, 18252, 1850401.260234, inf, 173.41040462427745, 717.3922825479617, 210974.410282, 815905.091896, 1.813942, 43698.89147, 779819.602915, 1.449729, 6401, 13133, 10350001, 47103527, 380906768, 438360296, 997217, 9133, 1098808.573614, inf, 348.83720930232556, 1329.360485000432, 356644.770683, 332037.937049, 0.41641, 21605.490578, 388519.291582, 0.667312, 3182, 10783, 5130001, 81207128, 174627722, 260964851, 965236, 4333, 1054260.535913, inf, 697.6744186046511, 2612.1266015200804, 705748.959796, 139718.641715, 0.098665, 10798.788943, 197993.904007, 0.142787, 1591, 6264, 2550001, 157149032, 81058633, 240757666
30000, 30000, 0, 0, greedy_39.000000, 997407, 18252, 1928292.4498889998, inf, 173.41040462427745, 717.3922825479617, 210974.410282, 851452.991504, 1.479655, 43698.89147, 822163.121701, 1.555277, 6747, 13133, 10350001, 47103527, 398877662, 456331190, 997196, 9112, 1131878.563241, inf, 348.83720930232556, 1329.360485000432, 356644.770683, 344632.388439, 0.407554, 21605.490578, 408995.013854, 0.492133, 3354, 10779, 5130001, 81207128, 182960090, 269297219, 965219, 4316, 1069035.003352, inf, 697.6744186046511, 2612.1266015200804, 705748.959796, 143808.500035, 0.104626, 10798.788943, 208678.490823, 0.159129, 1677, 6259, 2550001, 157149032, 84783379, 244482412
30000, 30000, 0, 0, greedy_5.000000, 998780, 19625, 521064.893139, inf, 173.41040462427745, 717.3922825479617, 210974.410282, 180396.143216, 1.483772, 43698.89147, 85993.736301, 0.228098, 865, 21738, 10350001, 47103527, 65499450, 122952978, 998258, 10174, 506204.228122, inf, 348.83720930232556, 1329.360485000432, 356644.770683, 83910.296133, 0.391774, 21605.490578, 44043.15969, 0.119264, 430, 13924, 5130001, 81207128, 30883280, 117220409, 965829, 4926, 775514.403472, inf, 697.6744186046511, 2612.1266015200804, 705748.959796, 36835.957081, 0.109014, 10798.788943, 22130.554253, 0.034385, 215, 8206, 2550001, 157149032, 14269682, 173968715
30000, 30000, 0, 0, greedy_7.000000, 998185, 19030, 635533.698731, inf, 173.41040462427745, 717.3922825479617, 210974.410282, 251808.047746, 1.500915, 43698.89147, 129050.506557, 0.341761, 1211, 17804, 10350001, 47103527, 93467693, 150921221, 997821, 9737, 560302.6314479999, inf, 348.83720930232556, 1329.360485000432, 356644.770683, 116454.128625, 0.39496, 21605.490578, 65597.694246, 0.152356, 602, 12353, 5130001, 81207128, 44196590, 130533719, 965652, 4749, 801543.9456690002, inf, 697.6744186046511, 2612.1266015200804, 705748.959796, 51918.76055, 0.107191, 10798.788943, 33077.283684, 0.045505, 301, 7494, 2550001, 157149032, 20544108, 180243141
30000, 30000, 0, 0, greedy_9.000000, 997906, 18751, 748608.9796379999, inf, 173.41040462427745, 717.3922825479617, 210974.410282, 322654.496807, 1.516343, 43698.89147, 171279.274153, 0.390583, 1557, 15362, 10350001, 47103527, 121808899, 179262427, 997598, 9514, 614727.40756, inf, 348.83720930232556, 1329.360485000432, 356644.770683, 149447.638596, 0.407945, 21605.490578, 87028.938014, 0.161744, 774, 11119, 5130001, 81207128, 57659030, 143996159, 965472, 4569, 826179.6186210001, inf, 697.6744186046511, 2612.1266015200804, 705748.959796, 65717.108596, 0.104626, 10798.788943, 43914.594473, 0.062187, 387, 6828, 2550001, 157149032, 26695371, 186394404
30000, 30000, 0, 0, opt, 996954, 17799, 2965956.523832, inf, 173.41040462427745, 717.3922825479617, 210974.410282, 2711281.889852, 1.332228, 43698.89147, 0, 0, 0, 0, 10350001, 47103527, 657555708, 715009236, 996762, 8678, 2619662.809872, inf, 348.83720930232556, 1329.360485000432, 356644.770683, 2241412.20175, 0.346861, 21605.490578, 0, 0, 0, 0, 5130001, 81207128, 550110744, 636447873, 964981, 4078, 2362632.965684, inf, 697.6744186046511, 2612.1266015200804, 705748.959796, 1646085.12365, 0.093295, 10798.788943, 0, 0, 0, 0, 2550001, 157149032, 398757627, 558456660
30000, 30000, 0, 0, plus_edge, 1003759, 24604, 293988.295369, inf, 173.41040462427745, 717.3922825479617, 210974.410282, 39313.606396, 1.387221, 43698.89147, 0, 0, 0, 0, 10350001, 47103527, 8958276, 66411804, 1000368, 12284, 396221.346414, inf, 348.83720930232556, 1329.360485000432, 356644.770683, 17970.75326, 0.331893, 21605.490578, 0, 0, 0, 0, 5130001, 81207128, 4110175, 90447304, 967128, 6225, 724362.826374, inf, 697.6744186046511, 2612.1266015200804, 705748.959796, 7814.992135, 0.0855, 10798.788943, 0, 0, 0, 0, 2550001, 157149032, 1819020, 161518053
30000, 30000, 0, 0, simple, 1006041, 26886, 293849.195457, inf, 173.41040462427745, 717.3922825479617, 210974.410282, 39174.345553, 1.548152, 43698.89147, 0, 0, 0, 0, 10350001, 47103527, 8928692, 66382220, 1001647, 13563, 396106.466621, inf, 348.83720930232556, 1329.360485000432, 356644.770683, 17855.865142, 0.340218, 21605.490578, 0, 0, 0, 0, 5130001, 81207128, 4102950, 90440079, 967561, 6658, 724379.1799150001, inf, 697.6744186046511, 2612.1266015200804, 705748.959796, 7831.340957, 0.090219, 10798.788943, 0, 0, 0, 0, 2550001, 157149032, 1817256, 161516289
30000, 30000, 0, 0, dp_1.000000, 1001323, 27183, 222663.035477, inf, 173.41040462427745, 582.7017890144543, 136247.173495, 42578.28098, 1.69553, 43690.168704, 145.703312, 0.013456, 173, 0, 10350001, 31956485, 9942189, 52248675, 1012449, 14018, 301517.8108890001, inf, 348.83720930232556, 1130.20975477044, 259179.222861, 20549.592201, 0.385262, 21646.684559, 141.918802, 0.007204, 86, 0, 5130001, 60144644, 4803261, 70077906, 995438, 8894, 424335.00864899997, inf, 697.6744186046511, 1957.7903030562138, 403680.718099, 9565.029928, 0.078487, 10943.352342, 145.826096, 0.003697, 43, 0, 2550001, 92858388, 2215933, 97624322
30000, 30000, 0, 0, dp_11.000000, 993873, 19733, 833561.6002239999, inf, 173.41040462427745, 582.7017890144543, 136247.173495, 440117.905744, 1.478011, 43690.168704, 213339.775539, 165.098731, 1903, 11084, 10350001, 31956485, 160607487, 202913973, 1008483, 10052, 600831.6004120001, inf, 348.83720930232556, 1130.20975477044, 259179.222861, 212570.156144, 0.647494, 21646.684559, 107415.287223, 19.602131, 946, 8405, 5130001, 60144644, 78488772, 143763417, 993307, 6763, 567083.525746, inf, 697.6744186046511, 1957.7903030562138, 403680.718099, 96881.015778, 0.106149, 10943.352342, 55575.904805, 2.428573, 473, 5448, 2550001, 92858388, 36948161, 132356550
30000, 30000, 0, 0, dp_13.000000, 993733, 19593, 953655.548425, inf, 173.41040462427745, 582.7017890144543, 136247.173495, 517132.736788, 1.478313, 43690.168704, 256354.323557, 229.667568, 2249, 9542, 10350001, 31956485, 190866827, 233173313, 1008435, 10004, 665038.136324, inf, 348.83720930232556, 1130.20975477044, 259179.222861, 252839.322596, 0.402365, 21646.684559, 131345.430287, 27.073656, 1118, 7542, 5130001, 60144644, 93277444, 158552089, 993254, 6710, 595419.372797, inf, 697.6744186046511, 1957.7903030562138, 403680.718099, 114890.121151, 0.100529, 10943.352342, 65901.487059, 3.593617, 559, 5092, 2550001, 92858388, 44004031, 139412420
30000, 30000, 0, 0, dp_15.000000, 993700, 19560, 1078912.615092, inf, 173.41040462427745, 582.7017890144543, 136247.173495, 600209.661885, 1.482581, 43690.168704, 298455.404924, 308.723503, 2595, 8302, 10350001, 31956485, 221156141, 263462627, 1008377, 9946, 719645.3543959999, inf, 348.83720930232556, 1130.20975477044, 259179.222861, 288433.533139, 0.403056, 21646.684559, 150348.998613, 36.512168, 1290, 6774, 5130001, 60144644, 108006140, 173280785, 993156, 6612, 624386.7367339999, inf, 697.6744186046511, 1957.7903030562138, 403680.718099, 132697.670396, 0.107872, 10943.352342, 77060.150303, 4.737722, 645, 4794, 2550001, 92858388, 51059901, 146468290
30000, 30000, 0, 0, dp_17.000000, 993627, 19487, 1202109.451699, inf, 173.41040462427745, 582.7017890144543, 136247.173495, 682151.425292, 1.499081, 43690.168704, 339619.400949, 399.784178, 2941, 7310, 10350001, 31956485, 251475429, 293781915, 1008293, 9862, 781009.734982, inf, 348.83720930232556, 1130.20975477044, 259179.222861, 327571.833503, 0.431549, 21646.684559, 172564.280724, 47.281786, 1462, 6148, 5130001, 60144644, 122824800, 188099445, 993089, 6545, 653029.658458, inf, 697.6744186046511, 1957.7903030562138, 403680.718099, 150631.373481, 0.106339, 10943.352342, 87768.062163, 6.046034, 731, 4526, 2550001, 92858388, 58115771, 153524160
30000, 30000, 0, 0, dp_19.000000, 993578, 19438, 1321248.4923999999, inf, 173.41040462427745, 582.7017890144543, 136247.173495, 756766.353137, 1.727029, 43690.168704, 384042.433055, 500.63698, 3287, 6487, 10350001, 31956485, 281794717, 324101203, 1008256, 9825, 839847.690512, inf, 348.83720930232556, 1130.20975477044, 259179.222861, 365169.185326, 0.403837, 21646.684559, 193789.821659, 62.37227, 1634, 5607, 5130001, 60144644, 137643460, 202918105, 993020, 6476, 681474.008807, inf, 697.6744186046511, 1957.7903030562138, 403680.718099, 168235.238374, 0.097753, 10943.352342, 98607.220932, 7.381307, 817, 4275, 2550001, 92858388, 65061296, 160469685
30000, 30000, 0, 0, dp_21.000000, 993474, 19334, 1445208.7551090003, inf, 173.41040462427745, 582.7017890144543, 136247.173495, 837387.529124, 1.492669, 43690.168704, 427268.247828, 614.143289, 3633, 5772, 10350001, 31956485, 311904187, 354210673, 1008219, 9788, 901299.4509609999, inf, 348.83720930232556, 1130.20975477044, 259179.222861, 404166.562161, 0.406051, 21646.684559, 216233.110265, 73.465064, 1806, 5153, 5130001, 60144644, 152252204, 217526849, 993007, 6463, 710338.6942789999, inf, 697.6744186046511, 1957.7903030562138, 403680.718099, 186058.198854, 0.105658, 10943.352342, 109647.222222, 9.097104, 903, 4040, 2550001, 92858388, 72057214, 167465603
30000, 30000, 0, 0, dp_23.000000, 993414, 19274, 1566692.635281, inf, 173.41040462427745, 582.7017890144543, 136247.173495, 912969.744754, 1.506115, 43690.168704, 473046.5762, 737.466013, 3979, 5122, 10350001, 31956485, 342193501, 384499987, 1008184, 9753, 965280.174886, inf, 348.83720930232556, 1130.20975477044, 259179.222861, 444319.000971, 0.613801, 21646.684559, 240043.351087, 91.301607, 1978, 4753, 5130001, 60144644, 166621044, 231895689, 993000, 6456, 743845.904982, inf, 697.6744186046511, 1957.7903030562138, 403680.718099, 205529.242055, 0.10697, 10943.352342, 123680.903624, 11.581892, 989, 3839, 2550001, 92858388, 79113084, 174521473
30000, 30000, 0, 0, dp_25.000000, 993396, 19256, 1694120.009612, inf, 173.41040462427745, 582.7017890144543, 136247.173495, 996668.460479, 1.484443, 43690.168704, 516636.189149, 876.533342, 4325, 4569, 10350001, 31956485, 372033205, 414339691, 1008167, 9736, 1016187.808018, inf, 348.83720930232556, 1130.20975477044, 259179.222861, 479128.419308, 0.407764, 21646.684559, 256126.313913, 106.759613, 2150, 4396, 5130001, 60144644, 181439704, 246714349, 993000, 6456, 768878.343798, inf, 697.6744186046511, 1957.7903030562138, 403680.718099, 222545.017066, 0.132238, 10943.352342, 131696.155914, 12.968139, 1075, 3654, 2550001, 92858388, 86168954, 181577343
30000, 30000, 0, 0, dp_27.000000, 993371, 19231, 1818320.581885, inf, 173.41040462427745, 582.7017890144543, 136247.173495, 1077648.690579, 1.64765, 43690.168704, 559711.283608, 1021.617849, 4671, 4099, 10350001, 31956485, 402352493, 444658979, 1008136, 9705, 1080374.431823, inf, 348.83720930232556, 1130.20975477044, 259179.222861, 516929.706133, 0.666951, 21646.684559, 282492.315156, 125.836163, 2322, 4057, 5130001, 60144644, 196258364, 261533009, 992987, 6443, 801002.353963, inf, 697.6744186046511, 1957.7903030562138, 403680.718099, 241306.026513, 0.10124, 10943.352342, 145056.792399, 15.36337, 1161, 3476, 2550001, 92858388, 93104920, 188513309
30000, 30000, 0, 0, dp_29.000000, 993331, 19191, 1942483.859183, inf, 173.41040462427745, 582.7017890144543, 136247.173495, 1157384.467218, 1.454678, 43690.168704, 603983.3613, 1177.233788, 5017, 3687, 10350001, 31956485, 432461963, 474768449, 1008134, 9703, 1136568.559611, inf, 348.83720930232556, 1130.20975477044, 259179.222861, 556091.490223, 0.405851, 21646.684559, 299507.719254, 143.036863, 2494, 3761, 5130001, 60144644, 211077024, 276351669, 992972, 6428, 825296.305328, inf, 697.6744186046511, 1957.7903030562138, 403680.718099, 256420.428442, 0.107561, 10943.352342, 154234.32804, 17.370844, 1247, 3315, 2550001, 92858388, 99980934, 195389323
30000, 30000, 0, 0, dp_3.000000, 997088, 22948, 344859.70456399996, inf, 173.41040462427745, 582.7017890144543, 136247.173495, 122048.215417, 1.467762, 43690.168704, 42864.105777, 8.573409, 519, 26366, 10350001, 31956485, 40231503, 82537989, 1009946, 11515, 360556.271575, inf, 348.83720930232556, 1130.20975477044, 259179.222861, 58145.001163, 0.406693, 21646.684559, 21583.885732, 1.070567, 258, 15636, 5130001, 60144644, 19304096, 84578741, 993956, 7412, 452597.27915899997, inf, 697.6744186046511, 1957.7903030562138, 403680.718099, 26848.26298, 0.104296, 10943.352342, 11124.678837, 0.162605, 129, 7982, 2550001, 92858388, 9131482, 104539871
30000, 30000, 0, 0, dp_31.000000, 993314, 19174, 2062463.510497, inf, 173.41040462427745, 582.7017890144543, 136247.173495, 1235056.465376, 1.489944, 43690.168704, 646121.343082, 1346.869896, 5363, 3317, 10350001, 31956485, 462091849, 504398335, 1008110, 9679, 1199908.019782, inf, 348.83720930232556, 1130.20975477044, 259179.222861, 595345.197185, 0.406221, 21646.684559, 323572.879545, 163.629411, 2666, 3508, 5130001, 60144644, 225895684, 291170329, 992972, 6428, 855019.4868879999, inf, 697.6744186046511, 1957.7903030562138, 403680.718099, 275012.109219, 0.168777, 10943.352342, 165362.971686, 20.166765, 1333, 3167, 2550001, 92858388, 107036804, 202445193
30000, 30000, 0, 0, dp_33.000000, 993301, 19161, 2183513.729487, inf, 173.41040462427745, 582.7017890144543, 136247.173495, 1312363.067271, 1.531842, 43690.168704, 689685.116313, 1526.671862, 5709, 2992, 10350001, 31956485, 492411137, 534717623, 1008110, 9679, 1260168.400075, inf, 348.83720930232556, 1130.20975477044, 259179.222861, 635631.268159, 0.49609, 21646.684559, 343524.870563, 185.857843, 2838, 3279, 5130001, 60144644, 240714344, 305988989, 992972, 6428, 882143.685515, inf, 697.6744186046511, 1957.7903030562138, 403680.718099, 292504.305855, 0.10142, 10943.352342, 174992.517303, 22.690496, 1419, 3029, 2550001, 92858388, 113912818, 209321207
30000, 30000, 0, 0, dp_35.000000, 993288, 19148, 2311354.310246, inf, 173.41040462427745, 582.7017890144543, 136247.173495, 1398731.323512, 1.470398, 43690.168704, 730967.027963, 1717.146174, 6055, 2709, 10350001, 31956485, 522730425, 565036911, 1008092, 9661, 1321620.6358319998, inf, 348.83720930232556, 1130.20975477044, 259179.222861, 671249.07407, 0.406152, 21646.684559, 369332.327082, 212.921108, 3010, 3070, 5130001, 60144644, 255293100, 320567745, 992958, 6414, 911956.6357959999, inf, 697.6744186046511, 1957.7903030562138, 403680.718099, 309912.921291, 0.10138, 10943.352342, 187393.917599, 25.625085, 1505, 2897, 2550001, 92858388, 120818808, 216227197
30000, 30000, 0, 0, dp_37.000000, 993273, 19133, 2434189.0566160004, inf, 173.41040462427745, 582.7017890144543, 136247.173495, 1478887.782761, 1.486488, 43690.168704, 773435.97453, 1926.470638, 6401, 2454, 10350001, 31956485, 553049713, 595356199, 1008092, 9661, 1375564.2096779998, inf, 348.83720930232556, 1130.20975477044, 259179.222861, 710502.567534, 0.403517, 21646.684559, 383999.204977, 236.12623, 3182, 2876, 5130001, 60144644, 270111760, 335386405, 992958, 6414, 940264.4735819999, inf, 697.6744186046511, 1957.7903030562138, 403680.718099, 328871.012014, 0.10651, 10943.352342, 196740.826321, 28.458296, 1591, 2775, 2550001, 92858388, 127874678, 223283067
30000, 30000, 0, 0, dp_39.000000, 993262, 19122, 2542438.189595, inf, 173.41040462427745, 582.7017890144543, 136247.173495, 1546904.947978, 1.485797, 43690.168704, 813461.490763, 2132.922858, 6747, 2227, 10350001, 31956485, 582082439, 624388925, 1008077, 9646, 1440584.5950379998, inf, 348.83720930232556, 1130.20975477044, 259179.222861, 752648.744077, 0.399569, 21646.684559, 406848.663398, 260.880574, 3354, 2699, 5130001, 60144644, 284930420, 350205065, 992958, 6414, 970723.297506, inf, 697.6744186046511, 1957.7903030562138, 403680.718099, 347965.92712, 0.102151, 10943.352342, 208101.495133, 31.702661, 1677, 2660, 2550001, 92858388, 134720716, 230129105
30000, 30000, 0, 0, dp_5.000000, 995386, 21246, 466930.826332, inf, 173.41040462427745, 582.7017890144543, 136247.173495, 200038.415002, 1.460449, 43690.168704, 86924.459646, 29.149036, 865, 19875, 10350001, 31956485, 70271931, 112578417, 1008910, 10479, 420371.852098, inf, 348.83720930232556, 1130.20975477044, 259179.222861, 96487.983498, 0.403716, 21646.684559, 43053.894838, 3.662626, 430, 12485, 5130001, 60144644, 34122756, 99397401, 993471, 6927, 481196.078771, inf, 697.6744186046511, 1957.7903030562138, 403680.718099, 44487.110406, 0.104455, 10943.352342, 22084.305074, 0.488395, 215, 7000, 2550001, 92858388, 16061193, 111469582
30000, 30000, 0, 0, dp_7.000000, 994733, 20593, 586211.956662, inf, 173.41040462427745, 582.7017890144543, 136247.173495, 277684.123406, 1.696201, 43690.168704, 128527.801892, 60.992964, 1211, 15934, 10350001, 31956485, 100224757, 142531243, 1008644, 10213, 479726.862884, inf, 348.83720930232556, 1130.20975477044, 259179.222861, 134476.612265, 0.41073, 21646.684559, 64416.299911, 7.632558, 602, 10611, 5130001, 60144644, 48851452, 114126097, 993360, 6816, 509762.371236, inf, 697.6744186046511, 1957.7903030562138, 403680.718099, 62103.319026, 0.100598, 10943.352342, 33033.913236, 0.967935, 301, 6353, 2550001, 92858388, 23117063, 118525452
30000, 30000, 0, 0, dp_9.000000, 994256, 20116, 711204.296316, inf, 173.41040462427745, 582.7017890144543, 136247.173495, 360646.509061, 1.478583, 43690.168704, 170513.83809, 105.128383, 1557, 13195, 10350001, 31956485, 130544045, 172850531, 1008548, 10117, 540096.5117810001, inf, 348.83720930232556, 1130.20975477044, 259179.222861, 173239.080645, 0.406162, 21646.684559, 86018.507593, 12.609961, 774, 9384, 5130001, 60144644, 63670112, 128944757, 993327, 6783, 538216.95337, inf, 697.6744186046511, 1957.7903030562138, 403680.718099, 79456.589531, 0.097953, 10943.352342, 44134.465052, 1.730393, 387, 5858, 2550001, 92858388, 29892291, 125300680
30000, 30000, 0, 0, fixed_reps_1, 1001323, 27183, 222979.926646, inf, 173.41040462427745, 582.7017890144543, 136247.173495, 42872.257289, 1.47705, 43690.168704, 168.850108, 0, 173, 45240, 10350001, 31956485, 9942189, 52248675, 1012449, 14018, 301793.254136, inf, 348.83720930232556, 1130.20975477044, 259179.222861, 20800.707889, 0.388027, 21646.684559, 166.2508, 0, 86, 25258, 5130001, 60144644, 4803261, 70077906, 995438, 8894, 425623.71958499996, inf, 697.6744186046511, 1957.7903030562138, 403680.718099, 10742.577453, 0.222287, 10943.352342, 256.849404, 0, 43, 13058, 2550001, 92858388, 2215933, 97624322
30000, 30000, 0, 0, fixed_reps_11, 994045, 19905, 619771.421919, inf, 173.41040462427745, 582.7017890144543, 136247.173495, 438453.508132, 1.498771, 43690.168704, 1379.072817, 0, 1903, 16806, 10350001, 31956485, 109362349, 151668835, 1008591, 10160, 493823.923434, inf, 348.83720930232556, 1130.20975477044, 259179.222861, 211595.49938, 0.401493, 21646.684559, 1402.115141, 0, 946, 11369, 5130001, 60144644, 52835011, 118109656, 993268, 6724, 512615.800328, inf, 697.6744186046511, 1957.7903030562138, 403680.718099, 96564.696183, 0.107341, 10943.352342, 1426.926363, 0, 473, 6439, 2550001, 92858388, 24374833, 119783222
30000, 30000, 0, 0, fixed_reps_13, 993995, 19855, 702818.549171, inf, 173.41040462427745, 582.7017890144543, 136247.173495, 521259.580718, 1.598769, 43690.168704, 1620.027485, 0, 2249, 15207, 10350001, 31956485, 129246381, 171552867, 1008398, 9967, 531463.743753, inf, 348.83720930232556, 1130.20975477044, 259179.222861, 248984.342603, 0.400361, 21646.684559, 1653.093369, 0, 1118, 10450, 5130001, 60144644, 62441361, 127716006, 993205, 6661, 530307.556605, inf, 697.6744186046511, 1957.7903030562138, 403680.718099, 113919.142851, 0.104946, 10943.352342, 1764.238367, 0, 559, 6217, 2550001, 92858388, 28806613, 124215002
30000, 30000, 0, 0, fixed_reps_15, 993963, 19823, 776706.933872, inf, 173.41040462427745, 582.7017890144543, 136247.173495, 594900.357022, 1.693947, 43690.168704, 1867.540704, 0, 2595, 13936, 10350001, 31956485, 149130413, 191436899, 1008343, 9912, 571214.508422, inf, 348.83720930232556, 1130.20975477044, 259179.222861, 288473.803013, 0.405961, 21646.684559, 1914.392028, 0, 1290, 9761, 5130001, 60144644, 72047711, 137322356, 993176, 6632, 547985.598301, inf, 697.6744186046511, 1957.7903030562138, 403680.718099, 131431.025225, 0.104476, 10943.352342, 1930.398159, 0, 645, 5981, 2550001, 92858388, 33238393, 128646782
30000, 30000, 0, 0, fixed_reps_17, 993887, 19747, 858082.167362, inf, 173.41040462427745, 582.7017890144543, 136247.173495, 676019.464217, 1.50356, 43690.168704, 2123.857386, 0, 2941, 12669, 10350001, 31956485, 169014445, 211320931, 1008334, 9903, 607534.2008120001, inf, 348.83720930232556, 1130.20975477044, 259179.222861, 324565.091939, 0.396434, 21646.684559, 2142.805019, 0, 1462, 9219, 5130001, 60144644, 81654061, 146928706, 993171, 6627, 566453.47671, inf, 697.6744186046511, 1957.7903030562138, 403680.718099, 149646.348547, 0.122419, 10943.352342, 2182.935303, 0, 731, 5802, 2550001, 92858388, 37670173, 133078562
30000, 30000, 0, 0, fixed_reps_19, 993812, 19672, 936958.1958999999, inf, 173.41040462427745, 582.7017890144543, 136247.173495, 754631.785299, 1.70661, 43690.168704, 2387.361792, 0, 3287, 11565, 10350001, 31956485, 188898477, 231204963, 1008330, 9899, 646329.7767170001, inf, 348.83720930232556, 1130.20975477044, 259179.222861, 363092.760844, 0.398888, 21646.684559, 2410.709565, 0, 1634, 8705, 5130001, 60144644, 91260411, 156535056, 993167, 6623, 583185.895366, inf, 697.6744186046511, 1957.7903030562138, 403680.718099, 165979.675661, 0.17036, 10943.352342, 2581.978904, 0, 817, 5636, 2550001, 92858388, 42101953, 137510342
30000, 30000, 0, 0, fixed_reps_21, 993789, 19649, 1016919.6076509999, inf, 173.41040462427745, 582.7017890144543, 136247.173495, 834354.58638, 1.490395, 43690.168704, 2626.188677, 0, 3633, 10698, 10350001, 31956485, 208782509, 251088995, 1008316, 9885, 683657.397844, inf, 348.83720930232556, 1130.20975477044, 259179.222861, 400188.598687, 0.400651, 21646.684559, 2642.491086, 0, 1806, 8228, 5130001, 60144644, 100866761, 166141406, 993138, 6594, 601246.536675, inf, 697.6744186046511, 1957.7903030562138, 403680.718099, 183901.292336, 0.108474, 10943.352342, 2721.065424, 0, 903, 5472, 2550001, 92858388, 46533733, 141942122
30000, 30000, 0, 0, fixed_reps_23, 993748, 19608, 1102486.84077, inf, 173.41040462427745, 582.7017890144543, 136247.173495, 919684.853699, 1.481107, 43690.168704, 2863.163765, 0, 3979, 9943, 10350001, 31956485, 228666541, 270973027, 1008305, 9874, 722746.0905580001, inf, 348.83720930232556, 1130.20975477044, 259179.222861, 439003.068595, 0.400692, 21646.684559, 2916.713851, 0, 1978, 7824, 5130001, 60144644, 110473111, 175747756, 993108, 6564, 619145.97096, inf, 697.6744186046511, 1957.7903030562138, 403680.718099, 201565.710349, 0.134833, 10943.352342, 2956.055337, 0, 989, 5269, 2550001, 92858388, 50965513, 146373902
30000, 30000, 0, 0, fixed_reps_25, 993702, 19562, 1182372.4736590001, inf, 173.41040462427745, 582.7017890144543, 136247.173495, 999322.754877, 1.492208, 43690.168704, 3110.884375, 0, 4325, 9339, 10350001, 31956485, 248550573, 290857059, 1008271, 9840, 760301.557924, inf, 348.83720930232556, 1130.20975477044, 259179.222861, 476320.517394, 0.408706, 21646.684559, 3154.724404, 0, 2150, 7454, 5130001, 60144644, 120079461, 185354106, 993104, 6560, 639971.100977, inf, 697.6744186046511, 1957.7903030562138, 403680.718099, 221174.917553, 0.107782, 10943.352342, 4172.005201, 0, 1075, 5123, 2550001, 92858388, 55397293, 150805682
30000, 30000, 0, 0, fixed_reps_27, 993623, 19483, 1255403.892847, inf, 173.41040462427745, 582.7017890144543, 136247.173495, 1072084.996882, 1.517826, 43690.168704, 3380.03594, 0, 4671, 8776, 10350001, 31956485, 268434605, 310741091, 1008269, 9838, 798783.516451, inf, 348.83720930232556, 1130.20975477044, 259179.222861, 514520.646809, 0.408536, 21646.684559, 3436.553686, 0, 2322, 6991, 5130001, 60144644, 129685811, 194960456, 993089, 6545, 653235.653922, inf, 697.6744186046511, 1957.7903030562138, 403680.718099, 235091.953549, 0.100488, 10943.352342, 3519.529444, 0, 1161, 4994, 2550001, 92858388, 59829073, 155237462
30000, 30000, 0, 0, fixed_reps_29, 993583, 19443, 1331596.343512, inf, 173.41040462427745, 582.7017890144543, 136247.173495, 1148041.445241, 1.493601, 43690.168704, 3616.062471, 0, 5017, 8331, 10350001, 31956485, 288318637, 330625123, 1008252, 9821, 842371.96228, inf, 348.83720930232556, 1130.20975477044, 259179.222861, 557840.24167, 0.396112, 21646.684559, 3705.417078, 0, 2494, 6707, 5130001, 60144644, 139292161, 204566806, 993042, 6498, 670153.9299549999, inf, 697.6744186046511, 1957.7903030562138, 403680.718099, 251806.171289, 0.105708, 10943.352342, 3723.582517, 0, 1247, 4863, 2550001, 92858388, 64260853, 159669242
30000, 30000, 0, 0, fixed_reps_3, 997231, 23091, 303178.48332600005, inf, 173.41040462427745, 582.7017890144543, 136247.173495, 122841.117852, 1.452975, 43690.168704, 398.5703, 0, 519, 31386, 10350001, 31956485, 29826221, 72132707, 1009668, 11237, 340072.097215, inf, 348.83720930232556, 1130.20975477044, 259179.222861, 58848.58544, 0.403416, 21646.684559, 397.200939, 0, 258, 18172, 5130001, 60144644, 14409611, 79684256, 993852, 7308, 442051.549805, inf, 697.6744186046511, 1957.7903030562138, 403680.718099, 26981.977078, 0.141805, 10943.352342, 445.360481, 0, 129, 9467, 2550001, 92858388, 6647713, 102056102
30000, 30000, 0, 0, fixed_reps_31, 993500, 19360, 1413895.916161, inf, 173.41040462427745, 582.7017890144543, 136247.173495, 1230109.381536, 1.490766, 43690.168704, 3847.70166, 0, 5363, 7929, 10350001, 31956485, 308202669, 350509155, 1008231, 9800, 875297.4450930001, inf, 348.83720930232556, 1130.20975477044, 259179.222861, 590568.140616, 0.397195, 21646.684559, 3902.999862, 0, 2666, 6346, 5130001, 60144644, 148898511, 214173156, 993041, 6497, 688257.649557, inf, 697.6744186046511, 1957.7903030562138, 403680.718099, 269663.245445, 0.099376, 10943.352342, 3970.234295, 0, 1333, 4695, 2550001, 92858388, 68692633, 164101022
30000, 30000, 0, 0, fixed_reps_33, 993468, 19328, 1491817.776012, inf, 173.41040462427745, 582.7017890144543, 136247.173495, 1307776.880494, 1.49827, 43690.168704, 4102.055049, 0, 5709, 7614, 10350001, 31956485, 328086701, 370393187, 1008197, 9766, 920482.717124, inf, 348.83720930232556, 1130.20975477044, 259179.222861, 635411.763576, 0.397806, 21646.684559, 4244.648322, 0, 2838, 6071, 5130001, 60144644, 158504861, 223779506, 993013, 6469, 707109.924232, inf, 697.6744186046511, 1957.7903030562138, 403680.718099, 288270.764478, 0.10181, 10943.352342, 4214.987503, 0, 1419, 4547, 2550001, 92858388, 73124413, 168532802
30000, 30000, 0, 0, fixed_reps_35, 993463, 19323, 1571726.623657, inf, 173.41040462427745, 582.7017890144543, 136247.173495, 1387435.766041, 1.548234, 43690.168704, 4351.967183, 0, 6055, 7294, 10350001, 31956485, 347970733, 390277219, 1008190, 9759, 953310.562831, inf, 348.83720930232556, 1130.20975477044, 259179.222861, 668024.771279, 0.403627, 21646.684559, 4459.480505, 0, 3010, 5848, 5130001, 60144644, 168111211, 233385856, 992983, 6439, 724775.418436, inf, 697.6744186046511, 1957.7903030562138, 403680.718099, 305631.903304, 0.105508, 10943.352342, 4519.339183, 0, 1505, 4439, 2550001, 92858388, 77556193, 172964582
30000, 30000, 0, 0, fixed_reps_37, 993455, 19315, 1649811.989531, inf, 173.41040462427745, 582.7017890144543, 136247.173495, 1465283.295408, 1.560536, 43690.168704, 4589.791388, 0, 6401, 6970, 10350001, 31956485, 367854765, 410161251, 1008165, 9734, 991411.159228, inf, 348.83720930232556, 1130.20975477044, 259179.222861, 705948.105875, 0.401763, 21646.684559, 4636.74417, 0, 3182, 5553, 5130001, 60144644, 177717561, 242992206, 992983, 6439, 742702.6300029999, inf, 697.6744186046511, 1957.7903030562138, 403680.718099, 323316.149824, 0.100689, 10943.352342, 4762.309049, 0, 1591, 4320, 2550001, 92858388, 81987973, 177396362
30000, 30000, 0, 0, fixed_reps_39, 993436, 19296, 1729541.875158, inf, 173.41040462427745, 582.7017890144543, 136247.173495, 1544760.024018, 1.523227, 43690.168704, 4842.985714, 0, 6747, 6637, 10350001, 31956485, 387738797, 430045283, 1008160, 9729, 1030286.377482, inf, 348.83720930232556, 1130.20975477044, 259179.222861, 744561.012373, 0.492534, 21646.684559, 4898.965155, 0, 3354, 5331, 5130001, 60144644, 187323911, 252598556, 992956, 6412, 760131.2122510001, inf, 697.6744186046511, 1957.7903030562138, 403680.718099, 340530.216952, 0.103725, 10943.352342, 4976.821133, 0, 1677, 4225, 2550001, 92858388, 86419753, 181828142
30000, 30000, 0, 0, fixed_reps_41, 993426, 19286, 1802296.868916, inf, 173.41040462427745, 582.7017890144543, 136247.173495, 1617256.190902, 1.524028, 43690.168704, 5101.811787, 0, 7093, 6343, 10350001, 31956485, 407622829, 449929315, 1008156, 9725, 1068080.9452230001, inf, 348.83720930232556, 1130.20975477044, 259179.222861, 781975.289171, 0.579477, 21646.684559, 5279.169155, 0, 3526, 5139, 5130001, 60144644, 196930261, 262204906, 992956, 6412, 778145.264171, inf, 697.6744186046511, 1957.7903030562138, 403680.718099, 358272.653297, 0.102161, 10943.352342, 5248.438272, 0, 1763, 4062, 2550001, 92858388, 90851533, 186259922
30000, 30000, 0, 0, fixed_reps_5, 995379, 21239, 381549.9814, inf, 173.41040462427745, 582.7017890144543, 136247.173495, 200972.447818, 1.494332, 43690.168704, 638.697051, 0, 865, 26034, 10350001, 31956485, 49710253, 92016739, 1009316, 10885, 378463.062798, inf, 348.83720930232556, 1130.20975477044, 259179.222861, 96987.749931, 0.397084, 21646.684559, 649.008363, 0, 430, 15722, 5130001, 60144644, 24015961, 89290606, 993549, 7005, 462246.71896499995, inf, 697.6744186046511, 1957.7903030562138, 403680.718099, 46972.485481, 0.101781, 10943.352342, 650.061262, 0, 215, 8095, 2550001, 92858388, 11079493, 106487882
30000, 30000, 0, 0, fixed_reps_7, 994558, 20418, 460464.784672, inf, 173.41040462427745, 582.7017890144543, 136247.173495, 279643.086646, 1.500354, 43690.168704, 882.855473, 0, 1211, 22638, 10350001, 31956485, 69594285, 111900771, 1008674, 10243, 416758.90008800005, inf, 348.83720930232556, 1130.20975477044, 259179.222861, 135033.628854, 0.402285, 21646.684559, 898.961529, 0, 602, 13896, 5130001, 60144644, 33622311, 98896956, 993517, 6973, 477185.92169299995, inf, 697.6744186046511, 1957.7903030562138, 403680.718099, 61647.418373, 0.104526, 10943.352342, 914.328353, 0, 301, 7378, 2550001, 92858388, 15511273, 110919662
30000, 30000, 0, 0, fixed_reps_9, 994380, 20240, 543084.104909, inf, 173.41040462427745, 582.7017890144543, 136247.173495, 362010.090591, 1.510012, 43690.168704, 1135.162107, 0, 1557, 19176, 10350001, 31956485, 89478317, 131784803, 1008640, 10209, 455796.708667, inf, 348.83720930232556, 1130.20975477044, 259179.222861, 173814.980581, 0.394089, 21646.684559, 1155.426577, 0, 774, 12328, 5130001, 60144644, 43228661, 108503306, 993423, 6879, 495079.772713, inf, 697.6744186046511, 1957.7903030562138, 403680.718099, 79284.08188, 0.097923, 10943.352342, 1171.522469, 0, 387, 6686, 2550001, 92858388, 19943053, 115351442
30000, 30000, 0, 0, greedy_1.000000, 1001323, 27183, 222482.602653, inf, 173.41040462427745, 582.7017890144543, 136247.173495, 42398.049123, 1.49825, 43690.168704, 145.703312, 0.009769, 173, 45240, 10350001, 31956485, 9942189, 52248675, 1012449, 14018, 301581.267013, inf, 348.83720930232556, 1130.20975477044, 259179.222861, 20613.039709, 0.395622, 21646.684559, 141.918802, 0.00546, 86, 25258, 5130001, 60144644, 4803261, 70077906, 995438, 8894, 424253.383331, inf, 697.6744186046511, 1957.7903030562138, 403680.718099, 9483.384121, 0.099597, 10943.352342, 145.826096, 0.003076, 43, 13058, 2550001, 92858388, 2215933, 97624322
30000, 30000, 0, 0, greedy_11.000000, 994042, 19902, 820862.305646, inf, 173.41040462427745, 582.7017890144543, 136247.173495, 427583.25306, 1.47177, 43690.168704, 213339.775539, 0.463078, 1903, 13495, 10350001, 31956485, 158296983, 200603469, 1008418, 9987, 597791.992446, inf, 348.83720930232556, 1130.20975477044, 259179.222861, 209550.128137, 0.493626, 21646.684559, 107415.287223, 0.17604, 946, 9333, 5130001, 60144644, 77349228, 142623873, 993257, 6713, 562119.238324, inf, 697.6744186046511, 1957.7903030562138, 403680.718099, 91919.081608, 0.098965, 10943.352342, 55575.904805, 0.082505, 473, 6410, 2550001, 92858388, 35730003, 131138392
30000, 30000, 0, 0, greedy_13.000000, 993971, 19831, 906013.006389, inf, 173.41040462427745, 582.7017890144543, 136247.173495, 469719.127011, 1.483853, 43690.168704, 256354.323557, 0.729769, 2249, 13396, 10350001, 31956485, 178245267, 220551753, 1008403, 9972, 638158.410722, inf, 348.83720930232556, 1130.20975477044, 259179.222861, 225986.260101, 0.399609, 21646.684559, 131345.430287, 0.413305, 1118, 9249, 5130001, 60144644, 87009952, 152284597, 993256, 6712, 580049.924783, inf, 697.6744186046511, 1957.7903030562138, 403680.718099, 99524.144375, 0.107331, 10943.352342, 65901.487059, 0.115577, 559, 6365, 2550001, 92858388, 40207937, 135616326
30000, 30000, 0, 0, greedy_15.000000, 993949, 19809, 984236.093374, inf, 173.41040462427745, 582.7017890144543, 136247.173495, 505841.202331, 1.517114, 43690.168704, 298455.404924, 0.626806, 2595, 13358, 10350001, 31956485, 198193551, 240500037, 1008388, 9957, 675844.059078, inf, 348.83720930232556, 1130.20975477044, 259179.222861, 244668.509519, 0.407313, 21646.684559, 150348.998613, 0.236213, 1290, 9206, 5130001, 60144644, 96670676, 161945321, 993252, 6708, 598774.8691, inf, 697.6744186046511, 1957.7903030562138, 403680.718099, 107090.443311, 0.104777, 10943.352342, 77060.150303, 0.100268, 645, 6336, 2550001, 92858388, 44685871, 140094260
30000, 30000, 0, 0, greedy_17.000000, 993919, 19779, 1061170.2523460002, inf, 173.41040462427745, 582.7017890144543, 136247.173495, 541611.225786, 1.605962, 43690.168704, 339619.400949, 0.67745, 2941, 13335, 10350001, 31956485, 218141835, 260448321, 1008362, 9931, 715213.923236, inf, 348.83720930232556, 1130.20975477044, 259179.222861, 261823.074664, 0.410269, 21646.684559, 172564.280724, 0.250159, 1462, 9180, 5130001, 60144644, 106331400, 171606045, 993252, 6708, 617312.9358869999, inf, 697.6744186046511, 1957.7903030562138, 403680.718099, 114920.583531, 0.104035, 10943.352342, 87768.062163, 0.115717, 731, 6315, 2550001, 92858388, 49163805, 144572194
30000, 30000, 0, 0, greedy_19.000000, 993919, 19779, 1146745.313409, inf, 173.41040462427745, 582.7017890144543, 136247.173495, 582763.301981, 1.478553, 43690.168704, 384042.433055, 0.757621, 3287, 13322, 10350001, 31956485, 238090119, 280396605, 1008350, 9919, 753258.362213, inf, 348.83720930232556, 1130.20975477044, 259179.222861, 278641.950764, 0.404689, 21646.684559, 193789.821659, 0.277681, 1634, 9160, 5130001, 60144644, 115992124, 181266769, 993252, 6708, 636642.073774, inf, 697.6744186046511, 1957.7903030562138, 403680.718099, 123410.57385, 0.103153, 10943.352342, 98607.220932, 0.105398, 817, 6300, 2550001, 92858388, 53641739, 149050128
30000, 30000, 0, 0, greedy_21.000000, 993913, 19773, 1229197.8244230002, inf, 173.41040462427745, 582.7017890144543, 136247.173495, 621989.903895, 1.495184, 43690.168704, 427268.247828, 0.835317, 3633, 13314, 10350001, 31956485, 258038403, 300344889, 1008347, 9916, 795133.4907709999, inf, 348.83720930232556, 1130.20975477044, 259179.222861, 298073.785818, 0.40009, 21646.684559, 216233.110265, 0.287178, 1806, 9144, 5130001, 60144644, 125652848, 190927493, 993243, 6699, 655412.7469649999, inf, 697.6744186046511, 1957.7903030562138, 403680.718099, 131141.241082, 0.100869, 10943.352342, 109647.222222, 0.112351, 903, 6288, 2550001, 92858388, 58119673, 153528062
30000, 30000, 0, 0, greedy_23.000000, 993905, 19765, 1314156.774532, inf, 173.41040462427745, 582.7017890144543, 136247.173495, 661170.350995, 1.526322, 43690.168704, 473046.5762, 0.978816, 3979, 13309, 10350001, 31956485, 277986687, 320293173, 1008347, 9916, 840198.31883, inf, 348.83720930232556, 1130.20975477044, 259179.222861, 319328.12552, 0.50668, 21646.684559, 240043.351087, 0.428123, 1978, 9132, 5130001, 60144644, 135313572, 200588217, 993243, 6699, 675853.440155, inf, 697.6744186046511, 1957.7903030562138, 403680.718099, 137548.070478, 0.225693, 10943.352342, 123680.903624, 0.169919, 989, 6275, 2550001, 92858388, 62597607, 158005996
30000, 30000, 0, 0, greedy_25.000000, 993905, 19765, 1395222.4757110002, inf, 173.41040462427745, 582.7017890144543, 136247.173495, 698646.444337, 1.509238, 43690.168704, 516636.189149, 0.990788, 4325, 13307, 10350001, 31956485, 297934971, 340241457, 1008345, 9914, 871153.431127, inf, 348.83720930232556, 1130.20975477044, 259179.222861, 334200.471209, 0.407404, 21646.684559, 256126.313913, 0.331181, 2150, 9121, 5130001, 60144644, 144974296, 210248941, 993243, 6699, 693177.5751719999, inf, 697.6744186046511, 1957.7903030562138, 403680.718099, 146857.12049, 0.112731, 10943.352342, 131696.155914, 0.115596, 1075, 6265, 2550001, 92858388, 67075541, 162483930
30000, 30000, 0, 0, greedy_27.000000, 993905, 19765, 1478064.35238, inf, 173.41040462427745, 582.7017890144543, 136247.173495, 738413.156233, 1.51982, 43690.168704, 559711.283608, 1.05052, 4671, 13307, 10350001, 31956485, 317883255, 360189741, 1008330, 9899, 917041.67423, inf, 348.83720930232556, 1130.20975477044, 259179.222861, 353722.544884, 0.505768, 21646.684559, 282492.315156, 0.401002, 2322, 9111, 5130001, 60144644, 154635020, 219909665, 993217, 6673, 713789.912963, inf, 697.6744186046511, 1957.7903030562138, 403680.718099, 154108.592695, 0.189646, 10943.352342, 145056.792399, 0.267782, 1161, 6257, 2550001, 92858388, 71553475, 166961864
30000, 30000, 0, 0, greedy_29.000000, 993905, 19765, 1561191.7261550003, inf, 173.41040462427745, 582.7017890144543, 136247.173495, 777268.407572, 1.489403, 43690.168704, 603983.3613, 1.125681, 5017, 13307, 10350001, 31956485, 337831539, 380138025, 1008328, 9897, 952749.1878039999, inf, 348.83720930232556, 1130.20975477044, 259179.222861, 372414.753926, 0.412454, 21646.684559, 299507.719254, 0.39475, 2494, 9104, 5130001, 60144644, 164295744, 229570389, 993208, 6664, 730079.1702, inf, 697.6744186046511, 1957.7903030562138, 403680.718099, 161220.523655, 0.100468, 10943.352342, 154234.32804, 0.147596, 1247, 6248, 2550001, 92858388, 76031409, 171439798
30000, 30000, 0, 0, greedy_3.000000, 996792, 22652, 344396.688162, inf, 173.41040462427745, 582.7017890144543, 136247.173495, 121593.592106, 1.521082, 43690.168704, 42864.105777, 0.126998, 519, 28514, 10350001, 31956485, 40146221, 82452707, 1009527, 11096, 360502.190988, inf, 348.83720930232556, 1130.20975477044, 259179.222861, 58091.93543, 0.400871, 21646.684559, 21583.885732, 0.061535, 258, 16694, 5130001, 60144644, 19378776, 84653421, 994053, 7509, 452116.469359, inf, 697.6744186046511, 1957.7903030562138, 403680.718099, 26367.578847, 0.102542, 10943.352342, 11124.678837, 0.038692, 129, 8442, 2550001, 92858388, 9005323, 104413712
30000, 30000, 0, 0, greedy_31.000000, 993905, 19765, 1641984.2370590002, inf, 173.41040462427745, 582.7017890144543, 136247.173495, 815922.863376, 1.488993, 43690.168704, 646121.343082, 1.199409, 5363, 13307, 10350001, 31956485, 357779823, 400086309, 1008325, 9894, 992920.079435, inf, 348.83720930232556, 1130.20975477044, 259179.222861, 388520.482461, 0.418385, 21646.684559, 323572.879545, 0.391624, 2666, 9097, 5130001, 60144644, 173956468, 239231113, 993199, 6655, 750509.5127069999, inf, 697.6744186046511, 1957.7903030562138, 403680.718099, 170522.193952, 0.127168, 10943.352342, 165362.971686, 0.14946, 1333, 6241, 2550001, 92858388, 80509343, 175917732
30000, 30000, 0, 0, greedy_33.000000, 993905, 19765, 1723529.215998, inf, 173.41040462427745, 582.7017890144543, 136247.173495, 853904.194139, 1.300629, 43690.168704, 689685.116313, 1.262718, 5709, 13307, 10350001, 31956485, 377728107, 420034593, 1008316, 9885, 1034941.2380850001, inf, 348.83720930232556, 1130.20975477044, 259179.222861, 410589.623613, 0.411572, 21646.684559, 343524.870563, 0.424917, 2838, 9091, 5130001, 60144644, 183617192, 248891837, 993199, 6655, 766915.351237, inf, 697.6744186046511, 1957.7903030562138, 403680.718099, 177298.515178, 0.108874, 10943.352342, 174992.517303, 0.139441, 1419, 6235, 2550001, 92858388, 84987277, 180395666
30000, 30000, 0, 0, greedy_35.000000, 993905, 19765, 1802592.628474, inf, 173.41040462427745, 582.7017890144543, 136247.173495, 891685.216869, 1.707161, 43690.168704, 730967.027963, 1.334282, 6055, 13307, 10350001, 31956485, 397676391, 439982877, 1008311, 9880, 1077221.6666040001, inf, 348.83720930232556, 1130.20975477044, 259179.222861, 427062.482722, 0.427081, 21646.684559, 369332.327082, 0.522299, 3010, 9084, 5130001, 60144644, 193277916, 258552561, 993199, 6655, 786131.511126, inf, 697.6744186046511, 1957.7903030562138, 403680.718099, 184113.274209, 0.104416, 10943.352342, 187393.917599, 0.144461, 1505, 6229, 2550001, 92858388, 89465211, 184873600
30000, 30000, 0, 0, greedy_37.000000, 993905, 19765, 1886188.670065, inf, 173.41040462427745, 582.7017890144543, 136247.173495, 932812.433791, 1.51953, 43690.168704, 773435.97453, 1.400015, 6401, 13307, 10350001, 31956485, 417624675, 459931161, 1008311, 9880, 1107629.121374, inf, 348.83720930232556, 1130.20975477044, 259179.222861, 442803.012629, 0.409137, 21646.684559, 383999.204977, 0.587211, 3182, 9080, 5130001, 60144644, 202938640, 268213285, 993199, 6655, 803254.1738199999, inf, 697.6744186046511, 1957.7903030562138, 403680.718099, 191889.027951, 0.105989, 10943.352342, 196740.826321, 0.143118, 1591, 6224, 2550001, 92858388, 93943145, 189351534
30000, 30000, 0, 0, greedy_39.000000, 993905, 19765, 1965641.817627, inf, 173.41040462427745, 582.7017890144543, 136247.173495, 972239.951026, 1.523227, 43690.168704, 813461.490763, 1.510412, 6747, 13307, 10350001, 31956485, 437572959, 479879445, 1008309, 9878, 1149637.939031, inf, 348.83720930232556, 1130.20975477044, 259179.222861, 461962.311422, 0.411802, 21646.684559, 406848.663398, 0.644989, 3354, 9076, 5130001, 60144644, 212599364, 277874009, 993199, 6655, 822366.2471800001, inf, 697.6744186046511, 1957.7903030562138, 403680.718099, 199640.451535, 0.090179, 10943.352342, 208101.495133, 0.139892, 1677, 6219, 2550001, 92858388, 98421079, 193829468
30000, 30000, 0, 0, greedy_5.000000, 995446, 21306, 468856.54213400005, inf, 173.41040462427745, 582.7017890144543, 136247.173495, 201993.027207, 1.488972, 43690.168704, 86924.459646, 0.22411, 865, 23022, 10350001, 31956485, 70182009, 112488495, 1009047, 10616, 420235.204873, inf, 348.83720930232556, 1130.20975477044, 259179.222861, 96354.917846, 0.394529, 21646.684559, 43053.894838, 0.09024, 430, 13610, 5130001, 60144644, 34092768, 99367413, 993593, 7049, 480707.32068599993, inf, 697.6744186046511, 1957.7903030562138, 403680.718099, 43998.796402, 0.108594, 10943.352342, 22084.305074, 0.040175, 215, 7660, 2550001, 92858388, 16001241, 111409630
30000, 30000, 0, 0, greedy_7.000000, 994761, 20621, 589263.058562, inf, 173.41040462427745, 582.7017890144543, 136247.173495, 280795.889445, 1.69087, 43690.168704, 128527.801892, 0.334156, 1211, 18243, 10350001, 31956485, 100266145, 142572631, 1008568, 10137, 479655.109152, inf, 348.83720930232556, 1130.20975477044, 259179.222861, 134412.376085, 0.401553, 21646.684559, 64416.299911, 0.124183, 602, 11628, 5130001, 60144644, 48911428, 114186073, 993497, 6953, 508882.84579899994, inf, 697.6744186046511, 1957.7903030562138, 403680.718099, 61224.707894, 0.084177, 10943.352342, 33033.913236, 0.070051, 301, 7030, 2550001, 92858388, 22847279, 118255668
30000, 30000, 0, 0, greedy_9.000000, 994213, 20073, 707850.154605, inf, 173.41040462427745, 582.7017890144543, 136247.173495, 357397.140659, 1.460588, 43690.168704, 170513.83809, 0.373069, 1557, 15761, 10350001, 31956485, 130585433, 172891919, 1008456, 10025, 538955.935589, inf, 348.83720930232556, 1130.20975477044, 259179.222861, 172110.972949, 0.408977, 21646.684559, 86018.507593, 0.13865, 774, 10090, 5130001, 60144644, 63550160, 128824805, 993319, 6775, 538598.176691, inf, 697.6744186046511, 1957.7903030562138, 403680.718099, 79839.440642, 0.125175, 10943.352342, 44134.465052, 0.075381, 387, 6670, 2550001, 92858388, 29903149, 125311538
30000, 30000, 0, 0, opt, 993190, 19050, 3633259.3040259997, inf, 173.41040462427745, 582.7017890144543, 136247.173495, 3453320.601767, 1.36006, 43690.168704, 0, 0, 0, 0, 10350001, 31956485, 828900996, 871207482, 1007999, 9568, 3521479.617228, inf, 348.83720930232556, 1130.20975477044, 259179.222861, 3240653.365673, 0.344135, 21646.684559, 0, 0, 0, 0, 5130001, 60144644, 784695996, 849970641, 992836, 6292, 3185987.23168, inf, 697.6744186046511, 1957.7903030562138, 403680.718099, 2771363.068545, 0.092694, 10943.352342, 0, 0, 0, 0, 2550001, 92858388, 661540344, 756948733
30000, 30000, 0, 0, plus_edge, 998650, 24510, 222774.570186, inf, 173.41040462427745, 582.7017890144543, 136247.173495, 42835.885751, 1.342236, 43690.168704, 0, 0, 0, 0, 10350001, 31956485, 9941600, 52248086, 1010960, 12529, 301180.862572, inf, 348.83720930232556, 1130.20975477044, 259179.222861, 20354.608823, 0.346329, 21646.684559, 0, 0, 0, 0, 5130001, 60144644, 4780400, 70055045, 994879, 8335, 424090.311624, inf, 697.6744186046511, 1957.7903030562138, 403680.718099, 9466.156574, 0.084609, 10943.352342, 0, 0, 0, 0, 2550001, 92858388, 2187654, 97596043
30000, 30000, 0, 0, simple, 1001323, 27183, 222446.42602300004, inf, 173.41040462427745, 582.7017890144543, 136247.173495, 42507.711773, 1.372051, 43690.168704, 0, 0, 0, 0, 10350001, 31956485, 9912016, 52218502, 1012449, 14018, 301169.70817500004, inf, 348.83720930232556, 1130.20975477044, 259179.222861, 20343.464074, 0.336681, 21646.684559, 0, 0, 0, 0, 5130001, 60144644, 4773175, 70047820, 995438, 8894, 424178.633537, inf, 697.6744186046511, 1957.7903030562138, 403680.718099, 9554.475101, 0.087995, 10943.352342, 0, 0, 0, 0, 2550001, 92858388, 2185890, 97594279
30000, 30000, 0, 0, dp_1.000000, 991915, 27732, 230952.233756, inf, 173.41040462427745, 597.2619697166214, 145383.80945, 41909.11898, 1.449889, 43496.50741, 161.336926, 0.011101, 173, 0, 10350001, 33442597, 9757289, 53549887, 994205, 14712, 283002.97611499997, inf, 348.83720930232556, 1088.7266710230183, 241926.165887, 19233.48659, 0.373801, 21702.752296, 140.190127, 0.007414, 86, 0, 5130001, 56186566, 4468956, 65785523, 970919, 7365, 490897.4401909999, inf, 697.6744186046511, 2101.2032623738974, 470743.279474, 8969.339795, 0.081212, 11040.466667, 144.268635, 0.004408, 43, 0, 2550001, 105373802, 2081953, 110005756
30000, 30000, 0, 0, dp_11.000000, 984812, 20629, 837872.527483, inf, 173.41040462427745, 597.2619697166214, 145383.80945, 433827.507382, 1.500314, 43496.50741, 215000.513062, 162.689865, 1903, 10875, 10350001, 33442597, 158921161, 202713759, 989548, 10055, 567835.8147239999, inf, 348.83720930232556, 1088.7266710230183, 241926.165887, 196598.360453, 0.401843, 21702.752296, 107588.686856, 19.447389, 946, 7598, 5130001, 56186566, 74858973, 136175540, 968570, 5016, 629196.132374, inf, 697.6744186046511, 2101.2032623738974, 470743.279474, 92185.117817, 0.104196, 11040.466667, 55224.540732, 2.623488, 473, 4407, 2550001, 105373802, 35726466, 143650269
30000, 30000, 0, 0, dp_13.000000, 984698, 20515, 954387.4220529998, inf, 173.41040462427745, 597.2619697166214, 145383.80945, 506818.772312, 1.504411, 43496.50741, 258457.967107, 228.861363, 2249, 9347, 10350001, 33442597, 188761851, 232554449, 989472, 9979, 628369.6671099999, inf, 348.83720930232556, 1088.7266710230183, 241926.165887, 234589.063444, 0.398006, 21702.752296, 130124.19901, 27.088467, 1118, 6708, 5130001, 56186566, 88911545, 150228112, 968479, 4925, 656017.997606, inf, 697.6744186046511, 2101.2032623738974, 470743.279474, 108256.77205, 0.104736, 11040.466667, 65973.930231, 3.444448, 559, 4015, 2550001, 105373802, 42507996, 150431799
30000, 30000, 0, 0, dp_15.000000, 984625, 20442, 1076244.304868, inf, 173.41040462427745, 597.2619697166214, 145383.80945, 584661.663007, 1.503469, 43496.50741, 302392.81999, 308.001542, 2595, 8072, 10350001, 33442597, 218432882, 262225480, 989431, 9938, 682369.550399, inf, 348.83720930232556, 1088.7266710230183, 241926.165887, 268072.172376, 0.393718, 21702.752296, 150631.398159, 36.667963, 1290, 5964, 5130001, 56186566, 103053729, 164370296, 968450, 4896, 683045.7773299998, inf, 697.6744186046511, 2101.2032623738974, 470743.279474, 124488.186211, 0.108453, 11040.466667, 76769.047865, 4.68866, 645, 3705, 2550001, 105373802, 49199547, 157123350
30000, 30000, 0, 0, dp_17.000000, 984527, 20344, 1202239.877533, inf, 173.41040462427745, 597.2619697166214, 145383.80945, 667984.548997, 1.518899, 43496.50741, 344975.098122, 398.394655, 2941, 7035, 10350001, 33442597, 247660346, 291452944, 989338, 9845, 738373.5477110001, inf, 348.83720930232556, 1088.7266710230183, 241926.165887, 302452.480182, 0.398257, 21702.752296, 172244.28894, 47.462149, 1462, 5367, 5130001, 56186566, 116942374, 178258941, 968450, 4896, 711700.8144739999, inf, 697.6744186046511, 2101.2032623738974, 470743.279474, 141879.178486, 0.104787, 11040.466667, 88031.765335, 6.019725, 731, 3417, 2550001, 105373802, 55981077, 163904880
30000, 30000, 0, 0, dp_19.000000, 984484, 20301, 1322762.997543, inf, 173.41040462427745, 597.2619697166214, 145383.80945, 746098.980593, 1.506254, 43496.50741, 387282.355188, 499.838648, 3287, 6192, 10350001, 33442597, 277285341, 321077939, 989233, 9740, 798725.645255, inf, 348.83720930232556, 1088.7266710230183, 241926.165887, 340877.687491, 0.472806, 21702.752296, 194158.933984, 59.632791, 1634, 4874, 5130001, 56186566, 130965282, 192281849, 968450, 4896, 738924.4218399998, inf, 697.6744186046511, 2101.2032623738974, 470743.279474, 158452.592996, 0.106129, 11040.466667, 98680.5978, 7.378774, 817, 3145, 2550001, 105373802, 62762607, 170686410
30000, 30000, 0, 0, dp_21.000000, 984459, 20276, 1442665.417005, inf, 173.41040462427745, 597.2619697166214, 145383.80945, 823787.901652, 1.507146, 43496.50741, 429383.31482, 612.376527, 3633, 5520, 10350001, 33442597, 307232679, 351025277, 989143, 9650, 862181.162744, inf, 348.83720930232556, 1088.7266710230183, 241926.165887, 378732.27603, 0.41062, 21702.752296, 219744.560123, 74.997788, 1806, 4436, 5130001, 56186566, 145040257, 206356824, 968447, 4893, 767669.514459, inf, 697.6744186046511, 2101.2032623738974, 470743.279474, 175836.527018, 0.104576, 11040.466667, 110039.93042, 9.206304, 903, 2910, 2550001, 105373802, 69544137, 177467940
30000, 30000, 0, 0, dp_23.000000, 984432, 20249, 1555175.255127, inf, 173.41040462427745, 597.2619697166214, 145383.80945, 892407.549351, 1.52513, 43496.50741, 473149.607352, 736.256434, 3979, 4937, 10350001, 33442597, 337030562, 380823160, 989138, 9645, 911103.518041, inf, 348.83720930232556, 1088.7266710230183, 241926.165887, 410063.570585, 0.39436, 21702.752296, 237321.079861, 89.555052, 1978, 4062, 5130001, 56186566, 158980814, 220297381, 968437, 4883, 795425.214921, inf, 697.6744186046511, 2101.2032623738974, 470743.279474, 192691.330452, 0.105247, 11040.466667, 120938.787303, 11.245778, 989, 2719, 2550001, 105373802, 76325667, 184249470
30000, 30000, 0, 0, dp_25.000000, 984383, 20200, 1681082.722239, inf, 173.41040462427745, 597.2619697166214, 145383.80945, 974807.81879, 1.509841, 43496.50741, 516517.427513, 875.649235, 4325, 4421, 10350001, 33442597, 366738772, 410531370, 989134, 9641, 970331.115645, inf, 348.83720930232556, 1088.7266710230183, 241926.165887, 447717.667121, 0.395942, 21702.752296, 258877.835463, 106.298936, 2150, 3734, 5130001, 56186566, 172675713, 233992280, 968412, 4858, 824719.9038709998, inf, 697.6744186046511, 2101.2032623738974, 470743.279474, 210973.789598, 0.088927, 11040.466667, 131949.414409, 12.864796, 1075, 2554, 2550001, 105373802, 83047211, 190971014
30000, 30000, 0, 0, dp_27.000000, 984369, 20186, 2179491.155153, inf, 173.41040462427745, 597.2619697166214, 145383.80945, 1428444.734158, 1.50354, 43496.50741, 561145.386261, 1019.214334, 4671, 3980, 10350001, 33442597, 396357309, 440149907, 989119, 9626, 1025125.606993, inf, 348.83720930232556, 1088.7266710230183, 241926.165887, 480333.492773, 0.399519, 21702.752296, 281038.999897, 123.796621, 2322, 3433, 5130001, 56186566, 186817897, 248134464, 968412, 4858, 850859.517212, inf, 697.6744186046511, 2101.2032623738974, 470743.279474, 226703.415577, 0.120246, 11040.466667, 142357.21977, 15.015478, 1161, 2406, 2550001, 105373802, 89378846, 197302649
30000, 30000, 0, 0, dp_29.000000, 984353, 20170, 1916033.922543, inf, 173.41040462427745, 597.2619697166214, 145383.80945, 1126413.231702, 1.466009, 43496.50741, 599562.76408, 1176.143892, 5017, 3582, 10350001, 33442597, 425878055, 469670653, 989114, 9621, 1074749.379525, inf, 348.83720930232556, 1088.7266710230183, 241926.165887, 509702.849294, 0.414738, 21702.752296, 301274.621779, 142.575531, 2494, 3174, 5130001, 56186566, 200198379, 261514946, 968410, 4856, 879978.5302289999, inf, 697.6744186046511, 2101.2032623738974, 470743.279474, 242758.187082, 0.103384, 11040.466667, 155418.667134, 17.826488, 1247, 2266, 2550001, 105373802, 96070397, 203994200
30000, 30000, 0, 0, dp_3.000000, 987308, 23125, 351610.235345, inf, 173.41040462427745, 597.2619697166214, 145383.80945, 119340.274959, 1.592776, 43496.50741, 43379.445367, 8.605383, 519, 24205, 10350001, 33442597, 39621412, 83414010, 990880, 11387, 340925.98622900003, inf, 348.83720930232556, 1088.7266710230183, 241926.165887, 55481.501491, 0.392266, 21702.752296, 21813.920708, 1.253581, 258, 14037, 5130001, 56186566, 18611140, 79927707, 969200, 5646, 518271.50944899995, inf, 697.6744186046511, 2101.2032623738974, 470743.279474, 25316.536329, 0.110848, 11040.466667, 11170.920795, 0.195336, 129, 8258, 2550001, 105373802, 8750311, 116674114
30000, 30000, 0, 0, dp_31.000000, 984326, 20143, 2039338.9547440002, inf, 173.41040462427745, 597.2619697166214, 145383.80945, 1205583.207421, 1.484344, 43496.50741, 643529.957473, 1343.988646, 5363, 3223, 10350001, 33442597, 455616156, 499408754, 989109, 9616, 1133705.152643, inf, 348.83720930232556, 1088.7266710230183, 241926.165887, 548293.139357, 0.396664, 21702.752296, 321619.283802, 163.414637, 2666, 2929, 5130001, 56186566, 214250951, 275567518, 968410, 4856, 906181.2576209999, inf, 697.6744186046511, 2101.2032623738974, 470743.279474, 259919.084949, 0.103023, 11040.466667, 164458.444662, 19.878846, 1333, 2142, 2550001, 105373802, 102851927, 210775730
30000, 30000, 0, 0, dp_33.000000, 984298, 20115, 2162559.64451, inf, 173.41040462427745, 597.2619697166214, 145383.80945, 1287457.965005, 1.534317, 43496.50741, 684693.950055, 1525.878273, 5709, 2887, 10350001, 33442597, 485270212, 529062810, 989076, 9583, 1200672.1842689998, inf, 348.83720930232556, 1088.7266710230183, 241926.165887, 588103.764738, 0.408506, 21702.752296, 348753.655942, 185.4369, 2838, 2710, 5130001, 56186566, 227429806, 288746373, 968408, 4854, 931828.5963440001, inf, 697.6744186046511, 2101.2032623738974, 470743.279474, 274526.3484, 0.102853, 11040.466667, 175495.793193, 22.605757, 1419, 2027, 2550001, 105373802, 109633457, 217557260
30000, 30000, 0, 0, dp_35.000000, 984270, 20087, 2283167.90203, inf, 173.41040462427745, 597.2619697166214, 145383.80945, 1360769.000976, 1.519179, 43496.50741, 731800.33252, 1716.732495, 6055, 2598, 10350001, 33442597, 515068095, 558860693, 989074, 9581, 1250745.2799769999, inf, 348.83720930232556, 1088.7266710230183, 241926.165887, 617322.016018, 0.344736, 21702.752296, 369584.961311, 209.039729, 3010, 2521, 5130001, 56186566, 240989822, 302306389, 968404, 4850, 962164.451315, inf, 697.6744186046511, 2101.2032623738974, 470743.279474, 293752.294385, 0.098945, 11040.466667, 186602.576109, 25.735735, 1505, 1915, 2550001, 105373802, 116325008, 224248811
30000, 30000, 0, 0, dp_37.000000, 984270, 20087, 2414232.5023769997, inf, 173.41040462427745, 597.2619697166214, 145383.80945, 1450722.849409, 1.499852, 43496.50741, 772708.256857, 1919.579399, 6401, 2352, 10350001, 33442597, 544032259, 587824857, 989072, 9579, 1308592.402774, inf, 348.83720930232556, 1088.7266710230183, 241926.165887, 657488.546197, 0.401463, 21702.752296, 387240.540584, 233.996347, 3182, 2356, 5130001, 56186566, 255132006, 316448573, 968394, 4840, 986569.5588679999, inf, 697.6744186046511, 2101.2032623738974, 470743.279474, 307329.56738, 0.105397, 11040.466667, 197427.714867, 28.425083, 1591, 1822, 2550001, 105373802, 123106538, 231030341
30000, 30000, 0, 0, dp_39.000000, 984257, 20074, 2538701.361873, inf, 173.41040462427745, 597.2619697166214, 145383.80945, 1529991.516323, 1.504793, 43496.50741, 817695.671368, 2132.352529, 6747, 2127, 10350001, 33442597, 573579667, 617372265, 989071, 9578, 1363716.0181230002, inf, 348.83720930232556, 1088.7266710230183, 241926.165887, 684536.227884, 0.398357, 21702.752296, 415289.967996, 260.505703, 3354, 2211, 5130001, 56186566, 268550188, 329866755, 968394, 4840, 1015997.7541679998, inf, 697.6744186046511, 2101.2032623738974, 470743.279474, 326031.729611, 0.102733, 11040.466667, 208150.531153, 31.64453, 1677, 1739, 2550001, 105373802, 129888068, 237811871
30000, 30000, 0, 0, dp_5.000000, 986093, 21910, 472653.580196, inf, 173.41040462427745, 597.2619697166214, 145383.80945, 197839.675739, 1.485746, 43496.50741, 85902.988562, 29.113289, 865, 18804, 10350001, 33442597, 69568750, 113361348, 990116, 10623, 397855.463191, inf, 348.83720930232556, 1088.7266710230183, 241926.165887, 90628.240288, 0.39465, 21702.752296, 43594.290143, 3.619927, 430, 11499, 5130001, 56186566, 32723505, 94040072, 968939, 5385, 546087.6916039999, inf, 697.6744186046511, 2101.2032623738974, 470743.279474, 42161.438428, 0.088065, 11040.466667, 22141.873137, 0.545833, 215, 6658, 2550001, 105373802, 15531841, 123455644
30000, 30000, 0, 0, dp_7.000000, 985577, 21394, 595054.1924470001, inf, 173.41040462427745, 597.2619697166214, 145383.80945, 276873.374723, 1.490505, 43496.50741, 129238.018559, 60.9918, 1211, 15343, 10350001, 33442597, 99186457, 142979055, 989817, 10324, 455187.65176599997, inf, 348.83720930232556, 1088.7266710230183, 241926.165887, 126306.058316, 0.406012, 21702.752296, 65244.722024, 7.547231, 602, 9827, 5130001, 56186566, 46798480, 108115047, 968751, 5197, 573686.282119, inf, 697.6744186046511, 2101.2032623738974, 470743.279474, 58711.830453, 0.107872, 11040.466667, 33189.637403, 0.96025, 301, 5561, 2550001, 105373802, 22313371, 130237174
30000, 30000, 0, 0, dp_9.000000, 985000, 20817, 713855.168329, inf, 173.41040462427745, 597.2619697166214, 145383.80945, 353402.204542, 1.703855, 43496.50741, 171463.344098, 107.598974, 1557, 12803, 10350001, 33442597, 129133795, 172926393, 989708, 10215, 512664.651118, inf, 348.83720930232556, 1088.7266710230183, 241926.165887, 162319.583327, 0.41063, 21702.752296, 86702.930012, 12.808966, 774, 8592, 5130001, 56186566, 60716789, 122033356, 968671, 5117, 601424.9003519999, inf, 697.6744186046511, 2101.2032623738974, 470743.279474, 75462.188091, 0.108674, 11040.466667, 44177.241617, 1.615829, 387, 4874, 2550001, 105373802, 29094901, 137018704
30000, 30000, 0, 0, fixed_reps_1, 991915, 27732, 231274.811786, inf, 173.41040462427745, 597.2619697166214, 145383.80945, 42226.175262, 1.46642, 43496.50741, 166.853244, 0, 173, 44495, 10350001, 33442597, 9757289, 53549887, 994205, 14712, 282921.09871600004, inf, 348.83720930232556, 1088.7266710230183, 241926.165887, 19126.838722, 0.389992, 21702.752296, 164.951819, 0, 86, 25488, 5130001, 56186566, 4468956, 65785523, 970919, 7365, 490987.22914899996, inf, 697.6744186046511, 2101.2032623738974, 470743.279474, 9033.743228, 0.088856, 11040.466667, 169.650924, 0, 43, 14050, 2550001, 105373802, 2081953, 110005756
30000, 30000, 0, 0, fixed_reps_11, 984976, 20793, 620406.7626700001, inf, 173.41040462427745, 597.2619697166214, 145383.80945, 430119.477626, 1.724073, 43496.50741, 1405.244111, 0, 1903, 16757, 10350001, 33442597, 107328449, 151121047, 989696, 10203, 460397.424259, inf, 348.83720930232556, 1088.7266710230183, 241926.165887, 195367.740676, 0.398257, 21702.752296, 1400.367143, 0, 946, 10381, 5130001, 56186566, 49157656, 110474223, 968628, 5074, 573757.92196, inf, 697.6744186046511, 2101.2032623738974, 470743.279474, 90547.138204, 0.100478, 11040.466667, 1426.937137, 0, 473, 6119, 2550001, 105373802, 22901053, 130824856
30000, 30000, 0, 0, fixed_reps_13, 984900, 20717, 697672.5403130001, inf, 173.41040462427745, 597.2619697166214, 145383.80945, 507148.763823, 1.485146, 43496.50741, 1641.974484, 0, 2249, 15244, 10350001, 33442597, 126842681, 170635279, 989600, 10107, 495893.90889300004, inf, 348.83720930232556, 1088.7266710230183, 241926.165887, 230561.979129, 0.391154, 21702.752296, 1702.620427, 0, 1118, 9780, 5130001, 56186566, 58095396, 119411963, 968628, 5074, 590317.4014399999, inf, 697.6744186046511, 2101.2032623738974, 470743.279474, 106853.242116, 0.106409, 11040.466667, 1680.306774, 0, 559, 5776, 2550001, 105373802, 27064873, 134988676
30000, 30000, 0, 0, fixed_reps_15, 984835, 20652, 775207.7822159999, inf, 173.41040462427745, 597.2619697166214, 145383.80945, 584436.742434, 1.488131, 43496.50741, 1889.234791, 0, 2595, 14015, 10350001, 33442597, 146356913, 190149511, 989524, 10031, 531268.828485, inf, 348.83720930232556, 1088.7266710230183, 241926.165887, 265711.086416, 0.387988, 21702.752296, 1928.435898, 0, 1290, 9160, 5130001, 56186566, 67033136, 128349703, 968604, 5050, 607114.158125, inf, 697.6744186046511, 2101.2032623738974, 470743.279474, 123394.190417, 0.101009, 11040.466667, 1936.120558, 0, 645, 5439, 2550001, 105373802, 31228693, 139152496
30000, 30000, 0, 0, fixed_reps_17, 984802, 20619, 857187.1704920001, inf, 173.41040462427745, 597.2619697166214, 145383.80945, 666172.122698, 1.488611, 43496.50741, 2133.242323, 0, 2941, 12689, 10350001, 33442597, 165871145, 209663743, 989477, 9984, 566915.789337, inf, 348.83720930232556, 1088.7266710230183, 241926.165887, 301111.722606, 0.397886, 21702.752296, 2174.750662, 0, 1462, 8666, 5130001, 56186566, 75970876, 137287443, 968576, 5022, 624101.190934, inf, 697.6744186046511, 2101.2032623738974, 470743.279474, 140116.101748, 0.105628, 11040.466667, 2201.237417, 0, 731, 5118, 2550001, 105373802, 35392513, 143316316
30000, 30000, 0, 0, fixed_reps_19, 984750, 20567, 929635.843076, inf, 173.41040462427745, 597.2619697166214, 145383.80945, 738374.511376, 1.523958, 43496.50741, 2379.490882, 0, 3287, 11766, 10350001, 33442597, 185385377, 229177975, 989412, 9919, 607190.447074, inf, 348.83720930232556, 1088.7266710230183, 241926.165887, 341121.294699, 0.391885, 21702.752296, 2439.842307, 0, 1634, 8260, 5130001, 56186566, 84908616, 146225183, 968538, 4984, 639881.798878, inf, 697.6744186046511, 2101.2032623738974, 470743.279474, 155651.471205, 0.103424, 11040.466667, 2446.478108, 0, 817, 4653, 2550001, 105373802, 39556333, 147480136
30000, 30000, 0, 0, fixed_reps_21, 984721, 20538, 1011344.3779709999, inf, 173.41040462427745, 597.2619697166214, 145383.80945, 819823.166891, 1.533556, 43496.50741, 2639.360664, 0, 3633, 10957, 10350001, 33442597, 204899609, 248692207, 989377, 9884, 637100.4158069999, inf, 348.83720930232556, 1088.7266710230183, 241926.165887, 370789.301105, 0.400311, 21702.752296, 2681.796208, 0, 1806, 7756, 5130001, 56186566, 93846356, 155162923, 968521, 4967, 656928.1156359998, inf, 697.6744186046511, 2101.2032623738974, 470743.279474, 172435.44425, 0.108894, 11040.466667, 2708.816351, 0, 903, 4314, 2550001, 105373802, 43720153, 151643956
30000, 30000, 0, 0, fixed_reps_23, 984653, 20470, 1086644.684654, inf, 173.41040462427745, 597.2619697166214, 145383.80945, 894868.684112, 1.509932, 43496.50741, 2894.17375, 0, 3979, 10270, 10350001, 33442597, 224413841, 268206439, 989369, 9876, 675172.5341419999, inf, 348.83720930232556, 1088.7266710230183, 241926.165887, 408610.382267, 0.397014, 21702.752296, 2932.836678, 0, 1978, 7304, 5130001, 56186566, 102784096, 164100663, 968492, 4938, 672621.6282529999, inf, 697.6744186046511, 2101.2032623738974, 470743.279474, 187851.519018, 0.104907, 11040.466667, 2986.258187, 0, 989, 4107, 2550001, 105373802, 47883973, 155807776
30000, 30000, 0, 0, fixed_reps_25, 984645, 20462, 1166810.782348, inf, 173.41040462427745, 597.2619697166214, 145383.80945, 974801.530988, 1.701892, 43496.50741, 3127.232608, 0, 4325, 9630, 10350001, 33442597, 243928073, 287720671, 989310, 9817, 713619.751482, inf, 348.83720930232556, 1088.7266710230183, 241926.165887, 446813.414193, 0.404859, 21702.752296, 3177.014247, 0, 2150, 6934, 5130001, 56186566, 111721836, 173038403, 968464, 4910, 689174.401189, inf, 697.6744186046511, 2101.2032623738974, 470743.279474, 204189.630068, 0.104095, 11040.466667, 3200.920885, 0, 1075, 3947, 2550001, 105373802, 52047793, 159971596
30000, 30000, 0, 0, fixed_reps_27, 984612, 20429, 1239090.204559, inf, 173.41040462427745, 597.2619697166214, 145383.80945, 1046792.0603, 1.478743, 43496.50741, 3416.348656, 0, 4671, 9105, 10350001, 33442597, 263442305, 307234903, 989266, 9773, 746297.9289739999, inf, 348.83720930232556, 1088.7266710230183, 241926.165887, 479256.991051, 0.391123, 21702.752296, 3411.628617, 0, 2322, 6610, 5130001, 56186566, 120659576, 181976143, 968442, 4888, 706925.739753, inf, 697.6744186046511, 2101.2032623738974, 470743.279474, 221673.634426, 0.104636, 11040.466667, 3468.25455, 0, 1161, 3822, 2550001, 105373802, 56211613, 164135416
30000, 30000, 0, 0, fixed_reps_29, 984606, 20423, 1320040.654756, inf, 173.41040462427745, 597.2619697166214, 145383.80945, 1127504.006415, 1.495635, 43496.50741, 3654.835846, 0, 5017, 8619, 10350001, 33442597, 282956537, 326749135, 989244, 9751, 784962.433886, inf, 348.83720930232556, 1088.7266710230183, 241926.165887, 517648.791715, 0.403476, 21702.752296, 3684.320512, 0, 2494, 6333, 5130001, 56186566, 129597316, 190913883, 968442, 4888, 725626.218089, inf, 697.6744186046511, 2101.2032623738974, 470743.279474, 240072.057654, 0.103353, 11040.466667, 3770.310941, 0, 1247, 3706, 2550001, 105373802, 60375433, 168299236
30000, 30000, 0, 0, fixed_reps_3, 987284, 23101, 310067.772708, inf, 173.41040462427745, 597.2619697166214, 145383.80945, 120790.733341, 1.537884, 43496.50741, 395.184623, 0, 519, 30101, 10350001, 33442597, 29271521, 73064119, 990857, 11364, 318512.186834, inf, 348.83720930232556, 1088.7266710230183, 241926.165887, 54483.959271, 0.390211, 21702.752296, 398.919169, 0, 258, 17786, 5130001, 56186566, 13406696, 74723263, 969502, 5948, 509237.63588799996, inf, 697.6744186046511, 2101.2032623738974, 470743.279474, 26816.50526, 0.104285, 11040.466667, 637.280202, 0, 129, 9844, 2550001, 105373802, 6245773, 114169576
30000, 30000, 0, 0, fixed_reps_31, 984580, 20397, 1407171.3873639998, inf, 173.41040462427745, 597.2619697166214, 145383.80945, 1214397.192235, 1.496316, 43496.50741, 3892.381953, 0, 5363, 8224, 10350001, 33442597, 302470769, 346263367, 989241, 9748, 815025.435303, inf, 348.83720930232556, 1088.7266710230183, 241926.165887, 547454.98534, 0.404248, 21702.752296, 3941.127532, 0, 2666, 6031, 5130001, 56186566, 138535056, 199851623, 968442, 4888, 739810.2298369999, inf, 697.6744186046511, 2101.2032623738974, 470743.279474, 254033.024949, 0.105287, 11040.466667, 3993.35346, 0, 1333, 3609, 2550001, 105373802, 64539253, 172463056
30000, 30000, 0, 0, fixed_reps_33, 984560, 20377, 1475404.5215369998, inf, 173.41040462427745, 597.2619697166214, 145383.80945, 1282373.993263, 1.477341, 43496.50741, 4148.734073, 0, 5709, 7760, 10350001, 33442597, 321985001, 365777599, 989223, 9730, 856571.590037, inf, 348.83720930232556, 1088.7266710230183, 241926.165887, 588745.241028, 0.402083, 21702.752296, 4197.028743, 0, 2838, 5743, 5130001, 56186566, 147472796, 208789363, 968440, 4886, 759057.803536, inf, 697.6744186046511, 2101.2032623738974, 470743.279474, 272994.509836, 0.110828, 11040.466667, 4279.436731, 0, 1419, 3461, 2550001, 105373802, 68703073, 176626876
30000, 30000, 0, 0, fixed_reps_35, 984560, 20377, 1552417.790568, inf, 173.41040462427745, 597.2619697166214, 145383.80945, 1359171.819458, 1.531032, 43496.50741, 4364.123218, 0, 6055, 7277, 10350001, 33442597, 341499233, 385291831, 989222, 9729, 893241.699159, inf, 348.83720930232556, 1088.7266710230183, 241926.165887, 625153.084264, 0.393348, 21702.752296, 4459.303364, 0, 3010, 5440, 5130001, 56186566, 156410536, 217727103, 968440, 4886, 773443.853845, inf, 697.6744186046511, 2101.2032623738974, 470743.279474, 287147.604514, 0.100909, 11040.466667, 4512.402281, 0, 1505, 3377, 2550001, 105373802, 72866893, 180790696
30000, 30000, 0, 0, fixed_reps_37, 984550, 20367, 1629999.6457540002, inf, 173.41040462427745, 597.2619697166214, 145383.80945, 1436487.683962, 1.523827, 43496.50741, 4630.121105, 0, 6401, 6833, 10350001, 33442597, 361013465, 404806063, 989220, 9727, 928578.359178, inf, 348.83720930232556, 1088.7266710230183, 241926.165887, 660250.994879, 0.398557, 21702.752296, 4698.047559, 0, 3182, 5193, 5130001, 56186566, 165348276, 226664843, 968437, 4883, 790777.096987, inf, 697.6744186046511, 2101.2032623738974, 470743.279474, 304205.396147, 0.100869, 11040.466667, 4787.85383, 0, 1591, 3302, 2550001, 105373802, 77030713, 184954516
30000, 30000, 0, 0, fixed_reps_39, 984527, 20344, 1720423.2711429999, inf, 173.41040462427745, 597.2619697166214, 145383.80945, 1526645.46813, 1.683618, 43496.50741, 4895.802535, 0, 6747, 6499, 10350001, 33442597, 380527697, 424320295, 989193, 9700, 960830.7702700001, inf, 348.83720930232556, 1088.7266710230183, 241926.165887, 692267.159648, 0.397826, 21702.752296, 4934.294613, 0, 3354, 4997, 5130001, 56186566, 174286016, 235602583, 968437, 4883, 806678.321997, inf, 697.6744186046511, 2101.2032623738974, 470743.279474, 319877.060416, 0.096451, 11040.466667, 5017.418989, 0, 1677, 3211, 2550001, 105373802, 81194533, 189118336
30000, 30000, 0, 0, fixed_reps_41, 984522, 20339, 1785724.276215, inf, 173.41040462427745, 597.2619697166214, 145383.80945, 1591719.268482, 1.528476, 43496.50741, 5123.162397, 0, 7093, 6189, 10350001, 33442597, 400041929, 443834527, 989184, 9691, 1001178.317005, inf, 348.83720930232556, 1088.7266710230183, 241926.165887, 732338.698242, 0.398096, 21702.752296, 5210.302484, 0, 3526, 4775, 5130001, 56186566, 183223756, 244540323, 968435, 4881, 823134.668919, inf, 697.6744186046511, 2101.2032623738974, 470743.279474, 336072.111394, 0.099426, 11040.466667, 5278.711958, 0, 1763, 3137, 2550001, 105373802, 85358353, 193282156
30000, 30000, 0, 0, fixed_reps_5, 985865, 21682, 388156.633057, inf, 173.41040462427745, 597.2619697166214, 145383.80945, 198624.120369, 1.704616, 43496.50741, 650.491212, 0, 865, 23783, 10350001, 33442597, 48785753, 92578351, 990340, 10847, 353923.44804299995, inf, 348.83720930232556, 1088.7266710230183, 241926.165887, 89647.349986, 0.39995, 21702.752296, 646.779924, 0, 430, 14805, 5130001, 56186566, 22344436, 83661003, 969029, 5475, 524094.449865, inf, 697.6744186046511, 2101.2032623738974, 470743.279474, 41645.217363, 0.108884, 11040.466667, 665.377477, 0, 215, 8665, 2550001, 105373802, 10409593, 118333396
30000, 30000, 0, 0, fixed_reps_7, 985377, 21194, 465312.93080900004, inf, 173.41040462427745, 597.2619697166214, 145383.80945, 275530.331552, 1.51431, 43496.50741, 900.768087, 0, 1211, 20831, 10350001, 33442597, 68299985, 112092583, 989958, 10465, 389491.6256, inf, 348.83720930232556, 1088.7266710230183, 241926.165887, 124963.646319, 0.393648, 21702.752296, 898.66745, 0, 602, 12586, 5130001, 56186566, 31282176, 92598743, 968890, 5336, 540693.0189639999, inf, 697.6744186046511, 2101.2032623738974, 470743.279474, 57956.833361, 0.103063, 11040.466667, 952.336399, 0, 301, 7564, 2550001, 105373802, 14573413, 122497216
30000, 30000, 0, 0, fixed_reps_9, 985096, 20913, 542635.3311269999, inf, 173.41040462427745, 597.2619697166214, 145383.80945, 352580.460696, 1.549606, 43496.50741, 1173.003965, 0, 1557, 18535, 10350001, 33442597, 87814217, 131606815, 989861, 10368, 425101.26649500005, inf, 348.83720930232556, 1088.7266710230183, 241926.165887, 160310.317115, 0.401914, 21702.752296, 1161.629283, 0, 774, 11014, 5130001, 56186566, 40219916, 101536483, 968712, 5158, 557284.6230449999, inf, 697.6744186046511, 2101.2032623738974, 470743.279474, 74285.933285, 0.107081, 11040.466667, 1214.836538, 0, 387, 6818, 2550001, 105373802, 18737233, 126661036
30000, 30000, 0, 0, greedy_1.000000, 991915, 27732, 230857.45011699997, inf, 173.41040462427745, 597.2619697166214, 145383.80945, 41814.317047, 1.469836, 43496.50741, 161.336926, 0.009448, 173, 44495, 10350001, 33442597, 9757289, 53549887, 994205, 14712, 283066.06064899993, inf, 348.83720930232556, 1088.7266710230183, 241926.165887, 19296.567407, 0.379522, 21702.752296, 140.190127, 0.00541, 86, 25488, 5130001, 56186566, 4468956, 65785523, 970919, 7365, 490863.92240299995, inf, 697.6744186046511, 2101.2032623738974, 470743.279474, 8935.815213, 0.089057, 11040.466667, 144.268635, 0.003357, 43, 14050, 2550001, 105373802, 2081953, 110005756
30000, 30000, 0, 0, greedy_11.000000, 984846, 20663, 826825.3934320001, inf, 173.41040462427745, 597.2619697166214, 145383.80945, 422942.47864, 1.61037, 43496.50741, 215000.513062, 0.4745, 1903, 13009, 10350001, 33442597, 156217225, 200009823, 989600, 10107, 566586.380181, inf, 348.83720930232556, 1088.7266710230183, 241926.165887, 195368.204198, 0.39477, 21702.752296, 107588.686856, 0.176174, 946, 8748, 5130001, 56186566, 74597863, 135914430, 968603, 5049, 620806.760407, inf, 697.6744186046511, 2101.2032623738974, 470743.279474, 83798.30049, 0.10655, 11040.466667, 55224.540732, 0.066494, 473, 5397, 2550001, 105373802, 33536977, 141460780
30000, 30000, 0, 0, greedy_13.000000, 984805, 20622, 904640.2925159999, inf, 173.41040462427745, 597.2619697166214, 145383.80945, 457299.994643, 1.475898, 43496.50741, 258457.967107, 0.538008, 2249, 12922, 10350001, 33442597, 175822277, 219614875, 989590, 10097, 605333.3369789999, inf, 348.83720930232556, 1088.7266710230183, 241926.165887, 211579.610865, 0.402274, 21702.752296, 130124.19901, 0.206647, 1118, 8614, 5130001, 56186566, 83618595, 144935162, 968561, 5007, 637103.4456949999, inf, 697.6744186046511, 2101.2032623738974, 470743.279474, 89345.580579, 0.101741, 11040.466667, 65973.930231, 0.087003, 559, 5361, 2550001, 105373802, 37739109, 145662912
30000, 30000, 0, 0, greedy_15.000000, 984766, 20583, 988833.468695, inf, 173.41040462427745, 597.2619697166214, 145383.80945, 497558.005413, 1.718893, 43496.50741, 302392.81999, 0.607539, 2595, 12882, 10350001, 33442597, 195427329, 239219927, 989559, 10066, 640972.9722340001, inf, 348.83720930232556, 1088.7266710230183, 241926.165887, 226712.081946, 0.344075, 21702.752296, 150631.398159, 0.229871, 1290, 8575, 5130001, 56186566, 92631911, 153948478, 968558, 5004, 654393.3888719998, inf, 697.6744186046511, 2101.2032623738974, 470743.279474, 95840.428935, 0.087263, 11040.466667, 76769.047865, 0.078668, 645, 5336, 2550001, 105373802, 41941241, 149865044
30000, 30000, 0, 0, greedy_17.000000, 984760, 20577, 1065856.204783, inf, 173.41040462427745, 597.2619697166214, 145383.80945, 531998.411962, 1.688296, 43496.50741, 344975.098122, 0.689543, 2941, 12856, 10350001, 33442597, 215032381, 258824979, 989525, 10032, 678174.1501140001, inf, 348.83720930232556, 1088.7266710230183, 241926.165887, 242300.295177, 0.395051, 21702.752296, 172244.28894, 0.252763, 1462, 8550, 5130001, 56186566, 101645227, 162961794, 968558, 5004, 673219.035287, inf, 697.6744186046511, 2101.2032623738974, 470743.279474, 103403.321903, 0.104606, 11040.466667, 88031.765335, 0.097302, 731, 5319, 2550001, 105373802, 46143373, 154067176
30000, 30000, 0, 0, greedy_19.000000, 984760, 20577, 1145725.647347, inf, 173.41040462427745, 597.2619697166214, 145383.80945, 569560.729317, 1.49287, 43496.50741, 387282.355188, 0.753112, 3287, 12837, 10350001, 33442597, 234637433, 278430031, 989513, 10020, 718645.097089, inf, 348.83720930232556, 1088.7266710230183, 241926.165887, 260856.421819, 0.34684, 21702.752296, 194158.933984, 0.476263, 1634, 8534, 5130001, 56186566, 110658543, 171975110, 968558, 5004, 689074.0251659999, inf, 697.6744186046511, 2101.2032623738974, 470743.279474, 108609.478134, 0.10633, 11040.466667, 98680.5978, 0.096761, 817, 5304, 2550001, 105373802, 50345505, 158269308
30000, 30000, 0, 0, greedy_21.000000, 984757, 20574, 1223764.3907950001, inf, 173.41040462427745, 597.2619697166214, 145383.80945, 605498.470293, 1.459978, 43496.50741, 429383.31482, 0.828844, 3633, 12825, 10350001, 33442597, 254242485, 298035083, 989508, 10015, 760189.6784500001, inf, 348.83720930232556, 1088.7266710230183, 241926.165887, 276815.411085, 0.409267, 21702.752296, 219744.560123, 0.379792, 1806, 8521, 5130001, 56186566, 119671859, 180988426, 968558, 5004, 707277.8994229999, inf, 697.6744186046511, 2101.2032623738974, 470743.279474, 115454.023478, 0.090329, 11040.466667, 110039.93042, 0.109055, 903, 5292, 2550001, 105373802, 54547637, 162471440
30000, 30000, 0, 0, greedy_23.000000, 984744, 20561, 1307501.114629, inf, 173.41040462427745, 597.2619697166214, 145383.80945, 645468.75451, 1.479384, 43496.50741, 473149.607352, 0.956523, 3979, 12815, 10350001, 33442597, 273847537, 317640135, 989505, 10012, 791391.896906, inf, 348.83720930232556, 1088.7266710230183, 241926.165887, 290441.157864, 0.406572, 21702.752296, 237321.079861, 0.334426, 1978, 8510, 5130001, 56186566, 128685175, 190001742, 968551, 4997, 725117.019564, inf, 697.6744186046511, 2101.2032623738974, 470743.279474, 122394.264374, 0.10688, 11040.466667, 120938.787303, 0.114866, 989, 5281, 2550001, 105373802, 58749769, 166673572
30000, 30000, 0, 0, greedy_25.000000, 984743, 20560, 1390244.701481, inf, 173.41040462427745, 597.2619697166214, 145383.80945, 684844.474513, 1.480366, 43496.50741, 516517.427513, 1.002229, 4325, 12809, 10350001, 33442597, 293452589, 337245187, 989494, 10001, 828090.924179, inf, 348.83720930232556, 1088.7266710230183, 241926.165887, 305583.409436, 0.39461, 21702.752296, 258877.835463, 0.366487, 2150, 8500, 5130001, 56186566, 137698491, 199015058, 968550, 4996, 742753.1473919998, inf, 697.6744186046511, 2101.2032623738974, 470743.279474, 129019.769495, 0.099155, 11040.466667, 131949.414409, 0.118192, 1075, 5273, 2550001, 105373802, 62951901, 170875704
30000, 30000, 0, 0, greedy_27.000000, 984743, 20560, 1478413.660803, inf, 173.41040462427745, 597.2619697166214, 145383.80945, 728385.414453, 1.504261, 43496.50741, 561145.386261, 1.038968, 4671, 12806, 10350001, 33442597, 313057641, 356850239, 989479, 9986, 866354.070235, inf, 348.83720930232556, 1088.7266710230183, 241926.165887, 321685.37645, 0.405821, 21702.752296, 281038.999897, 0.369884, 2322, 8491, 5130001, 56186566, 146711807, 208028374, 968550, 4996, 759404.1942389999, inf, 697.6744186046511, 2101.2032623738974, 470743.279474, 135263.001973, 0.102322, 11040.466667, 142357.21977, 0.124033, 1161, 5264, 2550001, 105373802, 67154033, 175077836
30000, 30000, 0, 0, greedy_29.000000, 984738, 20555, 1561154.4483100001, inf, 173.41040462427745, 597.2619697166214, 145383.80945, 772708.66339, 1.588038, 43496.50741, 599562.76408, 1.115942, 5017, 12803, 10350001, 33442597, 332662693, 376455291, 989479, 9986, 903837.678733, inf, 348.83720930232556, 1088.7266710230183, 241926.165887, 338933.357756, 0.388899, 21702.752296, 301274.621779, 0.392116, 2494, 8483, 5130001, 56186566, 155725123, 217041690, 968550, 4996, 778802.440461, inf, 697.6744186046511, 2101.2032623738974, 470743.279474, 141599.711013, 0.099086, 11040.466667, 155418.667134, 0.217087, 1247, 5258, 2550001, 105373802, 71356165, 179279968
30000, 30000, 0, 0, greedy_3.000000, 987640, 23457, 352008.531082, inf, 173.41040462427745, 597.2619697166214, 145383.80945, 119747.164175, 1.479285, 43496.50741, 43379.445367, 0.125395, 519, 25972, 10350001, 33442597, 39621412, 83414010, 990861, 11368, 340184.900404, inf, 348.83720930232556, 1088.7266710230183, 241926.165887, 54741.623421, 0.384331, 21702.752296, 21813.920708, 0.053761, 258, 15410, 5130001, 56186566, 18581321, 79897888, 969341, 5787, 518281.6058169999, inf, 697.6744186046511, 2101.2032623738974, 470743.279474, 25326.81028, 0.099427, 11040.466667, 11170.920795, 0.029174, 129, 8744, 2550001, 105373802, 8750311, 116674114
30000, 30000, 0, 0, greedy_31.000000, 984738, 20555, 1637845.8696, inf, 173.41040462427745, 597.2619697166214, 145383.80945, 805432.972888, 1.445241, 43496.50741, 643529.957473, 1.177138, 5363, 12803, 10350001, 33442597, 352267745, 396060343, 989479, 9986, 936066.4910529999, inf, 348.83720930232556, 1088.7266710230183, 241926.165887, 350817.514245, 0.350628, 21702.752296, 321619.283802, 0.424195, 2666, 8476, 5130001, 56186566, 164738439, 226055006, 968541, 4987, 794300.068138, inf, 697.6744186046511, 2101.2032623738974, 470743.279474, 148057.61385, 0.102863, 11040.466667, 164458.444662, 0.160622, 1333, 5252, 2550001, 105373802, 75558297, 183482100
30000, 30000, 0, 0, greedy_33.000000, 984738, 20555, 1712236.694678, inf, 173.41040462427745, 597.2619697166214, 145383.80945, 838659.657979, 1.507817, 43496.50741, 684693.950055, 1.261967, 5709, 12803, 10350001, 33442597, 371872797, 415665395, 989444, 9951, 984615.39145, inf, 348.83720930232556, 1088.7266710230183, 241926.165887, 372231.965358, 0.407915, 21702.752296, 348753.655942, 0.444052, 2838, 8469, 5130001, 56186566, 173751755, 235068322, 968532, 4978, 812586.8457699999, inf, 697.6744186046511, 2101.2032623738974, 470743.279474, 155307.057981, 0.10172, 11040.466667, 175495.793193, 0.146735, 1419, 5246, 2550001, 105373802, 79760429, 187684232
30000, 30000, 0, 0, greedy_35.000000, 984738, 20555, 1796548.83091, inf, 173.41040462427745, 597.2619697166214, 145383.80945, 875865.399613, 1.448356, 43496.50741, 731800.33252, 1.333561, 6055, 12803, 10350001, 33442597, 391477849, 435270447, 989435, 9942, 1020393.085426, inf, 348.83720930232556, 1088.7266710230183, 241926.165887, 387178.270218, 0.482394, 21702.752296, 369584.961311, 0.45332, 3010, 8463, 5130001, 56186566, 182765071, 244081638, 968532, 4978, 829654.206195, inf, 697.6744186046511, 2101.2032623738974, 470743.279474, 161267.620882, 0.101871, 11040.466667, 186602.576109, 0.161192, 1505, 5242, 2550001, 105373802, 83962561, 191886364
30000, 30000, 0, 0, greedy_37.000000, 984738, 20555, 1873425.6673609999, inf, 173.41040462427745, 597.2619697166214, 145383.80945, 911834.217511, 1.454627, 43496.50741, 772708.256857, 1.421506, 6401, 12803, 10350001, 33442597, 411082901, 454875499, 989435, 9942, 1054002.332955, inf, 348.83720930232556, 1088.7266710230183, 241926.165887, 403132.002935, 0.423794, 21702.752296, 387240.540584, 0.447459, 3182, 8458, 5130001, 56186566, 191778387, 253094954, 968517, 4963, 847053.498435, inf, 697.6744186046511, 2101.2032623738974, 470743.279474, 167841.784263, 0.098174, 11040.466667, 197427.714867, 0.15499, 1591, 5238, 2550001, 105373802, 88164693, 196088496
30000, 30000, 0, 0, greedy_39.000000, 984738, 20555, 1960916.3773329998, inf, 173.41040462427745, 597.2619697166214, 145383.80945, 954337.375213, 1.493841, 43496.50741, 817695.671368, 1.520051, 6747, 12803, 10350001, 33442597, 430687953, 474480551, 989425, 9932, 1095308.1718020001, inf, 348.83720930232556, 1088.7266710230183, 241926.165887, 416388.142209, 0.410229, 21702.752296, 415289.967996, 0.733185, 3354, 8453, 5130001, 56186566, 200791703, 262108270, 968517, 4963, 864492.9927949999, inf, 697.6744186046511, 2101.2032623738974, 470743.279474, 174558.471773, 0.085601, 11040.466667, 208150.531153, 0.158127, 1677, 5234, 2550001, 105373802, 92366825, 200290628
30000, 30000, 0, 0, greedy_5.000000, 986158, 21975, 473066.903268, inf, 173.41040462427745, 597.2619697166214, 145383.80945, 198281.888771, 1.482911, 43496.50741, 85902.988562, 0.226164, 865, 20801, 10350001, 33442597, 69568750, 113361348, 990187, 10694, 397029.203791, inf, 348.83720930232556, 1088.7266710230183, 241926.165887, 89805.517849, 0.390352, 21702.752296, 43594.290143, 0.087264, 430, 13132, 5130001, 56186566, 32484953, 93801520, 968869, 5315, 546280.625973, inf, 697.6744186046511, 2101.2032623738974, 470743.279474, 42354.875349, 0.102021, 11040.466667, 22141.873137, 0.029325, 215, 7467, 2550001, 105373802, 15501848, 123425651
30000, 30000, 0, 0, greedy_7.000000, 985391, 21208, 594029.1071940002, inf, 173.41040462427745, 597.2619697166214, 145383.80945, 275908.933168, 1.512666, 43496.50741, 129238.018559, 0.325941, 1211, 17394, 10350001, 33442597, 98927125, 142719723, 989860, 10367, 455036.87706, inf, 348.83720930232556, 1088.7266710230183, 241926.165887, 126162.703031, 0.400702, 21702.752296, 65244.722024, 0.13312, 602, 11220, 5130001, 56186566, 46403107, 107719674, 968821, 5267, 572389.5959419999, inf, 697.6744186046511, 2101.2032623738974, 470743.279474, 57416.061676, 0.10659, 11040.466667, 33189.637403, 0.044132, 301, 6652, 2550001, 105373802, 21953455, 129877258
30000, 30000, 0, 0, greedy_9.000000, 985002, 20819, 715001.1903279999, inf, 173.41040462427745, 597.2619697166214, 145383.80945, 354655.614801, 1.534026, 43496.50741, 171463.344098, 0.380543, 1557, 15014, 10350001, 33442597, 128874463, 172667061, 989676, 10183, 512058.5196, inf, 348.83720930232556, 1088.7266710230183, 241926.165887, 161726.114171, 0.398557, 21702.752296, 86702.930012, 0.158677, 774, 10028, 5130001, 56186566, 60545291, 121861858, 968652, 5098, 600177.5277669999, inf, 697.6744186046511, 2101.2032623738974, 470743.279474, 74216.374629, 0.11195, 11040.466667, 44177.241617, 0.05343, 387, 5952, 2550001, 105373802, 28734985, 136658788
30000, 30000, 0, 0, opt, 984189, 20006, 3491673.570665, inf, 173.41040462427745, 597.2619697166214, 145383.80945, 3302791.846356, 1.407449, 43496.50741, 0, 0, 0, 0, 10350001, 33442597, 796953842, 840746440, 989038, 9545, 3025492.418521, inf, 348.83720930232556, 1088.7266710230183, 241926.165887, 2761863.153127, 0.347211, 21702.752296, 0, 0, 0, 0, 5130001, 56186566, 668035057, 729351624, 968355, 4801, 2833924.1334810006, inf, 697.6744186046511, 2101.2032623738974, 470743.279474, 2352140.292222, 0.095118, 11040.466667, 0, 0, 0, 0, 2550001, 105373802, 565727966, 673651769
30000, 30000, 0, 0, plus_edge, 989581, 25398, 231281.86944799998, inf, 173.41040462427745, 597.2619697166214, 145383.80945, 42400.216183, 1.336405, 43496.50741, 0, 0, 0, 0, 10350001, 33442597, 9756700, 53549298, 993052, 13559, 282803.53978, inf, 348.83720930232556, 1088.7266710230183, 241926.165887, 19174.267844, 0.353753, 21702.752296, 0, 0, 0, 0, 5130001, 56186566, 4446095, 65762662, 970663, 7109, 490632.79551599995, inf, 697.6744186046511, 2101.2032623738974, 470743.279474, 8848.962573, 0.086802, 11040.466667, 0, 0, 0, 0, 2550001, 105373802, 2053674, 109977477
30000, 30000, 0, 0, simple, 991915, 27732, 230948.171022, inf, 173.41040462427745, 597.2619697166214, 145383.80945, 42066.51363, 1.340532, 43496.50741, 0, 0, 0, 0, 10350001, 33442597, 9727116, 53519714, 994205, 14712, 282708.785261, inf, 348.83720930232556, 1088.7266710230183, 241926.165887, 19079.533052, 0.334026, 21702.752296, 0, 0, 0, 0, 5130001, 56186566, 4438870, 65755437, 970919, 7365, 490670.19032299996, inf, 697.6744186046511, 2101.2032623738974, 470743.279474, 8886.349214, 0.094968, 11040.466667, 0, 0, 0, 0, 2550001, 105373802, 2051910, 109975713
30000, 30000, 0, 0, dp_1.000000, 1013358, 26532, 185701.26346800002, inf, 173.41040462427745, 482.85346369907575, 97090.189304, 43140.092004, 1.40737, 45334.292033, 135.271286, 0.011471, 173, 0, 10350001, 22753412, 10104213, 43207626, 1024670, 13195, 235048.73793700003, inf, 348.83720930232556, 964.0751666688445, 193449.00655, 19788.242254, 0.385864, 21670.683221, 140.411563, 0.008485, 86, 0, 5130001, 45183518, 4638701, 54952220, 1026205, 6677, 461094.377931, inf, 697.6744186046511, 2055.6523065987258, 442397.017109, 7807.078489, 0.092323, 10746.667843, 143.51799, 0.004177, 43, 0, 2550001, 101302804, 1859395, 105712200
30000, 30000, 0, 0, dp_11.000000, 1006108, 19282, 802709.88744, inf, 173.41040462427745, 482.85346369907575, 97090.189304, 448195.466839, 1.611161, 45334.292033, 211923.394717, 164.933386, 1903, 11442, 10350001, 22753412, 163180318, 196283731, 1020836, 9361, 528478.726809, inf, 348.83720930232556, 964.0751666688445, 193449.00655, 205766.415821, 0.406752, 21670.683221, 107572.774287, 19.440178, 946, 9361, 5130001, 45183518, 76977044, 127290563, 1024161, 4633, 588991.638874, inf, 697.6744186046511, 2055.6523065987258, 442397.017109, 81619.443108, 0.114043, 10746.667843, 54225.953321, 2.44345, 473, 6028, 2550001, 101302804, 33227139, 137079944
30000, 30000, 0, 0, dp_13.000000, 1005986, 19160, 924388.248967, inf, 173.41040462427745, 482.85346369907575, 97090.189304, 528079.955664, 1.480496, 45334.292033, 253651.181063, 231.150407, 2249, 9901, 10350001, 22753412, 193675543, 226778956, 1020797, 9322, 586444.2124450001, inf, 348.83720930232556, 964.0751666688445, 193449.00655, 243035.97598, 0.408376, 21670.683221, 128260.993137, 27.145181, 1118, 8448, 5130001, 45183518, 91462712, 141776231, 1024145, 4617, 614823.8659509999, inf, 697.6744186046511, 2055.6523065987258, 442397.017109, 96740.277973, 0.112291, 10746.667843, 64936.363341, 3.427394, 559, 5685, 2550001, 101302804, 39552955, 143405760
30000, 30000, 0, 0, dp_15.000000, 1005956, 19130, 1049054.30892, inf, 173.41040462427745, 482.85346369907575, 97090.189304, 610456.802286, 1.488311, 45334.292033, 295863.777847, 307.759139, 2595, 8672, 10350001, 22753412, 224320763, 257424176, 1020744, 9269, 646092.422761, inf, 348.83720930232556, 964.0751666688445, 193449.00655, 279137.95852, 0.360006, 21670.683221, 151796.580604, 37.83386, 1290, 7674, 5130001, 45183518, 105768386, 156081905, 1024067, 4539, 640307.1140520001, inf, 697.6744186046511, 2055.6523065987258, 442397.017109, 111376.686051, 0.107822, 10746.667843, 75781.895653, 4.739574, 645, 5379, 2550001, 101302804, 45878771, 149731576
30000, 30000, 0, 0, dp_17.000000, 1005888, 19062, 1179689.0806810001, inf, 173.41040462427745, 482.85346369907575, 97090.189304, 695962.298454, 1.462452, 45334.292033, 340901.626925, 399.211513, 2941, 7636, 10350001, 22753412, 254965983, 288069396, 1020686, 9211, 702134.464281, inf, 348.83720930232556, 964.0751666688445, 193449.00655, 316321.574047, 0.398427, 21670.683221, 170644.928539, 47.873497, 1462, 6972, 5130001, 45183518, 120224055, 170537574, 1024056, 4528, 664611.967388, inf, 697.6744186046511, 2055.6523065987258, 442397.017109, 124989.104285, 0.110356, 10746.667843, 86472.978981, 6.088814, 731, 5120, 2550001, 101302804, 52020062, 155872867
30000, 30000, 0, 0, dp_19.000000, 1005760, 18934, 1297985.226053, inf, 173.41040462427745, 482.85346369907575, 97090.189304, 769724.304339, 1.467943, 45334.292033, 385333.823142, 501.149292, 3287, 6756, 10350001, 22753412, 285521206, 318624619, 1020653, 9178, 763409.2100569999, inf, 348.83720930232556, 964.0751666688445, 193449.00655, 354649.392229, 0.348614, 21670.683221, 193579.319738, 60.459705, 1634, 6405, 5130001, 45183518, 134709723, 185023242, 1024014, 4486, 690156.937465, inf, 697.6744186046511, 2055.6523065987258, 442397.017109, 139939.649355, 0.110948, 10746.667843, 97066.008712, 7.483498, 817, 4896, 2550001, 101302804, 58345878, 162198683
30000, 30000, 0, 0, dp_21.000000, 1005748, 18922, 1465658.165701, inf, 173.41040462427745, 482.85346369907575, 97090.189304, 855047.211304, 1.4718, 45334.292033, 467572.157407, 612.843853, 3633, 6039, 10350001, 22753412, 316166426, 349269839, 1020635, 9160, 825976.528215, inf, 348.83720930232556, 964.0751666688445, 193449.00655, 390362.594714, 0.357089, 21670.683221, 220418.455059, 75.431582, 1806, 5908, 5130001, 45183518, 149045396, 199358915, 1023988, 4460, 714882.8261279998, inf, 697.6744186046511, 2055.6523065987258, 442397.017109, 153881.00539, 0.112961, 10746.667843, 107848.98883, 9.033995, 903, 4694, 2550001, 101302804, 64430665, 168283470
30000, 30000, 0, 0, dp_23.000000, 1005716, 18890, 1546200.662892, inf, 173.41040462427745, 482.85346369907575, 97090.189304, 935060.826492, 1.469956, 45334.292033, 467976.851541, 737.033566, 3979, 5410, 10350001, 22753412, 346781647, 379885060, 1020601, 9126, 884288.7609560001, inf, 348.83720930232556, 964.0751666688445, 193449.00655, 433134.392672, 0.351399, 21670.683221, 235945.51269, 88.814424, 1978, 5479, 5130001, 45183518, 163531064, 213844583, 1023988, 4460, 740977.240227, inf, 697.6744186046511, 2055.6523065987258, 442397.017109, 169217.792565, 0.108714, 10746.667843, 118604.657291, 10.996705, 989, 4516, 2550001, 101302804, 70756481, 174609286
30000, 30000, 0, 0, dp_25.000000, 1005714, 18888, 1674399.9486029998, inf, 173.41040462427745, 482.85346369907575, 97090.189304, 1017835.452993, 1.476629, 45334.292033, 513262.940505, 875.597139, 4325, 4871, 10350001, 22753412, 377426867, 410530280, 1020596, 9121, 938529.483549, inf, 348.83720930232556, 964.0751666688445, 193449.00655, 466442.531885, 0.349656, 21670.683221, 256861.125949, 105.786288, 2150, 5110, 5130001, 45183518, 178016732, 228330251, 1023973, 4445, 766367.584544, inf, 697.6744186046511, 2055.6523065987258, 442397.017109, 183438.917877, 0.108423, 10746.667843, 129771.880265, 12.993027, 1075, 4340, 2550001, 101302804, 76921611, 180774416
30000, 30000, 0, 0, dp_27.000000, 1005709, 18883, 1793671.36669, inf, 173.41040462427745, 482.85346369907575, 97090.189304, 1097342.80542, 1.468524, 45334.292033, 552882.933057, 1019.678352, 4671, 4373, 10350001, 22753412, 407772097, 440875510, 1020570, 9095, 993058.5850450001, inf, 348.83720930232556, 964.0751666688445, 193449.00655, 500810.783011, 0.355246, 21670.683221, 277004.354556, 123.402461, 2322, 4769, 5130001, 45183518, 192352405, 242665924, 1023967, 4439, 792300.201332, inf, 697.6744186046511, 2055.6523065987258, 442397.017109, 198571.855225, 0.109415, 10746.667843, 140569.326749, 15.224991, 1161, 4178, 2550001, 101302804, 83274208, 187127013
30000, 30000, 0, 0, dp_29.000000, 1005699, 18873, 1918936.802984, inf, 173.41040462427745, 482.85346369907575, 97090.189304, 1180270.256838, 1.484644, 45334.292033, 595063.059152, 1177.521013, 5017, 3945, 10350001, 22753412, 438417317, 471520730, 1020534, 9059, 1056221.750087, inf, 348.83720930232556, 964.0751666688445, 193449.00655, 541466.459487, 0.404989, 21670.683221, 299492.612247, 142.583593, 2494, 4477, 5130001, 45183518, 206838073, 257151592, 1023955, 4427, 817976.035624, inf, 697.6744186046511, 2055.6523065987258, 442397.017109, 213388.804785, 0.110748, 10746.667843, 151425.914875, 17.520264, 1247, 4024, 2550001, 101302804, 89546462, 193399267
30000, 30000, 0, 0, dp_3.000000, 1008709, 21883, 309077.987717, inf, 173.41040462427745, 482.85346369907575, 97090.189304, 124045.915449, 1.453806, 45334.292033, 42597.557655, 8.57947, 519, 25432, 10350001, 22753412, 40749433, 73852846, 1022203, 10728, 293235.88932300004, inf, 348.83720930232556, 964.0751666688445, 193449.00655, 56517.465853, 0.398387, 21670.683221, 21597.269273, 1.066039, 258, 15967, 5130001, 45183518, 19034372, 69347891, 1024897, 5369, 486535.702041, inf, 697.6744186046511, 2055.6523065987258, 442397.017109, 22539.23414, 0.110477, 10746.667843, 10852.493967, 0.178505, 129, 9305, 2550001, 101302804, 8141655, 111994460
30000, 30000, 0, 0, dp_31.000000, 1005697, 18871, 2039620.665642, inf, 173.41040462427745, 482.85346369907575, 97090.189304, 1256454.578416, 1.474555, 45334.292033, 639394.958511, 1345.172823, 5363, 3576, 10350001, 22753412, 468672550, 501775963, 1020533, 9058, 1115653.741632, inf, 348.83720930232556, 964.0751666688445, 193449.00655, 578886.82154, 0.40017, 21670.683221, 321483.369858, 163.460293, 2666, 4206, 5130001, 45183518, 221323741, 271637260, 1023945, 4417, 843922.269196, inf, 697.6744186046511, 2055.6523065987258, 442397.017109, 228312.232395, 0.14417, 10746.667843, 162446.30594, 19.901739, 1333, 3890, 2550001, 101302804, 95741610, 199594415
30000, 30000, 0, 0, dp_33.000000, 1005674, 18848, 2165941.420553, inf, 173.41040462427745, 482.85346369907575, 97090.189304, 1344390.470702, 1.483943, 45334.292033, 677596.317615, 1528.666956, 5709, 3251, 10350001, 22753412, 499317770, 532421183, 1020533, 9058, 1172011.9078749998, inf, 348.83720930232556, 964.0751666688445, 193449.00655, 614976.048132, 0.408807, 21670.683221, 341730.217511, 185.543654, 2838, 3953, 5130001, 45183518, 235809409, 286122928, 1023909, 4381, 870560.8862020001, inf, 697.6744186046511, 2055.6523065987258, 442397.017109, 242662.954089, 0.110146, 10746.667843, 174731.588116, 22.548899, 1419, 3769, 2550001, 101302804, 102117751, 205970556
30000, 30000, 0, 0, dp_35.000000, 1005668, 18842, 2289375.361859, inf, 173.41040462427745, 482.85346369907575, 97090.189304, 1420633.757591, 1.519118, 45334.292033, 724598.900167, 1716.703646, 6055, 2960, 10350001, 22753412, 528943024, 562046437, 1020517, 9042, 1229406.096472, inf, 348.83720930232556, 964.0751666688445, 193449.00655, 651554.840599, 0.409288, 21670.683221, 362521.997455, 209.159359, 3010, 3725, 5130001, 45183518, 250295077, 300608596, 1023909, 4381, 894801.6877959999, inf, 697.6744186046511, 2055.6523065987258, 442397.017109, 258460.836748, 0.109646, 10746.667843, 183171.438848, 25.617602, 1505, 3650, 2550001, 101302804, 108393242, 212246047
30000, 30000, 0, 0, dp_37.000000, 1005649, 18823, 2404842.340071, inf, 173.41040462427745, 482.85346369907575, 97090.189304, 1497121.179354, 1.459106, 45334.292033, 763374.344169, 1920.876105, 6401, 2695, 10350001, 22753412, 559409678, 592513091, 1020517, 9042, 1289102.331361, inf, 348.83720930232556, 964.0751666688445, 193449.00655, 689914.098275, 0.420669, 21670.683221, 383834.254597, 233.868049, 3182, 3516, 5130001, 45183518, 264780745, 315094264, 1023886, 4358, 921360.586135, inf, 697.6744186046511, 2055.6523065987258, 442397.017109, 274047.22279, 0.105828, 10746.667843, 194140.995554, 28.577011, 1591, 3537, 2550001, 101302804, 114685508, 218538313
30000, 30000, 0, 0, dp_39.000000, 1005641, 18815, 2538259.777539, inf, 173.41040462427745, 482.85346369907575, 97090.189304, 1584552.059861, 1.474355, 45334.292033, 809149.476673, 2132.285313, 6747, 2455, 10350001, 22753412, 589873476, 622976889, 1020513, 9038, 1346255.8298569997, inf, 348.83720930232556, 964.0751666688445, 193449.00655, 725932.950081, 0.40538, 21670.683221, 404942.111901, 260.672724, 3354, 3326, 5130001, 45183518, 278846427, 329159946, 1023874, 4346, 946912.0977869999, inf, 697.6744186046511, 2055.6523065987258, 442397.017109, 288634.371292, 0.110086, 10746.667843, 205102.190104, 31.741353, 1677, 3430, 2550001, 101302804, 120860349, 224713154
30000, 30000, 0, 0, dp_5.000000, 1007469, 20643, 432072.470815, inf, 173.41040462427745, 482.85346369907575, 97090.189304, 204349.408882, 1.483291, 45334.292033, 85267.979362, 29.117943, 865, 19623, 10350001, 22753412, 71394653, 104498066, 1021496, 10021, 351625.781686, inf, 348.83720930232556, 964.0751666688445, 193449.00655, 93599.475926, 0.396423, 21670.683221, 42902.574813, 3.644753, 430, 13416, 5130001, 45183518, 33520040, 83833559, 1024479, 4951, 512172.895111, inf, 697.6744186046511, 2055.6523065987258, 442397.017109, 37357.787522, 0.10648, 10746.667843, 21670.781815, 0.534342, 215, 7886, 2550001, 101302804, 14387128, 118239933
30000, 30000, 0, 0, dp_7.000000, 1006558, 19732, 554956.038154, inf, 173.41040462427745, 482.85346369907575, 97090.189304, 284562.055086, 1.527394, 45334.292033, 127906.948552, 61.025785, 1211, 16033, 10350001, 22753412, 101889878, 134993291, 1021227, 9752, 411119.311882, inf, 348.83720930232556, 964.0751666688445, 193449.00655, 131482.32324, 0.400451, 21670.683221, 64509.316977, 7.581443, 602, 11737, 5130001, 45183518, 48005708, 98319227, 1024357, 4829, 537900.064039, inf, 697.6744186046511, 2055.6523065987258, 442397.017109, 52213.31322, 0.109345, 10746.667843, 32541.802779, 1.153743, 301, 7078, 2550001, 101302804, 20712944, 124565749
30000, 30000, 0, 0, dp_9.000000, 1006276, 19450, 677993.6555069999, inf, 173.41040462427745, 482.85346369907575, 97090.189304, 366140.244358, 1.515832, 45334.292033, 169322.571488, 104.842492, 1557, 13449, 10350001, 22753412, 132535098, 165638511, 1021056, 9581, 469088.399154, inf, 348.83720930232556, 964.0751666688445, 193449.00655, 168129.720102, 0.400631, 21670.683221, 85826.029445, 12.559205, 774, 10435, 5130001, 45183518, 62491376, 112804895, 1024226, 4698, 563428.4049569999, inf, 697.6744186046511, 2055.6523065987258, 442397.017109, 66870.595548, 0.109145, 10746.667843, 43412.226448, 1.788864, 387, 6484, 2550001, 101302804, 26954885, 130807690
30000, 30000, 0, 0, fixed_reps_1, 1013358, 26532, 186119.53049000003, inf, 173.41040462427745, 482.85346369907575, 97090.189304, 43525.986269, 1.411097, 45334.292033, 167.651787, 0, 173, 43761, 10350001, 22753412, 10104213, 43207626, 1024670, 13195, 235018.55507899998, inf, 348.83720930232556, 964.0751666688445, 193449.00655, 19733.290163, 0.388789, 21670.683221, 165.186356, 0, 86, 25424, 5130001, 45183518, 4638701, 54952220, 1026205, 6677, 463184.488375, inf, 697.6744186046511, 2055.6523065987258, 442397.017109, 9778.878088, 0.167795, 10746.667843, 261.75754, 0, 43, 14603, 2550001, 101302804, 1859395, 105712200
30000, 30000, 0, 0, fixed_reps_11, 1006470, 19644, 586827.572763, inf, 173.41040462427745, 482.85346369907575, 97090.189304, 443041.015857, 1.519369, 45334.292033, 1360.5562, 0, 1903, 17441, 10350001, 22753412, 111144613, 144248026, 1020997, 9522, 420162.49187699996, inf, 348.83720930232556, 964.0751666688445, 193449.00655, 203651.946588, 0.403436, 21670.683221, 1390.452082, 0, 946, 12320, 5130001, 45183518, 51024851, 101338370, 1024140, 4612, 535031.4042659999, inf, 697.6744186046511, 2055.6523065987258, 442397.017109, 80478.448111, 0.101681, 10746.667843, 1409.169522, 0, 473, 7480, 2550001, 101302804, 20452915, 124305720
30000, 30000, 0, 0, fixed_reps_13, 1006244, 19418, 672440.1657560001, inf, 173.41040462427745, 482.85346369907575, 97090.189304, 528384.221936, 1.485907, 45334.292033, 1629.976576, 0, 2249, 16037, 10350001, 22753412, 131352693, 164456106, 1020866, 9391, 459205.54896000004, inf, 348.83720930232556, 964.0751666688445, 193449.00655, 242435.368881, 0.407213, 21670.683221, 1650.083095, 0, 1118, 11237, 5130001, 45183518, 60302081, 110615600, 1024118, 4590, 549751.083523, inf, 697.6744186046511, 2055.6523065987258, 442397.017109, 94948.143605, 0.100288, 10746.667843, 1659.154678, 0, 559, 6971, 2550001, 101302804, 24171619, 128024424
30000, 30000, 0, 0, fixed_reps_15, 1006181, 19355, 753845.098799, inf, 173.41040462427745, 482.85346369907575, 97090.189304, 609540.081244, 1.457484, 45334.292033, 1879.078734, 0, 2595, 14236, 10350001, 22753412, 151560773, 184664186, 1020854, 9379, 496950.76403300004, inf, 348.83720930232556, 964.0751666688445, 193449.00655, 279935.815452, 0.402615, 21670.683221, 1894.856195, 0, 1290, 10688, 5130001, 45183518, 69579311, 119892830, 1024110, 4582, 564521.953629, inf, 697.6744186046511, 2055.6523065987258, 442397.017109, 109457.771955, 0.105247, 10746.667843, 1920.391475, 0, 645, 6552, 2550001, 101302804, 27890323, 131743128
30000, 30000, 0, 0, fixed_reps_17, 1006074, 19248, 835723.699561, inf, 173.41040462427745, 482.85346369907575, 97090.189304, 691208.552658, 1.499001, 45334.292033, 2089.166565, 0, 2941, 13006, 10350001, 22753412, 171768853, 204872266, 1020805, 9330, 533451.8080140001, inf, 348.83720930232556, 964.0751666688445, 193449.00655, 316197.604066, 0.400081, 21670.683221, 2134.114096, 0, 1462, 10127, 5130001, 45183518, 78856541, 129170060, 1024084, 4556, 579161.326388, inf, 697.6744186046511, 2055.6523065987258, 442397.017109, 123855.696589, 0.104486, 10746.667843, 2161.840361, 0, 731, 6271, 2550001, 101302804, 31609027, 135461832
30000, 30000, 0, 0, fixed_reps_19, 1005973, 19147, 909197.8594, inf, 173.41040462427745, 482.85346369907575, 97090.189304, 764409.142583, 1.500864, 45334.292033, 2362.734616, 0, 3287, 12141, 10350001, 22753412, 191976933, 225080346, 1020703, 9228, 568504.359466, inf, 348.83720930232556, 964.0751666688445, 193449.00655, 350993.059307, 0.406443, 21670.683221, 2391.203945, 0, 1634, 9464, 5130001, 45183518, 88133771, 138447290, 1024046, 4518, 594097.6334769999, inf, 697.6744186046511, 2055.6523065987258, 442397.017109, 138551.950059, 0.109976, 10746.667843, 2401.88849, 0, 817, 5953, 2550001, 101302804, 35327731, 139180536
30000, 30000, 0, 0, fixed_reps_21, 1005922, 19096, 999100.3823570001, inf, 173.41040462427745, 482.85346369907575, 97090.189304, 854088.29081, 1.442765, 45334.292033, 2586.167445, 0, 3633, 11372, 10350001, 22753412, 212185013, 245288426, 1020660, 9185, 605790.633106, inf, 348.83720930232556, 964.0751666688445, 193449.00655, 388032.384188, 0.38936, 21670.683221, 2638.169787, 0, 1806, 8942, 5130001, 45183518, 97411001, 147724520, 1024039, 4511, 608819.433237, inf, 697.6744186046511, 2055.6523065987258, 442397.017109, 153017.068856, 0.100619, 10746.667843, 2658.57881, 0, 903, 5723, 2550001, 101302804, 39046435, 142899240
30000, 30000, 0, 0, fixed_reps_23, 1005901, 19075, 1073797.686252, inf, 173.41040462427745, 482.85346369907575, 97090.189304, 928515.910608, 1.457473, 45334.292033, 2855.836834, 0, 3979, 10554, 10350001, 22753412, 232393093, 265496506, 1020644, 9169, 640808.3552659999, inf, 348.83720930232556, 964.0751666688445, 193449.00655, 422809.726303, 0.390312, 21670.683221, 2878.54888, 0, 1978, 8505, 5130001, 45183518, 106688231, 157001750, 1024024, 4496, 623647.190852, inf, 697.6744186046511, 2055.6523065987258, 442397.017109, 167591.917148, 0.107471, 10746.667843, 2911.481281, 0, 989, 5537, 2550001, 101302804, 42765139, 146617944
30000, 30000, 0, 0, fixed_reps_25, 1005891, 19065, 1153299.7372650001, inf, 173.41040462427745, 482.85346369907575, 97090.189304, 1007756.22169, 1.475116, 45334.292033, 3117.559122, 0, 4325, 9890, 10350001, 22753412, 252601173, 285704586, 1020631, 9156, 679596.9491979999, inf, 348.83720930232556, 964.0751666688445, 193449.00655, 461333.302467, 0.401503, 21670.683221, 3143.555457, 0, 2150, 8112, 5130001, 45183518, 115965461, 166278980, 1023995, 4467, 638540.4596030001, inf, 697.6744186046511, 2055.6523065987258, 442397.017109, 182224.320849, 0.097894, 10746.667843, 3172.355908, 0, 1075, 5412, 2550001, 101302804, 46483843, 150336648
30000, 30000, 0, 0, fixed_reps_27, 1005888, 19062, 1241719.964982, inf, 173.41040462427745, 482.85346369907575, 97090.189304, 1095942.139, 1.482611, 45334.292033, 3351.862034, 0, 4671, 9342, 10350001, 22753412, 272809253, 305912666, 1020627, 9152, 714818.146539, inf, 348.83720930232556, 964.0751666688445, 193449.00655, 496288.575761, 0.395842, 21670.683221, 3409.485165, 0, 2322, 7686, 5130001, 45183518, 125242691, 175556210, 1023976, 4448, 653342.625388, inf, 697.6744186046511, 2055.6523065987258, 442397.017109, 196795.968257, 0.098324, 10746.667843, 3402.873855, 0, 1161, 5257, 2550001, 101302804, 50202547, 154055352
30000, 30000, 0, 0, fixed_reps_29, 1005861, 19035, 1322085.5517999998, inf, 173.41040462427745, 482.85346369907575, 97090.189304, 1176062.703755, 1.474766, 45334.292033, 3596.891942, 0, 5017, 8803, 10350001, 22753412, 293017333, 326120746, 1020598, 9123, 751618.3442999999, inf, 348.83720930232556, 964.0751666688445, 193449.00655, 532851.627582, 0.393447, 21670.683221, 3646.6335, 0, 2494, 7302, 5130001, 45183518, 134519921, 184833440, 1023965, 4437, 668120.382416, inf, 697.6744186046511, 2055.6523065987258, 442397.017109, 211297.233209, 0.094607, 10746.667843, 3679.369648, 0, 1247, 5094, 2550001, 101302804, 53921251, 157774056
30000, 30000, 0, 0, fixed_reps_3, 1008627, 21801, 267191.982878, inf, 173.41040462427745, 482.85346369907575, 97090.189304, 124373.718997, 1.477982, 45334.292033, 392.304562, 0, 519, 31261, 10350001, 22753412, 30312293, 63415706, 1022095, 10620, 272207.674028, inf, 348.83720930232556, 964.0751666688445, 193449.00655, 56695.572235, 0.39504, 21670.683221, 392.016982, 0, 258, 18739, 5130001, 45183518, 13915931, 64229450, 1024735, 5207, 476126.92814499995, inf, 697.6744186046511, 2055.6523065987258, 442397.017109, 22511.956112, 0.105719, 10746.667843, 471.181362, 0, 129, 10440, 2550001, 101302804, 5578099, 109430904
30000, 30000, 0, 0, fixed_reps_31, 1005829, 19003, 1397059.4047140002, inf, 173.41040462427745, 482.85346369907575, 97090.189304, 1250792.882927, 1.470567, 45334.292033, 3840.569883, 0, 5363, 8346, 10350001, 22753412, 313225413, 346328826, 1020596, 9121, 791237.126936, inf, 348.83720930232556, 964.0751666688445, 193449.00655, 572230.64727, 0.403136, 21670.683221, 3886.386759, 0, 2666, 6949, 5130001, 45183518, 143797151, 194110670, 1023965, 4437, 682961.245193, inf, 697.6744186046511, 2055.6523065987258, 442397.017109, 225885.962118, 0.099186, 10746.667843, 3931.498937, 0, 1333, 4961, 2550001, 101302804, 57639955, 161492760
30000, 30000, 0, 0, fixed_reps_33, 1005807, 18981, 1471938.889941, inf, 173.41040462427745, 482.85346369907575, 97090.189304, 1325430.067108, 1.474585, 45334.292033, 4082.866911, 0, 5709, 7933, 10350001, 22753412, 333433493, 366536906, 1020591, 9116, 827048.3844200001, inf, 348.83720930232556, 964.0751666688445, 193449.00655, 607791.501949, 0.400211, 21670.683221, 4136.792489, 0, 2838, 6647, 5130001, 45183518, 153074381, 203387900, 1023945, 4417, 697751.902992, inf, 697.6744186046511, 2055.6523065987258, 442397.017109, 240450.447259, 0.112662, 10746.667843, 4157.658119, 0, 1419, 4847, 2550001, 101302804, 61358659, 165211464
30000, 30000, 0, 0, fixed_reps_35, 1005789, 18963, 1552995.04328, inf, 173.41040462427745, 482.85346369907575, 97090.189304, 1406287.025173, 1.454649, 45334.292033, 4282.082121, 0, 6055, 7580, 10350001, 22753412, 353641573, 386744986, 1020591, 9116, 865171.208148, inf, 348.83720930232556, 964.0751666688445, 193449.00655, 645664.269409, 0.400851, 21670.683221, 4386.848117, 0, 3010, 6402, 5130001, 45183518, 162351611, 212665130, 1023945, 4417, 712455.9208489999, inf, 697.6744186046511, 2055.6523065987258, 442397.017109, 254834.437768, 0.135454, 10746.667843, 4477.662675, 0, 1505, 4763, 2550001, 101302804, 65077363, 168930168
30000, 30000, 0, 0, fixed_reps_37, 1005765, 18939, 1633853.430705, inf, 173.41040462427745, 482.85346369907575, 97090.189304, 1486842.489231, 1.570716, 45334.292033, 4584.889421, 0, 6401, 7190, 10350001, 22753412, 373849653, 406953066, 1020588, 9113, 899569.1554340001, inf, 348.83720930232556, 964.0751666688445, 193449.00655, 679838.432507, 0.395622, 21670.683221, 4610.637534, 0, 3182, 6149, 5130001, 45183518, 171628841, 221942360, 1023931, 4403, 729485.575711, inf, 697.6744186046511, 2055.6523065987258, 442397.017109, 270479.041715, 0.167875, 10746.667843, 5862.681169, 0, 1591, 4643, 2550001, 101302804, 68796067, 172648872
30000, 30000, 0, 0, fixed_reps_39, 1005744, 18918, 1714718.091783, inf, 173.41040462427745, 482.85346369907575, 97090.189304, 1567508.737313, 1.508889, 45334.292033, 4783.364244, 0, 6747, 6865, 10350001, 22753412, 394057733, 427161146, 1020571, 9096, 944101.0796480001, inf, 348.83720930232556, 964.0751666688445, 193449.00655, 724073.793456, 0.40562, 21670.683221, 4907.190801, 0, 3354, 5887, 5130001, 45183518, 180906071, 231219590, 1023928, 4400, 741599.4050710001, inf, 697.6744186046511, 2055.6523065987258, 442397.017109, 283540.026161, 0.105558, 10746.667843, 4915.5884, 0, 1677, 4496, 2550001, 101302804, 72514771, 176367576
30000, 30000, 0, 0, fixed_reps_41, 1005743, 18917, 1796414.595663, inf, 173.41040462427745, 482.85346369907575, 97090.189304, 1648924.479175, 1.473423, 45334.292033, 5064.161728, 0, 7093, 6624, 10350001, 22753412, 414265813, 447369226, 1020571, 9096, 974908.382258, inf, 348.83720930232556, 964.0751666688445, 193449.00655, 754676.874355, 0.409508, 21670.683221, 5111.408624, 0, 3526, 5680, 5130001, 45183518, 190183301, 240496820, 1023920, 4392, 756700.079044, inf, 697.6744186046511, 2055.6523065987258, 442397.017109, 298360.979352, 0.104856, 10746.667843, 5195.309884, 0, 1763, 4417, 2550001, 101302804, 76233475, 180086280
30000, 30000, 0, 0, fixed_reps_5, 1007560, 20734, 349209.12607, inf, 173.41040462427745, 482.85346369907575, 97090.189304, 206140.929048, 1.439069, 45334.292033, 642.276616, 0, 865, 25833, 10350001, 22753412, 50520373, 83623786, 1021336, 9861, 309269.25884, inf, 348.83720930232556, 964.0751666688445, 193449.00655, 93505.167592, 0.349576, 21670.683221, 644.051901, 0, 430, 15993, 5130001, 45183518, 23193161, 73506680, 1024478, 4950, 490915.277372, inf, 697.6744186046511, 2055.6523065987258, 442397.017109, 37116.106086, 0.100939, 10746.667843, 655.385395, 0, 215, 9279, 2550001, 101302804, 9296803, 113149608
30000, 30000, 0, 0, fixed_reps_7, 1006887, 20061, 426901.705269, inf, 173.41040462427745, 482.85346369907575, 97090.189304, 283595.572636, 1.480246, 45334.292033, 880.17105, 0, 1211, 22416, 10350001, 22753412, 70728453, 103831866, 1021273, 9798, 346107.896236, inf, 348.83720930232556, 964.0751666688445, 193449.00655, 130089.391509, 0.351019, 21670.683221, 898.463937, 0, 602, 14438, 5130001, 45183518, 32470391, 82783910, 1024374, 4846, 505726.48592899996, inf, 697.6744186046511, 2055.6523065987258, 442397.017109, 51671.333452, 0.099787, 10746.667843, 911.367738, 0, 301, 8498, 2550001, 101302804, 13015507, 116868312
30000, 30000, 0, 0, fixed_reps_9, 1006622, 19796, 511068.61053600005, inf, 173.41040462427745, 482.85346369907575, 97090.189304, 367508.12361, 1.478263, 45334.292033, 1134.527326, 0, 1557, 19825, 10350001, 22753412, 90936533, 124039946, 1021084, 9609, 383282.570868, inf, 348.83720930232556, 964.0751666688445, 193449.00655, 167017.628729, 0.355376, 21670.683221, 1144.896992, 0, 774, 13292, 5130001, 45183518, 41747621, 92061140, 1024294, 4766, 520582.49509599997, inf, 697.6744186046511, 2055.6523065987258, 442397.017109, 66276.404294, 0.104957, 10746.667843, 1162.300893, 0, 387, 7859, 2550001, 101302804, 16734211, 120587016
30000, 30000, 0, 0, greedy_1.000000, 1013358, 26532, 185751.73630800002, inf, 173.41040462427745, 482.85346369907575, 97090.189304, 43190.532323, 1.442245, 45334.292033, 135.271286, 0.009117, 173, 43761, 10350001, 22753412, 10104213, 43207626, 1024670, 13195, 235027.51477500002, inf, 348.83720930232556, 964.0751666688445, 193449.00655, 19767.015536, 0.392235, 21670.683221, 140.411563, 0.00567, 86, 25424, 5130001, 45183518, 4638701, 54952220, 1026205, 6677, 461076.215543, inf, 697.6744186046511, 2055.6523065987258, 442397.017109, 7788.91606, 0.090159, 10746.667843, 143.51799, 0.006382, 43, 14603, 2550001, 101302804, 1859395, 105712200
30000, 30000, 0, 0, greedy_11.000000, 1006224, 19398, 779878.7560439999, inf, 173.41040462427745, 482.85346369907575, 97090.189304, 425528.700262, 1.513879, 45334.292033, 211923.394717, 0.665849, 1903, 14762, 10350001, 22753412, 157660502, 190763915, 1020897, 9422, 528333.008076, inf, 348.83720930232556, 964.0751666688445, 193449.00655, 205639.975642, 0.400701, 21670.683221, 107572.774287, 0.167675, 946, 10961, 5130001, 45183518, 76887047, 127200566, 1024235, 4707, 587295.0266969999, inf, 697.6744186046511, 2055.6523065987258, 442397.017109, 79925.192456, 0.108103, 10746.667843, 54225.953321, 0.087865, 473, 6889, 2550001, 101302804, 32798643, 136651448
30000, 30000, 0, 0, greedy_13.000000, 1006214, 19388, 864418.206542, inf, 173.41040462427745, 482.85346369907575, 97090.189304, 468340.382348, 1.616912, 45334.292033, 253651.181063, 0.544882, 2249, 14677, 10350001, 22753412, 177926068, 211029481, 1020793, 9318, 575370.112031, inf, 348.83720930232556, 964.0751666688445, 193449.00655, 231988.876227, 0.345738, 21670.683221, 128260.993137, 0.207158, 1118, 10365, 5130001, 45183518, 88672805, 138986324, 1024208, 4680, 606316.146964, inf, 697.6744186046511, 2055.6523065987258, 442397.017109, 88235.876003, 0.120476, 10746.667843, 64936.363341, 0.102192, 559, 6715, 2550001, 101302804, 37437256, 141290061
30000, 30000, 0, 0, greedy_15.000000, 1006203, 19377, 944223.4508989999, inf, 173.41040462427745, 482.85346369907575, 97090.189304, 505933.145248, 1.437766, 45334.292033, 295863.777847, 0.608701, 2595, 14655, 10350001, 22753412, 198191634, 231295047, 1020775, 9300, 615833.692959, inf, 348.83720930232556, 964.0751666688445, 193449.00655, 248916.660204, 0.42674, 21670.683221, 151796.580604, 0.33564, 1290, 10302, 5130001, 45183518, 97998645, 148312164, 1024180, 4652, 622856.7554080001, inf, 697.6744186046511, 2055.6523065987258, 442397.017109, 93930.952276, 0.119334, 10746.667843, 75781.895653, 0.103193, 645, 6683, 2550001, 101302804, 41459906, 145312711
30000, 30000, 0, 0, greedy_17.000000, 1006203, 19377, 1028166.2362050001, inf, 173.41040462427745, 482.85346369907575, 97090.189304, 544837.997187, 1.458766, 45334.292033, 340901.626925, 0.67199, 2941, 14651, 10350001, 22753412, 218457200, 251560613, 1020753, 9278, 650685.5851469999, inf, 348.83720930232556, 964.0751666688445, 193449.00655, 264920.322549, 0.3999, 21670.683221, 170644.928539, 0.244388, 1462, 10268, 5130001, 45183518, 107324485, 157638004, 1024179, 4651, 639214.4008949999, inf, 697.6744186046511, 2055.6523065987258, 442397.017109, 99597.511719, 0.115447, 10746.667843, 86472.978981, 0.109796, 731, 6657, 2550001, 101302804, 45482556, 149335361
30000, 30000, 0, 0, greedy_19.000000, 1006203, 19377, 1112425.873066, inf, 173.41040462427745, 482.85346369907575, 97090.189304, 584665.353543, 1.46079, 45334.292033, 385333.823142, 0.754254, 3287, 14649, 10350001, 22753412, 238722766, 271826179, 1020750, 9275, 692791.1441569999, inf, 348.83720930232556, 964.0751666688445, 193449.00655, 284091.457869, 0.406402, 21670.683221, 193579.319738, 0.270377, 1634, 10239, 5130001, 45183518, 116650325, 166963844, 1024165, 4637, 655104.491851, inf, 697.6744186046511, 2055.6523065987258, 442397.017109, 104894.582963, 0.093856, 10746.667843, 97066.008712, 0.121368, 817, 6642, 2550001, 101302804, 49505206, 153358011
30000, 30000, 0, 0, greedy_21.000000, 1006203, 19377, 1233898.970015, inf, 173.41040462427745, 482.85346369907575, 97090.189304, 623900.026119, 1.486247, 45334.292033, 467572.157407, 0.818905, 3633, 14649, 10350001, 22753412, 258988332, 292091745, 1020750, 9275, 737281.0369920001, inf, 348.83720930232556, 964.0751666688445, 193449.00655, 301742.040796, 0.409147, 21670.683221, 220418.455059, 0.442219, 1806, 10218, 5130001, 45183518, 125976165, 176289684, 1024146, 4618, 671686.35114, inf, 697.6744186046511, 2055.6523065987258, 442397.017109, 110693.430946, 0.107762, 10746.667843, 107848.98883, 0.13865, 903, 6626, 2550001, 101302804, 53527856, 157380661
30000, 30000, 0, 0, greedy_23.000000, 1006203, 19377, 1273987.220103, inf, 173.41040462427745, 482.85346369907575, 97090.189304, 663583.454722, 1.46604, 45334.292033, 467976.851541, 0.966463, 3979, 14649, 10350001, 22753412, 279253898, 312357311, 1020745, 9270, 770805.370483, inf, 348.83720930232556, 964.0751666688445, 193449.00655, 319739.440698, 0.411091, 21670.683221, 235945.51269, 0.316233, 1978, 10205, 5130001, 45183518, 135302005, 185615524, 1024146, 4618, 688373.96436, inf, 697.6744186046511, 2055.6523065987258, 442397.017109, 116625.379442, 0.113032, 10746.667843, 118604.657291, 0.129643, 989, 6613, 2550001, 101302804, 57550506, 161403311
30000, 30000, 0, 0, greedy_25.000000, 1006203, 19377, 1358851.7198289998, inf, 173.41040462427745, 482.85346369907575, 97090.189304, 703161.880244, 1.449077, 45334.292033, 513262.940505, 0.968666, 4325, 14649, 10350001, 22753412, 299519464, 332622877, 1020736, 9261, 805366.343764, inf, 348.83720930232556, 964.0751666688445, 193449.00655, 333384.789009, 0.409418, 21670.683221, 256861.125949, 0.329617, 2150, 10195, 5130001, 45183518, 144627845, 194941364, 1024110, 4582, 705449.598438, inf, 697.6744186046511, 2055.6523065987258, 442397.017109, 122533.782341, 0.114505, 10746.667843, 129771.880265, 0.136375, 1075, 6602, 2550001, 101302804, 61573156, 165425961
30000, 30000, 0, 0, greedy_27.000000, 1006203, 19377, 1436938.172361, inf, 173.41040462427745, 482.85346369907575, 97090.189304, 741627.867746, 1.682576, 45334.292033, 552882.933057, 1.207645, 4671, 14649, 10350001, 22753412, 319785030, 352888443, 1020713, 9238, 842899.671865, inf, 348.83720930232556, 964.0751666688445, 193449.00655, 350774.87113, 0.410239, 21670.683221, 277004.354556, 0.346169, 2322, 10188, 5130001, 45183518, 153953685, 204267204, 1024110, 4582, 722078.9418759999, inf, 697.6744186046511, 2055.6523065987258, 442397.017109, 128365.683812, 0.108654, 10746.667843, 140569.326749, 0.137709, 1161, 6593, 2550001, 101302804, 65595806, 169448611
30000, 30000, 0, 0, greedy_29.000000, 1006203, 19377, 1518458.8732069999, inf, 173.41040462427745, 482.85346369907575, 97090.189304, 780968.714248, 1.500183, 45334.292033, 595063.059152, 1.118287, 5017, 14649, 10350001, 22753412, 340050596, 373154009, 1020713, 9238, 884207.6544130001, inf, 348.83720930232556, 964.0751666688445, 193449.00655, 369594.564207, 0.404188, 21670.683221, 299492.612247, 0.384, 2494, 10182, 5130001, 45183518, 163279525, 213593044, 1024110, 4582, 738841.147331, inf, 697.6744186046511, 2055.6523065987258, 442397.017109, 134271.290572, 0.113784, 10746.667843, 151425.914875, 0.143148, 1247, 6584, 2550001, 101302804, 69618456, 173471261
30000, 30000, 0, 0, greedy_3.000000, 1008513, 21687, 310002.032637, inf, 173.41040462427745, 482.85346369907575, 97090.189304, 124978.421836, 1.443718, 45334.292033, 42597.557655, 0.128091, 519, 27002, 10350001, 22753412, 40749433, 73852846, 1022040, 10565, 293474.582145, inf, 348.83720930232556, 964.0751666688445, 193449.00655, 56757.147059, 0.409407, 21670.683221, 21597.269273, 0.066635, 258, 17083, 5130001, 45183518, 19034372, 69347891, 1024805, 5277, 486588.52961699996, inf, 697.6744186046511, 2055.6523065987258, 442397.017109, 22592.215504, 0.11159, 10746.667843, 10852.493967, 0.023604, 129, 9611, 2550001, 101302804, 8141655, 111994460
30000, 30000, 0, 0, greedy_31.000000, 1006203, 19377, 1601634.226072, inf, 173.41040462427745, 482.85346369907575, 97090.189304, 819812.075931, 1.474796, 45334.292033, 639394.958511, 1.235497, 5363, 14649, 10350001, 22753412, 360316162, 393419575, 1020713, 9238, 921320.416826, inf, 348.83720930232556, 964.0751666688445, 193449.00655, 384716.531639, 0.414818, 21670.683221, 321483.369858, 0.41074, 2666, 10178, 5130001, 45183518, 172605365, 222918884, 1024108, 4580, 756063.8743080001, inf, 697.6744186046511, 2055.6523065987258, 442397.017109, 140473.62426, 0.114455, 10746.667843, 162446.30594, 0.144701, 1333, 6576, 2550001, 101302804, 73641106, 177493911
30000, 30000, 0, 0, greedy_33.000000, 1006203, 19377, 1675886.6535530002, inf, 173.41040462427745, 482.85346369907575, 97090.189304, 855863.087622, 1.488421, 45334.292033, 677596.317615, 1.278558, 5709, 14649, 10350001, 22753412, 380581728, 413685141, 1020713, 9238, 957026.700646, inf, 348.83720930232556, 964.0751666688445, 193449.00655, 400175.984829, 0.402915, 21670.683221, 341730.217511, 0.40562, 2838, 10176, 5130001, 45183518, 181931205, 232244724, 1024102, 4574, 773360.9475969999, inf, 697.6744186046511, 2055.6523065987258, 442397.017109, 145485.41871, 0.110507, 10746.667843, 174731.588116, 0.145312, 1419, 6569, 2550001, 101302804, 77663756, 181516561
30000, 30000, 0, 0, greedy_35.000000, 1006203, 19377, 1765132.979691, inf, 173.41040462427745, 482.85346369907575, 97090.189304, 898106.791003, 1.474766, 45334.292033, 724598.900167, 1.332418, 6055, 14649, 10350001, 22753412, 400847294, 433950707, 1020713, 9238, 993570.097607, inf, 348.83720930232556, 964.0751666688445, 193449.00655, 415927.558484, 0.409678, 21670.683221, 362521.997455, 0.442219, 3010, 10174, 5130001, 45183518, 191257045, 241570564, 1024102, 4574, 788251.4524569999, inf, 697.6744186046511, 2055.6523065987258, 442397.017109, 151936.059201, 0.096211, 10746.667843, 183171.438848, 0.173245, 1505, 6563, 2550001, 101302804, 81686406, 185539211
30000, 30000, 0, 0, greedy_37.000000, 1006203, 19377, 1839803.172441, inf, 173.41040462427745, 482.85346369907575, 97090.189304, 934001.366386, 1.597696, 45334.292033, 763374.344169, 1.382853, 6401, 14649, 10350001, 22753412, 421112860, 454216273, 1020713, 9238, 1033747.105363, inf, 348.83720930232556, 964.0751666688445, 193449.00655, 434792.311944, 0.406953, 21670.683221, 383834.254597, 0.442098, 3182, 10173, 5130001, 45183518, 200582885, 250896404, 1024102, 4574, 805091.556105, inf, 697.6744186046511, 2055.6523065987258, 442397.017109, 157806.618035, 0.102773, 10746.667843, 194140.995554, 0.154791, 1591, 6556, 2550001, 101302804, 85709056, 189561861
30000, 30000, 0, 0, greedy_39.000000, 1006203, 19377, 1934785.5887000002, inf, 173.41040462427745, 482.85346369907575, 97090.189304, 983208.647175, 1.470197, 45334.292033, 809149.476673, 1.513318, 6747, 14649, 10350001, 22753412, 441378426, 474481839, 1020708, 9233, 1071879.152922, inf, 348.83720930232556, 964.0751666688445, 193449.00655, 451816.451683, 0.411512, 21670.683221, 404942.111901, 0.488055, 3354, 10172, 5130001, 45183518, 209908725, 260222244, 1024102, 4574, 821793.4982009999, inf, 697.6744186046511, 2055.6523065987258, 442397.017109, 163547.347999, 0.115156, 10746.667843, 205102.190104, 0.15999, 1677, 6550, 2550001, 101302804, 89731706, 193584511
30000, 30000, 0, 0, greedy_5.000000, 1007373, 20547, 432546.18355, inf, 173.41040462427745, 482.85346369907575, 97090.189304, 204852.046828, 1.459127, 45334.292033, 85267.979362, 0.216896, 865, 22041, 10350001, 22753412, 71244658, 104348071, 1021462, 9987, 351324.490118, inf, 348.83720930232556, 964.0751666688445, 193449.00655, 93301.725317, 0.401853, 21670.683221, 42902.574813, 0.098364, 430, 14894, 5130001, 45183518, 33430043, 83743562, 1024467, 4939, 511754.614511, inf, 697.6744186046511, 2055.6523065987258, 442397.017109, 36939.984459, 0.11209, 10746.667843, 21670.781815, 0.051195, 215, 8782, 2550001, 101302804, 14303253, 118156058
30000, 30000, 0, 0, greedy_7.000000, 1006775, 19949, 554243.988858, inf, 173.41040462427745, 482.85346369907575, 97090.189304, 283910.690916, 1.547091, 45334.292033, 127906.948552, 0.320962, 1211, 18521, 10350001, 22753412, 101709884, 134813297, 1021323, 9848, 410064.54675599997, inf, 348.83720930232556, 964.0751666688445, 193449.00655, 130435.004073, 0.405901, 21670.683221, 64509.316977, 0.130034, 602, 13823, 5130001, 45183518, 47915711, 98229230, 1024393, 4865, 537592.077838, inf, 697.6744186046511, 2055.6523065987258, 442397.017109, 51906.42055, 0.104205, 10746.667843, 32541.802779, 0.065352, 301, 7727, 2550001, 101302804, 20629069, 124481874
30000, 30000, 0, 0, greedy_9.000000, 1006415, 19589, 691870.0891450001, inf, 173.41040462427745, 482.85346369907575, 97090.189304, 380120.943677, 1.709976, 45334.292033, 169322.571488, 0.382667, 1557, 16185, 10350001, 22753412, 132355104, 165458517, 1021026, 9551, 469139.0074359999, inf, 348.83720930232556, 964.0751666688445, 193449.00655, 168192.744911, 0.393037, 21670.683221, 85826.029445, 0.150272, 774, 12729, 5130001, 45183518, 62401379, 112714898, 1024374, 4846, 561471.290484, inf, 697.6744186046511, 2055.6523065987258, 442397.017109, 64915.199837, 0.111179, 10746.667843, 43412.226448, 0.068068, 387, 7392, 2550001, 101302804, 26472827, 130325632
30000, 30000, 0, 0, opt, 1005537, 18711, 3702606.904133, inf, 173.41040462427745, 482.85346369907575, 97090.189304, 3560181.095597, 1.327199, 45334.292033, 0, 0, 0, 0, 10350001, 22753412, 857101429, 890204842, 1020422, 8947, 3201087.581589, inf, 348.83720930232556, 964.0751666688445, 193449.00655, 2985967.543766, 0.348052, 21670.683221, 0, 0, 0, 0, 5130001, 45183518, 726575780, 776889299, 1023754, 4226, 2263789.904106, inf, 697.6744186046511, 2055.6523065987258, 442397.017109, 1810646.123505, 0.095649, 10746.667843, 0, 0, 0, 0, 2550001, 101302804, 449251275, 553104080
30000, 30000, 0, 0, plus_edge, 1011580, 24754, 186606.529147, inf, 173.41040462427745, 482.85346369907575, 97090.189304, 44180.694053, 1.353757, 45334.292033, 0, 0, 0, 0, 10350001, 22753412, 10103624, 43207037, 1023514, 12039, 234797.11434600002, inf, 348.83720930232556, 964.0751666688445, 193449.00655, 19677.079999, 0.344576, 21670.683221, 0, 0, 0, 0, 5130001, 45183518, 4615840, 54929359, 1025688, 6160, 461017.994653, inf, 697.6744186046511, 2055.6523065987258, 442397.017109, 7874.219642, 0.090059, 10746.667843, 0, 0, 0, 0, 2550001, 101302804, 1831116, 105683921
30000, 30000, 0, 0, simple, 1013358, 26532, 186139.580892, inf, 173.41040462427745, 482.85346369907575, 97090.189304, 43713.76277, 1.336785, 45334.292033, 0, 0, 0, 0, 10350001, 22753412, 10074040, 43177453, 1024670, 13195, 234680.063668, inf, 348.83720930232556, 964.0751666688445, 193449.00655, 19560.03433, 0.339567, 21670.683221, 0, 0, 0, 0, 5130001, 45183518, 4608615, 54922134, 1026205, 6677, 461006.78108899994, inf, 697.6744186046511, 2055.6523065987258, 442397.017109, 7863.007962, 0.088175, 10746.667843, 0, 0, 0, 0, 2550001, 101302804, 1829352, 105682157
30000, 30000, 0, 0, dp_1.000000, 997988, 28484, 327513.626147, inf, 173.41040462427745, 783.3124560623173, 246708.60681, 37291.249701, 1.44516, 43367.64229, 144.670654, 0.011532, 173, 0, 10350001, 55660688, 8673517, 74684206, 992105, 14393, 585678.809667, inf, 348.83720930232556, 1668.770978340153, 547650.616915, 16161.811097, 0.324068, 21720.885641, 145.165023, 0.006923, 86, 0, 5130001, 124963811, 3797626, 133891438, 989596, 6812, 903166.8740990001, inf, 697.6744186046511, 2966.1721767909635, 884585.929955, 7316.655321, 0.066965, 11109.897152, 154.320378, 0.004328, 43, 0, 2550001, 199610930, 1716175, 203877106
30000, 30000, 0, 0, dp_11.000000, 988486, 18982, 885910.0084729999, inf, 173.41040462427745, 783.3124560623173, 246708.60681, 381731.262588, 1.580414, 43367.64229, 213938.105991, 162.81038, 1903, 10545, 10350001, 55660688, 146860441, 212871130, 987185, 9473, 847855.8637370002, inf, 348.83720930232556, 1668.770978340153, 547650.616915, 168645.491203, 0.382096, 21720.885641, 109819.219668, 19.268214, 946, 8062, 5130001, 124963811, 67391590, 197485402, 987704, 4920, 1027667.577687, inf, 697.6744186046511, 2966.1721767909635, 884585.929955, 76259.206043, 0.096832, 11109.897152, 55710.016837, 2.430868, 473, 5272, 2550001, 199610930, 31727398, 233888329
30000, 30000, 0, 0, dp_13.000000, 988351, 18847, 1002534.2134230001, inf, 173.41040462427745, 783.3124560623173, 246708.60681, 455222.483694, 1.467021, 43367.64229, 257005.073889, 228.939719, 2249, 9105, 10350001, 55660688, 174517509, 240528198, 987061, 9349, 898921.9853420001, inf, 348.83720930232556, 1668.770978340153, 547650.616915, 197730.492295, 0.384271, 21720.885641, 131792.353222, 27.252998, 1118, 7313, 5130001, 124963811, 80087220, 210181032, 987605, 4821, 1052178.287031, inf, 697.6744186046511, 2966.1721767909635, 884585.929955, 89976.120621, 0.088727, 11109.897152, 66502.64675, 3.603826, 559, 4829, 2550001, 199610930, 37708089, 239869020
30000, 30000, 0, 0, dp_15.000000, 988268, 18764, 1113058.7553270003, inf, 173.41040462427745, 783.3124560623173, 246708.60681, 521822.338693, 1.460899, 43367.64229, 300849.838879, 308.867756, 2595, 7962, 10350001, 55660688, 202124325, 268135014, 986996, 9284, 949110.013567, inf, 348.83720930232556, 1668.770978340153, 547650.616915, 227432.950153, 0.380604, 21720.885641, 152268.711916, 36.468338, 1290, 6696, 5130001, 124963811, 92663461, 222757273, 987539, 4755, 1076220.8005370002, inf, 697.6744186046511, 2966.1721767909635, 884585.929955, 103121.334132, 0.102502, 11109.897152, 77398.969413, 4.567383, 645, 4492, 2550001, 199610930, 43539915, 245700846
30000, 30000, 0, 0, dp_17.000000, 988208, 18704, 1227297.030136, inf, 173.41040462427745, 783.3124560623173, 246708.60681, 593150.111304, 1.446232, 43367.64229, 343670.398903, 398.824597, 2941, 7023, 10350001, 55660688, 229688357, 295699046, 986990, 9278, 1002766.4371879998, inf, 348.83720930232556, 1668.770978340153, 547650.616915, 259852.290384, 0.387547, 21720.885641, 173494.854173, 47.402528, 1462, 6138, 5130001, 124963811, 105447189, 235541001, 987513, 4729, 1102510.984429, inf, 697.6744186046511, 2966.1721767909635, 884585.929955, 117441.681769, 0.108633, 11109.897152, 89367.284657, 6.082263, 731, 4208, 2550001, 199610930, 49572471, 251733402
30000, 30000, 0, 0, dp_19.000000, 988168, 18664, 1340292.637869, inf, 173.41040462427745, 783.3124560623173, 246708.60681, 659445.615022, 1.456561, 43367.64229, 390269.329054, 499.988132, 3287, 6237, 10350001, 55660688, 257455549, 323466238, 986971, 9259, 1054261.039067, inf, 348.83720930232556, 1668.770978340153, 547650.616915, 290602.932223, 0.387737, 21720.885641, 194226.681266, 59.535285, 1634, 5674, 5130001, 124963811, 118216234, 248310046, 987498, 4714, 1125062.6983180002, inf, 697.6744186046511, 2966.1721767909635, 884585.929955, 129256.87752, 0.110146, 11109.897152, 100102.48293, 7.400615, 817, 3966, 2550001, 199610930, 55474216, 257635147
30000, 30000, 0, 0, dp_21.000000, 988111, 18607, 1448484.438895, inf, 173.41040462427745, 783.3124560623173, 246708.60681, 730463.779214, 1.432617, 43367.64229, 427329.488698, 613.489266, 3633, 5537, 10350001, 55660688, 285222741, 351233430, 986960, 9248, 1105810.103297, inf, 348.83720930232556, 1668.770978340153, 547650.616915, 319420.253281, 0.39461, 21720.885641, 216944.536574, 73.416276, 1806, 5230, 5130001, 124963811, 130999962, 261093774, 987498, 4714, 1149135.520496, inf, 697.6744186046511, 2966.1721767909635, 884585.929955, 142424.778919, 0.100799, 11109.897152, 111005.721565, 9.092106, 903, 3750, 2550001, 199610930, 61039987, 263200918
30000, 30000, 0, 0, dp_23.000000, 988058, 18554, 1556479.730589, inf, 173.41040462427745, 783.3124560623173, 246708.60681, 794240.660272, 1.53574, 43367.64229, 471423.602008, 737.683469, 3979, 4889, 10350001, 55660688, 312540893, 378551582, 986888, 9176, 1157516.2089459999, inf, 348.83720930232556, 1668.770978340153, 547650.616915, 349002.054354, 0.40539, 21720.885641, 239053.612902, 88.633744, 1978, 4815, 5130001, 124963811, 143504163, 273597975, 987492, 4708, 1173873.065931, inf, 697.6744186046511, 2966.1721767909635, 884585.929955, 156462.395855, 0.097884, 11109.897152, 121703.868303, 10.876782, 989, 3564, 2550001, 199610930, 67072543, 269233474
30000, 30000, 0, 0, dp_25.000000, 988023, 18519, 1671200.676349, inf, 173.41040462427745, 783.3124560623173, 246708.60681, 867448.991044, 1.433188, 43367.64229, 512797.634646, 876.368371, 4325, 4332, 10350001, 55660688, 340308085, 406318774, 986863, 9151, 1212566.3669430001, inf, 348.83720930232556, 1668.770978340153, 547650.616915, 380795.976769, 0.388498, 21720.885641, 262293.056266, 105.442854, 2150, 4437, 5130001, 124963811, 155961840, 286055652, 987482, 4698, 1198078.3862450002, inf, 697.6744186046511, 2966.1721767909635, 884585.929955, 169896.078794, 0.130845, 11109.897152, 132473.318748, 13.030751, 1075, 3398, 2550001, 199610930, 72807369, 274968300
30000, 30000, 0, 0, dp_27.000000, 988012, 18508, 1781657.540058, inf, 173.41040462427745, 783.3124560623173, 246708.60681, 936373.871449, 1.448938, 43367.64229, 554185.608536, 1020.362035, 4671, 3825, 10350001, 55660688, 367755601, 433766290, 986863, 9151, 1262504.693411, inf, 348.83720930232556, 1668.770978340153, 547650.616915, 409219.239265, 0.386655, 21720.885641, 283790.275958, 123.288977, 2322, 4104, 5130001, 124963811, 168745568, 298839380, 987474, 4690, 1226056.465703, inf, 697.6744186046511, 2966.1721767909635, 884585.929955, 182369.230338, 0.104095, 11109.897152, 147976.03741, 15.266753, 1161, 3244, 2550001, 199610930, 78839925, 281000856
30000, 30000, 0, 0, dp_29.000000, 987990, 18486, 1896358.4405409999, inf, 173.41040462427745, 783.3124560623173, 246708.60681, 1006095.175736, 1.797722, 43367.64229, 599007.157672, 1178.060311, 5017, 3385, 10350001, 55660688, 395412669, 461423358, 986842, 9130, 1312080.209983, inf, 348.83720930232556, 1668.770978340153, 547650.616915, 439879.560909, 0.397525, 21720.885641, 302685.750951, 142.998042, 2494, 3817, 5130001, 124963811, 181529296, 311623108, 987455, 4671, 1248484.746677, inf, 697.6744186046511, 2966.1721767909635, 884585.929955, 197385.125108, 0.103323, 11109.897152, 155386.262852, 17.428287, 1247, 3095, 2550001, 199610930, 84872481, 287033412
30000, 30000, 0, 0, dp_3.000000, 991145, 21641, 440376.64329700003, inf, 173.41040462427745, 783.3124560623173, 246708.60681, 107107.884633, 1.458345, 43367.64229, 43182.462513, 8.588706, 519, 25102, 10350001, 55660688, 36410773, 102421462, 988729, 11017, 638116.3645260001, inf, 348.83720930232556, 1668.770978340153, 547650.616915, 46617.712701, 0.37864, 21720.885641, 22125.712275, 1.058354, 258, 15379, 5130001, 124963811, 16507664, 146601476, 988223, 5439, 928072.854914, inf, 697.6744186046511, 2966.1721767909635, 884585.929955, 21151.887521, 0.102933, 11109.897152, 11224.83813, 0.199223, 129, 9014, 2550001, 199610930, 7748731, 209909662
30000, 30000, 0, 0, dp_31.000000, 987961, 18457, 2012359.2683609999, inf, 173.41040462427745, 783.3124560623173, 246708.60681, 1075224.854389, 1.467001, 43367.64229, 645707.356578, 1349.341293, 5363, 3027, 10350001, 55660688, 422906133, 488916822, 986828, 9116, 1363243.4961030001, inf, 348.83720930232556, 1668.770978340153, 547650.616915, 468740.670907, 0.395712, 21720.885641, 324967.281001, 163.645927, 2666, 3553, 5130001, 124963811, 194313024, 324406836, 987454, 4670, 1274014.4038630002, inf, 697.6744186046511, 2966.1721767909635, 884585.929955, 211559.345495, 0.100919, 11109.897152, 166739.271397, 19.858945, 1333, 2950, 2550001, 199610930, 90905037, 293065968
30000, 30000, 0, 0, dp_33.000000, 987945, 18441, 2123375.7811299996, inf, 173.41040462427745, 783.3124560623173, 246708.60681, 1145077.610446, 1.521223, 43367.64229, 686692.283675, 1528.116686, 5709, 2723, 10350001, 55660688, 450201817, 516212506, 986828, 9116, 1419311.1193889999, inf, 348.83720930232556, 1668.770978340153, 547650.616915, 501875.549427, 0.396935, 21720.885641, 347878.434601, 185.23587, 2838, 3313, 5130001, 124963811, 207096752, 337190564, 987452, 4668, 1293702.7956150002, inf, 697.6744186046511, 2966.1721767909635, 884585.929955, 220666.582877, 0.10635, 11109.897152, 177317.738889, 22.540392, 1419, 2820, 2550001, 199610930, 96325586, 298486517
30000, 30000, 0, 0, dp_35.000000, 987937, 18433, 2232533.373793, inf, 173.41040462427745, 783.3124560623173, 246708.60681, 1212650.74944, 1.421015, 43367.64229, 728085.059929, 1719.894309, 6055, 2449, 10350001, 55660688, 477310417, 543321106, 986826, 9114, 1467662.0496080003, inf, 348.83720930232556, 1668.770978340153, 547650.616915, 530250.102839, 0.395071, 21720.885641, 367831.099134, 208.950008, 3010, 3096, 5130001, 124963811, 219792382, 349886194, 987450, 4666, 1326332.974686, inf, 697.6744186046511, 2966.1721767909635, 884585.929955, 242600.47153, 0.109024, 11109.897152, 188010.870337, 25.696688, 1505, 2697, 2550001, 199610930, 102209277, 304370208
30000, 30000, 0, 0, dp_37.000000, 987912, 18408, 2351095.0351719996, inf, 173.41040462427745, 783.3124560623173, 246708.60681, 1283876.668881, 1.421115, 43367.64229, 775217.801205, 1922.894871, 6401, 2206, 10350001, 55660688, 505057293, 571067982, 986826, 9114, 1519580.8670120002, inf, 348.83720930232556, 1668.770978340153, 547650.616915, 560494.053379, 0.46935, 21720.885641, 389480.864381, 233.977346, 3182, 2905, 5130001, 124963811, 232532061, 362625873, 987441, 4657, 1342149.270695, inf, 697.6744186046511, 2966.1721767909635, 884585.929955, 248139.337417, 0.107832, 11109.897152, 198284.326149, 29.67219, 1591, 2590, 2550001, 199610930, 108241833, 310402764
30000, 30000, 0, 0, dp_39.000000, 987906, 18402, 2456205.365663, inf, 173.41040462427745, 783.3124560623173, 246708.60681, 1350451.156467, 1.513389, 43367.64229, 813540.620626, 2135.826081, 6747, 1985, 10350001, 55660688, 532495189, 598505878, 986809, 9097, 1576913.1981819998, inf, 348.83720930232556, 1668.770978340153, 547650.616915, 589020.478782, 0.473398, 21720.885641, 418257.898645, 262.844801, 3354, 2725, 5130001, 124963811, 244376077, 374469889, 987437, 4653, 1370969.053799, inf, 697.6744186046511, 2966.1721767909635, 884585.929955, 264491.011861, 0.107361, 11109.897152, 210750.239163, 31.868307, 1677, 2488, 2550001, 199610930, 114274389, 316435320
30000, 30000, 0, 0, dp_5.000000, 989824, 20320, 553148.8619179999, inf, 173.41040462427745, 783.3124560623173, 246708.60681, 177054.422602, 1.437817, 43367.64229, 85987.622913, 29.129486, 865, 18958, 10350001, 55660688, 64127713, 130138402, 987833, 10121, 690271.9431650001, inf, 348.83720930232556, 1668.770978340153, 547650.616915, 76735.625373, 0.388549, 21720.885641, 44160.982558, 3.444129, 430, 12368, 5130001, 124963811, 29291392, 159385204, 987958, 5174, 952647.810374, inf, 697.6744186046511, 2966.1721767909635, 884585.929955, 34816.740364, 0.10678, 11109.897152, 22134.660651, 0.475472, 215, 7436, 2550001, 199610930, 13711368, 215872299
30000, 30000, 0, 0, dp_7.000000, 988919, 19415, 663591.529089, inf, 173.41040462427745, 783.3124560623173, 246708.60681, 245006.875008, 1.468594, 43367.64229, 128446.012839, 60.923548, 1211, 15090, 10350001, 55660688, 91833957, 157844646, 987493, 9781, 742481.502223, inf, 348.83720930232556, 1668.770978340153, 547650.616915, 107450.023206, 0.40512, 21720.885641, 65652.140637, 7.430704, 602, 10413, 5130001, 124963811, 41972339, 172066151, 987781, 4997, 978046.9862090001, inf, 697.6744186046511, 2966.1721767909635, 884585.929955, 48839.755999, 0.086312, 11109.897152, 33510.172867, 1.143924, 301, 6482, 2550001, 199610930, 19733551, 221894482
30000, 30000, 0, 0, dp_9.000000, 988700, 19196, 772518.973067, inf, 173.41040462427745, 783.3124560623173, 246708.60681, 311196.333311, 1.465197, 43367.64229, 171140.17537, 104.750089, 1557, 12472, 10350001, 55660688, 119093249, 185103938, 987320, 9608, 793576.62612, inf, 348.83720930232556, 1668.770978340153, 547650.616915, 137329.961738, 0.386194, 21720.885641, 86862.186444, 12.589188, 774, 9073, 5130001, 124963811, 54607862, 184701674, 987770, 4986, 1002688.601889, inf, 697.6744186046511, 2966.1721767909635, 884585.929955, 62439.291493, 0.100659, 11109.897152, 44551.614726, 1.767904, 387, 5807, 2550001, 199610930, 25724615, 227885546
30000, 30000, 0, 0, fixed_reps_1, 997988, 28484, 327603.49125, inf, 173.41040462427745, 783.3124560623173, 246708.60681, 37360.392717, 1.389826, 43367.64229, 165.459607, 0, 173, 44080, 10350001, 55660688, 8673517, 74684206, 992105, 14393, 585759.706446, inf, 348.83720930232556, 1668.770978340153, 547650.616915, 16224.816948, 0.378059, 21720.885641, 163.008883, 0, 86, 25359, 5130001, 124963811, 3797626, 133891438, 989596, 6812, 903189.890979, inf, 697.6744186046511, 2966.1721767909635, 884585.929955, 7327.428676, 0.090469, 11109.897152, 166.544727, 0, 43, 13821, 2550001, 199610930, 1716175, 203877106
30000, 30000, 0, 0, fixed_reps_11, 988688, 19184, 676482.804321, inf, 173.41040462427745, 783.3124560623173, 246708.60681, 385002.475788, 1.442024, 43367.64229, 1402.637409, 0, 1903, 15977, 10350001, 55660688, 95406957, 161417646, 987316, 9604, 737017.210537, inf, 348.83720930232556, 1668.770978340153, 547650.616915, 166227.820562, 0.389931, 21720.885641, 1417.497488, 0, 946, 11067, 5130001, 124963811, 41773026, 171866838, 987835, 5051, 971704.438537, inf, 697.6744186046511, 2966.1721767909635, 884585.929955, 74517.430919, 0.098605, 11109.897152, 1491.081906, 0, 473, 6836, 2550001, 199610930, 18877495, 221038426
30000, 30000, 0, 0, fixed_reps_13, 988606, 19102, 745170.627114, inf, 173.41040462427745, 783.3124560623173, 246708.60681, 453445.504913, 1.436204, 43367.64229, 1647.436897, 0, 2249, 14583, 10350001, 55660688, 112753645, 178764334, 987189, 9477, 767848.807954, inf, 348.83720930232556, 1668.770978340153, 547650.616915, 196773.838047, 0.398387, 21720.885641, 1703.068964, 0, 1118, 10289, 5130001, 124963811, 49368106, 179461918, 987807, 5023, 985212.439471, inf, 697.6744186046511, 2966.1721767909635, 884585.929955, 87826.61613, 0.087815, 11109.897152, 1689.908419, 0, 559, 6313, 2550001, 199610930, 22309759, 224470690
30000, 30000, 0, 0, fixed_reps_15, 988515, 19011, 813914.010469, inf, 173.41040462427745, 783.3124560623173, 246708.60681, 521941.081474, 1.535389, 43367.64229, 1895.144506, 0, 2595, 13299, 10350001, 55660688, 130100333, 196111022, 987172, 9460, 797559.908822, inf, 348.83720930232556, 1668.770978340153, 547650.616915, 226267.296944, 0.391845, 21720.885641, 1920.717477, 0, 1290, 9495, 5130001, 124963811, 56963186, 187056998, 987687, 4903, 999973.0674340001, inf, 697.6744186046511, 2966.1721767909635, 884585.929955, 102313.154897, 0.102492, 11109.897152, 1963.982938, 0, 645, 6021, 2550001, 199610930, 25742023, 227902954
30000, 30000, 0, 0, fixed_reps_17, 988448, 18944, 881710.945979, inf, 173.41040462427745, 783.3124560623173, 246708.60681, 589484.613679, 1.450791, 43367.64229, 2148.632409, 0, 2941, 12103, 10350001, 55660688, 147447021, 213457710, 987113, 9401, 827558.985372, inf, 348.83720930232556, 1668.770978340153, 547650.616915, 256019.256884, 0.391725, 21720.885641, 2167.834207, 0, 1462, 8669, 5130001, 124963811, 64558266, 194652078, 987618, 4834, 1012697.865002, inf, 697.6744186046511, 2966.1721767909635, 884585.929955, 114765.22823, 0.111219, 11109.897152, 2236.698446, 0, 731, 5704, 2550001, 199610930, 29174287, 231335218
30000, 30000, 0, 0, fixed_reps_19, 988378, 18874, 950990.1678719999, inf, 173.41040462427745, 783.3124560623173, 246708.60681, 658505.354399, 1.448677, 43367.64229, 2407.115696, 0, 3287, 11040, 10350001, 55660688, 164793709, 230804398, 987065, 9353, 857765.1242740001, inf, 348.83720930232556, 1668.770978340153, 547650.616915, 285968.364531, 0.386625, 21720.885641, 2424.870562, 0, 1634, 8228, 5130001, 124963811, 72153346, 202247158, 987618, 4834, 1026308.4414640001, inf, 697.6744186046511, 2966.1721767909635, 884585.929955, 128150.613095, 0.103614, 11109.897152, 2461.897648, 0, 817, 5465, 2550001, 199610930, 32606551, 234767482
30000, 30000, 0, 0, fixed_reps_21, 988341, 18837, 1019849.539149, inf, 173.41040462427745, 783.3124560623173, 246708.60681, 727130.915053, 1.459688, 43367.64229, 2640.915308, 0, 3633, 10329, 10350001, 55660688, 182140397, 248151086, 987021, 9309, 887678.314773, inf, 348.83720930232556, 1668.770978340153, 547650.616915, 315616.821748, 0.387867, 21720.885641, 2689.602602, 0, 1806, 7835, 5130001, 124963811, 79748426, 209842238, 987586, 4802, 1039944.766943, inf, 697.6744186046511, 2966.1721767909635, 884585.929955, 141545.040666, 0.108473, 11109.897152, 2703.790697, 0, 903, 5120, 2550001, 199610930, 36038815, 238199746
30000, 30000, 0, 0, fixed_reps_23, 988320, 18816, 1093973.097285, inf, 173.41040462427745, 783.3124560623173, 246708.60681, 801021.829335, 1.464546, 43367.64229, 2873.554304, 0, 3979, 9603, 10350001, 55660688, 199487085, 265497774, 986977, 9265, 918608.9736610001, inf, 348.83720930232556, 1668.770978340153, 547650.616915, 346289.963531, 0.40005, 21720.885641, 2947.107524, 0, 1978, 7395, 5130001, 124963811, 87343506, 217437318, 987572, 4788, 1054831.47149, inf, 697.6744186046511, 2966.1721767909635, 884585.929955, 156158.771546, 0.102823, 11109.897152, 2976.770014, 0, 989, 4910, 2550001, 199610930, 39471079, 241632010
30000, 30000, 0, 0, fixed_reps_25, 988242, 18738, 1157874.3116759998, inf, 173.41040462427745, 783.3124560623173, 246708.60681, 864652.498954, 1.416547, 43367.64229, 3144.147075, 0, 4325, 9075, 10350001, 55660688, 216833773, 282844462, 986969, 9257, 948606.192597, inf, 348.83720930232556, 1668.770978340153, 547650.616915, 376022.823439, 0.385694, 21720.885641, 3211.480908, 0, 2150, 7094, 5130001, 124963811, 94938586, 225032398, 987560, 4776, 1067183.840396, inf, 697.6744186046511, 2966.1721767909635, 884585.929955, 168259.163249, 0.10142, 11109.897152, 3228.74862, 0, 1075, 4723, 2550001, 199610930, 42903343, 245064274
30000, 30000, 0, 0, fixed_reps_27, 988222, 18718, 1223722.956705, inf, 173.41040462427745, 783.3124560623173, 246708.60681, 930258.43389, 1.470287, 43367.64229, 3386.803428, 0, 4671, 8630, 10350001, 55660688, 234180461, 300191150, 986969, 9257, 979609.605755, inf, 348.83720930232556, 1668.770978340153, 547650.616915, 406769.585987, 0.396353, 21720.885641, 3468.120859, 0, 2322, 6776, 5130001, 124963811, 102533666, 232627478, 987512, 4728, 1081347.057768, inf, 697.6744186046511, 2966.1721767909635, 884585.929955, 182146.736232, 0.10638, 11109.897152, 3504.388049, 0, 1161, 4476, 2550001, 199610930, 46335607, 248496538
30000, 30000, 0, 0, fixed_reps_29, 988177, 18673, 1295848.0521489999, inf, 173.41040462427745, 783.3124560623173, 246708.60681, 1002133.247035, 1.479284, 43367.64229, 3637.07673, 0, 5017, 8013, 10350001, 55660688, 251527149, 317537838, 986946, 9234, 1009800.320529, inf, 348.83720930232556, 1668.770978340153, 547650.616915, 436745.495644, 0.388689, 21720.885641, 3682.93364, 0, 2494, 6539, 5130001, 124963811, 110128746, 240222558, 987498, 4714, 1095029.661334, inf, 697.6744186046511, 2966.1721767909635, 884585.929955, 195596.169053, 0.128051, 11109.897152, 3737.537123, 0, 1247, 4318, 2550001, 199610930, 49767871, 251928802
30000, 30000, 0, 0, fixed_reps_3, 990926, 21422, 397068.29741, inf, 173.41040462427745, 783.3124560623173, 246708.60681, 106594.032416, 1.44016, 43367.64229, 396.575734, 0, 519, 31279, 10350001, 55660688, 26020205, 92030894, 989041, 11329, 616005.0440590001, inf, 348.83720930232556, 1668.770978340153, 547650.616915, 46242.00667, 0.386886, 21720.885641, 391.147947, 0, 258, 18475, 5130001, 124963811, 11392706, 141486518, 988320, 5536, 917111.66096, inf, 697.6744186046511, 2966.1721767909635, 884585.929955, 21024.629343, 0.099346, 11109.897152, 391.105164, 0, 129, 10522, 2550001, 199610930, 5148439, 207309370
30000, 30000, 0, 0, fixed_reps_31, 988139, 18635, 1365205.042944, inf, 173.41040462427745, 783.3124560623173, 246708.60681, 1071242.466003, 1.479435, 43367.64229, 3884.848406, 0, 5363, 7660, 10350001, 55660688, 268873837, 334884526, 986945, 9233, 1043484.214915, inf, 348.83720930232556, 1668.770978340153, 547650.616915, 470168.374682, 0.397385, 21720.885641, 3943.940292, 0, 2666, 6303, 5130001, 124963811, 117723826, 247817638, 987498, 4714, 1109746.851999, inf, 697.6744186046511, 2966.1721767909635, 884585.929955, 208857.518742, 0.316674, 11109.897152, 5193.189476, 0, 1333, 4180, 2550001, 199610930, 53200135, 255361066
30000, 30000, 0, 0, fixed_reps_33, 988131, 18627, 1431852.131364, inf, 173.41040462427745, 783.3124560623173, 246708.60681, 1137638.685339, 1.417177, 43367.64229, 4135.779748, 0, 5709, 7358, 10350001, 55660688, 286220525, 352231214, 986942, 9230, 1073959.8680409999, inf, 348.83720930232556, 1668.770978340153, 547650.616915, 500374.062948, 0.383429, 21720.885641, 4213.919108, 0, 2838, 6063, 5130001, 124963811, 125318906, 255412718, 987496, 4712, 1122144.377432, inf, 697.6744186046511, 2966.1721767909635, 884585.929955, 222196.889811, 0.105478, 11109.897152, 4251.555036, 0, 1419, 4044, 2550001, 199610930, 56632399, 258793330
30000, 30000, 0, 0, fixed_reps_35, 988109, 18605, 1499916.748945, inf, 173.41040462427745, 783.3124560623173, 246708.60681, 1205473.131191, 1.459657, 43367.64229, 4365.908997, 0, 6055, 7024, 10350001, 55660688, 303567213, 369577902, 986936, 9224, 1104772.0518600002, inf, 348.83720930232556, 1668.770978340153, 547650.616915, 530937.870985, 0.380914, 21720.885641, 4462.297405, 0, 3010, 5877, 5130001, 124963811, 132913986, 263007798, 987494, 4710, 1135775.7049770001, inf, 697.6744186046511, 2966.1721767909635, 884585.929955, 235573.231577, 0.099777, 11109.897152, 4506.546516, 0, 1505, 3958, 2550001, 199610930, 60064663, 262225594
30000, 30000, 0, 0, fixed_reps_37, 988092, 18588, 1571464.784283, inf, 173.41040462427745, 783.3124560623173, 246708.60681, 1276760.224709, 1.426715, 43367.64229, 4626.883759, 0, 6401, 6748, 10350001, 55660688, 320913901, 386924590, 986936, 9224, 1135744.779069, inf, 348.83720930232556, 1668.770978340153, 547650.616915, 561599.682941, 0.377779, 21720.885641, 4773.215793, 0, 3182, 5664, 5130001, 124963811, 140509066, 270602878, 987476, 4692, 1152039.486733, inf, 697.6744186046511, 2966.1721767909635, 884585.929955, 251581.858113, 0.094056, 11109.897152, 4761.707457, 0, 1591, 3854, 2550001, 199610930, 63496927, 265657858
30000, 30000, 0, 0, fixed_reps_39, 988085, 18581, 1638273.602795, inf, 173.41040462427745, 783.3124560623173, 246708.60681, 1343299.985527, 1.468885, 43367.64229, 4895.899283, 0, 6747, 6486, 10350001, 55660688, 338260589, 404271278, 986932, 9220, 1162378.1366919999, inf, 348.83720930232556, 1668.770978340153, 547650.616915, 588069.756448, 0.398407, 21720.885641, 4936.479281, 0, 3354, 5495, 5130001, 124963811, 148104146, 278197958, 987476, 4692, 1163737.563369, inf, 697.6744186046511, 2966.1721767909635, 884585.929955, 263008.824209, 0.089879, 11109.897152, 5032.822174, 0, 1677, 3741, 2550001, 199610930, 66929191, 269090122
30000, 30000, 0, 0, fixed_reps_41, 988074, 18570, 1719689.112561, inf, 173.41040462427745, 783.3124560623173, 246708.60681, 1424488.772451, 1.469516, 43367.64229, 5122.621494, 0, 7093, 6202, 10350001, 55660688, 355607277, 421617966, 986929, 9217, 1197466.9792149998, inf, 348.83720930232556, 1668.770978340153, 547650.616915, 622819.34593, 0.392786, 21720.885641, 5275.737943, 0, 3526, 5328, 5130001, 124963811, 155699226, 285793038, 987476, 4692, 1180261.742233, inf, 697.6744186046511, 2966.1721767909635, 884585.929955, 279254.262082, 0.094888, 11109.897152, 5311.558156, 0, 1763, 3647, 2550001, 199610930, 70361455, 272522386
30000, 30000, 0, 0, fixed_reps_5, 989361, 19857, 466757.281198, inf, 173.41040462427745, 783.3124560623173, 246708.60681, 176031.823498, 1.441082, 43367.64229, 647.767518, 0, 865, 25115, 10350001, 55660688, 43366893, 109377582, 988149, 10437, 646355.3108620001, inf, 348.83720930232556, 1668.770978340153, 547650.616915, 76327.459368, 0.382477, 21720.885641, 655.966461, 0, 430, 15480, 5130001, 124963811, 18987786, 149081598, 988015, 5231, 931664.739663, inf, 697.6744186046511, 2966.1721767909635, 884585.929955, 35309.60397, 0.107442, 11109.897152, 659.201144, 0, 215, 9104, 2550001, 199610930, 8580703, 210741634
30000, 30000, 0, 0, fixed_reps_7, 989032, 19528, 537729.9527210001, inf, 173.41040462427745, 783.3124560623173, 246708.60681, 246748.396852, 1.436113, 43367.64229, 903.870656, 0, 1211, 21465, 10350001, 55660688, 60713581, 126724270, 987764, 10052, 676525.336887, inf, 348.83720930232556, 1668.770978340153, 547650.616915, 106241.021053, 0.390542, 21720.885641, 912.422736, 0, 602, 13391, 5130001, 124963811, 26582866, 156676678, 987931, 5147, 945539.101409, inf, 697.6744186046511, 2966.1721767909635, 884585.929955, 48784.461451, 0.144381, 11109.897152, 1058.66847, 0, 301, 8123, 2550001, 199610930, 12012967, 214173898
30000, 30000, 0, 0, fixed_reps_9, 988726, 19222, 607408.3888790001, inf, 173.41040462427745, 783.3124560623173, 246708.60681, 316175.79849, 1.436234, 43367.64229, 1154.905055, 0, 1557, 17959, 10350001, 55660688, 78060269, 144070958, 987511, 9799, 708201.011624, inf, 348.83720930232556, 1668.770978340153, 547650.616915, 137650.402377, 0.388428, 21720.885641, 1178.718263, 0, 774, 12140, 5130001, 124963811, 34177946, 164271758, 987844, 5060, 961558.6143189999, inf, 697.6744186046511, 2966.1721767909635, 884585.929955, 64123.237579, 0.10654, 11109.897152, 1739.443093, 0, 387, 7383, 2550001, 199610930, 15445231, 217606162
30000, 30000, 0, 0, greedy_1.000000, 997988, 28484, 327571.459267, inf, 173.41040462427745, 783.3124560623173, 246708.60681, 37349.083613, 1.446613, 43367.64229, 144.670654, 0.009287, 173, 44080, 10350001, 55660688, 8673517, 74684206, 992105, 14393, 585927.470423, inf, 348.83720930232556, 1668.770978340153, 547650.616915, 16410.418102, 0.378721, 21720.885641, 145.165023, 0.006021, 86, 25359, 5130001, 124963811, 3797626, 133891438, 989596, 6812, 903238.175029, inf, 697.6744186046511, 2966.1721767909635, 884585.929955, 7387.921314, 0.103635, 11109.897152, 154.320378, 0.002595, 43, 13821, 2550001, 199610930, 1716175, 203877106
30000, 30000, 0, 0, greedy_11.000000, 988627, 19123, 869068.3262560001, inf, 173.41040462427745, 783.3124560623173, 246708.60681, 365051.850549, 1.467241, 43367.64229, 213938.105991, 0.653375, 1903, 13320, 10350001, 55660688, 143097113, 209107802, 987235, 9523, 837474.8660309999, inf, 348.83720930232556, 1668.770978340153, 547650.616915, 158283.565442, 0.385914, 21720.885641, 109819.219668, 0.192451, 946, 9877, 5130001, 124963811, 65125016, 195218828, 987788, 5004, 1027842.2894710001, inf, 697.6744186046511, 2966.1721767909635, 884585.929955, 76436.250762, 0.102802, 11109.897152, 55710.016837, 0.091963, 473, 6072, 2550001, 199610930, 31768890, 233929821
30000, 30000, 0, 0, greedy_13.000000, 988565, 19061, 941449.2208189999, inf, 173.41040462427745, 783.3124560623173, 246708.60681, 394365.703074, 1.45557, 43367.64229, 257005.073889, 0.739186, 2249, 13239, 10350001, 55660688, 160506449, 226517138, 987211, 9499, 871052.4871960001, inf, 348.83720930232556, 1668.770978340153, 547650.616915, 169888.041612, 0.390462, 21720.885641, 131792.353222, 0.199344, 1118, 9815, 5130001, 124963811, 72810492, 202904304, 987780, 4996, 1043043.403024, inf, 697.6744186046511, 2966.1721767909635, 884585.929955, 80844.747507, 0.084558, 11109.897152, 66502.64675, 0.097102, 559, 5925, 2550001, 199610930, 35445341, 237606272
30000, 30000, 0, 0, greedy_15.000000, 988508, 19004, 1016500.32483, inf, 173.41040462427745, 783.3124560623173, 246708.60681, 425572.106136, 1.516373, 43367.64229, 300849.838879, 0.614342, 2595, 13204, 10350001, 55660688, 177915785, 243926474, 987194, 9482, 900315.682345, inf, 348.83720930232556, 1668.770978340153, 547650.616915, 178674.85323, 0.388148, 21720.885641, 152268.711916, 0.226495, 1290, 9779, 5130001, 124963811, 80495968, 210589780, 987780, 4996, 1057598.2276370001, inf, 697.6744186046511, 2966.1721767909635, 884585.929955, 84503.247202, 0.097643, 11109.897152, 77398.969413, 0.086272, 645, 5894, 2550001, 199610930, 38917419, 241078350
30000, 30000, 0, 0, greedy_17.000000, 988475, 18971, 1089533.518023, inf, 173.41040462427745, 783.3124560623173, 246708.60681, 455784.749524, 1.456501, 43367.64229, 343670.398903, 0.663995, 2941, 13180, 10350001, 55660688, 195325121, 261335810, 987194, 9482, 931660.9447539999, inf, 348.83720930232556, 1668.770978340153, 547650.616915, 188793.939839, 0.38917, 21720.885641, 173494.854173, 0.259016, 1462, 9755, 5130001, 124963811, 88181444, 218275256, 987776, 4992, 1073701.2902270001, inf, 697.6744186046511, 2966.1721767909635, 884585.929955, 88637.935969, 0.136776, 11109.897152, 89367.284657, 0.105718, 731, 5871, 2550001, 199610930, 42389497, 244550428
30000, 30000, 0, 0, greedy_19.000000, 988473, 18969, 1164875.5846650002, inf, 173.41040462427745, 783.3124560623173, 246708.60681, 484527.787559, 1.467082, 43367.64229, 390269.329054, 0.75187, 3287, 13162, 10350001, 55660688, 212734457, 278745146, 987178, 9466, 963060.694322, inf, 348.83720930232556, 1668.770978340153, 547650.616915, 199461.84333, 0.385312, 21720.885641, 194226.681266, 0.281858, 1634, 9740, 5130001, 124963811, 95866920, 225960732, 987776, 4992, 1086605.638144, inf, 697.6744186046511, 2966.1721767909635, 884585.929955, 90807.102794, 0.104446, 11109.897152, 100102.48293, 0.120867, 817, 5856, 2550001, 199610930, 45861575, 248022506
30000, 30000, 0, 0, greedy_21.000000, 988453, 18949, 1225682.502967, inf, 173.41040462427745, 783.3124560623173, 246708.60681, 508274.39786, 1.536882, 43367.64229, 427329.488698, 0.830427, 3633, 13150, 10350001, 55660688, 230143793, 296154482, 987159, 9447, 995999.3331940002, inf, 348.83720930232556, 1668.770978340153, 547650.616915, 209682.609199, 0.388369, 21720.885641, 216944.536574, 0.296496, 1806, 9727, 5130001, 124963811, 103552396, 233646208, 987753, 4969, 1101047.5568770003, inf, 697.6744186046511, 2966.1721767909635, 884585.929955, 94345.796509, 0.103263, 11109.897152, 111005.721565, 0.108433, 903, 5842, 2550001, 199610930, 49333653, 251494584
30000, 30000, 0, 0, greedy_23.000000, 988444, 18940, 1299071.234517, inf, 173.41040462427745, 783.3124560623173, 246708.60681, 537568.973439, 1.449629, 43367.64229, 471423.602008, 0.960341, 3979, 13143, 10350001, 55660688, 247553129, 313563818, 987159, 9447, 1028214.692457, inf, 348.83720930232556, 1668.770978340153, 547650.616915, 219788.848413, 0.403206, 21720.885641, 239053.612902, 0.32538, 1978, 9717, 5130001, 124963811, 111237872, 241331684, 987750, 4966, 1115691.684963, inf, 697.6744186046511, 2966.1721767909635, 884585.929955, 98291.76933, 0.101571, 11109.897152, 121703.868303, 0.118652, 989, 5832, 2550001, 199610930, 52805731, 254966662
30000, 30000, 0, 0, greedy_25.000000, 988437, 18933, 1376321.940389, inf, 173.41040462427745, 783.3124560623173, 246708.60681, 573445.771268, 1.30682, 43367.64229, 512797.634646, 0.978555, 4325, 13138, 10350001, 55660688, 264962465, 330973154, 987147, 9435, 1063237.266611, inf, 348.83720930232556, 1668.770978340153, 547650.616915, 231571.98254, 0.401873, 21720.885641, 262293.056266, 0.323376, 2150, 9708, 5130001, 124963811, 118923348, 249017160, 987738, 4954, 1131232.705776, inf, 697.6744186046511, 2966.1721767909635, 884585.929955, 103063.333676, 0.101731, 11109.897152, 132473.318748, 0.124514, 1075, 5822, 2550001, 199610930, 56277809, 258438740
30000, 30000, 0, 0, greedy_27.000000, 988436, 18932, 1451658.8959750002, inf, 173.41040462427745, 783.3124560623173, 246708.60681, 607394.512151, 1.463014, 43367.64229, 554185.608536, 1.063174, 4671, 13136, 10350001, 55660688, 282371801, 348382490, 987142, 9430, 1093615.3739959998, inf, 348.83720930232556, 1668.770978340153, 547650.616915, 240452.843833, 0.391714, 21720.885641, 283790.275958, 0.359935, 2322, 9700, 5130001, 124963811, 126608824, 256702636, 987732, 4948, 1149947.238076, inf, 697.6744186046511, 2966.1721767909635, 884585.929955, 106275.009808, 0.190747, 11109.897152, 147976.03741, 0.173004, 1161, 5812, 2550001, 199610930, 59749887, 261910818
30000, 30000, 0, 0, greedy_29.000000, 988434, 18930, 1532803.9160759998, inf, 173.41040462427745, 783.3124560623173, 246708.60681, 643717.940927, 1.468614, 43367.64229, 599007.157672, 1.099763, 5017, 13135, 10350001, 55660688, 299781137, 365791826, 987142, 9430, 1121864.503558, inf, 348.83720930232556, 1668.770978340153, 547650.616915, 249806.467064, 0.399889, 21720.885641, 302685.750951, 0.383098, 2494, 9693, 5130001, 124963811, 134294300, 264388112, 987720, 4936, 1161136.74733, inf, 697.6744186046511, 2966.1721767909635, 884585.929955, 110054.395339, 0.109516, 11109.897152, 155386.262852, 0.152516, 1247, 5804, 2550001, 199610930, 63221965, 265382896
30000, 30000, 0, 0, greedy_3.000000, 991276, 21772, 440263.0802, inf, 173.41040462427745, 783.3124560623173, 246708.60681, 107002.793474, 1.443016, 43367.64229, 43182.462513, 0.132097, 519, 27416, 10350001, 55660688, 36360521, 102371210, 988873, 11161, 638439.9883260002, inf, 348.83720930232556, 1668.770978340153, 547650.616915, 46942.34421, 0.377328, 21720.885641, 22125.712275, 0.051957, 258, 16581, 5130001, 124963811, 16507664, 146601476, 988288, 5504, 927927.7668750002, inf, 697.6744186046511, 2966.1721767909635, 884585.929955, 21006.986533, 0.100558, 11109.897152, 11224.83813, 0.014547, 129, 9697, 2550001, 199610930, 7668439, 209829370
30000, 30000, 0, 0, greedy_31.000000, 988434, 18930, 1611415.2054, inf, 173.41040462427745, 783.3124560623173, 246708.60681, 675628.900591, 1.493991, 43367.64229, 645707.356578, 1.20514, 5363, 13133, 10350001, 55660688, 317190473, 383201162, 987128, 9416, 1155227.2277900001, inf, 348.83720930232556, 1668.770978340153, 547650.616915, 260887.641187, 0.390873, 21720.885641, 324967.281001, 0.412173, 2666, 9686, 5130001, 124963811, 141979776, 272073588, 987707, 4923, 1175406.9979380001, inf, 697.6744186046511, 2966.1721767909635, 884585.929955, 112971.656138, 0.10666, 11109.897152, 166739.271397, 0.136636, 1333, 5795, 2550001, 199610930, 66694043, 268854974
30000, 30000, 0, 0, greedy_33.000000, 988431, 18927, 1680810.6247760002, inf, 173.41040462427745, 783.3124560623173, 246708.60681, 704039.379294, 1.442956, 43367.64229, 686692.283675, 1.269751, 5709, 13133, 10350001, 55660688, 334599809, 400610498, 987128, 9416, 1188967.7150069997, inf, 348.83720930232556, 1668.770978340153, 547650.616915, 271716.98691, 0.39101, 21720.885641, 347878.434601, 0.39993, 2838, 9681, 5130001, 124963811, 149665252, 279759064, 987707, 4923, 1190470.17999, inf, 697.6744186046511, 2966.1721767909635, 884585.929955, 117456.374425, 0.10149, 11109.897152, 177317.738889, 0.138079, 1419, 5789, 2550001, 199610930, 70166121, 272327052
30000, 30000, 0, 0, greedy_35.000000, 988431, 18927, 1754147.780826, inf, 173.41040462427745, 783.3124560623173, 246708.60681, 735983.680583, 1.451883, 43367.64229, 728085.059929, 1.339331, 6055, 13132, 10350001, 55660688, 352009145, 418019834, 987128, 9416, 1218083.8789140002, inf, 348.83720930232556, 1668.770978340153, 547650.616915, 280880.43255, 0.390022, 21720.885641, 367831.099134, 0.454652, 3010, 9676, 5130001, 124963811, 157350728, 287444540, 987707, 4923, 1204872.3501600001, inf, 697.6744186046511, 2966.1721767909635, 884585.929955, 121165.389834, 0.110577, 11109.897152, 188010.870337, 0.152305, 1505, 5784, 2550001, 199610930, 73638199, 275799130
30000, 30000, 0, 0, greedy_37.000000, 988428, 18924, 1830966.191186, inf, 173.41040462427745, 783.3124560623173, 246708.60681, 765669.102052, 1.621811, 43367.64229, 775217.801205, 1.417018, 6401, 13131, 10350001, 55660688, 369418481, 435429170, 987127, 9415, 1250132.607967, inf, 348.83720930232556, 1668.770978340153, 547650.616915, 291279.413559, 0.389099, 21720.885641, 389480.864381, 0.438372, 3182, 9670, 5130001, 124963811, 165036204, 295130016, 987707, 4923, 1221143.782664, inf, 697.6744186046511, 2966.1721767909635, 884585.929955, 127163.180617, 0.224861, 11109.897152, 198284.326149, 0.22393, 1591, 5778, 2550001, 199610930, 77110277, 279271208
30000, 30000, 0, 0, greedy_39.000000, 988424, 18920, 1901244.859461, inf, 173.41040462427745, 783.3124560623173, 246708.60681, 797624.788312, 1.655183, 43367.64229, 813540.620626, 1.54624, 6747, 13131, 10350001, 55660688, 386827817, 452838506, 987124, 9412, 1288436.805376, inf, 348.83720930232556, 1668.770978340153, 547650.616915, 300806.451378, 0.406202, 21720.885641, 418257.898645, 0.546595, 3354, 9665, 5130001, 124963811, 172721680, 302815492, 987707, 4923, 1234553.5760040001, inf, 697.6744186046511, 2966.1721767909635, 884585.929955, 128107.237824, 0.103484, 11109.897152, 210750.239163, 0.168426, 1677, 5773, 2550001, 199610930, 80582355, 282743286
30000, 30000, 0, 0, greedy_5.000000, 989422, 19918, 550859.265974, inf, 173.41040462427745, 783.3124560623173, 246708.60681, 174793.695315, 1.474646, 43367.64229, 85987.622913, 0.224, 865, 21546, 10350001, 55660688, 64066765, 130077454, 988117, 10405, 691143.311912, inf, 348.83720930232556, 1668.770978340153, 547650.616915, 77610.362217, 0.380223, 21720.885641, 44160.982558, 0.084358, 430, 13774, 5130001, 124963811, 29262026, 159355838, 987988, 5204, 952615.009176, inf, 697.6744186046511, 2966.1721767909635, 884585.929955, 34784.370706, 0.104876, 11109.897152, 22134.660651, 0.045836, 215, 8154, 2550001, 199610930, 13671222, 215832153
30000, 30000, 0, 0, greedy_7.000000, 988910, 19406, 661151.342435, inf, 173.41040462427745, 783.3124560623173, 246708.60681, 242627.226529, 1.529398, 43367.64229, 128446.012839, 0.324569, 1211, 18012, 10350001, 55660688, 91564533, 157575222, 987703, 9991, 741940.5360669999, inf, 348.83720930232556, 1668.770978340153, 547650.616915, 106916.393828, 0.382337, 21720.885641, 65652.140637, 0.116709, 602, 12207, 5130001, 124963811, 41972064, 172065876, 987842, 5058, 977517.421004, inf, 697.6744186046511, 2966.1721767909635, 884585.929955, 48311.252605, 0.105057, 11109.897152, 33510.172867, 0.063368, 301, 7364, 2550001, 199610930, 19703778, 221864709
30000, 30000, 0, 0, greedy_9.000000, 988793, 19289, 773705.250642, inf, 173.41040462427745, 783.3124560623173, 246708.60681, 312486.966975, 1.475337, 43367.64229, 171140.17537, 0.38386, 1557, 14831, 10350001, 55660688, 119331725, 185342414, 987302, 9590, 792644.462563, inf, 348.83720930232556, 1668.770978340153, 547650.616915, 136410.226908, 0.388378, 21720.885641, 86862.186444, 0.158277, 774, 10663, 5130001, 124963811, 54505081, 184598893, 987799, 5015, 1002752.691584, inf, 697.6744186046511, 2966.1721767909635, 884585.929955, 62505.097616, 0.103995, 11109.897152, 44551.614726, 0.04814, 387, 6763, 2550001, 199610930, 25736334, 227897265
30000, 30000, 0, 0, opt, 987859, 18355, 2758589.354339, inf, 173.41040462427745, 783.3124560623173, 246708.60681, 2468511.795232, 1.310007, 43367.64229, 0, 0, 0, 0, 10350001, 55660688, 608179776, 674190465, 986760, 9048, 2325601.1055360003, inf, 348.83720930232556, 1668.770978340153, 547650.616915, 1756229.267561, 0.335419, 21720.885641, 0, 0, 0, 0, 5130001, 124963811, 435218803, 565312615, 987364, 4580, 2140574.4433580004, inf, 697.6744186046511, 2966.1721767909635, 884585.929955, 1244878.521313, 0.094938, 11109.897152, 0, 0, 0, 0, 2550001, 199610930, 308835329, 510996260
30000, 30000, 0, 0, plus_edge, 994244, 24740, 327651.507857, inf, 173.41040462427745, 783.3124560623173, 246708.60681, 37573.930627, 1.32813, 43367.64229, 0, 0, 0, 0, 10350001, 55660688, 8672928, 74683617, 990985, 13273, 585546.22658, inf, 348.83720930232556, 1668.770978340153, 547650.616915, 16174.394717, 0.329307, 21720.885641, 0, 0, 0, 0, 5130001, 124963811, 3774765, 133868577, 989327, 6543, 902970.6510770001, inf, 697.6744186046511, 2966.1721767909635, 884585.929955, 7274.728261, 0.095709, 11109.897152, 0, 0, 0, 0, 2550001, 199610930, 1687896, 203848827
30000, 30000, 0, 0, simple, 997988, 28484, 327379.772308, inf, 173.41040462427745, 783.3124560623173, 246708.60681, 37302.194677, 1.328531, 43367.64229, 0, 0, 0, 0, 10350001, 55660688, 8643344, 74654033, 992105, 14393, 585507.877735, inf, 348.83720930232556, 1668.770978340153, 547650.616915, 16136.046212, 0.328967, 21720.885641, 0, 0, 0, 0, 5130001, 124963811, 3767540, 133861352, 989596, 6812, 902904.84304, inf, 697.6744186046511, 2966.1721767909635, 884585.929955, 7208.916547, 0.099386, 11109.897152, 0, 0, 0, 0, 2550001, 199610930, 1686132, 203847063
30000, 30000, 0, 0, dp_1.000000, 1006265, 28508, 280385.146997, inf, 173.41040462427745, 703.3409531002227, 196796.479498, 38193.094317, 1.557291, 45246.424388, 147.580492, 0.011011, 173, 0, 10350001, 45376711, 8911049, 64637761, 1018610, 14772, 481987.221701, inf, 348.83720930232556, 1483.8871710106152, 443341.705324, 16776.020127, 0.386044, 21721.644906, 147.457967, 0.007333, 86, 0, 5130001, 99900167, 3914926, 108945094, 1008014, 8586, 857959.3816019999, inf, 697.6744186046511, 2854.5830447042586, 839703.517025, 7407.785177, 0.071224, 10694.436117, 153.566368, 0.005691, 43, 0, 2550001, 185645970, 1754311, 189950282
30000, 30000, 0, 0, dp_11.000000, 999192, 21435, 851474.598062, inf, 173.41040462427745, 703.3409531002227, 196796.479498, 396120.784815, 1.505333, 45246.424388, 213146.152454, 163.251574, 1903, 10929, 10350001, 45376711, 149588180, 205314892, 1014655, 10817, 745799.314629, inf, 348.83720930232556, 1483.8871710106152, 443341.705324, 172581.664441, 0.406943, 21721.644906, 108134.575411, 19.317604, 946, 8216, 5130001, 99900167, 68713200, 173743368, 1005530, 6102, 981285.8314849999, inf, 697.6744186046511, 2854.5830447042586, 839703.517025, 75846.616829, 0.102852, 10694.436117, 55038.559559, 2.599103, 473, 4861, 2550001, 185645970, 31793004, 219988975
30000, 30000, 0, 0, dp_13.000000, 998957, 21200, 965586.207018, inf, 173.41040462427745, 703.3409531002227, 196796.479498, 464653.1364, 1.50378, 45246.424388, 258659.782185, 228.880767, 2249, 9506, 10350001, 45376711, 177833198, 233559910, 1014539, 10701, 799512.5471180001, inf, 348.83720930232556, 1483.8871710106152, 443341.705324, 204866.555537, 0.395381, 21721.644906, 129555.036775, 27.209195, 1118, 7377, 5130001, 99900167, 81675822, 186705990, 1005485, 6057, 1007616.7698809999, inf, 697.6744186046511, 2854.5830447042586, 839703.517025, 90002.926811, 0.098304, 10694.436117, 67212.226229, 3.565395, 559, 4543, 2550001, 185645970, 37881334, 226077305
30000, 30000, 0, 0, dp_15.000000, 998703, 20946, 1082362.6310490002, inf, 173.41040462427745, 703.3409531002227, 196796.479498, 539908.072438, 1.47175, 45246.424388, 300102.120501, 308.062474, 2595, 8330, 10350001, 45376711, 206078216, 261804928, 1014371, 10533, 853822.719104, inf, 348.83720930232556, 1483.8871710106152, 443341.705324, 236720.112026, 0.406482, 21721.644906, 152002.2503, 36.600066, 1290, 6713, 5130001, 99900167, 94696910, 199727078, 1005446, 6018, 1031847.9080549999, inf, 697.6744186046511, 2854.5830447042586, 839703.517025, 104225.478307, 0.103995, 10694.436117, 77219.612517, 4.760094, 645, 4258, 2550001, 185645970, 44003135, 232199106
30000, 30000, 0, 0, dp_17.000000, 998646, 20889, 1201143.747931, inf, 173.41040462427745, 703.3409531002227, 196796.479498, 612210.962295, 1.5092, 45246.424388, 346490.177079, 398.195471, 2941, 7330, 10350001, 45376711, 234323234, 290049946, 1014328, 10490, 904541.5746279999, inf, 348.83720930232556, 1483.8871710106152, 443341.705324, 266539.884461, 0.401663, 21721.644906, 172890.53531, 47.402964, 1462, 6174, 5130001, 99900167, 107701527, 212731695, 1005432, 6004, 1056274.3493859998, inf, 697.6744186046511, 2854.5830447042586, 839703.517025, 118175.686512, 0.104696, 10694.436117, 87694.574339, 6.030697, 731, 4009, 2550001, 185645970, 49949563, 238145534
30000, 30000, 0, 0, dp_19.000000, 998637, 20880, 1315561.76473, inf, 173.41040462427745, 703.3409531002227, 196796.479498, 683690.057342, 1.491737, 45246.424388, 389326.285146, 501.026619, 3287, 6523, 10350001, 45376711, 262328396, 318055108, 1014293, 10455, 955436.286636, inf, 348.83720930232556, 1483.8871710106152, 443341.705324, 296642.500471, 0.355116, 21721.644906, 193669.740903, 60.339916, 1634, 5694, 5130001, 99900167, 120605683, 225635851, 1005432, 6004, 1082016.075243, inf, 697.6744186046511, 2854.5830447042586, 839703.517025, 130565.451, 0.104486, 10694.436117, 101045.181598, 7.385017, 817, 3789, 2550001, 185645970, 55580456, 243776427
30000, 30000, 0, 0, dp_21.000000, 998591, 20834, 1428299.8265689998, inf, 173.41040462427745, 703.3409531002227, 196796.479498, 755177.449709, 1.494653, 45246.424388, 430465.242538, 612.735783, 3633, 5833, 10350001, 45376711, 290573414, 346300126, 1014268, 10430, 1011783.696763, inf, 348.83720930232556, 1483.8871710106152, 443341.705324, 328633.043455, 0.395822, 21721.644906, 218013.201328, 73.705928, 1806, 5270, 5130001, 99900167, 132904560, 237934728, 1005412, 5984, 1104868.691402, inf, 697.6744186046511, 2854.5830447042586, 839703.517025, 143964.818342, 0.118342, 10694.436117, 110496.131585, 9.669991, 903, 3581, 2550001, 185645970, 61691100, 249887071
30000, 30000, 0, 0, dp_23.000000, 998531, 20774, 1542028.625613, inf, 173.41040462427745, 703.3409531002227, 196796.479498, 822182.826348, 1.457433, 45246.424388, 477063.404156, 738.03379, 3979, 5223, 10350001, 45376711, 318488630, 374215342, 1014232, 10394, 1059140.3505139998, inf, 348.83720930232556, 1483.8871710106152, 443341.705324, 356037.941963, 0.352761, 21721.644906, 237949.864154, 88.841406, 1978, 4900, 5130001, 99900167, 145876235, 250906403, 1005412, 5984, 1129269.2970119999, inf, 697.6744186046511, 2854.5830447042586, 839703.517025, 158140.871086, 0.108834, 10694.436117, 120719.535327, 10.828623, 989, 3380, 2550001, 185645970, 67801744, 255997715
30000, 30000, 0, 0, dp_25.000000, 998500, 20743, 1655754.5266039998, inf, 173.41040462427745, 703.3409531002227, 196796.479498, 894466.897023, 1.481308, 45246.424388, 518365.440242, 877.804145, 4325, 4685, 10350001, 45376711, 346733648, 402460360, 1014204, 10366, 1117804.817638, inf, 348.83720930232556, 1483.8871710106152, 443341.705324, 391916.481437, 0.401332, 21721.644906, 260718.590508, 105.994131, 2150, 4559, 5130001, 99900167, 158897323, 263927491, 1005411, 5983, 1154010.7385999998, inf, 697.6744186046511, 2854.5830447042586, 839703.517025, 172022.156701, 0.102131, 10694.436117, 131577.665292, 12.861334, 1075, 3203, 2550001, 185645970, 73823132, 262019103
30000, 30000, 0, 0, dp_27.000000, 998495, 20738, 1768770.467257, inf, 173.41040462427745, 703.3409531002227, 196796.479498, 965804.289918, 1.682866, 45246.424388, 559902.774975, 1018.815612, 4671, 4211, 10350001, 45376711, 374978666, 430705378, 1014183, 10345, 1171405.2943890002, inf, 348.83720930232556, 1483.8871710106152, 443341.705324, 423667.496927, 0.405531, 21721.644906, 282550.410199, 123.631502, 2322, 4264, 5130001, 99900167, 171720759, 276750927, 1005411, 5983, 1179708.7674109999, inf, 697.6744186046511, 2854.5830447042586, 839703.517025, 186391.232721, 0.109836, 10694.436117, 142904.260423, 15.211289, 1161, 3035, 2550001, 185645970, 79933776, 268129747
30000, 30000, 0, 0, dp_29.000000, 998471, 20714, 1887073.729264, inf, 173.41040462427745, 703.3409531002227, 196796.479498, 1038536.730897, 1.576186, 45246.424388, 605313.553024, 1178.965271, 5017, 3781, 10350001, 45376711, 403223684, 458950396, 1014168, 10330, 1223234.6230419998, inf, 348.83720930232556, 1483.8871710106152, 443341.705324, 454684.925122, 0.410791, 21721.644906, 303342.519035, 143.417864, 2494, 3989, 5130001, 99900167, 184741847, 289772015, 1005409, 5981, 1203852.834799, inf, 697.6744186046511, 2854.5830447042586, 839703.517025, 200411.334698, 0.102653, 10694.436117, 153025.90351, 17.540796, 1247, 2877, 2550001, 185645970, 86044420, 274240391
30000, 30000, 0, 0, dp_3.000000, 1001963, 24206, 394557.95602499996, inf, 173.41040462427745, 703.3409531002227, 196796.479498, 109156.036141, 1.493211, 45246.424388, 43348.815498, 8.707289, 519, 24178, 10350001, 45376711, 37104434, 92831146, 1016001, 12163, 534569.073279, inf, 348.83720930232556, 1483.8871710106152, 443341.705324, 47684.068083, 0.397265, 21721.644906, 21820.195099, 1.062602, 258, 15288, 5130001, 99900167, 16890310, 121920478, 1006454, 7026, 882717.490534, inf, 697.6744186046511, 2854.5830447042586, 839703.517025, 21220.655778, 0.10131, 10694.436117, 11098.590939, 0.189365, 129, 7839, 2550001, 185645970, 7794004, 195989975
30000, 30000, 0, 0, dp_31.000000, 998461, 20704, 1995954.5538169998, inf, 173.41040462427745, 703.3409531002227, 196796.479498, 1105597.581565, 1.64756, 45246.424388, 646966.487939, 1345.932867, 5363, 3393, 10350001, 45376711, 431468702, 487195414, 1014151, 10313, 1275777.277929, inf, 348.83720930232556, 1483.8871710106152, 443341.705324, 486078.634993, 0.41078, 21721.644906, 324470.94732, 163.934606, 2666, 3739, 5130001, 99900167, 197647638, 302677806, 1005399, 5971, 1229693.52559, inf, 697.6744186046511, 2854.5830447042586, 839703.517025, 214745.213166, 0.104707, 10694.436117, 164530.359829, 19.894746, 1333, 2735, 2550001, 185645970, 92155064, 280351035
30000, 30000, 0, 0, dp_33.000000, 998449, 20692, 2109746.907689, inf, 173.41040462427745, 703.3409531002227, 196796.479498, 1177899.587522, 1.620559, 45246.424388, 688277.06665, 1525.729072, 5709, 3055, 10350001, 45376711, 458904206, 514630918, 1014145, 10307, 1327686.8975570002, inf, 348.83720930232556, 1483.8871710106152, 443341.705324, 513869.332645, 0.404549, 21721.644906, 348568.09988, 185.710253, 2838, 3510, 5130001, 99900167, 210381740, 315411908, 1005389, 5961, 1254343.1971889997, inf, 697.6744186046511, 2854.5830447042586, 839703.517025, 229180.163071, 0.106951, 10694.436117, 174742.382051, 22.591974, 1419, 2590, 2550001, 185645970, 98265708, 286461679
30000, 30000, 0, 0, dp_35.000000, 998442, 20685, 2223578.9653749997, inf, 173.41040462427745, 703.3409531002227, 196796.479498, 1247868.012976, 1.478011, 45246.424388, 731942.672388, 1723.898114, 6055, 2764, 10350001, 45376711, 486707825, 542434537, 1014145, 10307, 1381649.098235, inf, 348.83720930232556, 1483.8871710106152, 443341.705324, 546068.080236, 0.407934, 21721.644906, 370307.194191, 210.065644, 3010, 3305, 5130001, 99900167, 223402828, 328432996, 1005389, 5961, 1278916.792037, inf, 697.6744186046511, 2854.5830447042586, 839703.517025, 242586.10347, 0.106991, 10694.436117, 185907.026756, 25.601678, 1505, 2455, 2550001, 185645970, 104231311, 292427282
30000, 30000, 0, 0, dp_37.000000, 998438, 20681, 2340819.470529, inf, 173.41040462427745, 703.3409531002227, 196796.479498, 1322113.336855, 1.483723, 45246.424388, 774741.473437, 1920.272628, 6401, 2497, 10350001, 45376711, 514974494, 570701206, 1014137, 10299, 1435510.600838, inf, 348.83720930232556, 1483.8871710106152, 443341.705324, 580937.215884, 0.406552, 21721.644906, 389274.545184, 235.082988, 3182, 3110, 5130001, 99900167, 236423916, 341454084, 1005364, 5936, 1305111.234382, inf, 697.6744186046511, 2854.5830447042586, 839703.517025, 257479.95595, 0.105778, 10694.436117, 197204.665961, 28.553551, 1591, 2327, 2550001, 185645970, 110486996, 298682967
30000, 30000, 0, 0, dp_39.000000, 998402, 20645, 2455616.716875, inf, 173.41040462427745, 703.3409531002227, 196796.479498, 1393729.564198, 1.451141, 45246.424388, 817710.049641, 2132.748009, 6747, 2251, 10350001, 45376711, 543219512, 598946224, 1014136, 10298, 1488920.223912, inf, 348.83720930232556, 1483.8871710106152, 443341.705324, 611125.917679, 0.404378, 21721.644906, 412469.197077, 261.354548, 3354, 2932, 5130001, 99900167, 248993308, 354023476, 1005364, 5936, 1329675.8335, inf, 697.6744186046511, 2854.5830447042586, 839703.517025, 271292.787, 0.105167, 10694.436117, 207953.256104, 31.732087, 1677, 2203, 2550001, 185645970, 116463756, 304659727
30000, 30000, 0, 0, dp_5.000000, 1000468, 22711, 506986.184962, inf, 173.41040462427745, 703.3409531002227, 196796.479498, 179129.926383, 1.70118, 45246.424388, 85782.503118, 29.150395, 865, 18583, 10350001, 45376711, 65003036, 120729748, 1015159, 11321, 587495.6387979999, inf, 348.83720930232556, 1483.8871710106152, 443341.705324, 79090.303297, 0.401032, 21721.644906, 43338.109022, 3.475217, 430, 12419, 5130001, 99900167, 29878456, 134908624, 1005978, 6550, 907620.5335639999, inf, 697.6744186046511, 2854.5830447042586, 839703.517025, 35165.732642, 0.085681, 10694.436117, 22056.275968, 0.486131, 215, 6586, 2550001, 185645970, 13860020, 202055991
30000, 30000, 0, 0, dp_7.000000, 999671, 21914, 621755.083844, inf, 173.41040462427745, 703.3409531002227, 196796.479498, 251154.841297, 1.645766, 45246.424388, 128494.425037, 61.267858, 1211, 15021, 10350001, 45376711, 93188090, 148914802, 1014929, 11091, 640438.1479509999, inf, 348.83720930232556, 1483.8871710106152, 443341.705324, 110312.224335, 0.391995, 21721.644906, 65054.455644, 7.725747, 602, 10689, 5130001, 99900167, 42817189, 147847357, 1005740, 6312, 932312.9438309998, inf, 697.6744186046511, 2854.5830447042586, 839703.517025, 48761.254463, 0.103273, 10694.436117, 33152.481664, 1.151289, 301, 5849, 2550001, 185645970, 19855085, 208051056
30000, 30000, 0, 0, dp_9.000000, 999361, 21604, 736548.3967280001, inf, 173.41040462427745, 703.3409531002227, 196796.479498, 321963.711027, 1.528566, 45246.424388, 172435.211408, 105.041841, 1557, 12590, 10350001, 45376711, 121433108, 177159820, 1014737, 10899, 692504.5995249999, inf, 348.83720930232556, 1483.8871710106152, 443341.705324, 141117.814344, 0.398587, 21721.644906, 86310.212556, 12.823808, 774, 9331, 5130001, 99900167, 55692112, 160722280, 1005630, 6202, 956643.249093, inf, 697.6744186046511, 2854.5830447042586, 839703.517025, 62364.001145, 0.089397, 10694.436117, 43879.584921, 1.620488, 387, 5270, 2550001, 185645970, 25842567, 214038538
30000, 30000, 0, 0, fixed_reps_1, 1006265, 28508, 280338.578029, inf, 173.41040462427745, 703.3409531002227, 196796.479498, 38126.676423, 1.473452, 45246.424388, 167.524268, 0, 173, 43111, 10350001, 45376711, 8911049, 64637761, 1018610, 14772, 481939.085859, inf, 348.83720930232556, 1483.8871710106152, 443341.705324, 16709.813886, 0.387237, 21721.644906, 165.534506, 0, 86, 24261, 5130001, 99900167, 3914926, 108945094, 1008014, 8586, 858119.6522299999, inf, 697.6744186046511, 2854.5830447042586, 839703.517025, 7549.495849, 0.107171, 10694.436117, 172.096068, 0, 43, 13344, 2550001, 185645970, 1754311, 189950282
30000, 30000, 0, 0, fixed_reps_11, 999418, 21661, 638973.991308, inf, 173.41040462427745, 703.3409531002227, 196796.479498, 395531.945428, 1.506745, 45246.424388, 1397.635249, 0, 1903, 16294, 10350001, 45376711, 98019809, 153746521, 1014582, 10744, 638143.028018, inf, 348.83720930232556, 1483.8871710106152, 443341.705324, 171651.645288, 0.405841, 21721.644906, 1427.626659, 0, 946, 11473, 5130001, 99900167, 43063326, 148093494, 1005620, 6192, 928555.5394179999, inf, 697.6744186046511, 2854.5830447042586, 839703.517025, 76695.130658, 0.10109, 10694.436117, 1462.354528, 0, 473, 6281, 2550001, 185645970, 19296991, 207492962
30000, 30000, 0, 0, fixed_reps_13, 999322, 21565, 706925.43204, inf, 173.41040462427745, 703.3409531002227, 196796.479498, 463232.392131, 1.710128, 45246.424388, 1648.425895, 0, 2249, 14971, 10350001, 45376711, 115841561, 171568273, 1014468, 10630, 671033.5824989999, inf, 348.83720930232556, 1483.8871710106152, 443341.705324, 204273.712974, 0.409839, 21721.644906, 1696.109456, 0, 1118, 10642, 5130001, 99900167, 50893006, 155923174, 1005548, 6120, 942942.7066409999, inf, 697.6744186046511, 2854.5830447042586, 839703.517025, 90851.80539, 0.104656, 10694.436117, 1692.843453, 0, 559, 5694, 2550001, 185645970, 22805527, 211001498
30000, 30000, 0, 0, fixed_reps_15, 999216, 21459, 776701.6204209999, inf, 173.41040462427745, 703.3409531002227, 196796.479498, 532771.144681, 1.515803, 45246.424388, 1886.056051, 0, 2595, 13724, 10350001, 45376711, 133663313, 189390025, 1014421, 10583, 701328.1144160001, inf, 348.83720930232556, 1483.8871710106152, 443341.705324, 234342.79582, 0.408626, 21721.644906, 1921.55974, 0, 1290, 9830, 5130001, 99900167, 58722686, 163752854, 1005528, 6100, 957078.0100049999, inf, 697.6744186046511, 2854.5830447042586, 839703.517025, 104701.777768, 0.106009, 10694.436117, 1978.173086, 0, 645, 5482, 2550001, 185645970, 26314063, 214510034
30000, 30000, 0, 0, fixed_reps_17, 998982, 21225, 847603.799013, inf, 173.41040462427745, 703.3409531002227, 196796.479498, 603421.134221, 1.498671, 45246.424388, 2138.262235, 0, 2941, 12777, 10350001, 45376711, 151485065, 207211777, 1014372, 10534, 733700.8166639999, inf, 348.83720930232556, 1483.8871710106152, 443341.705324, 266440.40632, 0.408766, 21721.644906, 2196.651348, 0, 1462, 9211, 5130001, 99900167, 66552366, 171582534, 1005505, 6077, 970758.6133159999, inf, 697.6744186046511, 2854.5830447042586, 839703.517025, 118147.068019, 0.104346, 10694.436117, 2213.487809, 0, 731, 5295, 2550001, 185645970, 29822599, 218018570
30000, 30000, 0, 0, fixed_reps_19, 998951, 21194, 919236.387508, inf, 173.41040462427745, 703.3409531002227, 196796.479498, 674798.125962, 1.522786, 45246.424388, 2393.834874, 0, 3287, 11874, 10350001, 45376711, 169306817, 225033529, 1014357, 10519, 763540.9894059999, inf, 348.83720930232556, 1483.8871710106152, 443341.705324, 296025.706169, 0.403858, 21721.644906, 2451.529149, 0, 1634, 8669, 5130001, 99900167, 74382046, 179412214, 1005482, 6054, 985095.4138499999, inf, 697.6744186046511, 2854.5830447042586, 839703.517025, 132224.406769, 0.102112, 10694.436117, 2472.951827, 0, 817, 5118, 2550001, 185645970, 33331135, 221527106
30000, 30000, 0, 0, fixed_reps_21, 998809, 21052, 987066.45092, inf, 173.41040462427745, 703.3409531002227, 196796.479498, 742379.791262, 1.479023, 45246.424388, 2642.276749, 0, 3633, 11035, 10350001, 45376711, 187128569, 242855281, 1014320, 10482, 796725.449987, inf, 348.83720930232556, 1483.8871710106152, 443341.705324, 328945.869184, 0.411993, 21721.644906, 2715.81858, 0, 1806, 8164, 5130001, 99900167, 82211726, 187241894, 1005453, 6025, 999342.5318719998, inf, 697.6744186046511, 2854.5830447042586, 839703.517025, 146197.276889, 0.103153, 10694.436117, 2747.198688, 0, 903, 4915, 2550001, 185645970, 36839671, 225035642
30000, 30000, 0, 0, fixed_reps_23, 998730, 20973, 1060367.754487, inf, 173.41040462427745, 703.3409531002227, 196796.479498, 815445.172479, 1.512937, 45246.424388, 2878.165185, 0, 3979, 10337, 10350001, 45376711, 204950321, 260677033, 1014266, 10428, 825982.849805, inf, 348.83720930232556, 1483.8871710106152, 443341.705324, 357974.970924, 0.403076, 21721.644906, 2944.125575, 0, 1978, 7835, 5130001, 99900167, 90041406, 195071574, 1005448, 6020, 1013075.5153189999, inf, 697.6744186046511, 2854.5830447042586, 839703.517025, 159656.332909, 0.111329, 10694.436117, 3021.117939, 0, 989, 4790, 2550001, 185645970, 40348207, 228544178
30000, 30000, 0, 0, fixed_reps_25, 998678, 20921, 1134373.4766429998, inf, 173.41040462427745, 703.3409531002227, 196796.479498, 889217.998633, 1.528516, 45246.424388, 3111.045608, 0, 4325, 9738, 10350001, 45376711, 222772073, 278498785, 1014266, 10428, 856867.678622, inf, 348.83720930232556, 1483.8871710106152, 443341.705324, 388598.116466, 0.396303, 21721.644906, 3205.815623, 0, 2150, 7417, 5130001, 99900167, 97871086, 202901254, 1005448, 6020, 1027658.2605979999, inf, 697.6744186046511, 2854.5830447042586, 839703.517025, 173872.968598, 0.10138, 10694.436117, 3387.237478, 0, 1075, 4651, 2550001, 185645970, 43856743, 232052714
30000, 30000, 0, 0, fixed_reps_27, 998671, 20914, 1199735.256535, inf, 173.41040462427745, 703.3409531002227, 196796.479498, 954319.843113, 1.49809, 45246.424388, 3371.011446, 0, 4671, 9120, 10350001, 45376711, 240593825, 296320537, 1014266, 10428, 888317.8871020001, inf, 348.83720930232556, 1483.8871710106152, 443341.705324, 419772.150962, 0.398257, 21721.644906, 3481.987653, 0, 2322, 7044, 5130001, 99900167, 105700766, 210730934, 1005437, 6009, 1040379.7165329999, inf, 697.6744186046511, 2854.5830447042586, 839703.517025, 186420.742755, 0.098675, 10694.436117, 3560.921961, 0, 1161, 4495, 2550001, 185645970, 47365279, 235561250
30000, 30000, 0, 0, fixed_reps_29, 998667, 20910, 1274448.948863, inf, 173.41040462427745, 703.3409531002227, 196796.479498, 1028759.446853, 1.472051, 45246.424388, 3645.126073, 0, 5017, 8685, 10350001, 45376711, 258415577, 314142289, 1014214, 10376, 922319.779709, inf, 348.83720930232556, 1483.8871710106152, 443341.705324, 453538.836081, 0.397816, 21721.644906, 3717.195582, 0, 2494, 6691, 5130001, 99900167, 113530446, 218560614, 1005437, 6009, 1054185.6829149998, inf, 697.6744186046511, 2854.5830447042586, 839703.517025, 200035.77138, 0.101049, 10694.436117, 3751.857344, 0, 1247, 4336, 2550001, 185645970, 50873815, 239069786
30000, 30000, 0, 0, fixed_reps_3, 1001812, 24055, 352191.041006, inf, 173.41040462427745, 703.3409531002227, 196796.479498, 109749.449627, 1.634585, 45246.424388, 397.052908, 0, 519, 30492, 10350001, 45376711, 26732801, 82459513, 1016146, 12308, 513579.647702, inf, 348.83720930232556, 1483.8871710106152, 443341.705324, 48111.633703, 0.392035, 21721.644906, 404.271734, 0, 258, 18508, 5130001, 99900167, 11744606, 116774774, 1006630, 7202, 871986.6658239998, inf, 697.6744186046511, 2854.5830447042586, 839703.517025, 21178.414243, 0.103684, 10694.436117, 410.194755, 0, 129, 9592, 2550001, 185645970, 5262847, 193458818
30000, 30000, 0, 0, fixed_reps_31, 998663, 20906, 1346784.733006, inf, 173.41040462427745, 703.3409531002227, 196796.479498, 1100842.207481, 1.481709, 45246.424388, 3898.13993, 0, 5363, 8318, 10350001, 45376711, 276237329, 331964041, 1014214, 10376, 950418.0526739999, inf, 348.83720930232556, 1483.8871710106152, 443341.705324, 481438.40722, 0.397074, 21721.644906, 3915.89815, 0, 2666, 6410, 5130001, 99900167, 121360126, 226390294, 1005437, 6009, 1068279.9734419999, inf, 697.6744186046511, 2854.5830447042586, 839703.517025, 213823.115465, 0.099276, 10694.436117, 4058.805559, 0, 1333, 4193, 2550001, 185645970, 54382351, 242578322
30000, 30000, 0, 0, fixed_reps_33, 998646, 20889, 1418074.519812, inf, 173.41040462427745, 703.3409531002227, 196796.479498, 1171910.923005, 1.497899, 45246.424388, 4119.195022, 0, 5709, 7973, 10350001, 45376711, 294059081, 349785793, 1014210, 10372, 984928.069401, inf, 348.83720930232556, 1483.8871710106152, 443341.705324, 515665.66194, 0.392406, 21721.644906, 4198.664825, 0, 2838, 6128, 5130001, 99900167, 129189806, 234219974, 1005437, 6009, 1082352.209511, inf, 697.6744186046511, 2854.5830447042586, 839703.517025, 227675.588297, 0.101731, 10694.436117, 4278.566341, 0, 1419, 4108, 2550001, 185645970, 57890887, 246086858
30000, 30000, 0, 0, fixed_reps_35, 998615, 20858, 1489211.3366150002, inf, 173.41040462427745, 703.3409531002227, 196796.479498, 1242804.501481, 1.486367, 45246.424388, 4362.444881, 0, 6055, 7628, 10350001, 45376711, 311880833, 367607545, 1014210, 10372, 1012705.506743, inf, 348.83720930232556, 1483.8871710106152, 443341.705324, 543219.839758, 0.412002, 21721.644906, 4421.904753, 0, 3010, 5855, 5130001, 99900167, 137019486, 242049654, 1005430, 6002, 1096432.3215279998, inf, 697.6744186046511, 2854.5830447042586, 839703.517025, 241470.278252, 0.104516, 10694.436117, 4563.985618, 0, 1505, 3990, 2550001, 185645970, 61399423, 249595394
30000, 30000, 0, 0, fixed_reps_37, 998609, 20852, 1562339.6714499998, inf, 173.41040462427745, 703.3409531002227, 196796.479498, 1315660.802395, 1.473152, 45246.424388, 4634.492017, 0, 6401, 7331, 10350001, 45376711, 329702585, 385429297, 1014196, 10358, 1048007.142333, inf, 348.83720930232556, 1483.8871710106152, 443341.705324, 578232.569806, 0.395472, 21721.644906, 4710.826825, 0, 3182, 5629, 5130001, 99900167, 144849166, 249879334, 1005430, 6002, 1109657.4804759999, inf, 697.6744186046511, 2854.5830447042586, 839703.517025, 254512.318382, 0.100909, 10694.436117, 4747.108043, 0, 1591, 3866, 2550001, 185645970, 64907959, 253103930
30000, 30000, 0, 0, fixed_reps_39, 998600, 20843, 1630161.861081, inf, 173.41040462427745, 703.3409531002227, 196796.479498, 1383222.231684, 1.59964, 45246.424388, 4895.125871, 0, 6747, 7104, 10350001, 45376711, 347524337, 403251049, 1014195, 10357, 1074251.795283, inf, 348.83720930232556, 1483.8871710106152, 443341.705324, 604274.320495, 0.397134, 21721.644906, 4913.727424, 0, 3354, 5418, 5130001, 99900167, 152678846, 257709014, 1005426, 5998, 1123328.5471700002, inf, 697.6744186046511, 2854.5830447042586, 839703.517025, 267904.426279, 0.10116, 10694.436117, 5026.066589, 0, 1677, 3739, 2550001, 185645970, 68416495, 256612466
30000, 30000, 0, 0, fixed_reps_41, 998587, 20830, 1698587.813941, inf, 173.41040462427745, 703.3409531002227, 196796.479498, 1451390.920964, 1.48771, 45246.424388, 5152.501381, 0, 7093, 6803, 10350001, 45376711, 365346089, 421072801, 1014195, 10357, 1111079.5432900002, inf, 348.83720930232556, 1483.8871710106152, 443341.705324, 640813.23388, 0.400331, 21721.644906, 5202.558849, 0, 3526, 5241, 5130001, 99900167, 160508526, 265538694, 1005426, 5998, 1137264.7213019999, inf, 697.6744186046511, 2854.5830447042586, 839703.517025, 281612.363067, 0.098775, 10694.436117, 5254.306318, 0, 1763, 3670, 2550001, 185645970, 71925031, 260121002
30000, 30000, 0, 0, fixed_reps_5, 1000396, 22639, 424240.177883, inf, 173.41040462427745, 703.3409531002227, 196796.479498, 181549.970814, 1.480907, 45246.424388, 645.822276, 0, 865, 24627, 10350001, 45376711, 44554553, 100281265, 1015213, 11375, 544926.684776, inf, 348.83720930232556, 1483.8871710106152, 443341.705324, 79203.244168, 0.348473, 21721.644906, 659.741905, 0, 430, 15919, 5130001, 99900167, 19574286, 124604454, 1006105, 6677, 885953.9405539999, inf, 697.6744186046511, 2854.5830447042586, 839703.517025, 34883.238005, 0.105348, 10694.436117, 672.644059, 0, 215, 7805, 2550001, 185645970, 8771383, 196967354
30000, 30000, 0, 0, fixed_reps_7, 999930, 22173, 496602.77607799997, inf, 173.41040462427745, 703.3409531002227, 196796.479498, 253666.177005, 1.47699, 45246.424388, 892.218197, 0, 1211, 20987, 10350001, 45376711, 62376305, 118103017, 1014990, 11152, 576169.9040619999, inf, 348.83720930232556, 1483.8871710106152, 443341.705324, 110194.276663, 0.351269, 21721.644906, 911.9259, 0, 602, 13579, 5130001, 99900167, 27403966, 132434134, 1006031, 6603, 900359.4428169999, inf, 697.6744186046511, 2854.5830447042586, 839703.517025, 49032.767919, 0.102021, 10694.436117, 928.619735, 0, 301, 7158, 2550001, 185645970, 12279919, 200475890
30000, 30000, 0, 0, fixed_reps_9, 999704, 21947, 568371.635765, inf, 173.41040462427745, 703.3409531002227, 196796.479498, 325167.615974, 1.500233, 45246.424388, 1159.615672, 0, 1557, 18279, 10350001, 45376711, 80198057, 135924769, 1014802, 10964, 608025.882405, inf, 348.83720930232556, 1483.8871710106152, 443341.705324, 141778.841761, 0.402204, 21721.644906, 1183.28821, 0, 774, 12568, 5130001, 99900167, 35233646, 140263814, 1005876, 6448, 914412.3906709999, inf, 697.6744186046511, 2854.5830447042586, 839703.517025, 62840.326733, 0.103013, 10694.436117, 1174.007783, 0, 387, 6711, 2550001, 185645970, 15788455, 203984426
30000, 30000, 0, 0, greedy_1.000000, 1006265, 28508, 280344.54471099994, inf, 173.41040462427745, 703.3409531002227, 196796.479498, 38152.541494, 1.508619, 45246.424388, 147.580492, 0.01022, 173, 43111, 10350001, 45376711, 8911049, 64637761, 1018610, 14772, 481804.03379, inf, 348.83720930232556, 1483.8871710106152, 443341.705324, 16592.831124, 0.388739, 21721.644906, 147.457967, 0.00573, 86, 24261, 5130001, 99900167, 3914926, 108945094, 1008014, 8586, 858000.1957589999, inf, 697.6744186046511, 2854.5830447042586, 839703.517025, 7448.571904, 0.100418, 10694.436117, 153.566368, 0.003927, 43, 13344, 2550001, 185645970, 1754311, 189950282
30000, 30000, 0, 0, greedy_11.000000, 999132, 21375, 826726.75554, inf, 173.41040462427745, 703.3409531002227, 196796.479498, 371535.679623, 1.542172, 45246.424388, 213146.152454, 0.477405, 1903, 13488, 10350001, 45376711, 144461258, 200187970, 1014485, 10647, 745621.0496550001, inf, 348.83720930232556, 1483.8871710106152, 443341.705324, 172422.532445, 0.395902, 21721.644906, 108134.575411, 0.195667, 946, 9290, 5130001, 99900167, 68707856, 173738024, 1005797, 6369, 968108.4518569999, inf, 697.6744186046511, 2854.5830447042586, 839703.517025, 62671.739952, 0.101931, 10694.436117, 55038.559559, 0.097273, 473, 5735, 2550001, 185645970, 28482020, 216677991
30000, 30000, 0, 0, greedy_13.000000, 999102, 21345, 906666.7213979999, inf, 173.41040462427745, 703.3409531002227, 196796.479498, 405961.975545, 1.5149, 45246.424388, 258659.782185, 0.544882, 2249, 13414, 10350001, 45376711, 162332504, 218059216, 1014431, 10593, 778319.188826, inf, 348.83720930232556, 1483.8871710106152, 443341.705324, 183700.177611, 0.397976, 21721.644906, 129555.036775, 0.226234, 1118, 9159, 5130001, 99900167, 76700868, 181731036, 1005796, 6368, 984249.5030639999, inf, 697.6744186046511, 2854.5830447042586, 839703.517025, 66639.11916, 0.103093, 10694.436117, 67212.226229, 0.10144, 559, 5709, 2550001, 185645970, 32021522, 220217493
30000, 30000, 0, 0, greedy_15.000000, 999070, 21313, 974262.283107, inf, 173.41040462427745, 703.3409531002227, 196796.479498, 432115.059064, 1.560467, 45246.424388, 300102.120501, 0.639189, 2595, 13381, 10350001, 45376711, 180203750, 235930462, 1014419, 10581, 812625.365738, inf, 348.83720930232556, 1483.8871710106152, 443341.705324, 195559.130758, 0.400251, 21721.644906, 152002.2503, 0.234199, 1290, 9117, 5130001, 99900167, 84693880, 189724048, 1005715, 6287, 998094.7452219998, inf, 697.6744186046511, 2854.5830447042586, 839703.517025, 70476.971212, 0.100579, 10694.436117, 77219.612517, 0.107772, 645, 5689, 2550001, 185645970, 35561024, 223756995
30000, 30000, 0, 0, greedy_17.000000, 999046, 21289, 1055523.157823, inf, 173.41040462427745, 703.3409531002227, 196796.479498, 466987.894335, 1.503249, 45246.424388, 346490.177079, 0.679274, 2941, 13360, 10350001, 45376711, 198074996, 253801708, 1014388, 10550, 844695.692678, inf, 348.83720930232556, 1483.8871710106152, 443341.705324, 206741.156178, 0.396764, 21721.644906, 172890.53531, 0.254196, 1462, 9087, 5130001, 99900167, 92686892, 197717060, 1005715, 6287, 1012416.0508689999, inf, 697.6744186046511, 2854.5830447042586, 839703.517025, 74323.313784, 0.104466, 10694.436117, 87694.574339, 0.105138, 731, 5673, 2550001, 185645970, 39100526, 227296497
30000, 30000, 0, 0, greedy_19.000000, 998993, 21236, 1128929.7642750002, inf, 173.41040462427745, 703.3409531002227, 196796.479498, 497558.294065, 1.52505, 45246.424388, 389326.285146, 0.756128, 3287, 13345, 10350001, 45376711, 215946242, 271672954, 1014382, 10544, 876210.8175659999, inf, 348.83720930232556, 1483.8871710106152, 443341.705324, 217477.048051, 0.396343, 21721.644906, 193669.740903, 0.282039, 1634, 9068, 5130001, 99900167, 100679904, 205710072, 1005690, 6262, 1030097.9571359999, inf, 697.6744186046511, 2854.5830447042586, 839703.517025, 78654.602824, 0.103955, 10694.436117, 101045.181598, 0.115617, 817, 5660, 2550001, 185645970, 42640028, 230835999
30000, 30000, 0, 0, greedy_21.000000, 998992, 21235, 1196565.407054, inf, 173.41040462427745, 703.3409531002227, 196796.479498, 524054.729653, 1.711941, 45246.424388, 430465.242538, 0.819036, 3633, 13336, 10350001, 45376711, 233817488, 289544200, 1014380, 10542, 913287.81011, inf, 348.83720930232556, 1483.8871710106152, 443341.705324, 230210.5378, 0.402545, 21721.644906, 218013.201328, 0.318207, 1806, 9051, 5130001, 99900167, 108672916, 213703084, 1005690, 6262, 1044165.2923609999, inf, 697.6744186046511, 2854.5830447042586, 839703.517025, 83270.842449, 0.1279, 10694.436117, 110496.131585, 0.237285, 903, 5650, 2550001, 185645970, 46179530, 234375501
30000, 30000, 0, 0, greedy_23.000000, 998991, 21234, 1275674.190388, inf, 173.41040462427745, 703.3409531002227, 196796.479498, 556565.410361, 1.494172, 45246.424388, 477063.404156, 0.977813, 3979, 13331, 10350001, 45376711, 251688734, 307415446, 1014372, 10534, 944303.243842, inf, 348.83720930232556, 1483.8871710106152, 443341.705324, 241289.29921, 0.415288, 21721.644906, 237949.864154, 0.31496, 1978, 9038, 5130001, 99900167, 116665928, 221696096, 1005689, 6261, 1056931.792766, inf, 697.6744186046511, 2854.5830447042586, 839703.517025, 85814.038178, 0.107722, 10694.436117, 120719.535327, 0.158397, 989, 5639, 2550001, 185645970, 49719032, 237915003
30000, 30000, 0, 0, greedy_25.000000, 998990, 21233, 1349272.4863969998, inf, 173.41040462427745, 703.3409531002227, 196796.479498, 588861.683017, 1.476048, 45246.424388, 518365.440242, 0.983204, 4325, 13329, 10350001, 45376711, 269559980, 325286692, 1014372, 10534, 978446.638727, inf, 348.83720930232556, 1483.8871710106152, 443341.705324, 252663.95721, 0.408556, 21721.644906, 260718.590508, 0.332223, 2150, 9028, 5130001, 99900167, 124658940, 229689108, 1005689, 6261, 1071662.613745, inf, 697.6744186046511, 2854.5830447042586, 839703.517025, 89686.752556, 0.109175, 10694.436117, 131577.665292, 0.13358, 1075, 5631, 2550001, 185645970, 53258534, 241454505
30000, 30000, 0, 0, greedy_27.000000, 998985, 21228, 1423316.302412, inf, 173.41040462427745, 703.3409531002227, 196796.479498, 621368.098935, 1.465429, 45246.424388, 559902.774975, 1.059187, 4671, 13328, 10350001, 45376711, 287431226, 343157938, 1014363, 10525, 1014127.352232, inf, 348.83720930232556, 1483.8871710106152, 443341.705324, 266512.703988, 0.355326, 21721.644906, 282550.410199, 0.532489, 2322, 9019, 5130001, 99900167, 132651952, 237682120, 1005671, 6243, 1087059.466314, inf, 697.6744186046511, 2854.5830447042586, 839703.517025, 93757.005526, 0.111499, 10694.436117, 142904.260423, 0.135724, 1161, 5624, 2550001, 185645970, 56798036, 244994007
30000, 30000, 0, 0, greedy_29.000000, 998985, 21228, 1507138.074341, inf, 173.41040462427745, 703.3409531002227, 196796.479498, 659779.052441, 1.469145, 45246.424388, 605313.553024, 1.095845, 5017, 13327, 10350001, 45376711, 305302472, 361029184, 1014363, 10525, 1044226.4016120001, inf, 348.83720930232556, 1483.8871710106152, 443341.705324, 275819.754259, 0.405149, 21721.644906, 303342.519035, 0.372939, 2494, 9010, 5130001, 99900167, 140644964, 245675132, 1005671, 6243, 1101200.129669, inf, 697.6744186046511, 2854.5830447042586, 839703.517025, 97776.03434, 0.105157, 10694.436117, 153025.90351, 0.13352, 1247, 5617, 2550001, 185645970, 60337538, 248533509
30000, 30000, 0, 0, greedy_3.000000, 1001929, 24172, 394346.05452000006, inf, 173.41040462427745, 703.3409531002227, 196796.479498, 108952.687976, 1.513228, 45246.424388, 43348.815498, 0.133932, 519, 26670, 10350001, 45376711, 36957866, 92684578, 1015790, 11952, 534617.639243, inf, 348.83720930232556, 1483.8871710106152, 443341.705324, 47733.650674, 0.392766, 21721.644906, 21820.195099, 0.050474, 258, 16446, 5130001, 99900167, 16857368, 121887536, 1006389, 6961, 882557.447344, inf, 697.6744186046511, 2854.5830447042586, 839703.517025, 21060.766146, 0.103294, 10694.436117, 11098.590939, 0.033823, 129, 8363, 2550001, 185645970, 7749376, 195945347
30000, 30000, 0, 0, greedy_31.000000, 998980, 21223, 1578349.351246, inf, 173.41040462427745, 703.3409531002227, 196796.479498, 689337.279946, 1.468043, 45246.424388, 646966.487939, 1.211432, 5363, 13326, 10350001, 45376711, 323173718, 378900430, 1014348, 10510, 1077165.016336, inf, 348.83720930232556, 1483.8871710106152, 443341.705324, 287629.926229, 0.402415, 21721.644906, 324470.94732, 0.390142, 2666, 9003, 5130001, 99900167, 148637976, 253668144, 1005671, 6243, 1116409.623717, inf, 697.6744186046511, 2854.5830447042586, 839703.517025, 101481.036152, 0.102041, 10694.436117, 164530.359829, 0.172553, 1333, 5611, 2550001, 185645970, 63877040, 252073011
30000, 30000, 0, 0, greedy_33.000000, 998980, 21223, 1653392.091644, inf, 173.41040462427745, 703.3409531002227, 196796.479498, 723069.370531, 1.4936, 45246.424388, 688277.06665, 1.256977, 5709, 13325, 10350001, 45376711, 341044964, 396771676, 1014347, 10509, 1112118.282115, inf, 348.83720930232556, 1483.8871710106152, 443341.705324, 298486.030333, 0.403045, 21721.644906, 348568.09988, 0.398627, 2838, 8997, 5130001, 99900167, 156630988, 261661156, 1005671, 6243, 1130511.294113, inf, 697.6744186046511, 2854.5830447042586, 839703.517025, 105370.709732, 0.101821, 10694.436117, 174742.382051, 0.147367, 1419, 5605, 2550001, 185645970, 67416542, 255612513
30000, 30000, 0, 0, greedy_35.000000, 998980, 21223, 1733161.237403, inf, 173.41040462427745, 703.3409531002227, 196796.479498, 759172.782321, 1.488962, 45246.424388, 731942.672388, 1.389846, 6055, 13325, 10350001, 45376711, 358916210, 414642922, 1014337, 10499, 1148068.8668749998, inf, 348.83720930232556, 1483.8871710106152, 443341.705324, 312697.443827, 0.406091, 21721.644906, 370307.194191, 0.472536, 3010, 8991, 5130001, 99900167, 164624000, 269654168, 1005670, 6242, 1145459.803254, inf, 697.6744186046511, 2854.5830447042586, 839703.517025, 109154.562588, 0.105147, 10694.436117, 185907.026756, 0.155621, 1505, 5600, 2550001, 185645970, 70956044, 259152015
30000, 30000, 0, 0, greedy_37.000000, 998980, 21223, 1811018.184585, inf, 173.41040462427745, 703.3409531002227, 196796.479498, 794230.876856, 1.497819, 45246.424388, 774741.473437, 1.432587, 6401, 13325, 10350001, 45376711, 376787456, 432514168, 1014327, 10489, 1178057.712988, inf, 348.83720930232556, 1483.8871710106152, 443341.705324, 323718.964745, 0.401523, 21721.644906, 389274.545184, 0.451306, 3182, 8986, 5130001, 99900167, 172617012, 277647180, 1005654, 6226, 1160644.259239, inf, 697.6744186046511, 2854.5830447042586, 839703.517025, 113041.379207, 0.107582, 10694.436117, 197204.665961, 0.153347, 1591, 5595, 2550001, 185645970, 74495546, 262691517
30000, 30000, 0, 0, greedy_39.000000, 998980, 21223, 1887321.121132, inf, 173.41040462427745, 703.3409531002227, 196796.479498, 827565.02902, 1.612884, 45246.424388, 817710.049641, 1.525701, 6747, 13324, 10350001, 45376711, 394658702, 450385414, 1014327, 10489, 1213769.243867, inf, 348.83720930232556, 1483.8871710106152, 443341.705324, 336235.833151, 0.403877, 21721.644906, 412469.197077, 0.459532, 3354, 8981, 5130001, 99900167, 180610024, 285640192, 1005654, 6226, 1175386.7150549998, inf, 697.6744186046511, 2854.5830447042586, 839703.517025, 117035.222277, 0.105979, 10694.436117, 207953.256104, 0.177553, 1677, 5591, 2550001, 185645970, 78035048, 266231019
30000, 30000, 0, 0, greedy_5.000000, 1000350, 22593, 508485.57950299996, inf, 173.41040462427745, 703.3409531002227, 196796.479498, 180658.470015, 1.486218, 45246.424388, 85782.503118, 0.216266, 865, 20721, 10350001, 45376711, 64943072, 120669784, 1015098, 11260, 587575.022987, inf, 348.83720930232556, 1483.8871710106152, 443341.705324, 79173.064519, 0.401553, 21721.644906, 43338.109022, 0.097663, 430, 13254, 5130001, 99900167, 29878456, 134908624, 1006064, 6636, 906999.949334, inf, 697.6744186046511, 2854.5830447042586, 839703.517025, 34545.577286, 0.103564, 10694.436117, 22056.275968, 0.039374, 215, 7032, 2550001, 185645970, 13710535, 201906506
30000, 30000, 0, 0, greedy_7.000000, 999868, 22111, 619594.222699, inf, 173.41040462427745, 703.3409531002227, 196796.479498, 249055.054317, 1.523517, 45246.424388, 128494.425037, 0.315942, 1211, 17626, 10350001, 45376711, 93158108, 148884820, 1014761, 10923, 639906.332697, inf, 348.83720930232556, 1483.8871710106152, 443341.705324, 109787.981751, 0.399008, 21721.644906, 65054.455644, 0.146064, 602, 11803, 5130001, 99900167, 42811845, 147842013, 1005922, 6494, 931166.2521849999, inf, 697.6744186046511, 2854.5830447042586, 839703.517025, 47615.666677, 0.099266, 10694.436117, 33152.481664, 0.051436, 301, 6147, 2550001, 185645970, 19574855, 207770826
30000, 30000, 0, 0, greedy_9.000000, 999313, 21556, 738545.7817430001, inf, 173.41040462427745, 703.3409531002227, 196796.479498, 324065.774802, 1.488401, 45246.424388, 172435.211408, 0.403246, 1557, 14851, 10350001, 45376711, 121403126, 177129838, 1014543, 10705, 692938.178981, inf, 348.83720930232556, 1483.8871710106152, 443341.705324, 141564.060513, 0.393608, 21721.644906, 86310.212556, 0.162074, 774, 10782, 5130001, 99900167, 55832933, 160863101, 1005844, 6416, 952992.319679, inf, 697.6744186046511, 2854.5830447042586, 839703.517025, 58714.622618, 0.100638, 10694.436117, 43879.584921, 0.05836, 387, 5787, 2550001, 185645970, 24942518, 213138489
30000, 30000, 0, 0, opt, 998315, 20558, 2857380.19389, inf, 173.41040462427745, 703.3409531002227, 196796.479498, 2615335.908243, 1.381761, 45246.424388, 0, 0, 0, 0, 10350001, 45376711, 649140282, 704866994, 1014050, 10212, 2400879.962797, inf, 348.83720930232556, 1483.8871710106152, 443341.705324, 1935816.266137, 0.34643, 21721.644906, 0, 0, 0, 0, 5130001, 99900167, 481496743, 586526911, 1005291, 5863, 2194181.859282, inf, 697.6744186046511, 2854.5830447042586, 839703.517025, 1343783.813366, 0.092774, 10694.436117, 0, 0, 0, 0, 2550001, 185645970, 333560829, 521756800
30000, 30000, 0, 0, plus_edge, 1004378, 26621, 279921.266021, inf, 173.41040462427745, 703.3409531002227, 196796.479498, 37876.829803, 1.532332, 45246.424388, 0, 0, 0, 0, 10350001, 45376711, 8910460, 64637172, 1017503, 13665, 481952.894564, inf, 348.83720930232556, 1483.8871710106152, 443341.705324, 16889.203846, 0.340488, 21721.644906, 0, 0, 0, 0, 5130001, 99900167, 3892065, 108922233, 1007414, 7986, 858081.9468959998, inf, 697.6744186046511, 2854.5830447042586, 839703.517025, 7683.902803, 0.090951, 10694.436117, 0, 0, 0, 0, 2550001, 185645970, 1726032, 189922003
30000, 30000, 0, 0, simple, 1006265, 28508, 279866.0409029999, inf, 173.41040462427745, 703.3409531002227, 196796.479498, 37821.81018, 1.326837, 45246.424388, 0, 0, 0, 0, 10350001, 45376711, 8880876, 64607588, 1018610, 14772, 481910.525493, inf, 348.83720930232556, 1483.8871710106152, 443341.705324, 16846.837239, 0.338024, 21721.644906, 0, 0, 0, 0, 5130001, 99900167, 3884840, 108915008, 1008014, 8586, 858289.4640359998, inf, 697.6744186046511, 2854.5830447042586, 839703.517025, 7891.419302, 0.091592, 10694.436117, 0, 0, 0, 0, 2550001, 185645970, 1724268, 189920239
30000, 30000, 0, 0, dp_1.000000, 993752, 27482, 397813.18116599997, inf, 173.41040462427745, 890.5145939133558, 317866.474236, 36145.314852, 1.442054, 43652.32387, 147.613751, 0.012403, 173, 0, 10350001, 71182061, 8444413, 89976475, 997006, 13288, 610601.767775, inf, 348.83720930232556, 1705.0480512936047, 572690.897736, 16059.009584, 0.374101, 21703.877914, 147.601918, 0.006522, 86, 0, 5130001, 130226679, 3784621, 139141301, 991395, 7654, 939002.0746520001, inf, 697.6744186046511, 3009.2318553267096, 920723.099269, 7127.193408, 0.086813, 10996.700868, 154.989375, 0.004919, 43, 0, 2550001, 205142858, 1660777, 209353636
30000, 30000, 0, 0, dp_11.000000, 986817, 20547, 954197.943606, inf, 173.41040462427745, 890.5145939133558, 317866.474236, 376897.292611, 1.554615, 43652.32387, 215617.297425, 163.000849, 1903, 10232, 10350001, 71182061, 144660725, 226192787, 993707, 9989, 871063.2013500001, inf, 348.83720930232556, 1705.0480512936047, 572690.897736, 167919.109184, 0.392206, 21703.877914, 108729.75936, 19.16495, 946, 8178, 5130001, 130226679, 67337853, 202694533, 989123, 5382, 1061331.318581, inf, 697.6744186046511, 3009.2318553267096, 920723.099269, 73263.382083, 0.205956, 10996.700868, 56345.43666, 2.493745, 473, 5651, 2550001, 205142858, 31159936, 238852795
30000, 30000, 0, 0, dp_13.000000, 986747, 20477, 1069175.4022549998, inf, 173.41040462427745, 890.5145939133558, 317866.474236, 438353.943559, 1.454598, 43652.32387, 269072.323428, 228.882564, 2249, 8664, 10350001, 71182061, 171263379, 252795441, 993637, 9919, 922634.244145, inf, 348.83720930232556, 1705.0480512936047, 572690.897736, 196465.38794, 0.38899, 21703.877914, 131746.281694, 27.409871, 1118, 7441, 5130001, 130226679, 80095265, 215451945, 989058, 5317, 1084690.774313, inf, 697.6744186046511, 3009.2318553267096, 920723.099269, 86496.104599, 0.104365, 10996.700868, 66470.98231, 3.782902, 559, 5266, 2550001, 205142858, 37008953, 244701812
30000, 30000, 0, 0, dp_15.000000, 986672, 20402, 1171853.501419, inf, 173.41040462427745, 890.5145939133558, 317866.474236, 505662.395405, 1.462082, 43652.32387, 304363.182392, 307.663434, 2595, 7397, 10350001, 71182061, 198501761, 280033823, 993623, 9905, 971452.334805, inf, 348.83720930232556, 1705.0480512936047, 572690.897736, 226009.2355, 0.394129, 21703.877914, 151011.492276, 36.43725, 1290, 6822, 5130001, 130226679, 91995517, 227352197, 989011, 5270, 1108260.096152, inf, 697.6744186046511, 3009.2318553267096, 920723.099269, 99887.539191, 0.101751, 10996.700868, 76647.969007, 4.686066, 645, 4925, 2550001, 205142858, 42928075, 250620934
30000, 30000, 0, 0, dp_17.000000, 986623, 20353, 1290031.809695, inf, 173.41040462427745, 890.5145939133558, 317866.474236, 573297.105608, 1.474535, 43652.32387, 354815.911885, 398.519561, 2941, 6361, 10350001, 71182061, 225808081, 307340143, 993531, 9813, 1022070.927947, inf, 348.83720930232556, 1705.0480512936047, 572690.897736, 254627.531357, 0.391133, 21703.877914, 173000.976443, 47.253364, 1462, 6254, 5130001, 130226679, 104752929, 240109609, 988981, 5240, 1132359.245049, inf, 697.6744186046511, 3009.2318553267096, 920723.099269, 112493.821492, 0.100238, 10996.700868, 88139.483176, 6.040006, 731, 4625, 2550001, 205142858, 48674325, 256367184
30000, 30000, 0, 0, dp_19.000000, 986575, 20305, 1387733.584906, inf, 173.41040462427745, 890.5145939133558, 317866.474236, 637220.305942, 1.426876, 43652.32387, 388493.144516, 499.909466, 3287, 5548, 10350001, 71182061, 252676987, 334209049, 993510, 9792, 1072080.5909779998, inf, 348.83720930232556, 1705.0480512936047, 572690.897736, 282770.926023, 0.402705, 21703.877914, 194854.671439, 59.815161, 1634, 5760, 5130001, 130226679, 117211491, 252568171, 988917, 5176, 1157191.845891, inf, 697.6744186046511, 3009.2318553267096, 920723.099269, 126023.768687, 0.199815, 10996.700868, 99440.611996, 7.465256, 817, 4364, 2550001, 205142858, 54593447, 262286306
30000, 30000, 0, 0, dp_21.000000, 986541, 20271, 1501504.1333829998, inf, 173.41040462427745, 890.5145939133558, 317866.474236, 707875.598997, 1.45058, 43652.32387, 431495.313248, 612.972452, 3633, 4842, 10350001, 71182061, 279964289, 361496351, 993505, 9787, 1125668.287427, inf, 348.83720930232556, 1705.0480512936047, 572690.897736, 314813.024721, 0.396974, 21703.877914, 216386.656264, 73.433818, 1806, 5300, 5130001, 130226679, 129968903, 265325583, 988898, 5157, 1181202.8159420001, inf, 697.6744186046511, 3009.2318553267096, 920723.099269, 139269.621225, 0.103044, 10996.700868, 110204.057594, 9.233942, 903, 4132, 2550001, 205142858, 60512569, 268205428
30000, 30000, 0, 0, dp_23.000000, 986471, 20201, 1615556.602158, inf, 173.41040462427745, 890.5145939133558, 317866.474236, 777430.244839, 1.463836, 43652.32387, 475867.936791, 738.158586, 3979, 4256, 10350001, 71182061, 306360147, 387892209, 993495, 9777, 1175612.212262, inf, 348.83720930232556, 1705.0480512936047, 572690.897736, 343919.376395, 0.408086, 21703.877914, 237208.851566, 88.800565, 1978, 4872, 5130001, 130226679, 142597741, 277954421, 988896, 5155, 1204436.161263, inf, 697.6744186046511, 3009.2318553267096, 920723.099269, 151822.804585, 0.104816, 10996.700868, 120882.569322, 10.882403, 989, 3927, 2550001, 205142858, 66191331, 273884190
30000, 30000, 0, 0, dp_25.000000, 986459, 20189, 1721612.671561, inf, 173.41040462427745, 890.5145939133558, 317866.474236, 840599.361648, 1.469175, 43652.32387, 518617.091788, 875.950844, 4325, 3778, 10350001, 71182061, 333666467, 415198529, 993484, 9766, 1229553.16621, inf, 348.83720930232556, 1705.0480512936047, 572690.897736, 374171.62186, 0.392035, 21703.877914, 260880.59239, 105.784275, 2150, 4484, 5130001, 130226679, 155355153, 290711833, 988894, 5153, 1228947.337367, inf, 697.6744186046511, 3009.2318553267096, 920723.099269, 165243.253625, 0.108664, 10996.700868, 131971.23431, 12.940631, 1075, 3738, 2550001, 205142858, 72110453, 279803312
30000, 30000, 0, 0, dp_27.000000, 986447, 20177, 1839445.882082, inf, 173.41040462427745, 890.5145939133558, 317866.474236, 913609.889043, 1.453396, 43652.32387, 563296.836825, 1018.904712, 4671, 3360, 10350001, 71182061, 360554159, 442086221, 993449, 9731, 1280896.503078, inf, 348.83720930232556, 1705.0480512936047, 572690.897736, 404967.499774, 0.393688, 21703.877914, 281410.560042, 123.273924, 2322, 4139, 5130001, 130226679, 168112565, 303469245, 988888, 5147, 1253516.712855, inf, 697.6744186046511, 3009.2318553267096, 920723.099269, 179006.017004, 0.108884, 10996.700868, 142775.783711, 15.003119, 1161, 3564, 2550001, 205142858, 78029575, 285722434
30000, 30000, 0, 0, dp_29.000000, 986444, 20174, 1951553.175761, inf, 173.41040462427745, 890.5145939133558, 317866.474236, 983286.957956, 1.458154, 43652.32387, 605567.990951, 1177.970594, 5017, 2976, 10350001, 71182061, 387860479, 469392541, 993431, 9713, 1332226.209684, inf, 348.83720930232556, 1705.0480512936047, 572690.897736, 435640.212929, 0.38931, 21703.877914, 302048.032092, 142.799703, 2494, 3832, 5130001, 130226679, 180869977, 316226657, 988879, 5138, 1293835.5542260003, inf, 697.6744186046511, 3009.2318553267096, 920723.099269, 192414.24209, 0.082114, 10996.700868, 169683.097866, 18.332019, 1247, 3403, 2550001, 205142858, 83948697, 291641556
30000, 30000, 0, 0, dp_3.000000, 989481, 23211, 508596.890202, inf, 173.41040462427745, 890.5145939133558, 317866.474236, 103416.474236, 1.442675, 43652.32387, 43651.439273, 8.735912, 519, 23979, 10350001, 71182061, 35682795, 117214857, 995036, 11318, 662444.740932, inf, 348.83720930232556, 1705.0480512936047, 572690.897736, 46359.432969, 0.379882, 21703.877914, 21688.883482, 1.268949, 258, 15127, 5130001, 130226679, 16527747, 151884427, 990235, 6494, 963236.884564, inf, 697.6744186046511, 3009.2318553267096, 920723.099269, 20361.649959, 0.104937, 10996.700868, 11155.161215, 0.168316, 129, 8882, 2550001, 205142858, 7579899, 215272758
30000, 30000, 0, 0, dp_31.000000, 986421, 20151, 2065640.715738, inf, 173.41040462427745, 890.5145939133558, 317866.474236, 1050639.815472, 1.472121, 43652.32387, 652133.028466, 1347.601573, 5363, 2629, 10350001, 71182061, 414848877, 496380939, 993420, 9702, 1384939.436006, inf, 348.83720930232556, 1705.0480512936047, 572690.897736, 463806.698714, 0.412794, 21703.877914, 326574.168723, 163.380125, 2666, 3560, 5130001, 130226679, 193403908, 328760588, 988879, 5138, 1302432.211426, inf, 697.6744186046511, 3009.2318553267096, 920723.099269, 204551.677316, 0.100128, 10996.700868, 166140.672851, 19.960994, 1333, 3246, 2550001, 205142858, 89550887, 297243746
30000, 30000, 0, 0, dp_33.000000, 986395, 20125, 2169015.700663, inf, 173.41040462427745, 890.5145939133558, 317866.474236, 1112218.053303, 1.47696, 43652.32387, 693749.40762, 1527.964674, 5709, 2334, 10350001, 71182061, 442155197, 523687259, 993418, 9700, 1436451.784721, inf, 348.83720930232556, 1705.0480512936047, 572690.897736, 496052.606979, 0.409298, 21703.877914, 345818.70732, 185.285474, 2838, 3318, 5130001, 130226679, 206175606, 341532286, 988871, 5130, 1325698.8494219999, inf, 697.6744186046511, 3009.2318553267096, 920723.099269, 216742.484777, 0.100348, 10996.700868, 177213.922619, 22.541541, 1419, 3092, 2550001, 205142858, 95449979, 303142838
30000, 30000, 0, 0, dp_35.000000, 986376, 20106, 2285001.90794, inf, 173.41040462427745, 890.5145939133558, 317866.474236, 1181751.081452, 1.464286, 43652.32387, 740015.038978, 1715.525118, 6055, 2081, 10350001, 71182061, 469312007, 550844069, 993418, 9700, 1485728.607011, inf, 348.83720930232556, 1705.0480512936047, 572690.897736, 523612.025081, 0.390592, 21703.877914, 367509.565054, 211.850634, 3010, 3091, 5130001, 130226679, 218365203, 353721883, 988868, 5127, 1349729.114088, inf, 697.6744186046511, 3009.2318553267096, 920723.099269, 231051.74674, 0.101921, 10996.700868, 186931.895951, 25.569339, 1505, 2948, 2550001, 205142858, 101245071, 308937930
30000, 30000, 0, 0, dp_37.000000, 986373, 20103, 2388962.312187, inf, 173.41040462427745, 890.5145939133558, 317866.474236, 1244316.889753, 1.449698, 43652.32387, 781204.956058, 1920.218572, 6401, 1860, 10350001, 71182061, 495840875, 577372937, 993417, 9699, 1543745.0313599997, inf, 348.83720930232556, 1705.0480512936047, 572690.897736, 559359.838612, 0.387928, 21703.877914, 389756.04136, 233.98781, 3182, 2889, 5130001, 130226679, 230894039, 366250719, 988851, 5110, 1371319.7696540002, inf, 697.6744186046511, 3009.2318553267096, 920723.099269, 242562.845578, 0.103203, 10996.700868, 197008.361513, 28.659223, 1591, 2814, 2550001, 205142858, 107023983, 314716842
30000, 30000, 0, 0, dp_39.000000, 986352, 20082, 2495935.102343, inf, 173.41040462427745, 890.5145939133558, 317866.474236, 1311664.531979, 1.454838, 43652.32387, 820617.345785, 2132.971635, 6747, 1666, 10350001, 71182061, 523147195, 604679257, 993406, 9688, 1593062.1936939997, inf, 348.83720930232556, 1705.0480512936047, 572690.897736, 585349.868541, 0.395412, 21703.877914, 413056.51842, 260.635671, 3354, 2709, 5130001, 130226679, 243551449, 378908129, 988836, 5095, 1397146.4704099998, inf, 697.6744186046511, 3009.2318553267096, 920723.099269, 256887.759557, 0.103374, 10996.700868, 208506.986809, 31.820533, 1677, 2686, 2550001, 205142858, 112895496, 320588355
30000, 30000, 0, 0, dp_5.000000, 987822, 21552, 619238.903985, inf, 173.41040462427745, 890.5145939133558, 317866.474236, 170762.645476, 1.473423, 43652.32387, 86926.790379, 29.196601, 865, 18129, 10350001, 71182061, 62989115, 144521177, 994383, 10665, 714198.570097, inf, 348.83720930232556, 1705.0480512936047, 572690.897736, 76451.986211, 0.344336, 21703.877914, 43347.828242, 3.635658, 430, 12263, 5130001, 130226679, 29225389, 164582069, 989609, 5868, 987265.5765269999, inf, 697.6744186046511, 3009.2318553267096, 920723.099269, 33370.991416, 0.106089, 10996.700868, 22174.190169, 0.488716, 215, 7393, 2550001, 205142858, 13412585, 221105444
30000, 30000, 0, 0, dp_7.000000, 987351, 21081, 729360.961373, inf, 173.41040462427745, 890.5145939133558, 317866.474236, 238001.872368, 1.608426, 43652.32387, 129777.654669, 61.027804, 1211, 14633, 10350001, 71182061, 90246515, 171778577, 994009, 10291, 766486.3790669999, inf, 348.83720930232556, 1705.0480512936047, 572690.897736, 106951.859925, 0.379642, 21703.877914, 65131.724875, 7.638975, 602, 10424, 5130001, 130226679, 41923031, 177279711, 989414, 5673, 1011660.064126, inf, 697.6744186046511, 3009.2318553267096, 920723.099269, 46667.314657, 0.108574, 10996.700868, 33271.706762, 1.133996, 301, 6649, 2550001, 205142858, 19321692, 227014551
30000, 30000, 0, 0, dp_9.000000, 987092, 20822, 840850.759151, inf, 173.41040462427745, 890.5145939133558, 317866.474236, 305587.415315, 1.309836, 43652.32387, 173638.1654, 105.070494, 1557, 12155, 10350001, 71182061, 117522933, 199054995, 993751, 10033, 818564.945813, inf, 348.83720930232556, 1705.0480512936047, 572690.897736, 137790.034389, 0.390742, 21703.877914, 86366.988029, 12.757003, 774, 9127, 5130001, 130226679, 54666157, 190022837, 989279, 5538, 1036306.7493920001, inf, 697.6744186046511, 3009.2318553267096, 920723.099269, 60566.828452, 0.130114, 10996.700868, 44018.225059, 1.76563, 387, 6100, 2550001, 205142858, 25240814, 232933673
30000, 30000, 0, 0, fixed_reps_1, 993752, 27482, 397621.69611099997, inf, 173.41040462427745, 890.5145939133558, 317866.474236, 35933.959804, 1.428579, 43652.32387, 167.509622, 0, 173, 43780, 10350001, 71182061, 8444413, 89976475, 997006, 13288, 610830.770273, inf, 348.83720930232556, 1705.0480512936047, 572690.897736, 16268.585507, 0.390492, 21703.877914, 167.018624, 0, 86, 25283, 5130001, 130226679, 3784621, 139141301, 991395, 7654, 938955.1590760001, inf, 697.6744186046511, 3009.2318553267096, 920723.099269, 7062.557905, 0.089347, 10996.700868, 172.711687, 0, 43, 14495, 2550001, 205142858, 1660777, 209353636
30000, 30000, 0, 0, fixed_reps_11, 987050, 20780, 736816.645313, inf, 173.41040462427745, 890.5145939133558, 317866.474236, 373894.631123, 1.410204, 43652.32387, 1401.80588, 0, 1903, 16241, 10350001, 71182061, 92886813, 174418875, 993897, 10179, 761589.139396, inf, 348.83720930232556, 1705.0480512936047, 572690.897736, 165761.817869, 0.402425, 21703.877914, 1432.143452, 0, 946, 11247, 5130001, 130226679, 41629971, 176986651, 989193, 5452, 1005198.655946, inf, 697.6744186046511, 3009.2318553267096, 920723.099269, 72038.439652, 0.100538, 10996.700868, 1440.315619, 0, 473, 6652, 2550001, 205142858, 18268117, 225960976
30000, 30000, 0, 0, fixed_reps_13, 986954, 20684, 805548.795941, inf, 173.41040462427745, 890.5145939133558, 317866.474236, 442363.032244, 1.573741, 43652.32387, 1665.39185, 0, 2249, 14689, 10350001, 71182061, 109775293, 191307355, 993807, 10089, 791192.5723809999, inf, 348.83720930232556, 1705.0480512936047, 572690.897736, 195134.886073, 0.387486, 21703.877914, 1662.523172, 0, 1118, 10485, 5130001, 130226679, 49199041, 184555721, 989152, 5411, 1018436.7415570001, inf, 697.6744186046511, 3009.2318553267096, 920723.099269, 85029.757295, 0.103764, 10996.700868, 1687.080361, 0, 559, 6347, 2550001, 205142858, 21589585, 229282444
30000, 30000, 0, 0, fixed_reps_15, 986822, 20552, 867979.7730319999, inf, 173.41040462427745, 890.5145939133558, 317866.474236, 504555.753008, 1.412098, 43652.32387, 1903.80982, 0, 2595, 13350, 10350001, 71182061, 126663773, 208195835, 993720, 10002, 822280.4773169999, inf, 348.83720930232556, 1705.0480512936047, 572690.897736, 225958.654797, 0.396183, 21703.877914, 1926.650687, 0, 1290, 9762, 5130001, 130226679, 56768111, 192124791, 989095, 5354, 1032440.5973039999, inf, 697.6744186046511, 3009.2318553267096, 920723.099269, 98775.104339, 0.108884, 10996.700868, 1945.583944, 0, 645, 6093, 2550001, 205142858, 24911053, 232603912
30000, 30000, 0, 0, fixed_reps_17, 986764, 20494, 934944.938752, inf, 173.41040462427745, 890.5145939133558, 317866.474236, 571269.71196, 1.462763, 43652.32387, 2154.965923, 0, 2941, 12153, 10350001, 71182061, 143552253, 225084315, 993650, 9932, 852520.793394, inf, 348.83720930232556, 1705.0480512936047, 572690.897736, 255956.218136, 0.404759, 21703.877914, 2169.394849, 0, 1462, 9086, 5130001, 130226679, 64337181, 199693861, 989077, 5336, 1045028.2436850001, inf, 697.6744186046511, 3009.2318553267096, 920723.099269, 111072.447468, 0.105357, 10996.700868, 2235.890723, 0, 731, 5882, 2550001, 205142858, 28232521, 235925380
30000, 30000, 0, 0, fixed_reps_19, 986732, 20462, 1001441.358725, inf, 173.41040462427745, 890.5145939133558, 317866.474236, 637514.685391, 1.481459, 43652.32387, 2406.393769, 0, 3287, 11282, 10350001, 71182061, 160440733, 241972795, 993640, 9922, 881582.5133179999, inf, 348.83720930232556, 1705.0480512936047, 572690.897736, 284727.613852, 0.402255, 21703.877914, 2459.721561, 0, 1634, 8493, 5130001, 130226679, 71906251, 207262931, 988998, 5257, 1058122.234173, inf, 697.6744186046511, 3009.2318553267096, 920723.099269, 123929.820925, 0.102222, 10996.700868, 2472.510889, 0, 817, 5613, 2550001, 205142858, 31553989, 239246848
30000, 30000, 0, 0, fixed_reps_21, 986719, 20449, 1068916.305207, inf, 173.41040462427745, 890.5145939133558, 317866.474236, 704746.059996, 1.47167, 43652.32387, 2649.975435, 0, 3633, 10474, 10350001, 71182061, 177329213, 258861275, 993621, 9903, 912347.669228, inf, 348.83720930232556, 1705.0480512936047, 572690.897736, 315252.482766, 0.395211, 21703.877914, 2700.015601, 0, 1806, 7991, 5130001, 130226679, 79475321, 214832001, 988984, 5243, 1071459.9966209999, inf, 697.6744186046511, 3009.2318553267096, 920723.099269, 137010.632935, 0.103684, 10996.700868, 2729.459865, 0, 903, 5421, 2550001, 205142858, 34875457, 242568316
30000, 30000, 0, 0, fixed_reps_23, 986664, 20394, 1142858.760208, inf, 173.41040462427745, 890.5145939133558, 317866.474236, 778427.986614, 1.630308, 43652.32387, 2910.34518, 0, 3979, 9764, 10350001, 71182061, 194217693, 275749755, 993578, 9860, 945031.369996, inf, 348.83720930232556, 1705.0480512936047, 572690.897736, 347679.954594, 0.392917, 21703.877914, 2956.246835, 0, 1978, 7521, 5130001, 130226679, 87044391, 222401071, 988966, 5225, 1085310.96358, inf, 697.6744186046511, 3009.2318553267096, 920723.099269, 150608.406872, 0.103374, 10996.700868, 2982.653197, 0, 989, 5262, 2550001, 205142858, 38196925, 245889784
30000, 30000, 0, 0, fixed_reps_25, 986650, 20380, 1211367.990723, inf, 173.41040462427745, 890.5145939133558, 317866.474236, 846693.186092, 1.580995, 43652.32387, 3154.42553, 0, 4325, 9017, 10350001, 71182061, 211106173, 292638235, 993560, 9842, 975047.8269509999, inf, 348.83720930232556, 1705.0480512936047, 572690.897736, 377437.169352, 0.394931, 21703.877914, 3215.487018, 0, 2150, 7079, 5130001, 130226679, 94613461, 229970141, 988966, 5225, 1097934.28282, inf, 697.6744186046511, 3009.2318553267096, 920723.099269, 162986.604899, 0.088556, 10996.700868, 3227.789228, 0, 1075, 5125, 2550001, 205142858, 41518393, 249211252
30000, 30000, 0, 0, fixed_reps_27, 986641, 20371, 1271771.585019, inf, 173.41040462427745, 890.5145939133558, 317866.474236, 906813.421151, 1.45026, 43652.32387, 3437.915502, 0, 4671, 8490, 10350001, 71182061, 227994653, 309526715, 993551, 9833, 1002934.55455, inf, 348.83720930232556, 1705.0480512936047, 572690.897736, 405089.911124, 0.393318, 21703.877914, 3449.474458, 0, 2322, 6752, 5130001, 130226679, 102182531, 237539211, 988962, 5221, 1111041.482386, inf, 697.6744186046511, 3009.2318553267096, 920723.099269, 175858.560966, 0.109976, 10996.700868, 3463.011307, 0, 1161, 4955, 2550001, 205142858, 44839861, 252532720
30000, 30000, 0, 0, fixed_reps_29, 986637, 20367, 1337582.983175, inf, 173.41040462427745, 890.5145939133558, 317866.474236, 972407.026819, 1.436063, 43652.32387, 3655.722187, 0, 5017, 8077, 10350001, 71182061, 244883133, 326415195, 993532, 9814, 1032643.4640759998, inf, 348.83720930232556, 1705.0480512936047, 572690.897736, 434548.964293, 0.401443, 21703.877914, 3699.32269, 0, 2494, 6446, 5130001, 130226679, 109751601, 245108281, 988952, 5211, 1124341.3765629998, inf, 697.6744186046511, 3009.2318553267096, 920723.099269, 188868.863868, 0.098445, 10996.700868, 3752.614113, 0, 1247, 4786, 2550001, 205142858, 48161329, 255854188
30000, 30000, 0, 0, fixed_reps_3, 989269, 22999, 465144.556129, inf, 173.41040462427745, 890.5145939133558, 317866.474236, 103228.885392, 1.446192, 43652.32387, 395.426439, 0, 519, 30491, 10350001, 71182061, 25332893, 106864955, 995090, 11372, 641040.420313, inf, 348.83720930232556, 1705.0480512936047, 572690.897736, 46239.771545, 0.395281, 21703.877914, 405.477837, 0, 258, 18070, 5130001, 130226679, 11353691, 146710371, 990216, 6475, 952380.330453, inf, 697.6744186046511, 3009.2318553267096, 920723.099269, 20264.65531, 0.104075, 10996.700868, 395.770931, 0, 129, 10681, 2550001, 205142858, 4982245, 212675104
30000, 30000, 0, 0, fixed_reps_31, 986600, 20330, 1405232.590437, inf, 173.41040462427745, 890.5145939133558, 317866.474236, 1039810.604081, 1.488902, 43652.32387, 3901.699348, 0, 5363, 7592, 10350001, 71182061, 261771613, 343303675, 993517, 9799, 1060708.6760119998, inf, 348.83720930232556, 1705.0480512936047, 572690.897736, 462375.203895, 0.39468, 21703.877914, 3938.301787, 0, 2666, 6232, 5130001, 130226679, 117320671, 252677351, 988950, 5209, 1137701.230955, inf, 697.6744186046511, 3009.2318553267096, 920723.099269, 201992.805321, 0.081283, 10996.700868, 3988.544214, 0, 1333, 4606, 2550001, 205142858, 51482797, 259175656
30000, 30000, 0, 0, fixed_reps_33, 986592, 20322, 1472418.695868, inf, 173.41040462427745, 890.5145939133558, 317866.474236, 1106735.361225, 1.648221, 43652.32387, 4162.888316, 0, 5709, 7171, 10350001, 71182061, 278660093, 360192155, 993517, 9799, 1090613.644757, inf, 348.83720930232556, 1705.0480512936047, 572690.897736, 492035.887463, 0.400571, 21703.877914, 4182.581073, 0, 2838, 5943, 5130001, 130226679, 124889741, 260246421, 988950, 5209, 1151362.873606, inf, 697.6744186046511, 3009.2318553267096, 920723.099269, 215365.975364, 0.142597, 10996.700868, 4276.955508, 0, 1419, 4476, 2550001, 205142858, 54804265, 262497124
30000, 30000, 0, 0, fixed_reps_35, 986577, 20307, 1539732.304948, inf, 173.41040462427745, 890.5145939133558, 317866.474236, 1173778.232424, 1.490746, 43652.32387, 4433.783672, 0, 6055, 6765, 10350001, 71182061, 295548573, 377080635, 993506, 9788, 1122716.095479, inf, 348.83720930232556, 1705.0480512936047, 572690.897736, 523882.913969, 0.39468, 21703.877914, 4438.01118, 0, 3010, 5766, 5130001, 130226679, 132458811, 267815491, 988929, 5188, 1165745.9258770002, inf, 697.6744186046511, 3009.2318553267096, 920723.099269, 228390.208646, 0.100168, 10996.700868, 5635.816926, 0, 1505, 4356, 2550001, 205142858, 58125733, 265818592
30000, 30000, 0, 0, fixed_reps_37, 986555, 20285, 1606347.538972, inf, 173.41040462427745, 890.5145939133558, 317866.474236, 1240171.867071, 1.473123, 43652.32387, 4655.400672, 0, 6401, 6457, 10350001, 71182061, 312437053, 393969115, 993501, 9783, 1153314.12694, inf, 348.83720930232556, 1705.0480512936047, 572690.897736, 554217.561432, 0.390823, 21703.877914, 4701.399035, 0, 3182, 5588, 5130001, 130226679, 140027881, 275384561, 988929, 5188, 1177393.1458490002, inf, 697.6744186046511, 3009.2318553267096, 920723.099269, 240918.573803, 0.100638, 10996.700868, 4754.671271, 0, 1591, 4258, 2550001, 205142858, 61447201, 269140060
30000, 30000, 0, 0, fixed_reps_39, 986528, 20258, 1673884.177274, inf, 173.41040462427745, 890.5145939133558, 317866.474236, 1307448.849025, 1.48221, 43652.32387, 4915.047933, 0, 6747, 6155, 10350001, 71182061, 329325533, 410857595, 993476, 9758, 1181081.8537069997, inf, 348.83720930232556, 1705.0480512936047, 572690.897736, 581723.880886, 0.381896, 21703.877914, 4962.815275, 0, 3354, 5380, 5130001, 130226679, 147596951, 282953631, 988929, 5188, 1190674.1037070001, inf, 697.6744186046511, 3009.2318553267096, 920723.099269, 253947.054104, 0.095489, 10996.700868, 5007.153977, 0, 1677, 4165, 2550001, 205142858, 64768669, 272461528
30000, 30000, 0, 0, fixed_reps_41, 986528, 20258, 1751975.4357220002, inf, 173.41040462427745, 890.5145939133558, 317866.474236, 1385268.104966, 1.474114, 43652.32387, 5187.058536, 0, 7093, 5932, 10350001, 71182061, 346214013, 427746075, 993476, 9758, 1213948.7819889998, inf, 348.83720930232556, 1705.0480512936047, 572690.897736, 614359.692581, 0.383058, 21703.877914, 5193.9307, 0, 3526, 5230, 5130001, 130226679, 155166021, 290522701, 988906, 5165, 1204195.4740920002, inf, 697.6744186046511, 3009.2318553267096, 920723.099269, 267205.216726, 0.104185, 10996.700868, 5270.353044, 0, 1763, 4055, 2550001, 205142858, 68090137, 275782996
30000, 30000, 0, 0, fixed_reps_5, 988417, 22147, 531820.582977, inf, 173.41040462427745, 890.5145939133558, 317866.474236, 169653.1516, 1.463564, 43652.32387, 647.169707, 0, 865, 24371, 10350001, 71182061, 42221373, 123753435, 994526, 10808, 671224.018355, inf, 348.83720930232556, 1705.0480512936047, 572690.897736, 76167.147151, 0.390934, 21703.877914, 661.70462, 0, 430, 15642, 5130001, 130226679, 18922761, 154279441, 989751, 6010, 965342.166979, inf, 697.6744186046511, 3009.2318553267096, 920723.099269, 32951.31744, 0.104937, 10996.700868, 670.944465, 0, 215, 9311, 2550001, 205142858, 8303713, 215996572
30000, 30000, 0, 0, fixed_reps_7, 987818, 21548, 600586.891286, inf, 173.41040462427745, 890.5145939133558, 317866.474236, 238166.152212, 1.462653, 43652.32387, 900.478315, 0, 1211, 20532, 10350001, 71182061, 59109853, 140641915, 994181, 10463, 700905.777065, inf, 348.83720930232556, 1705.0480512936047, 572690.897736, 105589.514819, 0.400261, 21703.877914, 921.086335, 0, 602, 13701, 5130001, 130226679, 26491831, 161848511, 989540, 5799, 978727.579182, inf, 697.6744186046511, 3009.2318553267096, 920723.099269, 46077.367599, 0.105989, 10996.700868, 930.305457, 0, 301, 8133, 2550001, 205142858, 11625181, 219318040
30000, 30000, 0, 0, fixed_reps_9, 987486, 21216, 668821.144677, inf, 173.41040462427745, 890.5145939133558, 317866.474236, 306136.786047, 1.444339, 43652.32387, 1164.116185, 0, 1557, 18150, 10350001, 71182061, 75998333, 157530395, 994000, 10282, 730771.2387429998, inf, 348.83720930232556, 1705.0480512936047, 572690.897736, 135211.641487, 0.409598, 21703.877914, 1164.412008, 0, 774, 12370, 5130001, 130226679, 34060901, 169417581, 989368, 5627, 992261.3919500001, inf, 697.6744186046511, 3009.2318553267096, 920723.099269, 59343.422721, 0.104145, 10996.700868, 1198.064947, 0, 387, 7179, 2550001, 205142858, 14946649, 222639508
30000, 30000, 0, 0, greedy_1.000000, 993752, 27482, 398057.70050700003, inf, 173.41040462427745, 890.5145939133558, 317866.474236, 36389.834604, 1.442525, 43652.32387, 147.613751, 0.011521, 173, 43780, 10350001, 71182061, 8444413, 89976475, 997006, 13288, 610495.548208, inf, 348.83720930232556, 1705.0480512936047, 572690.897736, 15952.784356, 0.380574, 21703.877914, 147.601918, 0.00571, 86, 25283, 5130001, 130226679, 3784621, 139141301, 991395, 7654, 938962.2971580001, inf, 697.6744186046511, 3009.2318553267096, 920723.099269, 7087.417146, 0.087625, 10996.700868, 154.989375, 0.002875, 43, 14495, 2550001, 205142858, 1660777, 209353636
30000, 30000, 0, 0, greedy_11.000000, 986994, 20724, 904928.6423860001, inf, 173.41040462427745, 890.5145939133558, 317866.474236, 327790.632075, 1.448897, 43652.32387, 215617.297425, 0.465883, 1903, 14738, 10350001, 71182061, 132662121, 214194183, 993663, 9945, 861111.810089, inf, 348.83720930232556, 1705.0480512936047, 572690.897736, 157986.705772, 0.395672, 21703.877914, 108729.75936, 0.173635, 946, 9723, 5130001, 130226679, 64856085, 200212765, 989057, 5316, 1058931.894236, inf, 697.6744186046511, 3009.2318553267096, 920723.099269, 70866.315097, 0.174868, 10996.700868, 56345.43666, 0.167474, 473, 6082, 2550001, 205142858, 30526072, 238218931
30000, 30000, 0, 0, greedy_13.000000, 986871, 20601, 1002409.982305, inf, 173.41040462427745, 890.5145939133558, 317866.474236, 371816.881349, 1.436133, 43652.32387, 269072.323428, 0.543289, 2249, 14698, 10350001, 71182061, 149622349, 231154411, 993663, 9945, 894024.643237, inf, 348.83720930232556, 1705.0480512936047, 572690.897736, 167882.980558, 0.394289, 21703.877914, 131746.281694, 0.211046, 1118, 9664, 5130001, 130226679, 72473277, 207829957, 989057, 5316, 1072962.813508, inf, 697.6744186046511, 3009.2318553267096, 920723.099269, 74771.826529, 0.102762, 10996.700868, 66470.98231, 0.10177, 559, 6027, 2550001, 205142858, 33967362, 241660221
30000, 30000, 0, 0, greedy_15.000000, 986865, 20595, 1048220.007971, inf, 173.41040462427745, 890.5145939133558, 317866.474236, 382335.983129, 1.437706, 43652.32387, 304363.182392, 0.606638, 2595, 14675, 10350001, 71182061, 166582577, 248114639, 993659, 9941, 923538.9772059999, inf, 348.83720930232556, 1705.0480512936047, 572690.897736, 178132.058159, 0.403156, 21703.877914, 151011.492276, 0.247965, 1290, 9630, 5130001, 130226679, 80090469, 215447149, 989034, 5293, 1086164.529728, inf, 697.6744186046511, 3009.2318553267096, 920723.099269, 77796.5291, 0.103024, 10996.700868, 76647.969007, 0.12846, 645, 5999, 2550001, 205142858, 37408652, 245101511
30000, 30000, 0, 0, greedy_17.000000, 986831, 20561, 1151607.7272670001, inf, 173.41040462427745, 890.5145939133558, 317866.474236, 435270.906057, 1.443567, 43652.32387, 354815.911885, 0.667652, 2941, 14658, 10350001, 71182061, 183542805, 265074867, 993650, 9932, 954200.6661919999, inf, 348.83720930232556, 1705.0480512936047, 572690.897736, 186804.287735, 0.389901, 21703.877914, 173000.976443, 0.236463, 1462, 9607, 5130001, 130226679, 87707661, 223064341, 989023, 5282, 1100755.08492, inf, 697.6744186046511, 3009.2318553267096, 920723.099269, 80895.594538, 0.097032, 10996.700868, 88139.483176, 0.110037, 731, 5981, 2550001, 205142858, 40849942, 248542801
30000, 30000, 0, 0, greedy_19.000000, 986831, 20561, 1183940.810847, inf, 173.41040462427745, 890.5145939133558, 317866.474236, 433926.449069, 1.666375, 43652.32387, 388493.144516, 0.752781, 3287, 14646, 10350001, 71182061, 200503033, 282035095, 993647, 9929, 985328.1445689998, inf, 348.83720930232556, 1705.0480512936047, 572690.897736, 196078.019179, 0.40548, 21703.877914, 194854.671439, 0.272821, 1634, 9590, 5130001, 130226679, 95324853, 230681533, 989023, 5282, 1116098.813112, inf, 697.6744186046511, 3009.2318553267096, 920723.099269, 84938.099344, 0.120315, 10996.700868, 99440.611996, 0.18132, 817, 5965, 2550001, 205142858, 44291232, 251984091
30000, 30000, 0, 0, greedy_21.000000, 986823, 20553, 1252233.498489, inf, 173.41040462427745, 890.5145939133558, 317866.474236, 459217.143317, 1.427808, 43652.32387, 431495.313248, 0.81601, 3633, 14635, 10350001, 71182061, 217463261, 298995323, 993621, 9903, 1016694.412496, inf, 348.83720930232556, 1705.0480512936047, 572690.897736, 205912.292081, 0.401954, 21703.877914, 216386.656264, 0.286547, 1806, 9576, 5130001, 130226679, 102942045, 238298725, 989005, 5264, 1129737.4596240001, inf, 697.6744186046511, 3009.2318553267096, 920723.099269, 87813.396006, 0.083968, 10996.700868, 110204.057594, 0.121919, 903, 5953, 2550001, 205142858, 47732522, 255425381
30000, 30000, 0, 0, greedy_23.000000, 986817, 20547, 1328064.3909579997, inf, 173.41040462427745, 890.5145939133558, 317866.474236, 490675.221225, 1.464577, 43652.32387, 475867.936791, 0.970259, 3979, 14627, 10350001, 71182061, 234423489, 315955551, 993621, 9903, 1047661.089411, inf, 348.83720930232556, 1705.0480512936047, 572690.897736, 216056.737936, 0.401483, 21703.877914, 237208.851566, 0.322776, 1978, 9565, 5130001, 130226679, 110559237, 245915917, 989002, 5261, 1144410.1934659998, inf, 697.6744186046511, 3009.2318553267096, 920723.099269, 91807.589958, 0.101721, 10996.700868, 120882.569322, 0.132328, 989, 5943, 2550001, 205142858, 51173812, 258866671
30000, 30000, 0, 0, greedy_25.000000, 986805, 20535, 1399816.0156079999, inf, 173.41040462427745, 890.5145939133558, 317866.474236, 519677.65997, 1.477941, 43652.32387, 518617.091788, 0.987803, 4325, 14621, 10350001, 71182061, 251383717, 332915779, 993617, 9899, 1082333.1390230001, inf, 348.83720930232556, 1705.0480512936047, 572690.897736, 227057.02826, 0.405711, 21703.877914, 260880.59239, 0.337012, 2150, 9557, 5130001, 130226679, 118176429, 253533109, 988998, 5257, 1158883.696212, inf, 697.6744186046511, 3009.2318553267096, 920723.099269, 95192.436362, 0.103565, 10996.700868, 131971.23431, 0.121838, 1075, 5933, 2550001, 205142858, 54615102, 262307961
30000, 30000, 0, 0, greedy_27.000000, 986805, 20535, 1478016.783549, inf, 173.41040462427745, 890.5145939133558, 317866.474236, 553198.515722, 1.593688, 43652.32387, 563296.836825, 1.039208, 4671, 14618, 10350001, 71182061, 268343945, 349876007, 993617, 9899, 1112278.30186, inf, 348.83720930232556, 1705.0480512936047, 572690.897736, 236472.18369, 0.40514, 21703.877914, 281410.560042, 0.377338, 2322, 9549, 5130001, 130226679, 125793621, 261150301, 988997, 5256, 1172981.447956, inf, 697.6744186046511, 3009.2318553267096, 920723.099269, 98485.643064, 0.100769, 10996.700868, 142775.783711, 0.120275, 1161, 5923, 2550001, 205142858, 58056392, 265749251
30000, 30000, 0, 0, greedy_29.000000, 986795, 20525, 1547921.324978, inf, 173.41040462427745, 890.5145939133558, 317866.474236, 580831.965661, 1.437115, 43652.32387, 605567.990951, 1.133145, 5017, 14615, 10350001, 71182061, 285304173, 366836235, 993611, 9893, 1141986.3001229998, inf, 348.83720930232556, 1705.0480512936047, 572690.897736, 245542.736113, 0.401011, 21703.877914, 302048.032092, 0.355257, 2494, 9542, 5130001, 130226679, 133410813, 268767493, 988983, 5242, 1203873.085362, inf, 697.6744186046511, 3009.2318553267096, 920723.099269, 102469.86815, 0.102883, 10996.700868, 169683.097866, 0.216326, 1247, 5915, 2550001, 205142858, 61497682, 269190541
30000, 30000, 0, 0, greedy_3.000000, 989260, 22990, 509346.575712, inf, 173.41040462427745, 890.5145939133558, 317866.474236, 104174.724637, 1.468063, 43652.32387, 43651.439273, 0.145633, 519, 26838, 10350001, 71182061, 35652893, 117184955, 995169, 11451, 662210.148358, inf, 348.83720930232556, 1705.0480512936047, 572690.897736, 46126.052186, 0.386345, 21703.877914, 21688.883482, 0.050695, 258, 16550, 5130001, 130226679, 16527747, 151884427, 990095, 6354, 963420.641055, inf, 697.6744186046511, 3009.2318553267096, 920723.099269, 20545.50219, 0.116608, 10996.700868, 11155.161215, 0.060905, 129, 9714, 2550001, 205142858, 7579899, 215272758
30000, 30000, 0, 0, greedy_31.000000, 986793, 20523, 1627791.495816, inf, 173.41040462427745, 890.5145939133558, 317866.474236, 614137.015589, 1.458936, 43652.32387, 652133.028466, 1.194719, 5363, 14614, 10350001, 71182061, 302264401, 383796463, 993605, 9887, 1176385.996573, inf, 348.83720930232556, 1705.0480512936047, 572690.897736, 255416.240778, 0.397295, 21703.877914, 326574.168723, 0.414127, 2666, 9535, 5130001, 130226679, 141028005, 276384685, 988983, 5242, 1203625.414114, inf, 697.6744186046511, 3009.2318553267096, 920723.099269, 105764.700696, 0.084398, 10996.700868, 166140.672851, 0.156032, 1333, 5909, 2550001, 205142858, 64938972, 272631831
30000, 30000, 0, 0, greedy_33.000000, 986793, 20523, 1696417.5866920003, inf, 173.41040462427745, 890.5145939133558, 317866.474236, 641146.673268, 1.448026, 43652.32387, 693749.40762, 1.259672, 5709, 14612, 10350001, 71182061, 319224629, 400756691, 993597, 9879, 1205520.7411010002, inf, 348.83720930232556, 1705.0480512936047, 572690.897736, 265306.460065, 0.397244, 21703.877914, 345818.70732, 0.400822, 2838, 9529, 5130001, 130226679, 148645197, 284001877, 988980, 5239, 1218389.249933, inf, 697.6744186046511, 3009.2318553267096, 920723.099269, 109455.281496, 0.098575, 10996.700868, 177213.922619, 0.147106, 1419, 5903, 2550001, 205142858, 68380262, 276073121
30000, 30000, 0, 0, greedy_35.000000, 986791, 20521, 1777402.7414659997, inf, 173.41040462427745, 890.5145939133558, 317866.474236, 675866.11411, 1.442194, 43652.32387, 740015.038978, 1.348078, 6055, 14611, 10350001, 71182061, 336184857, 417716919, 993596, 9878, 1238485.703818, inf, 348.83720930232556, 1705.0480512936047, 572690.897736, 276579.944485, 0.623629, 21703.877914, 367509.565054, 0.795, 3010, 9524, 5130001, 130226679, 156262389, 291619069, 988950, 5209, 1231212.180097, inf, 697.6744186046511, 3009.2318553267096, 920723.099269, 112560.235232, 0.10663, 10996.700868, 186931.895951, 0.142147, 1505, 5896, 2550001, 205142858, 71821552, 279514411
30000, 30000, 0, 0, greedy_37.000000, 986791, 20521, 1845675.494898, inf, 173.41040462427745, 890.5145939133558, 317866.474236, 702948.9015, 1.428769, 43652.32387, 781204.956058, 1.410465, 6401, 14611, 10350001, 71182061, 353145085, 434677147, 993596, 9878, 1271305.0673409998, inf, 348.83720930232556, 1705.0480512936047, 572690.897736, 287153.35928, 0.401162, 21703.877914, 389756.04136, 0.489889, 3182, 9519, 5130001, 130226679, 163879581, 299236261, 988950, 5209, 1244508.0296810002, inf, 697.6744186046511, 3009.2318553267096, 920723.099269, 115779.623874, 0.097142, 10996.700868, 197008.361513, 0.147015, 1591, 5892, 2550001, 205142858, 75262842, 282955701
30000, 30000, 0, 0, greedy_39.000000, 986790, 20520, 1909782.333349, inf, 173.41040462427745, 890.5145939133558, 317866.474236, 727643.26324, 1.424171, 43652.32387, 820617.345785, 1.502047, 6747, 14610, 10350001, 71182061, 370105313, 451637375, 993582, 9864, 1304536.886954, inf, 348.83720930232556, 1705.0480512936047, 572690.897736, 297084.686244, 0.399018, 21703.877914, 413056.51842, 0.507622, 3354, 9515, 5130001, 130226679, 171496773, 306853453, 988940, 5199, 1259942.713051, inf, 697.6744186046511, 3009.2318553267096, 920723.099269, 119715.671768, 0.103624, 10996.700868, 208506.986809, 0.150713, 1677, 5887, 2550001, 205142858, 78704132, 286396991
30000, 30000, 0, 0, greedy_5.000000, 988046, 21776, 619613.40214, inf, 173.41040462427745, 890.5145939133558, 317866.474236, 171165.918671, 1.654633, 43652.32387, 86926.790379, 0.240351, 865, 20917, 10350001, 71182061, 62711863, 144243925, 994404, 10686, 713649.3011459999, inf, 348.83720930232556, 1705.0480512936047, 572690.897736, 75906.208849, 0.392225, 21703.877914, 43347.828242, 0.09618, 430, 13608, 5130001, 130226679, 29182531, 164539211, 989566, 5825, 986522.4763339999, inf, 697.6744186046511, 3009.2318553267096, 920723.099269, 32628.345947, 0.106128, 10996.700868, 22174.190169, 0.033953, 215, 8035, 2550001, 205142858, 13229698, 220922557
30000, 30000, 0, 0, greedy_7.000000, 987479, 21209, 728414.537645, inf, 173.41040462427745, 890.5145939133558, 317866.474236, 237116.294803, 1.456902, 43652.32387, 129777.654669, 0.333165, 1211, 17223, 10350001, 71182061, 89980147, 171512209, 993912, 10194, 764870.571008, inf, 348.83720930232556, 1705.0480512936047, 572690.897736, 105343.555947, 0.389852, 21703.877914, 65131.724875, 0.124684, 602, 11713, 5130001, 130226679, 41760633, 177117313, 989248, 5507, 1010729.5098450001, inf, 697.6744186046511, 3009.2318553267096, 920723.099269, 45737.837947, 0.100659, 10996.700868, 33271.706762, 0.06434, 301, 7242, 2550001, 205142858, 19091196, 226784055
30000, 30000, 0, 0, greedy_9.000000, 987098, 20828, 834214.085572, inf, 173.41040462427745, 890.5145939133558, 317866.474236, 299055.398604, 1.319484, 43652.32387, 173638.1654, 0.403978, 1557, 14848, 10350001, 71182061, 115701893, 197233955, 993809, 10091, 816131.348603, inf, 348.83720930232556, 1705.0480512936047, 572690.897736, 135369.015766, 0.402064, 21703.877914, 86366.988029, 0.167094, 774, 10350, 5130001, 130226679, 54518045, 189874725, 989112, 5371, 1034808.549832, inf, 697.6744186046511, 3009.2318553267096, 920723.099269, 59070.33511, 0.099547, 10996.700868, 44018.225059, 0.089979, 387, 6753, 2550001, 205142858, 25010318, 232703177
30000, 30000, 0, 0, opt, 986251, 19981, 2683894.753487, inf, 173.41040462427745, 890.5145939133558, 317866.474236, 2322374.60028, 1.355101, 43652.32387, 0, 0, 0, 0, 10350001, 71182061, 568676236, 650208298, 993328, 9610, 2314174.830881, inf, 348.83720930232556, 1705.0480512936047, 572690.897736, 1719779.706647, 0.348584, 21703.877914, 0, 0, 0, 0, 5130001, 130226679, 426937110, 562293790, 988790, 5049, 2087853.7959890002, inf, 697.6744186046511, 3009.2318553267096, 920723.099269, 1156133.905793, 0.090059, 10996.700868, 0, 0, 0, 0, 2550001, 205142858, 288552180, 496245039
30000, 30000, 0, 0, plus_edge, 991600, 25330, 398889.90654399997, inf, 173.41040462427745, 890.5145939133558, 317866.474236, 37369.770399, 1.338039, 43652.32387, 0, 0, 0, 0, 10350001, 71182061, 8443824, 89975886, 996557, 12839, 610426.3956650001, inf, 348.83720930232556, 1705.0480512936047, 572690.897736, 16031.284055, 0.33596, 21703.877914, 0, 0, 0, 0, 5130001, 130226679, 3761760, 139118440, 990758, 7017, 938741.694048, inf, 697.6744186046511, 3009.2318553267096, 920723.099269, 7021.809783, 0.084128, 10996.700868, 0, 0, 0, 0, 2550001, 205142858, 1632498, 209325357
30000, 30000, 0, 0, simple, 993752, 27482, 398592.780049, inf, 173.41040462427745, 890.5145939133558, 317866.474236, 37072.626592, 1.355351, 43652.32387, 0, 0, 0, 0, 10350001, 71182061, 8414240, 89946302, 997006, 13288, 610392.044508, inf, 348.83720930232556, 1705.0480512936047, 572690.897736, 15996.93359, 0.335268, 21703.877914, 0, 0, 0, 0, 5130001, 130226679, 3754535, 139111215, 991395, 7654, 938723.666375, inf, 697.6744186046511, 3009.2318553267096, 920723.099269, 7003.779726, 0.086512, 10996.700868, 0, 0, 0, 0, 2550001, 205142858, 1630734, 209323593
30000, 30000, 0, 0, dp_1.000000, 1015833, 27941, 497352.55557100003, inf, 173.41040462427745, 1019.3052032948696, 417323.067441, 34597.852482, 1.475738, 45284.852472, 145.295956, 0.011482, 173, 0, 10350001, 92458194, 8075989, 110884184, 1024224, 16514, 653439.308785, inf, 348.83720930232556, 1757.2195324224847, 615592.055634, 16016.425046, 0.384872, 21683.785403, 146.649314, 0.008516, 86, 0, 5130001, 137993839, 3750706, 146874546, 998954, 8811, 998937.9422340001, inf, 697.6744186046511, 3137.5558753177506, 980934.755249, 7112.316783, 0.070081, 10736.945619, 153.850124, 0.004378, 43, 0, 2550001, 222101639, 1668169, 226319809
30000, 30000, 0, 0, dp_11.000000, 1008163, 20271, 1036420.04709, inf, 173.41040462427745, 1019.3052032948696, 417323.067441, 356415.496945, 1.512195, 45284.852472, 217232.487594, 162.630443, 1903, 11288, 10350001, 92458194, 140634421, 243442616, 1019969, 12259, 912509.8808149999, inf, 348.83720930232556, 1757.2195324224847, 615592.055634, 165170.842109, 0.395862, 21683.785403, 110043.539035, 19.262772, 946, 8026, 5130001, 137993839, 66423046, 209546886, 996042, 5899, 1124608.4596920002, inf, 697.6744186046511, 3137.5558753177506, 980934.755249, 72982.048633, 0.106169, 10736.945619, 59951.987767, 2.616255, 473, 4753, 2550001, 222101639, 31116796, 255768436
30000, 30000, 0, 0, dp_13.000000, 1007957, 20065, 1144244.088075, inf, 173.41040462427745, 1019.3052032948696, 417323.067441, 421034.308946, 1.510503, 45284.852472, 260371.32747, 229.021243, 2249, 9688, 10350001, 92458194, 167199609, 270007804, 1019898, 12188, 962233.0896000001, inf, 348.83720930232556, 1757.2195324224847, 615592.055634, 193659.522551, 0.402374, 21683.785403, 131270.220954, 27.102684, 1118, 7224, 5130001, 137993839, 79111830, 222235670, 995972, 5829, 1144754.9258710002, inf, 697.6744186046511, 3137.5558753177506, 980934.755249, 86687.699725, 0.103014, 10736.945619, 66391.872138, 3.550126, 559, 4390, 2550001, 222101639, 37051054, 261702694
30000, 30000, 0, 0, dp_15.000000, 1007905, 20013, 1251774.9606640001, inf, 173.41040462427745, 1019.3052032948696, 417323.067441, 485651.048276, 1.532053, 45284.852472, 303205.021736, 309.438686, 2595, 8390, 10350001, 92458194, 193731179, 296539374, 1019734, 12024, 1015373.4209879999, inf, 348.83720930232556, 1757.2195324224847, 615592.055634, 223957.543185, 0.401193, 21683.785403, 154102.847206, 36.788367, 1290, 6505, 5130001, 137993839, 91710752, 234834592, 995921, 5778, 1168782.8136729999, inf, 697.6744186046511, 3137.5558753177506, 980934.755249, 99795.842805, 0.102182, 10736.945619, 77310.386634, 4.781184, 645, 4079, 2550001, 222101639, 42985312, 267636952
30000, 30000, 0, 0, dp_17.000000, 1007782, 19890, 1360979.4230550001, inf, 173.41040462427745, 1019.3052032948696, 417323.067441, 552845.72129, 1.544797, 45284.852472, 345125.632296, 398.604759, 2941, 7268, 10350001, 92458194, 220279558, 323087753, 1019570, 11860, 1067862.1929799998, inf, 348.83720930232556, 1757.2195324224847, 615592.055634, 254150.982538, 0.396644, 21683.785403, 176387.641002, 47.331759, 1462, 5866, 5130001, 137993839, 104399536, 247523376, 995902, 5759, 1192046.483936, inf, 697.6744186046511, 3137.5558753177506, 980934.755249, 111675.668992, 0.108925, 10736.945619, 88693.082728, 5.922423, 731, 3839, 2550001, 222101639, 48542374, 273194014
30000, 30000, 0, 0, dp_19.000000, 1007715, 19823, 1471366.016078, inf, 173.41040462427745, 1019.3052032948696, 417323.067441, 617709.912038, 1.502798, 45284.852472, 390546.816045, 499.865284, 3287, 6292, 10350001, 92458194, 246694901, 349503096, 1019536, 11826, 1119222.2046319998, inf, 348.83720930232556, 1757.2195324224847, 615592.055634, 284454.868611, 0.396023, 21683.785403, 197431.519313, 59.579648, 1634, 5322, 5130001, 137993839, 117088320, 260212160, 995824, 5681, 1217188.319832, inf, 697.6744186046511, 3137.5558753177506, 980934.755249, 125551.925317, 0.110217, 10736.945619, 99957.073971, 7.509459, 817, 3620, 2550001, 222101639, 54476632, 279128272
30000, 30000, 0, 0, dp_21.000000, 1007651, 19759, 1579490.9886820002, inf, 173.41040462427745, 1019.3052032948696, 417323.067441, 683196.449507, 1.513358, 45284.852472, 433071.934482, 613.171422, 3633, 5463, 10350001, 92458194, 273192853, 376001048, 1019487, 11777, 1167472.182818, inf, 348.83720930232556, 1757.2195324224847, 615592.055634, 313278.924935, 0.397185, 21683.785403, 216843.478621, 73.54104, 1806, 4849, 5130001, 137993839, 129627334, 272751174, 995780, 5637, 1240812.320184, inf, 697.6744186046511, 3137.5558753177506, 980934.755249, 138094.347949, 0.103744, 10736.945619, 111037.083221, 9.084402, 903, 3417, 2550001, 222101639, 60172594, 284824234
30000, 30000, 0, 0, dp_23.000000, 1007614, 19722, 1689147.935292, inf, 173.41040462427745, 1019.3052032948696, 417323.067441, 748207.905132, 1.513448, 45284.852472, 477594.035064, 736.561735, 3979, 4777, 10350001, 92458194, 299758041, 402566236, 1019473, 11763, 1219565.261436, inf, 348.83720930232556, 1757.2195324224847, 615592.055634, 343701.639967, 0.397244, 21683.785403, 238498.530463, 88.852725, 1978, 4431, 5130001, 137993839, 142316118, 285439958, 995768, 5625, 1265195.850106, inf, 697.6744186046511, 3137.5558753177506, 980934.755249, 151629.258534, 0.108944, 10736.945619, 121883.775735, 11.006025, 989, 3229, 2550001, 222101639, 66106852, 290758492
30000, 30000, 0, 0, dp_25.000000, 1007574, 19682, 1789930.041314, inf, 173.41040462427745, 1019.3052032948696, 417323.067441, 807318.853751, 1.689318, 45284.852472, 519126.381732, 875.1966, 4325, 4190, 10350001, 92458194, 326143415, 428951610, 1019444, 11734, 1271904.764083, inf, 348.83720930232556, 1757.2195324224847, 615592.055634, 374192.406529, 0.400041, 21683.785403, 260330.462837, 105.653639, 2150, 4081, 5130001, 137993839, 155004902, 298128742, 995768, 5625, 1289509.2056420003, inf, 697.6744186046511, 3137.5558753177506, 980934.755249, 164016.87754, 0.109114, 10736.945619, 133807.582267, 12.935853, 1075, 3055, 2550001, 222101639, 71773846, 296425486
30000, 30000, 0, 0, dp_27.000000, 1007565, 19673, 1910607.919321, inf, 173.41040462427745, 1019.3052032948696, 417323.067441, 882915.710006, 1.495925, 45284.852472, 564064.738663, 1018.054814, 4671, 3676, 10350001, 92458194, 352571918, 455380113, 1019438, 11728, 1323224.965836, inf, 348.83720930232556, 1757.2195324224847, 615592.055634, 404152.770468, 0.39963, 21683.785403, 281672.336824, 123.617877, 2322, 3786, 5130001, 137993839, 167693686, 310817526, 995759, 5616, 1313403.473906, inf, 697.6744186046511, 3137.5558753177506, 980934.755249, 177916.078636, 0.105077, 10736.945619, 143800.189572, 15.399753, 1161, 2889, 2550001, 222101639, 77708104, 302359744
30000, 30000, 0, 0, dp_29.000000, 1007544, 19652, 2011375.7105790002, inf, 173.41040462427745, 1019.3052032948696, 417323.067441, 940607.254958, 1.548043, 45284.852472, 606981.24732, 1177.740345, 5017, 3223, 10350001, 92458194, 379137106, 481945301, 1019427, 11717, 1377378.17435, inf, 348.83720930232556, 1757.2195324224847, 615592.055634, 433646.316918, 0.401042, 21683.785403, 306312.811726, 142.803627, 2494, 3514, 5130001, 137993839, 180232700, 323356540, 995755, 5612, 1338352.234641, inf, 697.6744186046511, 3137.5558753177506, 980934.755249, 191420.172477, 0.110958, 10736.945619, 155242.780825, 17.469513, 1247, 2740, 2550001, 222101639, 83633146, 308284786
30000, 30000, 0, 0, dp_3.000000, 1010938, 23046, 605162.8473690001, inf, 173.41040462427745, 1019.3052032948696, 417323.067441, 98731.63267, 1.716278, 45284.852472, 43812.948445, 8.630063, 519, 25402, 10350001, 92458194, 34480385, 137288580, 1021711, 14001, 705258.287695, inf, 348.83720930232556, 1757.2195324224847, 615592.055634, 45966.083541, 0.400812, 21683.785403, 22014.699607, 1.262698, 258, 14677, 5130001, 137993839, 16395718, 159519558, 996905, 6762, 1023222.043855, inf, 697.6744186046511, 3137.5558753177506, 980934.755249, 20365.218039, 0.108333, 10736.945619, 11184.845233, 0.171382, 129, 7929, 2550001, 222101639, 7563424, 232215064
30000, 30000, 0, 0, dp_31.000000, 1007521, 19629, 2131871.8644700004, inf, 173.41040462427745, 1019.3052032948696, 417323.067441, 1013447.615902, 1.555757, 45284.852472, 654469.402569, 1345.370329, 5363, 2832, 10350001, 92458194, 405428924, 508237119, 1019417, 11707, 1428351.4240279999, inf, 348.83720930232556, 1757.2195324224847, 615592.055634, 463925.977145, 0.442259, 21683.785403, 326982.765027, 166.39856, 2666, 3273, 5130001, 137993839, 192921484, 336045324, 995753, 5610, 1360832.0692109999, inf, 697.6744186046511, 3137.5558753177506, 980934.755249, 203744.004643, 0.108413, 10736.945619, 165396.386417, 19.86887, 1333, 2597, 2550001, 222101639, 89355436, 314007076
30000, 30000, 0, 0, dp_33.000000, 1007492, 19600, 2238575.413013, inf, 173.41040462427745, 1019.3052032948696, 417323.067441, 1079457.605639, 1.640636, 45284.852472, 694981.481311, 1526.765514, 5709, 2487, 10350001, 92458194, 431977303, 534785498, 1019407, 11697, 1488918.464722, inf, 348.83720930232556, 1757.2195324224847, 615592.055634, 495464.39037, 0.39467, 21683.785403, 355990.149798, 187.688847, 2838, 3048, 5130001, 137993839, 205610268, 348734108, 995753, 5610, 1384463.703628, inf, 697.6744186046511, 3137.5558753177506, 980934.755249, 215820.159579, 0.103263, 10736.945619, 176949.217433, 22.522485, 1419, 2460, 2550001, 222101639, 94933069, 319584709
30000, 30000, 0, 0, dp_35.000000, 1007485, 19593, 2346263.554027, inf, 173.41040462427745, 1019.3052032948696, 417323.067441, 1140862.08179, 1.518908, 45284.852472, 741076.585674, 1715.447742, 6055, 2207, 10350001, 92458194, 457600292, 560408487, 1019392, 11682, 1535142.398952, inf, 348.83720930232556, 1757.2195324224847, 615592.055634, 525928.159886, 0.397305, 21683.785403, 371728.689028, 209.311696, 3010, 2844, 5130001, 137993839, 218299052, 361422892, 995712, 5569, 1409402.813686, inf, 697.6744186046511, 3137.5558753177506, 980934.755249, 229430.883309, 0.104936, 10736.945619, 188274.452002, 25.672571, 1505, 2330, 2550001, 222101639, 100867327, 325518967
30000, 30000, 0, 0, dp_37.000000, 1007459, 19567, 2447572.460578, inf, 173.41040462427745, 1019.3052032948696, 417323.067441, 1200869.195797, 1.515001, 45284.852472, 782170.948794, 1922.881073, 6401, 1952, 10350001, 92458194, 484148671, 586956866, 1019390, 11680, 1589893.6722539999, inf, 348.83720930232556, 1757.2195324224847, 615592.055634, 559625.222705, 0.396514, 21683.785403, 392757.88308, 234.328918, 3182, 2653, 5130001, 137993839, 230987836, 374111676, 995711, 5568, 1433341.6350600002, inf, 697.6744186046511, 3137.5558753177506, 980934.755249, 242962.857668, 0.10149, 10736.945619, 198678.357422, 28.617612, 1591, 2218, 2550001, 222101639, 106801585, 331453225
30000, 30000, 0, 0, dp_39.000000, 1007456, 19564, 2553934.6553240004, inf, 173.41040462427745, 1019.3052032948696, 417323.067441, 1263415.131201, 1.480086, 45284.852472, 825776.959258, 2133.164866, 6747, 1733, 10350001, 92458194, 510071350, 612879545, 1019380, 11670, 1638272.8281969998, inf, 348.83720930232556, 1757.2195324224847, 615592.055634, 581984.964981, 0.401924, 21683.785403, 418750.896021, 260.724234, 3354, 2476, 5130001, 137993839, 243227310, 386351150, 995710, 5567, 1457717.738097, inf, 697.6744186046511, 3137.5558753177506, 980934.755249, 255696.879227, 0.103374, 10736.945619, 210317.360156, 31.694472, 1677, 2112, 2550001, 222101639, 112488331, 337139971
30000, 30000, 0, 0, dp_5.000000, 1009453, 21561, 712970.5760429999, inf, 173.41040462427745, 1019.3052032948696, 417323.067441, 163459.263414, 1.672897, 45284.852472, 86872.601871, 29.117948, 865, 19604, 10350001, 92458194, 61045573, 163853768, 1020967, 13257, 757269.9567099998, inf, 348.83720930232556, 1757.2195324224847, 615592.055634, 76042.267222, 0.403987, 21683.785403, 43947.793447, 3.651017, 430, 11822, 5130001, 137993839, 29054548, 172178388, 996484, 6341, 1047570.2071240002, inf, 697.6744186046511, 3137.5558753177506, 980934.755249, 33642.448667, 0.100909, 10736.945619, 22255.469797, 0.486883, 215, 6478, 2550001, 222101639, 13467895, 238119535
30000, 30000, 0, 0, dp_7.000000, 1008810, 20918, 821495.5086650001, inf, 173.41040462427745, 1019.3052032948696, 417323.067441, 228593.117283, 1.499723, 45284.852472, 130231.975445, 60.996301, 1211, 16016, 10350001, 92458194, 87504045, 190312240, 1020473, 12763, 809679.4644699999, inf, 348.83720930232556, 1757.2195324224847, 615592.055634, 106002.42122, 0.395602, 21683.785403, 66393.237586, 7.569025, 602, 10144, 5130001, 137993839, 41618970, 184742810, 996244, 6101, 1071701.778084, inf, 697.6744186046511, 3137.5558753177506, 980934.755249, 46621.751271, 0.102082, 10736.945619, 33407.067976, 1.155887, 301, 5706, 2550001, 222101639, 19342579, 243994219
30000, 30000, 0, 0, dp_9.000000, 1008305, 20413, 928725.323349, inf, 173.41040462427745, 1019.3052032948696, 417323.067441, 292005.244061, 1.32772, 45284.852472, 174005.876347, 104.955308, 1557, 13401, 10350001, 92458194, 114069233, 216877428, 1020133, 12423, 860237.571011, inf, 348.83720930232556, 1757.2195324224847, 615592.055634, 134945.217536, 0.394249, 21683.785403, 88003.451085, 12.667104, 774, 8961, 5130001, 137993839, 54107348, 197231188, 996064, 5921, 1095534.293857, inf, 697.6744186046511, 3137.5558753177506, 980934.755249, 59622.274009, 0.107401, 10736.945619, 44238.40881, 1.802769, 387, 5149, 2550001, 222101639, 25200970, 249852610
30000, 30000, 0, 0, fixed_reps_1, 1015833, 27941, 497340.105599, inf, 173.41040462427745, 1019.3052032948696, 417323.067441, 34561.03384, 1.472632, 45284.852472, 169.679214, 0, 173, 43767, 10350001, 92458194, 8075989, 110884184, 1024224, 16514, 653484.7175339998, inf, 348.83720930232556, 1757.2195324224847, 615592.055634, 16036.098134, 0.377548, 21683.785403, 172.400815, 0, 86, 24964, 5130001, 137993839, 3750706, 146874546, 998954, 8811, 998891.810562, inf, 697.6744186046511, 3137.5558753177506, 980934.755249, 7052.673732, 0.094708, 10736.945619, 167.341254, 0, 43, 13814, 2550001, 222101639, 1668169, 226319809
30000, 30000, 0, 0, fixed_reps_11, 1008455, 20563, 822232.9533599999, inf, 173.41040462427745, 1019.3052032948696, 417323.067441, 358215.108985, 1.495564, 45284.852472, 1408.428898, 0, 1903, 17033, 10350001, 92458194, 88834149, 191642344, 1019921, 12211, 804575.5413089999, inf, 348.83720930232556, 1757.2195324224847, 615592.055634, 165870.06483, 0.4, 21683.785403, 1429.235442, 0, 946, 10776, 5130001, 137993839, 41256906, 184380746, 996037, 5894, 1065441.070133, inf, 697.6744186046511, 3137.5558753177506, 980934.755249, 72336.190019, 0.102181, 10736.945619, 1433.077065, 0, 473, 5897, 2550001, 222101639, 18349429, 243001069
30000, 30000, 0, 0, fixed_reps_13, 1008252, 20360, 885786.3974840001, inf, 173.41040462427745, 1019.3052032948696, 417323.067441, 421511.108457, 1.65347, 45284.852472, 1665.715644, 0, 2249, 15394, 10350001, 92458194, 104985781, 207793976, 1019806, 12096, 833337.2775029999, inf, 348.83720930232556, 1757.2195324224847, 615592.055634, 194365.520172, 0.39479, 21683.785403, 1695.521504, 0, 1118, 9801, 5130001, 137993839, 48758146, 191881986, 996036, 5893, 1078787.104834, inf, 697.6744186046511, 3137.5558753177506, 980934.755249, 85418.569459, 0.103694, 10736.945619, 1696.730813, 0, 559, 5649, 2550001, 222101639, 21685681, 246337321
30000, 30000, 0, 0, fixed_reps_15, 1008176, 20284, 954307.6930060001, inf, 173.41040462427745, 1019.3052032948696, 417323.067441, 489773.797946, 1.48241, 45284.852472, 1924.492737, 0, 2595, 13960, 10350001, 92458194, 121137413, 223945608, 1019696, 11986, 862706.4305060001, inf, 348.83720930232556, 1757.2195324224847, 615592.055634, 223494.629911, 0.401042, 21683.785403, 1935.558516, 0, 1290, 9168, 5130001, 137993839, 56259386, 199383226, 996012, 5869, 1091706.6803640001, inf, 697.6744186046511, 3137.5558753177506, 980934.755249, 98084.760222, 0.108614, 10736.945619, 1950.11066, 0, 645, 5328, 2550001, 222101639, 25021933, 249673573
30000, 30000, 0, 0, fixed_reps_17, 1008041, 20149, 1013917.922596, inf, 173.41040462427745, 1019.3052032948696, 417323.067441, 549145.95595, 1.490666, 45284.852472, 2162.556067, 0, 2941, 12925, 10350001, 92458194, 137289045, 240097240, 1019654, 11944, 893169.513446, inf, 348.83720930232556, 1757.2195324224847, 615592.055634, 253689.828573, 0.408856, 21683.785403, 2203.43498, 0, 1462, 8538, 5130001, 137993839, 63760626, 206884466, 995942, 5799, 1105340.6813210002, inf, 697.6744186046511, 3137.5558753177506, 980934.755249, 111457.967534, 0.102322, 10736.945619, 2210.910597, 0, 731, 5091, 2550001, 222101639, 28358185, 253009825
30000, 30000, 0, 0, fixed_reps_19, 1008015, 20123, 1082536.324084, inf, 173.41040462427745, 1019.3052032948696, 417323.067441, 617502.125825, 1.50372, 45284.852472, 2424.774626, 0, 3287, 11955, 10350001, 92458194, 153440677, 256248872, 1019647, 11937, 925242.9197229999, inf, 348.83720930232556, 1757.2195324224847, 615592.055634, 285487.046859, 0.396504, 21683.785403, 2479.635323, 0, 1634, 8058, 5130001, 137993839, 71261866, 214385706, 995917, 5774, 1118260.1309780001, inf, 697.6744186046511, 3137.5558753177506, 980934.755249, 124120.906602, 0.103605, 10736.945619, 2467.419903, 0, 817, 4844, 2550001, 222101639, 31694437, 256346077
30000, 30000, 0, 0, fixed_reps_21, 1007975, 20083, 1143789.376896, inf, 173.41040462427745, 1019.3052032948696, 417323.067441, 678520.181287, 1.630788, 45284.852472, 2659.644908, 0, 3633, 11173, 10350001, 92458194, 169592309, 272400504, 1019611, 11901, 953019.5304399999, inf, 348.83720930232556, 1757.2195324224847, 615592.055634, 312998.287653, 0.40003, 21683.785403, 2745.00172, 0, 1806, 7685, 5130001, 137993839, 78763106, 221886946, 995875, 5732, 1131384.660327, inf, 697.6744186046511, 3137.5558753177506, 980934.755249, 137002.390278, 0.109686, 10736.945619, 2710.459495, 0, 903, 4688, 2550001, 222101639, 35030689, 259682329
30000, 30000, 0, 0, fixed_reps_23, 1007959, 20067, 1209397.9455890001, inf, 173.41040462427745, 1019.3052032948696, 417323.067441, 743866.029379, 1.484634, 45284.852472, 2922.511663, 0, 3979, 10496, 10350001, 92458194, 185743941, 288552136, 1019585, 11875, 985187.837416, inf, 348.83720930232556, 1757.2195324224847, 615592.055634, 344936.615711, 0.402915, 21683.785403, 2974.977753, 0, 1978, 7394, 5130001, 137993839, 86264346, 229388186, 995875, 5732, 1144714.8288890002, inf, 697.6744186046511, 3137.5558753177506, 980934.755249, 150065.555191, 0.107551, 10736.945619, 2977.465279, 0, 989, 4567, 2550001, 222101639, 38366941, 263018581
30000, 30000, 0, 0, fixed_reps_25, 1007930, 20038, 1274816.566103, inf, 173.41040462427745, 1019.3052032948696, 417323.067441, 809039.699941, 1.511234, 45284.852472, 3167.435015, 0, 4325, 9893, 10350001, 92458194, 201895573, 304703768, 1019567, 11857, 1015400.447799, inf, 348.83720930232556, 1757.2195324224847, 615592.055634, 374891.382691, 0.388869, 21683.785403, 3232.835202, 0, 2150, 7047, 5130001, 137993839, 93765586, 236889426, 995845, 5702, 1157899.946229, inf, 697.6744186046511, 3137.5558753177506, 980934.755249, 162999.801362, 0.109315, 10736.945619, 3228.334684, 0, 1075, 4442, 2550001, 222101639, 41703193, 266354833
30000, 30000, 0, 0, fixed_reps_27, 1007880, 19988, 1338163.9163799998, inf, 173.41040462427745, 1019.3052032948696, 417323.067441, 872143.356607, 1.490876, 45284.852472, 3411.148984, 0, 4671, 9196, 10350001, 92458194, 218047205, 320855400, 1019561, 11851, 1045386.9013039999, inf, 348.83720930232556, 1757.2195324224847, 615592.055634, 404634.922393, 0.391414, 21683.785403, 3475.74646, 0, 2322, 6723, 5130001, 137993839, 101266826, 244390666, 995845, 5702, 1170559.335549, inf, 697.6744186046511, 3137.5558753177506, 980934.755249, 175399.67244, 0.107872, 10736.945619, 3487.854369, 0, 1161, 4290, 2550001, 222101639, 45039445, 269691085
30000, 30000, 0, 0, fixed_reps_29, 1007861, 19969, 1402016.387075, inf, 173.41040462427745, 1019.3052032948696, 417323.067441, 935745.586381, 1.496146, 45284.852472, 3661.384635, 0, 5017, 8552, 10350001, 92458194, 234198837, 337007032, 1019524, 11814, 1072715.2817969997, inf, 348.83720930232556, 1757.2195324224847, 615592.055634, 431720.700869, 0.395992, 21683.785403, 3718.343899, 0, 2494, 6444, 5130001, 137993839, 108768066, 251891906, 995814, 5671, 1183815.250063, inf, 697.6744186046511, 3137.5558753177506, 980934.755249, 188423.725702, 0.10671, 10736.945619, 3719.716783, 0, 1247, 4161, 2550001, 222101639, 48375697, 273027337
30000, 30000, 0, 0, fixed_reps_3, 1010724, 22832, 562429.635611, inf, 173.41040462427745, 1019.3052032948696, 417323.067441, 99421.09572, 1.47198, 45284.852472, 399.147998, 0, 519, 31299, 10350001, 92458194, 24227621, 127035816, 1021456, 13746, 683781.655939, inf, 348.83720930232556, 1757.2195324224847, 615592.055634, 46098.103393, 0.401242, 21683.785403, 407.310267, 0, 258, 17914, 5130001, 137993839, 11251946, 154375786, 996881, 6738, 1012277.431228, inf, 697.6744186046511, 3137.5558753177506, 980934.755249, 20210.282774, 0.105948, 10736.945619, 395.341638, 0, 129, 10429, 2550001, 222101639, 5004421, 229656061
30000, 30000, 0, 0, fixed_reps_31, 1007843, 19951, 1466796.061194, inf, 173.41040462427745, 1019.3052032948696, 417323.067441, 1000277.05018, 1.479965, 45284.852472, 3909.611136, 0, 5363, 7956, 10350001, 92458194, 250350469, 353158664, 1019523, 11813, 1102187.0702820001, inf, 348.83720930232556, 1757.2195324224847, 615592.055634, 460938.005255, 0.396504, 21683.785403, 3972.827486, 0, 2666, 6188, 5130001, 137993839, 116269306, 259393146, 995782, 5639, 1197008.9893, inf, 697.6744186046511, 3137.5558753177506, 980934.755249, 201323.990818, 0.104846, 10736.945619, 4013.192768, 0, 1333, 4000, 2550001, 222101639, 51711949, 276363589
30000, 30000, 0, 0, fixed_reps_33, 1007835, 19943, 1530901.130113, inf, 173.41040462427745, 1019.3052032948696, 417323.067441, 1064103.444818, 1.491317, 45284.852472, 4188.274065, 0, 5709, 7544, 10350001, 92458194, 266502101, 369310296, 1019496, 11786, 1132378.1738109998, inf, 348.83720930232556, 1757.2195324224847, 615592.055634, 490862.161541, 0.400922, 21683.785403, 4239.770311, 0, 2838, 5922, 5130001, 137993839, 123770546, 266894386, 995776, 5633, 1211842.7278780001, inf, 697.6744186046511, 3137.5558753177506, 980934.755249, 215915.759744, 0.110597, 10736.945619, 4255.156669, 0, 1419, 3880, 2550001, 222101639, 55048201, 279699841
30000, 30000, 0, 0, fixed_reps_35, 1007799, 19907, 1595396.1970650002, inf, 173.41040462427745, 1019.3052032948696, 417323.067441, 1128369.381523, 1.458054, 45284.852472, 4417.437575, 0, 6055, 7136, 10350001, 92458194, 282653733, 385461928, 1019496, 11786, 1166583.881043, inf, 348.83720930232556, 1757.2195324224847, 615592.055634, 524752.990608, 0.421551, 21683.785403, 4554.627847, 0, 3010, 5734, 5130001, 137993839, 131271786, 274395626, 995769, 5626, 1224283.9052940002, inf, 697.6744186046511, 3137.5558753177506, 980934.755249, 228080.088854, 0.103183, 10736.945619, 4532.012389, 0, 1505, 3789, 2550001, 222101639, 58384453, 283036093
30000, 30000, 0, 0, fixed_reps_37, 1007795, 19903, 1656170.24068, inf, 173.41040462427745, 1019.3052032948696, 417323.067441, 1188866.263148, 1.506916, 45284.852472, 4694.550703, 0, 6401, 6753, 10350001, 92458194, 298805365, 401613560, 1019490, 11780, 1192654.189426, inf, 348.83720930232556, 1757.2195324224847, 615592.055634, 550598.196766, 0.407334, 21683.785403, 4779.744289, 0, 3182, 5463, 5130001, 137993839, 138773026, 281896866, 995769, 5626, 1238756.964572, inf, 697.6744186046511, 3137.5558753177506, 980934.755249, 242313.734003, 0.110718, 10736.945619, 4771.418983, 0, 1591, 3692, 2550001, 222101639, 61720705, 286372345
30000, 30000, 0, 0, fixed_reps_39, 1007766, 19874, 1727143.945008, inf, 173.41040462427745, 1019.3052032948696, 417323.067441, 1259617.696538, 1.501586, 45284.852472, 4916.826971, 0, 6747, 6405, 10350001, 92458194, 314956997, 417765192, 1019490, 11780, 1226247.733915, inf, 348.83720930232556, 1757.2195324224847, 615592.055634, 583931.842014, 0.396754, 21683.785403, 5039.65411, 0, 3354, 5249, 5130001, 137993839, 146274266, 289398106, 995769, 5626, 1251300.957429, inf, 697.6744186046511, 3137.5558753177506, 980934.755249, 254569.734049, 0.109185, 10736.945619, 5059.413327, 0, 1677, 3585, 2550001, 222101639, 65056957, 289708597
30000, 30000, 0, 0, fixed_reps_41, 1007716, 19824, 1791805.6422610001, inf, 173.41040462427745, 1019.3052032948696, 417323.067441, 1323966.695561, 1.472952, 45284.852472, 5229.553835, 0, 7093, 6106, 10350001, 92458194, 331108629, 433916824, 1019487, 11777, 1251517.072018, inf, 348.83720930232556, 1757.2195324224847, 615592.055634, 609012.088049, 0.399649, 21683.785403, 5228.743283, 0, 3526, 5061, 5130001, 137993839, 153775506, 296899346, 995769, 5626, 1265379.816017, inf, 697.6744186046511, 3137.5558753177506, 980934.755249, 268333.607289, 0.103654, 10736.945619, 5374.404206, 0, 1763, 3502, 2550001, 222101639, 68393209, 293044849
30000, 30000, 0, 0, fixed_reps_5, 1009440, 21548, 626697.198323, inf, 173.41040462427745, 1019.3052032948696, 417323.067441, 163436.335941, 1.496747, 45284.852472, 651.445722, 0, 865, 25569, 10350001, 92458194, 40379253, 143187448, 1020670, 12960, 713433.1866400001, inf, 348.83720930232556, 1757.2195324224847, 615592.055634, 75493.91682, 0.39453, 21683.785403, 663.034253, 0, 430, 14572, 5130001, 137993839, 18753186, 161877026, 996364, 6221, 1025592.582912, inf, 697.6744186046511, 3137.5558753177506, 980934.755249, 33270.578798, 0.102523, 10736.945619, 650.200723, 0, 215, 8328, 2550001, 222101639, 8340673, 232992313
30000, 30000, 0, 0, fixed_reps_7, 1009036, 21144, 691680.141856, inf, 173.41040462427745, 1019.3052032948696, 417323.067441, 228173.235841, 1.479004, 45284.852472, 897.507098, 0, 1211, 21381, 10350001, 92458194, 56530885, 159339080, 1020357, 12647, 743179.0916299998, inf, 348.83720930232556, 1757.2195324224847, 615592.055634, 104988.30436, 0.400251, 21683.785403, 914.545982, 0, 602, 12831, 5130001, 137993839, 26254426, 169378266, 996164, 6021, 1038844.1321330001, inf, 697.6744186046511, 3137.5558753177506, 980934.755249, 46250.595714, 0.109024, 10736.945619, 921.726527, 0, 301, 7169, 2550001, 222101639, 11676925, 236328565
30000, 30000, 0, 0, fixed_reps_9, 1008735, 20843, 758632.121915, inf, 173.41040462427745, 1019.3052032948696, 417323.067441, 294862.361683, 1.511364, 45284.852472, 1160.328955, 0, 1557, 18750, 10350001, 92458194, 72682517, 175490712, 1020070, 12360, 773145.402477, inf, 348.83720930232556, 1757.2195324224847, 615592.055634, 134697.815669, 0.391174, 21683.785403, 1171.354597, 0, 774, 11788, 5130001, 137993839, 33755666, 176879506, 996060, 5917, 1052234.3029810002, inf, 697.6744186046511, 3137.5558753177506, 980934.755249, 59351.507866, 0.102783, 10736.945619, 1210.991464, 0, 387, 6472, 2550001, 222101639, 15013177, 239664817
30000, 30000, 0, 0, greedy_1.000000, 1015833, 27941, 497355.815321, inf, 173.41040462427745, 1019.3052032948696, 417323.067441, 34600.946502, 1.64242, 45284.852472, 145.295956, 0.01053, 173, 43767, 10350001, 92458194, 8075989, 110884184, 1024224, 16514, 653445.165256, inf, 348.83720930232556, 1757.2195324224847, 615592.055634, 16022.279695, 0.38966, 21683.785403, 146.649314, 0.00555, 86, 24964, 5130001, 137993839, 3750706, 146874546, 998954, 8811, 998952.513975, inf, 697.6744186046511, 3137.5558753177506, 980934.755249, 7126.8546, 0.105227, 10736.945619, 153.850124, 0.003156, 43, 13814, 2550001, 222101639, 1668169, 226319809
30000, 30000, 0, 0, greedy_11.000000, 1008252, 20360, 1021999.830979, inf, 173.41040462427745, 1019.3052032948696, 417323.067441, 342157.478705, 1.470948, 45284.852472, 217232.487594, 0.473819, 1903, 13925, 10350001, 92458194, 136813762, 239621957, 1019784, 12074, 906817.1282149999, inf, 348.83720930232556, 1757.2195324224847, 615592.055634, 159497.161823, 0.400942, 21683.785403, 110043.539035, 0.185378, 946, 9205, 5130001, 137993839, 65088754, 208212594, 995963, 5820, 1114445.3461590002, inf, 697.6744186046511, 3137.5558753177506, 980934.755249, 62821.478457, 0.103695, 10736.945619, 59951.987767, 0.075372, 473, 5622, 2550001, 222101639, 28550836, 253202476
30000, 30000, 0, 0, greedy_13.000000, 1008224, 20332, 1089215.3785839998, inf, 173.41040462427745, 1019.3052032948696, 417323.067441, 366234.072089, 1.529799, 45284.852472, 260371.32747, 0.529313, 2249, 13844, 10350001, 92458194, 153009676, 255817871, 1019764, 12054, 936011.2669309999, inf, 348.83720930232556, 1757.2195324224847, 615592.055634, 167464.589776, 0.400792, 21683.785403, 131270.220954, 0.214372, 1118, 9137, 5130001, 137993839, 72625450, 215749290, 995936, 5793, 1124215.2436519999, inf, 697.6744186046511, 3137.5558753177506, 980934.755249, 66151.477574, 0.104075, 10736.945619, 66391.872138, 0.088997, 559, 5595, 2550001, 222101639, 31923412, 256575052
30000, 30000, 0, 0, greedy_15.000000, 1008186, 20294, 1154550.963179, inf, 173.41040462427745, 1019.3052032948696, 417323.067441, 388735.924748, 1.481268, 45284.852472, 303205.021736, 0.615514, 2595, 13808, 10350001, 92458194, 169205590, 272013785, 1019749, 12039, 969345.2951989999, inf, 348.83720930232556, 1757.2195324224847, 615592.055634, 177966.027339, 0.348363, 21683.785403, 154102.847206, 0.231254, 1290, 9101, 5130001, 137993839, 80162146, 223285986, 995909, 5766, 1138515.412736, inf, 697.6744186046511, 3137.5558753177506, 980934.755249, 69533.127143, 0.105768, 10736.945619, 77310.386634, 0.092323, 645, 5573, 2550001, 222101639, 35295988, 259947628
30000, 30000, 0, 0, greedy_17.000000, 1008141, 20249, 1219721.242539, inf, 173.41040462427745, 1019.3052032948696, 417323.067441, 411985.290449, 1.696271, 45284.852472, 345125.632296, 0.70361, 2941, 13784, 10350001, 92458194, 185401504, 288209699, 1019749, 12039, 1001168.9993099999, inf, 348.83720930232556, 1757.2195324224847, 615592.055634, 187504.875608, 0.396494, 21683.785403, 176387.641002, 0.245169, 1462, 9077, 5130001, 137993839, 87698842, 230822682, 995909, 5766, 1153373.264669, inf, 697.6744186046511, 3137.5558753177506, 980934.755249, 73008.262824, 0.113863, 10736.945619, 88693.082728, 0.104386, 731, 5558, 2550001, 222101639, 38668564, 263320204
30000, 30000, 0, 0, greedy_19.000000, 1008113, 20221, 1288237.8932279998, inf, 173.41040462427745, 1019.3052032948696, 417323.067441, 435080.893364, 1.476259, 45284.852472, 390546.816045, 0.787647, 3287, 13768, 10350001, 92458194, 201597418, 304405613, 1019749, 12039, 1031841.3788000001, inf, 348.83720930232556, 1757.2195324224847, 615592.055634, 197133.343865, 0.395822, 21683.785403, 197431.519313, 0.278763, 1634, 9060, 5130001, 137993839, 95235538, 238359378, 995909, 5766, 1167342.259746, inf, 697.6744186046511, 3137.5558753177506, 980934.755249, 75713.254695, 0.113213, 10736.945619, 99957.073971, 0.116999, 817, 5546, 2550001, 222101639, 42041140, 266692780
30000, 30000, 0, 0, greedy_21.000000, 1008077, 20185, 1357709.045874, inf, 173.41040462427745, 1019.3052032948696, 417323.067441, 462026.637348, 1.708004, 45284.852472, 433071.934482, 0.846127, 3633, 13754, 10350001, 92458194, 217793332, 320601527, 1019749, 12039, 1061387.928881, inf, 348.83720930232556, 1757.2195324224847, 615592.055634, 207267.927666, 0.38962, 21683.785403, 216843.478621, 0.291937, 1806, 9046, 5130001, 137993839, 102772234, 245896074, 995909, 5766, 1181684.248781, inf, 697.6744186046511, 3137.5558753177506, 980934.755249, 78975.245139, 0.107302, 10736.945619, 111037.083221, 0.112251, 903, 5536, 2550001, 222101639, 45413716, 270065356
30000, 30000, 0, 0, greedy_23.000000, 1008017, 20125, 1429407.248789, inf, 173.41040462427745, 1019.3052032948696, 417323.067441, 489202.82356, 1.513488, 45284.852472, 477594.035064, 0.956764, 3979, 13743, 10350001, 92458194, 233989246, 336797441, 1019749, 12039, 1090677.2126959998, inf, 348.83720930232556, 1757.2195324224847, 615592.055634, 214902.111858, 0.396053, 21683.785403, 238498.530463, 0.333285, 1978, 9035, 5130001, 137993839, 110308930, 253432770, 995876, 5733, 1195849.463024, inf, 697.6744186046511, 3137.5558753177506, 980934.755249, 82293.78335, 0.087033, 10736.945619, 121883.775735, 0.116038, 989, 5526, 2550001, 222101639, 48786292, 273437932
30000, 30000, 0, 0, greedy_25.000000, 1008012, 20120, 1495119.3480119999, inf, 173.41040462427745, 1019.3052032948696, 417323.067441, 513382.528286, 1.510903, 45284.852472, 519126.381732, 1.007178, 4325, 13736, 10350001, 92458194, 250185160, 352993355, 1019722, 12012, 1122078.881244, inf, 348.83720930232556, 1757.2195324224847, 615592.055634, 224471.869052, 0.391985, 21683.785403, 260330.462837, 0.316333, 2150, 9025, 5130001, 137993839, 117845626, 260969466, 995876, 5733, 1210852.989983, inf, 697.6744186046511, 3137.5558753177506, 980934.755249, 85373.48401, 0.107201, 10736.945619, 133807.582267, 0.115637, 1075, 5517, 2550001, 222101639, 52158868, 276810508
30000, 30000, 0, 0, greedy_27.000000, 1007994, 20102, 1569139.779374, inf, 173.41040462427745, 1019.3052032948696, 417323.067441, 542464.538555, 1.511685, 45284.852472, 564064.738663, 1.070558, 4671, 13731, 10350001, 92458194, 266381074, 369189269, 1019704, 11994, 1153889.384714, inf, 348.83720930232556, 1757.2195324224847, 615592.055634, 234940.436749, 0.403036, 21683.785403, 281672.336824, 0.367068, 2322, 9017, 5130001, 137993839, 125382322, 268506162, 995876, 5733, 1224445.73324, inf, 697.6744186046511, 3137.5558753177506, 980934.755249, 88973.588263, 0.126868, 10736.945619, 143800.189572, 0.127669, 1161, 5510, 2550001, 222101639, 55531444, 280183084
30000, 30000, 0, 0, greedy_29.000000, 1007971, 20079, 1635672.316485, inf, 173.41040462427745, 1019.3052032948696, 417323.067441, 566080.485718, 1.525971, 45284.852472, 606981.24732, 1.137563, 5017, 13728, 10350001, 92458194, 282576988, 385385183, 1019704, 11994, 1188214.076279, inf, 348.83720930232556, 1757.2195324224847, 615592.055634, 244624.632623, 0.394499, 21683.785403, 306312.811726, 0.396394, 2494, 9010, 5130001, 137993839, 132919018, 276042858, 995876, 5733, 1238962.8525730004, inf, 697.6744186046511, 3137.5558753177506, 980934.755249, 92048.131311, 0.103915, 10736.945619, 155242.780825, 0.135654, 1247, 5503, 2550001, 222101639, 58904020, 283555660
30000, 30000, 0, 0, greedy_3.000000, 1010678, 22786, 605058.152077, inf, 173.41040462427745, 1019.3052032948696, 417323.067441, 98635.666156, 1.497107, 45284.852472, 43812.948445, 0.120456, 519, 27640, 10350001, 92458194, 34433607, 137241802, 1021462, 13752, 705114.915947, inf, 348.83720930232556, 1757.2195324224847, 615592.055634, 45823.927723, 0.395332, 21683.785403, 22014.699607, 0.052248, 258, 15679, 5130001, 137993839, 16365764, 159489604, 996970, 6827, 1022790.8804200001, inf, 697.6744186046511, 3137.5558753177506, 980934.755249, 19934.2012, 0.107231, 10736.945619, 11184.845233, 0.025888, 129, 8934, 2550001, 222101639, 7474063, 232125703
30000, 30000, 0, 0, greedy_31.000000, 1007968, 20076, 1708246.8293430002, inf, 173.41040462427745, 1019.3052032948696, 417323.067441, 591166.850891, 1.470928, 45284.852472, 654469.402569, 1.185042, 5363, 13726, 10350001, 92458194, 298772902, 401581097, 1019701, 11991, 1220588.0561489998, inf, 348.83720930232556, 1757.2195324224847, 615592.055634, 256328.419412, 0.419727, 21683.785403, 326982.765027, 0.610946, 2666, 9003, 5130001, 137993839, 140455714, 283579554, 995876, 5733, 1252318.8438590001, inf, 697.6744186046511, 3137.5558753177506, 980934.755249, 95250.504892, 0.115156, 10736.945619, 165396.386417, 0.136526, 1333, 5497, 2550001, 222101639, 62276596, 286928236
30000, 30000, 0, 0, greedy_33.000000, 1007966, 20074, 1773536.556639, inf, 173.41040462427745, 1019.3052032948696, 417323.067441, 615944.3954, 1.487008, 45284.852472, 694981.481311, 1.273007, 5709, 13724, 10350001, 92458194, 314968816, 417777011, 1019701, 11991, 1260633.565088, inf, 348.83720930232556, 1757.2195324224847, 615592.055634, 267366.688062, 0.394289, 21683.785403, 355990.149798, 0.491902, 2838, 8997, 5130001, 137993839, 147992410, 291116250, 995876, 5733, 1267063.9941500002, inf, 697.6744186046511, 3137.5558753177506, 980934.755249, 98442.826532, 0.105046, 10736.945619, 176949.217433, 0.144271, 1419, 5489, 2550001, 222101639, 65649172, 290300812
30000, 30000, 0, 0, greedy_35.000000, 1007966, 20074, 1845979.9847699997, inf, 173.41040462427745, 1019.3052032948696, 417323.067441, 642292.60402, 1.49283, 45284.852472, 741076.585674, 1.382333, 6055, 13723, 10350001, 92458194, 331164730, 433972925, 1019696, 11986, 1287714.987462, inf, 348.83720930232556, 1757.2195324224847, 615592.055634, 278709.392952, 0.401823, 21683.785403, 371728.689028, 0.662622, 3010, 8992, 5130001, 137993839, 155529106, 298652946, 995873, 5730, 1282015.8621870002, inf, 697.6744186046511, 3137.5558753177506, 980934.755249, 102069.454439, 0.100579, 10736.945619, 188274.452002, 0.154299, 1505, 5484, 2550001, 222101639, 69021748, 293673388
30000, 30000, 0, 0, greedy_37.000000, 1007965, 20073, 1912640.232783, inf, 173.41040462427745, 1019.3052032948696, 417323.067441, 667858.296313, 1.666826, 45284.852472, 782170.948794, 1.400937, 6401, 13722, 10350001, 92458194, 347360644, 450168839, 1019696, 11986, 1313806.032166, inf, 348.83720930232556, 1757.2195324224847, 615592.055634, 283771.420285, 0.407143, 21683.785403, 392757.88308, 0.480621, 3182, 8987, 5130001, 137993839, 163065802, 306189642, 995872, 5729, 1295183.063303, inf, 697.6744186046511, 3137.5558753177506, 980934.755249, 104832.74785, 0.1065, 10736.945619, 198678.357422, 0.150663, 1591, 5479, 2550001, 222101639, 72394324, 297045964
30000, 30000, 0, 0, greedy_39.000000, 1007965, 20073, 1988056.763487, inf, 173.41040462427745, 1019.3052032948696, 417323.067441, 699668.758845, 1.617193, 45284.852472, 825776.959258, 1.508278, 6747, 13722, 10350001, 92458194, 363556558, 466364753, 1019696, 11986, 1352275.77934, inf, 348.83720930232556, 1757.2195324224847, 615592.055634, 296248.119111, 0.404178, 21683.785403, 418750.896021, 0.518993, 3354, 8982, 5130001, 137993839, 170602498, 313726338, 995872, 5729, 1310107.434697, inf, 697.6744186046511, 3137.5558753177506, 980934.755249, 108118.114918, 0.103444, 10736.945619, 210317.360156, 0.155311, 1677, 5474, 2550001, 222101639, 75766900, 300418540
30000, 30000, 0, 0, greedy_5.000000, 1009435, 21543, 712046.858392, inf, 173.41040462427745, 1019.3052032948696, 417323.067441, 162564.612936, 1.502657, 45284.852472, 86872.601871, 0.221015, 865, 21961, 10350001, 92458194, 60922048, 163730243, 1020743, 13033, 756730.953226, inf, 348.83720930232556, 1757.2195324224847, 615592.055634, 75506.808556, 0.401723, 21683.785403, 43947.793447, 0.108463, 430, 12730, 5130001, 137993839, 29026912, 172150752, 996304, 6161, 1047149.7582650001, inf, 697.6744186046511, 3137.5558753177506, 980934.755249, 33222.44881, 0.104546, 10736.945619, 22255.469797, 0.034244, 215, 6942, 2550001, 222101639, 13378534, 238030174
30000, 30000, 0, 0, greedy_7.000000, 1008717, 20825, 819509.297493, inf, 173.41040462427745, 1019.3052032948696, 417323.067441, 226667.545173, 1.535429, 45284.852472, 130231.975445, 0.321533, 1211, 18002, 10350001, 92458194, 87453618, 190261813, 1020364, 12654, 808695.3639469999, inf, 348.83720930232556, 1757.2195324224847, 615592.055634, 105025.753908, 0.392195, 21683.785403, 66393.237586, 0.139221, 602, 11064, 5130001, 137993839, 41206478, 184330318, 996117, 5974, 1070937.6637570001, inf, 697.6744186046511, 3137.5558753177506, 980934.755249, 45858.741286, 0.102311, 10736.945619, 33407.067976, 0.051316, 301, 6109, 2550001, 222101639, 19095067, 243746707
30000, 30000, 0, 0, greedy_9.000000, 1008469, 20577, 928889.3835440001, inf, 173.41040462427745, 1019.3052032948696, 417323.067441, 292273.87874, 1.330635, 45284.852472, 174005.876347, 0.377909, 1557, 15489, 10350001, 92458194, 113809023, 216617218, 1020011, 12301, 860624.6508429999, inf, 348.83720930232556, 1757.2195324224847, 615592.055634, 135344.796497, 0.397034, 21683.785403, 88003.451085, 0.16519, 774, 9805, 5130001, 137993839, 53895262, 197019102, 996020, 5877, 1094935.0821600002, inf, 697.6744186046511, 3137.5558753177506, 980934.755249, 59024.798676, 0.104616, 10736.945619, 44238.40881, 0.06919, 387, 5722, 2550001, 222101639, 25029325, 249680965
30000, 30000, 0, 0, opt, 1007397, 19505, 2501279.626015, inf, 173.41040462427745, 1019.3052032948696, 417323.067441, 2038670.35056, 1.355542, 45284.852472, 0, 0, 0, 0, 10350001, 92458194, 503748921, 606557116, 1019325, 11615, 2305592.260691, inf, 348.83720930232556, 1757.2195324224847, 615592.055634, 1668316.077151, 0.342503, 21683.785403, 0, 0, 0, 0, 5130001, 137993839, 413904372, 557028212, 995679, 5536, 2101845.065292, inf, 697.6744186046511, 3137.5558753177506, 980934.755249, 1110173.270839, 0.093585, 10736.945619, 0, 0, 0, 0, 2550001, 222101639, 274516992, 499168632
30000, 30000, 0, 0, plus_edge, 1013349, 25457, 497659.21385, inf, 173.41040462427745, 1019.3052032948696, 417323.067441, 35049.915423, 1.378514, 45284.852472, 0, 0, 0, 0, 10350001, 92458194, 8075400, 110883595, 1023083, 15373, 653384.8459579999, inf, 348.83720930232556, 1757.2195324224847, 615592.055634, 16108.663371, 0.34155, 21683.785403, 0, 0, 0, 0, 5130001, 137993839, 3727845, 146851685, 998672, 8529, 998803.458097, inf, 697.6744186046511, 3137.5558753177506, 980934.755249, 7131.668903, 0.088326, 10736.945619, 0, 0, 0, 0, 2550001, 222101639, 1639890, 226291530
30000, 30000, 0, 0, simple, 1015833, 27941, 497581.153789, inf, 173.41040462427745, 1019.3052032948696, 417323.067441, 34971.86575, 1.368126, 45284.852472, 0, 0, 0, 0, 10350001, 92458194, 8045816, 110854011, 1024224, 16514, 653323.2079109999, inf, 348.83720930232556, 1757.2195324224847, 615592.055634, 16047.032257, 0.334617, 21683.785403, 0, 0, 0, 0, 5130001, 137993839, 3720620, 146844460, 998954, 8811, 998739.225846, inf, 697.6744186046511, 3137.5558753177506, 980934.755249, 7067.435851, 0.089127, 10736.945619, 0, 0, 0, 0, 2550001, 222101639, 1638126, 226289766
30000, 30000, 0, 0, dp_1.000000, 999134, 28793, 206511.545716, inf, 173.41040462427745, 536.8302702740366, 119719.122162, 40978.244409, 1.497248, 45673.980649, 138.690017, 0.011231, 173, 0, 10350001, 27514309, 9648413, 47512723, 979007, 15825, 367213.33084799995, inf, 348.83720930232556, 1276.6339358082757, 326747.66154, 18607.948063, 0.380042, 21700.446171, 156.887207, 0.007825, 86, 0, 5130001, 75298709, 4315106, 84743816, 933939, 9024, 735606.6869220001, inf, 697.6744186046511, 2647.241413868233, 718332.809447, 6354.814, 0.09605, 10775.688188, 143.274368, 0.004869, 43, 0, 2550001, 161119689, 1491811, 165161501
30000, 30000, 0, 0, dp_11.000000, 991930, 21589, 808245.9997259999, inf, 173.41040462427745, 536.8302702740366, 119719.122162, 429602.141432, 1.489844, 45673.980649, 213086.276114, 162.989525, 1903, 10106, 10350001, 27514309, 157970717, 195835027, 974493, 11311, 648390.560594, inf, 348.83720930232556, 1276.6339358082757, 326747.66154, 190302.79208, 0.400912, 21700.446171, 109620.087646, 19.172245, 946, 6780, 5130001, 75298709, 73187372, 153616082, 931111, 6196, 850154.1019539998, inf, 697.6744186046511, 2647.241413868233, 718332.809447, 65562.789468, 0.107352, 10775.688188, 55480.248801, 2.458698, 473, 3498, 2550001, 161119689, 29198561, 192868251
30000, 30000, 0, 0, dp_13.000000, 991810, 21469, 929193.9428199999, inf, 173.41040462427745, 536.8302702740366, 119719.122162, 507254.068917, 1.462002, 45673.980649, 256315.969268, 229.339822, 2249, 8720, 10350001, 27514309, 187639061, 225503371, 974357, 11175, 703984.4703190001, inf, 348.83720930232556, 1276.6339358082757, 326747.66154, 225274.125735, 0.348704, 21700.446171, 130234.789752, 27.098417, 1118, 6022, 5130001, 75298709, 87018236, 167446946, 931090, 6175, 873582.298181, inf, 697.6744186046511, 2647.241413868233, 718332.809447, 77436.298439, 0.107542, 10775.688188, 67033.813191, 3.581374, 559, 3111, 2550001, 161119689, 34755087, 198424777
30000, 30000, 0, 0, dp_15.000000, 991687, 21346, 1044016.5900010001, inf, 173.41040462427745, 536.8302702740366, 119719.122162, 581421.619756, 1.452604, 45673.980649, 296891.858587, 308.556243, 2595, 7543, 10350001, 27514309, 217367381, 255231691, 974224, 11042, 760115.8889530001, inf, 348.83720930232556, 1276.6339358082757, 326747.66154, 259722.724415, 0.39465, 21700.446171, 151908.291555, 36.370622, 1290, 5381, 5130001, 75298709, 100849100, 181277810, 931089, 6174, 896183.6987620001, inf, 697.6744186046511, 2647.241413868233, 718332.809447, 88990.754773, 0.103755, 10775.688188, 78079.586152, 4.756447, 645, 2827, 2550001, 161119689, 40237301, 203906991
30000, 30000, 0, 0, dp_17.000000, 991626, 21285, 1165088.4498049999, inf, 173.41040462427745, 536.8302702740366, 119719.122162, 658790.977745, 1.476659, 45673.980649, 340504.078695, 398.813895, 2941, 6632, 10350001, 27514309, 247095701, 284960011, 974202, 11020, 819723.68373, inf, 348.83720930232556, 1276.6339358082757, 326747.66154, 297329.234044, 0.401954, 21700.446171, 173898.179301, 47.76072, 1462, 4847, 5130001, 75298709, 114679964, 195108674, 931057, 6142, 918403.5459650002, inf, 697.6744186046511, 2647.241413868233, 718332.809447, 100220.87381, 0.112211, 10775.688188, 89068.070636, 5.991673, 731, 2578, 2550001, 161119689, 45660883, 209330573
30000, 30000, 0, 0, dp_19.000000, 991558, 21217, 1293503.6316950002, inf, 173.41040462427745, 536.8302702740366, 119719.122162, 742120.013418, 1.697543, 45673.980649, 385488.186972, 500.630951, 3287, 5872, 10350001, 27514309, 276824021, 314688331, 974160, 10978, 874880.489844, inf, 348.83720930232556, 1276.6339358082757, 326747.66154, 328666.430948, 0.402304, 21700.446171, 197705.218808, 60.330073, 1634, 4363, 5130001, 75298709, 128510828, 208939538, 931018, 6103, 941972.676607, inf, 697.6744186046511, 2647.241413868233, 718332.809447, 112335.950615, 0.110136, 10775.688188, 100520.649921, 7.4683, 817, 2339, 2550001, 161119689, 51143097, 214812787
30000, 30000, 0, 0, dp_21.000000, 991527, 21186, 1406893.686131, inf, 173.41040462427745, 536.8302702740366, 119719.122162, 813831.233643, 1.56304, 45673.980649, 427054.348291, 613.438346, 3633, 5219, 10350001, 27514309, 306252461, 344116771, 974116, 10934, 929722.440087, inf, 348.83720930232556, 1276.6339358082757, 326747.66154, 364903.119759, 0.403788, 21700.446171, 216297.494071, 73.314758, 1806, 3943, 5130001, 75298709, 142341692, 222770402, 931001, 6086, 964166.407554, inf, 697.6744186046511, 2647.241413868233, 718332.809447, 123528.359911, 0.110217, 10775.688188, 111520.339422, 9.100369, 903, 2141, 2550001, 161119689, 56516195, 220185885
30000, 30000, 0, 0, dp_23.000000, 991487, 21146, 1529573.065796, inf, 173.41040462427745, 536.8302702740366, 119719.122162, 898284.227818, 1.465849, 45673.980649, 465157.318894, 736.950424, 3979, 4663, 10350001, 27514309, 335980781, 373845091, 974075, 10893, 986132.738771, inf, 348.83720930232556, 1276.6339358082757, 326747.66154, 399241.591759, 0.390532, 21700.446171, 238354.164217, 88.484552, 1978, 3592, 5130001, 75298709, 156172556, 236601266, 931001, 6086, 988078.029467, inf, 697.6744186046511, 2647.241413868233, 718332.809447, 136842.512573, 0.107812, 10775.688188, 122114.611379, 12.300068, 989, 1971, 2550001, 161119689, 62089339, 225759029
30000, 30000, 0, 0, dp_25.000000, 991448, 21107, 1654119.684233, inf, 173.41040462427745, 536.8302702740366, 119719.122162, 975908.534458, 1.470247, 45673.980649, 511940.705649, 875.871068, 4325, 4167, 10350001, 27514309, 365409221, 403273531, 974075, 10893, 1042523.4419760001, inf, 348.83720930232556, 1276.6339358082757, 326747.66154, 432678.75193, 0.397796, 21700.446171, 261290.50724, 105.677299, 2150, 3289, 5130001, 75298709, 170003420, 250432130, 931001, 6086, 1011664.66859, inf, 697.6744186046511, 2647.241413868233, 718332.809447, 148748.993156, 0.093866, 10775.688188, 133794.067301, 13.016632, 1075, 1828, 2550001, 161119689, 67662483, 231332173
30000, 30000, 0, 0, dp_27.000000, 991434, 21093, 1771799.28718, inf, 173.41040462427745, 536.8302702740366, 119719.122162, 1053604.65433, 1.483392, 45673.980649, 551779.168195, 1020.878452, 4671, 3732, 10350001, 27514309, 394867649, 432731959, 974047, 10865, 1100506.980967, inf, 348.83720930232556, 1276.6339358082757, 326747.66154, 470055.846562, 0.400871, 21700.446171, 281878.77762, 123.848203, 2322, 3015, 5130001, 75298709, 183414368, 263843078, 930997, 6082, 1032499.1499650001, inf, 697.6744186046511, 2647.241413868233, 718332.809447, 158375.557066, 0.103685, 10775.688188, 144999.815739, 15.17584, 1161, 1709, 2550001, 161119689, 72936503, 236606193
30000, 30000, 0, 0, dp_29.000000, 991412, 21071, 1886071.984794, inf, 173.41040462427745, 536.8302702740366, 119719.122162, 1125202.12502, 1.497448, 45673.980649, 594295.964675, 1179.29484, 5017, 3355, 10350001, 27514309, 424386053, 462250363, 974031, 10849, 1152888.428779, inf, 348.83720930232556, 1276.6339358082757, 326747.66154, 500499.113092, 0.403436, 21700.446171, 303797.290195, 143.514345, 2494, 2761, 5130001, 75298709, 197245232, 277673942, 930997, 6082, 1056809.071072, inf, 697.6744186046511, 2647.241413868233, 718332.809447, 171614.707835, 0.089418, 10775.688188, 156068.297034, 17.47915, 1247, 1595, 2550001, 161119689, 78808771, 242478461
30000, 30000, 0, 0, dp_3.000000, 994565, 24224, 325894.373357, inf, 173.41040462427745, 536.8302702740366, 119719.122162, 117695.050505, 1.455139, 45673.980649, 42796.175766, 8.589136, 519, 23454, 10350001, 27514309, 39139289, 77003599, 975844, 12662, 423264.39797900006, inf, 348.83720930232556, 1276.6339358082757, 326747.66154, 52741.966054, 0.387286, 21700.446171, 22072.875548, 1.06138, 258, 13221, 5130001, 75298709, 18043880, 98472590, 932237, 7322, 758664.869137, inf, 697.6744186046511, 2647.241413868233, 718332.809447, 18280.666002, 0.108774, 10775.688188, 11275.433861, 0.162865, 129, 7359, 2550001, 161119689, 7048337, 170718027
30000, 30000, 0, 0, dp_31.000000, 991388, 21047, 2011240.8424139996, inf, 173.41040462427745, 536.8302702740366, 119719.122162, 1202406.558877, 1.479254, 45673.980649, 642091.927058, 1347.774414, 5363, 3013, 10350001, 27514309, 454114373, 491978683, 974025, 10843, 1210181.455146, inf, 348.83720930232556, 1276.6339358082757, 326747.66154, 536771.482508, 0.403046, 21700.446171, 324797.307596, 164.154285, 2666, 2537, 5130001, 75298709, 211076096, 291504806, 930988, 6073, 1080954.0716580001, inf, 697.6744186046511, 2647.241413868233, 718332.809447, 184558.839655, 0.140012, 10775.688188, 167266.71146, 19.882896, 1333, 1482, 2550001, 161119689, 84182499, 247852189
30000, 30000, 0, 0, dp_33.000000, 991384, 21043, 2129809.560404, inf, 173.41040462427745, 536.8302702740366, 119719.122162, 1282165.319148, 1.458826, 45673.980649, 680723.532729, 1526.14689, 5709, 2705, 10350001, 27514309, 483816761, 521681071, 974021, 10839, 1268301.8435020002, inf, 348.83720930232556, 1276.6339358082757, 326747.66154, 570344.373831, 0.504256, 21700.446171, 349323.148075, 185.709629, 2838, 2336, 5130001, 75298709, 224756990, 305185700, 930977, 6062, 1106481.862564, inf, 697.6744186046511, 2647.241413868233, 718332.809447, 192432.306876, 0.102833, 10775.688188, 184918.365168, 22.590052, 1419, 1382, 2550001, 161119689, 89174013, 252843703
30000, 30000, 0, 0, dp_35.000000, 991381, 21040, 2246623.604375, inf, 173.41040462427745, 536.8302702740366, 119719.122162, 1357743.363031, 1.458155, 45673.980649, 721769.676739, 1716.003639, 6055, 2427, 10350001, 27514309, 513005297, 550869607, 974012, 10830, 1327926.0673970003, inf, 348.83720930232556, 1276.6339358082757, 326747.66154, 608179.700051, 0.408526, 21700.446171, 371086.096002, 211.755107, 3010, 2156, 5130001, 75298709, 238587854, 319016564, 930977, 6062, 1123303.824316, inf, 697.6744186046511, 2647.241413868233, 718332.809447, 204665.837318, 0.104235, 10775.688188, 189503.512461, 25.872667, 1505, 1301, 2550001, 161119689, 94679117, 258348807
30000, 30000, 0, 0, dp_37.000000, 991370, 21029, 2370549.692641, inf, 173.41040462427745, 536.8302702740366, 119719.122162, 1434404.311454, 1.453957, 45673.980649, 768829.916966, 1920.907453, 6401, 2194, 10350001, 27514309, 542759549, 580623859, 974002, 10820, 1379199.859392, inf, 348.83720930232556, 1276.6339358082757, 326747.66154, 640213.223972, 0.398667, 21700.446171, 390304.239062, 233.88998, 3182, 1997, 5130001, 75298709, 251938814, 332367524, 930971, 6056, 1146182.110739, inf, 697.6744186046511, 2647.241413868233, 718332.809447, 217019.369557, 0.110637, 10775.688188, 200025.646994, 28.485916, 1591, 1226, 2550001, 161119689, 100285497, 263955187
30000, 30000, 0, 0, dp_39.000000, 991370, 21029, 2498078.216887, inf, 173.41040462427745, 536.8302702740366, 119719.122162, 1523598.176317, 1.473453, 45673.980649, 806948.285993, 2137.178313, 6747, 1988, 10350001, 27514309, 572222033, 610086343, 974002, 10820, 1437118.3036589997, inf, 348.83720930232556, 1276.6339358082757, 326747.66154, 675875.470139, 0.405441, 21700.446171, 412534.049165, 260.271203, 3354, 1858, 5130001, 75298709, 265769678, 346198388, 930971, 6056, 1169765.6751690002, inf, 697.6744186046511, 2647.241413868233, 718332.809447, 227328.417884, 0.103294, 10775.688188, 213296.999167, 31.657189, 1677, 1159, 2550001, 161119689, 105425313, 269095003
30000, 30000, 0, 0, dp_5.000000, 993187, 22846, 446234.73042499996, inf, 173.41040462427745, 536.8302702740366, 119719.122162, 194787.115236, 1.454378, 45673.980649, 86023.902764, 29.155236, 865, 17564, 10350001, 27514309, 68785757, 106650067, 975176, 11994, 479831.59602399997, inf, 348.83720930232556, 1276.6339358082757, 326747.66154, 87338.308915, 0.390081, 21700.446171, 44041.339298, 3.450019, 430, 10512, 5130001, 75298709, 31874744, 112303454, 931657, 6742, 781685.8061340001, inf, 697.6744186046511, 2647.241413868233, 718332.809447, 30282.45116, 0.105829, 10775.688188, 22294.266561, 0.484949, 215, 5678, 2550001, 161119689, 12585109, 176254799
30000, 30000, 0, 0, dp_7.000000, 992616, 22275, 568181.958244, inf, 173.41040462427745, 536.8302702740366, 119719.122162, 273971.911713, 1.474486, 45673.980649, 128754.272197, 61.197037, 1211, 14198, 10350001, 27514309, 98514077, 136378387, 974773, 11591, 535008.5020600001, inf, 348.83720930232556, 1276.6339358082757, 326747.66154, 121087.265874, 0.391794, 21700.446171, 65465.313344, 7.423337, 602, 8864, 5130001, 75298709, 45525644, 125954354, 931236, 6321, 804804.669845, inf, 697.6744186046511, 2647.241413868233, 718332.809447, 42171.429063, 0.10675, 10775.688188, 33523.672129, 0.964268, 301, 4725, 2550001, 161119689, 18125017, 181794707
30000, 30000, 0, 0, dp_9.000000, 992150, 21809, 685113.85875, inf, 173.41040462427745, 536.8302702740366, 119719.122162, 349047.610326, 1.491858, 45673.980649, 170566.491805, 105.16195, 1557, 11838, 10350001, 27514309, 128242397, 166106707, 974622, 11440, 591498.112114, inf, 348.83720930232556, 1276.6339358082757, 326747.66154, 155848.403891, 0.407143, 21700.446171, 87188.444758, 12.748611, 774, 7683, 5130001, 75298709, 59356508, 139785218, 931152, 6237, 827651.550055, inf, 697.6744186046511, 2647.241413868233, 718332.809447, 53877.449444, 0.104285, 10775.688188, 44663.692525, 1.806166, 387, 3994, 2550001, 161119689, 23698161, 187367851
30000, 30000, 0, 0, fixed_reps_1, 999134, 28793, 206960.783024, inf, 173.41040462427745, 536.8302702740366, 119719.122162, 41398.931224, 1.464226, 45673.980649, 167.284763, 0, 173, 43101, 10350001, 27514309, 9648413, 47512723, 979007, 15825, 367379.381639, inf, 348.83720930232556, 1276.6339358082757, 326747.66154, 18764.562743, 0.382898, 21700.446171, 166.328287, 0, 86, 24322, 5130001, 75298709, 4315106, 84743816, 933939, 9024, 735690.625569, inf, 697.6744186046511, 2647.241413868233, 718332.809447, 6412.774371, 0.088316, 10775.688188, 169.265247, 0, 43, 12890, 2550001, 161119689, 1491811, 165161501
30000, 30000, 0, 0, fixed_reps_11, 992252, 21911, 595453.733885, inf, 173.41040462427745, 536.8302702740366, 119719.122162, 428679.259853, 1.490325, 45673.980649, 1379.880896, 0, 1903, 15578, 10350001, 27514309, 106130813, 143995123, 974651, 11469, 541177.6333, inf, 348.83720930232556, 1276.6339358082757, 326747.66154, 191301.093112, 0.392306, 21700.446171, 1428.040171, 0, 946, 9922, 5130001, 75298709, 47465306, 127894016, 931258, 6343, 795659.016648, inf, 697.6744186046511, 2647.241413868233, 718332.809447, 65104.534873, 0.093124, 10775.688188, 1445.891016, 0, 473, 5513, 2550001, 161119689, 16409491, 180079181
30000, 30000, 0, 0, fixed_reps_13, 992124, 21783, 669284.9721049999, inf, 173.41040462427745, 536.8302702740366, 119719.122162, 502253.948765, 1.457033, 45673.980649, 1636.463496, 0, 2249, 14062, 10350001, 27514309, 125427293, 163291603, 974504, 11322, 575810.8454789999, inf, 348.83720930232556, 1276.6339358082757, 326747.66154, 225681.990087, 0.39444, 21700.446171, 1680.353241, 0, 1118, 9162, 5130001, 75298709, 56095346, 136524056, 931206, 6291, 807621.810779, inf, 697.6744186046511, 2647.241413868233, 718332.809447, 76779.125029, 0.092423, 10775.688188, 1734.095692, 0, 559, 4925, 2550001, 161119689, 19393027, 183062717
30000, 30000, 0, 0, fixed_reps_15, 991983, 21642, 745877.056991, inf, 173.41040462427745, 536.8302702740366, 119719.122162, 578605.626706, 1.511785, 45673.980649, 1876.815689, 0, 2595, 13006, 10350001, 27514309, 144723773, 182588083, 974449, 11267, 607205.694374, inf, 348.83720930232556, 1276.6339358082757, 326747.66154, 256805.013841, 0.408997, 21700.446171, 1952.163825, 0, 1290, 8574, 5130001, 75298709, 64725386, 145154096, 931117, 6202, 819733.8278580002, inf, 697.6744186046511, 2647.241413868233, 718332.809447, 88670.797999, 0.094778, 10775.688188, 1954.437446, 0, 645, 4708, 2550001, 161119689, 22376563, 186046253
30000, 30000, 0, 0, fixed_reps_17, 991876, 21535, 828739.427585, inf, 173.41040462427745, 536.8302702740366, 119719.122162, 661214.449142, 1.477571, 45673.980649, 2130.398061, 0, 2941, 11976, 10350001, 27514309, 164020253, 201884563, 974391, 11209, 644882.16933, inf, 348.83720930232556, 1276.6339358082757, 326747.66154, 294200.223389, 0.400962, 21700.446171, 2233.437268, 0, 1462, 8008, 5130001, 75298709, 73355426, 153784136, 931100, 6185, 831565.827978, inf, 697.6744186046511, 2647.241413868233, 718332.809447, 100261.009144, 0.125876, 10775.688188, 2196.195323, 0, 731, 4409, 2550001, 161119689, 25360099, 189029789
30000, 30000, 0, 0, fixed_reps_19, 991839, 21498, 896917.1193080001, inf, 173.41040462427745, 536.8302702740366, 119719.122162, 729163.410583, 1.671003, 45673.980649, 2358.934911, 0, 3287, 11212, 10350001, 27514309, 183316733, 221181043, 974384, 11202, 677517.949351, inf, 348.83720930232556, 1276.6339358082757, 326747.66154, 326625.302842, 0.394419, 21700.446171, 2444.144379, 0, 1634, 7425, 5130001, 75298709, 81985466, 162414176, 931073, 6158, 842975.608586, inf, 697.6744186046511, 2647.241413868233, 718332.809447, 111103.700099, 0.212849, 10775.688188, 2763.198003, 0, 817, 4093, 2550001, 161119689, 28343635, 192013325
30000, 30000, 0, 0, fixed_reps_21, 991748, 21407, 976783.5143200001, inf, 173.41040462427745, 536.8302702740366, 119719.122162, 808778.412148, 1.469736, 45673.980649, 2610.529625, 0, 3633, 10347, 10350001, 27514309, 202613213, 240477523, 974337, 11155, 713895.915773, inf, 348.83720930232556, 1276.6339358082757, 326747.66154, 362750.877902, 0.40525, 21700.446171, 2696.52491, 0, 1806, 6975, 5130001, 75298709, 90615506, 171044216, 931073, 6158, 854583.051836, inf, 697.6744186046511, 2647.241413868233, 718332.809447, 122697.021961, 0.100709, 10775.688188, 2777.431531, 0, 903, 3774, 2550001, 161119689, 31327171, 194996861
30000, 30000, 0, 0, fixed_reps_23, 991712, 21371, 1054021.163124, inf, 173.41040462427745, 536.8302702740366, 119719.122162, 885750.674258, 1.477461, 45673.980649, 2875.908594, 0, 3979, 9658, 10350001, 27514309, 221909693, 259774003, 974314, 11132, 748528.471216, inf, 348.83720930232556, 1276.6339358082757, 326747.66154, 397139.006999, 0.406172, 21700.446171, 2940.950334, 0, 1978, 6559, 5130001, 75298709, 99245546, 179674256, 931073, 6158, 866475.8965040001, inf, 697.6744186046511, 2647.241413868233, 718332.809447, 134346.783744, 0.094457, 10775.688188, 3020.520668, 0, 989, 3502, 2550001, 161119689, 34310707, 197980397
30000, 30000, 0, 0, fixed_reps_25, 991680, 21339, 1130746.906742, inf, 173.41040462427745, 536.8302702740366, 119719.122162, 962228.08412, 1.493792, 45673.980649, 3124.226019, 0, 4325, 9112, 10350001, 27514309, 241206173, 279070483, 974262, 11080, 778016.642433, inf, 348.83720930232556, 1276.6339358082757, 326747.66154, 426360.606005, 0.392516, 21700.446171, 3207.536201, 0, 2150, 6258, 5130001, 75298709, 107875586, 188304296, 931059, 6144, 878428.2895940001, inf, 697.6744186046511, 2647.241413868233, 718332.809447, 146056.555251, 0.105969, 10775.688188, 3263.130739, 0, 1075, 3330, 2550001, 161119689, 37294243, 200963933
30000, 30000, 0, 0, fixed_reps_27, 991643, 21302, 1205500.823617, inf, 173.41040462427745, 536.8302702740366, 119719.122162, 1036764.495306, 1.502298, 45673.980649, 3341.723202, 0, 4671, 8612, 10350001, 27514309, 260502653, 298366963, 974262, 11080, 817515.158612, inf, 348.83720930232556, 1276.6339358082757, 326747.66154, 465614.975243, 0.398117, 21700.446171, 3451.677541, 0, 2322, 5900, 5130001, 75298709, 116505626, 196934336, 931059, 6144, 890539.2599640001, inf, 697.6744186046511, 2647.241413868233, 718332.809447, 157910.886307, 0.092573, 10775.688188, 3519.783449, 0, 1161, 3183, 2550001, 161119689, 40277779, 203947469
30000, 30000, 0, 0, fixed_reps_29, 991617, 21276, 1282785.117368, inf, 173.41040462427745, 536.8302702740366, 119719.122162, 1113739.763363, 1.487249, 45673.980649, 3650.763945, 0, 5017, 8076, 10350001, 27514309, 279799133, 317663443, 974196, 11014, 848760.749834, inf, 348.83720930232556, 1276.6339358082757, 326747.66154, 496611.760292, 0.402916, 21700.446171, 3700.478915, 0, 2494, 5594, 5130001, 75298709, 125135666, 205564376, 931055, 6140, 902268.496575, inf, 697.6744186046511, 2647.241413868233, 718332.809447, 169412.907227, 0.095359, 10775.688188, 3746.996354, 0, 1247, 3048, 2550001, 161119689, 43261315, 206931005
30000, 30000, 0, 0, fixed_reps_3, 994857, 24516, 285201.852618, inf, 173.41040462427745, 536.8302702740366, 119719.122162, 119412.098091, 1.6584, 45673.980649, 394.993316, 0, 519, 30147, 10350001, 27514309, 28944893, 66809203, 975852, 12670, 402299.730997, inf, 348.83720930232556, 1276.6339358082757, 326747.66154, 53449.275273, 0.392536, 21700.446171, 401.955477, 0, 258, 16022, 5130001, 75298709, 12945146, 93373856, 932279, 7364, 747539.8694600001, inf, 697.6744186046511, 2647.241413868233, 718332.809447, 18034.773469, 0.103404, 10775.688188, 396.494952, 0, 129, 8974, 2550001, 161119689, 4475347, 168145037
30000, 30000, 0, 0, fixed_reps_31, 991599, 21258, 1361348.2644129999, inf, 173.41040462427745, 536.8302702740366, 119719.122162, 1192084.440208, 1.484243, 45673.980649, 3869.237151, 0, 5363, 7678, 10350001, 27514309, 299095613, 336959923, 974179, 10997, 880943.6385959999, inf, 348.83720930232556, 1276.6339358082757, 326747.66154, 528568.094111, 0.392215, 21700.446171, 3927.044559, 0, 2666, 5358, 5130001, 75298709, 133765706, 214194416, 931049, 6134, 914264.601491, inf, 697.6744186046511, 2647.241413868233, 718332.809447, 181105.720081, 0.094247, 10775.688188, 4050.289528, 0, 1333, 2880, 2550001, 161119689, 46244851, 209914541
30000, 30000, 0, 0, fixed_reps_33, 991588, 21247, 1440352.998234, inf, 173.41040462427745, 536.8302702740366, 119719.122162, 1270869.867227, 1.480837, 45673.980649, 4088.547359, 0, 5709, 7285, 10350001, 27514309, 318392093, 356256403, 974176, 10994, 915398.583304, inf, 348.83720930232556, 1276.6339358082757, 326747.66154, 562735.917486, 0.39477, 21700.446171, 4214.163337, 0, 2838, 5166, 5130001, 75298709, 142395746, 222824456, 931047, 6132, 925400.95606, inf, 697.6744186046511, 2647.241413868233, 718332.809447, 192014.284981, 0.102632, 10775.688188, 4278.070812, 0, 1419, 2754, 2550001, 161119689, 49228387, 212898077
30000, 30000, 0, 0, fixed_reps_35, 991580, 21239, 1515752.094522, inf, 173.41040462427745, 536.8302702740366, 119719.122162, 1345988.718618, 1.487841, 45673.980649, 4368.785252, 0, 6055, 6986, 10350001, 27514309, 337688573, 375552883, 974148, 10966, 951497.899145, inf, 348.83720930232556, 1276.6339358082757, 326747.66154, 598602.978743, 0.481994, 21700.446171, 4446.330697, 0, 3010, 4968, 5130001, 75298709, 151025786, 231454496, 931032, 6117, 937396.47146, inf, 697.6744186046511, 2647.241413868233, 718332.809447, 203777.411676, 0.099968, 10775.688188, 4510.462181, 0, 1505, 2660, 2550001, 161119689, 52211923, 215881613
30000, 30000, 0, 0, fixed_reps_37, 991570, 21229, 1585422.421014, inf, 173.41040462427745, 536.8302702740366, 119719.122162, 1415445.242583, 1.497117, 45673.980649, 4582.578503, 0, 6401, 6637, 10350001, 27514309, 356985053, 394849363, 974139, 10957, 986531.378778, inf, 348.83720930232556, 1276.6339358082757, 326747.66154, 632990.154678, 0.616877, 21700.446171, 5092.499512, 0, 3182, 4777, 5130001, 75298709, 159655826, 240084536, 931014, 6099, 950978.6727100001, inf, 697.6744186046511, 2647.241413868233, 718332.809447, 217056.931679, 0.09629, 10775.688188, 4813.147106, 0, 1591, 2560, 2550001, 161119689, 55195459, 218865149
30000, 30000, 0, 0, fixed_reps_39, 991566, 21225, 1667877.139102, inf, 173.41040462427745, 536.8302702740366, 119719.122162, 1497662.921976, 1.487449, 45673.980649, 4819.626866, 0, 6747, 6370, 10350001, 27514309, 376281533, 414145843, 974128, 10946, 1020575.0509579999, inf, 348.83720930232556, 1276.6339358082757, 326747.66154, 667166.053936, 0.391904, 21700.446171, 4960.497407, 0, 3354, 4552, 5130001, 75298709, 168285866, 248714576, 931004, 6089, 961102.947654, inf, 697.6744186046511, 2647.241413868233, 718332.809447, 226950.743804, 0.098796, 10775.688188, 5043.607419, 0, 1677, 2484, 2550001, 161119689, 58178995, 221848685
30000, 30000, 0, 0, fixed_reps_41, 991542, 21201, 1744490.6406009998, inf, 173.41040462427745, 536.8302702740366, 119719.122162, 1574015.259801, 1.481217, 45673.980649, 5080.796772, 0, 7093, 6132, 10350001, 27514309, 395578013, 433442323, 974128, 10946, 1060091.0660080002, inf, 348.83720930232556, 1276.6339358082757, 326747.66154, 706372.794236, 0.398738, 21700.446171, 5269.765323, 0, 3526, 4391, 5130001, 75298709, 176915906, 257344616, 930996, 6081, 973762.040196, inf, 697.6744186046511, 2647.241413868233, 718332.809447, 239312.872415, 0.099737, 10775.688188, 5340.570409, 0, 1763, 2413, 2550001, 161119689, 61162531, 224832221
30000, 30000, 0, 0, fixed_reps_5, 993500, 23159, 362603.396123, inf, 173.41040462427745, 536.8302702740366, 119719.122162, 196559.972505, 1.675872, 45673.980649, 648.644935, 0, 865, 23515, 10350001, 27514309, 48241373, 86105683, 975456, 12274, 436849.54684500006, inf, 348.83720930232556, 1276.6339358082757, 326747.66154, 87744.856036, 0.398357, 21700.446171, 656.184741, 0, 430, 13617, 5130001, 75298709, 21575186, 102003896, 931688, 6773, 759443.0815850002, inf, 697.6744186046511, 2647.241413868233, 718332.809447, 29680.83961, 0.102913, 10775.688188, 653.641427, 0, 215, 7385, 2550001, 161119689, 7458883, 171128573
30000, 30000, 0, 0, fixed_reps_7, 992595, 22254, 438981.496515, inf, 173.41040462427745, 536.8302702740366, 119719.122162, 272690.252147, 1.668568, 45673.980649, 896.472989, 0, 1211, 20085, 10350001, 27514309, 67537853, 105402163, 975059, 11877, 470620.800692, inf, 348.83720930232556, 1276.6339358082757, 326747.66154, 121245.139187, 0.402795, 21700.446171, 927.150999, 0, 602, 11797, 5130001, 75298709, 30205226, 110633936, 931347, 6432, 772032.606103, inf, 697.6744186046511, 2647.241413868233, 718332.809447, 42001.541129, 0.097292, 10775.688188, 922.470047, 0, 301, 6580, 2550001, 161119689, 10442419, 174112109
30000, 30000, 0, 0, fixed_reps_9, 992427, 22086, 518115.25635399995, inf, 173.41040462427745, 536.8302702740366, 119719.122162, 351586.740601, 1.48801, 45673.980649, 1133.924932, 0, 1557, 17562, 10350001, 27514309, 86834333, 124698643, 974761, 11579, 506345.82065999997, inf, 348.83720930232556, 1276.6339358082757, 326747.66154, 156692.985574, 0.399269, 21700.446171, 1204.328106, 0, 774, 10786, 5130001, 75298709, 38835266, 119263976, 931311, 6396, 783123.9718549999, inf, 697.6744186046511, 2647.241413868233, 718332.809447, 52832.252088, 0.099707, 10775.688188, 1183.122425, 0, 387, 6157, 2550001, 161119689, 13425955, 177095645
30000, 30000, 0, 0, greedy_1.000000, 999134, 28793, 206464.867431, inf, 173.41040462427745, 536.8302702740366, 119719.122162, 40931.580903, 1.483371, 45673.980649, 138.690017, 0.010329, 173, 43101, 10350001, 27514309, 9648413, 47512723, 979007, 15825, 367136.152346, inf, 348.83720930232556, 1276.6339358082757, 326747.66154, 18530.7638, 0.387857, 21700.446171, 156.887207, 0.005771, 86, 24322, 5130001, 75298709, 4315106, 84743816, 933939, 9024, 735579.550907, inf, 697.6744186046511, 2647.241413868233, 718332.809447, 6327.683246, 0.090098, 10775.688188, 143.274368, 0.00556, 43, 12890, 2550001, 161119689, 1491811, 165161501
30000, 30000, 0, 0, greedy_11.000000, 992080, 21739, 774652.0561609999, inf, 173.41040462427745, 536.8302702740366, 119719.122162, 396170.542844, 1.488972, 45673.980649, 213086.276114, 0.64542, 1903, 13718, 10350001, 27514309, 149544089, 187408399, 974643, 11461, 631847.0244769999, inf, 348.83720930232556, 1276.6339358082757, 326747.66154, 173778.237019, 0.401874, 21700.446171, 109620.087646, 0.190227, 946, 8868, 5130001, 75298709, 69048200, 149476910, 931112, 6197, 848816.5594949999, inf, 697.6744186046511, 2647.241413868233, 718332.809447, 64227.62154, 0.106299, 10775.688188, 55480.248801, 0.08522, 473, 3985, 2550001, 161119689, 28781851, 192451541
30000, 30000, 0, 0, greedy_13.000000, 992012, 21671, 851585.136032, inf, 173.41040462427745, 536.8302702740366, 119719.122162, 429874.020762, 1.496476, 45673.980649, 256315.969268, 0.546715, 2249, 13669, 10350001, 27514309, 168896561, 206760871, 974641, 11459, 666600.152833, inf, 348.83720930232556, 1276.6339358082757, 326747.66154, 187916.634888, 0.400971, 21700.446171, 130234.789752, 0.219511, 1118, 8824, 5130001, 75298709, 77720096, 158148806, 931085, 6170, 866352.3668060001, inf, 697.6744186046511, 2647.241413868233, 718332.809447, 70209.852899, 0.104806, 10775.688188, 67033.813191, 0.098275, 559, 3889, 2550001, 161119689, 32950599, 196620289
30000, 30000, 0, 0, greedy_15.000000, 992000, 21659, 926420.9303880001, inf, 173.41040462427745, 536.8302702740366, 119719.122162, 464133.874932, 1.492359, 45673.980649, 296891.858587, 0.601699, 2595, 13637, 10350001, 27514309, 188249033, 226113343, 974609, 11427, 701650.3835199999, inf, 348.83720930232556, 1276.6339358082757, 326747.66154, 201293.412803, 0.347291, 21700.446171, 151908.291555, 0.22416, 1290, 8798, 5130001, 75298709, 86391992, 166820702, 931085, 6170, 882960.6010050001, inf, 697.6744186046511, 2647.241413868233, 718332.809447, 75772.317513, 0.089779, 10775.688188, 78079.586152, 0.109926, 645, 3855, 2550001, 161119689, 36959747, 200629437
30000, 30000, 0, 0, greedy_17.000000, 991974, 21633, 1012087.520116, inf, 173.41040462427745, 536.8302702740366, 119719.122162, 506187.968506, 1.496907, 45673.980649, 340504.078695, 0.873197, 2941, 13613, 10350001, 27514309, 207601505, 245465815, 974609, 11427, 739132.984073, inf, 348.83720930232556, 1276.6339358082757, 326747.66154, 216786.058081, 0.388118, 21700.446171, 173898.179301, 0.250862, 1462, 8779, 5130001, 75298709, 95063888, 175492598, 931085, 6170, 899892.3954299999, inf, 697.6744186046511, 2647.241413868233, 718332.809447, 81715.606495, 0.109996, 10775.688188, 89068.070636, 0.110668, 731, 3834, 2550001, 161119689, 40968895, 204638585
30000, 30000, 0, 0, greedy_19.000000, 991925, 21584, 1095101.773769, inf, 173.41040462427745, 536.8302702740366, 119719.122162, 544218.245979, 1.487109, 45673.980649, 385488.186972, 0.750898, 3287, 13597, 10350001, 27514309, 226953977, 264818287, 974597, 11415, 776338.750567, inf, 348.83720930232556, 1276.6339358082757, 326747.66154, 230184.741819, 0.394279, 21700.446171, 197705.218808, 0.28795, 1634, 8764, 5130001, 75298709, 103735784, 184164494, 931085, 6170, 917204.3381650001, inf, 697.6744186046511, 2647.241413868233, 718332.809447, 87574.976127, 0.100839, 10775.688188, 100520.649921, 0.113643, 817, 3820, 2550001, 161119689, 44978043, 208647733
30000, 30000, 0, 0, greedy_21.000000, 991922, 21581, 1174138.1927309998, inf, 173.41040462427745, 536.8302702740366, 119719.122162, 581688.426698, 1.475006, 45673.980649, 427054.348291, 0.839925, 3633, 13583, 10350001, 27514309, 246306449, 284170759, 974597, 11415, 809791.8443900001, inf, 348.83720930232556, 1276.6339358082757, 326747.66154, 245045.552114, 0.395401, 21700.446171, 216297.494071, 0.295093, 1806, 8751, 5130001, 75298709, 112407680, 192836390, 931085, 6170, 933918.7790020001, inf, 697.6744186046511, 2647.241413868233, 718332.809447, 93289.72039, 0.10681, 10775.688188, 111520.339422, 0.114745, 903, 3807, 2550001, 161119689, 48987191, 212656881
30000, 30000, 0, 0, greedy_23.000000, 991913, 21572, 1250670.956366, inf, 173.41040462427745, 536.8302702740366, 119719.122162, 620118.072875, 1.499081, 45673.980649, 465157.318894, 0.962705, 3979, 13573, 10350001, 27514309, 265658921, 303523231, 974594, 11412, 845216.002622, inf, 348.83720930232556, 1276.6339358082757, 326747.66154, 258412.815057, 0.405551, 21700.446171, 238354.164217, 0.510086, 1978, 8741, 5130001, 75298709, 121079576, 201508286, 931082, 6167, 951640.661666, inf, 697.6744186046511, 2647.241413868233, 718332.809447, 100417.282355, 0.133941, 10775.688188, 122114.611379, 0.136356, 989, 3798, 2550001, 161119689, 52996339, 216666029
30000, 30000, 0, 0, greedy_25.000000, 991899, 21558, 1338232.4094540002, inf, 173.41040462427745, 536.8302702740366, 119719.122162, 660896.142084, 1.489242, 45673.980649, 511940.705649, 0.969668, 4325, 13566, 10350001, 27514309, 285011393, 322875703, 974594, 11412, 883799.087774, inf, 348.83720930232556, 1276.6339358082757, 326747.66154, 274059.721354, 0.395231, 21700.446171, 261290.50724, 0.356238, 2150, 8733, 5130001, 75298709, 129751472, 210180182, 931074, 6159, 967909.92982, inf, 697.6744186046511, 2647.241413868233, 718332.809447, 105007.146494, 0.092584, 10775.688188, 133794.067301, 0.125806, 1075, 3788, 2550001, 161119689, 57005487, 220675177
30000, 30000, 0, 0, greedy_27.000000, 991890, 21549, 1420592.213657, inf, 173.41040462427745, 536.8302702740366, 119719.122162, 703417.381839, 1.516795, 45673.980649, 551779.168195, 1.044017, 4671, 13560, 10350001, 27514309, 304363865, 342228175, 974580, 11398, 917769.827782, inf, 348.83720930232556, 1276.6339358082757, 326747.66154, 287442.166146, 0.409708, 21700.446171, 281878.77762, 0.366597, 2322, 8725, 5130001, 75298709, 138423368, 218852078, 931074, 6159, 984308.2187869999, inf, 697.6744186046511, 2647.241413868233, 718332.809447, 110199.648492, 0.105387, 10775.688188, 144999.815739, 0.151534, 1161, 3779, 2550001, 161119689, 61014635, 224684325
30000, 30000, 0, 0, greedy_29.000000, 991876, 21535, 1497201.763662, inf, 173.41040462427745, 536.8302702740366, 119719.122162, 737510.115426, 1.484644, 45673.980649, 594295.964675, 1.096106, 5017, 13556, 10350001, 27514309, 323716337, 361580647, 974571, 11389, 954108.414595, inf, 348.83720930232556, 1276.6339358082757, 326747.66154, 301862.236226, 0.40024, 21700.446171, 303797.290195, 0.380223, 2494, 8717, 5130001, 75298709, 147095264, 227523974, 931074, 6159, 1001836.3395090001, inf, 697.6744186046511, 2647.241413868233, 718332.809447, 116659.30506, 0.105037, 10775.688188, 156068.297034, 0.134743, 1247, 3771, 2550001, 161119689, 65023783, 228693473
30000, 30000, 0, 0, greedy_3.000000, 994384, 24043, 325216.864126, inf, 173.41040462427745, 536.8302702740366, 119719.122162, 117026.001509, 1.465057, 45673.980649, 42796.175766, 0.118983, 519, 25744, 10350001, 27514309, 39057437, 76921747, 975802, 12620, 423643.243357, inf, 348.83720930232556, 1276.6339358082757, 326747.66154, 53121.788613, 0.400882, 21700.446171, 22072.875548, 0.070603, 258, 13990, 5130001, 75298709, 18043880, 98472590, 932063, 7148, 758486.747588, inf, 697.6744186046511, 2647.241413868233, 718332.809447, 18102.664579, 0.11231, 10775.688188, 11275.433861, 0.039203, 129, 7918, 2550001, 161119689, 7011965, 170681655
30000, 30000, 0, 0, greedy_31.000000, 991872, 21531, 1588265.3177999998, inf, 173.41040462427745, 536.8302702740366, 119719.122162, 780777.606032, 1.475647, 45673.980649, 642091.927058, 1.206252, 5363, 13553, 10350001, 27514309, 343068809, 380933119, 974559, 11377, 991955.654056, inf, 348.83720930232556, 1276.6339358082757, 326747.66154, 318709.403853, 0.41055, 21700.446171, 324797.307596, 0.424346, 2666, 8711, 5130001, 75298709, 155767160, 236195870, 931074, 6159, 1018222.481523, inf, 697.6744186046511, 2647.241413868233, 718332.809447, 121846.999286, 0.110427, 10775.688188, 167266.71146, 0.162715, 1333, 3765, 2550001, 161119689, 69032931, 232702621
30000, 30000, 0, 0, greedy_33.000000, 991869, 21528, 1661638.8444579998, inf, 173.41040462427745, 536.8302702740366, 119719.122162, 815519.448212, 1.491887, 45673.980649, 680723.532729, 1.268819, 5709, 13551, 10350001, 27514309, 362421281, 400285591, 974539, 11357, 1028937.9346820001, inf, 348.83720930232556, 1276.6339358082757, 326747.66154, 331165.844391, 0.401363, 21700.446171, 349323.148075, 0.433142, 2838, 8705, 5130001, 75298709, 164439056, 244867766, 931074, 6159, 1042328.796999, inf, 697.6744186046511, 2647.241413868233, 718332.809447, 128301.678096, 0.109305, 10775.688188, 184918.365168, 0.146795, 1419, 3758, 2550001, 161119689, 73042079, 236711769
30000, 30000, 0, 0, greedy_35.000000, 991869, 21528, 1737820.63428, inf, 173.41040462427745, 536.8302702740366, 119719.122162, 850654.985489, 1.539397, 45673.980649, 721769.676739, 1.329844, 6055, 13551, 10350001, 27514309, 381773753, 419638063, 974536, 11354, 1063630.28161, inf, 348.83720930232556, 1276.6339358082757, 326747.66154, 344095.11354, 0.409507, 21700.446171, 371086.096002, 0.55485, 3010, 8699, 5130001, 75298709, 173110952, 253539662, 931074, 6159, 1052873.374412, inf, 697.6744186046511, 2647.241413868233, 718332.809447, 134261.083089, 0.131477, 10775.688188, 189503.512461, 0.14975, 1505, 3752, 2550001, 161119689, 77051227, 240720917
30000, 30000, 0, 0, greedy_37.000000, 991869, 21528, 1827965.6919149999, inf, 173.41040462427745, 536.8302702740366, 119719.122162, 893739.622088, 1.612334, 45673.980649, 768829.916966, 1.437716, 6401, 13551, 10350001, 27514309, 401126225, 438990535, 974536, 11354, 1098312.1385549998, inf, 348.83720930232556, 1276.6339358082757, 326747.66154, 359558.908485, 0.396153, 21700.446171, 390304.239062, 0.487144, 3182, 8694, 5130001, 75298709, 181782848, 262211558, 931074, 6159, 1068358.516727, inf, 697.6744186046511, 2647.241413868233, 718332.809447, 139224.110597, 0.10646, 10775.688188, 200025.646994, 0.155041, 1591, 3747, 2550001, 161119689, 81060375, 244730065
30000, 30000, 0, 0, greedy_39.000000, 991869, 21528, 1896574.187693, inf, 173.41040462427745, 536.8302702740366, 119719.122162, 924229.564274, 1.725756, 45673.980649, 806948.285993, 1.508859, 6747, 13551, 10350001, 27514309, 420478697, 458343007, 974522, 11340, 1134591.125269, inf, 348.83720930232556, 1276.6339358082757, 326747.66154, 373608.067153, 0.408125, 21700.446171, 412534.049165, 0.493115, 3354, 8689, 5130001, 75298709, 190454744, 270883454, 931074, 6159, 1087627.5232340002, inf, 697.6744186046511, 2647.241413868233, 718332.809447, 145221.772596, 0.091712, 10775.688188, 213296.999167, 0.162124, 1677, 3741, 2550001, 161119689, 85069523, 248739213
30000, 30000, 0, 0, greedy_5.000000, 993062, 22721, 446060.378893, inf, 173.41040462427745, 536.8302702740366, 119719.122162, 194641.71644, 1.440201, 45673.980649, 86023.902764, 0.216677, 865, 20844, 10350001, 27514309, 68725781, 106590091, 975279, 12097, 480066.162272, inf, 348.83720930232556, 1276.6339358082757, 326747.66154, 87576.192083, 0.397445, 21700.446171, 44041.339298, 0.125735, 430, 11515, 5130001, 75298709, 31784762, 112213472, 931547, 6632, 781477.862155, inf, 697.6744186046511, 2647.241413868233, 718332.809447, 30074.950051, 0.108133, 10775.688188, 22294.266561, 0.039775, 215, 6497, 2550001, 161119689, 12512365, 176182055
30000, 30000, 0, 0, greedy_7.000000, 992634, 22293, 565909.877077, inf, 173.41040462427745, 536.8302702740366, 119719.122162, 271760.714817, 1.46631, 45673.980649, 128754.272197, 0.320942, 1211, 17175, 10350001, 27514309, 98454101, 136318411, 974917, 11735, 535106.9712830001, inf, 348.83720930232556, 1276.6339358082757, 326747.66154, 121192.94262, 0.461655, 21700.446171, 65465.313344, 0.145953, 602, 10059, 5130001, 75298709, 45525644, 125954354, 931280, 6365, 803186.3893340001, inf, 697.6744186046511, 2647.241413868233, 718332.809447, 40554.061574, 0.103564, 10775.688188, 33523.672129, 0.054432, 301, 5712, 2550001, 161119689, 17817423, 181487113
30000, 30000, 0, 0, greedy_9.000000, 992248, 21907, 683873.517536, inf, 173.41040462427745, 536.8302702740366, 119719.122162, 347912.049598, 1.504661, 45673.980649, 170566.491805, 0.368661, 1557, 14556, 10350001, 27514309, 128182421, 166046731, 974828, 11646, 591355.711913, inf, 348.83720930232556, 1276.6339358082757, 326747.66154, 155718.601007, 0.404879, 21700.446171, 87188.444758, 0.153558, 774, 9120, 5130001, 75298709, 59356508, 139785218, 931200, 6285, 825704.6443409999, inf, 697.6744186046511, 2647.241413868233, 718332.809447, 51932.267732, 0.115456, 10775.688188, 44663.692525, 0.070993, 387, 5011, 2550001, 161119689, 23208707, 186878397
30000, 30000, 0, 0, opt, 991312, 20971, 3376715.67268, inf, 173.41040462427745, 536.8302702740366, 119719.122162, 3211321.187827, 1.382042, 45673.980649, 0, 0, 0, 0, 10350001, 27514309, 777648816, 815513126, 973920, 10738, 2895076.0012169997, inf, 348.83720930232556, 1276.6339358082757, 326747.66154, 2546627.545453, 0.348053, 21700.446171, 0, 0, 0, 0, 5130001, 75298709, 612417492, 692846202, 930933, 6018, 2017455.7361500002, inf, 697.6744186046511, 2647.241413868233, 718332.809447, 1288347.143196, 0.095319, 10775.688188, 0, 0, 0, 0, 2550001, 161119689, 302214948, 465884638
30000, 30000, 0, 0, plus_edge, 996646, 26305, 208066.34083099998, inf, 173.41040462427745, 536.8302702740366, 119719.122162, 42671.911444, 1.326576, 45673.980649, 0, 0, 0, 0, 10350001, 27514309, 9647824, 47512134, 977834, 14652, 366969.277937, inf, 348.83720930232556, 1276.6339358082757, 326747.66154, 18520.827724, 0.342502, 21700.446171, 0, 0, 0, 0, 5130001, 75298709, 4292245, 84720955, 933426, 8511, 735407.297262, inf, 697.6744186046511, 2647.241413868233, 718332.809447, 6298.714076, 0.085551, 10775.688188, 0, 0, 0, 0, 2550001, 161119689, 1463532, 165133222
30000, 30000, 0, 0, simple, 999134, 28793, 207523.510653, inf, 173.41040462427745, 536.8302702740366, 119719.122162, 42129.073031, 1.334811, 45673.980649, 0, 0, 0, 0, 10350001, 27514309, 9618240, 47482550, 979007, 15825, 366859.99681800004, inf, 348.83720930232556, 1276.6339358082757, 326747.66154, 18411.554178, 0.334929, 21700.446171, 0, 0, 0, 0, 5130001, 75298709, 4285020, 84713730, 933939, 9024, 735493.830556, inf, 697.6744186046511, 2647.241413868233, 718332.809447, 6385.242272, 0.090649, 10775.688188, 0, 0, 0, 0, 2550001, 161119689, 1461768, 165131458
30000, 30000, 0, 0, dp_1.000000, 976530, 28621, 234053.522663, inf, 173.41040462427745, 606.6061937885327, 149703.131544, 41033.134465, 1.524739, 43179.075741, 136.644231, 0.011943, 173, 0, 10350001, 34415654, 9647209, 54412864, 1001594, 14257, 262216.294591, inf, 348.83720930232556, 1036.9673343789361, 220752.044606, 19550.75599, 0.392376, 21752.758138, 160.333763, 0.009718, 86, 0, 5130001, 51455512, 4510691, 61096204, 969994, 7938, 426896.32949599996, inf, 697.6744186046511, 1964.3799982991286, 406163.411279, 9762.291249, 0.103424, 10714.696699, 255.819461, 0.007384, 43, 0, 2550001, 93414075, 2082919, 98046995
30000, 30000, 0, 0, dp_11.000000, 968317, 20408, 835996.226549, inf, 173.41040462427745, 606.6061937885327, 149703.131544, 427531.846783, 1.496917, 43179.075741, 215417.979669, 162.695895, 1903, 9894, 10350001, 34415654, 158023407, 202789062, 997442, 10105, 549565.456984, inf, 348.83720930232556, 1036.9673343789361, 220752.044606, 200098.778322, 0.412143, 21752.758138, 106941.782454, 19.681321, 946, 7838, 5130001, 51455512, 75443549, 132029062, 967510, 5454, 562641.599453, inf, 697.6744186046511, 1964.3799982991286, 406163.411279, 90896.386382, 0.10121, 10714.696699, 54864.403588, 2.600295, 473, 4883, 2550001, 93414075, 35378763, 131342839
30000, 30000, 0, 0, dp_13.000000, 968172, 20263, 951683.799702, inf, 173.41040462427745, 606.6061937885327, 149703.131544, 501285.129204, 1.508188, 43179.075741, 257286.281222, 228.673803, 2249, 8437, 10350001, 34415654, 187355210, 232120865, 997401, 10064, 607479.5856649999, inf, 348.83720930232556, 1036.9673343789361, 220752.044606, 236198.937239, 0.404318, 21752.758138, 128748.096009, 27.345355, 1118, 7019, 5130001, 51455512, 89575289, 146160802, 967475, 5419, 590255.7576220001, inf, 697.6744186046511, 1964.3799982991286, 406163.411279, 107553.256905, 0.132919, 10714.696699, 65820.669669, 3.590151, 559, 4459, 2550001, 93414075, 42162271, 138126347
30000, 30000, 0, 0, dp_15.000000, 968061, 20152, 1071862.7666900002, inf, 173.41040462427745, 606.6061937885327, 149703.131544, 576724.566039, 1.636929, 43179.075741, 301946.284702, 308.071735, 2595, 7268, 10350001, 34415654, 216742263, 261507918, 997330, 9993, 666008.611561, inf, 348.83720930232556, 1036.9673343789361, 220752.044606, 272591.602095, 0.41076, 21752.758138, 150874.854347, 36.941615, 1290, 6322, 5130001, 51455512, 103801925, 160387438, 967459, 5403, 616123.3132430001, inf, 697.6744186046511, 1964.3799982991286, 406163.411279, 121565.835533, 0.10665, 10714.696699, 77674.429901, 4.833181, 645, 4105, 2550001, 93414075, 48351519, 144315595
30000, 30000, 0, 0, dp_17.000000, 968038, 20129, 1192354.154445, inf, 173.41040462427745, 606.6061937885327, 149703.131544, 655178.079182, 1.549566, 43179.075741, 343893.688047, 398.630365, 2941, 6325, 10350001, 34415654, 246468161, 291233816, 997309, 9972, 725460.69442, inf, 348.83720930232556, 1036.9673343789361, 220752.044606, 310094.501246, 0.409899, 21752.758138, 172813.06399, 47.916541, 1462, 5697, 5130001, 51455512, 118028561, 174614074, 967415, 5359, 642749.76164, inf, 697.6744186046511, 1964.3799982991286, 406163.411279, 138415.538229, 0.105076, 10714.696699, 87450.027701, 5.982656, 731, 3779, 2550001, 93414075, 55135027, 151099103
30000, 30000, 0, 0, dp_19.000000, 967946, 20037, 1310391.701129, inf, 173.41040462427745, 606.6061937885327, 149703.131544, 730280.25731, 1.64233, 43179.075741, 386726.356374, 501.23783, 3287, 5573, 10350001, 34415654, 276194059, 320959714, 997250, 9913, 782751.990016, inf, 348.83720930232556, 1036.9673343789361, 220752.044606, 346171.328724, 0.397606, 21752.758138, 194014.805236, 60.655706, 1634, 5145, 5130001, 51455512, 132023285, 188608798, 967405, 5349, 671780.8952990001, inf, 697.6744186046511, 1964.3799982991286, 406163.411279, 156406.844137, 0.10629, 10714.696699, 98488.431641, 7.405253, 817, 3526, 2550001, 93414075, 61630899, 157594975
30000, 30000, 0, 0, dp_21.000000, 967916, 20007, 1427473.639926, inf, 173.41040462427745, 606.6061937885327, 149703.131544, 806107.682005, 1.683928, 43179.075741, 427869.415797, 612.650911, 3633, 4941, 10350001, 34415654, 305302210, 350067865, 997215, 9878, 838569.36401, inf, 348.83720930232556, 1036.9673343789361, 220752.044606, 381746.276205, 0.405701, 21752.758138, 214244.448171, 73.431189, 1806, 4692, 5130001, 51455512, 146178749, 202764262, 967389, 5333, 699569.29043, inf, 697.6744186046511, 1964.3799982991286, 406163.411279, 173294.63846, 0.104205, 10714.696699, 109387.395083, 9.044704, 903, 3296, 2550001, 93414075, 68319467, 164283543
30000, 30000, 0, 0, dp_23.000000, 967897, 19988, 1547406.291022, inf, 173.41040462427745, 606.6061937885327, 149703.131544, 882612.897344, 1.521975, 43179.075741, 471173.606145, 736.058273, 3979, 4399, 10350001, 34415654, 334298535, 379064190, 997197, 9860, 897727.3482969999, inf, 348.83720930232556, 1036.9673343789361, 220752.044606, 418466.479123, 0.398667, 21752.758138, 236666.048861, 89.618902, 1978, 4323, 5130001, 51455512, 160405385, 216990898, 967350, 5294, 729607.1948090001, inf, 697.6744186046511, 1964.3799982991286, 406163.411279, 190408.773198, 0.102883, 10714.696699, 122309.196649, 11.014101, 989, 3078, 2550001, 93414075, 75102975, 171067051
30000, 30000, 0, 0, dp_25.000000, 967882, 19973, 1671784.180053, inf, 173.41040462427745, 606.6061937885327, 149703.131544, 964066.022182, 1.494712, 43179.075741, 513959.828749, 874.627125, 4325, 3936, 10350001, 34415654, 364024433, 408790088, 997197, 9860, 950148.001527, inf, 348.83720930232556, 1036.9673343789361, 220752.044606, 450122.030082, 0.411502, 21752.758138, 257414.38026, 106.376939, 2150, 4007, 5130001, 51455512, 174516065, 231101578, 967336, 5280, 752341.956756, inf, 697.6744186046511, 1964.3799982991286, 406163.411279, 204051.172689, 0.101991, 10714.696699, 131399.731906, 12.842192, 1075, 2882, 2550001, 93414075, 81886483, 177850559
30000, 30000, 0, 0, dp_27.000000, 967869, 19960, 1793524.912764, inf, 173.41040462427745, 606.6061937885327, 149703.131544, 1038700.236394, 1.473653, 43179.075741, 560920.702922, 1020.29251, 4671, 3531, 10350001, 34415654, 392699411, 437465066, 997195, 9858, 1011573.7582049998, inf, 348.83720930232556, 1036.9673343789361, 220752.044606, 487099.551575, 0.393157, 21752.758138, 281844.844086, 124.166643, 2322, 3717, 5130001, 51455512, 188742701, 245328214, 967333, 5277, 777745.8513539999, inf, 697.6744186046511, 1964.3799982991286, 406163.411279, 218605.196606, 0.105027, 10714.696699, 142247.428409, 15.013334, 1161, 2707, 2550001, 93414075, 88137965, 184102041
30000, 30000, 0, 0, dp_29.000000, 967856, 19947, 1904958.319184, inf, 173.41040462427745, 606.6061937885327, 149703.131544, 1108370.81636, 1.496536, 43179.075741, 602527.614951, 1176.184052, 5017, 3158, 10350001, 34415654, 421127168, 465892823, 997161, 9824, 1067960.392343, inf, 348.83720930232556, 1036.9673343789361, 220752.044606, 522960.21566, 0.406182, 21752.758138, 302351.974821, 142.992936, 2494, 3446, 5130001, 51455512, 202679447, 259264960, 967333, 5277, 802810.563495, inf, 697.6744186046511, 1964.3799982991286, 406163.411279, 233478.563434, 0.103254, 10714.696699, 152436.416101, 17.372728, 1247, 2554, 2550001, 93414075, 94351833, 190315909
30000, 30000, 0, 0, dp_3.000000, 971164, 23255, 354232.965882, inf, 173.41040462427745, 606.6061937885327, 149703.131544, 118306.217047, 1.498501, 43179.075741, 43034.358823, 8.684226, 519, 24218, 10350001, 34415654, 39346834, 84112489, 998703, 11366, 319912.75460200006, inf, 348.83720930232556, 1036.9673343789361, 220752.044606, 55630.924108, 0.41087, 21752.758138, 21775.521026, 1.095854, 258, 15295, 5130001, 51455512, 18660890, 75246403, 968049, 5993, 453693.292175, inf, 697.6744186046511, 1964.3799982991286, 406163.411279, 25502.313999, 0.104947, 10714.696699, 11312.578551, 0.1867, 129, 8492, 2550001, 93414075, 8817549, 104781625
30000, 30000, 0, 0, dp_31.000000, 967845, 19936, 2023427.4384470002, inf, 173.41040462427745, 606.6061937885327, 149703.131544, 1185794.545101, 1.539337, 43179.075741, 643404.769539, 1344.377185, 5363, 2814, 10350001, 34415654, 450853066, 495618721, 997153, 9816, 1123160.362352, inf, 348.83720930232556, 1036.9673343789361, 220752.044606, 556565.113318, 0.353943, 21752.758138, 323926.305416, 163.786931, 2666, 3204, 5130001, 51455512, 216218087, 272803600, 967333, 5277, 834549.6415380001, inf, 697.6744186046511, 1964.3799982991286, 406163.411279, 253513.98606, 0.102793, 10714.696699, 164137.478477, 19.96623, 1333, 2417, 2550001, 93414075, 101135341, 197099417
30000, 30000, 0, 0, dp_33.000000, 967832, 19923, 2149389.416838, inf, 173.41040462427745, 606.6061937885327, 149703.131544, 1267272.311167, 1.478923, 43179.075741, 687708.805735, 1524.613728, 5709, 2505, 10350001, 34415654, 479894540, 524660195, 997142, 9805, 1180073.335934, inf, 348.83720930232556, 1036.9673343789361, 220752.044606, 590013.146226, 0.358352, 21752.758138, 347369.135069, 185.893543, 2838, 2999, 5130001, 51455512, 230065139, 286650652, 967295, 5239, 858128.768625, inf, 697.6744186046511, 1964.3799982991286, 406163.411279, 265852.849907, 0.104666, 10714.696699, 175375.141494, 22.56458, 1419, 2290, 2550001, 93414075, 107619949, 203584025
30000, 30000, 0, 0, dp_35.000000, 967824, 19915, 2267789.9867559997, inf, 173.41040462427745, 606.6061937885327, 149703.131544, 1343938.933159, 1.597005, 43179.075741, 729248.363547, 1718.88576, 6055, 2237, 10350001, 34415654, 509567892, 554333547, 997128, 9791, 1234015.854464, inf, 348.83720930232556, 1036.9673343789361, 220752.044606, 627631.117355, 0.355987, 21752.758138, 363669.671206, 209.907172, 3010, 2812, 5130001, 51455512, 244291775, 300877288, 967294, 5238, 885371.854026, inf, 697.6744186046511, 1964.3799982991286, 406163.411279, 282600.243446, 0.106289, 10714.696699, 185867.771546, 25.624767, 1505, 2179, 2550001, 93414075, 114365481, 210329557
30000, 30000, 0, 0, dp_37.000000, 967819, 19910, 2386942.3292270005, inf, 173.41040462427745, 606.6061937885327, 149703.131544, 1420926.701055, 1.518066, 43179.075741, 771212.400083, 1919.502738, 6401, 1995, 10350001, 34415654, 538345310, 583110965, 997124, 9787, 1292534.3843029998, inf, 348.83720930232556, 1036.9673343789361, 220752.044606, 662313.761287, 0.352581, 21752.758138, 387480.775667, 234.692024, 3182, 2638, 5130001, 51455512, 258518411, 315103924, 967294, 5238, 913047.023068, inf, 697.6744186046511, 1964.3799982991286, 406163.411279, 299479.870828, 0.103564, 10714.696699, 196660.352316, 28.588382, 1591, 2079, 2550001, 93414075, 121148989, 217113065
30000, 30000, 0, 0, dp_39.000000, 967811, 19902, 2507612.649961, inf, 173.41040462427745, 606.6061937885327, 149703.131544, 1493162.338798, 1.502097, 43179.075741, 819434.910644, 2131.691137, 6747, 1786, 10350001, 34415654, 567353114, 612118769, 997123, 9786, 1352676.0675809998, inf, 348.83720930232556, 1036.9673343789361, 220752.044606, 698461.269476, 0.351419, 21752.758138, 411442.978795, 266.665147, 3354, 2479, 5130001, 51455512, 272644886, 329230399, 967294, 5238, 941548.3996910001, inf, 697.6744186046511, 1964.3799982991286, 406163.411279, 316616.521215, 0.105618, 10714.696699, 208021.922527, 31.742353, 1677, 1977, 2550001, 93414075, 127932497, 223896573
30000, 30000, 0, 0, dp_5.000000, 969689, 21780, 473898.15355600003, inf, 173.41040462427745, 606.6061937885327, 149703.131544, 194715.619755, 1.520992, 43179.075741, 86269.711232, 29.094292, 865, 18145, 10350001, 34415654, 69013452, 113779107, 997825, 10488, 377865.7464930001, inf, 348.83720930232556, 1036.9673343789361, 220752.044606, 91940.016489, 0.411732, 21752.758138, 43417.018903, 3.496625, 430, 12246, 5130001, 51455512, 32858537, 89444050, 967746, 5690, 481262.47205900005, inf, 697.6744186046511, 1964.3799982991286, 406163.411279, 42394.314671, 0.105067, 10714.696699, 21989.464193, 0.48015, 215, 7080, 2550001, 93414075, 15525105, 111489181
30000, 30000, 0, 0, dp_7.000000, 968914, 21005, 592954.102665, inf, 173.41040462427745, 606.6061937885327, 149703.131544, 271832.041507, 1.518147, 43179.075741, 128177.033527, 61.302199, 1211, 14352, 10350001, 34415654, 98571611, 143337266, 997674, 10337, 436118.387919, inf, 348.83720930232556, 1036.9673343789361, 220752.044606, 128539.313174, 0.401693, 21752.758138, 65066.227599, 7.642709, 602, 10316, 5130001, 51455512, 47085173, 103670686, 967620, 5564, 508641.78202999994, inf, 697.6744186046511, 1964.3799982991286, 406163.411279, 58810.520685, 0.101681, 10714.696699, 32951.895889, 1.155797, 301, 6125, 2550001, 93414075, 22308613, 118272689
30000, 30000, 0, 0, dp_9.000000, 968532, 20623, 717271.628682, inf, 173.41040462427745, 606.6061937885327, 149703.131544, 352162.038879, 1.328882, 43179.075741, 172121.053711, 104.999925, 1557, 11768, 10350001, 34415654, 128297509, 173063164, 997596, 10259, 492852.073766, inf, 348.83720930232556, 1036.9673343789361, 220752.044606, 163871.400559, 0.419457, 21752.758138, 86462.810246, 12.64076, 774, 8907, 5130001, 51455512, 61216913, 117802426, 967594, 5538, 536133.310889, inf, 697.6744186046511, 1964.3799982991286, 406163.411279, 75125.214303, 0.103544, 10714.696699, 44128.103925, 1.781139, 387, 5410, 2550001, 93414075, 28975377, 124939453
30000, 30000, 0, 0, fixed_reps_1, 976530, 28621, 234323.29730700003, inf, 173.41040462427745, 606.6061937885327, 149703.131544, 41273.997208, 1.694968, 43179.075741, 165.397846, 0, 173, 44455, 10350001, 34415654, 9647209, 54412864, 1001594, 14257, 262178.109598, inf, 348.83720930232556, 1036.9673343789361, 220752.044606, 19504.928913, 0.391845, 21752.758138, 167.986096, 0, 86, 25510, 5130001, 51455512, 4510691, 61096204, 969994, 7938, 426648.310789, inf, 697.6744186046511, 1964.3799982991286, 406163.411279, 9577.334106, 0.105077, 10714.696699, 192.763628, 0, 43, 13858, 2550001, 93414075, 2082919, 98046995
30000, 30000, 0, 0, fixed_reps_11, 968406, 20497, 618737.966885, inf, 173.41040462427745, 606.6061937885327, 149703.131544, 424467.271884, 1.51987, 43179.075741, 1386.967846, 0, 1903, 15660, 10350001, 34415654, 106117569, 150883224, 997489, 10152, 443428.63042400003, inf, 348.83720930232556, 1036.9673343789361, 220752.044606, 199495.267549, 0.413125, 21752.758138, 1428.147006, 0, 946, 11012, 5130001, 51455512, 49616741, 106202254, 967602, 5546, 509233.349221, inf, 697.6744186046511, 1964.3799982991286, 406163.411279, 90891.813522, 0.10146, 10714.696699, 1463.326261, 0, 473, 6533, 2550001, 93414075, 22911679, 118875755
30000, 30000, 0, 0, fixed_reps_13, 968309, 20400, 699110.477166, inf, 173.41040462427745, 606.6061937885327, 149703.131544, 504572.269435, 1.521644, 43179.075741, 1654.478802, 0, 2249, 14169, 10350001, 34415654, 125411641, 170177296, 997437, 10100, 479715.94677700003, inf, 348.83720930232556, 1036.9673343789361, 220752.044606, 235529.716399, 0.406162, 21752.758138, 1681.021472, 0, 1118, 10027, 5130001, 51455512, 58637951, 115223464, 967593, 5537, 526816.366314, inf, 697.6744186046511, 1964.3799982991286, 406163.411279, 108239.037132, 0.102221, 10714.696699, 1699.118983, 0, 559, 6059, 2550001, 93414075, 27077431, 123041507
30000, 30000, 0, 0, fixed_reps_15, 968187, 20278, 773590.0268580001, inf, 173.41040462427745, 606.6061937885327, 149703.131544, 578825.662295, 1.702303, 43179.075741, 1880.454975, 0, 2595, 12970, 10350001, 34415654, 144705713, 189471368, 997428, 10091, 515701.809108, inf, 348.83720930232556, 1036.9673343789361, 220752.044606, 271259.520875, 0.394349, 21752.758138, 1937.09114, 0, 1290, 9323, 5130001, 51455512, 67659161, 124244674, 967570, 5514, 542577.4526, inf, 697.6744186046511, 1964.3799982991286, 406163.411279, 123727.288835, 0.100639, 10714.696699, 1971.955148, 0, 645, 5710, 2550001, 93414075, 31243183, 127207259
30000, 30000, 0, 0, fixed_reps_17, 968130, 20221, 853705.865659, inf, 173.41040462427745, 606.6061937885327, 149703.131544, 658686.895426, 1.694728, 43179.075741, 2135.06822, 0, 2941, 11633, 10350001, 34415654, 163999785, 208765440, 997358, 10021, 556528.4246569999, inf, 348.83720930232556, 1036.9673343789361, 220752.044606, 311802.69142, 0.404118, 21752.758138, 2220.526375, 0, 1462, 8514, 5130001, 51455512, 76680371, 133265884, 967480, 5424, 558601.0014340001, inf, 697.6744186046511, 1964.3799982991286, 406163.411279, 139515.63834, 0.099757, 10714.696699, 2207.155359, 0, 731, 5357, 2550001, 93414075, 35408935, 131373011
30000, 30000, 0, 0, fixed_reps_19, 968107, 20198, 931473.888127, inf, 173.41040462427745, 606.6061937885327, 149703.131544, 736209.866234, 1.727951, 43179.075741, 2380.086657, 0, 3287, 10658, 10350001, 34415654, 183293857, 228059512, 997337, 10000, 587981.477376, inf, 348.83720930232556, 1036.9673343789361, 220752.044606, 343025.329574, 0.411201, 21752.758138, 2450.933857, 0, 1634, 8039, 5130001, 51455512, 85701581, 142287094, 967480, 5424, 575184.3528280001, inf, 697.6744186046511, 1964.3799982991286, 406163.411279, 155855.657448, 0.095699, 10714.696699, 2450.491703, 0, 817, 5110, 2550001, 93414075, 39574687, 135538763
30000, 30000, 0, 0, fixed_reps_21, 968056, 20147, 1002819.146631, inf, 173.41040462427745, 606.6061937885327, 149703.131544, 807311.76726, 1.515762, 43179.075741, 2623.656324, 0, 3633, 9910, 10350001, 34415654, 202587929, 247353584, 997328, 9991, 624354.666092, inf, 348.83720930232556, 1036.9673343789361, 220752.044606, 379145.265565, 0.399119, 21752.758138, 2704.198664, 0, 1806, 7447, 5130001, 51455512, 94722791, 151308304, 967420, 5364, 592003.1962880001, inf, 697.6744186046511, 1964.3799982991286, 406163.411279, 172419.828489, 0.126136, 10714.696699, 2705.133685, 0, 903, 4873, 2550001, 93414075, 43740439, 139704515
30000, 30000, 0, 0, fixed_reps_23, 968054, 20145, 1087795.621287, inf, 173.41040462427745, 606.6061937885327, 149703.131544, 892042.570433, 1.523908, 43179.075741, 2869.319661, 0, 3979, 9237, 10350001, 34415654, 221882001, 266647656, 997302, 9965, 659517.931567, inf, 348.83720930232556, 1036.9673343789361, 220752.044606, 414028.196797, 0.405541, 21752.758138, 2984.526485, 0, 1978, 7037, 5130001, 51455512, 103744001, 160329514, 967404, 5348, 609616.863707, inf, 697.6744186046511, 1964.3799982991286, 406163.411279, 188989.898643, 0.194274, 10714.696699, 3748.662812, 0, 989, 4640, 2550001, 93414075, 47906191, 143870267
30000, 30000, 0, 0, fixed_reps_25, 968035, 20126, 1158046.400726, inf, 173.41040462427745, 606.6061937885327, 149703.131544, 962017.417803, 1.641708, 43179.075741, 3145.13393, 0, 4325, 8528, 10350001, 34415654, 241176073, 285941728, 997302, 9965, 690650.2512010001, inf, 348.83720930232556, 1036.9673343789361, 220752.044606, 444965.638243, 0.35196, 21752.758138, 3179.458254, 0, 2150, 6684, 5130001, 51455512, 112765211, 169350724, 967392, 5336, 625061.158697, inf, 697.6744186046511, 1964.3799982991286, 406163.411279, 204987.217186, 0.10137, 10714.696699, 3195.732163, 0, 1075, 4461, 2550001, 93414075, 52071943, 148036019
30000, 30000, 0, 0, fixed_reps_27, 968009, 20100, 1241926.875944, inf, 173.41040462427745, 606.6061937885327, 149703.131544, 1045664.841136, 1.537604, 43179.075741, 3378.289919, 0, 4671, 8073, 10350001, 34415654, 260470145, 305235800, 997248, 9911, 731995.797718, inf, 348.83720930232556, 1036.9673343789361, 220752.044606, 486066.528546, 0.35227, 21752.758138, 3424.114158, 0, 2322, 6350, 5130001, 51455512, 121786421, 178371934, 967383, 5327, 641254.114717, inf, 697.6744186046511, 1964.3799982991286, 406163.411279, 220898.882414, 0.103905, 10714.696699, 3477.02042, 0, 1161, 4252, 2550001, 93414075, 56237695, 152201771
30000, 30000, 0, 0, fixed_reps_29, 968002, 20093, 1311485.260507, inf, 173.41040462427745, 606.6061937885327, 149703.131544, 1114974.512402, 1.507647, 43179.075741, 3627.033173, 0, 5017, 7582, 10350001, 34415654, 279764217, 324529872, 997247, 9910, 764269.306139, inf, 348.83720930232556, 1036.9673343789361, 220752.044606, 518101.297999, 0.398798, 21752.758138, 3662.806598, 0, 2494, 6037, 5130001, 51455512, 130807631, 187393144, 967365, 5309, 659864.573681, inf, 697.6744186046511, 1964.3799982991286, 406163.411279, 239215.25493, 0.089488, 10714.696699, 3771.121285, 0, 1247, 4023, 2550001, 93414075, 60403447, 156367523
30000, 30000, 0, 0, fixed_reps_3, 971244, 23335, 312488.22581100004, inf, 173.41040462427745, 606.6061937885327, 149703.131544, 119213.114608, 1.689268, 43179.075741, 391.21465, 0, 519, 30171, 10350001, 34415654, 28941281, 73706936, 998684, 11347, 298754.60250700003, inf, 348.83720930232556, 1036.9673343789361, 220752.044606, 55848.5609, 0.393087, 21752.758138, 400.845776, 0, 258, 18278, 5130001, 51455512, 13531901, 70117414, 968375, 6319, 442660.657506, inf, 697.6744186046511, 1964.3799982991286, 406163.411279, 25313.218567, 0.102181, 10714.696699, 469.22878, 0, 129, 10520, 2550001, 93414075, 6248671, 102212747
30000, 30000, 0, 0, fixed_reps_31, 968002, 20093, 1387613.9361579998, inf, 173.41040462427745, 606.6061937885327, 149703.131544, 1190848.013785, 1.678988, 43179.075741, 3882.0361, 0, 5363, 7279, 10350001, 34415654, 299058289, 343823944, 997235, 9898, 803667.279234, inf, 348.83720930232556, 1036.9673343789361, 220752.044606, 557234.790595, 0.399059, 21752.758138, 3927.286836, 0, 2666, 5780, 5130001, 51455512, 139828841, 196414354, 967351, 5295, 675374.996152, inf, 697.6744186046511, 1964.3799982991286, 406163.411279, 254505.658523, 0.124333, 10714.696699, 3991.105318, 0, 1333, 3829, 2550001, 93414075, 64569199, 160533275
30000, 30000, 0, 0, fixed_reps_33, 967986, 20077, 1462428.105242, inf, 173.41040462427745, 606.6061937885327, 149703.131544, 1265409.833498, 1.527144, 43179.075741, 4134.537315, 0, 5709, 6941, 10350001, 34415654, 318352361, 363118016, 997203, 9866, 839919.92277, inf, 348.83720930232556, 1036.9673343789361, 220752.044606, 593220.483913, 0.401293, 21752.758138, 4194.23482, 0, 2838, 5574, 5130001, 51455512, 148850051, 205435564, 967351, 5295, 691757.711562, inf, 697.6744186046511, 1964.3799982991286, 406163.411279, 270202.287371, 0.164268, 10714.696699, 4677.151945, 0, 1419, 3671, 2550001, 93414075, 68734951, 164699027
30000, 30000, 0, 0, fixed_reps_35, 967973, 20064, 1554451.837665, inf, 173.41040462427745, 606.6061937885327, 149703.131544, 1357195.661161, 1.483362, 43179.075741, 4372.485857, 0, 6055, 6632, 10350001, 34415654, 337646433, 382412088, 997191, 9854, 874996.5447849999, inf, 348.83720930232556, 1036.9673343789361, 220752.044606, 628050.099095, 0.353352, 21752.758138, 4441.289594, 0, 3010, 5365, 5130001, 51455512, 157871261, 214456774, 967316, 5260, 708514.3530039999, inf, 697.6744186046511, 1964.3799982991286, 406163.411279, 287136.181935, 0.102032, 10714.696699, 4499.961059, 0, 1505, 3554, 2550001, 93414075, 72900703, 168864779
30000, 30000, 0, 0, fixed_reps_37, 967951, 20042, 1621027.977927, inf, 173.41040462427745, 606.6061937885327, 149703.131544, 1423497.490785, 1.47744, 43179.075741, 4646.802417, 0, 6401, 6335, 10350001, 34415654, 356940505, 401706160, 997184, 9847, 912367.0705220001, inf, 348.83720930232556, 1036.9673343789361, 220752.044606, 665183.278181, 0.485781, 21752.758138, 4678.503816, 0, 3182, 5141, 5130001, 51455512, 166892471, 223477984, 967308, 5252, 724907.136307, inf, 697.6744186046511, 1964.3799982991286, 406163.411279, 303242.340499, 0.103043, 10714.696699, 4786.584787, 0, 1591, 3434, 2550001, 93414075, 77066455, 173030531
30000, 30000, 0, 0, fixed_reps_39, 967951, 20042, 1691703.82204, inf, 173.41040462427745, 606.6061937885327, 149703.131544, 1493963.303242, 1.461561, 43179.075741, 4856.849952, 0, 6747, 6068, 10350001, 34415654, 376234577, 421000232, 997169, 9832, 942790.335389, inf, 348.83720930232556, 1036.9673343789361, 220752.044606, 695175.688527, 0.663975, 21752.758138, 5109.180143, 0, 3354, 4971, 5130001, 51455512, 175913681, 232499194, 967308, 5252, 741785.063861, inf, 697.6744186046511, 1964.3799982991286, 406163.411279, 319888.481979, 0.103424, 10714.696699, 5018.37048, 0, 1677, 3327, 2550001, 93414075, 81232207, 177196283
30000, 30000, 0, 0, fixed_reps_41, 967951, 20042, 1767798.4928269999, inf, 173.41040462427745, 606.6061937885327, 149703.131544, 1569809.719442, 1.476459, 43179.075741, 5105.089641, 0, 7093, 5852, 10350001, 34415654, 395528649, 440294304, 997149, 9812, 984890.78591, inf, 348.83720930232556, 1036.9673343789361, 220752.044606, 737165.963426, 0.353593, 21752.758138, 5219.666147, 0, 3526, 4836, 5130001, 51455512, 184934891, 241520404, 967301, 5245, 758202.6534820001, inf, 697.6744186046511, 1964.3799982991286, 406163.411279, 336099.738277, 0.129433, 10714.696699, 5224.677794, 0, 1763, 3246, 2550001, 93414075, 85397959, 181362035
30000, 30000, 0, 0, fixed_reps_5, 969846, 21937, 390169.26174100005, inf, 173.41040462427745, 606.6061937885327, 149703.131544, 196630.096726, 1.496997, 43179.075741, 655.460733, 0, 865, 23899, 10350001, 34415654, 48235353, 93001008, 998029, 10692, 334109.271657, inf, 348.83720930232556, 1036.9673343789361, 220752.044606, 90950.243416, 0.353964, 21752.758138, 653.871533, 0, 430, 15097, 5130001, 51455512, 22553111, 79138624, 967813, 5757, 459276.38874200004, inf, 697.6744186046511, 1964.3799982991286, 406163.411279, 41734.077246, 0.10151, 10714.696699, 664.102008, 0, 215, 8484, 2550001, 93414075, 10414423, 106378499
30000, 30000, 0, 0, fixed_reps_7, 969183, 21274, 466504.896435, inf, 173.41040462427745, 606.6061937885327, 149703.131544, 272724.809023, 1.548053, 43179.075741, 896.332074, 0, 1211, 20274, 10350001, 34415654, 67529425, 112295080, 997818, 10481, 370804.43805800006, inf, 348.83720930232556, 1036.9673343789361, 220752.044606, 127387.241544, 0.397455, 21752.758138, 911.996315, 0, 602, 13166, 5130001, 51455512, 31574321, 88159834, 967669, 5613, 475812.793595, inf, 697.6744186046511, 1964.3799982991286, 406163.411279, 58008.487953, 0.099115, 10714.696699, 926.098549, 0, 301, 7638, 2550001, 93414075, 14580175, 110544251
30000, 30000, 0, 0, fixed_reps_9, 968756, 20847, 545230.8675020001, inf, 173.41040462427745, 606.6061937885327, 149703.131544, 351196.869363, 1.689568, 43179.075741, 1150.101286, 0, 1557, 17791, 10350001, 34415654, 86823497, 131589152, 997710, 10373, 405605.315565, inf, 348.83720930232556, 1036.9673343789361, 220752.044606, 161941.378005, 0.398818, 21752.758138, 1158.735998, 0, 774, 12200, 5130001, 51455512, 40595531, 97181044, 967644, 5588, 492609.20858900005, inf, 697.6744186046511, 1964.3799982991286, 406163.411279, 74552.319195, 0.100519, 10714.696699, 1178.680897, 0, 387, 7045, 2550001, 93414075, 18745927, 114710003
30000, 30000, 0, 0, greedy_1.000000, 976530, 28621, 234233.99622200002, inf, 173.41040462427745, 606.6061937885327, 149703.131544, 41213.517013, 1.618024, 43179.075741, 136.644231, 0.009669, 173, 44455, 10350001, 34415654, 9647209, 54412864, 1001594, 14257, 262030.589351, inf, 348.83720930232556, 1036.9673343789361, 220752.044606, 19365.045761, 0.401423, 21752.758138, 160.333763, 0.00566, 86, 25510, 5130001, 51455512, 4510691, 61096204, 969994, 7938, 428706.699641, inf, 697.6744186046511, 1964.3799982991286, 406163.411279, 11572.659891, 0.104837, 10714.696699, 255.819461, 0.007474, 43, 13858, 2550001, 93414075, 2082919, 98046995
30000, 30000, 0, 0, greedy_11.000000, 968232, 20323, 835730.807438, inf, 173.41040462427745, 606.6061937885327, 149703.131544, 427428.239881, 1.719844, 43179.075741, 215417.979669, 0.660759, 1903, 11710, 10350001, 34415654, 158102226, 202867881, 997531, 10194, 545893.955548, inf, 348.83720930232556, 1036.9673343789361, 220752.044606, 196446.707076, 0.47478, 21752.758138, 106941.782454, 0.188494, 946, 9653, 5130001, 51455512, 75093017, 131678530, 967505, 5449, 563577.591329, inf, 697.6744186046511, 1964.3799982991286, 406163.411279, 91834.89211, 0.102112, 10714.696699, 54864.403588, 0.085541, 473, 5536, 2550001, 93414075, 35758885, 131722961
30000, 30000, 0, 0, greedy_13.000000, 968146, 20237, 918847.997768, inf, 173.41040462427745, 606.6061937885327, 149703.131544, 468677.454598, 1.512967, 43179.075741, 257286.281222, 0.541696, 2249, 11091, 10350001, 34415654, 179118657, 223884312, 997447, 10110, 593941.571311, inf, 348.83720930232556, 1036.9673343789361, 220752.044606, 222687.893602, 0.55698, 21752.758138, 128748.096009, 0.221976, 1118, 8515, 5130001, 51455512, 86768621, 143354134, 967464, 5408, 581722.1472540001, inf, 697.6744186046511, 1964.3799982991286, 406163.411279, 99023.163581, 0.104766, 10714.696699, 65820.669669, 0.10126, 559, 5338, 2550001, 93414075, 40157187, 136121263
30000, 30000, 0, 0, greedy_15.000000, 968138, 20229, 999935.257517, inf, 173.41040462427745, 606.6061937885327, 149703.131544, 505104.623934, 1.5199, 43179.075741, 301946.284702, 0.621696, 2595, 11041, 10350001, 34415654, 198589115, 243354770, 997439, 10102, 632422.770056, inf, 348.83720930232556, 1036.9673343789361, 220752.044606, 239042.401221, 0.457267, 21752.758138, 150874.854347, 0.254477, 1290, 8455, 5130001, 51455512, 96009149, 152594662, 967464, 5408, 600232.458403, inf, 697.6744186046511, 1964.3799982991286, 406163.411279, 105679.565518, 0.205285, 10714.696699, 77674.429901, 0.149721, 645, 5301, 2550001, 93414075, 44370155, 140334231
30000, 30000, 0, 0, greedy_17.000000, 968125, 20216, 1078672.242225, inf, 173.41040462427745, 606.6061937885327, 149703.131544, 541894.162547, 1.503329, 43179.075741, 343893.688047, 0.681017, 2941, 11008, 10350001, 34415654, 218059573, 262825228, 997396, 10059, 670841.311306, inf, 348.83720930232556, 1036.9673343789361, 220752.044606, 255522.612663, 0.577632, 21752.758138, 172813.06399, 0.254277, 1462, 8425, 5130001, 51455512, 105249677, 161835190, 967464, 5408, 616519.4673499999, inf, 697.6744186046511, 1964.3799982991286, 406163.411279, 112191.120766, 0.106069, 10714.696699, 87450.027701, 0.104836, 731, 5275, 2550001, 93414075, 48583123, 144547199
30000, 30000, 0, 0, greedy_19.000000, 968120, 20211, 1157692.878846, inf, 173.41040462427745, 606.6061937885327, 149703.131544, 578082.040542, 1.513027, 43179.075741, 386726.356374, 0.761618, 3287, 10986, 10350001, 34415654, 237530031, 282295686, 997383, 10046, 710370.033666, inf, 348.83720930232556, 1036.9673343789361, 220752.044606, 273849.738426, 0.402856, 21752.758138, 194014.805236, 0.284404, 1634, 8401, 5130001, 51455512, 114490205, 171075718, 967459, 5403, 634208.74407, inf, 697.6744186046511, 1964.3799982991286, 406163.411279, 118841.980982, 0.112461, 10714.696699, 98488.431641, 0.111008, 817, 5259, 2550001, 93414075, 52796091, 148760167
30000, 30000, 0, 0, greedy_21.000000, 968113, 20204, 1234335.6695070001, inf, 173.41040462427745, 606.6061937885327, 149703.131544, 613581.727166, 1.485906, 43179.075741, 427869.415797, 0.833353, 3633, 10971, 10350001, 34415654, 257000489, 301766144, 997383, 10046, 746115.931568, inf, 348.83720930232556, 1036.9673343789361, 220752.044606, 289365.929785, 0.443091, 21752.758138, 214244.448171, 0.307777, 1806, 8386, 5130001, 51455512, 123730733, 180316246, 967459, 5403, 651228.995843, inf, 697.6744186046511, 1964.3799982991286, 406163.411279, 124963.274202, 0.107551, 10714.696699, 109387.395083, 0.111029, 903, 5245, 2550001, 93414075, 57009059, 152973135
30000, 30000, 0, 0, greedy_23.000000, 968095, 20186, 1316944.3083810003, inf, 173.41040462427745, 606.6061937885327, 149703.131544, 652886.049566, 1.494993, 43179.075741, 471173.606145, 0.950392, 3979, 10959, 10350001, 34415654, 276470947, 321236602, 997340, 10003, 784258.7041259999, inf, 348.83720930232556, 1036.9673343789361, 220752.044606, 305087.107784, 0.412804, 21752.758138, 236666.048861, 0.331933, 1978, 8373, 5130001, 51455512, 132971261, 189556774, 967429, 5373, 673278.2713689998, inf, 697.6744186046511, 1964.3799982991286, 406163.411279, 134090.744366, 0.103514, 10714.696699, 122309.196649, 0.118862, 989, 5233, 2550001, 93414075, 61222027, 157186103
30000, 30000, 0, 0, greedy_25.000000, 968087, 20178, 1398406.4070539998, inf, 173.41040462427745, 606.6061937885327, 149703.131544, 691561.669163, 1.708895, 43179.075741, 513959.828749, 0.992962, 4325, 10950, 10350001, 34415654, 295941405, 340707060, 997340, 10003, 821060.1708189999, inf, 348.83720930232556, 1036.9673343789361, 220752.044606, 321140.216981, 0.413765, 21752.758138, 257414.38026, 0.357069, 2150, 8363, 5130001, 51455512, 142211789, 198797302, 967410, 5354, 686560.869297, inf, 697.6744186046511, 1964.3799982991286, 406163.411279, 138282.796457, 0.10695, 10714.696699, 131399.731906, 0.126006, 1075, 5224, 2550001, 93414075, 65434995, 161399071
30000, 30000, 0, 0, greedy_27.000000, 968081, 20172, 1492052.9480350001, inf, 173.41040462427745, 606.6061937885327, 149703.131544, 738247.511682, 1.474785, 43179.075741, 560920.702922, 1.051361, 4671, 10941, 10350001, 34415654, 315411863, 360177518, 997340, 10003, 866731.739481, inf, 348.83720930232556, 1036.9673343789361, 220752.044606, 342381.312518, 0.406693, 21752.758138, 281844.844086, 0.37344, 2322, 8353, 5130001, 51455512, 151452317, 208037830, 967410, 5354, 704049.265433, inf, 697.6744186046511, 1964.3799982991286, 406163.411279, 144923.488265, 0.103554, 10714.696699, 142247.428409, 0.137227, 1161, 5215, 2550001, 93414075, 69647963, 165612039
30000, 30000, 0, 0, greedy_29.000000, 968067, 20158, 1570818.4222, inf, 173.41040462427745, 606.6061937885327, 149703.131544, 775405.942871, 1.496977, 43179.075741, 602527.614951, 1.160116, 5017, 10936, 10350001, 34415654, 334882321, 379647976, 997340, 10003, 902337.2336549999, inf, 348.83720930232556, 1036.9673343789361, 220752.044606, 357479.650019, 0.412573, 21752.758138, 302351.974821, 0.393498, 2494, 8344, 5130001, 51455512, 160692845, 217278358, 967377, 5321, 720191.8686719999, inf, 697.6744186046511, 1964.3799982991286, 406163.411279, 150877.103831, 0.105969, 10714.696699, 152436.416101, 0.134793, 1247, 5207, 2550001, 93414075, 73860931, 169825007
30000, 30000, 0, 0, greedy_3.000000, 971367, 23458, 354058.064764, inf, 173.41040462427745, 606.6061937885327, 149703.131544, 118139.75722, 1.606152, 43179.075741, 43034.358823, 0.135284, 519, 26955, 10350001, 34415654, 39287554, 84053209, 998544, 11207, 319449.095422, inf, 348.83720930232556, 1036.9673343789361, 220752.044606, 55168.305678, 0.404478, 21752.758138, 21775.521026, 0.061496, 258, 16120, 5130001, 51455512, 18631901, 75217414, 968043, 5987, 453425.670631, inf, 697.6744186046511, 1964.3799982991286, 406163.411279, 25234.842165, 0.100769, 10714.696699, 11312.578551, 0.041168, 129, 8724, 2550001, 93414075, 8741597, 104705673
30000, 30000, 0, 0, greedy_31.000000, 968061, 20152, 1649043.501674, inf, 173.41040462427745, 606.6061937885327, 149703.131544, 812753.807935, 1.52494, 43179.075741, 643404.769539, 1.191975, 5363, 10933, 10350001, 34415654, 354352779, 399118434, 997339, 10002, 941165.6781730001, inf, 348.83720930232556, 1036.9673343789361, 220752.044606, 374733.749835, 0.407073, 21752.758138, 323926.305416, 0.413105, 2666, 8334, 5130001, 51455512, 169933373, 226518886, 967377, 5321, 739255.3136999999, inf, 697.6744186046511, 1964.3799982991286, 406163.411279, 158239.477116, 0.108834, 10714.696699, 164137.478477, 0.141295, 1333, 5200, 2550001, 93414075, 78073899, 174037975
30000, 30000, 0, 0, greedy_33.000000, 968060, 20151, 1734644.5813799999, inf, 173.41040462427745, 606.6061937885327, 149703.131544, 854050.796642, 1.506976, 43179.075741, 687708.805735, 1.264742, 5709, 10930, 10350001, 34415654, 373823237, 418588892, 997339, 10002, 987645.751669, inf, 348.83720930232556, 1036.9673343789361, 220752.044606, 397770.928015, 0.41614, 21752.758138, 347369.135069, 0.469701, 2838, 8328, 5130001, 51455512, 179173901, 235759414, 967377, 5321, 756870.7894519999, inf, 697.6744186046511, 1964.3799982991286, 406163.411279, 164617.295953, 0.105057, 10714.696699, 175375.141494, 0.13897, 1419, 5193, 2550001, 93414075, 82286867, 178250943
30000, 30000, 0, 0, greedy_35.000000, 968060, 20151, 1812087.99998, inf, 173.41040462427745, 606.6061937885327, 149703.131544, 889954.389979, 1.703474, 43179.075741, 729248.363547, 1.335695, 6055, 10930, 10350001, 34415654, 393293695, 438059350, 997337, 10000, 1013639.345181, inf, 348.83720930232556, 1036.9673343789361, 220752.044606, 407463.957829, 0.445295, 21752.758138, 363669.671206, 0.468107, 3010, 8321, 5130001, 51455512, 188414429, 244999942, 967377, 5321, 774031.380846, inf, 697.6744186046511, 1964.3799982991286, 406163.411279, 171285.246524, 0.107792, 10714.696699, 185867.771546, 0.147006, 1505, 5187, 2550001, 93414075, 86499835, 182463911
30000, 30000, 0, 0, greedy_37.000000, 968060, 20151, 1889227.265374, inf, 173.41040462427745, 606.6061937885327, 149703.131544, 925129.733512, 1.533075, 43179.075741, 771212.400083, 1.391419, 6401, 10930, 10350001, 34415654, 412764153, 457529808, 997327, 9990, 1054507.636945, inf, 348.83720930232556, 1036.9673343789361, 220752.044606, 424521.004297, 0.406983, 21752.758138, 387480.775667, 0.647254, 3182, 8315, 5130001, 51455512, 197654957, 254240470, 967357, 5301, 791409.7276399999, inf, 697.6744186046511, 1964.3799982991286, 406163.411279, 177871.002539, 0.105518, 10714.696699, 196660.352316, 0.159289, 1591, 5181, 2550001, 93414075, 90712803, 186676879
30000, 30000, 0, 0, greedy_39.000000, 968060, 20151, 1982778.5958510002, inf, 173.41040462427745, 606.6061937885327, 149703.131544, 970458.450586, 1.486948, 43179.075741, 819434.910644, 1.540388, 6747, 10930, 10350001, 34415654, 432234611, 477000266, 997327, 9990, 1095856.874675, inf, 348.83720930232556, 1036.9673343789361, 220752.044606, 441907.843402, 0.665017, 21752.758138, 411442.978795, 0.584717, 3354, 8309, 5130001, 51455512, 206895485, 263480998, 967357, 5301, 809476.412109, inf, 697.6744186046511, 1964.3799982991286, 406163.411279, 184576.102982, 0.108403, 10714.696699, 208021.922527, 0.170219, 1677, 5177, 2550001, 93414075, 94925771, 190889847
30000, 30000, 0, 0, greedy_5.000000, 969803, 21894, 473550.4289740001, inf, 173.41040462427745, 606.6061937885327, 149703.131544, 194396.797965, 1.49851, 43179.075741, 86269.711232, 0.213982, 865, 20538, 10350001, 34415654, 68924532, 113690187, 998141, 10804, 377309.28992000007, inf, 348.83720930232556, 1036.9673343789361, 220752.044606, 91386.952445, 0.404028, 21752.758138, 43417.018903, 0.1118, 430, 13997, 5130001, 51455512, 32858537, 89444050, 967707, 5651, 480406.46894299996, inf, 697.6744186046511, 1964.3799982991286, 406163.411279, 41538.746681, 0.100198, 10714.696699, 21989.464193, 0.049893, 215, 7507, 2550001, 93414075, 15408361, 111372437
30000, 30000, 0, 0, greedy_7.000000, 969028, 21119, 596231.203393, inf, 173.41040462427745, 606.6061937885327, 149703.131544, 275170.148449, 1.502728, 43179.075741, 128177.033527, 0.311404, 1211, 16999, 10350001, 34415654, 98650430, 143416085, 997794, 10457, 434338.205977, inf, 348.83720930232556, 1036.9673343789361, 220752.044606, 126766.628247, 0.408176, 21752.758138, 65066.227599, 0.139211, 602, 12334, 5130001, 51455512, 46937564, 103523077, 967621, 5565, 508160.22483799997, inf, 697.6744186046511, 1964.3799982991286, 406163.411279, 58330.056614, 0.099636, 10714.696699, 32951.895889, 0.064721, 301, 6696, 2550001, 93414075, 22191869, 118155945
30000, 30000, 0, 0, greedy_9.000000, 968625, 20716, 717508.602667, inf, 173.41040462427745, 606.6061937885327, 149703.131544, 352503.582291, 1.369038, 43179.075741, 172121.053711, 0.390342, 1557, 13992, 10350001, 34415654, 128376328, 173141983, 997593, 10256, 490459.16896599997, inf, 348.83720930232556, 1036.9673343789361, 220752.044606, 161490.869739, 0.516258, 21752.758138, 86462.810246, 0.169979, 774, 10910, 5130001, 51455512, 60866381, 117451894, 967552, 5496, 536625.352118, inf, 697.6744186046511, 1964.3799982991286, 406163.411279, 75618.969244, 0.102813, 10714.696699, 44128.103925, 0.068158, 387, 6106, 2550001, 93414075, 28975377, 124939453
30000, 30000, 0, 0, opt, 967742, 19833, 3429867.922007, inf, 173.41040462427745, 606.6061937885327, 149703.131544, 3236984.358499, 1.356223, 43179.075741, 0, 0, 0, 0, 10350001, 34415654, 778731720, 823497375, 997054, 9717, 3078291.0096350005, inf, 348.83720930232556, 1036.9673343789361, 220752.044606, 2835785.854941, 0.35195, 21752.758138, 0, 0, 0, 0, 5130001, 51455512, 687735036, 744320549, 967192, 5136, 2781056.4581979997, inf, 697.6744186046511, 1964.3799982991286, 406163.411279, 2364178.256755, 0.093465, 10714.696699, 0, 0, 0, 0, 2550001, 93414075, 567551320, 663515396
30000, 30000, 0, 0, plus_edge, 973655, 25746, 235181.783155, inf, 173.41040462427745, 606.6061937885327, 149703.131544, 42298.219898, 1.355972, 43179.075741, 0, 0, 0, 0, 10350001, 34415654, 9646620, 54412275, 1000643, 13306, 261787.546825, inf, 348.83720930232556, 1036.9673343789361, 220752.044606, 19282.397461, 0.34662, 21752.758138, 0, 0, 0, 0, 5130001, 51455512, 4487830, 61073343, 969350, 7294, 425698.807405, inf, 697.6744186046511, 1964.3799982991286, 406163.411279, 8820.580524, 0.118903, 10714.696699, 0, 0, 0, 0, 2550001, 93414075, 2054640, 98018716
30000, 30000, 0, 0, simple, 976530, 28621, 234706.312872, inf, 173.41040462427745, 606.6061937885327, 149703.131544, 41822.732694, 1.372893, 43179.075741, 0, 0, 0, 0, 10350001, 34415654, 9617036, 54382691, 1001594, 14257, 261780.73701500002, inf, 348.83720930232556, 1036.9673343789361, 220752.044606, 19275.591028, 0.343243, 21752.758138, 0, 0, 0, 0, 5130001, 51455512, 4480605, 61066118, 969994, 7938, 425816.529193, inf, 697.6744186046511, 1964.3799982991286, 406163.411279, 8938.316749, 0.104466, 10714.696699, 0, 0, 0, 0, 2550001, 93414075, 2052876, 98016952
