N, N, MST_Cost, MST_Runtime, RunType, C173_MFC_Cost, C173_MFC_Completion_Cost, C173_MFC_Runtime, C173_Gamma, C173_Cluster_Size_Mu, C173_Cluster_Size_Sigma, C173_Sub_Clustering_Runtime, C173_Completion_Edges_Runtime, C173_Completion_Runtime, C173_Clustering_Runtime, C173_Find_Reps_Runtime, C173_Pick_Reps_Runtime, C173_Rep_Count, C173_Reps_Cost, C173_Clustering_Dist_Calls, C173_Sub_Clustering_Dist_Calls, C173_MFC_Dist_Calls, C173_Dist_Calls, C86_MFC_Cost, C86_MFC_Completion_Cost, C86_MFC_Runtime, C86_Gamma, C86_Cluster_Size_Mu, C86_Cluster_Size_Sigma, C86_Sub_Clustering_Runtime, C86_Completion_Edges_Runtime, C86_Completion_Runtime, C86_Clustering_Runtime, C86_Find_Reps_Runtime, C86_Pick_Reps_Runtime, C86_Rep_Count, C86_Reps_Cost, C86_Clustering_Dist_Calls, C86_Sub_Clustering_Dist_Calls, C86_MFC_Dist_Calls, C86_Dist_Calls, C43_MFC_Cost, C43_MFC_Completion_Cost, C43_MFC_Runtime, C43_Gamma, C43_Cluster_Size_Mu, C43_Cluster_Size_Sigma, C43_Sub_Clustering_Runtime, C43_Completion_Edges_Runtime, C43_Completion_Runtime, C43_Clustering_Runtime, C43_Find_Reps_Runtime, C43_Pick_Reps_Runtime, C43_Rep_Count, C43_Reps_Cost, C43_Clustering_Dist_Calls, C43_Sub_Clustering_Dist_Calls, C43_MFC_Dist_Calls, C43_Dist_Calls
30000, 30000, 0, 0, dp_1.000000, 30130937.97071266, 231571.5633544922, 45751.163895000005, inf, 173.41040462427745, 429.21150896651875, 25978.568121, 7143.528354, 2.130175, 12589.726805, 37.200511, 0.009929, 173, 0, 10350001, 18521404, 9750925, 38622330, 29928364.170511246, 110513.71301269531, 56226.376818000004, inf, 348.83720930232556, 803.7279543862956, 46582.46293, 3450.286756, 0.413887, 6155.765108, 37.441374, 0.006763, 86, 0, 5130001, 32994639, 4800371, 42925011, 29761668.0534153, 52905.75329589844, 95469.97139400001, inf, 697.6744186046511, 1566.3909447105386, 90772.861585, 1602.41684, 0.071514, 3057.083432, 37.533394, 0.004629, 43, 0, 2550001, 63202099, 2213581, 67965681
30000, 30000, 0, 0, dp_11.000000, 30097209.089731216, 197842.68237304688, 176673.807252, inf, 173.41040462427745, 429.21150896651875, 25978.568121, 70865.429066, 2.814888, 12589.726805, 67074.454402, 162.81397, 1903, 136752.21875, 10350001, 18521404, 159197541, 188068946, 29910790.830179214, 92940.37268066406, 120670.00552, inf, 348.83720930232556, 803.7279543862956, 46582.46293, 34516.847358, 0.479288, 6155.765108, 33395.362502, 19.088334, 946, 99560.3984375, 5130001, 32994639, 78206952, 116331592, 29752443.22162819, 43680.92150878906, 126802.912397, inf, 697.6744186046511, 1566.3909447105386, 90772.861585, 15967.252087, 0.091892, 3057.083432, 17003.232507, 2.390894, 473, 69536.5, 2550001, 63202099, 37112807, 102864907
30000, 30000, 0, 0, dp_13.000000, 30095235.21619606, 195868.80883789062, 202558.68250099997, inf, 173.41040462427745, 429.21150896651875, 25978.568121, 83514.651398, 2.172374, 12589.726805, 80244.314562, 229.249241, 2249, 123245.765625, 10350001, 18521404, 189077989, 217949394, 29909434.05756569, 91583.60006713867, 133626.901852, inf, 348.83720930232556, 803.7279543862956, 46582.46293, 40666.326253, 0.476033, 6155.765108, 40194.844136, 27.027392, 1118, 93339.90625, 5130001, 32994639, 92839914, 130964554, 29752165.588998795, 43403.28887939453, 132223.777242, inf, 697.6744186046511, 1566.3909447105386, 90772.861585, 18061.811845, 0.092043, 3057.083432, 20328.552376, 3.375961, 559, 66553.375, 2550001, 63202099, 42906726, 108658826
30000, 30000, 0, 0, dp_15.000000, 30093797.232492447, 194430.82513427734, 228617.005329, inf, 173.41040462427745, 429.21150896651875, 25978.568121, 96242.988984, 2.267803, 12589.726805, 93494.580052, 308.873564, 2595, 111862.9609375, 10350001, 18521404, 219012525, 247883930, 29908737.88642311, 90887.42892456055, 146494.887396, inf, 348.83720930232556, 803.7279543862956, 46582.46293, 47065.610768, 0.467657, 6155.765108, 46654.060181, 36.520752, 1290, 88248.4609375, 5130001, 32994639, 107652726, 145777366, 29751880.11225319, 43117.81213378906, 138598.624332, inf, 697.6744186046511, 1566.3909447105386, 90772.861585, 21053.070564, 0.090901, 3057.083432, 23710.99021, 4.52764, 645, 63730.83984375, 2550001, 63202099, 49957780, 115709880
30000, 30000, 0, 0, dp_17.000000, 30093212.664377213, 193846.25701904297, 254970.60085, inf, 173.41040462427745, 429.21150896651875, 25978.568121, 109016.125935, 2.179167, 12589.726805, 106982.951406, 401.049416, 2941, 102569.703125, 10350001, 18521404, 248947061, 277818466, 29907745.763620377, 89895.30612182617, 159527.332525, inf, 348.83720930232556, 803.7279543862956, 46582.46293, 53359.22926, 0.471905, 6155.765108, 53381.814004, 47.589318, 1462, 83721.671875, 5130001, 32994639, 122465538, 160590178, 29751331.3525486, 42569.05242919922, 144890.55950700003, inf, 697.6744186046511, 1566.3909447105386, 90772.861585, 23932.93308, 0.104717, 3057.083432, 27121.741802, 5.834891, 731, 61238.30859375, 2550001, 63202099, 57008834, 122760934
30000, 30000, 0, 0, dp_19.000000, 30091501.864053726, 192135.45669555664, 280938.5721529999, inf, 173.41040462427745, 429.21150896651875, 25978.568121, 121773.42799, 2.150744, 12589.726805, 120094.26333, 500.435163, 3287, 93915.4609375, 10350001, 18521404, 278881597, 307753002, 29907531.586374283, 89681.12887573242, 172498.636672, inf, 348.83720930232556, 803.7279543862956, 46582.46293, 59700.113261, 0.463569, 6155.765108, 60000.171209, 59.660595, 1634, 79980.8203125, 5130001, 32994639, 137278350, 175402990, 29751133.180002213, 42370.8798828125, 151080.21778200002, inf, 697.6744186046511, 1566.3909447105386, 90772.861585, 26840.00268, 0.091982, 3057.083432, 30402.779279, 7.398824, 817, 58835.0625, 2550001, 63202099, 64059888, 129811988
30000, 30000, 0, 0, dp_21.000000, 30090450.805215836, 191084.39785766602, 307161.341803, inf, 173.41040462427745, 429.21150896651875, 25978.568121, 134492.706785, 2.150464, 12589.726805, 133484.973595, 613.216033, 3633, 86094.7890625, 10350001, 18521404, 308816133, 337687538, 29906593.81940651, 88743.36190795898, 185612.92276800002, inf, 348.83720930232556, 803.7279543862956, 46582.46293, 66042.354661, 0.472486, 6155.765108, 66758.252568, 73.615015, 1806, 76481.5859375, 5130001, 32994639, 152091162, 190215802, 29750741.467294693, 41979.16717529297, 157411.37161399997, inf, 697.6744186046511, 1566.3909447105386, 90772.861585, 29797.320933, 0.304732, 3057.083432, 33774.853673, 8.947259, 903, 56811.70703125, 2550001, 63202099, 71110942, 136863042
30000, 30000, 0, 0, dp_23.000000, 30088874.368722916, 189507.9613647461, 333293.357439, inf, 173.41040462427745, 429.21150896651875, 25978.568121, 147173.472753, 2.195718, 12589.726805, 146812.152132, 737.24191, 3979, 79367.2265625, 10350001, 18521404, 338514893, 367386298, 29906118.155649185, 88267.69815063477, 198709.130921, inf, 348.83720930232556, 803.7279543862956, 46582.46293, 72359.166407, 0.471074, 6155.765108, 73522.415618, 88.849784, 1978, 73078.34375, 5130001, 32994639, 166903974, 205028614, 29750662.60657692, 41900.30645751953, 164033.330571, inf, 697.6744186046511, 1566.3909447105386, 90772.861585, 32583.942372, 0.103915, 3057.083432, 37608.490453, 10.848814, 989, 54913.64453125, 2550001, 63202099, 77922524, 143674624
30000, 30000, 0, 0, dp_25.000000, 30088698.854745865, 189332.4473876953, 359538.20627599995, inf, 173.41040462427745, 429.21150896651875, 25978.568121, 159973.569011, 2.364975, 12589.726805, 160118.958609, 875.018755, 4325, 73620.28125, 10350001, 18521404, 368419957, 397291362, 29905514.386850357, 87663.92935180664, 211427.478634, inf, 348.83720930232556, 803.7279543862956, 46582.46293, 78698.686063, 0.471094, 6155.765108, 79884.459467, 105.633972, 2150, 69662.9765625, 5130001, 32994639, 181716786, 219841426, 29750451.84546852, 41689.545349121094, 170246.600669, inf, 697.6744186046511, 1566.3909447105386, 90772.861585, 35483.695653, 0.108103, 3057.083432, 40919.982413, 12.869483, 1075, 53328.34375, 2550001, 63202099, 84973578, 150725678
30000, 30000, 0, 0, dp_27.000000, 30088118.248361588, 188751.84100341797, 385917.634628, inf, 173.41040462427745, 429.21150896651875, 25978.568121, 172873.113274, 2.183455, 12589.726805, 173456.268877, 1017.774096, 4671, 68433.78125, 10350001, 18521404, 398354493, 427225898, 29905350.683908463, 87500.22640991211, 224015.911259, inf, 348.83720930232556, 803.7279543862956, 46582.46293, 84747.814699, 0.472967, 6155.765108, 86405.669466, 123.726089, 2322, 66347.734375, 5130001, 32994639, 196259823, 234384463, 29749827.684152603, 41065.384033203125, 176669.56155500002, inf, 697.6744186046511, 1566.3909447105386, 90772.861585, 38448.970697, 0.103995, 3057.083432, 44375.512151, 15.029695, 1161, 51751.7578125, 2550001, 63202099, 92024632, 157776732
30000, 30000, 0, 0, dp_29.000000, 30086921.851633072, 187555.44427490234, 412124.328749, inf, 173.41040462427745, 429.21150896651875, 25978.568121, 185565.614145, 2.160853, 12589.726805, 186813.331444, 1174.927381, 5017, 63764.3125, 10350001, 18521404, 428072677, 456944082, 29904834.169260025, 86983.71176147461, 237589.33220700003, inf, 348.83720930232556, 803.7279543862956, 46582.46293, 90994.87556, 0.476874, 6155.765108, 93713.063616, 142.688119, 2494, 63262.14453125, 5130001, 32994639, 211072635, 249197275, 29749583.203256607, 40820.90313720703, 182645.641716, inf, 697.6744186046511, 1566.3909447105386, 90772.861585, 41183.841744, 0.102082, 3057.083432, 47614.33554, 17.417333, 1247, 50317.95703125, 2550001, 63202099, 98866148, 164618248
30000, 30000, 0, 0, dp_3.000000, 30112416.123422623, 213049.71606445312, 72137.048078, inf, 173.41040462427745, 429.21150896651875, 25978.568121, 20062.839836, 2.322715, 12589.726805, 13495.003578, 8.587023, 519, 252844.109375, 10350001, 18521404, 39658417, 68529822, 29920570.480875015, 102720.02337646484, 69193.23435, inf, 348.83720930232556, 803.7279543862956, 46582.46293, 9754.336041, 0.422813, 6155.765108, 6699.183403, 1.064055, 258, 155070.171875, 5130001, 32994639, 19613183, 57737823, 29759033.28864479, 50270.988525390625, 101772.99016900001, inf, 697.6744186046511, 1566.3909447105386, 90772.861585, 4499.183986, 0.089498, 3057.083432, 3443.612479, 0.159189, 129, 95089.5625, 2550001, 63202099, 9234701, 74986801
30000, 30000, 0, 0, dp_31.000000, 30086180.543161392, 186814.13580322266, 438491.653326, inf, 173.41040462427745, 429.21150896651875, 25978.568121, 198420.675731, 2.124183, 12589.726805, 200156.85604, 1343.702446, 5363, 59697.09375, 10350001, 18521404, 458007213, 486878618, 29904776.99555397, 86926.53805541992, 250776.417755, inf, 348.83720930232556, 803.7279543862956, 46582.46293, 97355.782907, 0.484007, 6155.765108, 100518.545372, 163.377431, 2666, 60431.3203125, 5130001, 32994639, 225885447, 264010087, 29748990.553354263, 40228.25323486328, 189197.783474, inf, 697.6744186046511, 1566.3909447105386, 90772.861585, 44141.062523, 0.103143, 3057.083432, 51206.747516, 19.925275, 1333, 49104.12109375, 2550001, 63202099, 105917202, 171669302
30000, 30000, 0, 0, dp_33.000000, 30085696.512765884, 186330.10540771484, 464579.557311, inf, 173.41040462427745, 429.21150896651875, 25978.568121, 211042.105999, 2.144482, 12589.726805, 213444.154076, 1522.857828, 5709, 56055.75390625, 10350001, 18521404, 487470197, 516341602, 29904776.99555397, 86926.53805541992, 263274.109205, inf, 348.83720930232556, 803.7279543862956, 46582.46293, 103730.666355, 0.479499, 6155.765108, 106619.454256, 185.281057, 2838, 57850.703125, 5130001, 32994639, 240698259, 278822899, 29748895.644174576, 40133.34405517578, 195150.8943, inf, 697.6744186046511, 1566.3909447105386, 90772.861585, 47031.277624, 0.107541, 3057.083432, 54266.92303, 22.641088, 1419, 47919.21875, 2550001, 63202099, 112968256, 178720356
30000, 30000, 0, 0, dp_35.000000, 30085595.69715309, 186229.28979492188, 490602.058821, inf, 173.41040462427745, 429.21150896651875, 25978.568121, 223507.28967, 2.17022, 12589.726805, 226810.112616, 1714.191389, 6055, 52724.265625, 10350001, 18521404, 516886041, 545757446, 29903867.939035416, 86017.48153686523, 276356.383039, inf, 348.83720930232556, 803.7279543862956, 46582.46293, 110117.664852, 0.480431, 6155.765108, 113290.607286, 209.402432, 3010, 55384.359375, 5130001, 32994639, 255511071, 293635711, 29748501.10407448, 39738.803955078125, 201301.98714299998, inf, 697.6744186046511, 1566.3909447105386, 90772.861585, 49986.113222, 0.093776, 3057.083432, 57460.233377, 25.601751, 1505, 46826.3125, 2550001, 63202099, 120019310, 185771410
30000, 30000, 0, 0, dp_37.000000, 30085042.951272964, 185676.54391479492, 517052.61599099997, inf, 173.41040462427745, 429.21150896651875, 25978.568121, 236470.467307, 2.180729, 12589.726805, 240092.794432, 1918.878597, 6401, 49676.3671875, 10350001, 18521404, 546820577, 575691982, 29903867.939035416, 86017.48153686523, 289305.564687, inf, 348.83720930232556, 803.7279543862956, 46582.46293, 116350.835537, 0.484038, 6155.765108, 119981.790637, 234.226437, 3182, 53404.8125, 5130001, 32994639, 270323883, 308448523, 29748299.773935318, 39537.47381591797, 207688.098798, inf, 697.6744186046511, 1566.3909447105386, 90772.861585, 52902.390658, 0.103905, 3057.083432, 60927.287063, 28.372155, 1591, 45719.578125, 2550001, 63202099, 127070364, 192822464
30000, 30000, 0, 0, dp_39.000000, 30085015.0629673, 185648.65560913086, 543679.0381, inf, 173.41040462427745, 429.21150896651875, 25978.568121, 249572.809999, 2.184055, 12589.726805, 253402.599541, 2133.149579, 6747, 46837.28515625, 10350001, 18521404, 576755113, 605626518, 29903731.20673561, 85880.74923706055, 301943.96532, inf, 348.83720930232556, 803.7279543862956, 46582.46293, 122687.860233, 0.483016, 6155.765108, 126256.79706, 260.596973, 3354, 51585.4453125, 5130001, 32994639, 285136695, 323261335, 29748431.094125748, 39668.794006347656, 214387.21128000002, inf, 697.6744186046511, 1566.3909447105386, 90772.861585, 55873.837021, 0.108774, 3057.083432, 64651.488556, 31.831912, 1677, 44656.1015625, 2550001, 63202099, 134121418, 199873518
30000, 30000, 0, 0, dp_5.000000, 30106766.890695572, 207400.48333740234, 98325.375804, inf, 173.41040462427745, 429.21150896651875, 25978.568121, 32845.230746, 2.787287, 12589.726805, 26879.403446, 29.659399, 865, 201603.421875, 10350001, 18521404, 69536437, 98407842, 29916749.692789078, 98899.23529052734, 82200.760772, inf, 348.83720930232556, 803.7279543862956, 46582.46293, 16117.757178, 0.471314, 6155.765108, 13340.912111, 3.392131, 430, 132419.59375, 5130001, 32994639, 34396020, 72520660, 29755572.751413345, 46810.45129394531, 108167.852119, inf, 697.6744186046511, 1566.3909447105386, 90772.861585, 7405.733967, 0.089338, 3057.083432, 6931.620017, 0.46378, 215, 85288.703125, 2550001, 63202099, 16225887, 81977987
30000, 30000, 0, 0, dp_7.000000, 30102284.89966774, 202918.4923095703, 124346.02097900001, inf, 173.41040462427745, 429.21150896651875, 25978.568121, 45525.222756, 2.896121, 12589.726805, 40188.044362, 61.562814, 1211, 172340.703125, 10350001, 18521404, 99443929, 128315334, 29914153.87674904, 96303.41925048828, 94721.590587, inf, 348.83720930232556, 803.7279543862956, 46582.46293, 21918.554491, 0.473829, 6155.765108, 20056.966923, 7.367306, 602, 117967.7109375, 5130001, 32994639, 48581328, 86705968, 29754325.523935318, 45563.22381591797, 114376.68460800001, inf, 697.6744186046511, 1566.3909447105386, 90772.861585, 10212.741152, 0.093185, 3057.083432, 10332.774293, 1.130961, 301, 78841.7109375, 2550001, 63202099, 23100501, 88852601
30000, 30000, 0, 0, dp_9.000000, 30098730.077646255, 199363.67028808594, 150704.896763, inf, 173.41040462427745, 429.21150896651875, 25978.568121, 58400.592701, 3.20006, 12589.726805, 53627.730112, 105.078964, 1557, 152783.859375, 10350001, 18521404, 129378465, 158249870, 29912596.967264175, 94746.509765625, 107641.470984, inf, 348.83720930232556, 803.7279543862956, 46582.46293, 28260.197604, 0.420549, 6155.765108, 26629.964361, 12.660432, 774, 107622.4921875, 5130001, 32994639, 63394140, 101518780, 29753208.056222916, 44445.756103515625, 120573.19020000001, inf, 697.6744186046511, 1566.3909447105386, 90772.861585, 13138.506744, 0.108674, 3057.083432, 13603.044412, 1.585353, 387, 73732.28125, 2550001, 63202099, 30151555, 95903655
30000, 30000, 0, 0, fixed_reps_1, 30130937.97071266, 231571.5633544922, 45859.583796, inf, 173.41040462427745, 429.21150896651875, 25978.568121, 7235.943427, 2.188482, 12589.726805, 53.156961, 0, 173, 402844.875, 10350001, 18521404, 9750925, 38622330, 29928364.170511246, 110513.71301269531, 56277.320403, inf, 348.83720930232556, 803.7279543862956, 46582.46293, 3485.648891, 0.424907, 6155.765108, 53.018567, 0, 86, 218335.234375, 5130001, 32994639, 4800371, 42925011, 29761668.0534153, 52905.75329589844, 95467.596292, inf, 697.6744186046511, 1566.3909447105386, 90772.861585, 1586.623157, 0.091611, 3057.083432, 50.936507, 0, 43, 120407.1171875, 2550001, 63202099, 2213581, 67965681
30000, 30000, 0, 0, fixed_reps_11, 30105932.070444107, 206565.6630859375, 109485.005865, inf, 173.41040462427745, 429.21150896651875, 25978.568121, 70487.097069, 2.183342, 12589.726805, 427.430528, 0, 1903, 212221.546875, 10350001, 18521404, 107258445, 136129850, 29916849.920022964, 98999.46252441406, 87800.079293, inf, 348.83720930232556, 803.7279543862956, 46582.46293, 34634.315987, 0.475913, 6155.765108, 427.059355, 0, 946, 129811.7578125, 5130001, 32994639, 52803221, 90927861, 29753904.15296364, 45141.85284423828, 110098.09997400001, inf, 697.6744186046511, 1566.3909447105386, 90772.861585, 15835.94804, 0.091462, 3057.083432, 432.115455, 0, 473, 84461.953125, 2550001, 63202099, 24348961, 90101061
30000, 30000, 0, 0, fixed_reps_13, 30103066.392404556, 203699.98504638672, 122194.96520500001, inf, 173.41040462427745, 429.21150896651875, 25978.568121, 83121.47212, 2.197178, 12589.726805, 503.000981, 0, 2249, 192640.0625, 10350001, 18521404, 126759949, 155631354, 29916288.062906265, 98437.60540771484, 94098.73463100001, inf, 348.83720930232556, 803.7279543862956, 46582.46293, 40854.471969, 0.432641, 6155.765108, 505.601983, 0, 1118, 124622.4296875, 5130001, 32994639, 62403791, 100528431, 29753745.227060318, 44982.92694091797, 113021.593578, inf, 697.6744186046511, 1566.3909447105386, 90772.861585, 18681.160744, 0.091261, 3057.083432, 510.396556, 0, 559, 81812.6640625, 2550001, 63202099, 28776037, 94528137
30000, 30000, 0, 0, fixed_reps_15, 30101617.266672134, 202250.85931396484, 134826.4307, inf, 173.41040462427745, 429.21150896651875, 25978.568121, 95676.350401, 2.163346, 12589.726805, 579.622027, 0, 2595, 179065.203125, 10350001, 18521404, 146261453, 175132858, 29915449.27152443, 97598.8140258789, 100405.797464, inf, 348.83720930232556, 803.7279543862956, 46582.46293, 47076.944797, 0.469701, 6155.765108, 590.154928, 0, 1290, 118666.8984375, 5130001, 32994639, 72004361, 110129001, 29753399.455514908, 44637.15539550781, 116004.97359200001, inf, 697.6744186046511, 1566.3909447105386, 90772.861585, 21579.924988, 0.113293, 3057.083432, 594.990294, 0, 645, 78034.859375, 2550001, 63202099, 33203113, 98955213
30000, 30000, 0, 0, fixed_reps_17, 30100319.75702858, 200953.34967041016, 147542.664299, inf, 173.41040462427745, 429.21150896651875, 25978.568121, 108315.27502, 2.213422, 12589.726805, 656.880931, 0, 2941, 168921.921875, 10350001, 18521404, 165762957, 194634362, 29914383.511514664, 96533.05401611328, 106655.292467, inf, 348.83720930232556, 803.7279543862956, 46582.46293, 53256.968851, 0.48539, 6155.765108, 659.610188, 0, 1462, 111837.171875, 5130001, 32994639, 81604931, 119729571, 29753354.338205338, 44592.0380859375, 118937.336513, inf, 697.6744186046511, 1566.3909447105386, 90772.861585, 24424.822909, 0.090129, 3057.083432, 682.478458, 0, 731, 75902.15625, 2550001, 63202099, 37630189, 103382289
30000, 30000, 0, 0, fixed_reps_19, 30098957.901132584, 199591.49377441406, 160255.17983900002, inf, 173.41040462427745, 429.21150896651875, 25978.568121, 120950.161703, 2.19279, 12589.726805, 734.53042, 0, 3287, 157635.34375, 10350001, 18521404, 185264461, 214135866, 29914106.548135757, 96256.09063720703, 112990.989539, inf, 348.83720930232556, 803.7279543862956, 46582.46293, 59503.014019, 0.486442, 6155.765108, 749.26104, 0, 1634, 108586.9765625, 5130001, 32994639, 91205501, 129330141, 29753100.860910416, 44338.560791015625, 121864.85494, inf, 697.6744186046511, 1566.3909447105386, 90772.861585, 27270.967416, 0.1064, 3057.083432, 763.836107, 0, 817, 72491.125, 2550001, 63202099, 42057265, 107809365
30000, 30000, 0, 0, fixed_reps_21, 30098276.57959938, 198910.17224121094, 173083.81422799997, inf, 173.41040462427745, 429.21150896651875, 25978.568121, 133702.547015, 2.139084, 12589.726805, 810.833203, 0, 3633, 151817.671875, 10350001, 18521404, 204765965, 233637370, 29912746.110635757, 94895.65313720703, 119243.69843499998, inf, 348.83720930232556, 803.7279543862956, 46582.46293, 65679.165386, 0.48534, 6155.765108, 825.819671, 0, 1806, 106144.640625, 5130001, 32994639, 100806071, 138930711, 29752932.416269302, 44170.116149902344, 124760.148805, inf, 697.6744186046511, 1566.3909447105386, 90772.861585, 30096.03141, 0.091792, 3057.083432, 834.080586, 0, 903, 68560.359375, 2550001, 63202099, 46484341, 112236441
30000, 30000, 0, 0, fixed_reps_23, 30097598.04859352, 198231.64123535156, 185918.88815400001, inf, 173.41040462427745, 429.21150896651875, 25978.568121, 146461.1648, 2.17593, 12589.726805, 887.252498, 0, 3979, 145159.5, 10350001, 18521404, 224267469, 253138874, 29912229.661233902, 94379.20373535156, 125615.44331100001, inf, 348.83720930232556, 803.7279543862956, 46582.46293, 71974.238713, 0.477866, 6155.765108, 902.498694, 0, 1978, 102254.296875, 5130001, 32994639, 110406641, 148531281, 29752826.929819107, 44064.62969970703, 127694.43782400001, inf, 697.6744186046511, 1566.3909447105386, 90772.861585, 32950.854697, 0.106199, 3057.083432, 913.531911, 0, 989, 67115.5546875, 2550001, 63202099, 50911417, 116663517
30000, 30000, 0, 0, fixed_reps_25, 30097235.227731705, 197868.82037353516, 198409.073255, inf, 173.41040462427745, 429.21150896651875, 25978.568121, 158873.444449, 2.188845, 12589.726805, 965.145035, 0, 4325, 138815.4375, 10350001, 18521404, 243768973, 272640378, 29910822.33286476, 92971.87536621094, 131888.68378300001, inf, 348.83720930232556, 803.7279543862956, 46582.46293, 78175.86215, 0.472837, 6155.765108, 974.120758, 0, 2150, 96621.828125, 5130001, 32994639, 120007211, 158131851, 29752730.134897232, 43967.83477783203, 130627.06000400001, inf, 697.6744186046511, 1566.3909447105386, 90772.861585, 35796.552115, 0.105498, 3057.083432, 1000.457374, 0, 1075, 65171.51953125, 2550001, 63202099, 55338493, 121090593
30000, 30000, 0, 0, fixed_reps_27, 30096983.615365982, 197617.2080078125, 211055.214087, inf, 173.41040462427745, 429.21150896651875, 25978.568121, 171441.577842, 2.186631, 12589.726805, 1043.154688, 0, 4671, 136139.90625, 10350001, 18521404, 263270477, 292141882, 29909323.72562599, 91473.2681274414, 138115.399175, inf, 348.83720930232556, 803.7279543862956, 46582.46293, 84327.117, 0.477295, 6155.765108, 1049.576842, 0, 2322, 94892.6640625, 5130001, 32994639, 129607781, 167732421, 29752200.132883072, 43437.832763671875, 133514.40325100004, inf, 697.6744186046511, 1566.3909447105386, 90772.861585, 38600.760467, 0.089708, 3057.083432, 1083.608059, 0, 1161, 63424.4765625, 2550001, 63202099, 59765569, 125517669
30000, 30000, 0, 0, fixed_reps_29, 30096077.57734108, 196711.16998291016, 223805.099769, inf, 173.41040462427745, 429.21150896651875, 25978.568121, 184115.980706, 2.190348, 12589.726805, 1118.633789, 0, 5017, 131627.953125, 10350001, 18521404, 282771981, 311643386, 29909090.97831154, 91240.52081298828, 144408.654139, inf, 348.83720930232556, 803.7279543862956, 46582.46293, 90544.784895, 0.47482, 6155.765108, 1125.166386, 0, 2494, 93317.125, 5130001, 32994639, 139208351, 177332991, 29752200.132883072, 43437.832763671875, 136455.26677000002, inf, 697.6744186046511, 1566.3909447105386, 90772.861585, 41479.966546, 0.100929, 3057.083432, 1145.254278, 0, 1247, 62747.68359375, 2550001, 63202099, 64192645, 129944745
30000, 30000, 0, 0, fixed_reps_3, 30119418.169015884, 220051.76165771484, 58519.538174, inf, 173.41040462427745, 429.21150896651875, 25978.568121, 19832.787626, 2.211486, 12589.726805, 116.244136, 0, 519, 326415.125, 10350001, 18521404, 29252429, 58123834, 29924425.314920425, 106574.857421875, 62553.618156000004, inf, 348.83720930232556, 803.7279543862956, 46582.46293, 9698.226789, 0.470302, 6155.765108, 116.693027, 0, 258, 182073.265625, 5130001, 32994639, 14400941, 52525581, 29759278.42878151, 50516.128662109375, 98369.49798500001, inf, 697.6744186046511, 1566.3909447105386, 90772.861585, 4423.06538, 0.091992, 3057.083432, 116.395596, 0, 129, 104275.1171875, 2550001, 63202099, 6640657, 72392757
30000, 30000, 0, 0, fixed_reps_31, 30095744.602701187, 196378.19534301758, 237002.31572, inf, 173.41040462427745, 429.21150896651875, 25978.568121, 197235.366959, 2.182523, 12589.726805, 1196.471312, 0, 5363, 129484.9375, 10350001, 18521404, 302273485, 331144890, 29909045.86753273, 91195.41003417969, 150707.369413, inf, 348.83720930232556, 803.7279543862956, 46582.46293, 96769.090074, 0.466986, 6155.765108, 1199.584315, 0, 2666, 89709.1015625, 5130001, 32994639, 148808921, 186933561, 29751751.443796158, 42989.14367675781, 139396.639382, inf, 697.6744186046511, 1566.3909447105386, 90772.861585, 44340.823392, 0.103745, 3057.083432, 1225.767228, 0, 1333, 61876.546875, 2550001, 63202099, 68619721, 134371821
30000, 30000, 0, 0, fixed_reps_33, 30095323.413309097, 195957.00595092773, 249150.288127, inf, 173.41040462427745, 429.21150896651875, 25978.568121, 209305.245532, 2.208462, 12589.726805, 1274.539207, 0, 5709, 124672.5390625, 10350001, 18521404, 321774989, 350646394, 29908952.49985695, 91102.04235839844, 156980.762553, inf, 348.83720930232556, 803.7279543862956, 46582.46293, 102963.558368, 0.476224, 6155.765108, 1278.499923, 0, 2838, 88398.984375, 5130001, 32994639, 158409491, 196534131, 29751654.746347427, 42892.446228027344, 142282.925481, inf, 697.6744186046511, 1566.3909447105386, 90772.861585, 47147.3746, 0.104005, 3057.083432, 1305.501859, 0, 1419, 61204.83984375, 2550001, 63202099, 73046797, 138798897
30000, 30000, 0, 0, fixed_reps_35, 30094441.282449722, 195074.87509155273, 262394.140238, inf, 173.41040462427745, 429.21150896651875, 25978.568121, 222471.703468, 2.398027, 12589.726805, 1351.743817, 0, 6055, 122677.5234375, 10350001, 18521404, 341276493, 370147898, 29908728.11777687, 90877.66027832031, 163231.68546100002, inf, 348.83720930232556, 803.7279543862956, 46582.46293, 109138.219757, 0.459913, 6155.765108, 1354.777753, 0, 3010, 86273.921875, 5130001, 32994639, 168010061, 206134701, 29751524.93921852, 42762.639099121094, 145232.18284500003, inf, 697.6744186046511, 1566.3909447105386, 90772.861585, 50019.659466, 0.107752, 3057.083432, 1382.47061, 0, 1505, 60445.71484375, 2550001, 63202099, 77473873, 143225973
30000, 30000, 0, 0, fixed_reps_37, 30094154.936014175, 194788.52865600586, 275048.23479099997, inf, 173.41040462427745, 429.21150896651875, 25978.568121, 235048.328261, 2.176361, 12589.726805, 1429.435243, 0, 6401, 119723.625, 10350001, 18521404, 360777997, 389649402, 29908043.4100132, 90192.95251464844, 169448.11843600002, inf, 348.83720930232556, 803.7279543862956, 46582.46293, 115279.041503, 0.476624, 6155.765108, 1430.372271, 0, 3182, 84958.2421875, 5130001, 32994639, 177610631, 215735271, 29751264.371896744, 42502.07177734375, 148133.35075200003, inf, 697.6744186046511, 1566.3909447105386, 90772.861585, 52838.822036, 0.102622, 3057.083432, 1464.481077, 0, 1591, 59763.22265625, 2550001, 63202099, 81900949, 147653049
30000, 30000, 0, 0, fixed_reps_39, 30093474.322977066, 194107.91561889648, 287751.682839, inf, 173.41040462427745, 429.21150896651875, 25978.568121, 247674.427268, 2.35716, 12589.726805, 1506.603485, 0, 6747, 117059.875, 10350001, 18521404, 380279501, 409150906, 29907925.12937355, 90074.671875, 175900.766501, inf, 348.83720930232556, 803.7279543862956, 46582.46293, 121628.105912, 0.464952, 6155.765108, 1533.967599, 0, 3354, 82645.25, 5130001, 32994639, 187211201, 225335841, 29750800.9641819, 42038.6640625, 151087.353895, inf, 697.6744186046511, 1566.3909447105386, 90772.861585, 55689.612134, 0.103234, 3057.083432, 1567.69351, 0, 1677, 58960.109375, 2550001, 63202099, 86328025, 152080125
30000, 30000, 0, 0, fixed_reps_41, 30093353.648599625, 193987.24124145508, 301327.94298900006, inf, 173.41040462427745, 429.21150896651875, 25978.568121, 261175.737472, 2.17009, 12589.726805, 1581.740501, 0, 7093, 114101.8359375, 10350001, 18521404, 399781005, 428652410, 29907625.253152847, 89774.79565429688, 182151.476686, inf, 348.83720930232556, 803.7279543862956, 46582.46293, 127819.948375, 0.483978, 6155.765108, 1592.816295, 0, 3526, 80744.2578125, 5130001, 32994639, 196811771, 234936411, 29750696.769052505, 41934.46893310547, 153985.305013, inf, 697.6744186046511, 1566.3909447105386, 90772.861585, 58537.490652, 0.105889, 3057.083432, 1617.763455, 0, 1763, 57253.953125, 2550001, 63202099, 90755101, 156507201
30000, 30000, 0, 0, fixed_reps_5, 30114036.614938736, 214670.2075805664, 74023.16705599999, inf, 173.41040462427745, 429.21150896651875, 25978.568121, 35257.284087, 3.126511, 12589.726805, 194.461532, 0, 865, 274155, 10350001, 18521404, 48753933, 77625338, 29922160.320108414, 104309.86260986328, 68908.64321899999, inf, 348.83720930232556, 803.7279543862956, 46582.46293, 15974.490779, 0.476073, 6155.765108, 195.448329, 0, 430, 167054.21875, 5130001, 32994639, 24001511, 62126151, 29755439.54999733, 46677.24987792969, 101306.77753500002, inf, 697.6744186046511, 1566.3909447105386, 90772.861585, 7281.650049, 0.09587, 3057.083432, 195.086599, 0, 215, 96657.0625, 2550001, 63202099, 11067733, 76819833
30000, 30000, 0, 0, fixed_reps_7, 30111248.775094986, 211882.3677368164, 84044.573375, inf, 173.41040462427745, 429.21150896651875, 25978.568121, 45199.044547, 2.956558, 12589.726805, 274.277344, 0, 1211, 246035.703125, 10350001, 18521404, 68255437, 97126842, 29920747.22098732, 102896.76348876953, 75178.39079800001, inf, 348.83720930232556, 803.7279543862956, 46582.46293, 22166.694058, 0.473959, 6155.765108, 272.994743, 0, 602, 150600.765625, 5130001, 32994639, 33602081, 71726721, 29754177.898447037, 45415.59832763672, 104240.256926, inf, 697.6744186046511, 1566.3909447105386, 90772.861585, 10135.434926, 0.089798, 3057.083432, 274.787185, 0, 301, 90217.953125, 2550001, 63202099, 15494809, 81246909
30000, 30000, 0, 0, fixed_reps_9, 30107191.44715309, 207825.03979492188, 96699.27568300001, inf, 173.41040462427745, 429.21150896651875, 25978.568121, 57781.603415, 2.15575, 12589.726805, 347.221592, 0, 1557, 225669.921875, 10350001, 18521404, 87756941, 116628346, 29917886.716653824, 100036.25915527344, 81510.68800800001, inf, 348.83720930232556, 803.7279543862956, 46582.46293, 28416.655001, 0.468198, 6155.765108, 355.336771, 0, 774, 137201.640625, 5130001, 32994639, 43202651, 81327291, 29753926.936288834, 45164.636169433594, 107167.930094, inf, 697.6744186046511, 1566.3909447105386, 90772.861585, 12986.078979, 0.10104, 3057.083432, 351.805058, 0, 387, 87104.625, 2550001, 63202099, 19921885, 85673985
30000, 30000, 0, 0, greedy_1.000000, 30130937.97071266, 231571.5633544922, 45788.77884300001, inf, 173.41040462427745, 429.21150896651875, 25978.568121, 7181.313432, 1.961468, 12589.726805, 37.200511, 0.008506, 173, 402844.875, 10350001, 18521404, 9750925, 38622330, 29928364.170511246, 110513.71301269531, 56220.682828, inf, 348.83720930232556, 803.7279543862956, 46582.46293, 3444.540169, 0.466314, 6155.765108, 37.441374, 0.006933, 86, 218335.234375, 5130001, 32994639, 4800371, 42925011, 29761668.0534153, 52905.75329589844, 95489.464146, inf, 697.6744186046511, 1566.3909447105386, 90772.861585, 1621.892952, 0.089497, 3057.083432, 37.533394, 0.003286, 43, 120407.1171875, 2550001, 63202099, 2213581, 67965681
30000, 30000, 0, 0, greedy_11.000000, 30102151.53388405, 202785.1265258789, 176613.67495900003, inf, 173.41040462427745, 429.21150896651875, 25978.568121, 70968.044828, 2.424667, 12589.726805, 67074.454402, 0.456136, 1903, 167402.28125, 10350001, 18521404, 159113981, 187985386, 29916490.89750099, 98640.4400024414, 120692.253862, inf, 348.83720930232556, 803.7279543862956, 46582.46293, 34558.024233, 0.47997, 6155.765108, 33395.362502, 0.159119, 946, 119105.9921875, 5130001, 32994639, 78302564, 116427204, 29753202.187387466, 44439.887268066406, 126565.227346, inf, 697.6744186046511, 1566.3909447105386, 90772.861585, 15731.916282, 0.090079, 3057.083432, 17003.232507, 0.043461, 473, 77992.1328125, 2550001, 63202099, 36755181, 102507281
30000, 30000, 0, 0, greedy_13.000000, 30099494.315561295, 200127.908203125, 202305.419979, inf, 173.41040462427745, 429.21150896651875, 25978.568121, 83489.746837, 2.323076, 12589.726805, 80244.314562, 0.740578, 2249, 156229.046875, 10350001, 18521404, 189048517, 217919922, 29913948.61326027, 96098.15576171875, 133784.385283, inf, 348.83720930232556, 803.7279543862956, 46582.46293, 40850.653352, 0.47468, 6155.765108, 40194.844136, 0.185077, 1118, 112787.2578125, 5130001, 32994639, 93115376, 131240016, 29753093.62647438, 44331.32635498047, 132684.251005, inf, 697.6744186046511, 1566.3909447105386, 90772.861585, 18525.56643, 0.107001, 3057.083432, 20328.552376, 0.080181, 559, 72871.7578125, 2550001, 63202099, 43607740, 109359840
30000, 30000, 0, 0, greedy_15.000000, 30097898.165231705, 198531.75787353516, 227683.257153, inf, 173.41040462427745, 429.21150896651875, 25978.568121, 95617.570973, 2.200637, 12589.726805, 93494.580052, 0.610565, 2595, 146453.640625, 10350001, 18521404, 218128365, 246999770, 29912180.14097023, 94329.68347167969, 146567.35727500002, inf, 348.83720930232556, 803.7279543862956, 46582.46293, 47174.413407, 0.462467, 6155.765108, 46654.060181, 0.193182, 1290, 105521.1171875, 5130001, 32994639, 107748338, 145872978, 29752678.671152115, 43916.371032714844, 138914.61438600003, inf, 697.6744186046511, 1566.3909447105386, 90772.861585, 21373.493903, 0.101189, 3057.083432, 23710.99021, 0.084067, 645, 69927.65625, 2550001, 63202099, 50372079, 116124179
30000, 30000, 0, 0, greedy_17.000000, 30096071.9697361, 196705.5623779297, 253879.612647, inf, 173.41040462427745, 429.21150896651875, 25978.568121, 108325.511642, 2.146415, 12589.726805, 106982.951406, 0.708258, 2941, 137060.078125, 10350001, 18521404, 248062901, 276934306, 29911589.64249611, 93739.1849975586, 159569.21092900002, inf, 348.83720930232556, 803.7279543862956, 46582.46293, 53448.468924, 0.47468, 6155.765108, 53381.814004, 0.225283, 1462, 100723.84375, 5130001, 32994639, 122561150, 160685790, 29752163.671030045, 43401.37091064453, 145099.51933, inf, 697.6744186046511, 1566.3909447105386, 90772.861585, 24147.63512, 0.110518, 3057.083432, 27121.741802, 0.086873, 731, 67944.453125, 2550001, 63202099, 57423133, 123175233
30000, 30000, 0, 0, greedy_19.000000, 30094602.582162857, 195236.1748046875, 279758.254837, inf, 173.41040462427745, 429.21150896651875, 25978.568121, 121092.718877, 2.178485, 12589.726805, 120094.26333, 0.799219, 3287, 125615.75, 10350001, 18521404, 277997437, 306868842, 29911332.973855972, 93482.51635742188, 172350.88158800002, inf, 348.83720930232556, 803.7279543862956, 46582.46293, 59611.751961, 0.465834, 6155.765108, 60000.171209, 0.264546, 1634, 98459.84375, 5130001, 32994639, 137254062, 175378702, 29752084.81031227, 43322.510192871094, 151188.32404, inf, 697.6744186046511, 1566.3909447105386, 90772.861585, 26955.428663, 0.104736, 3057.083432, 30402.779279, 0.066345, 817, 66451.765625, 2550001, 63202099, 64253637, 130005737
30000, 30000, 0, 0, greedy_21.000000, 30092719.336191177, 193352.9288330078, 305858.247577, inf, 173.41040462427745, 429.21150896651875, 25978.568121, 133801.886877, 2.243297, 12589.726805, 133484.973595, 0.848882, 3633, 116556.9296875, 10350001, 18521404, 307931973, 336803378, 29910176.49692726, 92326.03942871094, 185160.09353299998, inf, 348.83720930232556, 803.7279543862956, 46582.46293, 65662.86232, 0.479559, 6155.765108, 66758.252568, 0.271048, 1806, 93661.84375, 5130001, 32994639, 151797099, 189921739, 29751537.24604225, 42774.94592285156, 157312.415109, inf, 697.6744186046511, 1566.3909447105386, 90772.861585, 29707.410714, 0.094637, 3057.083432, 33774.853673, 0.111068, 903, 63860.92578125, 2550001, 63202099, 71096735, 136848835
30000, 30000, 0, 0, greedy_23.000000, 30091356.476877213, 191990.06951904297, 332107.700576, inf, 173.41040462427745, 429.21150896651875, 25978.568121, 146724.059338, 2.176161, 12589.726805, 146812.152132, 1.018019, 3979, 107473.828125, 10350001, 18521404, 337866509, 366737914, 29910018.475870132, 92168.01837158203, 198238.37047599998, inf, 348.83720930232556, 803.7279543862956, 46582.46293, 71976.943192, 0.480961, 6155.765108, 73522.415618, 0.302667, 1978, 90402.03125, 5130001, 32994639, 166609911, 204734551, 29751326.430612564, 42564.13049316406, 163725.034245, inf, 697.6744186046511, 1566.3909447105386, 90772.861585, 32286.406845, 0.110868, 3057.083432, 37608.490453, 0.081062, 989, 63099.37109375, 2550001, 63202099, 77549109, 143301209
30000, 30000, 0, 0, greedy_25.000000, 30090721.385385513, 191354.97802734375, 358103.724123, inf, 173.41040462427745, 429.21150896651875, 25978.568121, 159413.311042, 2.140054, 12589.726805, 160118.958609, 1.019492, 4325, 96492.1015625, 10350001, 18521404, 367801045, 396672450, 29909394.795755386, 91544.33825683594, 210863.64723699997, inf, 348.83720930232556, 803.7279543862956, 46582.46293, 78240.159341, 0.466956, 6155.765108, 79884.459467, 0.333435, 2150, 87673, 5130001, 32994639, 181422723, 219547363, 29751228.207162857, 42465.90704345703, 169930.153273, inf, 697.6744186046511, 1566.3909447105386, 90772.861585, 35180.029635, 0.112521, 3057.083432, 40919.982413, 0.083687, 1075, 62170.69921875, 2550001, 63202099, 84600163, 150352263
30000, 30000, 0, 0, greedy_27.000000, 30089291.579782486, 189925.1724243164, 383693.97658899997, inf, 173.41040462427745, 429.21150896651875, 25978.568121, 171666.121517, 2.184073, 12589.726805, 173456.268877, 1.107196, 4671, 87332.3125, 10350001, 18521404, 396951305, 425822710, 29909044.06803322, 91193.61053466797, 223605.409397, inf, 348.83720930232556, 803.7279543862956, 46582.46293, 84460.675164, 0.480841, 6155.765108, 86405.669466, 0.355888, 2322, 84884.90625, 5130001, 32994639, 196235535, 234360175, 29751228.207162857, 42465.90704345703, 175985.688554, inf, 697.6744186046511, 1566.3909447105386, 90772.861585, 37780.055306, 0.093275, 3057.083432, 44375.512151, 0.082805, 1161, 61369.140625, 2550001, 63202099, 91112405, 156864505
30000, 30000, 0, 0, greedy_29.000000, 30088920.1617527, 189553.75439453125, 409942.806127, inf, 173.41040462427745, 429.21150896651875, 25978.568121, 184557.842157, 2.167525, 12589.726805, 186813.331444, 1.170075, 5017, 83835.4453125, 10350001, 18521404, 426885841, 455757246, 29908714.15018654, 90863.69268798828, 237237.418972, inf, 348.83720930232556, 803.7279543862956, 46582.46293, 90785.300267, 0.472917, 6155.765108, 93713.063616, 0.354134, 2494, 82973.640625, 5130001, 32994639, 211048347, 249172987, 29751228.207162857, 42465.90704345703, 182055.648106, inf, 697.6744186046511, 1566.3909447105386, 90772.861585, 40611.140353, 0.104877, 3057.083432, 47614.33554, 0.122319, 1247, 60428.6328125, 2550001, 63202099, 98163459, 163915559
30000, 30000, 0, 0, greedy_3.000000, 30113737.305063248, 214370.89770507812, 72078.92436700001, inf, 173.41040462427745, 429.21150896651875, 25978.568121, 20013.002023, 2.299081, 12589.726805, 13495.003578, 0.324759, 519, 280954.71875, 10350001, 18521404, 39574857, 68446262, 29923327.524332047, 105477.0668334961, 69161.13442300001, inf, 348.83720930232556, 803.7279543862956, 46582.46293, 9723.208928, 0.473528, 6155.765108, 6699.183403, 0.040526, 258, 173392.328125, 5130001, 32994639, 19530916, 57655556, 29757918.89338112, 49156.59326171875, 101729.158815, inf, 697.6744186046511, 1566.3909447105386, 90772.861585, 4455.492565, 0.091922, 3057.083432, 3443.612479, 0.016832, 129, 98775.1171875, 2550001, 63202099, 9130723, 74882823
30000, 30000, 0, 0, greedy_31.000000, 30087618.32193947, 188251.91458129883, 436154.463814, inf, 173.41040462427745, 429.21150896651875, 25978.568121, 197425.883397, 2.167174, 12589.726805, 200156.85604, 1.262277, 5363, 80439.3203125, 10350001, 18521404, 456820377, 485691782, 29908039.049295425, 90188.591796875, 250028.93102599998, inf, 348.83720930232556, 803.7279543862956, 46582.46293, 96771.310618, 0.46383, 6155.765108, 100518.545372, 0.383168, 2666, 79701.90625, 5130001, 32994639, 225300606, 263425246, 29750851.403512955, 42089.10339355469, 188624.721014, inf, 697.6744186046511, 1566.3909447105386, 90772.861585, 43587.797989, 0.106109, 3057.083432, 51206.747516, 0.124383, 1333, 59643.78515625, 2550001, 63202099, 105214513, 170966613
30000, 30000, 0, 0, greedy_33.000000, 30087246.360635757, 187879.9532775879, 462317.481002, inf, 173.41040462427745, 429.21150896651875, 25978.568121, 210301.46487, 2.259548, 12589.726805, 213444.154076, 1.307582, 5709, 74615.734375, 10350001, 18521404, 486754913, 515626318, 29907728.150979996, 89877.69348144531, 262339.67618, inf, 348.83720930232556, 803.7279543862956, 46582.46293, 102981.103115, 0.467948, 6155.765108, 106619.454256, 0.422823, 2838, 76746.0625, 5130001, 32994639, 240008834, 278133474, 29750327.716745377, 41565.41662597656, 194552.74289099997, inf, 697.6744186046511, 1566.3909447105386, 90772.861585, 46455.635185, 0.102241, 3057.083432, 54266.92303, 0.137418, 1419, 57993.578125, 2550001, 63202099, 112265567, 178017667
30000, 30000, 0, 0, greedy_35.000000, 30087084.233682632, 187717.8263244629, 487921.02079899993, inf, 173.41040462427745, 429.21150896651875, 25978.568121, 222539.057108, 2.173646, 12589.726805, 226810.112616, 1.382503, 6055, 68362.609375, 10350001, 18521404, 515819185, 544690590, 29907397.047952652, 89546.59045410156, 275379.87052, inf, 348.83720930232556, 803.7279543862956, 46582.46293, 109350.12574, 0.48525, 6155.765108, 113290.607286, 0.424206, 3010, 75343.8984375, 5130001, 32994639, 254821646, 292946286, 29750240.972726822, 41478.672607421875, 200659.602011, inf, 697.6744186046511, 1566.3909447105386, 90772.861585, 49369.181383, 0.10155, 3057.083432, 57460.233377, 0.140684, 1505, 57259.19921875, 2550001, 63202099, 119316621, 185068721
30000, 30000, 0, 0, greedy_37.000000, 30086211.22828102, 186844.82092285156, 514102.68058, inf, 173.41040462427745, 429.21150896651875, 25978.568121, 235437.973839, 2.134793, 12589.726805, 240092.794432, 1.48259, 6401, 63523.328125, 10350001, 18521404, 545753721, 574625126, 29905969.267007828, 88118.80950927734, 287903.265335, inf, 348.83720930232556, 803.7279543862956, 46582.46293, 115182.32959, 0.470292, 6155.765108, 119981.790637, 0.446778, 3182, 70895.5234375, 5130001, 32994639, 268855108, 306979748, 29750136.62800026, 41374.327880859375, 207062.955713, inf, 697.6744186046511, 1566.3909447105386, 90772.861585, 52305.475958, 0.093876, 3057.083432, 60927.287063, 0.153799, 1591, 56705.08984375, 2550001, 63202099, 126367675, 192119775
30000, 30000, 0, 0, greedy_39.000000, 30086013.328622818, 186646.92126464844, 540496.8514, inf, 173.41040462427745, 429.21150896651875, 25978.568121, 248522.174369, 2.187813, 12589.726805, 253402.599541, 1.594751, 6747, 60201.9296875, 10350001, 18521404, 575688257, 604559662, 29905764.15006447, 87913.69256591797, 300528.063158, inf, 348.83720930232556, 803.7279543862956, 46582.46293, 121532.084421, 0.492023, 6155.765108, 126256.79706, 0.461616, 3354, 68601.0390625, 5130001, 32994639, 283667920, 321792560, 29749969.50965309, 41207.209533691406, 213742.90862300005, inf, 697.6744186046511, 1566.3909447105386, 90772.861585, 55261.217418, 0.105818, 3057.083432, 64651.488556, 0.151814, 1677, 56012.39453125, 2550001, 63202099, 133418729, 199170829
30000, 30000, 0, 0, greedy_5.000000, 30110022.008005142, 210655.60064697266, 98094.39249000001, inf, 173.41040462427745, 429.21150896651875, 25978.568121, 32643.932669, 2.550012, 12589.726805, 26879.403446, 0.211437, 865, 237973.5625, 10350001, 18521404, 69452877, 98324282, 29920489.375772476, 102638.91827392578, 82000.823327, inf, 348.83720930232556, 803.7279543862956, 46582.46293, 15921.197998, 0.422773, 6155.765108, 13340.912111, 0.062407, 430, 148664.8125, 5130001, 32994639, 34223828, 72348468, 29755511.259592056, 46748.95947265625, 107977.744113, inf, 697.6744186046511, 1566.3909447105386, 90772.861585, 7216.064585, 0.090229, 3057.083432, 6931.620017, 0.024265, 215, 92287.328125, 2550001, 63202099, 15937590, 81689690
30000, 30000, 0, 0, greedy_7.000000, 30106239.909067154, 206873.50170898438, 124188.962242, inf, 173.41040462427745, 429.21150896651875, 25978.568121, 45429.818385, 2.518192, 12589.726805, 40188.044362, 0.286377, 1211, 208051.828125, 10350001, 18521404, 99333325, 128204730, 29918741.796670914, 100891.33917236328, 94996.40581000001, inf, 348.83720930232556, 803.7279543862956, 46582.46293, 22200.682988, 0.437401, 6155.765108, 20056.966923, 0.09046, 602, 135135.21875, 5130001, 32994639, 48976690, 87101330, 29754091.02204323, 45328.721923828125, 114309.715827, inf, 697.6744186046511, 1566.3909447105386, 90772.861585, 10146.841396, 0.103374, 3057.083432, 10332.774293, 0.051747, 301, 88617.2890625, 2550001, 63202099, 22958710, 88710810
30000, 30000, 0, 0, greedy_9.000000, 30103377.253793716, 204010.84643554688, 150476.116299, inf, 173.41040462427745, 429.21150896651875, 25978.568121, 58277.148643, 2.575369, 12589.726805, 53627.730112, 0.367249, 1557, 180059.6875, 10350001, 18521404, 129179445, 158050850, 29917658.746133804, 99808.2886352539, 107829.07545199999, inf, 348.83720930232556, 803.7279543862956, 46582.46293, 28460.308836, 0.467156, 6155.765108, 26629.964361, 0.107061, 774, 129086.34375, 5130001, 32994639, 63669602, 101794242, 29753937.199777603, 45174.899658203125, 120456.204362, inf, 697.6744186046511, 1566.3909447105386, 90772.861585, 13023.089106, 0.090931, 3057.083432, 13603.044412, 0.034896, 387, 80585.9375, 2550001, 63202099, 30009764, 95761864
30000, 30000, 0, 0, opt, 30080572.884469986, 181206.4771118164, 568996.8720880001, inf, 173.41040462427745, 429.21150896651875, 25978.568121, 530426.354453, 2.222709, 12589.726805, 0, 0, 0, 0, 10350001, 18521404, 797040768, 825912173, 29898713.87394142, 80863.4164428711, 580355.3081269999, inf, 348.83720930232556, 803.7279543862956, 46582.46293, 527616.604848, 0.475241, 6155.765108, 0, 0, 0, 0, 5130001, 32994639, 783726350, 821850990, 29743636.724863052, 34874.424743652344, 537493.142622, inf, 697.6744186046511, 1566.3909447105386, 90772.861585, 443663.10435, 0.093255, 3057.083432, 0, 0, 0, 0, 2550001, 63202099, 660194370, 725946470
30000, 30000, 0, 0, plus_edge, 30117589.10907936, 218222.7017211914, 45857.184637, inf, 173.41040462427745, 429.21150896651875, 25978.568121, 7286.898398, 1.991313, 12589.726805, 0, 0, 0, 0, 10350001, 18521404, 9750336, 38621741, 29922872.997171402, 105022.53967285156, 56307.736014, inf, 348.83720930232556, 803.7279543862956, 46582.46293, 3569.084723, 0.423253, 6155.765108, 0, 0, 0, 0, 5130001, 32994639, 4777510, 42902150, 29760398.618478775, 51636.318359375, 95421.665292, inf, 697.6744186046511, 1566.3909447105386, 90772.861585, 1591.629786, 0.090489, 3057.083432, 0, 0, 0, 0, 2550001, 63202099, 2185302, 67937402
30000, 30000, 0, 0, simple, 30130937.97071266, 231571.5633544922, 45788.564235000005, inf, 173.41040462427745, 429.21150896651875, 25978.568121, 7218.300018, 1.969291, 12589.726805, 0, 0, 0, 0, 10350001, 18521404, 9720752, 38592157, 29928364.170511246, 110513.71301269531, 56276.387678, inf, 348.83720930232556, 803.7279543862956, 46582.46293, 3537.688426, 0.471214, 6155.765108, 0, 0, 0, 0, 5130001, 32994639, 4770285, 42894925, 29761668.0534153, 52905.75329589844, 95416.19177900002, inf, 697.6744186046511, 1566.3909447105386, 90772.861585, 1586.155662, 0.0911, 3057.083432, 0, 0, 0, 0, 2550001, 63202099, 2183538, 67935638
30000, 30000, 0, 0, dp_1.000000, 30084821.625434875, 229184.8176574707, 43051.126335999994, inf, 173.41040462427745, 398.89388872006776, 23279.336386, 7239.21954, 1.968541, 12492.980449, 37.61079, 0.01063, 173, 0, 10350001, 16349719, 9917249, 36616969, 29923055.27960968, 109465.32501220703, 47020.548115000005, inf, 348.83720930232556, 704.0299752548384, 37337.3779, 3481.527887, 0.418314, 6163.532051, 37.684308, 0.007655, 86, 0, 5130001, 26530861, 4823491, 36484353, 29740781.76233673, 50198.67370605469, 65931.46672899999, inf, 697.6744186046511, 1235.1940007861722, 61151.402526, 1679.123948, 0.070312, 3063.110364, 37.754469, 0.00511, 43, 0, 2550001, 43252757, 2324041, 48126799
30000, 30000, 0, 0, dp_11.000000, 30043173.688316345, 187536.88053894043, 174750.050203, inf, 173.41040462427745, 398.89388872006776, 23279.336386, 71861.560307, 2.108393, 12492.980449, 66951.777709, 162.286959, 1903, 150110.96875, 10350001, 16349719, 160860458, 187560178, 29905957.892921448, 92367.93832397461, 111651.26287600001, inf, 348.83720930232556, 704.0299752548384, 37337.3779, 34754.009102, 0.479029, 6163.532051, 33376.383363, 19.481431, 946, 108292.2109375, 5130001, 26530861, 78544883, 110205745, 29733294.1049881, 42711.016357421875, 97930.48448500001, inf, 697.6744186046511, 1235.1940007861722, 61151.402526, 16583.588639, 0.101961, 3063.110364, 17129.891805, 2.38919, 473, 77300.25, 2550001, 43252757, 38067516, 83870274
30000, 30000, 0, 0, dp_13.000000, 30040918.82839203, 185282.02061462402, 201171.282151, inf, 173.41040462427745, 398.89388872006776, 23279.336386, 84807.619227, 2.152306, 12492.980449, 80359.797928, 229.395855, 2249, 135909.875, 10350001, 16349719, 191099842, 217799562, 29903389.824806213, 89799.87020874023, 124645.717855, inf, 348.83720930232556, 704.0299752548384, 37337.3779, 41238.717051, 0.472837, 6163.532051, 39878.491039, 27.126977, 1118, 101808.4140625, 5130001, 26530861, 93404479, 125065341, 29732713.551887512, 42130.46325683594, 103991.09841300001, inf, 697.6744186046511, 1235.1940007861722, 61151.402526, 19633.352781, 0.107562, 3063.110364, 20139.751734, 3.373446, 559, 73857.8984375, 2550001, 43252757, 45344750, 91147508
30000, 30000, 0, 0, dp_15.000000, 30040110.16860199, 184473.36082458496, 227507.32085400002, inf, 173.41040462427745, 398.89388872006776, 23279.336386, 97800.585911, 2.327675, 12492.980449, 93624.753952, 307.336481, 2595, 125134.4609375, 10350001, 16349719, 221368960, 248068680, 29902624.703956604, 89034.74935913086, 137666.74272, inf, 348.83720930232556, 704.0299752548384, 37337.3779, 47460.468254, 0.463148, 6163.532051, 46668.681679, 36.219688, 1290, 95750.8125, 5130001, 26530861, 108264075, 139924937, 29732147.486335754, 41564.397705078125, 110439.347591, inf, 697.6744186046511, 1235.1940007861722, 61151.402526, 22744.09616, 0.090209, 3063.110364, 23475.931076, 4.717256, 645, 70833.5, 2550001, 43252757, 52621984, 98424742
30000, 30000, 0, 0, dp_17.000000, 30038770.43953705, 183133.63175964355, 253774.12366999997, inf, 173.41040462427745, 398.89388872006776, 23279.336386, 110761.557372, 2.29305, 12492.980449, 106840.191936, 397.764477, 2941, 116081.0078125, 10350001, 16349719, 251638078, 278337798, 29902278.23917389, 88688.28457641602, 150731.813613, inf, 348.83720930232556, 704.0299752548384, 37337.3779, 53780.442296, 0.467267, 6163.532051, 53402.720351, 47.273748, 1462, 90241.4296875, 5130001, 26530861, 123123671, 154784533, 29731517.64063263, 40934.552001953125, 116753.017212, inf, 697.6744186046511, 1235.1940007861722, 61151.402526, 25756.988564, 0.093194, 3063.110364, 26775.593573, 5.828991, 731, 68354.40625, 2550001, 43252757, 59899218, 105701976
30000, 30000, 0, 0, dp_19.000000, 30037661.596092224, 182024.78831481934, 280129.237053, inf, 173.41040462427745, 398.89388872006776, 23279.336386, 123714.555047, 2.129234, 12492.980449, 120139.766491, 500.469446, 3287, 108202.2578125, 10350001, 16349719, 281907196, 308606916, 29901705.582435608, 88115.62783813477, 163512.961924, inf, 348.83720930232556, 704.0299752548384, 37337.3779, 60117.101521, 0.470513, 6163.532051, 59834.757035, 59.722904, 1634, 85219.2578125, 5130001, 26530861, 137983267, 169644129, 29731070.017463684, 40486.92883300781, 123200.082172, inf, 697.6744186046511, 1235.1940007861722, 61151.402526, 28850.919158, 0.102772, 3063.110364, 30127.084317, 7.463035, 817, 66117.71875, 2550001, 43252757, 67176452, 112979210
30000, 30000, 0, 0, dp_21.000000, 30035807.422660828, 180170.61488342285, 306626.325311, inf, 173.41040462427745, 398.89388872006776, 23279.336386, 136769.265196, 2.161143, 12492.980449, 133471.049743, 611.532394, 3633, 100656.09375, 10350001, 16349719, 312176314, 338876034, 29901204.70981598, 87614.75521850586, 175535.964323, inf, 348.83720930232556, 704.0299752548384, 37337.3779, 65477.084179, 0.465112, 6163.532051, 66483.941121, 73.56396, 1806, 80328.28125, 5130001, 26530861, 151228193, 182889055, 29730372.976264954, 39789.887634277344, 129564.391589, inf, 697.6744186046511, 1235.1940007861722, 61151.402526, 31916.272138, 0.106399, 3063.110364, 33424.522726, 8.977436, 903, 64014.4765625, 2550001, 43252757, 74453686, 120256444
30000, 30000, 0, 0, dp_23.000000, 30035196.828788757, 179560.02101135254, 332849.630198, inf, 173.41040462427745, 398.89388872006776, 23279.336386, 149576.358216, 2.343826, 12492.980449, 146762.907335, 735.703986, 3979, 93453.1484375, 10350001, 16349719, 342187751, 368887471, 29899970.27329254, 86380.31869506836, 188609.474616, inf, 348.83720930232556, 704.0299752548384, 37337.3779, 71700.197612, 0.462157, 6163.532051, 73319.149391, 88.755505, 1978, 76077.109375, 5130001, 26530861, 166087789, 197748651, 29730372.976264954, 39789.887634277344, 136242.694809, inf, 697.6744186046511, 1235.1940007861722, 61151.402526, 34749.720138, 0.108704, 3063.110364, 37267.376022, 10.977055, 989, 62158.6875, 2550001, 43252757, 81401151, 127203909
30000, 30000, 0, 0, dp_25.000000, 30034609.236320496, 178972.42854309082, 359317.849494, inf, 173.41040462427745, 398.89388872006776, 23279.336386, 162612.472685, 2.139883, 12492.980449, 160057.279572, 873.640519, 4325, 86954.4453125, 10350001, 16349719, 372456869, 399156589, 29899604.069740295, 86014.11514282227, 202170.23884, inf, 348.83720930232556, 704.0299752548384, 37337.3779, 78048.866692, 0.46436, 6163.532051, 80514.40389, 105.593947, 2150, 72675.8125, 5130001, 26530861, 180947385, 212608247, 29729375.666389465, 38792.57775878906, 142134.16820299998, inf, 697.6744186046511, 1235.1940007861722, 61151.402526, 37801.753687, 0.10695, 3063.110364, 40104.927797, 12.866879, 1075, 60332.375, 2550001, 43252757, 88678385, 134481143
30000, 30000, 0, 0, dp_27.000000, 30034119.295524597, 178482.48774719238, 385830.097763, inf, 173.41040462427745, 398.89388872006776, 23279.336386, 175765.046276, 2.220925, 12492.980449, 173274.449227, 1016.0645, 4671, 80889, 10350001, 16349719, 402844923, 429544643, 29898827.73435211, 85237.77975463867, 214276.82610900002, inf, 348.83720930232556, 704.0299752548384, 37337.3779, 84083.995238, 0.472076, 6163.532051, 86568.154785, 123.294059, 2322, 69692.2265625, 5130001, 26530861, 195388059, 227048921, 29729375.666389465, 38792.57775878906, 148565.57025, inf, 697.6744186046511, 1235.1940007861722, 61151.402526, 40965.439086, 0.111148, 3063.110364, 43370.620019, 14.887107, 1161, 58574.671875, 2550001, 43252757, 95955619, 141758377
30000, 30000, 0, 0, dp_29.000000, 30033366.774345398, 177729.96656799316, 412263.95782599994, inf, 173.41040462427745, 398.89388872006776, 23279.336386, 188580.984592, 2.147457, 12492.980449, 186735.148349, 1173.360593, 5017, 75648.953125, 10350001, 16349719, 432884109, 459583829, 29898492.523109436, 84902.56851196289, 227062.222393, inf, 348.83720930232556, 704.0299752548384, 37337.3779, 90449.762961, 0.468188, 6163.532051, 92968.285782, 142.795511, 2494, 66895.859375, 5130001, 26530861, 210247655, 241908517, 29729232.36481476, 38649.27618408203, 155194.451268, inf, 697.6744186046511, 1235.1940007861722, 61151.402526, 44010.934565, 0.107822, 3063.110364, 46951.484609, 17.411382, 1247, 56859.4765625, 2550001, 43252757, 103232853, 149035611
30000, 30000, 0, 0, dp_3.000000, 30064066.646980286, 208429.83920288086, 69591.89132600001, inf, 173.41040462427745, 398.89388872006776, 23279.336386, 20385.388838, 2.034064, 12492.980449, 13423.698057, 8.453532, 519, 261317.359375, 10350001, 16349719, 40186367, 66886087, 29914558.997688293, 100969.04309082031, 59987.990611, inf, 348.83720930232556, 704.0299752548384, 37337.3779, 9797.021037, 0.425047, 6163.532051, 6688.603923, 1.030653, 258, 159443.640625, 5130001, 26530861, 19626694, 51287556, 29738072.141853333, 47489.05322265625, 72435.37771100001, inf, 697.6744186046511, 1235.1940007861722, 61151.402526, 4753.253542, 0.09028, 3063.110364, 3467.364055, 0.156944, 129, 99852.7890625, 2550001, 43252757, 9527355, 55330113
30000, 30000, 0, 0, dp_31.000000, 30033040.453422546, 177403.6456451416, 438588.748999, inf, 173.41040462427745, 398.89388872006776, 23279.336386, 201513.495534, 2.327294, 12492.980449, 199959.133677, 1341.475659, 5363, 71519.203125, 10350001, 16349719, 462986733, 489686453, 29897788.373268127, 84198.4186706543, 240024.846881, inf, 348.83720930232556, 704.0299752548384, 37337.3779, 96794.735373, 0.466946, 6163.532051, 99565.224262, 163.510349, 2666, 64303.6484375, 5130001, 26530861, 225107251, 256768113, 29729185.059394836, 38601.970764160156, 161532.82382, inf, 697.6744186046511, 1235.1940007861722, 61151.402526, 47057.327825, 0.1067, 3063.110364, 50241.051518, 19.824887, 1333, 55217.515625, 2550001, 43252757, 110510087, 156312845
30000, 30000, 0, 0, dp_33.000000, 30032961.841789246, 177325.03401184082, 465263.15336899995, inf, 173.41040462427745, 398.89388872006776, 23279.336386, 214590.99524, 2.105599, 12492.980449, 213376.024388, 1521.711307, 5709, 67711.4609375, 10350001, 16349719, 493255851, 519955571, 29896964.94127655, 83374.98667907715, 253231.85804800002, inf, 348.83720930232556, 704.0299752548384, 37337.3779, 103231.549959, 0.46924, 6163.532051, 106313.283016, 185.645882, 2838, 61869.11328125, 5130001, 26530861, 239966847, 271627709, 29728965.99884796, 38382.910217285156, 168291.73708999998, inf, 697.6744186046511, 1235.1940007861722, 61151.402526, 50143.150374, 0.105047, 3063.110364, 53911.373557, 22.595222, 1419, 53571.6484375, 2550001, 43252757, 117787321, 163590079
30000, 30000, 0, 0, dp_35.000000, 30032344.72228241, 176707.91450500488, 491375.607152, inf, 173.41040462427745, 398.89388872006776, 23279.336386, 227300.928014, 2.343074, 12492.980449, 226586.752233, 1713.266996, 6055, 64028.4453125, 10350001, 16349719, 522914450, 549614170, 29896544.686576843, 82954.73197937012, 266918.918492, inf, 348.83720930232556, 704.0299752548384, 37337.3779, 109824.771725, 0.46408, 6163.532051, 113383.302325, 209.470411, 3010, 59693.3125, 5130001, 26530861, 254826443, 286487305, 29728820.351631165, 38237.26300048828, 174747.900801, inf, 697.6744186046511, 1235.1940007861722, 61151.402526, 53283.890169, 0.100899, 3063.110364, 57223.754968, 25.641875, 1505, 51959.203125, 2550001, 43252757, 125064555, 170867313
30000, 30000, 0, 0, dp_37.000000, 30032113.72051239, 176476.91273498535, 518583.579684, inf, 173.41040462427745, 398.89388872006776, 23279.336386, 240873.660687, 2.100229, 12492.980449, 240019.347575, 1916.154358, 6401, 60463.1875, 10350001, 16349719, 553794087, 580493807, 29896386.78881073, 82796.83421325684, 280838.098404, inf, 348.83720930232556, 704.0299752548384, 37337.3779, 115970.748144, 0.467286, 6163.532051, 121131.370243, 234.60278, 3182, 57762.88671875, 5130001, 26530861, 269566347, 301227209, 29728615.094551086, 38032.005920410156, 181104.474613, inf, 697.6744186046511, 1235.1940007861722, 61151.402526, 56337.606001, 0.104906, 3063.110364, 60523.65805, 28.592766, 1591, 50473.515625, 2550001, 43252757, 132341789, 178144547
30000, 30000, 0, 0, dp_39.000000, 30032035.147209167, 176398.3394317627, 545028.856586, inf, 173.41040462427745, 398.89388872006776, 23279.336386, 253703.155031, 2.101731, 12492.980449, 253423.019214, 2128.263775, 6747, 56956.16796875, 10350001, 16349719, 583452686, 610152406, 29895588.3781662, 81998.42356872559, 293045.10647299996, inf, 348.83720930232556, 704.0299752548384, 37337.3779, 122398.379022, 0.467106, 6163.532051, 126884.581031, 260.769363, 3354, 55909.6484375, 5130001, 26530861, 284545635, 316206497, 29728756.48688507, 38173.39825439453, 187925.37731699998, inf, 697.6744186046511, 1235.1940007861722, 61151.402526, 59457.255594, 0.101741, 3063.110364, 64221.647792, 31.8593, 1677, 49097.5390625, 2550001, 43252757, 139619023, 185421781
30000, 30000, 0, 0, dp_5.000000, 30055293.329963684, 199656.5221862793, 95933.10728999999, inf, 173.41040462427745, 398.89388872006776, 23279.336386, 33252.012295, 2.094388, 12492.980449, 26878.551057, 28.132715, 865, 220028.890625, 10350001, 16349719, 70425751, 97125471, 29910552.13925934, 96962.18466186523, 73062.02301100001, inf, 348.83720930232556, 704.0299752548384, 37337.3779, 16205.824509, 0.42126, 6163.532051, 13351.454621, 3.41267, 430, 139477.65625, 5130001, 26530861, 34486290, 66147152, 29736783.14997101, 46200.06134033203, 78499.94638899999, inf, 697.6744186046511, 1235.1940007861722, 61151.402526, 7467.769422, 0.091341, 3063.110364, 6817.091473, 0.481263, 215, 90849.5625, 2550001, 43252757, 16235814, 62038572
30000, 30000, 0, 0, dp_7.000000, 30048789.253486633, 193152.44570922852, 122614.91031699999, inf, 173.41040462427745, 398.89388872006776, 23279.336386, 46609.844873, 2.18126, 12492.980449, 40169.868656, 60.698693, 1211, 189644.75, 10350001, 16349719, 100694869, 127394589, 29908167.615699768, 94577.66110229492, 85944.698146, inf, 348.83720930232556, 704.0299752548384, 37337.3779, 22370.215644, 0.416932, 6163.532051, 20065.537613, 7.618006, 602, 125434.375, 5130001, 26530861, 49266476, 80927338, 29735235.445381165, 44652.35675048828, 85086.10876900001, inf, 697.6744186046511, 1235.1940007861722, 61151.402526, 10512.624607, 0.092753, 3063.110364, 10357.939658, 0.938861, 301, 85693.015625, 2550001, 43252757, 23513048, 69315806
30000, 30000, 0, 0, dp_9.000000, 30045209.785850525, 189572.97807312012, 148889.156786, inf, 173.41040462427745, 398.89388872006776, 23279.336386, 59348.768364, 2.17613, 12492.980449, 53661.042779, 104.852678, 1557, 167168.484375, 10350001, 16349719, 130849021, 157548741, 29907559.728981018, 93969.77438354492, 98676.083202, inf, 348.83720930232556, 704.0299752548384, 37337.3779, 28537.325969, 0.466315, 6163.532051, 26624.877139, 12.503828, 774, 115453.46875, 5130001, 26530861, 63851013, 95511875, 29734175.181282043, 43592.09265136719, 91415.895108, inf, 697.6744186046511, 1235.1940007861722, 61151.402526, 13614.38593, 0.089849, 3063.110364, 13585.299636, 1.606803, 387, 81282.8359375, 2550001, 43252757, 30790282, 76593040
30000, 30000, 0, 0, fixed_reps_1, 30084821.625434875, 229184.8176574707, 43535.283813999995, inf, 173.41040462427745, 398.89388872006776, 23279.336386, 7703.522797, 1.993567, 12492.980449, 57.450615, 0, 173, 401371.59375, 10350001, 16349719, 9917249, 36616969, 29923055.27960968, 109465.32501220703, 47120.086413000005, inf, 348.83720930232556, 704.0299752548384, 37337.3779, 3565.925941, 0.427662, 6163.532051, 52.822859, 0, 86, 222192.265625, 5130001, 26530861, 4823491, 36484353, 29740781.76233673, 50198.67370605469, 65916.51543700001, inf, 697.6744186046511, 1235.1940007861722, 61151.402526, 1651.722681, 0.088816, 3063.110364, 50.19105, 0, 43, 121732.6796875, 2550001, 43252757, 2324041, 48126799
30000, 30000, 0, 0, fixed_reps_11, 30057693.091682434, 202056.2839050293, 108008.328354, inf, 173.41040462427745, 398.89388872006776, 23279.336386, 71808.584938, 2.191758, 12492.980449, 425.234823, 0, 1903, 224353.953125, 10350001, 16349719, 109088009, 135787729, 29909201.093666077, 95611.13906860352, 78696.69666999999, inf, 348.83720930232556, 704.0299752548384, 37337.3779, 34762.086885, 0.466284, 6163.532051, 433.23355, 0, 946, 134700.109375, 5130001, 26530861, 53057541, 84718403, 29735252.433784485, 44669.345153808594, 81283.107219, inf, 697.6744186046511, 1235.1940007861722, 61151.402526, 16639.646279, 0.090499, 3063.110364, 428.857551, 0, 473, 87237.7890625, 2550001, 43252757, 25564021, 71366779
30000, 30000, 0, 0, fixed_reps_13, 30055271.857063293, 199635.04928588867, 120867.491926, inf, 173.41040462427745, 398.89388872006776, 23279.336386, 84590.246897, 2.176891, 12492.980449, 502.751303, 0, 2249, 213712.890625, 10350001, 16349719, 128922161, 155621881, 29908463.612098694, 94873.6575012207, 85038.998013, inf, 348.83720930232556, 704.0299752548384, 37337.3779, 41024.801562, 0.462858, 6163.532051, 512.823642, 0, 1118, 127307.5078125, 5130001, 26530861, 62704351, 94365213, 29735035.982429504, 44452.893798828125, 84349.248442, inf, 697.6744186046511, 1235.1940007861722, 61151.402526, 19629.381243, 0.103014, 3063.110364, 505.251295, 0, 559, 85125.75, 2550001, 43252757, 30212017, 76014775
30000, 30000, 0, 0, fixed_reps_15, 30052891.197395325, 197254.38961791992, 133791.997169, inf, 173.41040462427745, 398.89388872006776, 23279.336386, 97436.656649, 2.168796, 12492.980449, 580.854889, 0, 2595, 197749.609375, 10350001, 16349719, 148756313, 175456033, 29907904.95780182, 94315.0032043457, 91348.585331, inf, 348.83720930232556, 704.0299752548384, 37337.3779, 47264.156963, 0.466214, 6163.532051, 583.052203, 0, 1290, 122982.515625, 5130001, 26530861, 72351161, 104012023, 29734830.661994934, 44247.57336425781, 87404.215728, inf, 697.6744186046511, 1235.1940007861722, 61151.402526, 22607.058795, 0.090921, 3063.110364, 582.553122, 0, 645, 82845.34375, 2550001, 43252757, 34860013, 80662771
30000, 30000, 0, 0, fixed_reps_17, 30049206.75605011, 193569.94827270508, 146595.982712, inf, 173.41040462427745, 398.89388872006776, 23279.336386, 110164.502224, 2.178456, 12492.980449, 656.985197, 0, 2941, 190127.328125, 10350001, 16349719, 168590465, 195290185, 29907087.84085846, 93497.88626098633, 97667.83798699999, inf, 348.83720930232556, 704.0299752548384, 37337.3779, 53507.935889, 0.473789, 6163.532051, 658.518358, 0, 1462, 119023.546875, 5130001, 26530861, 81997971, 113658833, 29734126.604255676, 43543.515625, 90562.086658, inf, 697.6744186046511, 1235.1940007861722, 61151.402526, 25682.35221, 0.091562, 3063.110364, 665.129996, 0, 731, 80927.265625, 2550001, 43252757, 39508009, 85310767
30000, 30000, 0, 0, fixed_reps_19, 30048050.917793274, 192414.11001586914, 159542.28981, inf, 173.41040462427745, 398.89388872006776, 23279.336386, 123033.885893, 2.156968, 12492.980449, 733.930114, 0, 3287, 179299.09375, 10350001, 16349719, 188424617, 215124337, 29906666.198890686, 93076.24429321289, 104013.701231, inf, 348.83720930232556, 704.0299752548384, 37337.3779, 59763.930449, 0.468168, 6163.532051, 748.392663, 0, 1634, 116296.8671875, 5130001, 26530861, 91644781, 123305643, 29733721.476387024, 43138.387756347656, 93589.19968199999, inf, 697.6744186046511, 1235.1940007861722, 61151.402526, 28627.612181, 0.098825, 3063.110364, 746.975786, 0, 817, 78268.8828125, 2550001, 43252757, 44156005, 89958763
30000, 30000, 0, 0, fixed_reps_21, 30045016.390937805, 189379.5831604004, 172779.277609, inf, 173.41040462427745, 398.89388872006776, 23279.336386, 136193.596574, 2.138933, 12492.980449, 811.225267, 0, 3633, 166711.53125, 10350001, 16349719, 208258769, 234958489, 29905966.687721252, 92376.7331237793, 110276.12739600001, inf, 348.83720930232556, 704.0299752548384, 37337.3779, 65957.466072, 0.464571, 6163.532051, 817.286802, 0, 1806, 113795.765625, 5130001, 26530861, 101291591, 132952453, 29733336.480171204, 42753.391540527344, 96688.570886, inf, 697.6744186046511, 1235.1940007861722, 61151.402526, 31644.384875, 0.106109, 3063.110364, 829.567012, 0, 903, 74453.1484375, 2550001, 43252757, 48804001, 94606759
30000, 30000, 0, 0, fixed_reps_23, 30043988.313545227, 188351.50576782227, 185701.19621999998, inf, 173.41040462427745, 398.89388872006776, 23279.336386, 149032.634856, 2.163367, 12492.980449, 894.081162, 0, 3979, 160240.328125, 10350001, 16349719, 228092921, 254792641, 29905745.128578186, 92155.17398071289, 116624.153167, inf, 348.83720930232556, 704.0299752548384, 37337.3779, 72227.605832, 0.472025, 6163.532051, 895.165359, 0, 1978, 110154.34375, 5130001, 26530861, 110938401, 142599263, 29733015.055366516, 42431.966735839844, 99797.90918799999, inf, 697.6744186046511, 1235.1940007861722, 61151.402526, 34682.631724, 0.09096, 3063.110364, 900.673614, 0, 989, 73234.625, 2550001, 43252757, 53451997, 99254755
30000, 30000, 0, 0, fixed_reps_25, 30043408.19617462, 187771.3883972168, 198342.29804799997, inf, 173.41040462427745, 398.89388872006776, 23279.336386, 161601.753377, 2.175971, 12492.980449, 966.051865, 0, 4325, 153915.265625, 10350001, 16349719, 247927073, 274626793, 29905097.61417389, 91507.65957641602, 123001.667204, inf, 348.83720930232556, 704.0299752548384, 37337.3779, 78530.131471, 0.472937, 6163.532051, 970.152845, 0, 2150, 105190.640625, 5130001, 26530861, 120585211, 152246073, 29732698.176704407, 42115.08807373047, 102834.519787, inf, 697.6744186046511, 1235.1940007861722, 61151.402526, 37623.867233, 0.105618, 3063.110364, 996.034046, 0, 1075, 72147.2421875, 2550001, 43252757, 58099993, 103902751
30000, 30000, 0, 0, fixed_reps_27, 30042350.71448517, 186713.90670776367, 211219.768221, inf, 173.41040462427745, 398.89388872006776, 23279.336386, 174404.558356, 2.189756, 12492.980449, 1040.703274, 0, 4671, 146836.78125, 10350001, 16349719, 267761225, 294460945, 29904662.08292389, 91072.12832641602, 129256.35085700001, inf, 348.83720930232556, 704.0299752548384, 37337.3779, 84694.382815, 0.460544, 6163.532051, 1060.597547, 0, 2322, 102429.3515625, 5130001, 26530861, 130232021, 161892883, 29732480.612495422, 41897.523864746094, 105955.800834, inf, 697.6744186046511, 1235.1940007861722, 61151.402526, 40664.706504, 0.100638, 3063.110364, 1076.480802, 0, 1161, 71029.34375, 2550001, 43252757, 62747989, 108550747
30000, 30000, 0, 0, fixed_reps_29, 30041872.037849426, 186235.23007202148, 224283.264487, inf, 173.41040462427745, 398.89388872006776, 23279.336386, 187389.010077, 2.177674, 12492.980449, 1119.759901, 0, 5017, 142491.546875, 10350001, 16349719, 287595377, 314295097, 29904127.17050934, 90537.21591186523, 135609.755016, inf, 348.83720930232556, 704.0299752548384, 37337.3779, 90986.476196, 0.466064, 6163.532051, 1121.902805, 0, 2494, 100931.875, 5130001, 26530861, 139878831, 171539693, 29732005.08783722, 41421.99920654297, 108940.561727, inf, 697.6744186046511, 1235.1940007861722, 61151.402526, 43564.473838, 0.091051, 3063.110364, 1161.483948, 0, 1247, 68772.1640625, 2550001, 43252757, 67395985, 113198743
30000, 30000, 0, 0, fixed_reps_3, 30069773.282417297, 214136.47463989258, 56374.27790899999, inf, 173.41040462427745, 398.89388872006776, 23279.336386, 20478.303911, 2.071603, 12492.980449, 121.58556, 0, 519, 320075.8125, 10350001, 16349719, 29751401, 56451121, 29917842.28516388, 104252.33056640625, 53437.36169500001, inf, 348.83720930232556, 704.0299752548384, 37337.3779, 9818.483697, 0.454682, 6163.532051, 117.513365, 0, 258, 188181.5, 5130001, 26530861, 14470301, 46131163, 29739033.30554962, 48450.21691894531, 68974.019608, inf, 697.6744186046511, 1235.1940007861722, 61151.402526, 4643.542651, 0.091201, 3063.110364, 115.872866, 0, 129, 106933.3984375, 2550001, 43252757, 6972037, 52774795
30000, 30000, 0, 0, fixed_reps_31, 30041412.764839172, 185775.95706176758, 237700.06726, inf, 173.41040462427745, 398.89388872006776, 23279.336386, 200724.192333, 2.150422, 12492.980449, 1201.40767, 0, 5363, 139715.421875, 10350001, 16349719, 307429529, 334129249, 29903956.0230484, 90366.06845092773, 142026.55911, inf, 348.83720930232556, 704.0299752548384, 37337.3779, 97327.754981, 0.471825, 6163.532051, 1197.422353, 0, 2666, 95566.0625, 5130001, 26530861, 149525641, 181186503, 29731795.743415833, 41212.65478515625, 112020.706628, inf, 697.6744186046511, 1235.1940007861722, 61151.402526, 46575.613165, 0.104787, 3063.110364, 1230.475786, 0, 1333, 67801.9296875, 2550001, 43252757, 72043981, 117846739
30000, 30000, 0, 0, fixed_reps_33, 30040435.078681946, 184798.27090454102, 250062.258008, inf, 173.41040462427745, 398.89388872006776, 23279.336386, 213013.394046, 2.252474, 12492.980449, 1274.294653, 0, 5709, 132808.171875, 10350001, 16349719, 327263681, 353963401, 29903013.27433014, 89423.31973266602, 148323.688907, inf, 348.83720930232556, 704.0299752548384, 37337.3779, 103540.427609, 0.468068, 6163.532051, 1281.883279, 0, 2838, 92870.875, 5130001, 26530861, 159172451, 190833313, 29731425.344429016, 40842.255798339844, 115111.279419, inf, 697.6744186046511, 1235.1940007861722, 61151.402526, 49589.027951, 0.103083, 3063.110364, 1307.635495, 0, 1419, 67049.2578125, 2550001, 43252757, 76691977, 122494735
30000, 30000, 0, 0, fixed_reps_35, 30039576.565574646, 183939.7577972412, 263380.740289, inf, 173.41040462427745, 398.89388872006776, 23279.336386, 226254.925247, 2.137839, 12492.980449, 1351.360368, 0, 6055, 126531.9140625, 10350001, 16349719, 347097833, 373797553, 29901844.023658752, 88254.0690612793, 154590.616085, inf, 348.83720930232556, 704.0299752548384, 37337.3779, 109735.730272, 0.46373, 6163.532051, 1353.512132, 0, 3010, 91249.8125, 5130001, 26530861, 168819261, 200480123, 29731402.8650589, 40819.776428222656, 118149.532405, inf, 697.6744186046511, 1235.1940007861722, 61151.402526, 52537.957203, 0.102102, 3063.110364, 1396.96021, 0, 1505, 66094.015625, 2550001, 43252757, 81339973, 127142731
30000, 30000, 0, 0, fixed_reps_37, 30039371.047813416, 183734.24003601074, 276156.557279, inf, 173.41040462427745, 398.89388872006776, 23279.336386, 238953.358215, 2.159188, 12492.980449, 1428.723041, 0, 6401, 123842.8359375, 10350001, 16349719, 366931985, 393631705, 29901386.178138733, 87796.22354125977, 160917.360502, inf, 348.83720930232556, 704.0299752548384, 37337.3779, 115986.325091, 0.46377, 6163.532051, 1429.66169, 0, 3182, 89291.6484375, 5130001, 26530861, 178466071, 210126933, 29731375.87561798, 40792.78698730469, 121308.405857, inf, 697.6744186046511, 1235.1940007861722, 61151.402526, 55626.900238, 0.103564, 3063.110364, 1466.889165, 0, 1591, 65362.32421875, 2550001, 43252757, 85987969, 131790727
30000, 30000, 0, 0, fixed_reps_39, 30039236.890342712, 183600.08256530762, 289145.190412, inf, 173.41040462427745, 398.89388872006776, 23279.336386, 251861.45905, 2.291677, 12492.980449, 1509.12285, 0, 6747, 122093, 10350001, 16349719, 386766137, 413465857, 29900956.899513245, 87366.94491577148, 167181.684473, inf, 348.83720930232556, 704.0299752548384, 37337.3779, 122168.5109, 0.467547, 6163.532051, 1511.796075, 0, 3354, 88133.109375, 5130001, 26530861, 188112881, 219773743, 29731183.722114563, 40600.63348388672, 124273.30623500001, inf, 697.6744186046511, 1235.1940007861722, 61151.402526, 58502.216415, 0.10124, 3063.110364, 1556.47569, 0, 1677, 63754.81640625, 2550001, 43252757, 90635965, 136438723
30000, 30000, 0, 0, fixed_reps_41, 30038686.100852966, 183049.29307556152, 303476.61078000005, inf, 173.41040462427745, 398.89388872006776, 23279.336386, 266116.145841, 2.315612, 12492.980449, 1585.832492, 0, 7093, 120385.6875, 10350001, 16349719, 406600289, 433300009, 29900569.185768127, 86979.2311706543, 173560.94314, inf, 348.83720930232556, 704.0299752548384, 37337.3779, 128470.474819, 0.471174, 6163.532051, 1589.087196, 0, 3526, 86962.3828125, 5130001, 26530861, 197759691, 229420553, 29730857.454109192, 40274.365478515625, 127432.94153899999, inf, 697.6744186046511, 1235.1940007861722, 61151.402526, 61604.374278, 0.10135, 3063.110364, 1613.953021, 0, 1763, 63144.21875, 2550001, 43252757, 95283961, 141086719
30000, 30000, 0, 0, fixed_reps_5, 30064137.59351349, 208500.78573608398, 69013.803577, inf, 173.41040462427745, 398.89388872006776, 23279.336386, 33045.321341, 2.19541, 12492.980449, 193.969991, 0, 865, 276104.40625, 10350001, 16349719, 49585553, 76285273, 29915296.93939972, 101706.9848022461, 59732.768979, inf, 348.83720930232556, 704.0299752548384, 37337.3779, 16034.957085, 0.428102, 6163.532051, 196.473841, 0, 430, 172766.0625, 5130001, 26530861, 24117111, 55777973, 29737382.747322083, 46799.65869140625, 72066.16550599999, inf, 697.6744186046511, 1235.1940007861722, 61151.402526, 7657.825442, 0.093195, 3063.110364, 193.733979, 0, 215, 98582.4765625, 2550001, 43252757, 11620033, 57422791
30000, 30000, 0, 0, fixed_reps_7, 30062046.059761047, 206409.25198364258, 81956.499218, inf, 173.41040462427745, 398.89388872006776, 23279.336386, 45910.587745, 2.196552, 12492.980449, 271.398086, 0, 1211, 252355.21875, 10350001, 16349719, 69419705, 96119425, 29913155.408576965, 99565.45397949219, 66013.39933, inf, 348.83720930232556, 704.0299752548384, 37337.3779, 22240.912247, 0.470722, 6163.532051, 271.10641, 0, 602, 155847.75, 5130001, 26530861, 33763921, 65424783, 29736624.26056671, 46041.171936035156, 75202.962785, inf, 697.6744186046511, 1235.1940007861722, 61151.402526, 10715.492198, 0.108283, 3063.110364, 272.849414, 0, 301, 92722, 2550001, 43252757, 16268029, 62070787
30000, 30000, 0, 0, fixed_reps_9, 30060192.00366974, 204555.19589233398, 94995.21724, inf, 173.41040462427745, 398.89388872006776, 23279.336386, 58872.329563, 2.185717, 12492.980449, 348.385125, 0, 1557, 238254.078125, 10350001, 16349719, 89253857, 115953577, 29910985.939460754, 97395.98486328125, 72396.430075, inf, 348.83720930232556, 704.0299752548384, 37337.3779, 28545.069859, 0.433974, 6163.532051, 350.016291, 0, 774, 146077.5625, 5130001, 26530861, 43410731, 75071593, 29735892.946601868, 45309.857971191406, 78241.68799499999, inf, 697.6744186046511, 1235.1940007861722, 61151.402526, 13673.963678, 0.096761, 3063.110364, 353.114666, 0, 387, 89997.03125, 2550001, 43252757, 20916025, 66718783
30000, 30000, 0, 0, greedy_1.000000, 30084821.625434875, 229184.8176574707, 43077.89519399999, inf, 173.41040462427745, 398.89388872006776, 23279.336386, 7265.98963, 1.96786, 12492.980449, 37.61079, 0.010079, 173, 401371.59375, 10350001, 16349719, 9917249, 36616969, 29923055.27960968, 109465.32501220703, 47029.555636000005, inf, 348.83720930232556, 704.0299752548384, 37337.3779, 3490.528906, 0.427221, 6163.532051, 37.684308, 0.00525, 86, 222192.265625, 5130001, 26530861, 4823491, 36484353, 29740781.76233673, 50198.67370605469, 65979.469616, inf, 697.6744186046511, 1235.1940007861722, 61151.402526, 1727.106527, 0.088617, 3063.110364, 37.754469, 0.007113, 43, 121732.6796875, 2550001, 43252757, 2324041, 48126799
30000, 30000, 0, 0, greedy_11.000000, 30049734.259895325, 194097.45211791992, 174677.97467199998, inf, 173.41040462427745, 398.89388872006776, 23279.336386, 71951.095236, 2.330931, 12492.980449, 66951.777709, 0.453961, 1903, 186190.40625, 10350001, 16349719, 160906031, 187605751, 29907529.4794693, 93939.52487182617, 111744.924805, inf, 348.83720930232556, 704.0299752548384, 37337.3779, 34867.0336, 0.464211, 6163.532051, 33376.383363, 0.13368, 946, 124342.6171875, 5130001, 26530861, 78710609, 110371471, 29734983.168159485, 44400.079528808594, 97840.63898100001, inf, 697.6744186046511, 1235.1940007861722, 61151.402526, 16496.100143, 0.091853, 3063.110364, 17129.891805, 0.04229, 473, 83808.7890625, 2550001, 43252757, 37797705, 83600463
30000, 30000, 0, 0, greedy_13.000000, 30047985.794563293, 192348.98678588867, 200990.603045, inf, 173.41040462427745, 398.89388872006776, 23279.336386, 84855.982814, 1.969984, 12492.980449, 80359.797928, 0.535484, 2249, 174473.03125, 10350001, 16349719, 191175149, 217874869, 29906504.578163147, 92914.62356567383, 124493.314804, inf, 348.83720930232556, 704.0299752548384, 37337.3779, 41113.288241, 0.470222, 6163.532051, 39878.491039, 0.155351, 1118, 118683.75, 5130001, 26530861, 93464325, 125125187, 29734613.46949005, 44030.380859375, 103843.583941, inf, 697.6744186046511, 1235.1940007861722, 61151.402526, 19489.179014, 0.091061, 3063.110364, 20139.751734, 0.049242, 559, 81468.9453125, 2550001, 43252757, 45074939, 90877697
30000, 30000, 0, 0, greedy_15.000000, 30045242.529060364, 189605.72128295898, 227128.893365, inf, 173.41040462427745, 398.89388872006776, 23279.336386, 97729.08303, 2.123703, 12492.980449, 93624.753952, 0.615845, 2595, 158118.890625, 10350001, 16349719, 221384799, 248084519, 29905468.78391266, 91878.82931518555, 137609.96375000002, inf, 348.83720930232556, 704.0299752548384, 37337.3779, 47439.680783, 0.475001, 6163.532051, 46668.681679, 0.216336, 1290, 114304.984375, 5130001, 26530861, 108323921, 139984783, 29734423.06311798, 43839.97448730469, 110318.70463899999, inf, 697.6744186046511, 1235.1940007861722, 61151.402526, 22628.100363, 0.102502, 3063.110364, 23475.931076, 0.057808, 645, 79742.8984375, 2550001, 43252757, 52352173, 98154931
30000, 30000, 0, 0, greedy_17.000000, 30042042.14051056, 186405.3327331543, 253012.378097, inf, 173.41040462427745, 398.89388872006776, 23279.336386, 110397.025783, 2.139142, 12492.980449, 106840.191936, 0.704401, 2941, 147987.09375, 10350001, 16349719, 251209933, 277909653, 29903768.994789124, 90179.04019165039, 150686.695734, inf, 348.83720930232556, 704.0299752548384, 37337.3779, 53782.388603, 0.464792, 6163.532051, 53402.720351, 0.212037, 1462, 109430.546875, 5130001, 26530861, 123093748, 154754610, 29733644.235298157, 43061.14666748047, 116568.63964200001, inf, 697.6744186046511, 1235.1940007861722, 61151.402526, 25578.33643, 0.10155, 3063.110364, 26775.593573, 0.095199, 731, 78266.84375, 2550001, 43252757, 59629407, 105432165
30000, 30000, 0, 0, greedy_19.000000, 30041711.159614563, 186074.3518371582, 278913.87173599994, inf, 173.41040462427745, 398.89388872006776, 23279.336386, 122998.897739, 2.105649, 12492.980449, 120139.766491, 0.785022, 3287, 141641.46875, 10350001, 16349719, 280870517, 307570237, 29903203.46030426, 89613.50570678711, 163504.317714, inf, 348.83720930232556, 704.0299752548384, 37337.3779, 60167.945566, 0.465112, 6163.532051, 59834.757035, 0.24005, 1634, 104291.84375, 5130001, 26530861, 137953344, 169614206, 29733105.24646759, 42522.15783691406, 123068.677891, inf, 697.6744186046511, 1235.1940007861722, 61151.402526, 28726.888624, 0.101941, 3063.110364, 30127.084317, 0.090119, 817, 75566.21875, 2550001, 43252757, 66906641, 112709399
30000, 30000, 0, 0, greedy_21.000000, 30040289.60245514, 184652.79467773438, 305033.942801, inf, 173.41040462427745, 398.89388872006776, 23279.336386, 135787.570225, 2.134313, 12492.980449, 133471.049743, 0.871685, 3633, 134510.53125, 10350001, 16349719, 310862145, 337561865, 29901855.028053284, 88265.07345581055, 176352.256217, inf, 348.83720930232556, 704.0299752548384, 37337.3779, 66366.688962, 0.465914, 6163.532051, 66483.941121, 0.250269, 1806, 102676.078125, 5130001, 26530861, 152812940, 184473802, 29732453.920173645, 41870.83154296875, 129332.448802, inf, 697.6744186046511, 1235.1940007861722, 61151.402526, 31693.197462, 0.10667, 3063.110364, 33424.522726, 0.109054, 903, 74298.96875, 2550001, 43252757, 74183875, 119986633
30000, 30000, 0, 0, greedy_23.000000, 30039700.68235016, 184063.8745727539, 331350.757998, inf, 173.41040462427745, 398.89388872006776, 23279.336386, 148812.339938, 2.15921, 12492.980449, 146762.907335, 1.03468, 3979, 125142.0703125, 10350001, 16349719, 341131263, 367830983, 29900917.701332092, 87327.74673461914, 189476.840829, inf, 348.83720930232556, 704.0299752548384, 37337.3779, 72656.023476, 0.466244, 6163.532051, 73319.149391, 0.291767, 1978, 97571.640625, 5130001, 26530861, 167672536, 199333398, 29732188.064216614, 41604.9755859375, 136240.179542, inf, 697.6744186046511, 1235.1940007861722, 61151.402526, 34758.110202, 0.105107, 3063.110364, 37267.376022, 0.075321, 989, 73061.6015625, 2550001, 43252757, 81461109, 127263867
30000, 30000, 0, 0, greedy_25.000000, 30039133.116493225, 183496.3087158203, 357340.88636199996, inf, 173.41040462427745, 398.89388872006776, 23279.336386, 161508.097588, 2.184998, 12492.980449, 160057.279572, 1.007369, 4325, 119515.203125, 10350001, 16349719, 371011895, 397711615, 29900609.226661682, 87019.27206420898, 202999.34661299997, inf, 348.83720930232556, 704.0299752548384, 37337.3779, 78983.245385, 0.46381, 6163.532051, 80514.40389, 0.323577, 2150, 94896.5859375, 5130001, 26530861, 182532132, 214192994, 29730902.28199005, 40319.193359375, 142106.56215299998, inf, 697.6744186046511, 1235.1940007861722, 61151.402526, 37786.932011, 0.107411, 3063.110364, 40104.927797, 0.082044, 1075, 71708.8046875, 2550001, 43252757, 88738343, 134541101
30000, 30000, 0, 0, greedy_27.000000, 30038338.654823303, 182701.84704589844, 383528.29125099996, inf, 173.41040462427745, 398.89388872006776, 23279.336386, 174478.208839, 2.247145, 12492.980449, 173274.449227, 1.069205, 4671, 114221.328125, 10350001, 16349719, 401281013, 427980733, 29899891.56150055, 86301.60690307617, 215452.22358100003, inf, 348.83720930232556, 704.0299752548384, 37337.3779, 85382.371389, 0.468388, 6163.532051, 86568.154785, 0.319068, 2322, 87863.234375, 5130001, 26530861, 197391728, 229052590, 29730726.909980774, 40143.821350097656, 148448.14497, inf, 697.6744186046511, 1235.1940007861722, 61151.402526, 40862.788782, 0.099436, 3063.110364, 43370.620019, 0.123843, 1161, 70458.0859375, 2550001, 43252757, 96015577, 141818335
30000, 30000, 0, 0, greedy_29.000000, 30036808.251945496, 181171.44416809082, 409879.449047, inf, 173.41040462427745, 398.89388872006776, 23279.336386, 187368.469593, 2.325791, 12492.980449, 186735.148349, 1.188479, 5017, 104530.125, 10350001, 16349719, 431328139, 458027859, 29899776.973854065, 86187.0192565918, 228284.766819, inf, 348.83720930232556, 704.0299752548384, 37337.3779, 91814.744086, 0.457167, 6163.532051, 92968.285782, 0.369833, 2494, 86248.4765625, 5130001, 26530861, 212251324, 243912186, 29730726.909980774, 40143.821350097656, 154854.813831, inf, 697.6744186046511, 1235.1940007861722, 61151.402526, 43688.591631, 0.099316, 3063.110364, 46951.484609, 0.125385, 1247, 69275.4765625, 2550001, 43252757, 102873105, 148675863
30000, 30000, 0, 0, greedy_3.000000, 30065540.163887024, 209903.35610961914, 69448.55686800001, inf, 173.41040462427745, 398.89388872006776, 23279.336386, 20250.283421, 2.133681, 12492.980449, 13423.698057, 0.124874, 519, 283717.53125, 10350001, 16349719, 40156633, 66856353, 29915433.95526886, 101844.00067138672, 59949.983146000006, inf, 348.83720930232556, 704.0299752548384, 37337.3779, 9760.010001, 0.422913, 6163.532051, 6688.603923, 0.036358, 258, 173411.71875, 5130001, 26530861, 19600224, 51261086, 29738575.19178009, 47992.10314941406, 72320.49420599999, inf, 697.6744186046511, 1235.1940007861722, 61151.402526, 4638.508557, 0.091011, 3063.110364, 3467.364055, 0.017693, 129, 103046.640625, 2550001, 43252757, 9442757, 55245515
30000, 30000, 0, 0, greedy_31.000000, 30036043.745109558, 180406.93733215332, 436122.78737700003, inf, 173.41040462427745, 398.89388872006776, 23279.336386, 200387.946697, 2.136567, 12492.980449, 199959.133677, 1.253601, 5363, 101306.671875, 10350001, 16349719, 461597257, 488296977, 29898670.160072327, 85080.20547485352, 241266.23071500004, inf, 348.83720930232556, 704.0299752548384, 37337.3779, 98199.232833, 0.467456, 6163.532051, 99565.224262, 0.396213, 2666, 81591.5859375, 5130001, 26530861, 227110920, 258771782, 29730726.909980774, 40143.821350097656, 161202.96701000002, inf, 697.6744186046511, 1235.1940007861722, 61151.402526, 46747.176978, 0.091041, 3063.110364, 50241.051518, 0.134583, 1333, 68521.296875, 2550001, 43252757, 110150339, 155953097
30000, 30000, 0, 0, greedy_33.000000, 30035377.64427948, 179740.8365020752, 462576.622082, inf, 173.41040462427745, 398.89388872006776, 23279.336386, 213424.806252, 2.151295, 12492.980449, 213376.024388, 1.323312, 5709, 96405.6953125, 10350001, 16349719, 491866375, 518566095, 29898431.818397522, 84841.86380004883, 254339.087702, inf, 348.83720930232556, 704.0299752548384, 37337.3779, 104524.042036, 0.46378, 6163.532051, 106313.283016, 0.388919, 2838, 78949.53125, 5130001, 26530861, 241970516, 273631378, 29729862.01551056, 39278.92687988281, 167951.46090600002, inf, 697.6744186046511, 1235.1940007861722, 61151.402526, 49825.341632, 0.102783, 3063.110364, 53911.373557, 0.130044, 1419, 65042.4609375, 2550001, 43252757, 117427573, 163230331
30000, 30000, 0, 0, greedy_35.000000, 30034068.010368347, 178431.20259094238, 487787.27817400004, inf, 173.41040462427745, 398.89388872006776, 23279.336386, 225424.68137, 2.142468, 12492.980449, 226586.752233, 1.385268, 6055, 90732.5234375, 10350001, 16349719, 520440655, 547140375, 29898294.671424866, 84704.71682739258, 267173.689523, inf, 348.83720930232556, 704.0299752548384, 37337.3779, 110288.585103, 0.469481, 6163.532051, 113383.302325, 0.422663, 3010, 76966.4609375, 5130001, 26530861, 255902499, 287563361, 29729790.320991516, 39207.232360839844, 174312.63258499998, inf, 697.6744186046511, 1235.1940007861722, 61151.402526, 52874.117914, 0.10645, 3063.110364, 57223.754968, 0.140363, 1505, 62940.140625, 2550001, 43252757, 124704807, 170507565
30000, 30000, 0, 0, greedy_37.000000, 30033145.182426453, 177508.37464904785, 514324.429503, inf, 173.41040462427745, 398.89388872006776, 23279.336386, 238529.130397, 2.166763, 12492.980449, 240019.347575, 1.467933, 6401, 84648.8203125, 10350001, 16349719, 550709773, 577409493, 29897802.44785309, 84212.49325561523, 281267.822114, inf, 348.83720930232556, 704.0299752548384, 37337.3779, 116634.412602, 0.475392, 6163.532051, 121131.370243, 0.653926, 3182, 75000.484375, 5130001, 26530861, 270762095, 302422957, 29729462.06085968, 38878.972229003906, 180750.444772, inf, 697.6744186046511, 1235.1940007861722, 61151.402526, 56012.023282, 0.103023, 3063.110364, 60523.65805, 0.147527, 1591, 62299.6875, 2550001, 43252757, 131982041, 177784799
30000, 30000, 0, 0, greedy_39.000000, 30032401.69945526, 176764.89167785645, 541285.970443, inf, 173.41040462427745, 398.89388872006776, 23279.336386, 252086.874353, 2.15434, 12492.980449, 253423.019214, 1.605701, 6747, 83375.3671875, 10350001, 16349719, 580978891, 607678611, 29897471.459388733, 83881.50479125977, 293317.58276, inf, 348.83720930232556, 704.0299752548384, 37337.3779, 122931.161163, 0.473478, 6163.532051, 126884.581031, 0.457137, 3354, 73976.7109375, 5130001, 26530861, 285621691, 317282553, 29728550.62335968, 37967.534729003906, 187544.39000500002, inf, 697.6744186046511, 1235.1940007861722, 61151.402526, 59107.963134, 0.100268, 3063.110364, 64221.647792, 0.165921, 1677, 60379.94140625, 2550001, 43252757, 139259275, 185062033
30000, 30000, 0, 0, greedy_5.000000, 30061492.622566223, 205855.81478881836, 95810.89552199999, inf, 173.41040462427745, 398.89388872006776, 23279.336386, 33157.690648, 2.129203, 12492.980449, 26878.551057, 0.207779, 865, 253643.546875, 10350001, 16349719, 70336549, 97036269, 29912392.993293762, 98803.03869628906, 72992.29917900001, inf, 348.83720930232556, 704.0299752548384, 37337.3779, 16139.368045, 0.464531, 6163.532051, 13351.454621, 0.102031, 430, 153660.796875, 5130001, 26530861, 34459820, 66120682, 29737793.60242462, 47210.51379394531, 78724.654061, inf, 697.6744186046511, 1235.1940007861722, 61151.402526, 7692.913753, 0.108303, 3063.110364, 6817.091473, 0.027642, 215, 95721.28125, 2550001, 43252757, 16630054, 62432812
30000, 30000, 0, 0, greedy_7.000000, 30056492.34223175, 200855.5344543457, 122179.934039, inf, 173.41040462427745, 398.89388872006776, 23279.336386, 46235.165114, 2.263825, 12492.980449, 40169.868656, 0.319609, 1211, 229737.734375, 10350001, 16349719, 100486731, 127186451, 29910399.945381165, 96809.9907836914, 85748.116399, inf, 348.83720930232556, 704.0299752548384, 37337.3779, 22181.108033, 0.471264, 6163.532051, 20065.537613, 0.089538, 602, 140829.96875, 5130001, 26530861, 48991417, 80652279, 29736860.06012726, 46276.97149658203, 85173.705991, inf, 697.6744186046511, 1235.1940007861722, 61151.402526, 10601.1287, 0.091491, 3063.110364, 10357.939658, 0.033252, 301, 91921.234375, 2550001, 43252757, 23611608, 69414366
30000, 30000, 0, 0, greedy_9.000000, 30052185.25263214, 196548.44485473633, 148778.244541, inf, 173.41040462427745, 398.89388872006776, 23279.336386, 59342.353139, 2.150373, 12492.980449, 53661.042779, 0.381415, 1557, 204246.421875, 10350001, 16349719, 130755849, 157455569, 29908469.208351135, 94879.25375366211, 98655.66883000001, inf, 348.83720930232556, 704.0299752548384, 37337.3779, 28529.284349, 0.461916, 6163.532051, 26624.877139, 0.135475, 774, 131200.578125, 5130001, 26530861, 63851013, 95511875, 29736034.12323761, 45451.034606933594, 91328.333577, inf, 697.6744186046511, 1235.1940007861722, 61151.402526, 13528.37613, 0.105147, 3063.110364, 13585.299636, 0.039774, 387, 87226.8046875, 2550001, 43252757, 30708968, 76511726
30000, 30000, 0, 0, opt, 30026462.675346375, 170825.86756896973, 583830.9217349999, inf, 173.41040462427745, 398.89388872006776, 23279.336386, 548056.372195, 2.232705, 12492.980449, 0, 0, 0, 0, 10350001, 16349719, 825088766, 851788486, 29889750.865837097, 76160.91123962402, 570454.131823, inf, 348.83720930232556, 704.0299752548384, 37337.3779, 526952.758393, 0.463479, 6163.532051, 0, 0, 0, 0, 5130001, 26530861, 792061810, 823722672, 29722154.394706726, 31571.306076049805, 560653.386186, inf, 697.6744186046511, 1235.1940007861722, 61151.402526, 496438.770724, 0.102572, 3063.110364, 0, 0, 0, 0, 2550001, 43252757, 738682560, 784485318
30000, 30000, 0, 0, plus_edge, 30068547.13166046, 212910.32388305664, 43131.850038, inf, 173.41040462427745, 398.89388872006776, 23279.336386, 7356.490069, 3.043134, 12492.980449, 0, 0, 0, 0, 10350001, 16349719, 9916660, 36616380, 29915236.307991028, 101646.35339355469, 46978.023642, inf, 348.83720930232556, 704.0299752548384, 37337.3779, 3476.690187, 0.423504, 6163.532051, 0, 0, 0, 0, 5130001, 26530861, 4800630, 36461492, 29738597.241584778, 48014.15295410156, 65911.919793, inf, 697.6744186046511, 1235.1940007861722, 61151.402526, 1697.31465, 0.092253, 3063.110364, 0, 0, 0, 0, 2550001, 43252757, 2295762, 48098520
30000, 30000, 0, 0, simple, 30084821.625434875, 229184.8176574707, 43539.169081, inf, 173.41040462427745, 398.89388872006776, 23279.336386, 7764.33584, 2.516406, 12492.980449, 0, 0, 0, 0, 10350001, 16349719, 9887076, 36586796, 29923055.27960968, 109465.32501220703, 47000.955915, inf, 348.83720930232556, 704.0299752548384, 37337.3779, 3499.585811, 0.460153, 6163.532051, 0, 0, 0, 0, 5130001, 26530861, 4793405, 36454267, 29740781.76233673, 50198.67370605469, 65902.494898, inf, 697.6744186046511, 1235.1940007861722, 61151.402526, 1687.891579, 0.090429, 3063.110364, 0, 0, 0, 0, 2550001, 43252757, 2293998, 48096756
30000, 30000, 0, 0, dp_1.000000, 30196724.23631096, 221942.40460205078, 51306.813007, inf, 173.41040462427745, 468.0311230528145, 31196.832936, 7546.213483, 1.948634, 12524.212395, 37.593506, 0.012053, 173, 0, 10350001, 21534252, 10191589, 42075842, 30035046.32563591, 105396.13793945312, 42630.71359899999, inf, 348.83720930232556, 654.4608443253137, 32949.000979, 3496.31351, 0.418064, 6147.006826, 37.967968, 0.006252, 86, 0, 5130001, 23635275, 4850776, 33616052, 29855633.130994797, 50556.46569824219, 70618.38185300001, inf, 697.6744186046511, 1294.2932833400166, 65804.755662, 1709.751736, 0.069992, 3066.91197, 36.887684, 0.004809, 43, 0, 2550001, 46466811, 2346889, 51363701
30000, 30000, 0, 0, dp_11.000000, 30167734.29691887, 192952.46520996094, 184705.519253, inf, 173.41040462427745, 468.0311230528145, 31196.832936, 73791.756839, 2.118072, 12524.212395, 67028.462239, 162.136772, 1903, 144482.734375, 10350001, 21534252, 163683707, 195567960, 30015033.624403, 85383.43670654297, 107423.47047599999, inf, 348.83720930232556, 654.4608443253137, 32949.000979, 35123.516376, 0.463349, 6147.006826, 33184.816141, 18.666805, 946, 110208.7421875, 5130001, 23635275, 79223602, 107988878, 29848066.94709587, 42990.281799316406, 102790.10067, inf, 697.6744186046511, 1294.2932833400166, 65804.755662, 16953.854473, 0.091982, 3066.91197, 16962.063519, 2.423064, 473, 72239.078125, 2550001, 46466811, 38661251, 87678063
30000, 30000, 0, 0, dp_13.000000, 30165529.129377365, 190747.29766845703, 211407.63848700002, inf, 173.41040462427745, 468.0311230528145, 31196.832936, 86905.866439, 2.288742, 12524.212395, 80549.678524, 228.759451, 2249, 131007.1484375, 10350001, 21534252, 194384775, 226269028, 30013976.3476696, 84326.15997314453, 120396.03819499999, inf, 348.83720930232556, 654.4608443253137, 32949.000979, 41471.217484, 0.450295, 6147.006826, 39801.439374, 26.923237, 1118, 104041.7890625, 5130001, 23635275, 94138410, 122903686, 29847536.799268723, 42460.13397216797, 108987.162182, inf, 697.6744186046511, 1294.2932833400166, 65804.755662, 20042.88537, 0.09118, 3066.91197, 20069.093819, 3.424181, 559, 69264.9609375, 2550001, 46466811, 45909519, 94926331
30000, 30000, 0, 0, dp_15.000000, 30164212.93009758, 189431.09838867188, 237875.61336600006, inf, 173.41040462427745, 468.0311230528145, 31196.832936, 100266.876275, 2.139893, 12524.212395, 93578.09759, 307.454277, 2595, 119632.5859375, 10350001, 21534252, 225205763, 257090016, 30012876.960889816, 83226.77319335938, 133336.23662100002, inf, 348.83720930232556, 654.4608443253137, 32949.000979, 47727.865214, 0.427632, 6147.006826, 46475.558613, 36.377357, 1290, 98581.5859375, 5130001, 23635275, 108879818, 137645094, 29847426.64924431, 42349.983947753906, 115426.16870899999, inf, 697.6744186046511, 1294.2932833400166, 65804.755662, 22930.966374, 0.091191, 3066.91197, 23618.879292, 4.56422, 645, 66378.234375, 2550001, 46466811, 52904494, 101921306
30000, 30000, 0, 0, dp_17.000000, 30161860.14243889, 187078.31072998047, 264602.730208, inf, 173.41040462427745, 468.0311230528145, 31196.832936, 113549.801744, 2.162356, 12524.212395, 106932.43292, 397.287857, 2941, 110763.4765625, 10350001, 21534252, 256026751, 287911004, 30012171.04652214, 82520.8588256836, 146187.27182, inf, 348.83720930232556, 654.4608443253137, 32949.000979, 53998.969933, 0.466675, 6147.006826, 53044.77255, 47.054857, 1462, 93599.6796875, 5130001, 23635275, 123679026, 152444302, 29846605.590284348, 41528.92498779297, 121953.76561599999, inf, 697.6744186046511, 1294.2932833400166, 65804.755662, 26033.650985, 0.103764, 3066.91197, 27042.521578, 5.821657, 731, 64087.578125, 2550001, 46466811, 60228512, 109245324
30000, 30000, 0, 0, dp_19.000000, 30161211.315656662, 186429.4839477539, 291309.349489, inf, 173.41040462427745, 468.0311230528145, 31196.832936, 126867.724401, 2.160402, 12524.212395, 120219.372725, 499.04663, 3287, 102908.2578125, 10350001, 21534252, 286787779, 318672032, 30011794.74751091, 82144.55981445312, 159153.769408, inf, 348.83720930232556, 654.4608443253137, 32949.000979, 60336.361123, 0.481152, 6147.006826, 59661.21554, 59.703788, 1634, 88838.4375, 5130001, 23635275, 138593834, 167359110, 29846177.38825798, 41100.72296142578, 126800.165251, inf, 697.6744186046511, 1294.2932833400166, 65804.755662, 27769.327641, 0.09086, 3066.91197, 30151.691063, 7.388055, 817, 61884.3125, 2550001, 46466811, 65583030, 114599842
30000, 30000, 0, 0, dp_21.000000, 30160375.19157219, 185593.35986328125, 318271.78127, inf, 173.41040462427745, 468.0311230528145, 31196.832936, 140370.95207, 2.13823, 12524.212395, 133565.527241, 612.118398, 3633, 96349.734375, 10350001, 21534252, 317608767, 349493020, 30010623.08119011, 80972.89349365234, 172369.74726999996, inf, 348.83720930232556, 654.4608443253137, 32949.000979, 66861.664553, 0.465022, 6147.006826, 66338.051679, 73.558211, 1806, 84402.703125, 5130001, 23635275, 153508642, 182273918, 29845705.019117355, 40628.35382080078, 133181.902496, inf, 697.6744186046511, 1294.2932833400166, 65804.755662, 30880.126343, 0.091742, 3066.91197, 33420.975774, 9.041005, 903, 59792.734375, 2550001, 46466811, 72907048, 121923860
30000, 30000, 0, 0, dp_23.000000, 30159447.232221603, 184665.4005126953, 345390.821871, inf, 173.41040462427745, 468.0311230528145, 31196.832936, 154046.119868, 2.145013, 12524.212395, 146884.610389, 736.90127, 3979, 90524.3984375, 10350001, 21534252, 348429755, 380314008, 30010347.00330925, 80696.81561279297, 185387.28175999998, inf, 348.83720930232556, 654.4608443253137, 32949.000979, 72990.389157, 0.468749, 6147.006826, 73211.674265, 88.741784, 1978, 80569.890625, 5130001, 23635275, 168200938, 196966214, 29844617.90162468, 39541.236328125, 139652.569657, inf, 697.6744186046511, 1294.2932833400166, 65804.755662, 34066.37692, 0.10126, 3066.91197, 36703.655952, 10.767893, 989, 57721.484375, 2550001, 46466811, 80231066, 129247878
30000, 30000, 0, 0, dp_25.000000, 30157670.313489914, 182888.48178100586, 372408.85005899996, inf, 173.41040462427745, 468.0311230528145, 31196.832936, 167176.028254, 2.141005, 12524.212395, 160635.310436, 874.325033, 4325, 85225.96875, 10350001, 21534252, 379100843, 410985096, 30009975.047376633, 80324.85968017578, 198391.166209, inf, 348.83720930232556, 654.4608443253137, 32949.000979, 79520.864415, 0.467396, 6147.006826, 79667.90934, 105.917253, 2150, 77617.265625, 5130001, 23635275, 183115746, 211881022, 29844171.28089714, 39094.61560058594, 146681.69850600002, inf, 697.6744186046511, 1294.2932833400166, 65804.755662, 37119.672878, 0.10081, 3066.91197, 40677.522776, 12.73441, 1075, 55680.82421875, 2550001, 46466811, 87555084, 136571896
30000, 30000, 0, 0, dp_27.000000, 30156753.339063644, 181971.50735473633, 399211.487355, inf, 173.41040462427745, 468.0311230528145, 31196.832936, 180627.851862, 2.183374, 12524.212395, 173844.128188, 1016.2786, 4671, 80386, 10350001, 21534252, 409921831, 441806084, 30009364.728651047, 79714.54095458984, 211545.079661, inf, 348.83720930232556, 654.4608443253137, 32949.000979, 85830.255076, 0.473558, 6147.006826, 86494.763006, 123.580216, 2322, 74796.84375, 5130001, 23635275, 198030554, 226795830, 29844069.328077316, 38992.66278076172, 152425.385079, inf, 697.6744186046511, 1294.2932833400166, 65804.755662, 40189.469523, 0.091842, 3066.91197, 43349.106069, 15.050013, 1161, 53721.87109375, 2550001, 46466811, 94879102, 143895914
30000, 30000, 0, 0, dp_29.000000, 30156311.861829758, 181530.0301208496, 426351.404953, inf, 173.41040462427745, 468.0311230528145, 31196.832936, 194099.622012, 2.156504, 12524.212395, 187355.238665, 1173.342441, 5017, 75791.40625, 10350001, 21534252, 440742819, 472627072, 30009219.641004562, 79569.45330810547, 224503.505807, inf, 348.83720930232556, 654.4608443253137, 32949.000979, 92145.643928, 0.467267, 6147.006826, 93118.363457, 143.02335, 2494, 72082.90625, 5130001, 23635275, 212829762, 241595038, 29843586.821790695, 38510.156494140625, 158970.81082400001, inf, 697.6744186046511, 1294.2932833400166, 65804.755662, 43266.007697, 0.099217, 3066.91197, 46815.475337, 17.560941, 1247, 51810.99609375, 2550001, 46466811, 102203120, 151219932
30000, 30000, 0, 0, dp_3.000000, 30181244.145917892, 206462.31420898438, 78273.92140800001, inf, 173.41040462427745, 468.0311230528145, 31196.832936, 20975.370799, 2.149671, 12524.212395, 13566.89391, 8.461697, 519, 255749.34375, 10350001, 21534252, 40953499, 72837752, 30024913.636548996, 95263.44885253906, 55588.551619, inf, 348.83720930232556, 654.4608443253137, 32949.000979, 9815.32527, 0.416781, 6147.006826, 6675.775969, 1.025794, 258, 164607.1875, 5130001, 23635275, 19707784, 48473060, 29852062.520093918, 46985.85479736328, 77035.920739, inf, 697.6744186046511, 1294.2932833400166, 65804.755662, 4750.160462, 0.09077, 3066.91197, 3413.847586, 0.154289, 129, 99263.1953125, 2550001, 46466811, 9585831, 58602643
30000, 30000, 0, 0, dp_31.000000, 30155728.857587814, 180947.02587890625, 453241.24395499995, inf, 173.41040462427745, 468.0311230528145, 31196.832936, 207337.397522, 2.233959, 12524.212395, 200838.268108, 1342.299035, 5363, 71489.6015625, 10350001, 21534252, 471293987, 503178240, 30008685.27747917, 79035.08978271484, 237464.00032300001, inf, 348.83720930232556, 654.4608443253137, 32949.000979, 98609.134609, 0.465372, 6147.006826, 99594.707138, 163.685399, 2666, 69692.140625, 5130001, 23635275, 227744570, 256509846, 29843334.43891716, 38257.77362060547, 165430.857881, inf, 697.6744186046511, 1294.2932833400166, 65804.755662, 46377.889515, 0.1012, 3066.91197, 50161.270252, 19.929282, 1333, 50010.93359375, 2550001, 46466811, 109527138, 158543950
30000, 30000, 0, 0, dp_33.000000, 30155552.19309807, 180770.36138916016, 480569.58363, inf, 173.41040462427745, 468.0311230528145, 31196.832936, 220746.299207, 2.148649, 12524.212395, 214578.036044, 1522.054399, 5709, 67467.0390625, 10350001, 21534252, 502114975, 533999228, 30008493.391614914, 78843.20391845703, 250947.60640300004, inf, 348.83720930232556, 654.4608443253137, 32949.000979, 105210.687743, 0.45826, 6147.006826, 106454.553197, 185.899398, 2838, 67505.6171875, 5130001, 23635275, 242659378, 271424654, 29842327.407331467, 37250.74203491211, 171909.682391, inf, 697.6744186046511, 1294.2932833400166, 65804.755662, 49548.903947, 0.099677, 3066.91197, 53466.393462, 22.617673, 1419, 48380.24609375, 2550001, 46466811, 116851156, 165867968
30000, 30000, 0, 0, dp_35.000000, 30154965.806196213, 180183.9744873047, 506575.54914500006, inf, 173.41040462427745, 468.0311230528145, 31196.832936, 234062.151129, 2.148379, 12524.212395, 227078.308458, 1711.895848, 6055, 63653.7265625, 10350001, 21534252, 532935963, 564820216, 30008431.781202316, 78781.59350585938, 264761.145985, inf, 348.83720930232556, 654.4608443253137, 32949.000979, 111670.288836, 0.460434, 6147.006826, 113785.210056, 209.178854, 3010, 65469.59375, 5130001, 23635275, 257574186, 286339462, 29842327.407331467, 37250.74203491211, 178092.645308, inf, 697.6744186046511, 1294.2932833400166, 65804.755662, 52619.309742, 0.100268, 3066.91197, 56575.955219, 25.612447, 1505, 46864.26171875, 2550001, 46466811, 124175174, 173191986
30000, 30000, 0, 0, dp_37.000000, 30154569.011091232, 179787.17938232422, 533458.4715260001, inf, 173.41040462427745, 468.0311230528145, 31196.832936, 247433.014812, 2.318648, 12524.212395, 240386.47675, 1915.615985, 6401, 60035.00390625, 10350001, 21534252, 563756951, 595641204, 30007441.28596306, 77791.09826660156, 277577.745377, inf, 348.83720930232556, 654.4608443253137, 32949.000979, 117963.215637, 0.473919, 6147.006826, 120283.853838, 234.194178, 3182, 63518.91015625, 5130001, 23635275, 272488994, 301254270, 29840619.073774338, 35542.4084777832, 184849.235314, inf, 697.6744186046511, 1294.2932833400166, 65804.755662, 55813.201109, 0.102182, 3066.91197, 60135.590715, 28.673676, 1591, 45374.296875, 2550001, 46466811, 131499192, 180516004
30000, 30000, 0, 0, dp_39.000000, 30154569.011091232, 179787.17938232422, 559468.314016, inf, 173.41040462427745, 468.0311230528145, 31196.832936, 260399.589396, 2.12227, 12524.212395, 253218.584965, 2126.972054, 6747, 56726.46484375, 10350001, 21534252, 594038299, 625922552, 30006757.438001633, 77107.25030517578, 290877.04529199994, inf, 348.83720930232556, 654.4608443253137, 32949.000979, 124551.326277, 0.465032, 6147.006826, 126968.241042, 261.005136, 3354, 61579.984375, 5130001, 23635275, 287320360, 316085636, 29840496.053388596, 35419.388092041016, 191327.627281, inf, 697.6744186046511, 1294.2932833400166, 65804.755662, 58894.046434, 0.103334, 3066.91197, 63529.98248, 31.827401, 1677, 44155.1796875, 2550001, 46466811, 138823210, 187840022
30000, 30000, 0, 0, dp_5.000000, 30174961.48240471, 200179.65069580078, 104761.189627, inf, 173.41040462427745, 468.0311230528145, 31196.832936, 34078.487177, 1.962991, 12524.212395, 26931.585058, 28.10907, 865, 207263.640625, 10350001, 21534252, 71250723, 103134976, 30019722.18476677, 90071.9970703125, 68544.82096, inf, 348.83720930232556, 654.4608443253137, 32949.000979, 16130.434368, 0.416301, 6147.006826, 13314.568321, 3.394165, 430, 140796.96875, 5130001, 23635275, 34564792, 63330068, 29850240.801282883, 45164.135986328125, 83511.92606700001, inf, 697.6744186046511, 1294.2932833400166, 65804.755662, 7802.258719, 0.103404, 3066.91197, 6837.433864, 0.462448, 215, 88016.1953125, 2550001, 46466811, 16909849, 65926661
30000, 30000, 0, 0, dp_7.000000, 30172410.62290764, 197628.79119873047, 131555.06995, inf, 173.41040462427745, 468.0311230528145, 31196.832936, 47464.586306, 1.983009, 12524.212395, 40305.764953, 61.690351, 1211, 180023.359375, 10350001, 21534252, 102041731, 133925984, 30017172.843824387, 87522.65612792969, 81506.79097399999, inf, 348.83720930232556, 654.4608443253137, 32949.000979, 22467.557239, 0.430337, 6147.006826, 19935.426525, 7.369068, 602, 127373.515625, 5130001, 23635275, 49479600, 78244876, 29849275.540906906, 44198.87561035156, 89848.67272799999, inf, 697.6744186046511, 1294.2932833400166, 65804.755662, 10903.982515, 0.089948, 3066.91197, 10072.002549, 0.930084, 301, 80800.28125, 2550001, 46466811, 24208617, 73225429
30000, 30000, 0, 0, dp_9.000000, 30170249.954084396, 195468.12237548828, 158022.957141, inf, 173.41040462427745, 468.0311230528145, 31196.832936, 60538.628962, 2.104026, 12524.212395, 53656.127685, 105.051137, 1557, 160552.265625, 10350001, 21534252, 132862719, 164746972, 30015584.362134933, 85934.17443847656, 94469.38085300001, inf, 348.83720930232556, 654.4608443253137, 32949.000979, 28795.706638, 0.460032, 6147.006826, 26564.761894, 12.444484, 774, 117611.8671875, 5130001, 23635275, 64308794, 93074070, 29848683.867689133, 43607.202392578125, 96188.65794100001, inf, 697.6744186046511, 1294.2932833400166, 65804.755662, 13918.34308, 0.09088, 3066.91197, 13396.954595, 1.601754, 387, 75724.90625, 2550001, 46466811, 31337233, 80354045
30000, 30000, 0, 0, fixed_reps_1, 30196724.23631096, 221942.40460205078, 51311.889418000006, inf, 173.41040462427745, 468.0311230528145, 31196.832936, 7535.61082, 2.141275, 12524.212395, 53.091992, 0, 173, 401964.5, 10350001, 21534252, 10191589, 42075842, 30035046.32563591, 105396.13793945312, 42649.54898899999, inf, 348.83720930232556, 654.4608443253137, 32949.000979, 3501.773763, 0.422773, 6147.006826, 51.344648, 0, 86, 231026.375, 5130001, 23635275, 4850776, 33616052, 29855633.130994797, 50556.46569824219, 70636.67791099998, inf, 697.6744186046511, 1294.2932833400166, 65804.755662, 1714.182343, 0.089367, 3066.91197, 50.738569, 0, 43, 122676.90625, 2550001, 46466811, 2346889, 51363701
30000, 30000, 0, 0, fixed_reps_11, 30175570.873945236, 200789.04223632812, 118028.124689, inf, 173.41040462427745, 468.0311230528145, 31196.832936, 73878.696159, 2.150531, 12524.212395, 426.232668, 0, 1903, 214939.75, 10350001, 21534252, 112105749, 143990002, 30018748.202955246, 89098.01525878906, 74394.03689199999, inf, 348.83720930232556, 654.4608443253137, 32949.000979, 34873.124478, 0.425427, 6147.006826, 424.479182, 0, 946, 140073.859375, 5130001, 23635275, 53357676, 82122952, 29849314.88874626, 44238.22344970703, 86121.336152, inf, 697.6744186046511, 1294.2932833400166, 65804.755662, 16818.11019, 0.090199, 3066.91197, 431.468131, 0, 473, 87811.4921875, 2550001, 46466811, 25815349, 74832161
30000, 30000, 0, 0, fixed_reps_13, 30173305.027570724, 198523.1958618164, 131175.88338299998, inf, 173.41040462427745, 468.0311230528145, 31196.832936, 86949.883686, 2.155431, 12524.212395, 502.798935, 0, 2249, 201336.59375, 10350001, 21534252, 132488581, 164372834, 30018247.742628098, 88597.55493164062, 80734.127612, inf, 348.83720930232556, 654.4608443253137, 32949.000979, 41136.282783, 0.465593, 6147.006826, 501.371431, 0, 1118, 132846.90625, 5130001, 23635275, 63059056, 91824332, 29849266.60450554, 44189.939208984375, 89222.73816, inf, 697.6744186046511, 1294.2932833400166, 65804.755662, 19844.511181, 0.092414, 3066.91197, 506.466933, 0, 559, 82285.1328125, 2550001, 46466811, 30509041, 79525853
30000, 30000, 0, 0, fixed_reps_15, 30171338.19309807, 196556.36138916016, 144411.541757, inf, 173.41040462427745, 468.0311230528145, 31196.832936, 100108.033111, 2.171144, 12524.212395, 580.292171, 0, 2595, 185182.453125, 10350001, 21534252, 152871413, 184755666, 30016882.88197136, 87232.69427490234, 87040.050493, inf, 348.83720930232556, 654.4608443253137, 32949.000979, 47365.155008, 0.45847, 6147.006826, 578.42921, 0, 1290, 124518.6328125, 5130001, 23635275, 72760436, 101525712, 29848971.101392746, 43894.436096191406, 92373.329467, inf, 697.6744186046511, 1294.2932833400166, 65804.755662, 22915.986256, 0.103283, 3066.91197, 585.572296, 0, 645, 76608.734375, 2550001, 46466811, 35202733, 84219545
30000, 30000, 0, 0, fixed_reps_17, 30170002.096967697, 195220.26525878906, 157728.4119, inf, 173.41040462427745, 468.0311230528145, 31196.832936, 113346.483712, 2.167633, 12524.212395, 658.715224, 0, 2941, 172955.875, 10350001, 21534252, 173254245, 205138498, 30016186.7985363, 86536.61083984375, 93420.475738, inf, 348.83720930232556, 654.4608443253137, 32949.000979, 53658.69042, 0.461736, 6147.006826, 665.315777, 0, 1462, 117390.1953125, 5130001, 23635275, 82461816, 111227092, 29848750.50202751, 43673.83673095703, 95476.62937, inf, 697.6744186046511, 1294.2932833400166, 65804.755662, 25930.968672, 0.092083, 3066.91197, 673.900983, 0, 731, 74852.2265625, 2550001, 46466811, 39896425, 88913237
30000, 30000, 0, 0, fixed_reps_19, 30169303.302900314, 194521.47119140625, 171050.288158, inf, 173.41040462427745, 468.0311230528145, 31196.832936, 126591.826619, 2.162568, 12524.212395, 735.25364, 0, 3287, 166222.765625, 10350001, 21534252, 193637077, 225521330, 30015806.476881027, 86156.28918457031, 99788.856854, inf, 348.83720930232556, 654.4608443253137, 32949.000979, 59959.397914, 0.459342, 6147.006826, 732.991793, 0, 1634, 115084.9765625, 5130001, 23635275, 92163196, 120928472, 29847670.302259445, 42593.636962890625, 98552.25534599999, inf, 697.6744186046511, 1294.2932833400166, 65804.755662, 28928.818388, 0.104897, 3066.91197, 751.664429, 0, 817, 73366.1796875, 2550001, 46466811, 44590117, 93606929
30000, 30000, 0, 0, fixed_reps_21, 30167837.41184807, 193055.58013916016, 184648.554485, inf, 173.41040462427745, 468.0311230528145, 31196.832936, 140109.59724, 2.160161, 12524.212395, 815.751753, 0, 3633, 160843.75, 10350001, 21534252, 214019909, 245904162, 30015318.816724777, 85668.62902832031, 106165.23409, inf, 348.83720930232556, 654.4608443253137, 32949.000979, 66257.958968, 0.461165, 6147.006826, 810.806152, 0, 1806, 112843.15625, 5130001, 23635275, 101864576, 130629852, 29846327.100538254, 41250.43524169922, 101651.87579399999, inf, 697.6744186046511, 1294.2932833400166, 65804.755662, 31961.175152, 0.093415, 3066.91197, 818.939595, 0, 903, 72144.6953125, 2550001, 46466811, 49283809, 98300621
30000, 30000, 0, 0, fixed_reps_23, 30167802.812604904, 193020.9808959961, 197683.63126199998, inf, 173.41040462427745, 468.0311230528145, 31196.832936, 153070.964182, 2.168767, 12524.212395, 889.452982, 0, 3979, 154013.078125, 10350001, 21534252, 234402741, 266286994, 30014896.183912277, 85245.99621582031, 112535.193808, inf, 348.83720930232556, 654.4608443253137, 32949.000979, 72549.953199, 0.454132, 6147.006826, 888.778672, 0, 1978, 110901.171875, 5130001, 23635275, 111565956, 140331232, 29846327.100538254, 41250.43524169922, 104826.511384, inf, 697.6744186046511, 1294.2932833400166, 65804.755662, 35044.636619, 0.099828, 3066.91197, 910.107305, 0, 989, 70836.234375, 2550001, 46466811, 53977501, 102994313
30000, 30000, 0, 0, fixed_reps_25, 30167216.60838127, 192434.77667236328, 210919.85725200002, inf, 173.41040462427745, 468.0311230528145, 31196.832936, 166228.669392, 2.151155, 12524.212395, 967.991374, 0, 4325, 150959.234375, 10350001, 21534252, 254785573, 286669826, 30014289.530225754, 84639.34252929688, 118886.83398499999, inf, 348.83720930232556, 654.4608443253137, 32949.000979, 78827.263159, 0.45823, 6147.006826, 963.104791, 0, 2150, 106223.34375, 5130001, 23635275, 121267336, 150032612, 29846281.972608566, 41205.30731201172, 107841.10692199999, inf, 697.6744186046511, 1294.2932833400166, 65804.755662, 37993.946663, 0.108734, 3066.91197, 975.383893, 0, 1075, 68430.0078125, 2550001, 46466811, 58671193, 107688005
30000, 30000, 0, 0, fixed_reps_27, 30166899.26402092, 192117.43231201172, 224127.216834, inf, 173.41040462427745, 468.0311230528145, 31196.832936, 179361.78355, 2.155943, 12524.212395, 1042.23201, 0, 4671, 146288.109375, 10350001, 21534252, 275168405, 307052658, 30013856.954481125, 84206.76678466797, 125206.26142499999, inf, 348.83720930232556, 654.4608443253137, 32949.000979, 85068.234195, 0.466395, 6147.006826, 1041.55303, 0, 2322, 102048.984375, 5130001, 23635275, 130968716, 159733992, 29846225.299634933, 41148.634338378906, 110933.290568, inf, 697.6744186046511, 1294.2932833400166, 65804.755662, 41010.423254, 0.090861, 3066.91197, 1051.108821, 0, 1161, 65864.75, 2550001, 46466811, 63364885, 112381697
30000, 30000, 0, 0, fixed_reps_29, 30165960.839155197, 191179.00744628906, 237832.33281899997, inf, 173.41040462427745, 468.0311230528145, 31196.832936, 192984.073541, 2.139733, 12524.212395, 1125.074214, 0, 5017, 141634, 10350001, 21534252, 295551237, 327435490, 30013725.785474777, 84075.59777832031, 131543.80729799997, inf, 348.83720930232556, 654.4608443253137, 32949.000979, 91328.848634, 0.457719, 6147.006826, 1118.49314, 0, 2494, 99303.203125, 5130001, 23635275, 140670096, 169435372, 29846084.09138298, 41007.42608642578, 114047.517552, inf, 697.6744186046511, 1294.2932833400166, 65804.755662, 44047.071859, 0.103804, 3066.91197, 1128.674257, 0, 1247, 64995.83984375, 2550001, 46466811, 68058577, 117075389
30000, 30000, 0, 0, fixed_reps_3, 30188252.179792404, 213470.3480834961, 64561.555117, inf, 173.41040462427745, 468.0311230528145, 31196.832936, 20721.57361, 2.095302, 12524.212395, 116.840874, 0, 519, 314607.96875, 10350001, 21534252, 30574421, 62458674, 30027816.921583176, 98166.73388671875, 48968.646264999996, inf, 348.83720930232556, 654.4608443253137, 32949.000979, 9757.188392, 0.441979, 6147.006826, 115.008089, 0, 258, 193050.265625, 5130001, 23635275, 14552156, 43317432, 29853615.92481804, 48539.259521484375, 73733.011089, inf, 697.6744186046511, 1294.2932833400166, 65804.755662, 4742.709608, 0.091812, 3066.91197, 118.542037, 0, 129, 108621.109375, 2550001, 46466811, 7040581, 56057393
30000, 30000, 0, 0, fixed_reps_31, 30165581.987775803, 190800.15606689453, 250945.51820799996, inf, 173.41040462427745, 468.0311230528145, 31196.832936, 206018.750109, 2.157354, 12524.212395, 1203.565414, 0, 5363, 137064.359375, 10350001, 21534252, 315934069, 347818322, 30013359.467725754, 83709.28002929688, 137897.89597199997, inf, 348.83720930232556, 654.4608443253137, 32949.000979, 97606.3342, 0.461345, 6147.006826, 1195.092622, 0, 2666, 96973.4453125, 5130001, 23635275, 150371476, 179136752, 29846020.109937668, 40943.44464111328, 117171.168458, inf, 697.6744186046511, 1294.2932833400166, 65804.755662, 47095.389355, 0.104907, 3066.91197, 1204.006564, 0, 1333, 64176.78125, 2550001, 46466811, 72752269, 121769081
30000, 30000, 0, 0, fixed_reps_33, 30164780.8771801, 189999.0454711914, 264227.414779, inf, 173.41040462427745, 468.0311230528145, 31196.832936, 219218.961911, 2.303049, 12524.212395, 1285.104488, 0, 5709, 132877.265625, 10350001, 21534252, 336316901, 368201154, 30012498.289258957, 82848.1015625, 144158.629402, inf, 348.83720930232556, 654.4608443253137, 32949.000979, 103789.765185, 0.474499, 6147.006826, 1272.381913, 0, 2838, 95300.7265625, 5130001, 23635275, 160072856, 188838132, 29845628.820386887, 40552.15509033203, 120418.910626, inf, 697.6744186046511, 1294.2932833400166, 65804.755662, 50264.368441, 0.109475, 3066.91197, 1282.765078, 0, 1419, 62044.57421875, 2550001, 46466811, 77445961, 126462773
30000, 30000, 0, 0, fixed_reps_35, 30164326.106916428, 189544.27520751953, 277726.470666, inf, 173.41040462427745, 468.0311230528145, 31196.832936, 232649.171442, 2.126989, 12524.212395, 1354.126904, 0, 6055, 128701.1796875, 10350001, 21534252, 356699733, 388583986, 30012203.132154465, 82552.94445800781, 150680.89294700001, inf, 348.83720930232556, 654.4608443253137, 32949.000979, 110233.775387, 0.465403, 6147.006826, 1350.644352, 0, 3010, 93582.4921875, 5130001, 23635275, 169774236, 198539512, 29845388.174879074, 40311.50958251953, 123343.113947, inf, 697.6744186046511, 1294.2932833400166, 65804.755662, 53087.51117, 0.100839, 3066.91197, 1383.834306, 0, 1505, 60049.9140625, 2550001, 46466811, 82139653, 131156465
30000, 30000, 0, 0, fixed_reps_37, 30163309.59467888, 188527.7629699707, 291017.36081700004, inf, 173.41040462427745, 468.0311230528145, 31196.832936, 245865.237781, 2.241302, 12524.212395, 1428.836403, 0, 6401, 125628.1484375, 10350001, 21534252, 377082565, 408966818, 30011956.369947433, 82306.18225097656, 157032.149532, inf, 348.83720930232556, 654.4608443253137, 32949.000979, 116508.53172, 0.461145, 6147.006826, 1427.148862, 0, 3182, 92395.25, 5130001, 23635275, 179475616, 208240892, 29845388.174879074, 40311.50958251953, 126433.075893, inf, 697.6744186046511, 1294.2932833400166, 65804.755662, 56123.480365, 0.098906, 3066.91197, 1437.82899, 0, 1591, 59475.01953125, 2550001, 46466811, 86833345, 135850157
30000, 30000, 0, 0, fixed_reps_39, 30163027.367811203, 188245.53610229492, 304939.611392, inf, 173.41040462427745, 468.0311230528145, 31196.832936, 259707.777725, 2.12792, 12524.212395, 1508.660416, 0, 6747, 123642.3515625, 10350001, 21534252, 397465397, 429349650, 30011759.96223259, 82109.77453613281, 163313.075046, inf, 348.83720930232556, 654.4608443253137, 32949.000979, 122711.485001, 0.460434, 6147.006826, 1505.121806, 0, 3354, 90294.40625, 5130001, 23635275, 189176996, 217942272, 29844967.109357834, 39890.4440612793, 129512.18507999998, inf, 697.6744186046511, 1294.2932833400166, 65804.755662, 59124.632947, 0.103074, 3066.91197, 1515.781427, 0, 1677, 58921.8125, 2550001, 46466811, 91527037, 140543849
30000, 30000, 0, 0, fixed_reps_41, 30162867.33143425, 188085.4997253418, 319522.779118, inf, 173.41040462427745, 468.0311230528145, 31196.832936, 274211.630883, 2.105158, 12524.212395, 1587.997746, 0, 7093, 121111.5234375, 10350001, 21534252, 417848229, 449732482, 30011293.121473312, 81642.93377685547, 169721.44099799998, inf, 348.83720930232556, 654.4608443253137, 32949.000979, 129039.342551, 0.458861, 6147.006826, 1585.631781, 0, 3526, 89329.515625, 5130001, 23635275, 198878376, 227643652, 29844439.350416183, 39362.685119628906, 132579.997792, inf, 697.6744186046511, 1294.2932833400166, 65804.755662, 62100.383675, 0.103765, 3066.91197, 1607.84272, 0, 1763, 58430.2421875, 2550001, 46466811, 96220729, 145237541
30000, 30000, 0, 0, fixed_reps_5, 30184846.73075676, 210064.89904785156, 77851.606387, inf, 173.41040462427745, 468.0311230528145, 31196.832936, 33935.827275, 2.156837, 12524.212395, 192.576944, 0, 865, 279154.25, 10350001, 21534252, 50957253, 82841506, 30022569.75471306, 92919.56701660156, 55343.75548099999, inf, 348.83720930232556, 654.4608443253137, 32949.000979, 16054.698195, 0.466995, 6147.006826, 192.582486, 0, 430, 167534.171875, 5130001, 23635275, 24253536, 53018812, 29852317.410230637, 47240.74493408203, 76827.607883, inf, 697.6744186046511, 1294.2932833400166, 65804.755662, 7758.27684, 0.092643, 3066.91197, 197.570768, 0, 215, 101137.0078125, 2550001, 46466811, 11734273, 60751085
30000, 30000, 0, 0, fixed_reps_7, 30181091.236738205, 206309.40502929688, 91292.157717, inf, 173.41040462427745, 468.0311230528145, 31196.832936, 47296.560967, 2.233646, 12524.212395, 272.317773, 0, 1211, 253124.234375, 10350001, 21534252, 71340085, 103224338, 30020558.464796066, 90908.27709960938, 61682.146729, inf, 348.83720930232556, 654.4608443253137, 32949.000979, 22315.588092, 0.423805, 6147.006826, 270.127027, 0, 602, 156702.171875, 5130001, 23635275, 33954916, 62720192, 29851022.815870285, 45946.15057373047, 79937.42360499999, inf, 697.6744186046511, 1294.2932833400166, 65804.755662, 10792.586359, 0.09078, 3066.91197, 273.078834, 0, 301, 95631.234375, 2550001, 46466811, 16427965, 65444777
30000, 30000, 0, 0, fixed_reps_9, 30177293.319562912, 202511.4878540039, 104626.675069, inf, 173.41040462427745, 468.0311230528145, 31196.832936, 60553.097748, 2.167103, 12524.212395, 350.364887, 0, 1557, 226918.09375, 10350001, 21534252, 91722917, 123607170, 30019264.10346794, 89613.91577148438, 68017.020905, inf, 348.83720930232556, 654.4608443253137, 32949.000979, 28573.673222, 0.464712, 6147.006826, 346.875166, 0, 774, 147817.296875, 5130001, 23635275, 43656296, 72421572, 29850310.400648117, 45233.7353515625, 83090.709187, inf, 697.6744186046511, 1294.2932833400166, 65804.755662, 13861.922472, 0.101881, 3066.91197, 357.017202, 0, 387, 90714.2421875, 2550001, 46466811, 21121657, 70138469
30000, 30000, 0, 0, greedy_1.000000, 30196724.23631096, 221942.40460205078, 51260.242206, inf, 173.41040462427745, 468.0311230528145, 31196.832936, 7499.504283, 2.089498, 12524.212395, 37.593506, 0.009588, 173, 401964.5, 10350001, 21534252, 10191589, 42075842, 30035046.32563591, 105396.13793945312, 42632.001292999994, inf, 348.83720930232556, 654.4608443253137, 32949.000979, 3497.570376, 0.449393, 6147.006826, 37.967968, 0.005751, 86, 231026.375, 5130001, 23635275, 4850776, 33616052, 29855633.130994797, 50556.46569824219, 70581.64395, inf, 697.6744186046511, 1294.2932833400166, 65804.755662, 1672.986562, 0.099156, 3066.91197, 36.887684, 0.002916, 43, 122676.90625, 2550001, 46466811, 2346889, 51363701
30000, 30000, 0, 0, greedy_11.000000, 30171308.84428215, 196527.0125732422, 184298.542633, inf, 173.41040462427745, 468.0311230528145, 31196.832936, 73546.379181, 2.206719, 12524.212395, 67028.462239, 0.449163, 1903, 180853.921875, 10350001, 21534252, 163323947, 195208200, 30018598.86457634, 88948.67687988281, 107271.15941099999, inf, 348.83720930232556, 654.4608443253137, 32949.000979, 34989.702268, 0.468408, 6147.006826, 33184.816141, 0.164789, 946, 126105.6171875, 5130001, 23635275, 78966760, 107732036, 29850538.260084152, 45461.594787597656, 102516.65598, inf, 697.6744186046511, 1294.2932833400166, 65804.755662, 16682.783484, 0.098765, 3066.91197, 16962.063519, 0.04258, 473, 85379.5859375, 2550001, 46466811, 38190034, 87206846
30000, 30000, 0, 0, greedy_13.000000, 30169713.468244553, 194931.63653564453, 211058.85018500002, inf, 173.41040462427745, 468.0311230528145, 31196.832936, 86785.239637, 2.163968, 12524.212395, 80549.678524, 0.722725, 2249, 163120.59375, 10350001, 21534252, 194144935, 226029188, 30016441.48451042, 86791.29681396484, 119915.479849, inf, 348.83720930232556, 654.4608443253137, 32949.000979, 41017.418267, 0.458831, 6147.006826, 39801.439374, 0.155572, 1118, 119178.0546875, 5130001, 23635275, 93436544, 122201820, 29849374.125257492, 44297.4599609375, 108655.27011499999, inf, 697.6744186046511, 1294.2932833400166, 65804.755662, 19714.353483, 0.106059, 3066.91197, 20069.093819, 0.049122, 559, 77866.71875, 2550001, 46466811, 45454226, 94471038
30000, 30000, 0, 0, greedy_15.000000, 30168115.529218674, 193333.69750976562, 237519.67091400002, inf, 173.41040462427745, 468.0311230528145, 31196.832936, 100217.793395, 2.115788, 12524.212395, 93578.09759, 0.61881, 2595, 149539.1875, 10350001, 21534252, 224935943, 256820196, 30015965.94636345, 86315.75866699219, 132795.396344, inf, 348.83720930232556, 654.4608443253137, 32949.000979, 47223.14426, 0.466655, 6147.006826, 46475.558613, 0.219011, 1290, 114389.015625, 5130001, 23635275, 108120152, 136885428, 29848673.410413742, 43596.7451171875, 115261.55167700001, inf, 697.6744186046511, 1294.2932833400166, 65804.755662, 22770.838151, 0.101871, 3066.91197, 23618.879292, 0.064731, 645, 76169.28125, 2550001, 46466811, 52628679, 101645491
30000, 30000, 0, 0, greedy_17.000000, 30165607.232587814, 190825.40087890625, 263954.634966, inf, 173.41040462427745, 468.0311230528145, 31196.832936, 113298.156269, 2.316183, 12524.212395, 106932.43292, 0.684263, 2941, 135129.1875, 10350001, 21534252, 255427151, 287311404, 30013342.28596306, 83692.09826660156, 145687.45052699998, inf, 348.83720930232556, 654.4608443253137, 32949.000979, 53545.995216, 0.456977, 6147.006826, 53044.77255, 0.217979, 1462, 106141.484375, 5130001, 23635275, 123034960, 151800236, 29847883.42518425, 42806.75988769531, 121548.492851, inf, 697.6744186046511, 1294.2932833400166, 65804.755662, 25634.115519, 0.10153, 3066.91197, 27042.521578, 0.086592, 731, 74535.59375, 2550001, 46466811, 59674947, 108691759
30000, 30000, 0, 0, greedy_19.000000, 30162626.967725754, 187845.1360168457, 290429.67441300006, inf, 173.41040462427745, 468.0311230528145, 31196.832936, 126486.367559, 2.115578, 12524.212395, 120219.372725, 0.77322, 3287, 125017.1796875, 10350001, 21534252, 286128219, 318012472, 30013048.491407394, 83398.3037109375, 158667.88778499997, inf, 348.83720930232556, 654.4608443253137, 32949.000979, 59909.961221, 0.463619, 6147.006826, 59661.21554, 0.2396, 1634, 103906.703125, 5130001, 23635275, 137949768, 166715044, 29846784.589307785, 41707.92401123047, 127135.409106, inf, 697.6744186046511, 1294.2932833400166, 65804.755662, 28111.891072, 0.088516, 3066.91197, 30151.691063, 0.070823, 817, 70516.3828125, 2550001, 46466811, 66140465, 115157277
30000, 30000, 0, 0, greedy_21.000000, 30161473.196180344, 186691.36447143555, 317052.06200599996, inf, 173.41040462427745, 468.0311230528145, 31196.832936, 139762.531266, 2.11136, 12524.212395, 133565.527241, 0.846808, 3633, 119721.421875, 10350001, 21534252, 316949207, 348833460, 30011730.868299484, 82080.68060302734, 171710.23551099998, inf, 348.83720930232556, 654.4608443253137, 32949.000979, 66275.414179, 0.470943, 6147.006826, 66338.051679, 0.290905, 1806, 97717.2109375, 5130001, 23635275, 152864576, 181629852, 29846647.862379074, 41571.19708251953, 133319.029922, inf, 697.6744186046511, 1294.2932833400166, 65804.755662, 31026.187654, 0.10176, 3066.91197, 33420.975774, 0.097102, 903, 69096.359375, 2550001, 46466811, 73035233, 122052045
30000, 30000, 0, 0, greedy_23.000000, 30160806.36341667, 186024.53170776367, 343646.758199, inf, 173.41040462427745, 468.0311230528145, 31196.832936, 153037.883932, 2.248949, 12524.212395, 146884.610389, 0.969598, 3979, 112330.9375, 10350001, 21534252, 347770195, 379654448, 30011554.933973312, 81904.74627685547, 184999.124462, inf, 348.83720930232556, 654.4608443253137, 32949.000979, 72690.677898, 0.463259, 6147.006826, 73211.674265, 0.301235, 1978, 93989.765625, 5130001, 23635275, 167779384, 196544660, 29846469.72736931, 41393.062072753906, 139579.077107, inf, 697.6744186046511, 1294.2932833400166, 65804.755662, 34003.555962, 0.09047, 3066.91197, 36703.655952, 0.107091, 989, 68209.2109375, 2550001, 46466811, 80359251, 129376063
30000, 30000, 0, 0, greedy_25.000000, 30160129.863538742, 185348.03182983398, 370739.182174, inf, 173.41040462427745, 468.0311230528145, 31196.832936, 166379.52257, 2.113093, 12524.212395, 160635.310436, 1.190744, 4325, 105801.0078125, 10350001, 21534252, 378591183, 410475436, 30010763.66181755, 81113.47412109375, 197832.03212299998, inf, 348.83720930232556, 654.4608443253137, 32949.000979, 79067.321499, 0.465574, 6147.006826, 79667.90934, 0.327905, 2150, 92120.859375, 5130001, 23635275, 182694192, 211459468, 29845658.156080246, 40581.490783691406, 146647.283123, inf, 697.6744186046511, 1294.2932833400166, 65804.755662, 37097.892139, 0.092684, 3066.91197, 40677.522776, 0.107892, 1075, 67153.8671875, 2550001, 46466811, 87683269, 136700081
30000, 30000, 0, 0, greedy_27.000000, 30159410.114393234, 184628.28268432617, 397310.083887, inf, 173.41040462427745, 468.0311230528145, 31196.832936, 179741.558383, 2.232316, 12524.212395, 173844.128188, 1.119669, 4671, 101664.65625, 10350001, 21534252, 409412171, 441296424, 30010095.292066574, 80445.10437011719, 211182.818139, inf, 348.83720930232556, 654.4608443253137, 32949.000979, 85591.245114, 0.465212, 6147.006826, 86494.763006, 0.337002, 2322, 88176.484375, 5130001, 23635275, 197609000, 226374276, 29845243.782239914, 40167.116943359375, 152477.182003, inf, 697.6744186046511, 1294.2932833400166, 65804.755662, 40256.192808, 0.103815, 3066.91197, 43349.106069, 0.111679, 1161, 66138.640625, 2550001, 46466811, 95007287, 144024099
30000, 30000, 0, 0, greedy_29.000000, 30158642.04676628, 183860.21505737305, 424196.87003, inf, 173.41040462427745, 468.0311230528145, 31196.832936, 193117.288991, 2.157516, 12524.212395, 187355.238665, 1.139527, 5017, 98135.421875, 10350001, 21534252, 440233159, 472117412, 30009603.16419792, 79952.97650146484, 224167.828854, inf, 348.83720930232556, 654.4608443253137, 32949.000979, 91952.629528, 0.459993, 6147.006826, 93118.363457, 0.368071, 2494, 87113.8515625, 5130001, 23635275, 212523808, 241289084, 29844742.285902023, 39665.62060546875, 158916.376815, inf, 697.6744186046511, 1294.2932833400166, 65804.755662, 43229.016599, 0.105147, 3066.91197, 46815.475337, 0.1121, 1247, 62809.78125, 2550001, 46466811, 102331305, 151348117
30000, 30000, 0, 0, greedy_3.000000, 30185972.948163986, 211191.11645507812, 78190.873175, inf, 173.41040462427745, 468.0311230528145, 31196.832936, 20900.646675, 2.185909, 12524.212395, 13566.89391, 0.10135, 519, 289242.21875, 10350001, 21534252, 40807127, 72691380, 30025329.990003586, 95679.8023071289, 55556.447461, inf, 348.83720930232556, 654.4608443253137, 32949.000979, 9784.196982, 0.427171, 6147.006826, 6675.775969, 0.039534, 258, 180893.515625, 5130001, 23635275, 19622170, 48387446, 29853601.64985466, 48524.98455810547, 77046.767029, inf, 697.6744186046511, 1294.2932833400166, 65804.755662, 4761.144961, 0.089949, 3066.91197, 3413.847586, 0.016901, 129, 107676.3046875, 2550001, 46466811, 9560581, 58577393
30000, 30000, 0, 0, greedy_31.000000, 30158200.358045578, 183418.52633666992, 451080.550619, inf, 173.41040462427745, 468.0311230528145, 31196.832936, 206517.845951, 2.163867, 12524.212395, 200838.268108, 1.227362, 5363, 90914.75, 10350001, 21534252, 471054147, 502938400, 30009175.18122673, 79524.99353027344, 236777.08011500002, inf, 348.83720930232556, 654.4608443253137, 32949.000979, 98085.52179, 0.475402, 6147.006826, 99594.707138, 0.36798, 2666, 85924.9765625, 5130001, 23635275, 227062916, 255828192, 29843904.23188591, 38827.56658935547, 165354.483294, inf, 697.6744186046511, 1294.2932833400166, 65804.755662, 46321.322052, 0.101139, 3066.91197, 50161.270252, 0.122219, 1333, 61756.06640625, 2550001, 46466811, 109655323, 158672135
30000, 30000, 0, 0, greedy_33.000000, 30157673.473096848, 182891.64138793945, 477627.60785800003, inf, 173.41040462427745, 468.0311230528145, 31196.832936, 219325.036027, 2.199966, 12524.212395, 214578.036044, 1.29049, 5709, 85590.984375, 10350001, 21534252, 500945755, 532830008, 30008823.465284348, 79173.27758789062, 250126.526129, inf, 348.83720930232556, 654.4608443253137, 32949.000979, 104575.09208, 0.464361, 6147.006826, 106454.553197, 0.408686, 2838, 84249.6015625, 5130001, 23635275, 241977724, 270743000, 29843904.23188591, 38827.56658935547, 171770.903498, inf, 697.6744186046511, 1294.2932833400166, 65804.755662, 49432.607834, 0.102442, 3066.91197, 53466.393462, 0.132128, 1419, 60983.5859375, 2550001, 46466811, 116979341, 165996153
30000, 30000, 0, 0, greedy_35.000000, 30157473.76630974, 182691.93460083008, 503481.00119999994, inf, 173.41040462427745, 468.0311230528145, 31196.832936, 232678.157797, 2.152396, 12524.212395, 227078.308458, 1.337218, 6055, 82709.1875, 10350001, 21534252, 531766743, 563650996, 30008786.846998215, 79136.65930175781, 263771.409992, inf, 348.83720930232556, 654.4608443253137, 32949.000979, 110889.30628, 0.46423, 6147.006826, 113785.210056, 0.421621, 3010, 81494.109375, 5130001, 23635275, 256892532, 285657808, 29843663.586378098, 38586.92108154297, 178019.452473, inf, 697.6744186046511, 1294.2932833400166, 65804.755662, 52571.590804, 0.099076, 3066.91197, 56575.955219, 0.139742, 1505, 58535.28515625, 2550001, 46466811, 124303359, 173320171
30000, 30000, 0, 0, greedy_37.000000, 30157315.811841965, 182533.98013305664, 530271.9392100001, inf, 173.41040462427745, 468.0311230528145, 31196.832936, 246160.675423, 2.308669, 12524.212395, 240386.47675, 1.433037, 6401, 81063.40625, 10350001, 21534252, 562587731, 594471984, 30008282.357557297, 78632.16986083984, 276694.71476299997, inf, 348.83720930232556, 654.4608443253137, 32949.000979, 117313.938655, 0.475241, 6147.006826, 120283.853838, 0.439224, 3182, 78985.09375, 5130001, 23635275, 271807340, 300572616, 29843663.586378098, 38586.92108154297, 184189.308169, inf, 697.6744186046511, 1294.2932833400166, 65804.755662, 55181.80394, 0.100218, 3066.91197, 60135.590715, 0.145664, 1591, 58132.45703125, 2550001, 46466811, 130909465, 179926277
30000, 30000, 0, 0, greedy_39.000000, 30157259.523817062, 182477.6921081543, 556580.3348979999, inf, 173.41040462427745, 468.0311230528145, 31196.832936, 259636.835376, 2.113052, 12524.212395, 253218.584965, 1.756174, 6747, 76964.171875, 10350001, 21534252, 593408719, 625292972, 30008006.066785812, 78355.87908935547, 289833.429699, inf, 348.83720930232556, 654.4608443253137, 32949.000979, 123768.239286, 0.477055, 6147.006826, 126968.241042, 0.464511, 3354, 76325.8046875, 5130001, 23635275, 286722148, 315487424, 29843285.579481125, 38208.91418457031, 190172.155927, inf, 697.6744186046511, 1294.2932833400166, 65804.755662, 57770.251388, 0.102342, 3066.91197, 63529.98248, 0.152085, 1677, 57377.0546875, 2550001, 46466811, 137395919, 186412731
30000, 30000, 0, 0, greedy_5.000000, 30181077.94621086, 206296.11450195312, 104933.903315, inf, 173.41040462427745, 468.0311230528145, 31196.832936, 34278.945531, 2.144141, 12524.212395, 26931.585058, 0.183254, 865, 251756.8125, 10350001, 21534252, 71481743, 103365996, 30022944.07514763, 93293.88745117188, 68515.477294, inf, 348.83720930232556, 654.4608443253137, 32949.000979, 16104.37347, 0.458038, 6147.006826, 13314.568321, 0.06966, 430, 158862.734375, 5130001, 23635275, 34536978, 63302254, 29851945.852125168, 46869.18682861328, 83484.660677, inf, 697.6744186046511, 1294.2932833400166, 65804.755662, 7775.447772, 0.088917, 3066.91197, 6837.433864, 0.022492, 215, 97422.078125, 2550001, 46466811, 16735034, 65751846
30000, 30000, 0, 0, greedy_7.000000, 30176499.292219162, 201717.4605102539, 131429.27684099998, inf, 173.41040462427745, 468.0311230528145, 31196.832936, 47399.937845, 2.220274, 12524.212395, 40305.764953, 0.308438, 1211, 221560.625, 10350001, 21534252, 101944735, 133828988, 30020798.647901535, 91148.46020507812, 81335.506577, inf, 348.83720930232556, 654.4608443253137, 32949.000979, 22303.511756, 0.459251, 6147.006826, 19935.426525, 0.10124, 602, 143734.40625, 5130001, 23635275, 49220586, 77985862, 29851816.601392746, 46739.936096191406, 89596.31015599999, inf, 697.6744186046511, 1294.2932833400166, 65804.755662, 10652.518136, 0.089518, 3066.91197, 10072.002549, 0.032321, 301, 93899.9296875, 2550001, 46466811, 23852389, 72869201
30000, 30000, 0, 0, greedy_9.000000, 30173116.986616135, 198335.15490722656, 157755.75069800002, inf, 173.41040462427745, 468.0311230528145, 31196.832936, 60376.090267, 2.124183, 12524.212395, 53656.127685, 0.363232, 1557, 200014.328125, 10350001, 21534252, 132502959, 164387212, 30019873.72254753, 90223.53485107422, 94337.125525, inf, 348.83720930232556, 654.4608443253137, 32949.000979, 28675.770489, 0.461014, 6147.006826, 26564.761894, 0.124323, 774, 132049.703125, 5130001, 23635275, 64135394, 92900670, 29850920.594068527, 45843.928771972656, 95960.969768, inf, 697.6744186046511, 1294.2932833400166, 65804.755662, 13692.206868, 0.101811, 3066.91197, 13396.954595, 0.038862, 387, 87733.1484375, 2550001, 46466811, 31075407, 80092219
30000, 30000, 0, 0, opt, 30149692.29563713, 174910.46392822266, 625847.3538739999, inf, 173.41040462427745, 468.0311230528145, 31196.832936, 582124.113818, 2.194725, 12524.212395, 0, 0, 0, 0, 10350001, 21534252, 872358040, 904242293, 30001056.641828537, 71406.45413208008, 571950.6346199999, inf, 348.83720930232556, 654.4608443253137, 32949.000979, 532854.162183, 0.464632, 6147.006826, 0, 0, 0, 0, 5130001, 23635275, 803824600, 832589876, 29836227.33775139, 31150.672454833984, 576447.360257, inf, 697.6744186046511, 1294.2932833400166, 65804.755662, 507575.600522, 0.092103, 3066.91197, 0, 0, 0, 0, 2550001, 46466811, 755303250, 804320062
30000, 30000, 0, 0, plus_edge, 30184725.778852463, 209943.9471435547, 51268.51959, inf, 173.41040462427745, 468.0311230528145, 31196.832936, 7545.35114, 2.123119, 12524.212395, 0, 0, 0, 0, 10350001, 21534252, 10191000, 42075253, 30026418.944166183, 96768.75646972656, 42588.93053899999, inf, 348.83720930232556, 654.4608443253137, 32949.000979, 3492.496895, 0.425839, 6147.006826, 0, 0, 0, 0, 5130001, 23635275, 4827915, 33593191, 29852940.326612473, 47863.66131591797, 70555.71277599999, inf, 697.6744186046511, 1294.2932833400166, 65804.755662, 1683.955125, 0.090019, 3066.91197, 0, 0, 0, 0, 2550001, 46466811, 2318610, 51335422
30000, 30000, 0, 0, simple, 30196724.23631096, 221942.40460205078, 51211.954343000005, inf, 173.41040462427745, 468.0311230528145, 31196.832936, 7488.942917, 1.966095, 12524.212395, 0, 0, 0, 0, 10350001, 21534252, 10161416, 42045669, 30035046.32563591, 105396.13793945312, 42589.805348999995, inf, 348.83720930232556, 654.4608443253137, 32949.000979, 3493.37409, 0.423454, 6147.006826, 0, 0, 0, 0, 5130001, 23635275, 4820690, 33585966, 29855633.130994797, 50556.46569824219, 70546.290526, inf, 697.6744186046511, 1294.2932833400166, 65804.755662, 1674.531142, 0.091752, 3066.91197, 0, 0, 0, 0, 2550001, 46466811, 2316846, 51333658
30000, 30000, 0, 0, dp_1.000000, 30126670.771842957, 232917.76013183594, 56777.00094, inf, 173.41040462427745, 517.8413055128107, 36863.683127, 7357.997197, 2.172303, 12515.271477, 37.866166, 0.01067, 173, 0, 10350001, 25781963, 10128465, 46260429, 29939770.964683533, 108551.818359375, 62180.915286999996, inf, 348.83720930232556, 861.4141275139291, 52468.181465, 3524.737571, 0.418285, 6150.599223, 36.971729, 0.007014, 86, 0, 5130001, 37125033, 4916736, 47171770, 29713984.298210144, 54055.06677246094, 79840.14698599999, inf, 697.6744186046511, 1403.702574355611, 75090.959441, 1653.949944, 0.073207, 3058.495651, 36.664515, 0.004228, 43, 0, 2550001, 52813306, 2327485, 57690792
30000, 30000, 0, 0, dp_11.000000, 30086821.12615204, 193068.11444091797, 190073.337749, inf, 173.41040462427745, 517.8413055128107, 36863.683127, 73334.308756, 2.686918, 12515.271477, 67194.902497, 162.484974, 1903, 147034.21875, 10350001, 25781963, 163221308, 199353272, 29921388.530418396, 90169.38409423828, 127415.510564, inf, 348.83720930232556, 861.4141275139291, 52468.181465, 35432.101815, 0.475352, 6150.599223, 33345.057241, 19.095468, 946, 105867.5703125, 5130001, 37125033, 79628075, 121883109, 29704304.42790985, 44375.19647216797, 111624.29716900001, inf, 697.6744186046511, 1403.702574355611, 75090.959441, 16760.144475, 0.107091, 3058.495651, 16712.001115, 2.589396, 473, 69238.96875, 2550001, 52813306, 38384486, 93747793
30000, 30000, 0, 0, dp_13.000000, 30085697.857963562, 191944.8462524414, 216410.23402499998, inf, 173.41040462427745, 517.8413055128107, 36863.683127, 86523.143338, 2.728417, 12515.271477, 80276.410139, 228.997527, 2249, 132121.84375, 10350001, 25781963, 193915314, 230047278, 29919873.40145111, 88654.25512695312, 140769.05211, inf, 348.83720930232556, 861.4141275139291, 52468.181465, 41846.541323, 0.485049, 6150.599223, 40276.142286, 27.102764, 1118, 99044.7109375, 5130001, 37125033, 94676355, 136931389, 29704053.81212616, 44124.58068847656, 118016.036352, inf, 697.6744186046511, 1403.702574355611, 75090.959441, 19806.094574, 0.109445, 3058.495651, 20056.993235, 3.384006, 559, 65923.234375, 2550001, 52813306, 45668772, 101032079
30000, 30000, 0, 0, dp_15.000000, 30084854.434501648, 191101.42279052734, 242844.50369399998, inf, 173.41040462427745, 517.8413055128107, 36863.683127, 99688.308408, 2.15467, 12515.271477, 93467.041488, 308.044524, 2595, 120079.328125, 10350001, 25781963, 224609320, 260741284, 29917771.69832611, 86552.55200195312, 153701.892626, inf, 348.83720930232556, 861.4141275139291, 52468.181465, 48398.1255, 0.465714, 6150.599223, 46647.95276, 36.567964, 1290, 93469.8984375, 5130001, 37125033, 109724635, 151979669, 29703530.18004608, 43600.94860839844, 124511.47189900001, inf, 697.6744186046511, 1403.702574355611, 75090.959441, 22873.11452, 0.093294, 3058.495651, 23484.239234, 4.569759, 645, 62875.1640625, 2550001, 52813306, 52953058, 108316365
30000, 30000, 0, 0, dp_17.000000, 30083046.080192566, 189293.0684814453, 269484.097948, inf, 173.41040462427745, 517.8413055128107, 36863.683127, 112874.514783, 2.176512, 12515.271477, 106827.970001, 400.482048, 2941, 110127.140625, 10350001, 25781963, 255213359, 291345323, 29916434.00252533, 85214.85620117188, 166837.087519, inf, 348.83720930232556, 861.4141275139291, 52468.181465, 54698.314927, 0.476283, 6150.599223, 53472.09571, 47.419911, 1462, 88283.015625, 5130001, 37125033, 124682966, 166938000, 29702512.375663757, 42583.14422607422, 130781.15584699999, inf, 697.6744186046511, 1403.702574355611, 75090.959441, 25902.789744, 0.10694, 3058.495651, 26722.801925, 6.002146, 731, 59813.7734375, 2550001, 52813306, 60237344, 115600651
30000, 30000, 0, 0, dp_19.000000, 30081389.8799057, 187636.86819458008, 296343.238274, inf, 173.41040462427745, 517.8413055128107, 36863.683127, 126291.691034, 2.158057, 12515.271477, 120167.777087, 502.657492, 3287, 101468.8671875, 10350001, 25781963, 285907365, 322039329, 29915223.667381287, 84004.5210571289, 180012.318155, inf, 348.83720930232556, 861.4141275139291, 52468.181465, 61168.875464, 0.470562, 6150.599223, 60164.342843, 59.848598, 1634, 83517.671875, 5130001, 37125033, 139731246, 181986280, 29701957.311454773, 42028.080017089844, 137351.43744900002, inf, 697.6744186046511, 1403.702574355611, 75090.959441, 29009.424541, 0.091892, 3058.495651, 30185.082748, 7.383176, 817, 56854.2734375, 2550001, 52813306, 67521630, 122884937
30000, 30000, 0, 0, dp_21.000000, 30079355.2549057, 185602.24319458008, 323146.265203, inf, 173.41040462427745, 517.8413055128107, 36863.683127, 139682.362661, 2.153429, 12515.271477, 133468.301117, 614.493392, 3633, 93292.46875, 10350001, 25781963, 316571382, 352703346, 29915059.900535583, 83840.75421142578, 193162.53151099998, inf, 348.83720930232556, 861.4141275139291, 52468.181465, 67745.293591, 0.475221, 6150.599223, 66724.192927, 73.789084, 1806, 79588.9609375, 5130001, 37125033, 154689577, 196944611, 29700864.44884491, 40935.21740722656, 143645.70694, inf, 697.6744186046511, 1403.702574355611, 75090.959441, 32072.13997, 0.107972, 3058.495651, 33415.064872, 8.939034, 903, 54028.70703125, 2550001, 52813306, 74805916, 130169223
30000, 30000, 0, 0, dp_23.000000, 30078282.97341156, 184529.96170043945, 349874.698538, inf, 173.41040462427745, 517.8413055128107, 36863.683127, 152847.211263, 2.172063, 12515.271477, 146910.099981, 736.260627, 3979, 85638.2421875, 10350001, 25781963, 347265388, 383397352, 29914774.82546234, 83555.6791381836, 206254.065934, inf, 348.83720930232556, 861.4141275139291, 52468.181465, 73991.362643, 0.473778, 6150.599223, 73554.3114, 89.137425, 1978, 76242.03125, 5130001, 37125033, 169737857, 211992891, 29700864.44884491, 40935.21740722656, 149903.35705999998, inf, 697.6744186046511, 1403.702574355611, 75090.959441, 35025.824599, 0.108544, 3058.495651, 36717.01825, 10.950575, 989, 51903.93359375, 2550001, 52813306, 81952182, 137315489
30000, 30000, 0, 0, dp_25.000000, 30077697.100486755, 183944.08877563477, 376507.234573, inf, 173.41040462427745, 517.8413055128107, 36863.683127, 166087.292332, 2.182774, 12515.271477, 160165.314626, 873.490237, 4325, 78563.09375, 10350001, 25781963, 377899416, 414031380, 29913828.05141449, 82608.90509033203, 219297.877679, inf, 348.83720930232556, 861.4141275139291, 52468.181465, 80500.461902, 0.477676, 6150.599223, 80072.363892, 105.793521, 2150, 73052.1171875, 5130001, 37125033, 184786137, 227041171, 29700864.44884491, 40935.21740722656, 156167.77392600002, inf, 697.6744186046511, 1403.702574355611, 75090.959441, 37929.436352, 0.108994, 3058.495651, 40075.96059, 12.812898, 1075, 50332.82421875, 2550001, 52813306, 88923472, 144286779
30000, 30000, 0, 0, dp_27.000000, 30077366.584617615, 183613.57290649414, 403288.07143400004, inf, 173.41040462427745, 517.8413055128107, 36863.683127, 179388.339478, 2.118563, 12515.271477, 173501.654118, 1017.004671, 4671, 72591.9140625, 10350001, 25781963, 408593422, 444725386, 29913557.603538513, 82338.45721435547, 232307.94814599998, inf, 348.83720930232556, 861.4141275139291, 52468.181465, 86950.595985, 0.482074, 6150.599223, 86614.416768, 123.672631, 2322, 70020.3203125, 5130001, 37125033, 199834417, 242089451, 29700357.332328796, 40428.10089111328, 162615.04515599998, inf, 697.6744186046511, 1403.702574355611, 75090.959441, 40980.292097, 0.098224, 3058.495651, 43470.097933, 15.10181, 1161, 48755.82421875, 2550001, 52813306, 96155592, 151518899
30000, 30000, 0, 0, dp_29.000000, 30076880.70034027, 183127.6886291504, 430050.804864, inf, 173.41040462427745, 517.8413055128107, 36863.683127, 192737.310071, 2.37341, 12515.271477, 186756.837171, 1175.329608, 5017, 67265.515625, 10350001, 25781963, 439287428, 475419392, 29912263.5283432, 81044.38201904297, 245769.203577, inf, 348.83720930232556, 861.4141275139291, 52468.181465, 93645.261528, 0.473558, 6150.599223, 93361.563774, 143.124029, 2494, 67142.3046875, 5130001, 37125033, 214882697, 257137731, 29700357.332328796, 40428.10089111328, 169056.463784, inf, 697.6744186046511, 1403.702574355611, 75090.959441, 44037.851531, 0.109635, 3058.495651, 46851.629473, 17.418053, 1247, 47418.8515625, 2550001, 52813306, 103439878, 158803185
30000, 30000, 0, 0, dp_3.000000, 30106856.399162292, 213103.38745117188, 83455.650544, inf, 173.41040462427745, 517.8413055128107, 36863.683127, 20616.162918, 2.259818, 12515.271477, 13449.643241, 8.629963, 519, 256842.1875, 10350001, 25781963, 40535251, 76667215, 29928873.200645447, 97654.05432128906, 75298.022905, inf, 348.83720930232556, 861.4141275139291, 52468.181465, 9982.230295, 0.470803, 6150.599223, 6695.516678, 1.024441, 258, 162226.203125, 5130001, 37125033, 19937509, 62192543, 29710040.575737, 50111.344299316406, 86227.20860199998, inf, 697.6744186046511, 1403.702574355611, 75090.959441, 4692.045613, 0.091372, 3058.495651, 3385.457587, 0.158938, 129, 98414.0546875, 2550001, 52813306, 9554535, 64917842
30000, 30000, 0, 0, dp_31.000000, 30075531.473991394, 181778.46228027344, 456431.724795, inf, 173.41040462427745, 517.8413055128107, 36863.683127, 205671.739475, 2.137919, 12515.271477, 200036.188963, 1342.703834, 5363, 62220.48046875, 10350001, 25781963, 469441632, 505573596, 29912037.769859314, 80818.62353515625, 259596.96150600002, inf, 348.83720930232556, 861.4141275139291, 52468.181465, 100050.427923, 0.483457, 6150.599223, 100763.245955, 164.023483, 2666, 64317.72265625, 5130001, 37125033, 229930977, 272186011, 29699972.551689148, 40043.320251464844, 175363.47934400002, inf, 697.6744186046511, 1403.702574355611, 75090.959441, 47114.000714, 0.106089, 3058.495651, 50079.971827, 19.945622, 1333, 46075.91796875, 2550001, 52813306, 110724164, 166087471
30000, 30000, 0, 0, dp_33.000000, 30075347.669303894, 181594.65759277344, 483519.854513, inf, 173.41040462427745, 517.8413055128107, 36863.683127, 219000.024059, 2.345599, 12515.271477, 213616.310551, 1522.2197, 5709, 58160.84375, 10350001, 25781963, 500135638, 536267602, 29911689.175315857, 80470.02899169922, 273060.627319, inf, 348.83720930232556, 861.4141275139291, 52468.181465, 106606.907594, 0.475342, 6150.599223, 107648.557004, 185.906691, 2838, 61662.34765625, 5130001, 37125033, 244979257, 287234291, 29699887.18297577, 39957.95153808594, 181924.649931, inf, 697.6744186046511, 1403.702574355611, 75090.959441, 50334.963548, 0.102612, 3058.495651, 53417.465822, 22.662857, 1419, 44863.1015625, 2550001, 52813306, 118008450, 173371757
30000, 30000, 0, 0, dp_35.000000, 30075067.53240204, 181314.52069091797, 510395.721888, inf, 173.41040462427745, 517.8413055128107, 36863.683127, 232367.85739, 2.349105, 12515.271477, 226933.273081, 1713.287708, 6055, 54380.63671875, 10350001, 25781963, 530829644, 566961608, 29911325.899742126, 80106.75341796875, 286420.677577, inf, 348.83720930232556, 861.4141275139291, 52468.181465, 113063.344214, 0.476614, 6150.599223, 114528.442574, 209.633487, 3010, 59162.53125, 5130001, 37125033, 260027537, 302282571, 29699793.020988464, 39863.78955078125, 188362.67974300002, inf, 697.6744186046511, 1403.702574355611, 75090.959441, 53325.915104, 0.104917, 3058.495651, 56861.576283, 25.628347, 1505, 43552.95703125, 2550001, 52813306, 125292736, 180656043
30000, 30000, 0, 0, dp_37.000000, 30074975.182182312, 181222.1704711914, 537253.942328, inf, 173.41040462427745, 517.8413055128107, 36863.683127, 245698.788798, 2.346801, 12515.271477, 240256.208668, 1917.643457, 6401, 50976.29296875, 10350001, 25781963, 561523650, 597655614, 29910833.787071228, 79614.64074707031, 298407.332006, inf, 348.83720930232556, 861.4141275139291, 52468.181465, 119524.361472, 0.476133, 6150.599223, 120029.382509, 234.331204, 3182, 56755.76171875, 5130001, 37125033, 275075817, 317330851, 29699749.697502136, 39820.466064453125, 194597.747462, inf, 697.6744186046511, 1403.702574355611, 75090.959441, 55994.537397, 0.107652, 3058.495651, 60425.066419, 28.580902, 1591, 42438.7734375, 2550001, 52813306, 131876782, 187240089
30000, 30000, 0, 0, dp_39.000000, 30074916.923820496, 181163.912109375, 565560.450296, inf, 173.41040462427745, 517.8413055128107, 36863.683127, 259330.852597, 2.197781, 12515.271477, 254717.321815, 2131.123499, 6747, 47798.921875, 10350001, 25781963, 592217656, 628349620, 29910755.59590912, 79536.44958496094, 312081.118529, inf, 348.83720930232556, 861.4141275139291, 52468.181465, 126242.192468, 0.46889, 6150.599223, 126958.961454, 260.715029, 3354, 54437.125, 5130001, 37125033, 290124097, 332379131, 29699749.697502136, 39820.466064453125, 200823.491035, inf, 697.6744186046511, 1403.702574355611, 75090.959441, 59102.075997, 0.108895, 3058.495651, 63539.882085, 31.968966, 1677, 41440.25390625, 2550001, 52813306, 139161068, 194524375
30000, 30000, 0, 0, dp_5.000000, 30098472.583488464, 204719.57177734375, 110375.339121, inf, 173.41040462427745, 517.8413055128107, 36863.683127, 33948.069415, 2.92807, 12515.271477, 27014.964022, 30.42301, 865, 212331.4375, 10350001, 25781963, 71139290, 107271254, 29926901.080711365, 95681.93438720703, 88118.550934, inf, 348.83720930232556, 861.4141275139291, 52468.181465, 16138.406496, 0.42683, 6150.599223, 13357.559236, 3.377684, 430, 139545.390625, 5130001, 37125033, 34573184, 76828218, 29707713.51964569, 47784.28820800781, 92597.280567, inf, 697.6744186046511, 1403.702574355611, 75090.959441, 7717.125696, 0.092494, 3058.495651, 6730.142553, 0.464732, 215, 86958.7890625, 2550001, 52813306, 16786655, 72149962
30000, 30000, 0, 0, dp_7.000000, 30094136.233451843, 200383.22174072266, 136797.090311, inf, 173.41040462427745, 517.8413055128107, 36863.683127, 47174.283042, 2.322275, 12515.271477, 40179.27075, 62.25964, 1211, 185189.46875, 10350001, 25781963, 101833296, 137965260, 29925137.327293396, 93918.18096923828, 101282.37008899999, inf, 348.83720930232556, 861.4141275139291, 52468.181465, 22632.022728, 0.466134, 6150.599223, 20023.763201, 7.337338, 602, 125205, 5130001, 37125033, 49531515, 91786549, 29706566.41454315, 46637.18310546875, 99000.022961, inf, 697.6744186046511, 1403.702574355611, 75090.959441, 10790.111989, 0.091301, 3058.495651, 10059.428253, 0.936326, 301, 78976.1796875, 2550001, 52813306, 24070941, 79434248
30000, 30000, 0, 0, dp_9.000000, 30091397.14867401, 197644.13696289062, 163226.10040300002, inf, 173.41040462427745, 517.8413055128107, 36863.683127, 60186.085978, 3.05533, 12515.271477, 53552.547273, 105.457218, 1557, 164003.640625, 10350001, 25781963, 132527302, 168659266, 29922341.756492615, 91122.61016845703, 114321.780993, inf, 348.83720930232556, 861.4141275139291, 52468.181465, 28960.03245, 0.432441, 6150.599223, 26729.68614, 12.849274, 774, 114298.625, 5130001, 37125033, 64579795, 106834829, 29704949.426506042, 45020.195068359375, 105420.725919, inf, 697.6744186046511, 1403.702574355611, 75090.959441, 13847.03297, 0.09069, 3058.495651, 13422.531868, 1.615299, 387, 73400.0859375, 2550001, 52813306, 31355227, 86718534
30000, 30000, 0, 0, fixed_reps_1, 30126670.771842957, 232917.76013183594, 57097.845879, inf, 173.41040462427745, 517.8413055128107, 36863.683127, 7659.998082, 2.192895, 12515.271477, 56.700298, 0, 173, 402524.03125, 10350001, 25781963, 10128465, 46260429, 29939770.964683533, 108551.818359375, 62212.896984, inf, 348.83720930232556, 861.4141275139291, 52468.181465, 3542.216877, 0.416702, 6150.599223, 51.482717, 0, 86, 224274.984375, 5130001, 37125033, 4916736, 47171770, 29713984.298210144, 54055.06677246094, 79861.144469, inf, 697.6744186046511, 1403.702574355611, 75090.959441, 1662.285543, 0.093585, 3058.495651, 49.310249, 0, 43, 122950.7109375, 2550001, 52813306, 2327485, 57690792
30000, 30000, 0, 0, fixed_reps_11, 30099729.314079285, 205976.30236816406, 123161.83562399998, inf, 173.41040462427745, 517.8413055128107, 36863.683127, 73347.145668, 2.199522, 12515.271477, 433.53583, 0, 1903, 208108.859375, 10350001, 25781963, 111411385, 147543349, 29925217.868492126, 93998.72216796875, 94428.134213, inf, 348.83720930232556, 861.4141275139291, 52468.181465, 35382.965797, 0.488646, 6150.599223, 425.899082, 0, 946, 138748.640625, 5130001, 37125033, 54083236, 96338270, 29707822.418937683, 47893.1875, 95233.90200700001, inf, 697.6744186046511, 1403.702574355611, 75090.959441, 16649.76146, 0.092353, 3058.495651, 434.593102, 0, 473, 85250.078125, 2550001, 52813306, 25601905, 80965212
30000, 30000, 0, 0, fixed_reps_13, 30096259.784721375, 202506.7730102539, 136266.45687199998, inf, 173.41040462427745, 517.8413055128107, 36863.683127, 86380.713393, 2.192892, 12515.271477, 504.595983, 0, 2249, 195555.65625, 10350001, 25781963, 131667969, 167799933, 29924659.546653748, 93440.40032958984, 100862.29786999998, inf, 348.83720930232556, 861.4141275139291, 52468.181465, 41739.295556, 0.482054, 6150.599223, 503.739572, 0, 1118, 133390.09375, 5130001, 37125033, 63916536, 106171570, 29706894.74736786, 46965.51593017578, 98284.88029000002, inf, 697.6744186046511, 1403.702574355611, 75090.959441, 19630.874196, 0.090389, 3058.495651, 504.460613, 0, 559, 81053.53125, 2550001, 52813306, 30256789, 85620096
30000, 30000, 0, 0, fixed_reps_15, 30095011.41973114, 201258.40802001953, 149449.817241, inf, 173.41040462427745, 517.8413055128107, 36863.683127, 99486.141259, 2.149043, 12515.271477, 582.572335, 0, 2595, 187902.390625, 10350001, 25781963, 151924553, 188056517, 29923390.563682556, 92171.41735839844, 107244.024433, inf, 348.83720930232556, 861.4141275139291, 52468.181465, 48044.377172, 0.481854, 6150.599223, 580.384719, 0, 1290, 127122.234375, 5130001, 37125033, 73749836, 116004870, 29706222.10771942, 46292.87628173828, 101382.32990100002, inf, 697.6744186046511, 1403.702574355611, 75090.959441, 22646.574116, 0.105678, 3058.495651, 586.195015, 0, 645, 77576.6796875, 2550001, 52813306, 34911673, 90274980
30000, 30000, 0, 0, fixed_reps_17, 30093319.73210907, 199566.72039794922, 162658.77779, inf, 173.41040462427745, 517.8413055128107, 36863.683127, 112618.104009, 2.179445, 12515.271477, 659.539732, 0, 2941, 178804.28125, 10350001, 25781963, 172181137, 208313101, 29923007.14302826, 91787.99670410156, 113737.156399, inf, 348.83720930232556, 861.4141275139291, 52468.181465, 54460.101303, 0.473578, 6150.599223, 657.80083, 0, 1462, 119518.09375, 5130001, 37125033, 83583136, 125838170, 29705425.713615417, 45496.482177734375, 104416.092969, inf, 697.6744186046511, 1403.702574355611, 75090.959441, 25602.998666, 0.092965, 3058.495651, 663.546246, 0, 731, 73625.734375, 2550001, 52813306, 39566557, 94929864
30000, 30000, 0, 0, fixed_reps_19, 30092626.295646667, 198873.28393554688, 175901.04229299998, inf, 173.41040462427745, 517.8413055128107, 36863.683127, 125782.705196, 2.185351, 12515.271477, 737.197142, 0, 3287, 171667.328125, 10350001, 25781963, 192437721, 228569685, 29922231.980003357, 91012.83367919922, 120380.017914, inf, 348.83720930232556, 861.4141275139291, 52468.181465, 61012.249335, 0.480732, 6150.599223, 748.507159, 0, 1634, 114148.671875, 5130001, 37125033, 93416436, 135671470, 29705180.31603241, 45251.08459472656, 107574.33775600001, inf, 697.6744186046511, 1403.702574355611, 75090.959441, 28683.177171, 0.106349, 3058.495651, 741.599144, 0, 817, 70923.53125, 2550001, 52813306, 44221441, 99584748
30000, 30000, 0, 0, fixed_reps_21, 30091462.55773163, 197709.5460205078, 189400.23086399998, inf, 173.41040462427745, 517.8413055128107, 36863.683127, 139205.177848, 2.197762, 12515.271477, 813.90065, 0, 3633, 167442.078125, 10350001, 25781963, 212694305, 248826269, 29921303.261436462, 90084.11511230469, 126725.449812, inf, 348.83720930232556, 861.4141275139291, 52468.181465, 67287.806043, 0.477826, 6150.599223, 818.385255, 0, 1806, 110200.6796875, 5130001, 37125033, 103249736, 145504770, 29704794.739372253, 44865.50793457031, 110641.077005, inf, 697.6744186046511, 1403.702574355611, 75090.959441, 31664.556601, 0.092494, 3058.495651, 826.972818, 0, 903, 69213.765625, 2550001, 52813306, 48876325, 104239632
30000, 30000, 0, 0, fixed_reps_23, 30090098.24004364, 196345.22833251953, 202379.403846, inf, 173.41040462427745, 517.8413055128107, 36863.683127, 152105.917044, 2.209304, 12515.271477, 892.322894, 0, 3979, 162464.796875, 10350001, 25781963, 232950889, 269082853, 29920768.66408539, 89549.51776123047, 133154.92237800002, inf, 348.83720930232556, 861.4141275139291, 52468.181465, 73643.282154, 0.468599, 6150.599223, 892.390937, 0, 1978, 105860.3203125, 5130001, 37125033, 113083036, 155338070, 29704034.831108093, 44105.599670410156, 113653.87192800001, inf, 697.6744186046511, 1403.702574355611, 75090.959441, 34596.841156, 0.102943, 3058.495651, 907.472737, 0, 989, 68077.6796875, 2550001, 52813306, 53531209, 108894516
30000, 30000, 0, 0, fixed_reps_25, 30089116.005851746, 195362.994140625, 215529.96883700002, inf, 173.41040462427745, 517.8413055128107, 36863.683127, 165179.202393, 2.225815, 12515.271477, 969.586025, 0, 4325, 157645.0625, 10350001, 25781963, 253207473, 289339437, 29919898.01186371, 88678.86553955078, 139558.535059, inf, 348.83720930232556, 861.4141275139291, 52468.181465, 79969.380177, 0.483747, 6150.599223, 969.890447, 0, 2150, 102635.8203125, 5130001, 37125033, 122916336, 165171370, 29703264.651115417, 43335.419677734375, 116736.82102700001, inf, 697.6744186046511, 1403.702574355611, 75090.959441, 37612.897444, 0.110176, 3058.495651, 974.358315, 0, 1075, 65816.15625, 2550001, 52813306, 58186093, 113549400
30000, 30000, 0, 0, fixed_reps_27, 30087475.02342987, 193722.01171875, 228640.469294, inf, 173.41040462427745, 517.8413055128107, 36863.683127, 178213.795899, 2.232748, 12515.271477, 1045.486043, 0, 4671, 150505.09375, 10350001, 25781963, 273464057, 309596021, 29919850.93386078, 88631.7875366211, 146014.536638, inf, 348.83720930232556, 861.4141275139291, 52468.181465, 86350.612566, 0.481133, 6150.599223, 1044.662251, 0, 2322, 99661.71875, 5130001, 37125033, 132749636, 175004670, 29702754.956718445, 42825.72528076172, 119849.682059, inf, 697.6744186046511, 1403.702574355611, 75090.959441, 40647.594858, 0.092624, 3058.495651, 1052.539485, 0, 1161, 63789.9296875, 2550001, 52813306, 62840977, 118204284
30000, 30000, 0, 0, fixed_reps_29, 30086445.545646667, 192692.53393554688, 242251.99748, inf, 173.41040462427745, 517.8413055128107, 36863.683127, 191746.30969, 2.19155, 12515.271477, 1124.541636, 0, 5017, 144808.796875, 10350001, 25781963, 293720641, 329852605, 29919152.038658142, 87932.89233398438, 152438.62870700003, inf, 348.83720930232556, 861.4141275139291, 52468.181465, 92696.309676, 0.476564, 6150.599223, 1123.061779, 0, 2494, 97091.015625, 5130001, 37125033, 142582936, 184837970, 29702736.991020203, 42807.75958251953, 122948.31353300001, inf, 697.6744186046511, 1403.702574355611, 75090.959441, 43656.969975, 0.106319, 3058.495651, 1141.782147, 0, 1247, 62660.359375, 2550001, 52813306, 67495861, 122859168
30000, 30000, 0, 0, fixed_reps_3, 30113833.19115448, 220080.17944335938, 70396.39861499998, inf, 173.41040462427745, 517.8413055128107, 36863.683127, 20897.277187, 2.183337, 12515.271477, 117.983487, 0, 519, 328221.78125, 10350001, 25781963, 30385049, 66517013, 29932347.550498962, 101128.40417480469, 68641.174397, inf, 348.83720930232556, 861.4141275139291, 52468.181465, 9905.344133, 0.423824, 6150.599223, 116.625752, 0, 258, 189612.421875, 5130001, 37125033, 14750036, 57005070, 29711430.931755066, 51501.70031738281, 82912.69428200001, inf, 697.6744186046511, 1403.702574355611, 75090.959441, 4646.776172, 0.091702, 3058.495651, 116.371316, 0, 129, 107906.75, 2550001, 52813306, 6982369, 62345676
30000, 30000, 0, 0, fixed_reps_31, 30085265.788505554, 191512.7767944336, 255339.34400999997, inf, 173.41040462427745, 517.8413055128107, 36863.683127, 204757.068874, 2.21412, 12515.271477, 1201.106412, 0, 5363, 138445.046875, 10350001, 25781963, 313977225, 350109189, 29918852.86721039, 87633.72088623047, 158894.86871299997, inf, 348.83720930232556, 861.4141275139291, 52468.181465, 99071.815498, 0.481503, 6150.599223, 1203.791024, 0, 2666, 95534.7578125, 5130001, 37125033, 152416236, 194671270, 29702397.553764343, 42468.322326660156, 126132.555601, inf, 697.6744186046511, 1403.702574355611, 75090.959441, 46777.704787, 0.105338, 3058.495651, 1205.290384, 0, 1333, 61963.5390625, 2550001, 52813306, 72150745, 127514052
30000, 30000, 0, 0, fixed_reps_33, 30084791.68773651, 191038.67602539062, 268498.10141400003, inf, 173.41040462427745, 517.8413055128107, 36863.683127, 217837.870688, 2.343104, 12515.271477, 1278.933018, 0, 5709, 133995.109375, 10350001, 25781963, 334233809, 370365773, 29918394.700950623, 87175.55462646484, 165215.917952, inf, 348.83720930232556, 861.4141275139291, 52468.181465, 105305.567074, 0.476975, 6150.599223, 1291.093215, 0, 2838, 92600.2734375, 5130001, 37125033, 162249536, 204504570, 29702397.553764343, 42468.322326660156, 129041.08898900001, inf, 697.6744186046511, 1403.702574355611, 75090.959441, 49607.543015, 0.104536, 3058.495651, 1283.986346, 0, 1419, 61060.40234375, 2550001, 52813306, 76805629, 132168936
30000, 30000, 0, 0, fixed_reps_35, 30083893.57183075, 190140.5601196289, 281812.98019599996, inf, 173.41040462427745, 517.8413055128107, 36863.683127, 231076.495655, 2.176512, 12515.271477, 1355.353425, 0, 6055, 128994.9609375, 10350001, 25781963, 354490393, 390622357, 29917947.21877289, 86728.07244873047, 171742.35593299998, inf, 348.83720930232556, 861.4141275139291, 52468.181465, 111766.924338, 0.480461, 6150.599223, 1356.170446, 0, 3010, 88968.40625, 5130001, 37125033, 172082836, 214337870, 29702397.553764343, 42468.322326660156, 132135.999767, inf, 697.6744186046511, 1403.702574355611, 75090.959441, 52595.641389, 0.104837, 3058.495651, 1390.798449, 0, 1505, 60143.19140625, 2550001, 52813306, 81460513, 136823820
30000, 30000, 0, 0, fixed_reps_37, 30083156.23790741, 189403.22619628906, 295067.03634, inf, 173.41040462427745, 517.8413055128107, 36863.683127, 244246.969765, 2.173284, 12515.271477, 1438.938687, 0, 6401, 120365.6015625, 10350001, 25781963, 374746977, 410878941, 29917504.116477966, 86284.9701538086, 178245.397364, inf, 348.83720930232556, 861.4141275139291, 52468.181465, 118191.598596, 0.477576, 6150.599223, 1434.540504, 0, 3182, 86672.6875, 5130001, 37125033, 181916136, 224171170, 29702397.553764343, 42468.322326660156, 135161.76549800002, inf, 697.6744186046511, 1403.702574355611, 75090.959441, 55573.334497, 0.106991, 3058.495651, 1438.868918, 0, 1591, 57319.98828125, 2550001, 52813306, 86115397, 141478704
30000, 30000, 0, 0, fixed_reps_39, 30082860.482963562, 189107.4712524414, 308750.763854, inf, 173.41040462427745, 517.8413055128107, 36863.683127, 257860.390604, 2.344456, 12515.271477, 1509.07419, 0, 6747, 116581.859375, 10350001, 25781963, 395003561, 431135525, 29917482.93874359, 86263.7924194336, 184606.76796700002, inf, 348.83720930232556, 861.4141275139291, 52468.181465, 124475.87281, 0.474229, 6150.599223, 1511.64024, 0, 3354, 83798.65625, 5130001, 37125033, 191749436, 234004470, 29702145.29851532, 42216.06707763672, 138268.269111, inf, 697.6744186046511, 1403.702574355611, 75090.959441, 58600.400456, 0.105949, 3058.495651, 1518.307614, 0, 1677, 56719.875, 2550001, 52813306, 90770281, 146133588
30000, 30000, 0, 0, fixed_reps_41, 30081985.177238464, 188232.16552734375, 323196.817169, inf, 173.41040462427745, 517.8413055128107, 36863.683127, 272219.420106, 2.197421, 12515.271477, 1596.245038, 0, 7093, 112589.9375, 10350001, 25781963, 415260145, 451392109, 29917335.200035095, 86116.0537109375, 191123.306514, inf, 348.83720930232556, 861.4141275139291, 52468.181465, 130912.795198, 0.481683, 6150.599223, 1591.248945, 0, 3526, 82567.296875, 5130001, 37125033, 201582736, 243837770, 29702145.29851532, 42216.06707763672, 141309.076667, inf, 697.6744186046511, 1403.702574355611, 75090.959441, 61545.130818, 0.105869, 3058.495651, 1614.384888, 0, 1763, 56055.51171875, 2550001, 52813306, 95425165, 150788472
30000, 30000, 0, 0, fixed_reps_5, 30107727.03539276, 213974.02368164062, 87050.077811, inf, 173.41040462427745, 517.8413055128107, 36863.683127, 37470.393662, 2.931592, 12515.271477, 197.797953, 0, 865, 282978.34375, 10350001, 25781963, 50641633, 86773597, 29930960.300498962, 99741.15417480469, 75086.222623, inf, 348.83720930232556, 861.4141275139291, 52468.181465, 16273.102033, 0.421471, 6150.599223, 193.918431, 0, 430, 173122.6875, 5130001, 37125033, 24583336, 66838370, 29710732.86540985, 50803.63397216797, 85999.19214900001, inf, 697.6744186046511, 1403.702574355611, 75090.959441, 7655.138857, 0.094016, 3058.495651, 194.504184, 0, 215, 100003.953125, 2550001, 52813306, 11637253, 67000560
30000, 30000, 0, 0, fixed_reps_7, 30104909.8859787, 211156.87426757812, 96760.300094, inf, 173.41040462427745, 517.8413055128107, 36863.683127, 47096.88661, 2.926275, 12515.271477, 281.532605, 0, 1211, 249860.640625, 10350001, 25781963, 70898217, 107030181, 29929453.864891052, 98234.71856689453, 81536.456724, inf, 348.83720930232556, 861.4141275139291, 52468.181465, 22646.543894, 0.486722, 6150.599223, 270.64542, 0, 602, 161881.015625, 5130001, 37125033, 34416636, 76671670, 29709785.743095398, 49856.511657714844, 89149.018175, inf, 697.6744186046511, 1403.702574355611, 75090.959441, 10727.405158, 0.092053, 3058.495651, 272.065872, 0, 301, 91594.1484375, 2550001, 52813306, 16292137, 71655444
30000, 30000, 0, 0, fixed_reps_9, 30102566.777275085, 208813.76556396484, 109864.645711, inf, 173.41040462427745, 517.8413055128107, 36863.683127, 60134.363354, 2.186459, 12515.271477, 349.141294, 0, 1557, 224702.234375, 10350001, 25781963, 91154801, 127286765, 29927102.60256195, 95883.45623779297, 87950.434993, inf, 348.83720930232556, 861.4141275139291, 52468.181465, 28982.919291, 0.447469, 6150.599223, 348.287545, 0, 774, 148759.75, 5130001, 37125033, 44249936, 86504970, 29709035.864738464, 49106.63330078125, 92250.020081, inf, 697.6744186046511, 1403.702574355611, 75090.959441, 13747.302123, 0.104927, 3058.495651, 353.157939, 0, 387, 88689.34375, 2550001, 52813306, 20947021, 76310328
30000, 30000, 0, 0, greedy_1.000000, 30126670.771842957, 232917.76013183594, 56823.030297000005, inf, 173.41040462427745, 517.8413055128107, 36863.683127, 7404.199417, 2.001273, 12515.271477, 37.866166, 0.008837, 173, 402524.03125, 10350001, 25781963, 10128465, 46260429, 29939770.964683533, 108551.818359375, 62181.688866, inf, 348.83720930232556, 861.4141275139291, 52468.181465, 3525.481436, 0.449533, 6150.599223, 36.971729, 0.00548, 86, 224274.984375, 5130001, 37125033, 4916736, 47171770, 29713984.298210144, 54055.06677246094, 79844.17521, inf, 697.6744186046511, 1403.702574355611, 75090.959441, 1657.960124, 0.092894, 3058.495651, 36.664515, 0.002585, 43, 122950.7109375, 2550001, 52813306, 2327485, 57690792
30000, 30000, 0, 0, greedy_11.000000, 30093715.30669403, 199962.29498291016, 189725.84784300003, inf, 173.41040462427745, 517.8413055128107, 36863.683127, 73149.130839, 2.401794, 12515.271477, 67194.902497, 0.458109, 1903, 190342.65625, 10350001, 25781963, 162981396, 199113360, 29924377.643211365, 93158.49688720703, 127155.961739, inf, 348.83720930232556, 861.4141275139291, 52468.181465, 35191.478389, 0.483307, 6150.599223, 33345.057241, 0.162114, 946, 130044.7578125, 5130001, 37125033, 79298262, 121553296, 29705198.48552704, 45269.25408935547, 111644.634181, inf, 697.6744186046511, 1403.702574355611, 75090.959441, 16783.036849, 0.091863, 3058.495651, 16712.001115, 0.049262, 473, 78304.8125, 2550001, 52813306, 38454397, 93817704
30000, 30000, 0, 0, greedy_13.000000, 30091331.463615417, 197578.45190429688, 215901.97954099998, inf, 173.41040462427745, 517.8413055128107, 36863.683127, 86243.534571, 2.526739, 12515.271477, 80276.410139, 0.553488, 2249, 181220.03125, 10350001, 25781963, 193435490, 229567454, 29923400.28462982, 92181.13830566406, 140273.77170100002, inf, 348.83720930232556, 861.4141275139291, 52468.181465, 41378.196103, 0.471304, 6150.599223, 40276.142286, 0.18132, 1118, 119475.8671875, 5130001, 37125033, 93956763, 136211797, 29704727.033683777, 44797.80224609375, 117912.041786, inf, 697.6744186046511, 1403.702574355611, 75090.959441, 19705.451493, 0.093826, 3058.495651, 20056.993235, 0.04814, 559, 76302.0625, 2550001, 52813306, 45538357, 100901664
30000, 30000, 0, 0, greedy_15.000000, 30089494.06969452, 195741.05798339844, 242345.771192, inf, 173.41040462427745, 517.8413055128107, 36863.683127, 99496.988775, 2.156043, 12515.271477, 93467.041488, 0.630282, 2595, 162144.25, 10350001, 25781963, 224129496, 260261460, 29922327.613243103, 91108.46691894531, 153079.099715, inf, 348.83720930232556, 861.4141275139291, 52468.181465, 47811.663289, 0.49103, 6150.599223, 46647.95276, 0.211948, 1290, 114510.6875, 5130001, 37125033, 109005043, 151260077, 29704588.766960144, 44659.53552246094, 124253.340169, inf, 697.6744186046511, 1403.702574355611, 75090.959441, 22619.483959, 0.105668, 3058.495651, 23484.239234, 0.056216, 645, 73865.9375, 2550001, 52813306, 52587896, 107951203
30000, 30000, 0, 0, greedy_17.000000, 30087853.860588074, 194100.84887695312, 268756.815466, inf, 173.41040462427745, 517.8413055128107, 36863.683127, 112546.951899, 2.217539, 12515.271477, 106827.970001, 0.721423, 2941, 152284.640625, 10350001, 25781963, 254493623, 290625587, 29920667.76576996, 89448.61944580078, 166113.316426, inf, 348.83720930232556, 861.4141275139291, 52468.181465, 54021.743161, 0.473528, 6150.599223, 53472.09571, 0.223339, 1462, 108904.828125, 5130001, 37125033, 123723510, 165978544, 29704038.29320526, 44109.061767578125, 130544.28515899999, inf, 697.6744186046511, 1403.702574355611, 75090.959441, 25671.833598, 0.102702, 3058.495651, 26722.801925, 0.091842, 731, 71271.296875, 2550001, 52813306, 59872182, 115235489
30000, 30000, 0, 0, greedy_19.000000, 30086065.274040222, 192312.26232910156, 295224.492885, inf, 173.41040462427745, 517.8413055128107, 36863.683127, 125674.654546, 2.31905, 12515.271477, 120167.777087, 0.787598, 3287, 138379.078125, 10350001, 25781963, 285187629, 321319593, 29919246.3028183, 88027.15649414062, 179467.02385599999, inf, 348.83720930232556, 861.4141275139291, 52468.181465, 60683.162481, 0.476854, 6150.599223, 60164.342843, 0.26099, 1634, 103794.296875, 5130001, 37125033, 138771790, 181026824, 29703913.674308777, 43984.44287109375, 137109.117005, inf, 697.6744186046511, 1403.702574355611, 75090.959441, 28774.399508, 0.104576, 3058.495651, 30185.082748, 0.075081, 817, 69732.0234375, 2550001, 52813306, 67156468, 122519775
30000, 30000, 0, 0, greedy_21.000000, 30083657.27935028, 189904.26763916016, 321442.60143599997, inf, 173.41040462427745, 517.8413055128107, 36863.683127, 138592.103604, 2.363413, 12515.271477, 133468.301117, 0.878698, 3633, 125648.4296875, 10350001, 25781963, 315461789, 351593753, 29918552.38417816, 87333.2378540039, 192320.42089299997, inf, 348.83720930232556, 861.4141275139291, 52468.181465, 66976.690209, 0.477826, 6150.599223, 66724.192927, 0.279243, 1806, 100275.375, 5130001, 37125033, 153820070, 196075104, 29703026.420158386, 43097.188720703125, 143389.025646, inf, 697.6744186046511, 1403.702574355611, 75090.959441, 31824.308883, 0.094678, 3058.495651, 33415.064872, 0.102121, 903, 68008.015625, 2550001, 52813306, 74440754, 129804061
30000, 30000, 0, 0, greedy_23.000000, 30083040.483573914, 189287.47186279297, 348132.658417, inf, 173.41040462427745, 517.8413055128107, 36863.683127, 151840.413159, 2.165541, 12515.271477, 146910.099981, 1.025132, 3979, 113862.015625, 10350001, 25781963, 346155795, 382287759, 29917821.04537201, 86601.89904785156, 205587.962472, inf, 348.83720930232556, 861.4141275139291, 52468.181465, 73414.119967, 0.471043, 6150.599223, 73554.3114, 0.279374, 1978, 96362.90625, 5130001, 37125033, 168868350, 211123384, 29702548.3748703, 42619.14343261719, 149676.06616200003, inf, 697.6744186046511, 1403.702574355611, 75090.959441, 34809.389148, 0.092914, 3058.495651, 36717.01825, 0.110758, 989, 64517.9765625, 2550001, 52813306, 81672874, 137036181
30000, 30000, 0, 0, greedy_25.000000, 30082762.399406433, 189009.3876953125, 374619.092989, inf, 173.41040462427745, 517.8413055128107, 36863.683127, 165071.615893, 2.160793, 12515.271477, 160165.314626, 1.047073, 4325, 109091.3984375, 10350001, 25781963, 376849801, 412981765, 29917179.360801697, 85960.21447753906, 218593.460425, inf, 348.83720930232556, 861.4141275139291, 52468.181465, 79901.538367, 0.475501, 6150.599223, 80072.363892, 0.301977, 2150, 93667.2890625, 5130001, 37125033, 183916630, 226171664, 29702548.3748703, 42619.14343261719, 155973.208953, inf, 697.6744186046511, 1403.702574355611, 75090.959441, 37747.581134, 0.093405, 3058.495651, 40075.96059, 0.118732, 1075, 61924.1640625, 2550001, 52813306, 88774579, 144137886
30000, 30000, 0, 0, greedy_27.000000, 30082027.830680847, 188274.81896972656, 401220.30454499996, inf, 173.41040462427745, 517.8413055128107, 36863.683127, 178336.292681, 2.30892, 12515.271477, 173501.654118, 1.094222, 4671, 105187.8359375, 10350001, 25781963, 407513818, 443645782, 29916763.542564392, 85544.39624023438, 231684.501944, inf, 348.83720930232556, 861.4141275139291, 52468.181465, 86450.479942, 0.479379, 6150.599223, 86614.416768, 0.345167, 2322, 88403.6640625, 5130001, 37125033, 198964910, 241219944, 29702307.8123703, 42378.58093261719, 162431.01425, inf, 697.6744186046511, 1403.702574355611, 75090.959441, 40811.227908, 0.110818, 3058.495651, 43470.097933, 0.122499, 1161, 57954.28125, 2550001, 52813306, 96058865, 151422172
30000, 30000, 0, 0, greedy_29.000000, 30081244.54070282, 187491.52899169922, 427267.812057, inf, 173.41040462427745, 517.8413055128107, 36863.683127, 191128.491264, 2.313689, 12515.271477, 186756.837171, 1.215329, 5017, 95765.984375, 10350001, 25781963, 437428110, 473560074, 29915882.8028183, 84663.65649414062, 244796.50265700003, inf, 348.83720930232556, 861.4141275139291, 52468.181465, 92815.319122, 0.483306, 6150.599223, 93361.563774, 0.355767, 2494, 86718.96875, 5130001, 37125033, 214013190, 256268224, 29702242.741203308, 42313.509765625, 168938.24468600002, inf, 697.6744186046511, 1403.702574355611, 75090.959441, 43936.921013, 0.108684, 3058.495651, 46851.629473, 0.130424, 1247, 56897.5390625, 2550001, 52813306, 103343151, 158706458
30000, 30000, 0, 0, greedy_3.000000, 30111579.173820496, 217826.162109375, 83547.91575999999, inf, 173.41040462427745, 517.8413055128107, 36863.683127, 20716.771039, 2.441799, 12515.271477, 13449.643241, 0.105077, 519, 292411.6875, 10350001, 25781963, 40793749, 76925713, 29932712.083763123, 101492.93743896484, 75273.44934400001, inf, 348.83720930232556, 861.4141275139291, 52468.181465, 9958.693588, 0.419607, 6150.599223, 6695.516678, 0.038783, 258, 181841.0625, 5130001, 37125033, 19937509, 62192543, 29711579.922538757, 51650.69110107422, 86191.464471, inf, 697.6744186046511, 1403.702574355611, 75090.959441, 4656.445383, 0.091201, 3058.495651, 3385.457587, 0.015208, 129, 105067.90625, 2550001, 52813306, 9502369, 64865676
30000, 30000, 0, 0, greedy_31.000000, 30080518.454460144, 186765.44274902344, 453508.635163, inf, 173.41040462427745, 517.8413055128107, 36863.683127, 204090.05386, 2.156103, 12515.271477, 200036.188963, 1.281633, 5363, 91058.1015625, 10350001, 25781963, 467582314, 503714278, 29915579.174095154, 84360.0277709961, 258671.77042600003, inf, 348.83720930232556, 861.4141275139291, 52468.181465, 99288.876197, 0.474129, 6150.599223, 100763.245955, 0.393457, 2666, 84436.5703125, 5130001, 37125033, 229061470, 271316504, 29702231.614250183, 42302.3828125, 175197.33795800002, inf, 697.6744186046511, 1403.702574355611, 75090.959441, 46967.670197, 0.108824, 3058.495651, 50079.971827, 0.132018, 1333, 53399.38671875, 2550001, 52813306, 110627437, 165990744
30000, 30000, 0, 0, greedy_33.000000, 30080011.402305603, 186258.39059448242, 480429.914486, inf, 173.41040462427745, 517.8413055128107, 36863.683127, 217431.163194, 2.13851, 12515.271477, 213616.310551, 1.347627, 5709, 87478.96875, 10350001, 25781963, 498276320, 534408284, 29914630.563072205, 83411.41674804688, 272088.692549, inf, 348.83720930232556, 861.4141275139291, 52468.181465, 105820.472783, 0.476684, 6150.599223, 107648.557004, 0.40539, 2838, 81862.8515625, 5130001, 37125033, 244109750, 286364784, 29701899.30113983, 41970.06970214844, 181251.008412, inf, 697.6744186046511, 1403.702574355611, 75090.959441, 49683.833131, 0.107482, 3058.495651, 53417.465822, 0.146885, 1419, 52776.3203125, 2550001, 52813306, 117311814, 172675121
30000, 30000, 0, 0, greedy_35.000000, 30078844.012413025, 185091.0007019043, 507076.16373999993, inf, 173.41040462427745, 517.8413055128107, 36863.683127, 230760.283104, 2.119485, 12515.271477, 226933.273081, 1.533466, 6055, 79896.40625, 10350001, 25781963, 528970326, 565102290, 29913933.18221283, 82714.03588867188, 285562.869756, inf, 348.83720930232556, 861.4141275139291, 52468.181465, 112414.730336, 0.476544, 6150.599223, 114528.442574, 0.439614, 3010, 79341.640625, 5130001, 37125033, 259158030, 301413064, 29701778.98448944, 41849.75305175781, 187786.994642, inf, 697.6744186046511, 1403.702574355611, 75090.959441, 52775.712236, 0.109796, 3058.495651, 56861.576283, 0.141235, 1505, 50839.4296875, 2550001, 52813306, 124596100, 179959407
30000, 30000, 0, 0, greedy_37.000000, 30077390.37450409, 183637.36279296875, 533690.840549, inf, 173.41040462427745, 517.8413055128107, 36863.683127, 244052.032913, 2.178125, 12515.271477, 240256.208668, 1.466239, 6401, 73365.9140625, 10350001, 25781963, 559364442, 595496406, 29913118.2962265, 81899.14990234375, 297374.34329000005, inf, 348.83720930232556, 861.4141275139291, 52468.181465, 118725.084328, 0.470382, 6150.599223, 120029.382509, 0.625383, 3182, 75062.40625, 5130001, 37125033, 274206310, 316461344, 29701567.265556335, 41638.034118652344, 194283.200309, inf, 697.6744186046511, 1403.702574355611, 75090.959441, 55708.416547, 0.109425, 3058.495651, 60425.066419, 0.152826, 1591, 50282.9765625, 2550001, 52813306, 131671722, 187035029
30000, 30000, 0, 0, greedy_39.000000, 30077247.538749695, 183494.52703857422, 561585.336418, inf, 173.41040462427745, 517.8413055128107, 36863.683127, 257485.293055, 2.155933, 12515.271477, 254717.321815, 1.611011, 6747, 71049.015625, 10350001, 25781963, 589548635, 625680599, 29912653.07662201, 81433.93029785156, 310985.910123, inf, 348.83720930232556, 861.4141275139291, 52468.181465, 125407.031179, 0.470813, 6150.599223, 126958.961454, 0.665989, 3354, 71145.140625, 5130001, 37125033, 289254590, 331509624, 29701359.269828796, 41430.03839111328, 199707.567458, inf, 697.6744186046511, 1403.702574355611, 75090.959441, 58017.961767, 0.102923, 3058.495651, 63539.882085, 0.165591, 1677, 49499.3046875, 2550001, 52813306, 137704024, 193067331
30000, 30000, 0, 0, greedy_5.000000, 30103922.367790222, 210169.35607910156, 110183.44962, inf, 173.41040462427745, 517.8413055128107, 36863.683127, 33786.796145, 2.523021, 12515.271477, 27014.964022, 0.211828, 865, 244137.28125, 10350001, 25781963, 71109301, 107241265, 29928782.389060974, 97563.2427368164, 88155.632057, inf, 348.83720930232556, 861.4141275139291, 52468.181465, 16178.798597, 0.428875, 6150.599223, 13357.559236, 0.064661, 430, 160895.21875, 5130001, 37125033, 34648277, 76903311, 29709723.356681824, 49794.125244140625, 92584.59444500001, inf, 697.6744186046511, 1403.702574355611, 75090.959441, 7704.87945, 0.092253, 3058.495651, 6730.142553, 0.025097, 215, 96719.2109375, 2550001, 52813306, 16760572, 72123879
30000, 30000, 0, 0, greedy_7.000000, 30101299.004997253, 207545.9932861328, 136748.876062, inf, 173.41040462427745, 517.8413055128107, 36863.683127, 47187.889141, 2.445505, 12515.271477, 40179.27075, 0.316062, 1211, 221888.265625, 10350001, 25781963, 101803307, 137935271, 29926762.63143158, 95543.48510742188, 101325.42810199999, inf, 348.83720930232556, 861.4141275139291, 52468.181465, 22682.3017, 0.480391, 6150.599223, 20023.763201, 0.102122, 602, 147085.515625, 5130001, 37125033, 49696557, 91951591, 29707844.1359787, 47914.904541015625, 98952.45416700002, inf, 697.6744186046511, 1403.702574355611, 75090.959441, 10743.415691, 0.104596, 3058.495651, 10059.428253, 0.050535, 301, 89521.8359375, 2550001, 52813306, 23964074, 79327381
30000, 30000, 0, 0, greedy_9.000000, 30096587.862297058, 202834.8505859375, 163193.60312299998, inf, 173.41040462427745, 517.8413055128107, 36863.683127, 60259.045747, 2.679063, 12515.271477, 53552.547273, 0.376436, 1557, 205611.265625, 10350001, 25781963, 132497313, 168629277, 29925004.572776794, 93785.42645263672, 114361.08713200002, inf, 348.83720930232556, 861.4141275139291, 52468.181465, 29012.037862, 0.478056, 6150.599223, 26729.68614, 0.104386, 774, 137051.078125, 5130001, 37125033, 64654888, 106909922, 29706675.2342453, 46746.00280761719, 105333.535405, inf, 697.6744186046511, 1403.702574355611, 75090.959441, 13761.40735, 0.103134, 3058.495651, 13422.531868, 0.037961, 387, 82791.4765625, 2550001, 52813306, 31222277, 86585584
30000, 30000, 0, 0, opt, 30070788.712852478, 177035.70114135742, 629141.034239, inf, 173.41040462427745, 517.8413055128107, 36863.683127, 579759.883127, 2.196508, 12515.271477, 0, 0, 0, 0, 10350001, 25781963, 861344058, 897476022, 29906596.7130661, 75377.56674194336, 608336.977661, inf, 348.83720930232556, 861.4141275139291, 52468.181465, 549717.774491, 0.422482, 6150.599223, 0, 0, 0, 0, 5130001, 37125033, 824742381, 866997415, 29694268.218955994, 34338.98751831055, 585947.563663, inf, 697.6744186046511, 1403.702574355611, 75090.959441, 507798.005878, 0.102693, 3058.495651, 0, 0, 0, 0, 2550001, 52813306, 746443294, 801806601
30000, 30000, 0, 0, plus_edge, 30113118.31615448, 219365.30444335938, 57175.927574, inf, 173.41040462427745, 517.8413055128107, 36863.683127, 7794.808242, 2.164728, 12515.271477, 0, 0, 0, 0, 10350001, 25781963, 10127876, 46259840, 29934025.065330505, 102805.91900634766, 62153.172586999994, inf, 348.83720930232556, 861.4141275139291, 52468.181465, 3533.9713, 0.420599, 6150.599223, 0, 0, 0, 0, 5130001, 37125033, 4893875, 47148909, 29711939.283866882, 52010.05242919922, 79835.687172, inf, 697.6744186046511, 1403.702574355611, 75090.959441, 1686.135669, 0.096411, 3058.495651, 0, 0, 0, 0, 2550001, 52813306, 2299206, 57662513
30000, 30000, 0, 0, simple, 30126670.771842957, 232917.76013183594, 56909.332279999995, inf, 173.41040462427745, 517.8413055128107, 36863.683127, 7528.09602, 2.281656, 12515.271477, 0, 0, 0, 0, 10350001, 25781963, 10098292, 46230256, 29939770.964683533, 108551.818359375, 62139.989813, inf, 348.83720930232556, 861.4141275139291, 52468.181465, 3520.776974, 0.432151, 6150.599223, 0, 0, 0, 0, 5130001, 37125033, 4886650, 47141684, 29713984.298210144, 54055.06677246094, 79836.10183, inf, 697.6744186046511, 1403.702574355611, 75090.959441, 1686.552411, 0.094327, 3058.495651, 0, 0, 0, 0, 2550001, 52813306, 2297442, 57660749
30000, 30000, 0, 0, dp_1.000000, 30112185.89804077, 227491.6182861328, 64433.327066, inf, 173.41040462427745, 573.6419290654384, 45041.477978, 6848.171489, 1.994309, 12502.620246, 39.049578, 0.013466, 173, 0, 10350001, 31050284, 9230281, 50630566, 29916166.742004395, 103748.52600097656, 83045.696767, inf, 348.83720930232556, 1025.499105489446, 73643.547082, 3208.619059, 0.414658, 6154.953484, 38.155401, 0.007083, 86, 0, 5130001, 50438440, 4412941, 59981382, 29744529.35697937, 49219.6767578125, 92832.036406, inf, 697.6744186046511, 1538.5042376755391, 88237.37033, 1491.402752, 0.066975, 3063.636854, 39.555458, 0.004037, 43, 0, 2550001, 61340515, 2072797, 65963313
30000, 30000, 0, 0, dp_11.000000, 30080450.20452881, 195755.92477416992, 192037.61810199998, inf, 173.41040462427745, 573.6419290654384, 45041.477978, 67186.021218, 2.412704, 12502.620246, 67142.575376, 162.51058, 1903, 144557.53125, 10350001, 31050284, 153518582, 194918867, 29902018.76208496, 89600.54608154297, 145497.89791600002, inf, 348.83720930232556, 1025.499105489446, 73643.547082, 31959.058121, 0.470662, 6154.953484, 33720.779947, 19.08862, 946, 99232.4296875, 5130001, 50438440, 74226172, 129794613, 29738513.56138611, 43203.88116455078, 123212.33871200001, inf, 697.6744186046511, 1538.5042376755391, 88237.37033, 14992.759804, 0.090049, 3063.636854, 16916.08503, 2.396645, 473, 74772.671875, 2550001, 61340515, 35685158, 99575674
30000, 30000, 0, 0, dp_13.000000, 30077660.909118652, 192966.62936401367, 217395.587099, inf, 173.41040462427745, 573.6419290654384, 45041.477978, 78302.662228, 2.280085, 12502.620246, 81317.991929, 228.554633, 2249, 130176.609375, 10350001, 31050284, 181228526, 222628811, 29899919.900924683, 87501.68492126465, 157981.70754600002, inf, 348.83720930232556, 1025.499105489446, 73643.547082, 37740.569079, 0.46953, 6154.953484, 40415.164527, 27.003844, 1118, 91124.1796875, 5130001, 50438440, 88255008, 143823449, 29737034.07170105, 41724.39147949219, 129372.06584200001, inf, 697.6744186046511, 1538.5042376755391, 88237.37033, 17758.924526, 0.101951, 3063.636854, 20308.648156, 3.384025, 559, 70793.25, 2550001, 61340515, 42447940, 106338456
30000, 30000, 0, 0, dp_15.000000, 30076283.083374023, 191588.80361938477, 242853.003376, inf, 173.41040462427745, 573.6419290654384, 45041.477978, 90297.73097, 2.148179, 12502.620246, 94701.660996, 307.365007, 2595, 117741.7265625, 10350001, 31050284, 210055832, 251456117, 29898349.53703308, 85931.32102966309, 170517.207204, inf, 348.83720930232556, 1025.499105489446, 73643.547082, 43482.015093, 0.424747, 6154.953484, 47199.563949, 36.702849, 1290, 83992.0546875, 5130001, 50438440, 102283844, 157852285, 29736674.29472351, 41364.614501953125, 135606.51411800002, inf, 697.6744186046511, 1538.5042376755391, 88237.37033, 20455.164983, 0.10683, 3063.636854, 23845.709004, 4.526117, 645, 67132.921875, 2550001, 61340515, 49148268, 113038784
30000, 30000, 0, 0, dp_17.000000, 30075177.52130127, 190483.24154663086, 268454.63116600004, inf, 173.41040462427745, 573.6419290654384, 45041.477978, 102317.740623, 2.172825, 12502.620246, 108192.826843, 397.792651, 2941, 107096.109375, 10350001, 31050284, 238943026, 280343311, 29898128.89768982, 85710.68168640137, 183108.076319, inf, 348.83720930232556, 1025.499105489446, 73643.547082, 49270.371255, 0.471875, 6154.953484, 53991.058579, 47.674044, 1462, 79062.2421875, 5130001, 50438440, 116282688, 171851129, 29736011.09538269, 40701.41516113281, 141994.86306400003, inf, 697.6744186046511, 1538.5042376755391, 88237.37033, 23243.906716, 0.091561, 3063.636854, 27443.940157, 5.917446, 731, 63525.0703125, 2550001, 61340515, 55973504, 119864020
30000, 30000, 0, 0, dp_19.000000, 30073306.62121582, 188612.34146118164, 294165.374329, inf, 173.41040462427745, 573.6419290654384, 45041.477978, 114338.794119, 2.185328, 12502.620246, 121781.090646, 499.206012, 3287, 97216.8984375, 10350001, 31050284, 267770332, 309170617, 29897908.154953003, 85489.93894958496, 195731.698914, inf, 348.83720930232556, 1025.499105489446, 73643.547082, 55069.158722, 0.475471, 6154.953484, 60803.518984, 60.045171, 1634, 75293.4453125, 5130001, 50438440, 130311524, 185879965, 29735722.709518433, 40413.029296875, 148112.61093, inf, 697.6744186046511, 1538.5042376755391, 88237.37033, 25906.100319, 0.091572, 3063.636854, 30898.029503, 7.382352, 817, 60371.375, 2550001, 61340515, 62673832, 126564348
30000, 30000, 0, 0, dp_21.000000, 30072564.64376831, 187870.36401367188, 319934.742248, inf, 173.41040462427745, 573.6419290654384, 45041.477978, 126431.55261, 2.145173, 12502.620246, 135345.233366, 611.712875, 3633, 88743.84375, 10350001, 31050284, 296657526, 338057811, 29897260.85697937, 84842.64097595215, 208241.15302899998, inf, 348.83720930232556, 1025.499105489446, 73643.547082, 60847.558357, 0.466524, 6154.953484, 67520.893826, 73.733756, 1806, 71917, 5130001, 50438440, 144280376, 199848817, 29735478.847824097, 40169.16760253906, 153865.28875200002, inf, 697.6744186046511, 1538.5042376755391, 88237.37033, 28584.336944, 0.092012, 3063.636854, 33970.829863, 9.022749, 903, 57687.21484375, 2550001, 61340515, 69346341, 133236857
30000, 30000, 0, 0, dp_23.000000, 30072171.50454712, 187477.22479248047, 345611.973279, inf, 173.41040462427745, 573.6419290654384, 45041.477978, 138513.750761, 2.154862, 12502.620246, 148816.910312, 735.05912, 3979, 81032.5703125, 10350001, 31050284, 325544720, 366945005, 29897052.55937195, 84634.34336853027, 220894.989851, inf, 348.83720930232556, 1025.499105489446, 73643.547082, 66778.707305, 0.471795, 6154.953484, 74228.396944, 88.913241, 1978, 68714.2734375, 5130001, 50438440, 158369196, 213937637, 29735286.255477905, 39976.575256347656, 160198.799879, inf, 697.6744186046511, 1538.5042376755391, 88237.37033, 31336.225736, 0.104176, 3063.636854, 37550.708148, 10.754635, 989, 55171.03125, 2550001, 61340515, 76109123, 139999639
30000, 30000, 0, 0, dp_25.000000, 30071949.56375122, 187255.28399658203, 371424.592344, inf, 173.41040462427745, 573.6419290654384, 45041.477978, 150648.248686, 2.213492, 12502.620246, 162356.253292, 873.77865, 4325, 74732.390625, 10350001, 31050284, 354431914, 395832199, 29896727.10282898, 84308.88682556152, 233577.740558, inf, 348.83720930232556, 1025.499105489446, 73643.547082, 72535.984622, 0.463199, 6154.953484, 81136.872947, 105.919224, 2150, 65737, 5130001, 50438440, 172398032, 227966473, 29735286.255477905, 39976.575256347656, 166428.58560700002, inf, 697.6744186046511, 1538.5042376755391, 88237.37033, 33924.497378, 0.110166, 3063.636854, 41190.164054, 12.806825, 1075, 53044.765625, 2550001, 61340515, 82593900, 146484416
30000, 30000, 0, 0, dp_27.000000, 30071168.826080322, 186474.5463256836, 397032.10695, inf, 173.41040462427745, 573.6419290654384, 45041.477978, 162638.015923, 2.310383, 12502.620246, 175831.528159, 1016.154261, 4671, 69144.0078125, 10350001, 31050284, 383139444, 424539729, 29896548.54484558, 84130.32884216309, 245974.24874900002, inf, 348.83720930232556, 1025.499105489446, 73643.547082, 78289.433688, 0.465433, 6154.953484, 87762.432037, 123.417025, 2322, 63061.2578125, 5130001, 50438440, 186366884, 241935325, 29735168.294540405, 39858.614318847656, 172306.441363, inf, 697.6744186046511, 1538.5042376755391, 88237.37033, 36719.862813, 0.109936, 3063.636854, 44270.33316, 15.12827, 1161, 51302.6640625, 2550001, 61340515, 89440139, 153330655
30000, 30000, 0, 0, dp_29.000000, 30071100.362335205, 186406.0825805664, 422901.076113, inf, 173.41040462427745, 573.6419290654384, 45041.477978, 174766.336135, 2.17598, 12502.620246, 189414.881332, 1173.584442, 5017, 64141.26953125, 10350001, 31050284, 412026638, 453426923, 29896351.61265564, 83933.39665222168, 258654.130618, inf, 348.83720930232556, 1025.499105489446, 73643.547082, 84127.343597, 0.479258, 6154.953484, 94584.5131, 143.294097, 2494, 60464.48828125, 5130001, 50438440, 200395720, 255964161, 29735168.294540405, 39858.614318847656, 177953.735211, inf, 697.6744186046511, 1538.5042376755391, 88237.37033, 39279.530092, 0.102793, 3063.636854, 47355.681759, 17.413383, 1247, 49620.0078125, 2550001, 61340515, 96063826, 159954342
30000, 30000, 0, 0, dp_3.000000, 30096412.79434204, 211718.51458740234, 90223.496705, inf, 173.41040462427745, 573.6419290654384, 45041.477978, 18988.106344, 2.142638, 12502.620246, 13680.68043, 8.469069, 519, 253375.28125, 10350001, 31050284, 38070385, 79470670, 29911067.982299805, 98649.76629638672, 95488.836727, inf, 348.83720930232556, 1025.499105489446, 73643.547082, 8878.091291, 0.438362, 6154.953484, 6810.778931, 1.027577, 258, 158252.359375, 5130001, 50438440, 18260788, 73829229, 29742619.88859558, 47310.20837402344, 98939.733383, inf, 697.6744186046511, 1538.5042376755391, 88237.37033, 4216.673869, 0.086512, 3063.636854, 3421.806218, 0.1596, 129, 103468.484375, 2550001, 61340515, 8814761, 72705277
30000, 30000, 0, 0, dp_31.000000, 30070903.540924072, 186209.2611694336, 448666.851538, inf, 173.41040462427745, 573.6419290654384, 45041.477978, 186834.921417, 2.168166, 12502.620246, 202943.432792, 1342.230939, 5363, 59785.69921875, 10350001, 31050284, 440853944, 482254229, 29896257.346237183, 83839.13023376465, 271343.19561, inf, 348.83720930232556, 1025.499105489446, 73643.547082, 90048.423433, 0.478327, 6154.953484, 101332.516517, 163.276767, 2666, 58125.48046875, 5130001, 50438440, 214424556, 269992997, 29734571.441879272, 39261.761657714844, 184247.270972, inf, 697.6744186046511, 1538.5042376755391, 88237.37033, 42077.168109, 0.092213, 3063.636854, 50848.921397, 20.082069, 1333, 48036.8984375, 2550001, 61340515, 102826608, 166717124
30000, 30000, 0, 0, dp_33.000000, 30070460.624298096, 185766.34454345703, 474429.212441, inf, 173.41040462427745, 573.6419290654384, 45041.477978, 198909.409441, 2.183044, 12502.620246, 216452.374341, 1521.147391, 5709, 56142.9140625, 10350001, 31050284, 469531530, 510931815, 29895497.222946167, 83079.00694274902, 284182.651037, inf, 348.83720930232556, 1025.499105489446, 73643.547082, 95882.577582, 0.478146, 6154.953484, 108314.931178, 186.163565, 2838, 55866.87890625, 5130001, 50438440, 228453392, 284021833, 29734571.441879272, 39261.761657714844, 190031.94513100001, inf, 697.6744186046511, 1538.5042376755391, 88237.37033, 44709.936299, 0.108894, 3063.636854, 53998.167659, 22.725095, 1419, 46543.19140625, 2550001, 61340515, 109505933, 173396449
30000, 30000, 0, 0, dp_35.000000, 30069011.475234985, 184317.19548034668, 500395.839707, inf, 173.41040462427745, 573.6419290654384, 45041.477978, 211097.813296, 2.175139, 12502.620246, 230040.408009, 1711.345039, 6055, 52765.98828125, 10350001, 31050284, 498418724, 539819009, 29894823.4823761, 82405.26637268066, 296044.49367, inf, 348.83720930232556, 1025.499105489446, 73643.547082, 101197.671346, 0.477565, 6154.953484, 114838.705882, 209.138311, 3010, 53763.234375, 5130001, 50438440, 241942372, 297510813, 29734490.616012573, 39180.935791015625, 196463.96852900003, inf, 697.6744186046511, 1538.5042376755391, 88237.37033, 47477.519207, 0.109736, 3063.636854, 57659.808439, 25.523963, 1505, 45373.80078125, 2550001, 61340515, 116227079, 180117595
30000, 30000, 0, 0, dp_37.000000, 30069220.45387268, 184526.174118042, 526126.97195, inf, 173.41040462427745, 573.6419290654384, 45041.477978, 223271.875079, 2.168707, 12502.620246, 243392.837971, 1915.991969, 6401, 49487.0546875, 10350001, 31050284, 527305918, 568706203, 29894278.924453735, 81860.70845031738, 308703.86477100005, inf, 348.83720930232556, 1025.499105489446, 73643.547082, 107098.484014, 0.47966, 6154.953484, 121572.153041, 234.24749, 3182, 51864.109375, 5130001, 50438440, 255971208, 311539649, 29734430.322616577, 39120.64239501953, 202128.228914, inf, 697.6744186046511, 1538.5042376755391, 88237.37033, 49820.731525, 0.107722, 3063.636854, 60977.321676, 29.060807, 1591, 44376.48828125, 2550001, 61340515, 122517678, 186408194
30000, 30000, 0, 0, dp_39.000000, 30068700.58052063, 184006.3007659912, 552084.258861, inf, 173.41040462427745, 573.6419290654384, 45041.477978, 235566.686265, 2.135305, 12502.620246, 256843.770918, 2127.568149, 6747, 46272.4140625, 10350001, 31050284, 556193112, 597593397, 29894151.314193726, 81733.09819030762, 321089.573802, inf, 348.83720930232556, 1025.499105489446, 73643.547082, 112932.816996, 0.477075, 6154.953484, 128096.913295, 260.86587, 3354, 49981.265625, 5130001, 50438440, 270000044, 325568485, 29734304.771774292, 38995.091552734375, 208337.94426400002, inf, 697.6744186046511, 1538.5042376755391, 88237.37033, 52895.846324, 0.103624, 3063.636854, 64109.108551, 31.878581, 1677, 43398.5, 2550001, 61340515, 129752643, 193643159
30000, 30000, 0, 0, dp_5.000000, 30089784.35006714, 205090.0703125, 116636.808541, inf, 173.41040462427745, 573.6419290654384, 45041.477978, 31827.854562, 3.158363, 12502.620246, 27232.648887, 29.048505, 865, 206234.21875, 10350001, 31050284, 66927635, 108327920, 29908051.143554688, 95632.92755126953, 108027.57541300001, inf, 348.83720930232556, 1025.499105489446, 73643.547082, 14677.91652, 0.422332, 6154.953484, 13547.073566, 3.662429, 430, 135695.625, 5130001, 50438440, 32289624, 87858065, 29740592.929855347, 45283.24963378906, 104984.241105, inf, 697.6744186046511, 1538.5042376755391, 88237.37033, 6886.615029, 0.092394, 3063.636854, 6796.060093, 0.466405, 215, 92548.6796875, 2550001, 61340515, 15480269, 79370785
30000, 30000, 0, 0, dp_7.000000, 30086368.8939209, 201674.61416625977, 141826.454111, inf, 173.41040462427745, 573.6419290654384, 45041.477978, 42913.340907, 2.166092, 12502.620246, 41304.201267, 62.647621, 1211, 181164.8125, 10350001, 31050284, 95814829, 137215114, 29903750.033081055, 91331.81707763672, 120539.697572, inf, 348.83720930232556, 1025.499105489446, 73643.547082, 20498.38173, 0.435948, 6154.953484, 20234.933013, 7.446315, 602, 120508.671875, 5130001, 50438440, 46318460, 101886901, 29740064.11808777, 44754.43786621094, 111085.811733, inf, 697.6744186046511, 1538.5042376755391, 88237.37033, 9606.121496, 0.093676, 3063.636854, 10177.653071, 0.936306, 301, 85175.46875, 2550001, 61340515, 22243051, 86133567
30000, 30000, 0, 0, dp_9.000000, 30083281.210083008, 198586.93032836914, 166439.689405, inf, 173.41040462427745, 573.6419290654384, 45041.477978, 55076.671888, 2.71991, 12502.620246, 53711.132039, 105.067344, 1557, 161558.6875, 10350001, 31050284, 124702023, 166102308, 29902650.023254395, 90231.80725097656, 133011.41955, inf, 348.83720930232556, 1025.499105489446, 73643.547082, 26261.155199, 0.428253, 6154.953484, 26938.540354, 12.795178, 774, 109192.4453125, 5130001, 50438440, 60347296, 115915737, 29739389.987106323, 44080.306884765625, 117141.90256300001, inf, 697.6744186046511, 1538.5042376755391, 88237.37033, 12286.274649, 0.105999, 3063.636854, 13552.933506, 1.581225, 387, 79548.2109375, 2550001, 61340515, 28922376, 92812892
30000, 30000, 0, 0, fixed_reps_1, 30112185.89804077, 227491.6182861328, 64488.446225, inf, 173.41040462427745, 573.6419290654384, 45041.477978, 6889.125538, 2.048722, 12502.620246, 53.173741, 0, 173, 393629.875, 10350001, 31050284, 9230281, 50630566, 29916166.742004395, 103748.52600097656, 83034.987359, inf, 348.83720930232556, 1025.499105489446, 73643.547082, 3185.232776, 0.421791, 6154.953484, 50.832226, 0, 86, 227428.359375, 5130001, 50438440, 4412941, 59981382, 29744529.35697937, 49219.6767578125, 92847.170108, inf, 697.6744186046511, 1538.5042376755391, 88237.37033, 1493.504573, 0.092865, 3063.636854, 52.565486, 0, 43, 123786.8671875, 2550001, 61340515, 2072797, 65963313
30000, 30000, 0, 0, fixed_reps_11, 30089267.398223877, 204573.11846923828, 125115.19927600001, inf, 173.41040462427745, 573.6419290654384, 45041.477978, 67134.08499, 2.301644, 12502.620246, 434.714418, 0, 1903, 208870.078125, 10350001, 31050284, 101531361, 142931646, 29907121.306152344, 94703.09014892578, 112016.37122100001, inf, 348.83720930232556, 1025.499105489446, 73643.547082, 31788.587111, 0.477425, 6154.953484, 428.806119, 0, 946, 134120.71875, 5130001, 50438440, 48541491, 104109932, 29740010.837020874, 44701.156799316406, 106692.955969, inf, 697.6744186046511, 1538.5042376755391, 88237.37033, 14956.889293, 0.1066, 3063.636854, 434.952892, 0, 473, 90409.0546875, 2550001, 61340515, 22800337, 86690853
30000, 30000, 0, 0, fixed_reps_13, 30086651.448394775, 201957.16864013672, 137478.175764, inf, 173.41040462427745, 573.6419290654384, 45041.477978, 79416.194088, 2.294521, 12502.620246, 515.588931, 0, 2249, 194855.515625, 10350001, 31050284, 119991577, 161391862, 29906210.725585938, 93792.50958251953, 117796.31180299999, inf, 348.83720930232556, 1025.499105489446, 73643.547082, 37488.213241, 0.470993, 6154.953484, 509.127003, 0, 1118, 126374.375, 5130001, 50438440, 57367201, 112935642, 29739246.556015015, 43936.87579345703, 109412.28346499999, inf, 697.6744186046511, 1538.5042376755391, 88237.37033, 17592.286256, 0.093826, 3063.636854, 518.896199, 0, 559, 86914.40625, 2550001, 61340515, 26945845, 90836361
30000, 30000, 0, 0, fixed_reps_15, 30084397.81237793, 199703.53262329102, 149246.127614, inf, 173.41040462427745, 573.6419290654384, 45041.477978, 91107.209063, 2.305983, 12502.620246, 592.514344, 0, 2595, 184248.15625, 10350001, 31050284, 138451793, 179852078, 29904735.250701904, 92317.03469848633, 123539.773663, inf, 348.83720930232556, 1025.499105489446, 73643.547082, 43152.510722, 0.468689, 6154.953484, 588.293686, 0, 1290, 120298.1796875, 5130001, 50438440, 66192911, 121761352, 29738758.510055542, 43448.829833984375, 112074.45706, inf, 697.6744186046511, 1538.5042376755391, 88237.37033, 20180.932046, 0.092794, 3063.636854, 592.425036, 0, 645, 84339.140625, 2550001, 61340515, 31091353, 94981869
30000, 30000, 0, 0, fixed_reps_17, 30083108.852905273, 198414.57315063477, 161325.55909700002, inf, 173.41040462427745, 573.6419290654384, 45041.477978, 103106.139262, 2.303943, 12502.620246, 673.017668, 0, 2941, 173855.96875, 10350001, 31050284, 156912009, 198312294, 29904201.499542236, 91783.28353881836, 129362.066762, inf, 348.83720930232556, 1025.499105489446, 73643.547082, 48898.388637, 0.422132, 6154.953484, 664.755427, 0, 1462, 115521.578125, 5130001, 50438440, 75018621, 130587062, 29738678.228012085, 43368.547790527344, 114912.001099, inf, 697.6744186046511, 1538.5042376755391, 88237.37033, 22938.541965, 0.109736, 3063.636854, 672.342214, 0, 731, 81366.546875, 2550001, 61340515, 35236861, 99127377
30000, 30000, 0, 0, fixed_reps_19, 30082175.7991333, 197481.5193786621, 173512.85499700002, inf, 173.41040462427745, 573.6419290654384, 45041.477978, 115217.081661, 2.346411, 12502.620246, 749.328701, 0, 3287, 166007.546875, 10350001, 31050284, 175372225, 216772510, 29903135.716705322, 90717.5007019043, 135121.224688, inf, 348.83720930232556, 1025.499105489446, 73643.547082, 54579.714558, 0.466334, 6154.953484, 742.54323, 0, 1634, 111117.7421875, 5130001, 50438440, 83844331, 139412772, 29738678.228012085, 43368.547790527344, 117568.249662, inf, 697.6744186046511, 1538.5042376755391, 88237.37033, 25505.813214, 0.106139, 3063.636854, 761.323125, 0, 817, 76704.2890625, 2550001, 61340515, 39382369, 103272885
30000, 30000, 0, 0, fixed_reps_21, 30080879.088500977, 196184.8087463379, 185504.32294500002, inf, 173.41040462427745, 573.6419290654384, 45041.477978, 127129.806284, 2.290409, 12502.620246, 828.128028, 0, 3633, 158787.390625, 10350001, 31050284, 193832441, 235232726, 29902823.600372314, 90405.38436889648, 140885.382398, inf, 348.83720930232556, 1025.499105489446, 73643.547082, 60267.298143, 0.465553, 6154.953484, 819.118136, 0, 1806, 107573.03125, 5130001, 50438440, 92670041, 148238482, 29738427.83329773, 43118.153076171875, 120230.442863, inf, 697.6744186046511, 1538.5042376755391, 88237.37033, 28100.593056, 0.108995, 3063.636854, 828.733628, 0, 903, 74033.203125, 2550001, 61340515, 43527877, 107418393
30000, 30000, 0, 0, fixed_reps_23, 30080301.604736328, 195607.32498168945, 198969.88903700002, inf, 173.41040462427745, 573.6419290654384, 45041.477978, 140515.576038, 2.280088, 12502.620246, 907.934687, 0, 3979, 153429.984375, 10350001, 31050284, 212292657, 253692942, 29902333.21987915, 89915.00387573242, 146708.13905700002, inf, 348.83720930232556, 1025.499105489446, 73643.547082, 66012.698006, 0.478467, 6154.953484, 896.462018, 0, 1978, 101542.4609375, 5130001, 50438440, 101495751, 157064192, 29737957.65727234, 42647.97705078125, 123002.477837, inf, 697.6744186046511, 1538.5042376755391, 88237.37033, 30797.788445, 0.093595, 3063.636854, 903.588613, 0, 989, 72559.21875, 2550001, 61340515, 47673385, 111563901
30000, 30000, 0, 0, fixed_reps_25, 30079953.600646973, 195259.32089233398, 210014.37091499998, inf, 173.41040462427745, 573.6419290654384, 45041.477978, 151475.135964, 2.453311, 12502.620246, 992.683416, 0, 4325, 150305.109375, 10350001, 31050284, 230752873, 272153158, 29901435.52786255, 89017.31185913086, 152451.45202, inf, 348.83720930232556, 1025.499105489446, 73643.547082, 71673.636958, 0.48006, 6154.953484, 978.834436, 0, 2150, 97313.1875, 5130001, 50438440, 110321461, 165889902, 29737786.186447144, 42476.50622558594, 125773.406174, inf, 697.6744186046511, 1538.5042376755391, 88237.37033, 33484.817387, 0.108333, 3063.636854, 987.47327, 0, 1075, 71282.7265625, 2550001, 61340515, 51818893, 115709409
30000, 30000, 0, 0, fixed_reps_27, 30079346.250732422, 194651.9709777832, 221524.118176, inf, 173.41040462427745, 573.6419290654384, 45041.477978, 162911.649807, 2.309712, 12502.620246, 1066.060433, 0, 4671, 144608.234375, 10350001, 31050284, 249213089, 290613374, 29900520.383880615, 88102.16787719727, 158226.942331, inf, 348.83720930232556, 1025.499105489446, 73643.547082, 77370.889, 0.467237, 6154.953484, 1057.085528, 0, 2322, 95313.3125, 5130001, 50438440, 119147171, 174715612, 29737645.34727478, 42335.667053222656, 128516.668227, inf, 697.6744186046511, 1538.5042376755391, 88237.37033, 36127.181159, 0.09069, 3063.636854, 1088.389194, 0, 1161, 69146.171875, 2550001, 61340515, 55964401, 119854917
30000, 30000, 0, 0, fixed_reps_29, 30078960.719421387, 194266.43966674805, 234036.31693899998, inf, 173.41040462427745, 573.6419290654384, 45041.477978, 175336.012834, 2.29262, 12502.620246, 1153.913261, 0, 5017, 140599.75, 10350001, 31050284, 267673305, 309073590, 29900382.279449463, 87964.06344604492, 164027.19361800002, inf, 348.83720930232556, 1025.499105489446, 73643.547082, 83092.35536, 0.481483, 6154.953484, 1135.856209, 0, 2494, 91137.921875, 5130001, 50438440, 127972881, 183541322, 29737312.254196167, 42002.573974609375, 131184.64877300002, inf, 697.6744186046511, 1538.5042376755391, 88237.37033, 38736.414277, 0.093035, 3063.636854, 1147.134277, 0, 1247, 66867.8359375, 2550001, 61340515, 60109909, 124000425
30000, 30000, 0, 0, fixed_reps_3, 30104917.89993286, 220223.62017822266, 76474.05167599999, inf, 173.41040462427745, 573.6419290654384, 45041.477978, 18809.425842, 2.211338, 12502.620246, 118.316272, 0, 519, 321542.90625, 10350001, 31050284, 27690497, 69090782, 29913690.473205566, 101272.25720214844, 88861.88023100002, inf, 348.83720930232556, 1025.499105489446, 73643.547082, 8946.293755, 0.425327, 6154.953484, 116.660583, 0, 258, 189358.390625, 5130001, 50438440, 13238651, 68807092, 29743295.43571472, 47985.75549316406, 95607.926621, inf, 697.6744186046511, 1538.5042376755391, 88237.37033, 4190.250098, 0.09082, 3063.636854, 116.578519, 0, 129, 109136.8125, 2550001, 61340515, 6218305, 70108821
30000, 30000, 0, 0, fixed_reps_31, 30078514.44744873, 193820.1676940918, 246662.45122699998, inf, 173.41040462427745, 573.6419290654384, 45041.477978, 187893.63829, 2.257463, 12502.620246, 1222.45725, 0, 5363, 135395.21875, 10350001, 31050284, 286133521, 327533806, 29899604.78652954, 87186.57052612305, 169821.581129, inf, 348.83720930232556, 1025.499105489446, 73643.547082, 88810.059735, 0.480491, 6154.953484, 1212.540337, 0, 2666, 88691.921875, 5130001, 50438440, 136798591, 192367032, 29736937.527755737, 41627.84753417969, 133969.528067, inf, 697.6744186046511, 1538.5042376755391, 88237.37033, 41450.783268, 0.089458, 3063.636854, 1217.648157, 0, 1333, 65882.03125, 2550001, 61340515, 64255417, 128145933
30000, 30000, 0, 0, fixed_reps_33, 30077579.04272461, 192884.7629699707, 259266.71947299998, inf, 173.41040462427745, 573.6419290654384, 45041.477978, 200398.248827, 2.305504, 12502.620246, 1322.066918, 0, 5709, 132163.625, 10350001, 31050284, 304593737, 345994022, 29899491.5831604, 87073.36715698242, 175550.486707, inf, 348.83720930232556, 1025.499105489446, 73643.547082, 94460.361252, 0.475121, 6154.953484, 1291.149768, 0, 2838, 87205.4453125, 5130001, 50438440, 145624301, 201192742, 29736828.56199646, 41518.881774902344, 136717.51429100003, inf, 697.6744186046511, 1538.5042376755391, 88237.37033, 44115.435252, 0.110527, 3063.636854, 1300.961328, 0, 1419, 65121.015625, 2550001, 61340515, 68400925, 132291441
30000, 30000, 0, 0, fixed_reps_35, 30077171.86694336, 192477.5871887207, 270377.49004099995, inf, 173.41040462427745, 573.6419290654384, 45041.477978, 211451.452952, 2.173325, 12502.620246, 1379.76554, 0, 6055, 127747.2734375, 10350001, 31050284, 323053953, 364454238, 29899367.78781128, 86949.57180786133, 181346.16583399998, inf, 348.83720930232556, 1025.499105489446, 73643.547082, 100175.855837, 0.483136, 6154.953484, 1371.326295, 0, 3010, 85640.0546875, 5130001, 50438440, 154450011, 210018452, 29736548.198898315, 41238.51867675781, 139537.192086, inf, 697.6744186046511, 1538.5042376755391, 88237.37033, 46820.886665, 0.090129, 3063.636854, 1415.208108, 0, 1505, 64189.51953125, 2550001, 61340515, 72546433, 136436949
30000, 30000, 0, 0, fixed_reps_37, 30076292.102661133, 191597.82290649414, 282326.139489, inf, 173.41040462427745, 573.6419290654384, 45041.477978, 223316.682953, 2.171603, 12502.620246, 1463.186709, 0, 6401, 125697.7578125, 10350001, 31050284, 341514169, 382914454, 29898738.38735962, 86320.17135620117, 187086.968717, inf, 348.83720930232556, 1025.499105489446, 73643.547082, 105841.658476, 0.483276, 6154.953484, 1446.326399, 0, 3182, 83446.34375, 5130001, 50438440, 163275721, 218844162, 29736475.67704773, 41165.996826171875, 142235.309052, inf, 697.6744186046511, 1538.5042376755391, 88237.37033, 49450.374388, 0.089187, 3063.636854, 1483.838293, 0, 1591, 61787.78515625, 2550001, 61340515, 76691941, 140582457
30000, 30000, 0, 0, fixed_reps_39, 30075639.243164062, 190944.96340942383, 294620.99377, inf, 173.41040462427745, 573.6419290654384, 45041.477978, 235542.574364, 2.158036, 12502.620246, 1532.163146, 0, 6747, 120788.546875, 10350001, 31050284, 359974385, 401374670, 29898225.974822998, 85807.75881958008, 192835.889978, inf, 348.83720930232556, 1025.499105489446, 73643.547082, 111515.705469, 0.472937, 6154.953484, 1521.211006, 0, 3354, 79006.90625, 5130001, 50438440, 172101431, 227669872, 29735913.3513031, 40603.67108154297, 144946.52289700002, inf, 697.6744186046511, 1538.5042376755391, 88237.37033, 52095.539296, 0.092213, 3063.636854, 1549.884204, 0, 1677, 60990.90234375, 2550001, 61340515, 80837449, 144727965
30000, 30000, 0, 0, fixed_reps_41, 30075267.170532227, 190572.8907775879, 306962.037956, inf, 173.41040462427745, 573.6419290654384, 45041.477978, 247805.854231, 2.156924, 12502.620246, 1609.928577, 0, 7093, 117679.8203125, 10350001, 31050284, 378434601, 419834886, 29897676.31491089, 85258.0989074707, 198749.392166, inf, 348.83720930232556, 1025.499105489446, 73643.547082, 117349.930073, 0.471344, 6154.953484, 1600.490183, 0, 3526, 76821.3203125, 5130001, 50438440, 180927141, 236495582, 29735861.326644897, 40551.646423339844, 147718.369649, inf, 697.6744186046511, 1538.5042376755391, 88237.37033, 54791.843419, 0.093576, 3063.636854, 1625.42547, 0, 1763, 60113.8984375, 2550001, 61340515, 84982957, 148873473
30000, 30000, 0, 0, fixed_reps_5, 30099073.51712036, 214379.23736572266, 88752.669401, inf, 173.41040462427745, 573.6419290654384, 45041.477978, 31009.869137, 2.278381, 12502.620246, 196.423659, 0, 865, 287134.8125, 10350001, 31050284, 46150713, 87550998, 29910938.31402588, 98520.09802246094, 94640.62550400001, inf, 348.83720930232556, 1025.499105489446, 73643.547082, 14646.212614, 0.465924, 6154.953484, 195.4464, 0, 430, 167070.203125, 5130001, 50438440, 22064361, 77632802, 29741696.54386902, 46386.86364746094, 98403.32643300001, inf, 697.6744186046511, 1538.5042376755391, 88237.37033, 6903.622273, 0.093355, 3063.636854, 198.603621, 0, 215, 103028.546875, 2550001, 61340515, 10363813, 74254329
30000, 30000, 0, 0, fixed_reps_7, 30094243.13583374, 209548.85607910156, 100933.414268, inf, 173.41040462427745, 573.6419290654384, 45041.477978, 43110.599245, 2.272501, 12502.620246, 276.444298, 0, 1211, 247218.875, 10350001, 31050284, 64610929, 106011214, 29909159.54699707, 96741.33099365234, 100448.44290499999, inf, 348.83720930232556, 1025.499105489446, 73643.547082, 20375.873128, 0.442921, 6154.953484, 273.62629, 0, 602, 155444.21875, 5130001, 50438440, 30890071, 86458512, 29741463.48149109, 46153.80126953125, 101146.04612200001, inf, 697.6744186046511, 1538.5042376755391, 88237.37033, 9567.312139, 0.092864, 3063.636854, 277.633935, 0, 301, 98369.5234375, 2550001, 61340515, 14509321, 78399837
30000, 30000, 0, 0, fixed_reps_9, 30091775.59347534, 207081.31372070312, 112856.386988, inf, 173.41040462427745, 573.6419290654384, 45041.477978, 54954.077241, 2.274709, 12502.620246, 355.936814, 0, 1557, 225869.859375, 10350001, 31050284, 83071145, 124471430, 29908572.27862549, 96154.06262207031, 106207.816879, inf, 348.83720930232556, 1025.499105489446, 73643.547082, 26055.635668, 0.420037, 6154.953484, 353.260608, 0, 774, 143700.34375, 5130001, 50438440, 39715781, 95284222, 29741451.373336792, 46141.693115234375, 103839.868836, inf, 697.6744186046511, 1538.5042376755391, 88237.37033, 12181.283076, 0.091753, 3063.636854, 357.486823, 0, 387, 94361.8359375, 2550001, 61340515, 18654829, 82545345
30000, 30000, 0, 0, greedy_1.000000, 30112185.89804077, 227491.6182861328, 64376.237763000005, inf, 173.41040462427745, 573.6419290654384, 45041.477978, 6790.915454, 2.163817, 12502.620246, 39.049578, 0.01069, 173, 393629.875, 10350001, 31050284, 9230281, 50630566, 29916166.742004395, 103748.52600097656, 83053.425851, inf, 348.83720930232556, 1025.499105489446, 73643.547082, 3216.321433, 0.443612, 6154.953484, 38.155401, 0.004839, 86, 227428.359375, 5130001, 50438440, 4412941, 59981382, 29744529.35697937, 49219.6767578125, 92836.216042, inf, 697.6744186046511, 1538.5042376755391, 88237.37033, 1495.561598, 0.088596, 3063.636854, 39.555458, 0.003206, 43, 123786.8671875, 2550001, 61340515, 2072797, 65963313
30000, 30000, 0, 0, greedy_11.000000, 30083399.095062256, 198704.8153076172, 191497.084825, inf, 173.41040462427745, 573.6419290654384, 45041.477978, 66807.653003, 2.305844, 12502.620246, 67142.575376, 0.452378, 1903, 178484.296875, 10350001, 31050284, 153088619, 194488904, 29903148.627044678, 90730.41104125977, 145374.61799, inf, 348.83720930232556, 1025.499105489446, 73643.547082, 31854.716041, 0.470122, 6154.953484, 33720.779947, 0.151314, 946, 122587.1484375, 5130001, 50438440, 74196180, 129764621, 29739520.60044861, 44210.92022705078, 122795.717666, inf, 697.6744186046511, 1538.5042376755391, 88237.37033, 14578.488345, 0.090269, 3063.636854, 16916.08503, 0.046838, 473, 86302.1328125, 2550001, 61340515, 35032059, 98922575
30000, 30000, 0, 0, greedy_13.000000, 30081273.923553467, 196579.64379882812, 217347.177591, inf, 173.41040462427745, 573.6419290654384, 45041.477978, 78482.196356, 2.167545, 12502.620246, 81317.991929, 0.723537, 2249, 168036.28125, 10350001, 31050284, 181280210, 222680495, 29902536.41531372, 90118.19931030273, 157846.88996200002, inf, 348.83720930232556, 1025.499105489446, 73643.547082, 37632.567946, 0.46898, 6154.953484, 40415.164527, 0.187943, 1118, 113021.953125, 5130001, 50438440, 88225016, 143793457, 29739177.234970093, 43867.554748535156, 128965.6142, inf, 697.6744186046511, 1538.5042376755391, 88237.37033, 17355.783161, 0.098204, 3063.636854, 20308.648156, 0.077495, 559, 84454.1796875, 2550001, 61340515, 41794841, 105685357
30000, 30000, 0, 0, greedy_15.000000, 30079731.256378174, 195036.97662353516, 242618.528748, inf, 173.41040462427745, 573.6419290654384, 45041.477978, 90370.004572, 2.146556, 12502.620246, 94701.660996, 0.6184, 2595, 151505.75, 10350001, 31050284, 210167404, 251567689, 29902134.623931885, 89716.4079284668, 170408.42618900002, inf, 348.83720930232556, 1025.499105489446, 73643.547082, 43409.669888, 0.478226, 6154.953484, 47199.563949, 0.21356, 1290, 107666.3125, 5130001, 50438440, 102253852, 157822293, 29738824.178878784, 43514.49865722656, 135248.56693000003, inf, 697.6744186046511, 1538.5042376755391, 88237.37033, 20101.67928, 0.087995, 3063.636854, 23845.709004, 0.083467, 645, 78975.2109375, 2550001, 61340515, 48557623, 112448139
30000, 30000, 0, 0, greedy_17.000000, 30078920.82522583, 194226.5454711914, 268074.697653, inf, 173.41040462427745, 573.6419290654384, 45041.477978, 102334.870644, 2.210466, 12502.620246, 108192.826843, 0.691476, 2941, 140434.875, 10350001, 31050284, 239054598, 280454883, 29900686.71736145, 88268.50135803223, 182966.168959, inf, 348.83720930232556, 1025.499105489446, 73643.547082, 49175.934667, 0.46358, 6154.953484, 53991.058579, 0.211567, 1462, 97867.765625, 5130001, 50438440, 116282688, 171851129, 29738460.027877808, 43150.34765625, 141510.72098900002, inf, 697.6744186046511, 1538.5042376755391, 88237.37033, 22765.615662, 0.091882, 3063.636854, 27443.940157, 0.066104, 731, 75500.5, 2550001, 61340515, 55320405, 119210921
30000, 30000, 0, 0, greedy_19.000000, 30077551.941558838, 192857.66180419922, 293399.502745, inf, 173.41040462427745, 573.6419290654384, 45041.477978, 114071.247694, 2.303861, 12502.620246, 121781.090646, 0.76232, 3287, 129674.375, 10350001, 31050284, 267470892, 308871177, 29900562.136917114, 88143.92091369629, 195579.86285, inf, 348.83720930232556, 1025.499105489446, 73643.547082, 54977.147055, 0.457778, 6154.953484, 60803.518984, 0.238467, 1634, 95977.578125, 5130001, 50438440, 130311524, 185879965, 29737545.00376892, 42235.32354736328, 147375.521991, inf, 697.6744186046511, 1538.5042376755391, 88237.37033, 25176.308782, 0.108564, 3063.636854, 30898.029503, 0.067958, 817, 72231.5703125, 2550001, 61340515, 61625191, 125515707
30000, 30000, 0, 0, greedy_21.000000, 30076800.34854126, 192106.0687866211, 318513.85040900006, inf, 173.41040462427745, 573.6419290654384, 45041.477978, 125621.334226, 2.130826, 12502.620246, 135345.233366, 1.053767, 3633, 119689.7734375, 10350001, 31050284, 295639430, 337039715, 29899260.772781372, 86842.5567779541, 207673.36784799997, inf, 348.83720930232556, 1025.499105489446, 73643.547082, 60353.227558, 0.487003, 6154.953484, 67520.893826, 0.258895, 1806, 88886.6796875, 5130001, 50438440, 143740520, 199308961, 29736973.507980347, 41663.82775878906, 153226.163403, inf, 697.6744186046511, 1538.5042376755391, 88237.37033, 27954.12044, 0.107512, 3063.636854, 33970.829863, 0.098404, 903, 69296.984375, 2550001, 61340515, 68387973, 132278489
30000, 30000, 0, 0, greedy_23.000000, 30075237.829345703, 190543.54959106445, 344056.684523, inf, 173.41040462427745, 573.6419290654384, 45041.477978, 137692.485592, 2.188395, 12502.620246, 148816.910312, 1.002, 3979, 114603.28125, 10350001, 31050284, 324526624, 365926909, 29898300.26753235, 85882.05152893066, 220031.97971099996, inf, 348.83720930232556, 1025.499105489446, 73643.547082, 66004.316785, 0.475101, 6154.953484, 74228.396944, 0.290315, 1978, 84964.5, 5130001, 50438440, 157559412, 213127853, 29736112.313705444, 40802.63348388672, 159503.675901, inf, 697.6744186046511, 1538.5042376755391, 88237.37033, 30651.755114, 0.091141, 3063.636854, 37550.708148, 0.114314, 989, 66931.3046875, 2550001, 61340515, 75150755, 139041271
30000, 30000, 0, 0, greedy_25.000000, 30074061.04852295, 189366.76876831055, 369635.258192, inf, 173.41040462427745, 573.6419290654384, 45041.477978, 149731.71002, 2.161484, 12502.620246, 162356.253292, 1.035172, 4325, 104460.2578125, 10350001, 31050284, 353413818, 394814103, 29897524.88154602, 85106.66554260254, 232753.248858, inf, 348.83720930232556, 1025.499105489446, 73643.547082, 71817.066078, 0.485851, 6154.953484, 81136.872947, 0.323416, 2150, 81973.734375, 5130001, 50438440, 171588248, 227156689, 29735841.10948181, 40531.429260253906, 165571.01228000002, inf, 697.6744186046511, 1538.5042376755391, 88237.37033, 33079.615218, 0.092624, 3063.636854, 41190.164054, 0.1332, 1075, 64594.578125, 2550001, 61340515, 81330633, 145221149
30000, 30000, 0, 0, greedy_27.000000, 30072939.267822266, 188244.98806762695, 395179.13396699994, inf, 173.41040462427745, 573.6419290654384, 45041.477978, 161800.290781, 2.140043, 12502.620246, 175831.528159, 1.07676, 4671, 96809.5078125, 10350001, 31050284, 382301012, 423701297, 29897009.148513794, 84590.93251037598, 245171.87486300003, inf, 348.83720930232556, 1025.499105489446, 73643.547082, 77610.126801, 0.480301, 6154.953484, 87762.432037, 0.335158, 2322, 77552.8046875, 5130001, 50438440, 185617084, 241185525, 29735491.95262146, 40182.272399902344, 171360.871678, inf, 697.6744186046511, 1538.5042376755391, 88237.37033, 35789.298307, 0.093115, 3063.636854, 44270.33316, 0.139912, 1161, 60087.28125, 2550001, 61340515, 88093415, 151983931
30000, 30000, 0, 0, greedy_29.000000, 30071604.583740234, 186910.3039855957, 420938.285217, inf, 173.41040462427745, 573.6419290654384, 45041.477978, 173975.986757, 2.148509, 12502.620246, 189414.881332, 1.170395, 5017, 90390.3984375, 10350001, 31050284, 411188206, 452588491, 29896721.272598267, 84303.05659484863, 257798.492675, inf, 348.83720930232556, 1025.499105489446, 73643.547082, 83414.651187, 0.47446, 6154.953484, 94584.5131, 0.353362, 2494, 76472.28125, 5130001, 50438440, 199645920, 255214361, 29735366.936691284, 40057.25646972656, 177134.623049, inf, 697.6744186046511, 1538.5042376755391, 88237.37033, 38477.698875, 0.098084, 3063.636854, 47355.681759, 0.137147, 1247, 58024.625, 2550001, 61340515, 94856197, 158746713
30000, 30000, 0, 0, greedy_3.000000, 30100469.509246826, 215775.2294921875, 90111.441831, inf, 173.41040462427745, 573.6419290654384, 45041.477978, 18884.444428, 2.110727, 12502.620246, 13680.68043, 0.108022, 519, 289092.53125, 10350001, 31050284, 38040441, 79440726, 29912419.629577637, 100001.41357421875, 95520.431833, inf, 348.83720930232556, 1025.499105489446, 73643.547082, 8910.688436, 0.425057, 6154.953484, 6810.778931, 0.038843, 258, 175912.625, 5130001, 50438440, 18260788, 73829229, 29742788.43321228, 47478.752990722656, 98899.26433199999, inf, 697.6744186046511, 1538.5042376755391, 88237.37033, 4176.344892, 0.088906, 3063.636854, 3421.806218, 0.017132, 129, 107155.1484375, 2550001, 61340515, 8759123, 72649639
30000, 30000, 0, 0, greedy_31.000000, 30070687.113342285, 185992.83358764648, 446617.102924, inf, 173.41040462427745, 573.6419290654384, 45041.477978, 186126.137708, 2.188965, 12502.620246, 202943.432792, 1.245235, 5363, 83048.1328125, 10350001, 31050284, 440075400, 481475685, 29896553.515579224, 84135.29957580566, 270494.304135, inf, 348.83720930232556, 1025.499105489446, 73643.547082, 89362.429184, 0.477465, 6154.953484, 101332.516517, 0.380403, 2666, 73811.921875, 5130001, 50438440, 213674756, 269243197, 29735350.549362183, 40040.869140625, 183329.987977, inf, 697.6744186046511, 1538.5042376755391, 88237.37033, 41179.815829, 0.109466, 3063.636854, 50848.921397, 0.134101, 1333, 57142.4296875, 2550001, 61340515, 101618979, 165509495
30000, 30000, 0, 0, greedy_33.000000, 30070433.672912598, 185739.39315795898, 472306.83766, inf, 173.41040462427745, 573.6419290654384, 45041.477978, 198306.88571, 2.185648, 12502.620246, 216452.374341, 1.293737, 5709, 76311.9609375, 10350001, 31050284, 468932650, 510332935, 29895891.22492981, 83473.0089263916, 283222.244299, inf, 348.83720930232556, 1025.499105489446, 73643.547082, 95107.927987, 0.480831, 6154.953484, 108314.931178, 0.403737, 2838, 72563.6171875, 5130001, 50438440, 227703592, 283272033, 29735350.549362183, 40040.869140625, 189373.06317100002, inf, 697.6744186046511, 1538.5042376755391, 88237.37033, 44073.64423, 0.110728, 3063.636854, 53998.167659, 0.13337, 1419, 56437.98828125, 2550001, 61340515, 108381761, 172272277
30000, 30000, 0, 0, greedy_35.000000, 30070416.36859131, 185722.08883666992, 497988.1792100001, inf, 173.41040462427745, 573.6419290654384, 45041.477978, 210400.156844, 2.167915, 12502.620246, 230040.408009, 1.348218, 6055, 71181.375, 10350001, 31050284, 497819844, 539220129, 29895823.128311157, 83404.91230773926, 295617.824845, inf, 348.83720930232556, 1025.499105489446, 73643.547082, 100979.740761, 0.470573, 6154.953484, 114838.705882, 0.407063, 3010, 69604.875, 5130001, 50438440, 241732428, 297300869, 29735350.549362183, 40040.869140625, 195471.542044, inf, 697.6744186046511, 1538.5042376755391, 88237.37033, 46510.473006, 0.093866, 3063.636854, 57659.808439, 0.159549, 1505, 55841.01171875, 2550001, 61340515, 114949810, 178840326
30000, 30000, 0, 0, greedy_37.000000, 30070187.288269043, 185493.0085144043, 523498.407112, inf, 173.41040462427745, 573.6419290654384, 45041.477978, 222557.813879, 2.171332, 12502.620246, 243392.837971, 1.485706, 6401, 67302.515625, 10350001, 31050284, 526707038, 568107323, 29895429.075881958, 83010.85987854004, 308087.44644200004, inf, 348.83720930232556, 1025.499105489446, 73643.547082, 106715.895201, 0.473929, 6154.953484, 121572.153041, 0.423705, 3182, 68671.71875, 5130001, 50438440, 255611304, 311179745, 29734650.3132782, 39340.633056640625, 201564.10414900002, inf, 697.6744186046511, 1538.5042376755391, 88237.37033, 49285.521534, 0.109675, 3063.636854, 60977.321676, 0.14408, 1591, 55089.0625, 2550001, 61340515, 121712592, 185603108
30000, 30000, 0, 0, greedy_39.000000, 30070105.503234863, 185411.2234802246, 549183.7744310001, inf, 173.41040462427745, 573.6419290654384, 45041.477978, 234792.197806, 2.184126, 12502.620246, 256843.770918, 1.523357, 6747, 63633.5703125, 10350001, 31050284, 555594232, 596994517, 29895098.240737915, 82680.02473449707, 320419.090104, inf, 348.83720930232556, 1025.499105489446, 73643.547082, 112522.750586, 0.467026, 6154.953484, 128096.913295, 0.458631, 3354, 65411.515625, 5130001, 50438440, 269640140, 325208581, 29734493.970565796, 39184.29034423828, 207439.655848, inf, 697.6744186046511, 1538.5042376755391, 88237.37033, 52029.273693, 0.110898, 3063.636854, 64109.108551, 0.155522, 1677, 53062.40625, 2550001, 61340515, 128475374, 192365890
30000, 30000, 0, 0, greedy_5.000000, 30093983.481048584, 209289.2012939453, 115756.99293200001, inf, 173.41040462427745, 573.6419290654384, 45041.477978, 30977.81932, 2.197601, 12502.620246, 27232.648887, 0.2289, 865, 238876.359375, 10350001, 31050284, 66690134, 108090419, 29908579.659240723, 96161.44323730469, 108021.91041800001, inf, 348.83720930232556, 1025.499105489446, 73643.547082, 14675.798588, 0.476543, 6154.953484, 13547.073566, 0.061155, 430, 152458.078125, 5130001, 50438440, 32289624, 87858065, 29741500.662399292, 46190.982177734375, 104912.077196, inf, 697.6744186046511, 1538.5042376755391, 88237.37033, 6814.896587, 0.087524, 3063.636854, 6796.060093, 0.025808, 215, 101735.9921875, 2550001, 61340515, 15382810, 79273326
30000, 30000, 0, 0, greedy_7.000000, 30088419.946014404, 203725.66625976562, 141920.85810399998, inf, 173.41040462427745, 573.6419290654384, 45041.477978, 43069.902954, 2.249147, 12502.620246, 41304.201267, 0.406512, 1211, 212415.078125, 10350001, 31050284, 95374119, 136774404, 29906932.650878906, 94514.43487548828, 120479.964502, inf, 348.83720930232556, 1025.499105489446, 73643.547082, 20445.968759, 0.472596, 6154.953484, 20234.933013, 0.089568, 602, 138187.765625, 5130001, 50438440, 46318460, 101886901, 29740320.541427612, 45010.86120605469, 110917.971786, inf, 697.6744186046511, 1538.5042376755391, 88237.37033, 9439.15611, 0.089137, 3063.636854, 10177.653071, 0.066284, 301, 94866.296875, 2550001, 61340515, 21958230, 85848746
30000, 30000, 0, 0, greedy_9.000000, 30086108.09536743, 201413.81561279297, 165995.12987, inf, 173.41040462427745, 573.6419290654384, 45041.477978, 54737.331732, 2.200977, 12502.620246, 53711.132039, 0.366898, 1557, 196015.421875, 10350001, 31050284, 124261313, 165661598, 29905247.583374023, 92829.36737060547, 132850.149698, inf, 348.83720930232556, 1025.499105489446, 73643.547082, 26112.519613, 0.476474, 6154.953484, 26938.540354, 0.112691, 774, 128592.21875, 5130001, 50438440, 60167344, 115735785, 29740004.956222534, 44695.27600097656, 116735.220136, inf, 697.6744186046511, 1538.5042376755391, 88237.37033, 11881.152478, 0.088796, 3063.636854, 13552.933506, 0.038172, 387, 91987.375, 2550001, 61340515, 28310913, 92201429
30000, 30000, 0, 0, opt, 30065651.605514526, 180957.3257598877, 527580.182179, inf, 173.41040462427745, 573.6419290654384, 45041.477978, 470033.889889, 2.194066, 12502.620246, 0, 0, 0, 0, 10350001, 31050284, 705031480, 746431765, 29889328.502212524, 76910.28620910645, 510114.774375, inf, 348.83720930232556, 1025.499105489446, 73643.547082, 430315.809548, 0.464261, 6154.953484, 0, 0, 0, 0, 5130001, 50438440, 646957432, 702525873, 29728866.216018677, 33556.53579711914, 477284.11636499997, inf, 697.6744186046511, 1538.5042376755391, 88237.37033, 385983.008402, 0.100779, 3063.636854, 0, 0, 0, 0, 2550001, 61340515, 579135942, 643026458
30000, 30000, 0, 0, plus_edge, 30102744.378814697, 218050.0990600586, 64785.630025000006, inf, 173.41040462427745, 573.6419290654384, 45041.477978, 7239.303975, 2.227826, 12502.620246, 0, 0, 0, 0, 10350001, 31050284, 9229692, 50629977, 29911788.275268555, 99370.05926513672, 83085.99036400001, inf, 348.83720930232556, 1025.499105489446, 73643.547082, 3287.023614, 0.466184, 6154.953484, 0, 0, 0, 0, 5130001, 50438440, 4390080, 59958521, 29742442.532577515, 47132.85235595703, 92790.583323, inf, 697.6744186046511, 1538.5042376755391, 88237.37033, 1489.485268, 0.090871, 3063.636854, 0, 0, 0, 0, 2550001, 61340515, 2044518, 65935034
30000, 30000, 0, 0, simple, 30112185.89804077, 227491.6182861328, 64567.721111, inf, 173.41040462427745, 573.6419290654384, 45041.477978, 7021.223009, 2.399878, 12502.620246, 0, 0, 0, 0, 10350001, 31050284, 9200108, 50600393, 29916166.742004395, 103748.52600097656, 83079.920782, inf, 348.83720930232556, 1025.499105489446, 73643.547082, 3280.997223, 0.422993, 6154.953484, 0, 0, 0, 0, 5130001, 50438440, 4382855, 59951296, 29744529.35697937, 49219.6767578125, 92791.52925600001, inf, 697.6744186046511, 1538.5042376755391, 88237.37033, 1490.429208, 0.092864, 3063.636854, 0, 0, 0, 0, 2550001, 61340515, 2042754, 65933270
30000, 30000, 0, 0, dp_1.000000, 30027587.37664032, 226662.04608154297, 75792.72355499999, inf, 173.41040462427745, 650.708284006284, 56561.198286, 6657.127342, 1.991154, 12533.19484, 39.201734, 0.010199, 173, 0, 10350001, 39212096, 9107473, 58669570, 29771925.192222595, 110802.37606811523, 98326.24154000002, inf, 348.83720930232556, 1153.0540020479193, 89016.491248, 3112.473694, 0.417834, 6159.355893, 37.495828, 0.007043, 86, 0, 5130001, 62387500, 4353441, 71870942, 29604711.172538757, 53740.98419189453, 114381.296644, inf, 697.6744186046511, 1753.4418475106056, 109763.821017, 1516.156921, 0.078989, 3064.498406, 36.737865, 0.003446, 43, 0, 2550001, 76553120, 2127103, 81230224
30000, 30000, 0, 0, dp_11.000000, 29993643.926445007, 192718.59588623047, 203551.904697, inf, 173.41040462427745, 650.708284006284, 56561.198286, 65978.868526, 2.16475, 12533.19484, 68313.67285, 162.805445, 1903, 137436.953125, 10350001, 39212096, 151319910, 200882007, 29752998.234214783, 91875.41806030273, 160031.237754, inf, 348.83720930232556, 1153.0540020479193, 89016.491248, 31248.862412, 0.466475, 6159.355893, 33586.761117, 19.300609, 946, 97333.234375, 5130001, 62387500, 73411626, 140929127, 29596319.91832733, 45349.72998046875, 145221.221935, inf, 697.6744186046511, 1753.4418475106056, 109763.821017, 15420.095603, 0.090169, 3064.498406, 16970.319785, 2.396955, 473, 61260.91796875, 2550001, 76553120, 36387077, 115490198
30000, 30000, 0, 0, dp_13.000000, 29992123.512016296, 191198.18145751953, 228903.708271, inf, 173.41040462427745, 650.708284006284, 56561.198286, 77709.841878, 1.981886, 12533.19484, 81864.185627, 233.305754, 2249, 122956.4765625, 10350001, 39212096, 179960060, 229522157, 29751797.34853363, 90674.53237915039, 172444.41024100003, inf, 348.83720930232556, 1153.0540020479193, 89016.491248, 36943.095104, 0.47471, 6159.355893, 40297.678958, 27.314328, 1118, 90274.375, 5130001, 62387500, 87320062, 154837563, 29595338.07421112, 44367.88586425781, 151292.332303, inf, 697.6744186046511, 1753.4418475106056, 109763.821017, 18183.777284, 0.097423, 3064.498406, 20276.7024, 3.435773, 559, 57277.4375, 2550001, 76553120, 43231059, 122334180
30000, 30000, 0, 0, dp_15.000000, 29990800.436088562, 189875.10552978516, 253895.170928, inf, 173.41040462427745, 650.708284006284, 56561.198286, 89518.970268, 2.174558, 12533.19484, 94971.846209, 307.786767, 2595, 111080.46875, 10350001, 39212096, 208540296, 258102393, 29750605.668052673, 89482.85189819336, 184893.511592, inf, 348.83720930232556, 1153.0540020479193, 89016.491248, 42678.539205, 0.464361, 6159.355893, 47002.022843, 36.638042, 1290, 83567.2265625, 5130001, 62387500, 101228498, 168745999, 29594543.09551239, 43572.907165527344, 157541.539211, inf, 697.6744186046511, 1753.4418475106056, 109763.821017, 21021.454723, 0.092844, 3064.498406, 23686.985662, 4.686559, 645, 53612.6484375, 2550001, 76553120, 50135037, 129238158
30000, 30000, 0, 0, dp_17.000000, 29989777.39806366, 188852.0675048828, 279139.518775, inf, 173.41040462427745, 650.708284006284, 56561.198286, 101158.728819, 2.121589, 12533.19484, 108485.464531, 398.81071, 2941, 101258.5546875, 10350001, 39212096, 237000704, 286562801, 29749625.80141449, 88502.98526000977, 197510.282359, inf, 348.83720930232556, 1153.0540020479193, 89016.491248, 48385.918356, 0.474069, 6159.355893, 53900.455331, 47.587462, 1462, 77289.96875, 5130001, 62387500, 115136934, 182654435, 29594372.5958786, 43402.40753173828, 163844.619989, inf, 697.6744186046511, 1753.4418475106056, 109763.821017, 23842.695745, 0.11196, 3064.498406, 27167.661205, 5.831656, 731, 50737.640625, 2550001, 76553120, 57009017, 136112138
30000, 30000, 0, 0, dp_19.000000, 29988725.305351257, 187799.97479248047, 304480.735123, inf, 173.41040462427745, 650.708284006284, 56561.198286, 113185.20764, 2.161083, 12533.19484, 121699.815134, 499.15814, 3287, 92532.765625, 10350001, 39212096, 265640854, 315202951, 29748797.80391693, 87674.98776245117, 209814.49805, inf, 348.83720930232556, 1153.0540020479193, 89016.491248, 54088.948495, 0.488817, 6159.355893, 60489.415297, 59.7983, 1634, 71790.3828125, 5130001, 62387500, 129045370, 196562871, 29593983.533561707, 43013.34521484375, 169962.01092499998, inf, 697.6744186046511, 1753.4418475106056, 109763.821017, 26585.048289, 0.09042, 3064.498406, 30541.155392, 7.397401, 817, 48279.59765625, 2550001, 76553120, 63793003, 142896124
30000, 30000, 0, 0, dp_21.000000, 29988062.975151062, 187137.64459228516, 329930.879428, inf, 173.41040462427745, 650.708284006284, 56561.198286, 125050.703562, 2.232066, 12533.19484, 135171.122294, 612.42838, 3633, 84621.1640625, 10350001, 39212096, 294281004, 343843101, 29748574.000816345, 87451.18466186523, 222346.46703600002, inf, 348.83720930232556, 1153.0540020479193, 89016.491248, 59841.906289, 0.470061, 6159.355893, 67254.551031, 73.692514, 1806, 66837.1875, 5130001, 62387500, 142953806, 210471307, 29593665.74144745, 42695.55310058594, 176103.475695, inf, 697.6744186046511, 1753.4418475106056, 109763.821017, 29400.514911, 0.10665, 3064.498406, 33865.563199, 8.971512, 903, 46191.95703125, 2550001, 76553120, 70666983, 149770104
30000, 30000, 0, 0, dp_23.000000, 29986605.941215515, 185680.61065673828, 355829.480522, inf, 173.41040462427745, 650.708284006284, 56561.198286, 137046.65137, 2.171793, 12533.19484, 148950.862681, 735.401552, 3979, 77127.515625, 10350001, 39212096, 322921154, 372483251, 29747195.099510193, 86072.28335571289, 234757.42071500001, inf, 348.83720930232556, 1153.0540020479193, 89016.491248, 65601.332188, 0.455334, 6159.355893, 73890.670382, 89.11567, 1978, 62095.015625, 5130001, 62387500, 156862242, 224379743, 29593248.099723816, 42277.911376953125, 182217.376543, inf, 697.6744186046511, 1753.4418475106056, 109763.821017, 32223.282568, 0.107592, 3064.498406, 37154.841471, 10.825489, 989, 44233.359375, 2550001, 76553120, 77540963, 156644084
30000, 30000, 0, 0, dp_25.000000, 29985238.300468445, 184312.96990966797, 381141.458941, inf, 173.41040462427745, 650.708284006284, 56561.198286, 148991.845214, 2.377439, 12533.19484, 162179.395296, 873.447866, 4325, 70118.578125, 10350001, 39212096, 351411519, 400973616, 29746294.86782074, 85172.05166625977, 247546.958414, inf, 348.83720930232556, 1153.0540020479193, 89016.491248, 71290.275535, 0.459011, 6159.355893, 80974.260941, 106.115786, 2150, 57905.80078125, 5130001, 62387500, 170770678, 238288179, 29593165.1996994, 42195.01135253906, 188127.518308, inf, 697.6744186046511, 1753.4418475106056, 109763.821017, 34884.824838, 0.112952, 3064.498406, 40401.35752, 12.903575, 1075, 42306.859375, 2550001, 76553120, 84204957, 163308078
30000, 30000, 0, 0, dp_27.000000, 29984654.59966278, 183729.2691040039, 406544.67297, inf, 173.41040462427745, 650.708284006284, 56561.198286, 160773.143731, 2.181992, 12533.19484, 175658.151304, 1016.802817, 4671, 63917.609375, 10350001, 39212096, 380051669, 429613766, 29745933.594810486, 84810.77865600586, 259863.61952500002, inf, 348.83720930232556, 1153.0540020479193, 89016.491248, 77019.617215, 0.465944, 6159.355893, 87543.895686, 123.793539, 2322, 54099.5078125, 5130001, 62387500, 184679114, 252196615, 29592525.67162323, 41555.48327636719, 194303.82443900002, inf, 697.6744186046511, 1753.4418475106056, 109763.821017, 37706.195638, 0.104576, 3064.498406, 43754.130855, 15.073947, 1161, 40458.46484375, 2550001, 76553120, 91078937, 170182058
30000, 30000, 0, 0, dp_29.000000, 29984017.922721863, 183092.59216308594, 431816.058982, inf, 173.41040462427745, 650.708284006284, 56561.198286, 172777.231731, 2.162796, 12533.19484, 188768.742782, 1173.528547, 5017, 58296.765625, 10350001, 39212096, 408691819, 458253916, 29745521.57964325, 84398.76348876953, 272367.326086, inf, 348.83720930232556, 1153.0540020479193, 89016.491248, 82728.26012, 0.459131, 6159.355893, 94319.417962, 143.341732, 2494, 51051.3828125, 5130001, 62387500, 198587550, 266105051, 29592340.00969696, 41369.821350097656, 200478.43108399998, inf, 697.6744186046511, 1753.4418475106056, 109763.821017, 40479.564266, 0.110177, 3064.498406, 47153.180277, 17.256941, 1247, 39021.8671875, 2550001, 76553120, 97952917, 177056038
30000, 30000, 0, 0, dp_3.000000, 30013499.206230164, 212573.87567138672, 101215.33878899999, inf, 173.41040462427745, 650.708284006284, 56561.198286, 18592.268639, 2.214222, 12533.19484, 13518.051371, 8.411431, 519, 253048.546875, 10350001, 39212096, 37747623, 87309720, 29763683.100486755, 102560.28433227539, 110736.99784800001, inf, 348.83720930232556, 1153.0540020479193, 89016.491248, 8809.458189, 0.425849, 6159.355893, 6750.206911, 1.059758, 258, 151846.765625, 5130001, 62387500, 18261877, 85779378, 29602231.504325867, 51261.315979003906, 120579.207116, inf, 697.6744186046511, 1753.4418475106056, 109763.821017, 4325.970711, 0.103835, 3064.498406, 3424.651513, 0.161634, 129, 93155.9296875, 2550001, 76553120, 8981151, 88084272
30000, 30000, 0, 0, dp_31.000000, 29983903.465934753, 182978.13537597656, 457697.139118, inf, 173.41040462427745, 650.708284006284, 56561.198286, 184720.815221, 2.168016, 12533.19484, 202538.45489, 1341.307865, 5363, 53356.94140625, 10350001, 39212096, 437331969, 486894066, 29745323.82585907, 84201.00970458984, 284572.778062, inf, 348.83720930232556, 1153.0540020479193, 89016.491248, 88258.920144, 0.470393, 6159.355893, 100973.469419, 164.070965, 2666, 48250.00390625, 5130001, 62387500, 212226139, 279743640, 29592319.58440399, 41349.396057128906, 206728.29608099998, inf, 697.6744186046511, 1753.4418475106056, 109763.821017, 43201.071856, 0.092283, 3064.498406, 50678.887565, 19.924954, 1333, 37855.5859375, 2550001, 76553120, 104706905, 183810026
30000, 30000, 0, 0, dp_33.000000, 29983903.465934753, 182978.13537597656, 483382.48291200004, inf, 173.41040462427745, 650.708284006284, 56561.198286, 196661.238269, 2.149802, 12533.19484, 216103.716578, 1520.985137, 5709, 48808.82421875, 10350001, 39212096, 465972119, 515534216, 29745071.408195496, 83948.59204101562, 297129.71182900004, inf, 348.83720930232556, 1153.0540020479193, 89016.491248, 94063.518985, 0.46392, 6159.355893, 107703.814842, 186.066941, 2838, 45660.97265625, 5130001, 62387500, 226134575, 293652076, 29592045.470329285, 41075.281982421875, 213178.79229399998, inf, 697.6744186046511, 1753.4418475106056, 109763.821017, 46189.828715, 0.104556, 3064.498406, 54137.954608, 22.584992, 1419, 36493.7734375, 2550001, 76553120, 111700877, 190803998
30000, 30000, 0, 0, dp_35.000000, 29983742.041618347, 182816.7110595703, 507455.5754549999, inf, 173.41040462427745, 650.708284006284, 56561.198286, 208627.416977, 2.171673, 12533.19484, 228018.937692, 1712.655987, 6055, 44760.44140625, 10350001, 39212096, 494612269, 544174366, 29745067.47112274, 83944.65496826172, 309499.232793, inf, 348.83720930232556, 1153.0540020479193, 89016.491248, 99774.774073, 0.463519, 6159.355893, 114338.344452, 209.803608, 3010, 43164.2421875, 5130001, 62387500, 240043011, 307560512, 29592045.470329285, 41075.281982421875, 219709.42961700002, inf, 697.6744186046511, 1753.4418475106056, 109763.821017, 48936.285272, 0.092083, 3064.498406, 57919.121403, 25.611436, 1505, 35365.0390625, 2550001, 76553120, 118394869, 197497990
30000, 30000, 0, 0, dp_37.000000, 29983304.23842621, 182378.90786743164, 533120.5423740001, inf, 173.41040462427745, 650.708284006284, 56561.198286, 220617.639644, 2.167004, 12533.19484, 241489.935056, 1916.407544, 6401, 40920.72265625, 10350001, 39212096, 523252419, 572814516, 29745067.47112274, 83944.65496826172, 322081.27575400006, inf, 348.83720930232556, 1153.0540020479193, 89016.491248, 105473.516864, 0.46383, 6159.355893, 121196.583777, 234.864142, 3182, 41175.4453125, 5130001, 62387500, 253951447, 321468948, 29591932.386161804, 40962.197814941406, 225790.536971, inf, 697.6744186046511, 1753.4418475106056, 109763.821017, 51968.263162, 0.108193, 3064.498406, 60965.418745, 28.427448, 1591, 34237.125, 2550001, 76553120, 125448837, 204551958
30000, 30000, 0, 0, dp_39.000000, 29983184.38686371, 182259.05630493164, 558838.397083, inf, 173.41040462427745, 650.708284006284, 56561.198286, 232757.810211, 2.350598, 12533.19484, 254856.720233, 2127.122915, 6747, 37363.04296875, 10350001, 39212096, 551892569, 601454666, 29745067.47112274, 83944.65496826172, 334935.256362, inf, 348.83720930232556, 1153.0540020479193, 89016.491248, 111323.526691, 0.463519, 6159.355893, 128174.320662, 261.098349, 3354, 39396.39453125, 5130001, 62387500, 267859883, 335377384, 29591917.139396667, 40946.95104980469, 231913.98487400002, inf, 697.6744186046511, 1753.4418475106056, 109763.821017, 54684.832788, 0.103925, 3064.498406, 64368.777431, 31.951307, 1677, 33142.46875, 2550001, 76553120, 132202825, 211305946
30000, 30000, 0, 0, dp_5.000000, 30006316.430351257, 205391.09979248047, 126784.977755, inf, 173.41040462427745, 650.708284006284, 56561.198286, 30569.210753, 1.967921, 12533.19484, 27089.265411, 30.140544, 865, 205140.078125, 10350001, 39212096, 66312180, 115874277, 29759940.626670837, 98817.81051635742, 122905.72212, inf, 348.83720930232556, 1153.0540020479193, 89016.491248, 14260.513091, 0.420238, 6159.355893, 13465.206236, 3.735414, 430, 128649.2421875, 5130001, 62387500, 31806250, 99323751, 29599394.557426453, 48424.369079589844, 126724.55501399997, inf, 697.6744186046511, 1753.4418475106056, 109763.821017, 7101.810676, 0.091391, 3064.498406, 6793.871047, 0.462477, 215, 81644.0234375, 2550001, 76553120, 15855131, 94958252
30000, 30000, 0, 0, dp_7.000000, 29999991.25627899, 199065.92572021484, 152388.571008, inf, 173.41040462427745, 650.708284006284, 56561.198286, 42677.316658, 2.124113, 12533.19484, 40554.16989, 60.567221, 1211, 177846.203125, 10350001, 39212096, 94883876, 144445973, 29755864.854637146, 94742.03848266602, 135314.407169, inf, 348.83720930232556, 1153.0540020479193, 89016.491248, 19939.822373, 0.440716, 6159.355893, 20190.766085, 7.530854, 602, 115343.53125, 5130001, 62387500, 45714686, 113232187, 29597829.74596405, 46859.5576171875, 132961.129599, inf, 697.6744186046511, 1753.4418475106056, 109763.821017, 9915.031051, 0.108975, 3064.498406, 10216.723264, 0.946886, 301, 72518.703125, 2550001, 76553120, 22729111, 101832232
30000, 30000, 0, 0, dp_9.000000, 29997239.836540222, 196314.5059814453, 177560.726653, inf, 173.41040462427745, 650.708284006284, 56561.198286, 54061.519404, 2.15956, 12533.19484, 54297.178368, 105.476195, 1557, 155805.0625, 10350001, 39212096, 122679760, 172241857, 29753942.042137146, 92819.22598266602, 147640.885125, inf, 348.83720930232556, 1153.0540020479193, 89016.491248, 25568.237995, 0.467858, 6159.355893, 26883.672809, 12.659322, 774, 105389.125, 5130001, 62387500, 59503190, 127020691, 29596817.825798035, 45847.637451171875, 139083.530045, inf, 697.6744186046511, 1753.4418475106056, 109763.821017, 12630.344215, 0.091973, 3064.498406, 13623.191445, 1.582989, 387, 66166.609375, 2550001, 76553120, 29513097, 108616218
30000, 30000, 0, 0, fixed_reps_1, 30027587.37664032, 226662.04608154297, 75841.083745, inf, 173.41040462427745, 650.708284006284, 56561.198286, 6692.833145, 2.009309, 12533.19484, 51.848165, 0, 173, 406158.375, 10350001, 39212096, 9107473, 58669570, 29771925.192222595, 110802.37606811523, 98327.776912, inf, 348.83720930232556, 1153.0540020479193, 89016.491248, 3102.410219, 0.426049, 6159.355893, 49.093503, 0, 86, 221382.453125, 5130001, 62387500, 4353441, 71870942, 29604711.172538757, 53740.98419189453, 114404.73387399998, inf, 697.6744186046511, 1753.4418475106056, 109763.821017, 1525.618072, 0.091722, 3064.498406, 50.704657, 0, 43, 123347.5, 2550001, 76553120, 2127103, 81230224
30000, 30000, 0, 0, fixed_reps_11, 30003583.630607605, 202658.30004882812, 135243.779876, inf, 173.41040462427745, 650.708284006284, 56561.198286, 65719.445044, 2.158195, 12533.19484, 427.783511, 0, 1903, 213770.609375, 10350001, 39212096, 100180473, 149742570, 29757926.575035095, 96803.75888061523, 126880.63003800002, inf, 348.83720930232556, 1153.0540020479193, 89016.491248, 31274.443348, 0.456556, 6159.355893, 429.882993, 0, 946, 127229.9453125, 5130001, 62387500, 47886991, 115404492, 29599850.277030945, 48880.08868408203, 128470.56418999999, inf, 697.6744186046511, 1753.4418475106056, 109763.821017, 15207.835313, 0.09073, 3064.498406, 434.318724, 0, 473, 81148.7734375, 2550001, 76553120, 23397703, 102500824
30000, 30000, 0, 0, fixed_reps_13, 30002554.073234558, 201628.74267578125, 147314.97251199998, inf, 173.41040462427745, 650.708284006284, 56561.198286, 77709.893134, 2.179155, 12533.19484, 508.507097, 0, 2249, 193848.96875, 10350001, 39212096, 118395073, 167957170, 29757350.654075623, 96227.83792114258, 132568.261263, inf, 348.83720930232556, 1153.0540020479193, 89016.491248, 36882.969261, 0.458069, 6159.355893, 508.986792, 0, 1118, 119706.2734375, 5130001, 62387500, 56593701, 124111202, 29598423.824882507, 47453.63653564453, 131261.494186, inf, 697.6744186046511, 1753.4418475106056, 109763.821017, 17918.406084, 0.090861, 3064.498406, 514.677818, 0, 559, 75605.734375, 2550001, 76553120, 27651823, 106754944
30000, 30000, 0, 0, fixed_reps_15, 30001516.08708954, 200590.75653076172, 159139.533509, inf, 173.41040462427745, 650.708284006284, 56561.198286, 89454.945775, 2.210114, 12533.19484, 587.984494, 0, 2595, 184835.03125, 10350001, 39212096, 136609673, 186171770, 29755810.167869568, 94687.35171508789, 138258.619644, inf, 348.83720930232556, 1153.0540020479193, 89016.491248, 42496.028924, 0.439605, 6159.355893, 586.303974, 0, 1290, 114117.671875, 5130001, 62387500, 65300411, 132817912, 29596837.77721405, 45867.5888671875, 134069.27921799998, inf, 697.6744186046511, 1753.4418475106056, 109763.821017, 20647.563576, 0.103254, 3064.498406, 593.292965, 0, 645, 73452.5078125, 2550001, 76553120, 31905943, 111009064
30000, 30000, 0, 0, fixed_reps_17, 30000350.3436203, 199425.01306152344, 171008.51885999998, inf, 173.41040462427745, 650.708284006284, 56561.198286, 101242.529069, 2.17061, 12533.19484, 669.426055, 0, 2941, 167618.265625, 10350001, 39212096, 154824273, 204386370, 29755746.567466736, 94623.75131225586, 143976.451249, inf, 348.83720930232556, 1153.0540020479193, 89016.491248, 48136.937175, 0.463189, 6159.355893, 663.203744, 0, 1462, 109612.4375, 5130001, 62387500, 74007121, 141524622, 29596691.372184753, 45721.183837890625, 136876.68431100002, inf, 697.6744186046511, 1753.4418475106056, 109763.821017, 23374.4704, 0.091772, 3064.498406, 673.802716, 0, 731, 68790.640625, 2550001, 76553120, 36160063, 115263184
30000, 30000, 0, 0, fixed_reps_19, 29999164.616203308, 198239.28564453125, 182905.56254299998, inf, 173.41040462427745, 650.708284006284, 56561.198286, 113065.424672, 2.184567, 12533.19484, 743.560178, 0, 3287, 161316.09375, 10350001, 39212096, 173038873, 222600970, 29755311.88179779, 94189.06564331055, 149689.486333, inf, 348.83720930232556, 1153.0540020479193, 89016.491248, 53770.864263, 0.458319, 6159.355893, 742.31661, 0, 1634, 104933.75, 5130001, 62387500, 82713831, 150231332, 29596042.436271667, 45072.24792480469, 139685.037399, inf, 697.6744186046511, 1753.4418475106056, 109763.821017, 26106.304288, 0.103033, 3064.498406, 750.310655, 0, 817, 63395.01171875, 2550001, 76553120, 40414183, 119517304
30000, 30000, 0, 0, fixed_reps_21, 29998580.444267273, 197655.1137084961, 194757.181347, inf, 173.41040462427745, 650.708284006284, 56561.198286, 124834.252144, 2.164543, 12533.19484, 826.371534, 0, 3633, 157463.203125, 10350001, 39212096, 191253473, 240815570, 29754465.378562927, 93342.56240844727, 155352.44752800002, inf, 348.83720930232556, 1153.0540020479193, 89016.491248, 59356.012975, 0.462968, 6159.355893, 820.124444, 0, 1806, 100958.6484375, 5130001, 62387500, 91420541, 158938042, 29595890.981559753, 44920.793212890625, 142481.30954599997, inf, 697.6744186046511, 1753.4418475106056, 109763.821017, 28820.899818, 0.097162, 3064.498406, 831.993143, 0, 903, 60972.6171875, 2550001, 76553120, 44668303, 123771424
30000, 30000, 0, 0, fixed_reps_23, 29997804.066825867, 196878.73626708984, 206908.29350800003, inf, 173.41040462427745, 650.708284006284, 56561.198286, 136910.933151, 2.198555, 12533.19484, 900.768676, 0, 3979, 153211.5625, 10350001, 39212096, 209468073, 259030170, 29753915.882225037, 92793.06607055664, 161067.899031, inf, 348.83720930232556, 1153.0540020479193, 89016.491248, 64993.328326, 0.463709, 6159.355893, 898.259855, 0, 1978, 96685.1171875, 5130001, 62387500, 100127251, 167644752, 29595876.923210144, 44906.73486328125, 145309.38254499997, inf, 697.6744186046511, 1753.4418475106056, 109763.821017, 31575.818612, 0.10666, 3064.498406, 905.13785, 0, 989, 59901.9375, 2550001, 76553120, 48922423, 128025544
30000, 30000, 0, 0, fixed_reps_25, 29996353.453788757, 195428.12322998047, 218709.38569199998, inf, 173.41040462427745, 650.708284006284, 56561.198286, 148635.824235, 2.149502, 12533.19484, 977.018829, 0, 4325, 145857.953125, 10350001, 39212096, 227682673, 277244770, 29753557.71334076, 92434.8971862793, 166793.63554299998, inf, 348.83720930232556, 1153.0540020479193, 89016.491248, 70638.234692, 0.476474, 6159.355893, 979.077236, 0, 2150, 94727.671875, 5130001, 62387500, 108833961, 176351462, 29595360.856132507, 44390.66778564453, 148144.692927, inf, 697.6744186046511, 1753.4418475106056, 109763.821017, 34332.65441, 0.108714, 3064.498406, 983.61038, 0, 1075, 57471.8125, 2550001, 76553120, 53176543, 132279664
30000, 30000, 0, 0, fixed_reps_27, 29995696.176750183, 194770.84619140625, 230414.460565, inf, 173.41040462427745, 650.708284006284, 56561.198286, 160261.52531, 2.163618, 12533.19484, 1056.378511, 0, 4671, 141840.359375, 10350001, 39212096, 245897273, 295459370, 29752775.561302185, 91652.74514770508, 172458.91870300003, inf, 348.83720930232556, 1153.0540020479193, 89016.491248, 76225.261497, 0.467226, 6159.355893, 1057.342839, 0, 2322, 93072.1875, 5130001, 62387500, 117540671, 185058172, 29595143.344169617, 44173.155822753906, 150905.471929, inf, 697.6744186046511, 1753.4418475106056, 109763.821017, 37016.671737, 0.09052, 3064.498406, 1060.390249, 0, 1161, 55225.66796875, 2550001, 76553120, 57430663, 136533784
30000, 30000, 0, 0, fixed_reps_29, 29993998.55608368, 193073.22552490234, 242314.856622, inf, 173.41040462427745, 650.708284006284, 56561.198286, 172087.495678, 2.185339, 12533.19484, 1130.782479, 0, 5017, 135469.359375, 10350001, 39212096, 264111873, 313673970, 29752775.561302185, 91652.74514770508, 178197.69267100003, inf, 348.83720930232556, 1153.0540020479193, 89016.491248, 81888.28257, 0.466114, 6159.355893, 1133.096846, 0, 2494, 90419.3984375, 5130001, 62387500, 126247381, 193764882, 29595104.129325867, 44133.940979003906, 153684.322445, inf, 697.6744186046511, 1753.4418475106056, 109763.821017, 39718.510985, 0.103925, 3064.498406, 1137.388112, 0, 1247, 54476.18359375, 2550001, 76553120, 61684783, 140787904
30000, 30000, 0, 0, fixed_reps_3, 30017091.344596863, 216166.01403808594, 87655.32746, inf, 173.41040462427745, 650.708284006284, 56561.198286, 18441.20375, 2.14899, 12533.19484, 117.581594, 0, 519, 309362, 10350001, 39212096, 27322073, 76884170, 29766912.968711853, 105790.15255737305, 104024.53598500001, inf, 348.83720930232556, 1153.0540020479193, 89016.491248, 8731.177319, 0.442049, 6159.355893, 117.069476, 0, 258, 183015.171875, 5130001, 62387500, 13060151, 80577652, 29603452.410331726, 52482.22198486328, 117197.418215, inf, 697.6744186046511, 1753.4418475106056, 109763.821017, 4252.70643, 0.091752, 3064.498406, 116.30061, 0, 129, 105730.796875, 2550001, 76553120, 6381223, 85484344
30000, 30000, 0, 0, fixed_reps_31, 29993385.902885437, 192460.57232666016, 254251.88934899998, inf, 173.41040462427745, 650.708284006284, 56561.198286, 183938.153574, 2.174569, 12533.19484, 1217.16808, 0, 5363, 130755.34375, 10350001, 39212096, 282326473, 331888570, 29752413.646080017, 91290.82992553711, 183890.96984600002, inf, 348.83720930232556, 1153.0540020479193, 89016.491248, 87502.83895, 0.462196, 6159.355893, 1211.821559, 0, 2666, 87520.796875, 5130001, 62387500, 134954091, 202471592, 29594670.39073944, 43700.202392578125, 156494.438693, inf, 697.6744186046511, 1753.4418475106056, 109763.821017, 42449.393407, 0.104056, 3064.498406, 1216.621807, 0, 1333, 53675.5859375, 2550001, 76553120, 65938903, 145042024
30000, 30000, 0, 0, fixed_reps_33, 29991792.049613953, 190866.71905517578, 266459.826995, inf, 173.41040462427745, 650.708284006284, 56561.198286, 196073.678382, 2.185488, 12533.19484, 1289.569999, 0, 5709, 124126.453125, 10350001, 39212096, 300541073, 350103170, 29751805.678733826, 90682.8625793457, 189576.940739, inf, 348.83720930232556, 1153.0540020479193, 89016.491248, 93110.631132, 0.457938, 6159.355893, 1290.004528, 0, 2838, 85027.5390625, 5130001, 62387500, 143660801, 211178302, 29594249.76006317, 43279.571716308594, 159268.71078599998, inf, 697.6744186046511, 1753.4418475106056, 109763.821017, 45140.864696, 0.104726, 3064.498406, 1299.421941, 0, 1419, 53085.02734375, 2550001, 76553120, 70193023, 149296144
30000, 30000, 0, 0, fixed_reps_35, 29990903.395866394, 189978.0653076172, 278073.994559, inf, 173.41040462427745, 650.708284006284, 56561.198286, 207604.445929, 2.251061, 12533.19484, 1372.904443, 0, 6055, 119068.8671875, 10350001, 39212096, 318755673, 368317770, 29750228.18978119, 89105.37362670898, 195282.423872, inf, 348.83720930232556, 1153.0540020479193, 89016.491248, 98739.639281, 0.455794, 6159.355893, 1366.481656, 0, 3010, 83867.734375, 5130001, 62387500, 152367511, 219885012, 29593830.634147644, 42860.44580078125, 162095.27125299998, inf, 697.6744186046511, 1753.4418475106056, 109763.821017, 47894.571214, 0.091291, 3064.498406, 1372.289325, 0, 1505, 51007.40234375, 2550001, 76553120, 74447143, 153550264
30000, 30000, 0, 0, fixed_reps_37, 29990413.598564148, 189488.2680053711, 290461.454335, inf, 173.41040462427745, 650.708284006284, 56561.198286, 219915.409512, 2.345118, 12533.19484, 1449.306579, 0, 6401, 115037.4375, 10350001, 39212096, 336970273, 386532370, 29750118.84047699, 88996.02432250977, 200984.213746, inf, 348.83720930232556, 1153.0540020479193, 89016.491248, 104363.496241, 0.45338, 6159.355893, 1444.416984, 0, 3182, 82626.5, 5130001, 62387500, 161074221, 228591722, 29593600.277885437, 42630.08953857422, 164892.520511, inf, 697.6744186046511, 1753.4418475106056, 109763.821017, 50612.978727, 0.102883, 3064.498406, 1451.119478, 0, 1591, 50279.71875, 2550001, 76553120, 78701263, 157804384
30000, 30000, 0, 0, fixed_reps_39, 29989751.021842957, 188825.6912841797, 302051.45582699997, inf, 173.41040462427745, 650.708284006284, 56561.198286, 231431.390628, 2.148198, 12533.19484, 1523.523875, 0, 6747, 111115.2109375, 10350001, 39212096, 355184873, 404746970, 29749456.110191345, 88333.29403686523, 206654.57329000003, inf, 348.83720930232556, 1153.0540020479193, 89016.491248, 109954.548993, 0.460273, 6159.355893, 1523.716883, 0, 3354, 80447.3671875, 5130001, 62387500, 169780931, 237298432, 29593600.277885437, 42630.08953857422, 167722.411133, inf, 697.6744186046511, 1753.4418475106056, 109763.821017, 53365.209578, 0.106049, 3064.498406, 1528.776083, 0, 1677, 49201.9609375, 2550001, 76553120, 82955383, 162058504
30000, 30000, 0, 0, fixed_reps_41, 29989090.645439148, 188165.3148803711, 314054.98780299997, inf, 173.41040462427745, 650.708284006284, 56561.198286, 243357.059285, 2.160521, 12533.19484, 1601.374871, 0, 7093, 106161.8671875, 10350001, 39212096, 373399473, 422961570, 29748952.39870453, 87829.58255004883, 212366.553531, inf, 348.83720930232556, 1153.0540020479193, 89016.491248, 115587.509872, 0.456146, 6159.355893, 1602.740372, 0, 3526, 77156.4453125, 5130001, 62387500, 178487641, 246005142, 29593509.45250702, 42539.26416015625, 170558.07967200002, inf, 697.6744186046511, 1753.4418475106056, 109763.821017, 56123.585777, 0.104476, 3064.498406, 1606.069996, 0, 1763, 47890.10546875, 2550001, 76553120, 87209503, 166312624
30000, 30000, 0, 0, fixed_reps_5, 30013660.506340027, 212735.17578125, 99517.071217, inf, 173.41040462427745, 650.708284006284, 56561.198286, 30224.4612, 2.278502, 12533.19484, 195.938389, 0, 865, 272508.59375, 10350001, 39212096, 45536673, 95098770, 29762367.453575134, 101244.6374206543, 109734.28187000002, inf, 348.83720930232556, 1153.0540020479193, 89016.491248, 14363.184063, 0.424866, 6159.355893, 194.8258, 0, 430, 158696.390625, 5130001, 62387500, 21766861, 89284362, 29602362.783439636, 51392.59509277344, 119999.628168, inf, 697.6744186046511, 1753.4418475106056, 109763.821017, 6976.595226, 0.093165, 3064.498406, 194.620354, 0, 215, 96862.375, 2550001, 76553120, 10635343, 89738464
30000, 30000, 0, 0, fixed_reps_7, 30009107.55809784, 208182.2275390625, 111459.36290000001, inf, 173.41040462427745, 650.708284006284, 56561.198286, 42088.524876, 2.203982, 12533.19484, 274.240916, 0, 1211, 243154.0625, 10350001, 39212096, 63751273, 113313370, 29759964.66127777, 98841.84512329102, 115462.48346500001, inf, 348.83720930232556, 1153.0540020479193, 89016.491248, 20012.893645, 0.455885, 6159.355893, 273.286794, 0, 602, 147814.0625, 5130001, 62387500, 30473571, 97991072, 29601032.007987976, 50061.81964111328, 122826.986222, inf, 697.6744186046511, 1753.4418475106056, 109763.821017, 9723.690933, 0.091341, 3064.498406, 274.884525, 0, 301, 89920.25, 2550001, 76553120, 14889463, 93992584
30000, 30000, 0, 0, fixed_reps_9, 30006044.111076355, 205118.78051757812, 123323.161005, inf, 173.41040462427745, 650.708284006284, 56561.198286, 53866.500302, 2.17358, 12533.19484, 360.093997, 0, 1557, 228048.734375, 10350001, 39212096, 81965873, 131527970, 29758992.79347992, 97869.97732543945, 121133.50358, inf, 348.83720930232556, 1153.0540020479193, 89016.491248, 25605.001157, 0.42633, 6159.355893, 352.228952, 0, 774, 140831.34375, 5130001, 62387500, 39180281, 106697782, 29599909.750053406, 48939.56170654297, 125633.83109699999, inf, 697.6744186046511, 1753.4418475106056, 109763.821017, 12450.331039, 0.105508, 3064.498406, 355.075127, 0, 387, 86052.4921875, 2550001, 76553120, 19143583, 98246704
30000, 30000, 0, 0, greedy_1.000000, 30027587.37664032, 226662.04608154297, 75829.09615200001, inf, 173.41040462427745, 650.708284006284, 56561.198286, 6693.454995, 2.036739, 12533.19484, 39.201734, 0.009558, 173, 406158.375, 10350001, 39212096, 9107473, 58669570, 29771925.192222595, 110802.37606811523, 98324.72246100001, inf, 348.83720930232556, 1153.0540020479193, 89016.491248, 3110.934758, 0.440246, 6159.355893, 37.495828, 0.004488, 86, 221382.453125, 5130001, 62387500, 4353441, 71870942, 29604711.172538757, 53740.98419189453, 114387.667822, inf, 697.6744186046511, 1753.4418475106056, 109763.821017, 1522.515736, 0.091692, 3064.498406, 36.737865, 0.003106, 43, 123347.5, 2550001, 76553120, 2127103, 81230224
30000, 30000, 0, 0, greedy_11.000000, 29999344.9719162, 198419.64135742188, 203481.85756099998, inf, 173.41040462427745, 650.708284006284, 56561.198286, 66071.077104, 2.254338, 12533.19484, 68313.67285, 0.460143, 1903, 166403.578125, 10350001, 39212096, 150930469, 200492566, 29756086.304649353, 94963.48849487305, 160036.94098900002, inf, 348.83720930232556, 1153.0540020479193, 89016.491248, 31273.73998, 0.465172, 6159.355893, 33586.761117, 0.127579, 946, 115991.8125, 5130001, 62387500, 73411626, 140929127, 29598115.55821991, 47145.369873046875, 145132.68027, inf, 697.6744186046511, 1753.4418475106056, 109763.821017, 15333.868217, 0.100669, 3064.498406, 16970.319785, 0.072176, 473, 74603.71875, 2550001, 76553120, 36237087, 115340208
30000, 30000, 0, 0, greedy_13.000000, 29997209.46599579, 196284.13543701172, 228520.41554699998, inf, 173.41040462427745, 650.708284006284, 56561.198286, 77559.10959, 2.171572, 12533.19484, 81864.185627, 0.555632, 2249, 153040.21875, 10350001, 39212096, 179570619, 229132716, 29753345.311302185, 92222.49514770508, 172420.97812200003, inf, 348.83720930232556, 1153.0540020479193, 89016.491248, 36946.835197, 0.469951, 6159.355893, 40297.678958, 0.146875, 1118, 106921.0546875, 5130001, 62387500, 87320062, 154837563, 29597443.80394745, 46473.61560058594, 151090.774946, inf, 697.6744186046511, 1753.4418475106056, 109763.821017, 17985.599324, 0.103905, 3064.498406, 20276.7024, 0.049894, 559, 68746.5546875, 2550001, 76553120, 42901081, 122004202
30000, 30000, 0, 0, greedy_15.000000, 29994636.90929413, 193711.57873535156, 253141.17356999998, inf, 173.41040462427745, 650.708284006284, 56561.198286, 89072.086244, 2.198633, 12533.19484, 94971.846209, 0.649358, 2595, 139771.3125, 10350001, 39212096, 207971113, 257533210, 29752647.91622162, 91525.10006713867, 184810.807917, inf, 348.83720930232556, 1153.0540020479193, 89016.491248, 42632.301028, 0.46906, 6159.355893, 47002.022843, 0.167845, 1290, 102898.171875, 5130001, 62387500, 101228498, 168745999, 29596363.130119324, 45392.94177246094, 157238.177611, inf, 697.6744186046511, 1753.4418475106056, 109763.821017, 20722.703028, 0.088376, 3064.498406, 23686.985662, 0.081122, 645, 63836.09375, 2550001, 76553120, 49655069, 128758190
30000, 30000, 0, 0, greedy_17.000000, 29992238.047843933, 191312.71728515625, 278295.979485, inf, 173.41040462427745, 650.708284006284, 56561.198286, 100713.239462, 2.152808, 12533.19484, 108485.464531, 0.729558, 2941, 128346.34375, 10350001, 39212096, 236371607, 285933704, 29751645.37361908, 90522.55746459961, 197453.647421, inf, 348.83720930232556, 1153.0540020479193, 89016.491248, 48376.657911, 0.471233, 6159.355893, 53900.455331, 0.215805, 1462, 95772.9921875, 5130001, 62387500, 115136934, 182654435, 29596066.799674988, 45096.611328125, 163509.364457, inf, 697.6744186046511, 1753.4418475106056, 109763.821017, 23513.197159, 0.110217, 3064.498406, 27167.661205, 0.076453, 731, 62537.0234375, 2550001, 76553120, 56529049, 135632170
30000, 30000, 0, 0, greedy_19.000000, 29991376.23674774, 190450.90618896484, 303409.145464, inf, 173.41040462427745, 650.708284006284, 56561.198286, 112611.955463, 2.16523, 12533.19484, 121699.815134, 0.816511, 3287, 120686.203125, 10350001, 39212096, 265011757, 314573854, 29751278.607017517, 90155.79086303711, 209715.36927300002, inf, 348.83720930232556, 1153.0540020479193, 89016.491248, 54049.412783, 0.460524, 6159.355893, 60489.415297, 0.233528, 1634, 89933.84375, 5130001, 62387500, 129045370, 196562871, 29595864.046318054, 44893.857971191406, 169697.573447, inf, 697.6744186046511, 1753.4418475106056, 109763.821017, 26327.925547, 0.108524, 3064.498406, 30541.155392, 0.064561, 817, 61325.5703125, 2550001, 76553120, 63403029, 142506150
30000, 30000, 0, 0, greedy_21.000000, 29990364.385917664, 189439.05535888672, 328767.056159, inf, 173.41040462427745, 650.708284006284, 56561.198286, 124498.293649, 2.361419, 12533.19484, 135171.122294, 0.885671, 3633, 113925.2734375, 10350001, 39212096, 293651907, 343214004, 29749999.530418396, 88876.71426391602, 222229.45035000003, inf, 348.83720930232556, 1153.0540020479193, 89016.491248, 59798.326317, 0.467807, 6159.355893, 67254.551031, 0.258054, 1806, 82131.40625, 5130001, 62387500, 142953806, 210471307, 29594920.420829773, 43950.232482910156, 175800.72640100002, inf, 697.6744186046511, 1753.4418475106056, 109763.821017, 29106.640438, 0.111609, 3064.498406, 33865.563199, 0.091732, 903, 57716.8046875, 2550001, 76553120, 70277009, 149380130
30000, 30000, 0, 0, greedy_23.000000, 29989066.194023132, 188140.86346435547, 354460.622192, inf, 173.41040462427745, 650.708284006284, 56561.198286, 136412.24986, 2.120868, 12533.19484, 148950.862681, 0.995657, 3979, 106843.5234375, 10350001, 39212096, 322292057, 371854154, 29749569.946983337, 88447.13082885742, 234530.79006600002, inf, 348.83720930232556, 1153.0540020479193, 89016.491248, 65463.534249, 0.457868, 6159.355893, 73890.670382, 0.280426, 1978, 75480.6484375, 5130001, 62387500, 156862242, 224379743, 29593768.023612976, 42797.83526611328, 181810.60435100002, inf, 697.6744186046511, 1753.4418475106056, 109763.821017, 31827.244083, 0.094818, 3064.498406, 37154.841471, 0.104556, 989, 53139.0234375, 2550001, 76553120, 77060995, 156164116
30000, 30000, 0, 0, greedy_25.000000, 29987791.778800964, 186866.4482421875, 379602.18155, inf, 173.41040462427745, 650.708284006284, 56561.198286, 148325.213864, 2.138241, 12533.19484, 162179.395296, 1.041023, 4325, 97989.0703125, 10350001, 39212096, 350932207, 400494304, 29748990.103233337, 87867.28707885742, 247408.082675, inf, 348.83720930232556, 1153.0540020479193, 89016.491248, 71257.20531, 0.462458, 6159.355893, 80974.260941, 0.306825, 2150, 71085.8671875, 5130001, 62387500, 170770678, 238288179, 29593629.679862976, 42659.49151611328, 187352.90642299998, inf, 697.6744186046511, 1753.4418475106056, 109763.821017, 34123.03246, 0.111109, 3064.498406, 40401.35752, 0.085911, 1075, 52367.51171875, 2550001, 76553120, 83185025, 162288146
30000, 30000, 0, 0, greedy_27.000000, 29987209.713493347, 186284.3829345703, 404990.902299, inf, 173.41040462427745, 650.708284006284, 56561.198286, 160235.165342, 2.131638, 12533.19484, 175658.151304, 1.060889, 4671, 92474.6640625, 10350001, 39212096, 379572357, 429134454, 29748683.08315277, 87560.26699829102, 259689.38192400002, inf, 348.83720930232556, 1153.0540020479193, 89016.491248, 76968.850508, 0.464902, 6159.355893, 87543.895686, 0.323687, 2322, 69721, 5130001, 62387500, 184679114, 252196615, 29593478.05303192, 42507.864685058594, 193535.80765099998, inf, 697.6744186046511, 1753.4418475106056, 109763.821017, 36953.167437, 0.104546, 3064.498406, 43754.130855, 0.08539, 1161, 51002.84375, 2550001, 76553120, 90059005, 169162126
30000, 30000, 0, 0, greedy_29.000000, 29986490.581047058, 185565.25048828125, 430027.143334, inf, 173.41040462427745, 650.708284006284, 56561.198286, 172160.744127, 2.131016, 12533.19484, 188768.742782, 1.132283, 5017, 87397.8828125, 10350001, 39212096, 408212507, 457774604, 29748643.73287201, 87520.9167175293, 271756.38525600004, inf, 348.83720930232556, 1153.0540020479193, 89016.491248, 82260.315805, 0.453881, 6159.355893, 94319.417962, 0.350467, 2494, 65917.2890625, 5130001, 62387500, 197987890, 265505391, 29593144.15398407, 42173.96563720703, 199733.36110699998, inf, 697.6744186046511, 1753.4418475106056, 109763.821017, 39751.640653, 0.091933, 3064.498406, 47153.180277, 0.128821, 1247, 48735.44921875, 2550001, 76553120, 96932985, 176036106
30000, 30000, 0, 0, greedy_3.000000, 30015585.202445984, 214659.87188720703, 101140.72974699999, inf, 173.41040462427745, 650.708284006284, 56561.198286, 18526.09316, 2.077876, 12533.19484, 13518.051371, 0.114214, 519, 281483.5625, 10350001, 39212096, 37649212, 87211309, 29764590.8597641, 103468.04360961914, 110694.396003, inf, 348.83720930232556, 1153.0540020479193, 89016.491248, 8767.846743, 0.460243, 6159.355893, 6750.206911, 0.034965, 258, 165171.484375, 5130001, 62387500, 18231894, 85749395, 29603452.410331726, 52482.22198486328, 120503.121672, inf, 697.6744186046511, 1753.4418475106056, 109763.821017, 4250.015953, 0.101751, 3064.498406, 3424.651513, 0.033032, 129, 101515.0859375, 2550001, 76553120, 8891157, 87994278
30000, 30000, 0, 0, greedy_31.000000, 29985280.703300476, 184355.37274169922, 455793.021276, inf, 173.41040462427745, 650.708284006284, 56561.198286, 184156.630376, 2.312076, 12533.19484, 202538.45489, 1.230808, 5363, 82389.5859375, 10350001, 39212096, 436852657, 486414754, 29748100.847312927, 86978.03115844727, 284127.628759, inf, 348.83720930232556, 1153.0540020479193, 89016.491248, 87977.48041, 0.463368, 6159.355893, 100973.469419, 0.368421, 2666, 61367.18359375, 5130001, 62387500, 211896326, 279413827, 29593144.15398407, 42173.96563720703, 205496.18752, inf, 697.6744186046511, 1753.4418475106056, 109763.821017, 41988.745521, 0.109024, 3064.498406, 50678.887565, 0.125987, 1333, 48259.3828125, 2550001, 76553120, 102907025, 182010146
30000, 30000, 0, 0, greedy_33.000000, 29985101.46611786, 184176.13555908203, 481495.621254, inf, 173.41040462427745, 650.708284006284, 56561.198286, 196294.006497, 2.171672, 12533.19484, 216103.716578, 1.333381, 5709, 77040.0078125, 10350001, 39212096, 465492807, 515054904, 29747389.19618988, 86266.38003540039, 296612.905341, inf, 348.83720930232556, 1153.0540020479193, 89016.491248, 93732.39624, 0.46421, 6159.355893, 107703.814842, 0.382908, 2838, 58168.48828125, 5130001, 62387500, 225804762, 293322263, 29593043.77294159, 42073.58459472656, 211468.99431899996, inf, 697.6744186046511, 1753.4418475106056, 109763.821017, 44502.484917, 0.107241, 3064.498406, 54137.954608, 0.12813, 1419, 47907.01171875, 2550001, 76553120, 109331035, 188434156
30000, 30000, 0, 0, greedy_35.000000, 29984619.83757782, 183694.50701904297, 504662.524677, inf, 173.41040462427745, 650.708284006284, 56561.198286, 207545.67516, 2.146866, 12533.19484, 228018.937692, 1.371833, 6055, 73197.921875, 10350001, 39212096, 493384032, 542946129, 29747129.112693787, 86006.29653930664, 308944.810332, inf, 348.83720930232556, 1153.0540020479193, 89016.491248, 99429.750571, 0.464571, 6159.355893, 114338.344452, 0.403597, 3010, 56108.19921875, 5130001, 62387500, 239713198, 307230699, 29592849.836845398, 41879.648498535156, 218121.20897100001, inf, 697.6744186046511, 1753.4418475106056, 109763.821017, 47373.517535, 0.107732, 3064.498406, 57919.121403, 0.142878, 1505, 47301.1171875, 2550001, 76553120, 116205015, 195308136
30000, 30000, 0, 0, greedy_37.000000, 29984441.10393524, 183515.77337646484, 530212.100517, inf, 173.41040462427745, 650.708284006284, 56561.198286, 219624.156383, 2.147899, 12533.19484, 241489.935056, 1.468053, 6401, 67280.4921875, 10350001, 39212096, 522024182, 571586279, 29747003.889060974, 85881.07290649414, 321609.629428, inf, 348.83720930232556, 1153.0540020479193, 89016.491248, 105236.309752, 0.46367, 6159.355893, 121196.583777, 0.425088, 3182, 53660.53515625, 5130001, 62387500, 253621634, 321139135, 29592548.28148651, 41578.09313964844, 223965.08336500003, inf, 697.6744186046511, 1753.4418475106056, 109763.821017, 50171.102863, 0.091321, 3064.498406, 60965.418745, 0.151013, 1591, 46626.875, 2550001, 76553120, 123078995, 202182116
30000, 30000, 0, 0, greedy_39.000000, 29983861.149223328, 182935.81866455078, 555640.506142, inf, 173.41040462427745, 650.708284006284, 56561.198286, 231685.640536, 2.21278, 12533.19484, 254856.720233, 1.539467, 6747, 60173.98046875, 10350001, 39212096, 550664332, 600226429, 29746953.36177826, 85830.5456237793, 334304.991936, inf, 348.83720930232556, 1153.0540020479193, 89016.491248, 110953.907674, 0.465193, 6159.355893, 128174.320662, 0.451266, 3354, 52336.14453125, 5130001, 62387500, 267530070, 335047571, 29592548.28148651, 41578.09313964844, 230203.08782800002, inf, 697.6744186046511, 1753.4418475106056, 109763.821017, 53005.736497, 0.110317, 3064.498406, 64368.777431, 0.14416, 1677, 46082.2734375, 2550001, 76553120, 129952975, 209056096
30000, 30000, 0, 0, greedy_5.000000, 30009183.185295105, 208257.85473632812, 126528.27175799999, inf, 173.41040462427745, 650.708284006284, 56561.198286, 30342.173979, 2.24581, 12533.19484, 27089.265411, 0.193432, 865, 240813.359375, 10350001, 39212096, 66139577, 115701674, 29760657.531822205, 99534.71566772461, 123034.810776, inf, 348.83720930232556, 1153.0540020479193, 89016.491248, 14393.263293, 0.43185, 6159.355893, 13465.206236, 0.062256, 430, 144591.421875, 5130001, 62387500, 32020398, 99537899, 29601558.434318542, 50588.24597167969, 126608.93171599998, inf, 697.6744186046511, 1753.4418475106056, 109763.821017, 6986.6256, 0.09094, 3064.498406, 6793.871047, 0.024706, 215, 91921.6640625, 2550001, 76553120, 15675143, 94778264
30000, 30000, 0, 0, greedy_7.000000, 30006351.844352722, 205426.5137939453, 151713.320075, inf, 173.41040462427745, 650.708284006284, 56561.198286, 42062.033852, 2.402435, 12533.19484, 40554.16989, 0.320772, 1211, 206268.078125, 10350001, 39212096, 94424580, 143986677, 29758908.601646423, 97785.78549194336, 135354.140621, inf, 348.83720930232556, 1153.0540020479193, 89016.491248, 19986.963979, 0.461465, 6159.355893, 20190.766085, 0.101951, 602, 132041.78125, 5130001, 62387500, 45782674, 113300175, 29600761.48235321, 49791.294006347656, 132839.04608499998, inf, 697.6744186046511, 1753.4418475106056, 109763.821017, 9793.879716, 0.091902, 3064.498406, 10216.723264, 0.03178, 301, 85129.6640625, 2550001, 76553120, 22549123, 101652244
30000, 30000, 0, 0, greedy_9.000000, 30001797.295585632, 200871.96502685547, 177659.455628, inf, 173.41040462427745, 650.708284006284, 56561.198286, 54265.283667, 2.210906, 12533.19484, 54297.178368, 0.389561, 1557, 183773.328125, 10350001, 39212096, 122722460, 172284557, 29757452.624595642, 96329.80844116211, 147618.113036, inf, 348.83720930232556, 1153.0540020479193, 89016.491248, 25557.994804, 0.462948, 6159.355893, 26883.672809, 0.135334, 774, 119706.5078125, 5130001, 62387500, 59503190, 127020691, 29599139.963798523, 48169.775451660156, 139021.023338, inf, 697.6744186046511, 1753.4418475106056, 109763.821017, 12569.181218, 0.295144, 3064.498406, 13623.191445, 0.036108, 387, 78493.296875, 2550001, 76553120, 29423103, 108526224
30000, 30000, 0, 0, opt, 29980457.919181824, 179532.58862304688, 522937.94995, inf, 173.41040462427745, 650.708284006284, 56561.198286, 453841.391953, 2.164871, 12533.19484, 0, 0, 0, 0, 10350001, 39212096, 683558826, 733120923, 29742241.118400574, 81118.30224609375, 510543.02315400005, inf, 348.83720930232556, 1153.0540020479193, 89016.491248, 415366.544468, 0.631545, 6159.355893, 0, 0, 0, 0, 5130001, 62387500, 626045040, 693562541, 29588113.56804657, 37143.37969970703, 510322.7501279999, inf, 697.6744186046511, 1753.4418475106056, 109763.821017, 397494.328313, 0.102392, 3064.498406, 0, 0, 0, 0, 2550001, 76553120, 597920136, 677023257
30000, 30000, 0, 0, plus_edge, 30015031.897758484, 214106.56719970703, 75814.14857399999, inf, 173.41040462427745, 650.708284006284, 56561.198286, 6717.522764, 2.232684, 12533.19484, 0, 0, 0, 0, 10350001, 39212096, 9106884, 58668981, 29765044.92299652, 103922.10684204102, 98299.720783, inf, 348.83720930232556, 1153.0540020479193, 89016.491248, 3123.450428, 0.423214, 6159.355893, 0, 0, 0, 0, 5130001, 62387500, 4330580, 71848081, 29601597.449272156, 50627.26092529297, 114333.127062, inf, 697.6744186046511, 1753.4418475106056, 109763.821017, 1504.716388, 0.091251, 3064.498406, 0, 0, 0, 0, 2550001, 76553120, 2098824, 81201945
30000, 30000, 0, 0, simple, 30027587.37664032, 226662.04608154297, 75824.56108, inf, 173.41040462427745, 650.708284006284, 56561.198286, 6728.002295, 2.165659, 12533.19484, 0, 0, 0, 0, 10350001, 39212096, 9077300, 58639397, 29771925.192222595, 110802.37606811523, 98286.5256, inf, 348.83720930232556, 1153.0540020479193, 89016.491248, 3110.250867, 0.427592, 6159.355893, 0, 0, 0, 0, 5130001, 62387500, 4323355, 71840856, 29604711.172538757, 53740.98419189453, 114334.17803399998, inf, 697.6744186046511, 1753.4418475106056, 109763.821017, 1505.759635, 0.098976, 3064.498406, 0, 0, 0, 0, 2550001, 76553120, 2097060, 81200181
30000, 30000, 0, 0, dp_1.000000, 30089908.608615875, 221824.18225097656, 47078.665665, inf, 173.41040462427745, 437.22103152979156, 27007.569154, 7514.198076, 1.969433, 12517.959286, 36.959627, 0.010089, 173, 0, 10350001, 19121689, 10343809, 39815499, 29947543.584949493, 104202.48107910156, 43284.803938000005, inf, 348.83720930232556, 657.9980889995774, 33365.962867, 3726.35733, 0.41576, 6154.517816, 37.543092, 0.007073, 86, 0, 5130001, 23834902, 5122181, 34087084, 29703324.11561966, 49286.71417236328, 66154.999114, inf, 697.6744186046511, 1233.2978048274083, 61194.771391, 1855.636032, 0.071274, 3066.88529, 37.63142, 0.003707, 43, 0, 2550001, 43152121, 2537695, 48239817
30000, 30000, 0, 0, dp_11.000000, 30057358.745090485, 189274.31872558594, 181132.487675, inf, 173.41040462427745, 437.22103152979156, 27007.569154, 74555.643786, 2.101571, 12517.959286, 66886.917688, 162.29619, 1903, 156970.1875, 10350001, 19121689, 164930362, 194402052, 29927974.246570587, 84633.14270019531, 109600.913373, inf, 348.83720930232556, 657.9980889995774, 33365.962867, 36800.720831, 0.470853, 6154.517816, 33259.991177, 19.249829, 946, 118714.5, 5130001, 23834902, 81603954, 110568857, 29697409.1113472, 43371.709899902344, 99254.70833200001, inf, 697.6744186046511, 1233.2978048274083, 61194.771391, 18256.119103, 0.091251, 3066.88529, 16734.457757, 2.38354, 473, 78326.5, 2550001, 43152121, 40574985, 86277107
30000, 30000, 0, 0, dp_13.000000, 30054069.986423492, 185985.56005859375, 207881.837564, inf, 173.41040462427745, 437.22103152979156, 27007.569154, 87975.645435, 2.289544, 12517.959286, 80149.781328, 228.592817, 2249, 142968.34375, 10350001, 19121689, 196057560, 225529250, 29926836.13298416, 83495.02911376953, 122886.766139, inf, 348.83720930232556, 657.9980889995774, 33365.962867, 43461.203067, 0.467296, 6154.517816, 39877.495268, 27.119825, 1118, 110616.328125, 5130001, 23834902, 97067958, 126032861, 29697409.1113472, 43371.709899902344, 105899.056693, inf, 697.6744186046511, 1233.2978048274083, 61194.771391, 21412.216589, 0.09055, 3066.88529, 20221.543377, 3.549496, 559, 75199.8828125, 2550001, 43152121, 48079799, 93781921
30000, 30000, 0, 0, dp_15.000000, 30051918.6463356, 183834.21997070312, 234758.143149, inf, 173.41040462427745, 437.22103152979156, 27007.569154, 101510.063363, 2.096893, 12517.959286, 93412.974186, 307.480267, 2595, 130984.71875, 10350001, 19121689, 227184758, 256656448, 29926306.861865997, 82965.75799560547, 135115.15642299998, inf, 348.83720930232556, 657.9980889995774, 33365.962867, 49047.224549, 0.479389, 6154.517816, 46510.38298, 36.588822, 1290, 103780.671875, 5130001, 23834902, 110643600, 139608503, 29696227.383441925, 42189.981994628906, 112457.87870900001, inf, 697.6744186046511, 1233.2978048274083, 61194.771391, 24799.116073, 0.104326, 3066.88529, 23392.483857, 4.517772, 645, 72405.65625, 2550001, 43152121, 55794515, 101496637
30000, 30000, 0, 0, dp_17.000000, 30048875.18619156, 180790.75982666016, 261887.79410600004, inf, 173.41040462427745, 437.22103152979156, 27007.569154, 115169.999796, 2.116188, 12517.959286, 106791.94221, 398.207472, 2941, 120514.6875, 10350001, 19121689, 258311956, 287783646, 29925633.80955887, 82292.70568847656, 148511.737227, inf, 348.83720930232556, 657.9980889995774, 33365.962867, 55685.916382, 0.46358, 6154.517816, 53257.54126, 47.335322, 1462, 98110.3984375, 5130001, 23834902, 126107604, 155072507, 29695199.773334503, 41162.37188720703, 119567.73369600001, inf, 697.6744186046511, 1233.2978048274083, 61194.771391, 28117.961414, 0.092413, 3066.88529, 27182.134495, 5.888693, 731, 69740, 2550001, 43152121, 63509231, 109211353
30000, 30000, 0, 0, dp_19.000000, 30047436.812717438, 179352.38635253906, 288941.487827, inf, 173.41040462427745, 437.22103152979156, 27007.569154, 128623.029193, 2.253807, 12517.959286, 120290.877255, 499.799132, 3287, 111513.09375, 10350001, 19121689, 289439154, 318910844, 29924600.745594025, 81259.64172363281, 162442.46094900003, inf, 348.83720930232556, 657.9980889995774, 33365.962867, 62421.507287, 0.465824, 6154.517816, 60439.979808, 60.027347, 1634, 93087.7421875, 5130001, 23834902, 141571608, 170536511, 29693860.106098175, 39822.704650878906, 125832.063834, inf, 697.6744186046511, 1233.2978048274083, 61194.771391, 31508.685421, 0.091642, 3066.88529, 30054.190809, 7.439281, 817, 67613.5, 2550001, 43152121, 71223947, 116926069
30000, 30000, 0, 0, dp_21.000000, 30046475.62356949, 178391.19720458984, 315964.6589350001, inf, 173.41040462427745, 437.22103152979156, 27007.569154, 142366.074289, 2.343295, 12517.959286, 133458.212512, 612.500399, 3633, 103511.3203125, 10350001, 19121689, 320566352, 350038042, 29924366.751148224, 81025.64727783203, 175248.650063, inf, 348.83720930232556, 657.9980889995774, 33365.962867, 69179.040893, 0.422643, 6154.517816, 66474.906811, 73.799033, 1806, 88189.609375, 5130001, 23834902, 157035612, 186000515, 29693718.19032669, 39680.78887939453, 132910.94954600002, inf, 697.6744186046511, 1233.2978048274083, 61194.771391, 34771.794643, 0.092283, 3066.88529, 33868.335951, 9.069988, 903, 65579.1953125, 2550001, 43152121, 78878691, 124580813
30000, 30000, 0, 0, dp_23.000000, 30045725.8404274, 177641.4140625, 342913.411604, inf, 173.41040462427745, 437.22103152979156, 27007.569154, 155816.132071, 2.128932, 12517.959286, 146833.247964, 736.374197, 3979, 96594.21875, 10350001, 19121689, 351693550, 381165240, 29923704.85289383, 80363.7490234375, 188695.73999899998, inf, 348.83720930232556, 657.9980889995774, 33365.962867, 76048.802159, 0.467817, 6154.517816, 73037.106401, 88.882939, 1978, 84143.4609375, 5130001, 23834902, 172499616, 201464519, 29693506.76478958, 39469.363342285156, 139381.154248, inf, 697.6744186046511, 1233.2978048274083, 61194.771391, 38166.267036, 0.092373, 3066.88529, 36942.226637, 10.911521, 989, 63754.11328125, 2550001, 43152121, 86593407, 132295529
30000, 30000, 0, 0, dp_25.000000, 30044744.744113922, 176660.31774902344, 369856.82523799996, inf, 173.41040462427745, 437.22103152979156, 27007.569154, 169472.138621, 2.117888, 12517.959286, 159982.859929, 874.18036, 4325, 90218.8046875, 10350001, 19121689, 382820748, 412292438, 29923704.85289383, 80363.7490234375, 202188.54135699998, inf, 348.83720930232556, 657.9980889995774, 33365.962867, 82639.006252, 0.473148, 6154.517816, 79922.748195, 105.833079, 2150, 80347.7890625, 5130001, 23834902, 187963620, 216928523, 29691999.098011017, 37961.6965637207, 146190.03893500002, inf, 697.6744186046511, 1233.2978048274083, 61194.771391, 41614.537573, 0.103464, 3066.88529, 40300.821059, 12.920158, 1075, 61930.1953125, 2550001, 43152121, 94308123, 140010245
30000, 30000, 0, 0, dp_27.000000, 30043782.32352066, 175697.89715576172, 397071.92199, inf, 173.41040462427745, 437.22103152979156, 27007.569154, 183103.386134, 2.132028, 12517.959286, 173424.455444, 1016.419944, 4671, 84203.9453125, 10350001, 19121689, 413947946, 443419636, 29922835.692890167, 79494.58901977539, 215410.53803, inf, 348.83720930232556, 657.9980889995774, 33365.962867, 89407.808802, 0.422602, 6154.517816, 86357.947766, 123.878177, 2322, 76966.59375, 5130001, 23834902, 203427624, 232392527, 29691964.64549637, 37927.244049072266, 153289.31902999998, inf, 697.6744186046511, 1233.2978048274083, 61194.771391, 44871.266885, 0.106179, 3066.88529, 44141.217944, 15.071341, 1161, 60329.73828125, 2550001, 43152121, 102022839, 147724961
30000, 30000, 0, 0, dp_29.000000, 30042949.924030304, 174865.49766540527, 424342.64454, inf, 173.41040462427745, 437.22103152979156, 27007.569154, 196709.143918, 2.126347, 12517.959286, 186932.37896, 1173.466875, 5017, 78739.5234375, 10350001, 19121689, 445075144, 474546834, 29922411.151752472, 79070.04788208008, 228983.98922100003, inf, 348.83720930232556, 657.9980889995774, 33365.962867, 96119.25384, 0.465604, 6154.517816, 93200.792613, 142.996481, 2494, 74217.4921875, 5130001, 23834902, 218891628, 247856531, 29691964.64549637, 37927.244049072266, 159173.82522799997, inf, 697.6744186046511, 1233.2978048274083, 61194.771391, 48171.869146, 0.101901, 3066.88529, 46722.798365, 17.399135, 1247, 58912.203125, 2550001, 43152121, 109737555, 155439677
30000, 30000, 0, 0, dp_3.000000, 30072477.8192482, 204393.39288330078, 73884.386062, inf, 173.41040462427745, 437.22103152979156, 27007.569154, 20938.591679, 2.29324, 12517.959286, 13409.507178, 8.465525, 519, 269412.5, 10350001, 19121689, 41141282, 70612972, 29937668.452625275, 94327.34875488281, 56671.254947, inf, 348.83720930232556, 657.9980889995774, 33365.962867, 10462.594902, 0.426199, 6154.517816, 6686.699657, 1.053506, 258, 174000.078125, 5130001, 23834902, 20556252, 49521155, 29701537.825092316, 47500.42364501953, 72590.976052, inf, 697.6744186046511, 1233.2978048274083, 61194.771391, 4940.731793, 0.10109, 3066.88529, 3388.332208, 0.15428, 129, 100857.3671875, 2550001, 43152121, 9866051, 55568173
30000, 30000, 0, 0, dp_31.000000, 30041482.170124054, 173397.74375915527, 451568.88587999996, inf, 173.41040462427745, 437.22103152979156, 27007.569154, 210354.096172, 2.301065, 12517.959286, 200344.895277, 1342.064926, 5363, 73621.6328125, 10350001, 19121689, 476202342, 505674032, 29921968.175495148, 78627.07162475586, 242987.50274700002, inf, 348.83720930232556, 657.9980889995774, 33365.962867, 103122.888406, 0.47437, 6154.517816, 100179.49902, 164.160268, 2666, 71543.34375, 5130001, 23834902, 234355632, 263320535, 29691064.919727325, 37027.5182800293, 165854.177804, inf, 697.6744186046511, 1233.2978048274083, 61194.771391, 51593.464167, 0.102973, 3066.88529, 49978.954491, 19.999492, 1333, 57562.52734375, 2550001, 43152121, 117452271, 163154393
30000, 30000, 0, 0, dp_33.000000, 30041150.006549835, 173065.58018493652, 478732.11277700006, inf, 173.41040462427745, 437.22103152979156, 27007.569154, 223909.2178, 2.092925, 12517.959286, 213772.485867, 1522.787745, 5709, 68938.5, 10350001, 19121689, 507329540, 536801230, 29921318.59608841, 77977.49221801758, 256903.16885200003, inf, 348.83720930232556, 657.9980889995774, 33365.962867, 109812.950024, 0.461977, 6154.517816, 107383.399464, 185.876704, 2838, 69087.78125, 5130001, 23834902, 249819636, 278784539, 29691064.919727325, 37027.5182800293, 172385.92863699998, inf, 697.6744186046511, 1233.2978048274083, 61194.771391, 54796.194619, 0.103985, 3066.88529, 53305.336896, 22.636456, 1419, 56233.6953125, 2550001, 43152121, 124957085, 170659207
30000, 30000, 0, 0, dp_35.000000, 30040503.214557648, 172418.78819274902, 506126.285589, inf, 173.41040462427745, 437.22103152979156, 27007.569154, 237693.138865, 2.120517, 12517.959286, 227193.15594, 1712.341827, 6055, 64701.05859375, 10350001, 19121689, 538456738, 567928428, 29920985.56331253, 77644.45944213867, 269940.408541, inf, 348.83720930232556, 657.9980889995774, 33365.962867, 116484.056265, 0.469962, 6154.517816, 113725.798008, 209.603623, 3010, 66750.5625, 5130001, 23834902, 265283640, 294248543, 29691064.919727325, 37027.5182800293, 179103.67346700002, inf, 697.6744186046511, 1233.2978048274083, 61194.771391, 58153.513367, 0.104136, 3066.88529, 56662.541896, 25.857387, 1505, 55130.7890625, 2550001, 43152121, 132671801, 178373923
30000, 30000, 0, 0, dp_37.000000, 30039922.058979034, 171837.63261413574, 533511.704804, inf, 173.41040462427745, 437.22103152979156, 27007.569154, 251457.775707, 2.088567, 12517.959286, 240609.26846, 1917.04363, 6401, 60633.36328125, 10350001, 19121689, 569583936, 599055626, 29920754.79695511, 77413.6930847168, 282889.203758, inf, 348.83720930232556, 657.9980889995774, 33365.962867, 123498.52813, 0.466955, 6154.517816, 119635.023896, 234.704094, 3182, 64709.48828125, 5130001, 23834902, 280747644, 309712547, 29690312.537158966, 36275.13571166992, 185842.816352, inf, 697.6744186046511, 1233.2978048274083, 61194.771391, 61608.166884, 0.103584, 3066.88529, 59944.158867, 28.730336, 1591, 53874.2890625, 2550001, 43152121, 140386517, 186088639
30000, 30000, 0, 0, dp_39.000000, 30039672.773700714, 171588.34733581543, 561861.521833, inf, 173.41040462427745, 437.22103152979156, 27007.569154, 265291.977684, 2.146214, 12517.959286, 254907.587336, 2134.282159, 6747, 57048.5234375, 10350001, 19121689, 600711134, 630182824, 29920047.90504837, 76706.80117797852, 297678.893021, inf, 348.83720930232556, 657.9980889995774, 33365.962867, 130230.175044, 0.473668, 6154.517816, 127666.350725, 261.412901, 3354, 62766.25, 5130001, 23834902, 296211648, 325176551, 29690312.537158966, 36275.13571166992, 192932.000579, inf, 697.6744186046511, 1233.2978048274083, 61194.771391, 64968.168911, 0.106009, 3066.88529, 63670.263874, 31.805104, 1677, 52786.1015625, 2550001, 43152121, 148041261, 193743383
30000, 30000, 0, 0, dp_5.000000, 30066852.669589996, 198768.24322509766, 101189.477347, inf, 173.41040462427745, 437.22103152979156, 27007.569154, 34585.573462, 1.990232, 12517.959286, 27047.17062, 29.214593, 865, 225944.03125, 10350001, 19121689, 72208504, 101680194, 29934715.36851883, 91374.2646484375, 70101.846639, inf, 348.83720930232556, 657.9980889995774, 33365.962867, 17224.252061, 0.46361, 6154.517816, 13353.275957, 3.374328, 430, 155448.8125, 5130001, 23834902, 35960308, 64925211, 29699159.800800323, 45122.399353027344, 79223.74528, inf, 697.6744186046511, 1233.2978048274083, 61194.771391, 8239.987175, 0.091902, 3066.88529, 6721.545131, 0.464391, 215, 90663.5, 2550001, 43152121, 17460823, 63162945
30000, 30000, 0, 0, dp_7.000000, 30062432.595005035, 194348.16864013672, 127527.12154600001, inf, 173.41040462427745, 437.22103152979156, 27007.569154, 47648.227307, 2.099377, 12517.959286, 40289.650361, 61.616061, 1211, 195502.359375, 10350001, 19121689, 102675966, 132147656, 29931511.102344513, 88169.9984741211, 82918.97713000001, inf, 348.83720930232556, 657.9980889995774, 33365.962867, 23351.063714, 0.455564, 6154.517816, 20039.453842, 7.523327, 602, 140399.390625, 5130001, 23834902, 50705920, 79670823, 29698962.926532745, 44925.52508544922, 85932.13038199999, inf, 697.6744186046511, 1233.2978048274083, 61194.771391, 11556.000815, 0.104346, 3066.88529, 10113.420142, 0.948398, 301, 85912.921875, 2550001, 43152121, 25175539, 70877661
30000, 30000, 0, 0, dp_9.000000, 30059672.42258072, 191587.9962158203, 154333.918316, inf, 173.41040462427745, 437.22103152979156, 27007.569154, 61006.064458, 2.126167, 12517.959286, 53695.376468, 104.822783, 1557, 173770.40625, 10350001, 19121689, 133803164, 163274854, 29929364.887256622, 86023.78338623047, 96199.09561199999, inf, 348.83720930232556, 657.9980889995774, 33365.962867, 30080.296234, 0.469631, 6154.517816, 26585.06433, 12.784734, 774, 128617.8203125, 5130001, 23834902, 66139950, 95104853, 29698793.53419876, 44756.132751464844, 92518.11099599999, inf, 697.6744186046511, 1233.2978048274083, 61194.771391, 14857.533123, 0.089899, 3066.88529, 13397.248565, 1.582728, 387, 81969.1171875, 2550001, 43152121, 32860269, 78562391
30000, 30000, 0, 0, fixed_reps_1, 30089908.608615875, 221824.18225097656, 47268.012847000005, inf, 173.41040462427745, 437.22103152979156, 27007.569154, 7690.539554, 2.012136, 12517.959286, 49.932717, 0, 173, 407764.3125, 10350001, 19121689, 10343809, 39815499, 29947543.584949493, 104202.48107910156, 43272.830393000004, inf, 348.83720930232556, 657.9980889995774, 33365.962867, 3701.976193, 0.422943, 6154.517816, 49.950574, 0, 86, 234015.328125, 5130001, 23834902, 5122181, 34087084, 29703324.11561966, 49286.71417236328, 66183.469175, inf, 697.6744186046511, 1233.2978048274083, 61194.771391, 1871.116179, 0.091562, 3066.88529, 50.604753, 0, 43, 124721.484375, 2550001, 43152121, 2537695, 48239817
30000, 30000, 0, 0, fixed_reps_11, 30065564.556552887, 197480.13018798828, 114809.19227099999, inf, 173.41040462427745, 437.22103152979156, 27007.569154, 74856.321873, 2.188523, 12517.959286, 425.153435, 0, 1903, 228302.203125, 10350001, 19121689, 113780169, 143251859, 29932502.960437775, 89161.85656738281, 76853.84502299999, inf, 348.83720930232556, 657.9980889995774, 33365.962867, 36907.716914, 0.46402, 6154.517816, 425.183406, 0, 946, 148881.140625, 5130001, 23834902, 56343131, 85308034, 29698242.05513382, 44204.65368652344, 82948.024677, inf, 697.6744186046511, 1233.2978048274083, 61194.771391, 18250.93298, 0.102462, 3066.88529, 435.332554, 0, 473, 89930.8359375, 2550001, 43152121, 27914215, 73616337
30000, 30000, 0, 0, fixed_reps_13, 30063631.779087067, 195547.35272216797, 128220.41775200001, inf, 173.41040462427745, 437.22103152979156, 27007.569154, 88191.050697, 2.176661, 12517.959286, 501.661954, 0, 2249, 216627.4375, 10350001, 19121689, 134467441, 163939131, 29931739.932300568, 88398.82843017578, 83566.003903, inf, 348.83720930232556, 657.9980889995774, 33365.962867, 43543.15715, 0.465142, 6154.517816, 501.900928, 0, 1118, 143458.390625, 5130001, 23834902, 66587321, 95552224, 29697990.085956573, 43952.684509277344, 86251.37746399999, inf, 697.6744186046511, 1233.2978048274083, 61194.771391, 21484.252453, 0.092324, 3066.88529, 505.376006, 0, 559, 87136.8984375, 2550001, 43152121, 32989519, 78691641
30000, 30000, 0, 0, fixed_reps_15, 30061841.62179947, 193757.1954345703, 141715.678453, inf, 173.41040462427745, 437.22103152979156, 27007.569154, 101607.550492, 2.177086, 12517.959286, 580.422435, 0, 2595, 205255.59375, 10350001, 19121689, 155154713, 184626403, 29931076.051563263, 87734.9476928711, 90237.529077, inf, 348.83720930232556, 657.9980889995774, 33365.962867, 50137.933104, 0.461596, 6154.517816, 578.653694, 0, 1290, 138698.1875, 5130001, 23834902, 76831511, 105796414, 29697808.173114777, 43770.77166748047, 89646.03520299999, inf, 697.6744186046511, 1233.2978048274083, 61194.771391, 24801.36581, 0.108604, 3066.88529, 582.904108, 0, 645, 80355.3203125, 2550001, 43152121, 38064823, 83766945
30000, 30000, 0, 0, fixed_reps_17, 30060190.30789566, 192105.88153076172, 155208.632893, inf, 173.41040462427745, 437.22103152979156, 27007.569154, 115023.726178, 2.153176, 12517.959286, 657.225099, 0, 2941, 194694.84375, 10350001, 19121689, 175841985, 205313675, 29930523.525440216, 87182.42156982422, 97011.64023599999, inf, 348.83720930232556, 657.9980889995774, 33365.962867, 56833.596987, 0.461605, 6154.517816, 657.100961, 0, 1462, 133686.4375, 5130001, 23834902, 87075701, 116040604, 29697793.437397003, 43756.03594970703, 93027.690706, inf, 697.6744186046511, 1233.2978048274083, 61194.771391, 28097.038726, 0.092133, 3066.88529, 668.903166, 0, 731, 77817.6171875, 2550001, 43152121, 43140127, 88842249
30000, 30000, 0, 0, fixed_reps_19, 30058912.030735016, 190827.6043701172, 168754.876749, inf, 173.41040462427745, 437.22103152979156, 27007.569154, 128493.163124, 2.164452, 12517.959286, 734.020733, 0, 3287, 187395.75, 10350001, 19121689, 196529257, 226000947, 29929553.813404083, 86212.7095336914, 103882.796556, inf, 348.83720930232556, 657.9980889995774, 33365.962867, 63610.548785, 0.459722, 6154.517816, 751.307366, 0, 1634, 129875.65625, 5130001, 23834902, 97319891, 126284794, 29697793.437397003, 43756.03594970703, 96338.573986, inf, 697.6744186046511, 1233.2978048274083, 61194.771391, 31328.306752, 0.102742, 3066.88529, 748.507811, 0, 817, 76560.0546875, 2550001, 43152121, 48215431, 93917553
30000, 30000, 0, 0, fixed_reps_21, 30057091.27212906, 189006.84576416016, 182442.17755799997, inf, 173.41040462427745, 437.22103152979156, 27007.569154, 142099.378977, 2.131558, 12517.959286, 815.138583, 0, 3633, 176744.453125, 10350001, 19121689, 217216529, 246688219, 29928517.92937088, 85176.82550048828, 110478.975685, inf, 348.83720930232556, 657.9980889995774, 33365.962867, 70145.181154, 0.466154, 6154.517816, 812.847694, 0, 1806, 126876.796875, 5130001, 23834902, 107564081, 136528984, 29697082.21529007, 43044.81384277344, 99616.652111, inf, 697.6744186046511, 1233.2978048274083, 61194.771391, 34535.812525, 0.09026, 3066.88529, 819.092645, 0, 903, 75338.4609375, 2550001, 43152121, 53290735, 98992857
30000, 30000, 0, 0, fixed_reps_23, 30054709.521579742, 186625.09521484375, 195758.433163, inf, 173.41040462427745, 437.22103152979156, 27007.569154, 155341.948604, 2.150793, 12517.959286, 888.805326, 0, 3979, 167673.6875, 10350001, 19121689, 237903801, 267375491, 29928036.947925568, 84695.84405517578, 117187.184431, inf, 348.83720930232556, 657.9980889995774, 33365.962867, 76771.589218, 0.466815, 6154.517816, 894.647715, 0, 1978, 122828.953125, 5130001, 23834902, 117808271, 146773174, 29696967.990314484, 42930.5888671875, 102982.652598, inf, 697.6744186046511, 1233.2978048274083, 61194.771391, 37826.522008, 0.105518, 3066.88529, 894.368391, 0, 989, 74167.0625, 2550001, 43152121, 58366039, 104068161
30000, 30000, 0, 0, fixed_reps_25, 30053250.041233063, 185165.61486816406, 209178.3458, inf, 173.41040462427745, 437.22103152979156, 27007.569154, 168684.824329, 2.188014, 12517.959286, 965.805017, 0, 4325, 159562.15625, 10350001, 19121689, 258591073, 288062763, 29927576.22081375, 84235.11694335938, 123896.168585, inf, 348.83720930232556, 657.9980889995774, 33365.962867, 83403.812018, 0.461456, 6154.517816, 971.414428, 0, 2150, 118527.8515625, 5130001, 23834902, 128052461, 157017364, 29696946.119342804, 42908.71789550781, 106435.987932, inf, 697.6744186046511, 1233.2978048274083, 61194.771391, 41191.764706, 0.104586, 3066.88529, 982.461959, 0, 1075, 73019.3359375, 2550001, 43152121, 63441343, 109143465
30000, 30000, 0, 0, fixed_reps_27, 30052407.230503082, 184322.8041381836, 222616.816339, inf, 173.41040462427745, 437.22103152979156, 27007.569154, 182047.971515, 2.14375, 12517.959286, 1041.172634, 0, 4671, 151962.65625, 10350001, 19121689, 279278345, 308750035, 29926283.58800125, 82942.48413085938, 130569.845902, inf, 348.83720930232556, 657.9980889995774, 33365.962867, 90004.748865, 0.467597, 6154.517816, 1044.148757, 0, 2322, 114420.84375, 5130001, 23834902, 138296651, 167261554, 29696587.995319366, 42550.59387207031, 109681.25857800001, inf, 697.6744186046511, 1233.2978048274083, 61194.771391, 44369.501504, 0.104596, 3066.88529, 1049.995797, 0, 1161, 70729.7109375, 2550001, 43152121, 68516647, 114218769
30000, 30000, 0, 0, fixed_reps_29, 30052053.2154274, 183968.7890625, 236613.01086800004, inf, 173.41040462427745, 437.22103152979156, 27007.569154, 195966.867327, 2.146986, 12517.959286, 1118.468115, 0, 5017, 146494.203125, 10350001, 19121689, 299965617, 329437307, 29926107.027210236, 82765.92333984375, 137302.512582, inf, 348.83720930232556, 657.9980889995774, 33365.962867, 96660.602711, 0.466304, 6154.517816, 1120.962884, 0, 2494, 108914.671875, 5130001, 23834902, 148540841, 177505744, 29695714.042987823, 41676.641540527344, 113004.15452499999, inf, 697.6744186046511, 1233.2978048274083, 61194.771391, 47598.817008, 0.092603, 3066.88529, 1143.588233, 0, 1247, 69669, 2550001, 43152121, 73591951, 119294073
30000, 30000, 0, 0, fixed_reps_3, 30079536.609531403, 211452.1831665039, 60666.01728500001, inf, 173.41040462427745, 437.22103152979156, 27007.569154, 21021.11512, 2.157909, 12517.959286, 117.215816, 0, 519, 330696.40625, 10350001, 19121689, 31031081, 60502771, 29941418.66539383, 98077.5615234375, 49979.350089, inf, 348.83720930232556, 657.9980889995774, 33365.962867, 10342.846703, 0.468138, 6154.517816, 115.554565, 0, 258, 199104.125, 5130001, 23834902, 15366371, 44331274, 29701646.012836456, 47608.611389160156, 69518.419117, inf, 697.6744186046511, 1233.2978048274083, 61194.771391, 5138.421396, 0.091181, 3066.88529, 118.249859, 0, 129, 111979.4765625, 2550001, 43152121, 7612999, 53315121
30000, 30000, 0, 0, fixed_reps_31, 30051632.397068024, 183547.970703125, 249585.696728, inf, 173.41040462427745, 437.22103152979156, 27007.569154, 208860.975987, 2.13364, 12517.959286, 1197.058661, 0, 5363, 143306.890625, 10350001, 19121689, 320652889, 350124579, 29925634.839099884, 82293.73522949219, 144097.507906, inf, 348.83720930232556, 657.9980889995774, 33365.962867, 103378.469743, 0.4584, 6154.517816, 1198.09908, 0, 2666, 102326.4375, 5130001, 23834902, 158785031, 187749934, 29695311.346881866, 41273.94543457031, 116423.367019, inf, 697.6744186046511, 1233.2978048274083, 61194.771391, 50956.223706, 0.104105, 3066.88529, 1205.382527, 0, 1333, 68968.9765625, 2550001, 43152121, 78667255, 124369377
30000, 30000, 0, 0, fixed_reps_33, 30051044.974765778, 182960.5484008789, 263301.477359, inf, 173.41040462427745, 437.22103152979156, 27007.569154, 222500.466569, 2.294793, 12517.959286, 1273.187557, 0, 5709, 137899.84375, 10350001, 19121689, 341340161, 370811851, 29925335.702625275, 81994.59875488281, 150776.9999, inf, 348.83720930232556, 657.9980889995774, 33365.962867, 109976.876433, 0.472647, 6154.517816, 1279.170137, 0, 2838, 98446.0859375, 5130001, 23834902, 169029221, 197994124, 29695279.495563507, 41242.09411621094, 119717.92067900002, inf, 697.6744186046511, 1233.2978048274083, 61194.771391, 54151.514823, 0.11169, 3066.88529, 1304.637485, 0, 1419, 68215.3125, 2550001, 43152121, 83742559, 129444681
30000, 30000, 0, 0, fixed_reps_35, 30050823.021396637, 182738.59503173828, 276865.216493, inf, 173.41040462427745, 437.22103152979156, 27007.569154, 235986.934614, 2.322004, 12517.959286, 1350.431435, 0, 6055, 134464.375, 10350001, 19121689, 362027433, 391499123, 29925097.363880157, 81756.26000976562, 157570.45655499998, inf, 348.83720930232556, 657.9980889995774, 33365.962867, 116693.305832, 0.465293, 6154.517816, 1356.204747, 0, 3010, 95999.296875, 5130001, 23834902, 179273411, 208238314, 29694824.01454544, 40786.61309814453, 123063.36236, inf, 697.6744186046511, 1233.2978048274083, 61194.771391, 57440.563651, 0.106409, 3066.88529, 1361.035619, 0, 1505, 67587.0625, 2550001, 43152121, 88817863, 134519985
30000, 30000, 0, 0, fixed_reps_37, 30050098.928806305, 182014.50244140625, 290395.300399, inf, 173.41040462427745, 437.22103152979156, 27007.569154, 249437.527355, 2.259427, 12517.959286, 1429.985177, 0, 6401, 130531.3671875, 10350001, 19121689, 382714705, 412186395, 29924947.510608673, 81606.40673828125, 164243.85169500002, inf, 348.83720930232556, 657.9980889995774, 33365.962867, 123289.359048, 0.464421, 6154.517816, 1433.547543, 0, 3182, 94079.65625, 5130001, 23834902, 189517601, 218482504, 29694497.57728958, 40460.175842285156, 126364.587336, inf, 697.6744186046511, 1233.2978048274083, 61194.771391, 60642.431299, 0.10646, 3066.88529, 1460.392896, 0, 1591, 66935.3671875, 2550001, 43152121, 93893167, 139595289
30000, 30000, 0, 0, fixed_reps_39, 30049241.333774567, 181156.90740966797, 304259.217835, inf, 173.41040462427745, 437.22103152979156, 27007.569154, 263225.890032, 2.13801, 12517.959286, 1505.661353, 0, 6747, 127406.9609375, 10350001, 19121689, 403401977, 432873667, 29924876.80687332, 81535.70300292969, 170957.449371, inf, 348.83720930232556, 657.9980889995774, 33365.962867, 129925.617697, 0.47448, 6154.517816, 1510.876511, 0, 3354, 92947.84375, 5130001, 23834902, 199761791, 228726694, 29694188.68642044, 40151.28497314453, 129722.461127, inf, 697.6744186046511, 1233.2978048274083, 61194.771391, 63946.232122, 0.103825, 3066.88529, 1514.468499, 0, 1677, 66131.4375, 2550001, 43152121, 98968471, 144670593
30000, 30000, 0, 0, fixed_reps_41, 30048918.982456207, 180834.5560913086, 318459.676933, inf, 173.41040462427745, 437.22103152979156, 27007.569154, 277351.873179, 2.124494, 12517.959286, 1580.15082, 0, 7093, 124713.6796875, 10350001, 19121689, 424089249, 453560939, 29924749.602344513, 81408.4984741211, 177643.986305, inf, 348.83720930232556, 657.9980889995774, 33365.962867, 136529.639741, 0.465082, 6154.517816, 1593.400799, 0, 3526, 91599.8984375, 5130001, 23834902, 210005981, 238970884, 29694110.833942413, 40073.43249511719, 133051.350252, inf, 697.6744186046511, 1233.2978048274083, 61194.771391, 67176.973751, 0.100488, 3066.88529, 1612.619332, 0, 1763, 65501.3203125, 2550001, 43152121, 104043775, 149745897
30000, 30000, 0, 0, fixed_reps_5, 30075263.265354156, 207178.8389892578, 74159.19595600001, inf, 173.41040462427745, 437.22103152979156, 27007.569154, 34438.7882, 2.154744, 12517.959286, 192.724572, 0, 865, 287672.9375, 10350001, 19121689, 51718353, 81190043, 29937816.160511017, 94475.056640625, 56713.43470400001, inf, 348.83720930232556, 657.9980889995774, 33365.962867, 16999.398216, 0.427773, 6154.517816, 193.128032, 0, 430, 178874.421875, 5130001, 23834902, 25610561, 54575464, 29699970.20051956, 45932.799072265625, 72847.739382, inf, 697.6744186046511, 1233.2978048274083, 61194.771391, 8390.744698, 0.09067, 3066.88529, 195.247333, 0, 215, 103841.28125, 2550001, 43152121, 12688303, 58390425
30000, 30000, 0, 0, fixed_reps_7, 30070948.847507477, 202864.42114257812, 87708.27306400001, inf, 173.41040462427745, 437.22103152979156, 27007.569154, 47908.94703, 2.441196, 12517.959286, 271.356398, 0, 1211, 263208.09375, 10350001, 19121689, 72405625, 101877315, 29935620.78282547, 92279.67895507812, 63428.34356900001, inf, 348.83720930232556, 657.9980889995774, 33365.962867, 23637.229655, 0.462678, 6154.517816, 270.170553, 0, 602, 166077.6875, 5130001, 23834902, 35854751, 64819654, 29699077.12733841, 45039.72589111328, 76189.509784, inf, 697.6744186046511, 1233.2978048274083, 61194.771391, 11655.97279, 0.092914, 3066.88529, 271.787399, 0, 301, 99855.671875, 2550001, 43152121, 17763607, 63465729
30000, 30000, 0, 0, fixed_reps_9, 30068328.041294098, 200243.61492919922, 101270.72050099999, inf, 173.41040462427745, 437.22103152979156, 27007.569154, 61395.639486, 2.15525, 12517.959286, 347.397325, 0, 1557, 240710.53125, 10350001, 19121689, 93092897, 122564587, 29934247.815296173, 90906.71142578125, 70130.528081, inf, 348.83720930232556, 657.9980889995774, 33365.962867, 30262.059761, 0.425187, 6154.517816, 347.56245, 0, 774, 157056.4375, 5130001, 23834902, 46098941, 75063844, 29698890.040546417, 44852.639099121094, 79579.020027, inf, 697.6744186046511, 1233.2978048274083, 61194.771391, 14967.502265, 0.093255, 3066.88529, 349.767826, 0, 387, 95642.390625, 2550001, 43152121, 22838911, 68541033
30000, 30000, 0, 0, greedy_1.000000, 30089908.608615875, 221824.18225097656, 47072.494763999995, inf, 173.41040462427745, 437.22103152979156, 27007.569154, 7508.016926, 1.981586, 12517.959286, 36.959627, 0.008185, 173, 407764.3125, 10350001, 19121689, 10343809, 39815499, 29947543.584949493, 104202.48107910156, 43278.956924, inf, 348.83720930232556, 657.9980889995774, 33365.962867, 3720.471063, 0.457087, 6154.517816, 37.543092, 0.004999, 86, 234015.328125, 5130001, 23834902, 5122181, 34087084, 29703324.11561966, 49286.71417236328, 66129.094756, inf, 697.6744186046511, 1233.2978048274083, 61194.771391, 1829.71351, 0.09033, 3066.88529, 37.63142, 0.002815, 43, 124721.484375, 2550001, 43152121, 2537695, 48239817
30000, 30000, 0, 0, greedy_11.000000, 30061191.258945465, 193106.8325805664, 180948.33390400003, inf, 173.41040462427745, 437.22103152979156, 27007.569154, 74533.08019, 2.143771, 12517.959286, 66886.917688, 0.663815, 1903, 198003.984375, 10350001, 19121689, 164930362, 194402052, 29930642.480945587, 87301.37707519531, 109968.115284, inf, 348.83720930232556, 657.9980889995774, 33365.962867, 37187.022911, 0.471464, 6154.517816, 33259.991177, 0.149049, 946, 139266.53125, 5130001, 23834902, 81993083, 110957986, 29698348.17317581, 44310.771728515625, 99037.382755, inf, 697.6744186046511, 1233.2978048274083, 61194.771391, 18041.106284, 0.100568, 3066.88529, 16734.457757, 0.061465, 473, 87768.4140625, 2550001, 43152121, 40305111, 86007233
30000, 30000, 0, 0, greedy_13.000000, 30057821.55905533, 189737.1326904297, 207729.732629, inf, 173.41040462427745, 437.22103152979156, 27007.569154, 88051.540305, 2.135465, 12517.959286, 80149.781328, 0.747091, 2249, 181566.78125, 10350001, 19121689, 196057560, 225529250, 29929812.972888947, 86471.86901855469, 122590.093685, inf, 348.83720930232556, 657.9980889995774, 33365.962867, 43191.478505, 0.462848, 6154.517816, 39877.495268, 0.176381, 1118, 134877.84375, 5130001, 23834902, 96588087, 125552990, 29698271.806354523, 44234.40490722656, 105878.840432, inf, 697.6744186046511, 1233.2978048274083, 61194.771391, 21395.471387, 0.102402, 3066.88529, 20221.543377, 0.066585, 559, 85689.4609375, 2550001, 43152121, 48019827, 93721949
30000, 30000, 0, 0, greedy_15.000000, 30054604.313999176, 186519.88763427734, 234526.195835, inf, 173.41040462427745, 437.22103152979156, 27007.569154, 101584.961557, 2.110127, 12517.959286, 93412.974186, 0.621525, 2595, 168264.703125, 10350001, 19121689, 227184758, 256656448, 29929404.17168045, 86063.0678100586, 135720.93040200003, inf, 348.83720930232556, 657.9980889995774, 33365.962867, 49689.414726, 0.47463, 6154.517816, 46510.38298, 0.177383, 1290, 127990.578125, 5130001, 23834902, 111452898, 140417801, 29698253.336322784, 44215.93487548828, 112372.844025, inf, 697.6744186046511, 1233.2978048274083, 61194.771391, 24718.531666, 0.100588, 3066.88529, 23392.483857, 0.071233, 645, 84077.734375, 2550001, 43152121, 55734543, 101436665
30000, 30000, 0, 0, greedy_17.000000, 30052767.283664703, 184682.8572998047, 261388.199313, inf, 173.41040462427745, 437.22103152979156, 27007.569154, 115067.891152, 2.145303, 12517.959286, 106791.94221, 0.692208, 2941, 154569.03125, 10350001, 19121689, 258311956, 287783646, 29928683.518115997, 85342.41424560547, 148980.779938, inf, 348.83720930232556, 657.9980889995774, 33365.962867, 56202.072219, 0.461886, 6154.517816, 53257.54126, 0.22389, 1462, 122353.3671875, 5130001, 23834902, 126916902, 155881805, 29697646.03358841, 43608.63214111328, 119556.447661, inf, 697.6744186046511, 1233.2978048274083, 61194.771391, 28112.499329, 0.101451, 3066.88529, 27182.134495, 0.055705, 731, 80563.84375, 2550001, 43152121, 63449259, 109151381
30000, 30000, 0, 0, greedy_19.000000, 30052417.697299957, 184333.2709350586, 288383.9143, inf, 173.41040462427745, 437.22103152979156, 27007.569154, 128564.386229, 2.308189, 12517.959286, 120290.877255, 0.814187, 3287, 149815.796875, 10350001, 19121689, 289439154, 318910844, 29928328.825855255, 84987.72198486328, 162892.323912, inf, 348.83720930232556, 657.9980889995774, 33365.962867, 62931.142078, 0.457237, 6154.517816, 60439.979808, 0.264106, 1634, 116743.6484375, 5130001, 23834902, 142380906, 171345809, 29697141.239032745, 43103.83758544922, 125685.43929099999, inf, 697.6744186046511, 1233.2978048274083, 61194.771391, 31369.397676, 0.105308, 3066.88529, 30054.190809, 0.088817, 817, 78224.5390625, 2550001, 43152121, 71133989, 116836111
30000, 30000, 0, 0, greedy_21.000000, 30051456.509433746, 183372.08306884766, 315081.607425, inf, 173.41040462427745, 437.22103152979156, 27007.569154, 142094.899869, 2.130957, 12517.959286, 133458.212512, 0.835647, 3633, 143659.375, 10350001, 19121689, 320566352, 350038042, 29927817.810962677, 84476.70709228516, 175806.03100199997, inf, 348.83720930232556, 657.9980889995774, 33365.962867, 69809.952061, 0.423885, 6154.517816, 66474.906811, 0.267562, 1806, 111477.765625, 5130001, 23834902, 157844910, 186809813, 29697040.910541534, 43003.50909423828, 132807.088742, inf, 697.6744186046511, 1233.2978048274083, 61194.771391, 34676.899911, 0.103174, 3066.88529, 33868.335951, 0.093025, 903, 76517.5078125, 2550001, 43152121, 78788733, 124490855
30000, 30000, 0, 0, greedy_23.000000, 30050145.380832672, 182060.95446777344, 342005.178846, inf, 173.41040462427745, 437.22103152979156, 27007.569154, 155643.11138, 2.32493, 12517.959286, 146833.247964, 0.966132, 3979, 128144.9765625, 10350001, 19121689, 351693550, 381165240, 29927384.46513748, 84043.36126708984, 188925.34733, inf, 348.83720930232556, 657.9980889995774, 33365.962867, 76366.998317, 0.468799, 6154.517816, 73037.106401, 0.29313, 1978, 109161.6015625, 5130001, 23834902, 173308914, 202273817, 29695796.652057648, 41759.25061035156, 139307.76954500002, inf, 697.6744186046511, 1233.2978048274083, 61194.771391, 38103.673558, 0.108183, 3066.88529, 36942.226637, 0.104486, 989, 74998.78125, 2550001, 43152121, 86503449, 132205571
30000, 30000, 0, 0, greedy_25.000000, 30049053.2791481, 180968.85278320312, 368709.04424699995, inf, 173.41040462427745, 437.22103152979156, 27007.569154, 169197.499839, 2.137559, 12517.959286, 159982.859929, 1.01848, 4325, 122146.703125, 10350001, 19121689, 382820748, 412292438, 29926808.388721466, 83467.28485107422, 202478.275008, inf, 348.83720930232556, 657.9980889995774, 33365.962867, 83034.250618, 0.477515, 6154.517816, 79922.748195, 0.317997, 2150, 108055.3125, 5130001, 23834902, 188712970, 217677873, 29695321.083454132, 41283.68200683594, 145523.91783599998, inf, 697.6744186046511, 1233.2978048274083, 61194.771391, 40961.214423, 0.117921, 3066.88529, 40300.821059, 0.107752, 1075, 71470.5546875, 2550001, 43152121, 93558473, 139260595
30000, 30000, 0, 0, greedy_27.000000, 30048155.99740982, 180071.57104492188, 395708.123205, inf, 173.41040462427745, 437.22103152979156, 27007.569154, 182754.946403, 2.122871, 12517.959286, 173424.455444, 1.070047, 4671, 115327.578125, 10350001, 19121689, 413947946, 443419636, 29926366.798511505, 83025.69464111328, 215485.81479200002, inf, 348.83720930232556, 657.9980889995774, 33365.962867, 89606.576363, 0.467607, 6154.517816, 86357.947766, 0.342373, 2322, 104600.8828125, 5130001, 23834902, 203907208, 232872111, 29694138.02272415, 40100.62127685547, 152751.199449, inf, 697.6744186046511, 1233.2978048274083, 61194.771391, 44348.106915, 0.101982, 3066.88529, 44141.217944, 0.115927, 1161, 70310.6640625, 2550001, 43152121, 101273189, 146975311
30000, 30000, 0, 0, greedy_29.000000, 30045480.521640778, 177396.0952758789, 422802.74069, inf, 173.41040462427745, 437.22103152979156, 27007.569154, 196341.460525, 2.214663, 12517.959286, 186932.37896, 1.158102, 5017, 106036.78125, 10350001, 19121689, 445075144, 474546834, 29926020.793689728, 82679.68981933594, 229220.807055, inf, 348.83720930232556, 657.9980889995774, 33365.962867, 96498.707559, 0.467096, 6154.517816, 93200.792613, 0.359104, 2494, 101513.8515625, 5130001, 23834902, 219371212, 248336115, 29693706.32027054, 39668.91882324219, 158587.90798900003, inf, 697.6744186046511, 1233.2978048274083, 61194.771391, 47603.230747, 0.103624, 3066.88529, 46722.798365, 0.118572, 1247, 67212.9140625, 2550001, 43152121, 108987905, 154690027
30000, 30000, 0, 0, greedy_3.000000, 30078735.305332184, 210650.87896728516, 73881.797306, inf, 173.41040462427745, 437.22103152979156, 27007.569154, 20944.64039, 2.020679, 12517.959286, 13409.507178, 0.100619, 519, 297548.5, 10350001, 19121689, 41261143, 70732833, 29939579.242969513, 96238.1390991211, 56579.370501, inf, 348.83720930232556, 657.9980889995774, 33365.962867, 10371.689162, 0.460904, 6154.517816, 6686.699657, 0.040095, 258, 185622.625, 5130001, 23834902, 20466330, 49431233, 29701086.331684113, 47048.930236816406, 72707.913693, inf, 697.6744186046511, 1233.2978048274083, 61194.771391, 5057.816441, 0.091852, 3066.88529, 3388.332208, 0.016511, 129, 108069.75, 2550001, 43152121, 10043307, 55745429
30000, 30000, 0, 0, greedy_31.000000, 30044852.801425934, 176768.37506103516, 449847.32852399995, inf, 173.41040462427745, 437.22103152979156, 27007.569154, 209973.357144, 2.322275, 12517.959286, 200344.895277, 1.225388, 5363, 101121.5390625, 10350001, 19121689, 476202342, 505674032, 29924656.822925568, 81315.71905517578, 243019.96797899998, inf, 348.83720930232556, 657.9980889995774, 33365.962867, 103319.151146, 0.464441, 6154.517816, 100179.49902, 0.372689, 2666, 98821.8125, 5130001, 23834902, 234835216, 263800119, 29693622.034381866, 39584.63293457031, 165024.67359299998, inf, 697.6744186046511, 1233.2978048274083, 61194.771391, 50783.827179, 0.108404, 3066.88529, 49978.954491, 0.126838, 1333, 66616.2890625, 2550001, 43152121, 116402761, 162104883
30000, 30000, 0, 0, greedy_33.000000, 30044494.63516617, 176410.20880126953, 476851.02685100003, inf, 173.41040462427745, 437.22103152979156, 27007.569154, 223549.579786, 2.120547, 12517.959286, 213772.485867, 1.312211, 5709, 96139.4296875, 10350001, 19121689, 507329540, 536801230, 29924617.555103302, 81276.45123291016, 256847.565437, inf, 348.83720930232556, 657.9980889995774, 33365.962867, 109942.611947, 0.470182, 6154.517816, 107383.399464, 0.603161, 2838, 96341.765625, 5130001, 23834902, 250299220, 279264123, 29693434.43202591, 39397.03057861328, 171682.519777, inf, 697.6744186046511, 1233.2978048274083, 61194.771391, 54115.285318, 0.102412, 3066.88529, 53305.336896, 0.13847, 1419, 65866.5234375, 2550001, 43152121, 124117477, 169819599
30000, 30000, 0, 0, greedy_35.000000, 30043933.79922867, 175849.37286376953, 503871.29238, inf, 173.41040462427745, 437.22103152979156, 27007.569154, 237148.944771, 2.298039, 12517.959286, 227193.15594, 1.36519, 6055, 92399.8515625, 10350001, 19121689, 538456738, 567928428, 29924386.07036209, 81044.96649169922, 269885.789164, inf, 348.83720930232556, 657.9980889995774, 33365.962867, 116638.6183, 0.476784, 6154.517816, 113725.798008, 0.415389, 3010, 95236.6328125, 5130001, 23834902, 265763224, 294728127, 29692904.082538605, 38866.681091308594, 177290.23448599997, inf, 697.6744186046511, 1233.2978048274083, 61194.771391, 56365.784067, 0.103564, 3066.88529, 56662.541896, 0.148278, 1505, 63674.5234375, 2550001, 43152121, 130093005, 175795127
30000, 30000, 0, 0, greedy_37.000000, 30043738.82291031, 175654.39654541016, 531169.1228059999, inf, 173.41040462427745, 437.22103152979156, 27007.569154, 251030.513667, 2.308019, 12517.959286, 240609.26846, 1.50422, 6401, 88727.203125, 10350001, 19121689, 569583936, 599055626, 29924279.623340607, 80938.51947021484, 282718.128148, inf, 348.83720930232556, 657.9980889995774, 33365.962867, 123561.464106, 0.475571, 6154.517816, 119635.023896, 0.683892, 3182, 91252.0625, 5130001, 23834902, 281227228, 310192131, 29692564.52223587, 38527.12078857422, 183954.26428600002, inf, 697.6744186046511, 1233.2978048274083, 61194.771391, 59748.197968, 0.102332, 3066.88529, 59944.158867, 0.148438, 1591, 61498.22265625, 2550001, 43152121, 137807721, 183509843
30000, 30000, 0, 0, greedy_39.000000, 30043530.759433746, 175446.33306884766, 559658.3524109999, inf, 173.41040462427745, 437.22103152979156, 27007.569154, 265221.425718, 2.232186, 12517.959286, 254907.587336, 1.578731, 6747, 84867.078125, 10350001, 19121689, 600711134, 630182824, 29922958.544391632, 79617.44052124023, 297643.14424700005, inf, 348.83720930232556, 657.9980889995774, 33365.962867, 130455.393686, 0.466695, 6154.517816, 127666.350725, 0.452458, 3354, 85436.1875, 5130001, 23834902, 296691232, 325656135, 29692564.52223587, 38527.12078857422, 191111.22995999997, inf, 697.6744186046511, 1233.2978048274083, 61194.771391, 63179.050188, 0.103755, 3066.88529, 63670.263874, 0.155462, 1677, 60718.0859375, 2550001, 43152121, 145522437, 191224559
30000, 30000, 0, 0, greedy_5.000000, 30069146.618320465, 201062.1919555664, 101188.048946, inf, 173.41040462427745, 437.22103152979156, 27007.569154, 34612.846882, 2.31432, 12517.959286, 27047.17062, 0.188684, 865, 258947.0625, 10350001, 19121689, 72358366, 101830056, 29937131.69652176, 93790.59265136719, 69857.60373999999, inf, 348.83720930232556, 657.9980889995774, 33365.962867, 16983.349617, 0.433724, 6154.517816, 13353.275957, 0.063759, 430, 170870.359375, 5130001, 23834902, 35601071, 64565974, 29700751.995624542, 46714.594177246094, 79390.06764299999, inf, 697.6744186046511, 1233.2978048274083, 61194.771391, 8406.750254, 0.092253, 3066.88529, 6721.545131, 0.023324, 215, 103536.65625, 2550001, 43152121, 17668065, 63370187
30000, 30000, 0, 0, greedy_7.000000, 30066711.530124664, 198627.10375976562, 128100.69376699999, inf, 173.41040462427745, 437.22103152979156, 27007.569154, 48283.070402, 2.123822, 12517.959286, 40289.650361, 0.320742, 1211, 234421.984375, 10350001, 19121689, 103395639, 132867329, 29933927.699939728, 90586.59606933594, 83150.19171700001, inf, 348.83720930232556, 657.9980889995774, 33365.962867, 23589.722729, 0.44791, 6154.517816, 20039.453842, 0.086553, 602, 161409.21875, 5130001, 23834902, 51065075, 80029978, 29698743.542316437, 44706.140869140625, 86122.552919, inf, 697.6744186046511, 1233.2978048274083, 61194.771391, 11747.345141, 0.094988, 3066.88529, 10113.420142, 0.035967, 301, 98426, 2550001, 43152121, 25382781, 71084903
30000, 30000, 0, 0, greedy_9.000000, 30063165.110996246, 195080.68463134766, 154713.961144, inf, 173.41040462427745, 437.22103152979156, 27007.569154, 61490.552911, 2.111851, 12517.959286, 53695.376468, 0.391474, 1557, 214069.375, 10350001, 19121689, 134432912, 163904602, 29931732.37053299, 88391.26666259766, 96429.594367, inf, 348.83720930232556, 657.9980889995774, 33365.962867, 30323.470218, 0.467757, 6154.517816, 26585.06433, 0.111379, 774, 148189.953125, 5130001, 23834902, 66529079, 95493982, 29698638.13502884, 44600.73358154297, 92536.80960599998, inf, 697.6744186046511, 1233.2978048274083, 61194.771391, 14877.774637, 0.091351, 3066.88529, 13397.248565, 0.038372, 387, 91665.7734375, 2550001, 43152121, 32887595, 78589717
30000, 30000, 0, 0, opt, 30036689.531085968, 168605.10472106934, 637667.8439440001, inf, 173.41040462427745, 437.22103152979156, 27007.569154, 598140.02746, 2.288044, 12517.959286, 0, 0, 0, 0, 10350001, 19121689, 898890300, 928361990, 29912597.378681183, 69256.27481079102, 636276.6562490001, inf, 348.83720930232556, 657.9980889995774, 33365.962867, 596755.717317, 0.458249, 6154.517816, 0, 0, 0, 0, 5130001, 23834902, 897211742, 926176645, 29685323.47270584, 31286.071258544922, 665340.2569670001, inf, 697.6744186046511, 1233.2978048274083, 61194.771391, 601078.499697, 0.100589, 3066.88529, 0, 0, 0, 0, 2550001, 43152121, 891183920, 936886042
30000, 30000, 0, 0, plus_edge, 30079009.83652115, 210925.41015625, 47158.523266000004, inf, 173.41040462427745, 437.22103152979156, 27007.569154, 7630.863501, 2.131325, 12517.959286, 0, 0, 0, 0, 10350001, 19121689, 10343220, 39814910, 29940789.303028107, 97448.19915771484, 43273.429199000006, inf, 348.83720930232556, 657.9980889995774, 33365.962867, 3752.523649, 0.424867, 6154.517816, 0, 0, 0, 0, 5130001, 23834902, 5099320, 34064223, 29701455.664691925, 47418.263244628906, 66123.25174, inf, 697.6744186046511, 1233.2978048274083, 61194.771391, 1861.505752, 0.089307, 3066.88529, 0, 0, 0, 0, 2550001, 43152121, 2509416, 48211538
30000, 30000, 0, 0, simple, 30089908.608615875, 221824.18225097656, 47079.044966, inf, 173.41040462427745, 437.22103152979156, 27007.569154, 7551.535352, 1.981174, 12517.959286, 0, 0, 0, 0, 10350001, 19121689, 10313636, 39785326, 29947543.584949493, 104202.48107910156, 43262.766963, inf, 348.83720930232556, 657.9980889995774, 33365.962867, 3741.860742, 0.425538, 6154.517816, 0, 0, 0, 0, 5130001, 23834902, 5092095, 34056998, 29703324.11561966, 49286.71417236328, 66101.789116, inf, 697.6744186046511, 1233.2978048274083, 61194.771391, 1840.040282, 0.092153, 3066.88529, 0, 0, 0, 0, 2550001, 43152121, 2507652, 48209774
30000, 30000, 0, 0, dp_1.000000, 30089613.52926445, 237536.45538330078, 57536.85828, inf, 173.41040462427745, 522.7604578656735, 38261.140766, 6763.317818, 1.996363, 12472.848638, 37.544476, 0.010219, 173, 0, 10350001, 26224746, 9397121, 45971868, 29820871.07716179, 105805.4390258789, 91633.755567, inf, 348.83720930232556, 1100.3307944523406, 82281.429905, 3152.495709, 0.419417, 6161.644256, 37.759598, 0.006682, 86, 0, 5130001, 57278856, 4365426, 66774283, 29620146.683317184, 54489.43615722656, 117412.352478, inf, 697.6744186046511, 1774.3861135737245, 112820.433483, 1488.762765, 0.071765, 3064.334248, 38.746189, 0.004028, 43, 0, 2550001, 78141707, 2071243, 82762951
30000, 30000, 0, 0, dp_11.000000, 30048979.54134941, 196902.46746826172, 187140.54098999998, inf, 173.41040462427745, 522.7604578656735, 38261.140766, 68433.603212, 2.160671, 12472.848638, 67807.103817, 163.683886, 1903, 134132.1875, 10350001, 26224746, 154986130, 191560877, 29806089.40125847, 91023.7631225586, 153776.070473, inf, 348.83720930232556, 1100.3307944523406, 82281.429905, 31592.850805, 0.426801, 6161.644256, 33720.51981, 19.198896, 946, 97222.03125, 5130001, 57278856, 73764860, 136173717, 29608456.256620407, 42799.00946044922, 148202.06586, inf, 697.6744186046511, 1774.3861135737245, 112820.433483, 14932.051637, 0.091242, 3064.334248, 17382.762162, 2.393088, 473, 63635.8828125, 2550001, 78141707, 35596886, 116288594
30000, 30000, 0, 0, dp_13.000000, 30047596.97244072, 195519.8985595703, 211989.32240499998, inf, 173.41040462427745, 522.7604578656735, 38261.140766, 80208.522691, 2.167264, 12472.848638, 80815.599697, 229.043349, 2249, 120447.09375, 10350001, 26224746, 184089024, 220663771, 29804879.506238937, 89813.86810302734, 166157.705383, inf, 348.83720930232556, 1100.3307944523406, 82281.429905, 37298.985387, 0.460884, 6161.644256, 40388.02695, 27.158001, 1118, 90453.734375, 5130001, 57278856, 87697548, 150106405, 29608206.850248337, 42549.603088378906, 154116.16600699996, inf, 697.6744186046511, 1774.3861135737245, 112820.433483, 17701.408237, 0.089307, 3064.334248, 20526.402583, 3.498149, 559, 60193.71484375, 2550001, 78141707, 42356486, 123048194
30000, 30000, 0, 0, dp_15.000000, 30046646.638944626, 194569.56506347656, 237872.61210799997, inf, 173.41040462427745, 522.7604578656735, 38261.140766, 92435.047595, 2.200587, 12472.848638, 94392.931183, 308.443339, 2595, 109032.203125, 10350001, 26224746, 213311838, 249886585, 29804021.420423508, 88955.78228759766, 178631.00249699998, inf, 348.83720930232556, 1100.3307944523406, 82281.429905, 42998.755793, 0.4265, 6161.644256, 47152.196421, 36.549622, 1290, 84488.4453125, 5130001, 57278856, 101630236, 164039093, 29607308.33584404, 41651.08868408203, 160222.121505, inf, 697.6744186046511, 1774.3861135737245, 112820.433483, 20387.253004, 0.107722, 3064.334248, 23945.486117, 4.506931, 645, 57136.62890625, 2550001, 78141707, 49058357, 129750065
30000, 30000, 0, 0, dp_17.000000, 30045416.569242477, 193339.49536132812, 263432.542038, inf, 173.41040462427745, 522.7604578656735, 38261.140766, 104705.092476, 2.139823, 12472.848638, 107593.17635, 398.143985, 2941, 99242.046875, 10350001, 26224746, 242534652, 279109399, 29802312.606702805, 87246.96856689453, 191225.90284599998, inf, 348.83720930232556, 1100.3307944523406, 82281.429905, 48837.406789, 0.465222, 6161.644256, 53897.618122, 47.338552, 1462, 79209.703125, 5130001, 57278856, 115562924, 177971781, 29607016.666776657, 41359.41961669922, 166499.77734899998, inf, 697.6744186046511, 1774.3861135737245, 112820.433483, 23131.373237, 0.104646, 3064.334248, 27477.705891, 5.825844, 731, 54368.69140625, 2550001, 78141707, 55817957, 136509665
30000, 30000, 0, 0, dp_19.000000, 30043894.34679985, 191817.27291870117, 289075.540674, inf, 173.41040462427745, 522.7604578656735, 38261.140766, 117057.525177, 2.13272, 12472.848638, 120782.428786, 499.464587, 3287, 91056.5625, 10350001, 26224746, 271757466, 308332213, 29801905.77357292, 86840.13543701172, 204083.70918, inf, 348.83720930232556, 1100.3307944523406, 82281.429905, 54518.574032, 0.467777, 6161.644256, 61061.748229, 59.844981, 1634, 74358.5546875, 5130001, 57278856, 129465617, 191874474, 29606083.922574997, 40426.67541503906, 172317.001971, inf, 697.6744186046511, 1774.3861135737245, 112820.433483, 25800.135258, 0.086221, 3064.334248, 30624.700079, 7.312682, 817, 51769.88671875, 2550001, 78141707, 62577557, 143269265
30000, 30000, 0, 0, dp_21.000000, 30043329.418455124, 191252.3445739746, 314682.068261, inf, 173.41040462427745, 522.7604578656735, 38261.140766, 129362.279331, 2.333817, 12472.848638, 133971.42602, 612.039689, 3633, 83662.8125, 10350001, 26224746, 300980280, 337555027, 29801407.769758224, 86342.13162231445, 216374.92995299996, inf, 348.83720930232556, 1100.3307944523406, 82281.429905, 60157.154923, 0.467606, 6161.644256, 67700.48281, 73.750453, 1806, 70031.9765625, 5130001, 57278856, 143308320, 205717177, 29605666.113004684, 40008.86584472656, 178445.016121, inf, 697.6744186046511, 1774.3861135737245, 112820.433483, 28625.903277, 0.088386, 3064.334248, 33925.135564, 9.121163, 903, 49647.88671875, 2550001, 78141707, 69337157, 150028865
30000, 30000, 0, 0, dp_23.000000, 30042895.56213188, 190818.48825073242, 340433.76817899995, inf, 173.41040462427745, 522.7604578656735, 38261.140766, 141739.49302, 2.274185, 12472.848638, 147222.157154, 735.854416, 3979, 77456.1171875, 10350001, 26224746, 330203094, 366777841, 29801374.79942131, 86309.16128540039, 228905.33570699996, inf, 348.83720930232556, 1100.3307944523406, 82281.429905, 66005.011524, 0.45888, 6161.644256, 74368.146688, 88.644454, 1978, 66158.515625, 5130001, 57278856, 157241008, 219649865, 29605592.15841484, 39934.91125488281, 184632.57346, inf, 697.6744186046511, 1774.3861135737245, 112820.433483, 31105.762411, 0.104035, 3064.334248, 37631.142136, 10.797147, 989, 47603.26953125, 2550001, 78141707, 75629015, 156320723
30000, 30000, 0, 0, dp_25.000000, 30041840.065000534, 189762.99111938477, 366233.229992, inf, 173.41040462427745, 522.7604578656735, 38261.140766, 153989.053106, 2.153028, 12472.848638, 160634.202724, 873.83173, 4325, 72334.203125, 10350001, 26224746, 359425908, 396000655, 29800885.10136223, 85819.46322631836, 241422.611709, inf, 348.83720930232556, 1100.3307944523406, 82281.429905, 71517.188739, 0.45888, 6161.644256, 81356.408443, 105.481486, 2150, 62665.78515625, 5130001, 57278856, 170963731, 233372588, 29605123.13674736, 39465.889587402344, 190667.03440899999, inf, 697.6744186046511, 1774.3861135737245, 112820.433483, 33762.961179, 0.102953, 3064.334248, 41006.327592, 12.874954, 1075, 45731.234375, 2550001, 78141707, 82369372, 163061080
30000, 30000, 0, 0, dp_27.000000, 30041185.05532646, 189107.9814453125, 392090.01082, inf, 173.41040462427745, 522.7604578656735, 38261.140766, 166424.243368, 2.156824, 12472.848638, 173911.24197, 1018.379254, 4671, 67528.21875, 10350001, 26224746, 388648722, 425223469, 29799850.383756638, 84784.74562072754, 253752.17653400003, inf, 348.83720930232556, 1100.3307944523406, 82281.429905, 77463.919735, 0.460022, 6161.644256, 87721.57979, 123.142826, 2322, 59632.515625, 5130001, 57278856, 185106384, 247515241, 29604952.795866013, 39295.54870605469, 196800.396857, inf, 697.6744186046511, 1774.3861135737245, 112820.433483, 36359.223014, 0.107181, 3064.334248, 44541.280258, 15.018673, 1161, 44190.703125, 2550001, 78141707, 88975028, 169666736
30000, 30000, 0, 0, dp_29.000000, 30041046.197538376, 188969.12365722656, 417952.205941, inf, 173.41040462427745, 522.7604578656735, 38261.140766, 178831.217996, 2.152397, 12472.848638, 187210.676956, 1174.169188, 5017, 63236.2890625, 10350001, 26224746, 417871536, 454446283, 29799490.51150322, 84424.87336730957, 266516.111161, inf, 348.83720930232556, 1100.3307944523406, 82281.429905, 83087.694326, 0.460754, 6161.644256, 94842.313873, 142.568047, 2494, 56826.7265625, 5130001, 57278856, 198829107, 261237964, 29604632.264677048, 38975.017517089844, 203149.695622, inf, 697.6744186046511, 1774.3861135737245, 112820.433483, 39167.908386, 0.104005, 3064.334248, 48079.622551, 17.292949, 1247, 42641.48828125, 2550001, 78141707, 95734628, 176426336
30000, 30000, 0, 0, dp_3.000000, 30069264.2017498, 217187.12786865234, 83317.464092, inf, 173.41040462427745, 522.7604578656735, 38261.140766, 19114.447654, 2.115047, 12472.848638, 13458.332388, 8.579599, 519, 246918.0625, 10350001, 26224746, 38589955, 75164702, 29814656.495801926, 99590.85766601562, 104004.643229, inf, 348.83720930232556, 1100.3307944523406, 82281.429905, 8795.529146, 0.446247, 6161.644256, 6764.566058, 1.027617, 258, 149487.671875, 5130001, 57278856, 18184083, 80592940, 29614710.704496384, 49053.45733642578, 123482.646306, inf, 697.6744186046511, 1774.3861135737245, 112820.433483, 4142.771774, 0.091241, 3064.334248, 3454.854968, 0.160592, 129, 87811.703125, 2550001, 78141707, 8714400, 89406108
30000, 30000, 0, 0, dp_31.000000, 30040637.292936325, 188560.21905517578, 443530.140425, inf, 173.41040462427745, 522.7604578656735, 38261.140766, 190809.761151, 2.118213, 12472.848638, 200642.390334, 1341.881323, 5363, 59599.49609375, 10350001, 26224746, 446644650, 483219397, 29799447.68020439, 84382.04206848145, 279692.481999, inf, 348.83720930232556, 1100.3307944523406, 82281.429905, 88844.546844, 0.471374, 6161.644256, 102240.857727, 163.531893, 2666, 54271.9140625, 5130001, 57278856, 212761795, 275170652, 29604568.816129684, 38911.56896972656, 209535.629366, inf, 697.6744186046511, 1774.3861135737245, 112820.433483, 42143.83473, 0.104967, 3064.334248, 51487.169066, 19.752872, 1333, 41157.33203125, 2550001, 78141707, 102648172, 183339880
30000, 30000, 0, 0, dp_33.000000, 30040344.92053032, 188267.84664916992, 469567.928515, inf, 173.41040462427745, 522.7604578656735, 38261.140766, 203292.281801, 2.281388, 12472.848638, 214017.700511, 1521.675411, 5709, 56472.52734375, 10350001, 26224746, 475867464, 512442211, 29799351.955595016, 84286.31745910645, 291456.247338, inf, 348.83720930232556, 1100.3307944523406, 82281.429905, 94626.871844, 0.46381, 6161.644256, 108200.119873, 185.71765, 2838, 51885.51171875, 5130001, 57278856, 226694483, 289103340, 29604568.816129684, 38911.56896972656, 215590.043519, inf, 697.6744186046511, 1774.3861135737245, 112820.433483, 44678.323737, 0.101801, 3064.334248, 55004.086903, 22.763347, 1419, 39807.828125, 2550001, 78141707, 109253828, 189945536
30000, 30000, 0, 0, dp_35.000000, 30039660.8451519, 187583.77127075195, 495564.999055, inf, 173.41040462427745, 522.7604578656735, 38261.140766, 215669.72261, 2.158888, 12472.848638, 227447.271362, 1711.856791, 6055, 53548.0390625, 10350001, 26224746, 505090278, 541665025, 29799057.74435234, 83992.10621643066, 304090.570502, inf, 348.83720930232556, 1100.3307944523406, 82281.429905, 100283.757495, 0.472967, 6161.644256, 115154.298945, 208.966934, 3010, 49740.94140625, 5130001, 57278856, 240627171, 303036028, 29604483.479948044, 38826.23278808594, 221110.92476999995, inf, 697.6744186046511, 1774.3861135737245, 112820.433483, 47408.315915, 0.110868, 3064.334248, 57792.351034, 25.379222, 1505, 38358.84765625, 2550001, 78141707, 116013428, 196705136
30000, 30000, 0, 0, dp_37.000000, 30039360.64230156, 187283.56842041016, 521647.025932, inf, 173.41040462427745, 522.7604578656735, 38261.140766, 228157.256244, 2.143079, 12472.848638, 240837.203159, 1916.434046, 6401, 50773.98828125, 10350001, 26224746, 534313092, 570887839, 29798874.64657402, 83809.00843811035, 316179.154318, inf, 348.83720930232556, 1100.3307944523406, 82281.429905, 106050.687827, 0.465894, 6161.644256, 121449.712331, 235.214105, 3182, 47758.359375, 5130001, 57278856, 254559859, 316968716, 29604483.479948044, 38826.23278808594, 227115.64728300003, inf, 697.6744186046511, 1774.3861135737245, 112820.433483, 50113.617021, 0.105137, 3064.334248, 61088.557522, 28.599872, 1591, 37179.23828125, 2550001, 78141707, 122734542, 203426250
30000, 30000, 0, 0, dp_39.000000, 30039360.64230156, 187283.56842041016, 547840.286688, inf, 173.41040462427745, 522.7604578656735, 38261.140766, 240706.079248, 2.334197, 12472.848638, 254268.726879, 2129.15696, 6747, 48058.03515625, 10350001, 26224746, 563535906, 600110653, 29798783.444120407, 83717.80598449707, 328493.00886999996, inf, 348.83720930232556, 1100.3307944523406, 82281.429905, 111854.275688, 0.469962, 6161.644256, 127934.389891, 260.799168, 3354, 45796.8828125, 5130001, 57278856, 268492547, 330901404, 29604160.07284355, 38502.82568359375, 233441.533498, inf, 697.6744186046511, 1774.3861135737245, 112820.433483, 52883.058532, 0.106139, 3064.334248, 64641.899095, 31.702001, 1677, 35934.95703125, 2550001, 78141707, 129494142, 210185850
30000, 30000, 0, 0, dp_5.000000, 30061600.58950615, 209523.515625, 108882.17770300001, inf, 173.41040462427745, 522.7604578656735, 38261.140766, 31264.671862, 2.134342, 12472.848638, 26852.337448, 29.044647, 865, 202535.5625, 10350001, 26224746, 67347668, 103922415, 29812957.089429855, 97891.45129394531, 116406.250967, inf, 348.83720930232556, 1100.3307944523406, 82281.429905, 14463.098509, 0.441338, 6161.644256, 13496.173123, 3.463836, 430, 129356.109375, 5130001, 57278856, 31996791, 94405648, 29611613.431547165, 45956.18438720703, 129704.840382, inf, 697.6744186046511, 1774.3861135737245, 112820.433483, 6876.369037, 0.088055, 3064.334248, 6943.150707, 0.464852, 215, 79025.4140625, 2550001, 78141707, 15474000, 96165708
30000, 30000, 0, 0, dp_7.000000, 30054933.86584282, 202856.79196166992, 134839.966316, inf, 173.41040462427745, 522.7604578656735, 38261.140766, 43755.440662, 2.203382, 12472.848638, 40287.192844, 61.140024, 1211, 173327.078125, 10350001, 26224746, 96540502, 133115249, 29811091.757764816, 96026.11962890625, 128858.465444, inf, 348.83720930232556, 1100.3307944523406, 82281.429905, 20166.473834, 0.428593, 6161.644256, 20241.034406, 7.45445, 602, 116026.734375, 5130001, 57278856, 45929479, 108338336, 29609847.340909958, 44190.09375, 135853.986744, inf, 697.6744186046511, 1774.3861135737245, 112820.433483, 9614.111201, 0.089548, 3064.334248, 10354.060167, 0.958097, 301, 72594.3359375, 2550001, 78141707, 22195114, 102886822
30000, 30000, 0, 0, dp_9.000000, 30051648.69900322, 199571.6251220703, 160760.130553, inf, 173.41040462427745, 522.7604578656735, 38261.140766, 55989.696226, 2.193633, 12472.848638, 53929.325151, 104.926139, 1557, 151102.4375, 10350001, 26224746, 125763316, 162338063, 29808543.811048508, 93478.17291259766, 141306.24196699998, inf, 348.83720930232556, 1100.3307944523406, 82281.429905, 25862.792587, 0.437701, 6161.644256, 26987.331576, 12.605942, 774, 105076.9140625, 5130001, 57278856, 59832172, 122241029, 29608946.46652031, 43289.21936035156, 141869.391573, inf, 697.6744186046511, 1774.3861135737245, 112820.433483, 12271.934344, 0.088326, 3064.334248, 13711.008917, 1.592255, 387, 67603.234375, 2550001, 78141707, 28837286, 109528994
30000, 30000, 0, 0, fixed_reps_1, 30089613.52926445, 237536.45538330078, 57699.743382999986, inf, 173.41040462427745, 522.7604578656735, 38261.140766, 6870.864587, 2.035197, 12472.848638, 92.854195, 0, 173, 382904.6875, 10350001, 26224746, 9397121, 45971868, 29820871.07716179, 105805.4390258789, 91684.197835, inf, 348.83720930232556, 1100.3307944523406, 82281.429905, 3189.721164, 0.472697, 6161.644256, 50.929813, 0, 86, 217458.265625, 5130001, 57278856, 4365426, 66774283, 29620146.683317184, 54489.43615722656, 117469.938472, inf, 697.6744186046511, 1774.3861135737245, 112820.433483, 1533.927816, 0.10118, 3064.334248, 51.141745, 0, 43, 117814.953125, 2550001, 78141707, 2071243, 82762951
30000, 30000, 0, 0, fixed_reps_11, 30058066.634824753, 205989.56094360352, 118965.78138199999, inf, 173.41040462427745, 522.7604578656735, 38261.140766, 67803.072996, 2.171771, 12472.848638, 426.547211, 0, 1903, 204777.171875, 10350001, 26224746, 103366601, 139941348, 29812599.656507492, 97534.01837158203, 120340.611582, inf, 348.83720930232556, 1100.3307944523406, 82281.429905, 31463.314548, 0.458089, 6161.644256, 433.764784, 0, 946, 130365.125, 5130001, 57278856, 48018826, 110427683, 29613043.010892868, 47385.763732910156, 131199.511057, inf, 697.6744186046511, 1774.3861135737245, 112820.433483, 14881.111214, 0.104255, 3064.334248, 433.527857, 0, 473, 76025.3984375, 2550001, 78141707, 22783243, 103474951
30000, 30000, 0, 0, fixed_reps_13, 30055892.24285698, 203815.16897583008, 131242.99225699998, inf, 173.41040462427745, 522.7604578656735, 38261.140766, 80003.293961, 2.195605, 12472.848638, 503.513287, 0, 2249, 190250.859375, 10350001, 26224746, 122160497, 158735244, 29811242.602918625, 96176.96478271484, 126085.007371, inf, 348.83720930232556, 1100.3307944523406, 82281.429905, 37129.704191, 0.457869, 6161.644256, 511.77115, 0, 1118, 126136.6171875, 5130001, 57278856, 56749506, 119158363, 29612612.040922165, 46954.79376220703, 133850.142353, inf, 697.6744186046511, 1774.3861135737245, 112820.433483, 17445.606271, 0.089938, 3064.334248, 519.678413, 0, 559, 73886.25, 2550001, 78141707, 26925643, 107617351
30000, 30000, 0, 0, fixed_reps_15, 30054004.332090378, 201927.25820922852, 143401.778432, inf, 173.41040462427745, 522.7604578656735, 38261.140766, 92081.042175, 2.18708, 12472.848638, 584.559773, 0, 2595, 179704.25, 10350001, 26224746, 140954393, 177529140, 29809615.850538254, 94550.21240234375, 131783.90290400002, inf, 348.83720930232556, 1100.3307944523406, 82281.429905, 42747.441055, 0.457628, 6161.644256, 592.93006, 0, 1290, 119214.8671875, 5130001, 57278856, 65480186, 127889043, 29611813.77157402, 46156.5244140625, 136604.558378, inf, 697.6744186046511, 1774.3861135737245, 112820.433483, 20125.005539, 0.092663, 3064.334248, 594.692445, 0, 645, 71909.203125, 2550001, 78141707, 31068043, 111759751
30000, 30000, 0, 0, fixed_reps_17, 30052653.20416069, 200576.13027954102, 155701.54931, inf, 173.41040462427745, 522.7604578656735, 38261.140766, 104305.786583, 2.19023, 12472.848638, 659.583093, 0, 2941, 169704.15625, 10350001, 26224746, 159748289, 196323036, 29809388.566907883, 94322.92877197266, 137504.501635, inf, 348.83720930232556, 1100.3307944523406, 82281.429905, 48387.856352, 0.462267, 6161.644256, 673.108855, 0, 1462, 111857.3828125, 5130001, 57278856, 74210866, 136619723, 29611324.827482224, 45667.580322265625, 139339.00290999998, inf, 697.6744186046511, 1774.3861135737245, 112820.433483, 22768.856001, 0.107742, 3064.334248, 685.271436, 0, 731, 70374.5703125, 2550001, 78141707, 35210443, 115902151
30000, 30000, 0, 0, fixed_reps_19, 30051169.76440239, 199092.69052124023, 168063.510299, inf, 173.41040462427745, 522.7604578656735, 38261.140766, 116589.893132, 2.220633, 12472.848638, 737.40713, 0, 3287, 161660.828125, 10350001, 26224746, 178542185, 215116932, 29808965.93336296, 93900.29522705078, 143238.13153800002, inf, 348.83720930232556, 1100.3307944523406, 82281.429905, 54045.959092, 0.466145, 6161.644256, 748.63214, 0, 1634, 106611.03125, 5130001, 57278856, 82941546, 145350403, 29610846.99197197, 45189.74481201172, 142060.087247, inf, 697.6744186046511, 1774.3861135737245, 112820.433483, 25420.387937, 0.089418, 3064.334248, 754.842161, 0, 817, 68703.7578125, 2550001, 78141707, 39352843, 120044551
30000, 30000, 0, 0, fixed_reps_21, 30050510.401670456, 198433.32778930664, 180272.32296, inf, 173.41040462427745, 522.7604578656735, 38261.140766, 128721.120323, 2.186753, 12472.848638, 815.02648, 0, 3633, 153443.328125, 10350001, 26224746, 197336081, 233910828, 29808439.76753044, 93374.12939453125, 148926.109603, inf, 348.83720930232556, 1100.3307944523406, 82281.429905, 59653.879319, 0.467346, 6161.644256, 828.688777, 0, 1806, 103977.6484375, 5130001, 57278856, 91672226, 154081083, 29610719.069486618, 45061.822326660156, 144791.348177, inf, 697.6744186046511, 1774.3861135737245, 112820.433483, 28078.083849, 0.105909, 3064.334248, 828.390688, 0, 903, 67060.7421875, 2550001, 78141707, 43495243, 124186951
30000, 30000, 0, 0, fixed_reps_23, 30049537.15978813, 197460.08590698242, 193141.222808, inf, 173.41040462427745, 522.7604578656735, 38261.140766, 141511.690812, 2.2021, 12472.848638, 893.340492, 0, 3979, 146847.8125, 10350001, 26224746, 216129977, 252704724, 29807653.57539177, 92587.93725585938, 154771.825554, inf, 348.83720930232556, 1100.3307944523406, 82281.429905, 65409.106181, 0.462567, 6161.644256, 919.182645, 0, 1978, 100420.1171875, 5130001, 57278856, 100402906, 162811763, 29609467.568632126, 43810.32147216797, 147525.13131300002, inf, 697.6744186046511, 1774.3861135737245, 112820.433483, 30732.784615, 0.091642, 3064.334248, 907.487325, 0, 989, 64800, 2550001, 78141707, 47637643, 128329351
30000, 30000, 0, 0, fixed_reps_25, 30048942.6218853, 196865.5480041504, 204887.112697, inf, 173.41040462427745, 522.7604578656735, 38261.140766, 153179.028707, 2.183645, 12472.848638, 971.910941, 0, 4325, 140560.78125, 10350001, 26224746, 234923873, 271498620, 29806766.10157585, 91700.4634399414, 160459.005134, inf, 348.83720930232556, 1100.3307944523406, 82281.429905, 71022.55939, 0.469189, 6161.644256, 992.902394, 0, 2150, 96760.6015625, 5130001, 57278856, 109133586, 171542443, 29608159.302885056, 42502.055725097656, 150275.888463, inf, 697.6744186046511, 1774.3861135737245, 112820.433483, 33406.989731, 0.105839, 3064.334248, 984.025162, 0, 1075, 63510.47265625, 2550001, 78141707, 51780043, 132471751
30000, 30000, 0, 0, fixed_reps_27, 30047824.457365036, 195747.38348388672, 217066.928551, inf, 173.41040462427745, 522.7604578656735, 38261.140766, 165282.192624, 2.175761, 12472.848638, 1048.570762, 0, 4671, 134235.75, 10350001, 26224746, 253717769, 290292516, 29806389.135816574, 91323.49768066406, 166205.89363399998, inf, 348.83720930232556, 1100.3307944523406, 82281.429905, 76686.666355, 0.462978, 6161.644256, 1075.69014, 0, 2322, 93623.0546875, 5130001, 57278856, 117864266, 180273123, 29607550.854825974, 41893.607666015625, 152990.286802, inf, 697.6744186046511, 1774.3861135737245, 112820.433483, 36034.666816, 0.104846, 3064.334248, 1070.747409, 0, 1161, 59931.84375, 2550001, 78141707, 55922443, 136614151
30000, 30000, 0, 0, fixed_reps_29, 30047603.09982109, 195526.0259399414, 229335.154574, inf, 173.41040462427745, 522.7604578656735, 38261.140766, 177474.803343, 2.198874, 12472.848638, 1124.162953, 0, 5017, 128550.4765625, 10350001, 26224746, 272511665, 309086412, 29804783.662488937, 89718.02435302734, 171917.412912, inf, 348.83720930232556, 1100.3307944523406, 82281.429905, 82330.646616, 0.457017, 6161.644256, 1143.235118, 0, 2494, 90432.3125, 5130001, 57278856, 126594946, 189003803, 29607339.651334763, 41682.40417480469, 155762.595375, inf, 697.6744186046511, 1774.3861135737245, 112820.433483, 38728.483343, 0.088165, 3064.334248, 1149.256136, 0, 1247, 57473.14453125, 2550001, 78141707, 60064843, 140756551
30000, 30000, 0, 0, fixed_reps_3, 30075206.088590622, 223129.01470947266, 69859.66974799999, inf, 173.41040462427745, 522.7604578656735, 38261.140766, 19006.497515, 2.284756, 12472.848638, 116.898073, 0, 519, 307243.46875, 10350001, 26224746, 28191017, 64765764, 29816569.321424484, 101503.68328857422, 97479.255257, inf, 348.83720930232556, 1100.3307944523406, 82281.429905, 8918.858694, 0.450675, 6161.644256, 116.871727, 0, 258, 169451.0625, 5130001, 57278856, 13096106, 75504963, 29616759.18136406, 51101.93420410156, 120246.045031, inf, 697.6744186046511, 1774.3861135737245, 112820.433483, 4241.893983, 0.09081, 3064.334248, 119.292507, 0, 129, 93076.1484375, 2550001, 78141707, 6213643, 86905351
30000, 30000, 0, 0, fixed_reps_31, 30047251.345365524, 195174.271484375, 242049.64040899999, inf, 173.41040462427745, 522.7604578656735, 38261.140766, 190113.784865, 2.166273, 12472.848638, 1199.699867, 0, 5363, 123540.7265625, 10350001, 26224746, 291305561, 327880308, 29804254.21436882, 89188.57623291016, 177618.036191, inf, 348.83720930232556, 1100.3307944523406, 82281.429905, 87955.045869, 0.462467, 6161.644256, 1219.453694, 0, 2666, 87460.1484375, 5130001, 57278856, 135325626, 197734483, 29607339.651334763, 41682.40417480469, 158531.733412, inf, 697.6744186046511, 1774.3861135737245, 112820.433483, 41425.666096, 0.107562, 3064.334248, 1221.192023, 0, 1333, 56523.609375, 2550001, 78141707, 64207243, 144898951
30000, 30000, 0, 0, fixed_reps_33, 30046667.32070732, 194590.24682617188, 254008.089806, inf, 173.41040462427745, 522.7604578656735, 38261.140766, 201989.443622, 2.181711, 12472.848638, 1282.475069, 0, 5709, 119374.0390625, 10350001, 26224746, 310099457, 346674204, 29803419.574781418, 88353.93664550781, 183291.696087, inf, 348.83720930232556, 1100.3307944523406, 82281.429905, 93538.073318, 0.459312, 6161.644256, 1310.089296, 0, 2838, 85165.84375, 5130001, 57278856, 144056306, 206465163, 29606936.364225388, 41279.11706542969, 161282.542765, inf, 697.6744186046511, 1774.3861135737245, 112820.433483, 44077.389296, 0.098014, 3064.334248, 1320.287724, 0, 1419, 55695.234375, 2550001, 78141707, 68349643, 149041351
30000, 30000, 0, 0, fixed_reps_35, 30046150.86178398, 194073.78790283203, 266398.438324, inf, 173.41040462427745, 522.7604578656735, 38261.140766, 214304.317289, 2.225994, 12472.848638, 1357.905637, 0, 6055, 114524.546875, 10350001, 26224746, 328893353, 365468100, 29803099.146131516, 88033.50799560547, 189047.877788, inf, 348.83720930232556, 1100.3307944523406, 82281.429905, 99217.888093, 0.472255, 6161.644256, 1386.443279, 0, 3010, 82705.1484375, 5130001, 57278856, 152786986, 215195843, 29606487.63799858, 40830.39083862305, 164044.050478, inf, 697.6744186046511, 1774.3861135737245, 112820.433483, 46770.775984, 0.108624, 3064.334248, 1388.398139, 0, 1505, 53187.11328125, 2550001, 78141707, 72492043, 153183751
30000, 30000, 0, 0, fixed_reps_37, 30045845.639371872, 193768.56549072266, 278657.69948999997, inf, 173.41040462427745, 522.7604578656735, 38261.140766, 226483.226905, 2.203823, 12472.848638, 1438.279358, 0, 6401, 110298.3828125, 10350001, 26224746, 347687249, 384261996, 29803038.756666183, 87973.11853027344, 194733.173698, inf, 348.83720930232556, 1100.3307944523406, 82281.429905, 104832.31653, 0.664426, 6161.644256, 1457.118581, 0, 3182, 80546.4296875, 5130001, 57278856, 161517666, 223926523, 29606172.211912155, 40514.964752197266, 166787.29709399998, inf, 697.6744186046511, 1774.3861135737245, 112820.433483, 49427.742531, 0.107141, 3064.334248, 1474.679691, 0, 1591, 52391.68359375, 2550001, 78141707, 76634443, 157326151
30000, 30000, 0, 0, fixed_reps_39, 30045306.788663864, 193229.71478271484, 290866.630408, inf, 173.41040462427745, 522.7604578656735, 38261.140766, 238616.863497, 2.183424, 12472.848638, 1513.594083, 0, 6747, 106942.3046875, 10350001, 26224746, 366481145, 403055892, 29802444.42591667, 87378.78778076172, 200469.57458899997, inf, 348.83720930232556, 1100.3307944523406, 82281.429905, 110496.598313, 0.459682, 6161.644256, 1529.442433, 0, 3354, 77160.546875, 5130001, 57278856, 170248346, 232657203, 29606172.211912155, 40514.964752197266, 169496.434453, inf, 697.6744186046511, 1774.3861135737245, 112820.433483, 52060.986659, 0.10658, 3064.334248, 1550.573483, 0, 1677, 51763.93359375, 2550001, 78141707, 80776843, 161468551
30000, 30000, 0, 0, fixed_reps_41, 30044611.44662285, 192534.37274169922, 303537.170948, inf, 173.41040462427745, 522.7604578656735, 38261.140766, 251209.67303, 2.186981, 12472.848638, 1591.321533, 0, 7093, 104302.1796875, 10350001, 26224746, 385275041, 421849788, 29802362.63093376, 87296.99279785156, 206252.604397, inf, 348.83720930232556, 1100.3307944523406, 82281.429905, 116199.800812, 0.460143, 6161.644256, 1609.269281, 0, 3526, 74489.8359375, 5130001, 57278856, 178979026, 241387883, 29606055.716062546, 40398.46890258789, 172296.793152, inf, 697.6744186046511, 1774.3861135737245, 112820.433483, 54759.596311, 0.107261, 3064.334248, 1652.321849, 0, 1763, 51235.59375, 2550001, 78141707, 84919243, 165610951
30000, 30000, 0, 0, fixed_reps_5, 30069514.33028984, 217437.2564086914, 82170.870493, inf, 173.41040462427745, 522.7604578656735, 38261.140766, 31239.256499, 2.247925, 12472.848638, 195.376665, 0, 865, 273010.15625, 10350001, 26224746, 46984913, 83559660, 29815735.95014763, 100670.31201171875, 103142.574003, inf, 348.83720930232556, 1100.3307944523406, 82281.429905, 14499.422357, 0.427232, 6161.644256, 199.650253, 0, 430, 154361.34375, 5130001, 57278856, 21826786, 84235643, 29614570.772123337, 48913.524963378906, 122977.132888, inf, 697.6744186046511, 1774.3861135737245, 112820.433483, 6892.046664, 0.090469, 3064.334248, 200.228024, 0, 215, 88437.1328125, 2550001, 78141707, 10356043, 91047751
30000, 30000, 0, 0, fixed_reps_7, 30065164.03228569, 213086.95840454102, 94431.412376, inf, 173.41040462427745, 522.7604578656735, 38261.140766, 43423.921908, 2.270321, 12472.848638, 271.230743, 0, 1211, 247173.859375, 10350001, 26224746, 65778809, 102353556, 29814509.46674919, 99443.82861328125, 108861.830513, inf, 348.83720930232556, 1100.3307944523406, 82281.429905, 20141.704596, 0.46957, 6161.644256, 276.582186, 0, 602, 145385.265625, 5130001, 57278856, 30557466, 92966323, 29614041.53469658, 48384.287536621094, 125662.68672499999, inf, 697.6744186046511, 1774.3861135737245, 112820.433483, 9497.786046, 0.089458, 3064.334248, 280.04349, 0, 301, 80815.15625, 2550001, 78141707, 14498443, 95190151
30000, 30000, 0, 0, fixed_reps_9, 30060834.177244186, 208757.1033630371, 106611.41740199999, inf, 173.41040462427745, 522.7604578656735, 38261.140766, 55525.609028, 2.163631, 12472.848638, 349.655339, 0, 1557, 221922.078125, 10350001, 26224746, 84572705, 121147452, 29813657.863111496, 98592.22497558594, 114590.382766, inf, 348.83720930232556, 1100.3307944523406, 82281.429905, 25792.407045, 0.464862, 6161.644256, 354.436698, 0, 774, 137735.328125, 5130001, 57278856, 39288146, 101697003, 29613612.041715622, 47954.79455566406, 128362.93189400001, inf, 697.6744186046511, 1774.3861135737245, 112820.433483, 12123.302769, 0.089628, 3064.334248, 354.771766, 0, 387, 78173.84375, 2550001, 78141707, 18640843, 99332551
30000, 30000, 0, 0, greedy_1.000000, 30089613.52926445, 237536.45538330078, 57520.165200999996, inf, 173.41040462427745, 522.7604578656735, 38261.140766, 6746.629618, 1.992496, 12472.848638, 37.544476, 0.009207, 173, 382904.6875, 10350001, 26224746, 9397121, 45971868, 29820871.07716179, 105805.4390258789, 91627.994632, inf, 348.83720930232556, 1100.3307944523406, 82281.429905, 3146.716009, 0.439644, 6161.644256, 37.759598, 0.00522, 86, 217458.265625, 5130001, 57278856, 4365426, 66774283, 29620146.683317184, 54489.43615722656, 117429.14153000001, inf, 697.6744186046511, 1774.3861135737245, 112820.433483, 1505.530528, 0.091532, 3064.334248, 38.746189, 0.00555, 43, 117814.953125, 2550001, 78141707, 2071243, 82762951
30000, 30000, 0, 0, greedy_11.000000, 30052717.600522995, 200640.5266418457, 186781.38930799995, inf, 173.41040462427745, 522.7604578656735, 38261.140766, 68237.208206, 2.61281, 12472.848638, 67807.103817, 0.475071, 1903, 170130.78125, 10350001, 26224746, 154748765, 191323512, 29808622.89039421, 93557.25225830078, 153577.85883800001, inf, 348.83720930232556, 1100.3307944523406, 82281.429905, 31413.642729, 0.465644, 6161.644256, 33720.51981, 0.156494, 946, 116035.3125, 5130001, 57278856, 73524900, 135933757, 29610376.055631638, 44718.80847167969, 148091.616092, inf, 697.6744186046511, 1774.3861135737245, 112820.433483, 14823.92696, 0.102723, 3064.334248, 17382.762162, 0.056516, 473, 71019.625, 2550001, 78141707, 35317370, 116009078
30000, 30000, 0, 0, greedy_13.000000, 30051358.181028366, 199281.1071472168, 211798.448298, inf, 173.41040462427745, 522.7604578656735, 38261.140766, 80245.804148, 2.312096, 12472.848638, 80815.599697, 0.742953, 2249, 158048.8125, 10350001, 26224746, 183971579, 220546326, 29807814.45594597, 92748.8178100586, 165714.226869, inf, 348.83720930232556, 1100.3307944523406, 82281.429905, 36882.474035, 0.463319, 6161.644256, 40388.02695, 0.188404, 1118, 108951.15625, 5130001, 57278856, 87097648, 149506505, 29609377.5230999, 43720.275939941406, 153946.64973299997, inf, 697.6744186046511, 1774.3861135737245, 112820.433483, 17535.311455, 0.100718, 3064.334248, 20526.402583, 0.067246, 559, 67363.0390625, 2550001, 78141707, 42076970, 122768678
30000, 30000, 0, 0, greedy_15.000000, 30049578.60900688, 197501.53512573242, 237612.38576499998, inf, 173.41040462427745, 522.7604578656735, 38261.140766, 92482.67716, 2.143319, 12472.848638, 94392.931183, 0.644699, 2595, 145296.21875, 10350001, 26224746, 213194393, 249769140, 29806593.14735222, 91527.5092163086, 178209.796979, inf, 348.83720930232556, 1100.3307944523406, 82281.429905, 42613.859586, 0.461856, 6161.644256, 47152.196421, 0.204955, 1290, 100662.96875, 5130001, 57278856, 101030336, 163439193, 29608967.479642868, 43310.232482910156, 160052.425057, inf, 697.6744186046511, 1774.3861135737245, 112820.433483, 20222.003976, 0.09628, 3064.334248, 23945.486117, 0.070953, 645, 65435.671875, 2550001, 78141707, 48807213, 129498921
30000, 30000, 0, 0, greedy_17.000000, 30048062.398496628, 195985.32461547852, 262927.665968, inf, 173.41040462427745, 522.7604578656735, 38261.140766, 104597.668364, 2.129694, 12472.848638, 107593.17635, 0.702156, 2941, 125693.3125, 10350001, 26224746, 242417207, 278991954, 29805952.142896652, 90886.50476074219, 190691.696764, inf, 348.83720930232556, 1100.3307944523406, 82281.429905, 48350.304919, 0.468338, 6161.644256, 53897.618122, 0.231224, 1462, 94653.203125, 5130001, 57278856, 114963024, 177371881, 29608317.28695488, 42660.039794921875, 166276.77426799998, inf, 697.6744186046511, 1774.3861135737245, 112820.433483, 22914.143892, 0.091241, 3064.334248, 27477.705891, 0.065513, 731, 63440.5703125, 2550001, 78141707, 55566813, 136258521
30000, 30000, 0, 0, greedy_19.000000, 30046766.195371628, 194689.12149047852, 288405.589778, inf, 173.41040462427745, 522.7604578656735, 38261.140766, 116886.198312, 2.165561, 12472.848638, 120782.428786, 0.807715, 3287, 119936.5859375, 10350001, 26224746, 271640021, 308214768, 29805875.00343132, 90809.36529541016, 203561.46151999998, inf, 348.83720930232556, 1100.3307944523406, 82281.429905, 54055.928808, 0.462327, 6161.644256, 61061.748229, 0.247995, 1634, 92207.3359375, 5130001, 57278856, 128805727, 191214584, 29607661.82183647, 42004.57467651367, 172167.235953, inf, 697.6744186046511, 1774.3861135737245, 112820.433483, 25657.559051, 0.102642, 3064.334248, 30624.700079, 0.10645, 817, 60711.83203125, 2550001, 78141707, 62297056, 142988764
30000, 30000, 0, 0, greedy_21.000000, 30045347.039518356, 193269.96563720703, 313822.62700800004, inf, 173.41040462427745, 522.7604578656735, 38261.140766, 129114.221877, 2.141406, 12472.848638, 133971.42602, 0.848301, 3633, 114141.0859375, 10350001, 26224746, 300862835, 337437582, 29805005.115369797, 89939.47723388672, 215920.24361799998, inf, 348.83720930232556, 1100.3307944523406, 82281.429905, 59775.95203, 0.465933, 6161.644256, 67700.48281, 0.268684, 1806, 86106.0390625, 5130001, 57278856, 142738415, 205147272, 29607394.36004448, 41737.112884521484, 178110.99047800002, inf, 697.6744186046511, 1774.3861135737245, 112820.433483, 28300.877971, 0.104125, 3064.334248, 33925.135564, 0.105087, 903, 58102.5625, 2550001, 78141707, 68902712, 149594420
30000, 30000, 0, 0, greedy_23.000000, 30044816.773771286, 192739.69989013672, 339328.896227, inf, 173.41040462427745, 522.7604578656735, 38261.140766, 141369.6151, 2.162957, 12472.848638, 147222.157154, 0.971612, 3979, 107125.546875, 10350001, 26224746, 330085649, 366660396, 29804393.441663742, 89327.80352783203, 228300.22480999999, inf, 348.83720930232556, 1100.3307944523406, 82281.429905, 65488.228125, 0.465644, 6161.644256, 74368.146688, 0.310192, 1978, 84097.9765625, 5130001, 57278856, 156671103, 219079960, 29606829.125059128, 41171.87789916992, 184447.67357500002, inf, 697.6744186046511, 1774.3861135737245, 112820.433483, 30931.5511, 0.09063, 3064.334248, 37631.142136, 0.121978, 989, 55926.0078125, 2550001, 78141707, 75546854, 156238562
30000, 30000, 0, 0, greedy_25.000000, 30044477.669034958, 192400.5951538086, 365096.706279, inf, 173.41040462427745, 522.7604578656735, 38261.140766, 153725.38353, 2.130455, 12472.848638, 160634.202724, 1.000166, 4325, 101780.96875, 10350001, 26224746, 359308463, 395883210, 29804278.703748703, 89213.06561279297, 241081.07753699998, inf, 348.83720930232556, 1100.3307944523406, 82281.429905, 71280.795833, 0.458711, 6161.644256, 81356.408443, 0.340389, 2150, 80485.5859375, 5130001, 57278856, 170603791, 233012648, 29606411.315488815, 40754.06832885742, 190556.769278, inf, 697.6744186046511, 1774.3861135737245, 112820.433483, 33665.49536, 0.099486, 3064.334248, 41006.327592, 0.079109, 1075, 53898.359375, 2550001, 78141707, 82306454, 162998162
30000, 30000, 0, 0, greedy_27.000000, 30043888.678373337, 191811.6044921875, 390717.092779, inf, 173.41040462427745, 522.7604578656735, 38261.140766, 166068.624685, 2.149451, 12472.848638, 173911.24197, 1.087269, 4671, 97829.8125, 10350001, 26224746, 388531277, 425106024, 29803128.504163742, 88062.86602783203, 253159.66968, inf, 348.83720930232556, 1100.3307944523406, 82281.429905, 76994.18944, 0.459882, 6161.644256, 87721.57979, 0.366407, 2322, 77772.53125, 5130001, 57278856, 184536479, 246945336, 29606293.188352585, 40635.94119262695, 196115.02951799997, inf, 697.6744186046511, 1774.3861135737245, 112820.433483, 35688.799138, 0.100518, 3064.334248, 44541.280258, 0.081873, 1161, 53052.3515625, 2550001, 78141707, 87921131, 168612839
30000, 30000, 0, 0, greedy_29.000000, 30043425.18197441, 191348.10809326172, 416308.621566, inf, 173.41040462427745, 522.7604578656735, 38261.140766, 178360.666157, 2.145554, 12472.848638, 187210.676956, 1.143495, 5017, 90249.9375, 10350001, 26224746, 417631696, 454206443, 29802724.338026047, 87658.69989013672, 265966.245346, inf, 348.83720930232556, 1100.3307944523406, 82281.429905, 82679.822401, 0.461906, 6161.644256, 94842.313873, 0.573005, 2494, 75846.65625, 5130001, 57278856, 198469167, 260878024, 29606293.188352585, 40635.94119262695, 202273.208671, inf, 697.6744186046511, 1774.3861135737245, 112820.433483, 38308.596623, 0.094708, 3064.334248, 48079.622551, 0.127058, 1247, 52296.18359375, 2550001, 78141707, 94565273, 175256981
30000, 30000, 0, 0, greedy_3.000000, 30071018.24548149, 218941.1716003418, 83270.110856, inf, 173.41040462427745, 522.7604578656735, 38261.140766, 19075.492798, 2.17557, 12472.848638, 13458.332388, 0.120696, 519, 278409.4375, 10350001, 26224746, 38486538, 75061285, 29816211.894849777, 101146.25671386719, 103891.153749, inf, 348.83720930232556, 1100.3307944523406, 82281.429905, 8683.053958, 0.421631, 6161.644256, 6764.566058, 0.037941, 258, 159923.046875, 5130001, 57278856, 18034108, 80442965, 29616299.176664352, 50641.92950439453, 123520.871809, inf, 697.6744186046511, 1774.3861135737245, 112820.433483, 4181.140506, 0.090049, 3064.334248, 3454.854968, 0.018555, 129, 88199.3046875, 2550001, 78141707, 8752886, 89444594
30000, 30000, 0, 0, greedy_31.000000, 30043208.1324749, 191131.05859375, 441289.72981199995, inf, 173.41040462427745, 522.7604578656735, 38261.140766, 189909.899373, 2.107111, 12472.848638, 200642.390334, 1.34359, 5363, 78840.4140625, 10350001, 26224746, 445595350, 482170097, 29802368.40553093, 87302.76739501953, 279107.53849099996, inf, 348.83720930232556, 1100.3307944523406, 82281.429905, 88422.73577, 0.460784, 6161.644256, 102240.857727, 0.410049, 2666, 72031.59375, 5130001, 57278856, 212401855, 274810712, 29606195.927000046, 40538.67984008789, 208554.867142, inf, 697.6744186046511, 1774.3861135737245, 112820.433483, 41182.697649, 0.097653, 3064.334248, 51487.169066, 0.135043, 1333, 49659.62890625, 2550001, 78141707, 101190172, 181881880
30000, 30000, 0, 0, greedy_33.000000, 30043184.97207451, 191107.89819335938, 467052.671233, inf, 173.41040462427745, 522.7604578656735, 38261.140766, 202297.51118, 2.126648, 12472.848638, 214017.700511, 1.34349, 5709, 76167.3359375, 10350001, 26224746, 474818164, 511392911, 29802207.797315598, 87142.1591796875, 290209.24196, inf, 348.83720930232556, 1100.3307944523406, 82281.429905, 93565.15479, 0.467277, 6161.644256, 108200.119873, 0.425859, 2838, 70902.5625, 5130001, 57278856, 225434693, 287843550, 29605883.523496628, 40226.27633666992, 214638.17199, inf, 697.6744186046511, 1774.3861135737245, 112820.433483, 43749.09009, 0.099737, 3064.334248, 55004.086903, 0.127529, 1419, 47313.609375, 2550001, 78141707, 107949772, 188641480
30000, 30000, 0, 0, greedy_35.000000, 30042582.216581345, 190505.1427001953, 492982.560809, inf, 173.41040462427745, 522.7604578656735, 38261.140766, 214797.780412, 2.141256, 12472.848638, 227447.271362, 1.378375, 6055, 73648.453125, 10350001, 26224746, 504040978, 540615725, 29802049.795484543, 86984.15734863281, 302898.576036, inf, 348.83720930232556, 1100.3307944523406, 82281.429905, 99300.304135, 0.477706, 6161.644256, 115154.298945, 0.421089, 3010, 68516.6953125, 5130001, 57278856, 239367381, 301776238, 29605883.523496628, 40226.27633666992, 219940.411383, inf, 697.6744186046511, 1774.3861135737245, 112820.433483, 46263.046787, 0.091011, 3064.334248, 57792.351034, 0.15482, 1505, 46831.2890625, 2550001, 78141707, 114415802, 195107510
30000, 30000, 0, 0, greedy_37.000000, 30042582.216581345, 190505.1427001953, 518795.345932, inf, 173.41040462427745, 522.7604578656735, 38261.140766, 227220.558868, 2.128912, 12472.848638, 240837.203159, 1.465589, 6401, 70935.6953125, 10350001, 26224746, 533263792, 569838539, 29801407.887952805, 86342.24981689453, 315009.93064199993, inf, 348.83720930232556, 1100.3307944523406, 82281.429905, 105116.020373, 0.471714, 6161.644256, 121449.712331, 0.652063, 3182, 65712.25, 5130001, 57278856, 253300069, 315708926, 29605663.123228073, 40005.876068115234, 225995.901454, inf, 697.6744186046511, 1774.3861135737245, 112820.433483, 49022.329198, 0.109295, 3064.334248, 61088.557522, 0.137708, 1591, 46450.4140625, 2550001, 78141707, 121175402, 201867110
30000, 30000, 0, 0, greedy_39.000000, 30042134.968076706, 190057.89419555664, 544776.7148699999, inf, 173.41040462427745, 522.7604578656735, 38261.140766, 239770.322023, 2.115197, 12472.848638, 254268.726879, 1.561367, 6747, 68383.9140625, 10350001, 26224746, 562486606, 599061353, 29800577.11518669, 85511.47705078125, 327352.80155, inf, 348.83720930232556, 1100.3307944523406, 82281.429905, 110974.19205, 0.471434, 6161.644256, 127934.389891, 0.674014, 3354, 62524.83203125, 5130001, 57278856, 267232757, 329641614, 29605364.4053936, 39707.15823364258, 232283.184088, inf, 697.6744186046511, 1774.3861135737245, 112820.433483, 51756.266332, 0.10681, 3064.334248, 64641.899095, 0.14412, 1677, 45660.8828125, 2550001, 78141707, 127935002, 208626710
30000, 30000, 0, 0, greedy_5.000000, 30063997.639829636, 211920.56594848633, 108779.729503, inf, 173.41040462427745, 522.7604578656735, 38261.140766, 31190.720772, 2.261591, 12472.848638, 26852.337448, 0.420288, 865, 235599.671875, 10350001, 26224746, 67589432, 104164179, 29814540.668348312, 99475.03021240234, 116372.778019, inf, 348.83720930232556, 1100.3307944523406, 82281.429905, 14432.992145, 0.472546, 6161.644256, 13496.173123, 0.066044, 430, 146470.078125, 5130001, 57278856, 31936801, 94345658, 29614677.70541191, 49020.458251953125, 129613.035719, inf, 697.6744186046511, 1774.3861135737245, 112820.433483, 6784.997818, 0.089277, 3064.334248, 6943.150707, 0.030186, 215, 83160.609375, 2550001, 78141707, 15318086, 96009794
30000, 30000, 0, 0, greedy_7.000000, 30059148.685178757, 207071.61129760742, 134762.59501199998, inf, 173.41040462427745, 522.7604578656735, 38261.140766, 43738.886317, 2.20244, 12472.848638, 40287.192844, 0.324007, 1211, 212419.71875, 10350001, 26224746, 96635392, 133210139, 29812483.442762375, 97417.80462646484, 128766.84273999998, inf, 348.83720930232556, 1100.3307944523406, 82281.429905, 20082.186135, 0.462928, 6161.644256, 20241.034406, 0.08511, 602, 134317.71875, 5130001, 57278856, 45779504, 108188361, 29613134.71084404, 47477.46368408203, 135734.563485, inf, 697.6744186046511, 1774.3861135737245, 112820.433483, 9495.60343, 0.10145, 3064.334248, 10354.060167, 0.030707, 301, 78733.703125, 2550001, 78141707, 22039200, 102730908
30000, 30000, 0, 0, greedy_9.000000, 30054189.652463913, 202112.57858276367, 160636.888965, inf, 173.41040462427745, 522.7604578656735, 38261.140766, 55970.758699, 2.433384, 12472.848638, 53929.325151, 0.382327, 1557, 187280.84375, 10350001, 26224746, 125858206, 162432953, 29809926.91810417, 94861.27996826172, 141160.192355, inf, 348.83720930232556, 1100.3307944523406, 82281.429905, 25729.212642, 0.463469, 6161.644256, 26987.331576, 0.110507, 774, 124460.375, 5130001, 57278856, 59592212, 122001069, 29611420.153043747, 45762.90588378906, 141652.626492, inf, 697.6744186046511, 1774.3861135737245, 112820.433483, 12056.720091, 0.091331, 3064.334248, 13711.008917, 0.038422, 387, 75000.78125, 2550001, 78141707, 28557770, 109249478
30000, 30000, 0, 0, opt, 30035640.703977585, 183563.63009643555, 537755.322424, inf, 173.41040462427745, 522.7604578656735, 38261.140766, 487019.066679, 2.266341, 12472.848638, 0, 0, 0, 0, 10350001, 26224746, 733880420, 770455167, 29794655.60409355, 79589.9659576416, 508283.88074500003, inf, 348.83720930232556, 1100.3307944523406, 82281.429905, 419840.34581, 0.460774, 6161.644256, 0, 0, 0, 0, 5130001, 57278856, 630164955, 692573812, 29600372.44570732, 34715.19854736328, 493433.37312599993, inf, 697.6744186046511, 1774.3861135737245, 112820.433483, 377548.505548, 0.099847, 3064.334248, 0, 0, 0, 0, 2550001, 78141707, 564916751, 645608459
30000, 30000, 0, 0, plus_edge, 30075297.22054863, 223220.14666748047, 57589.11846199999, inf, 173.41040462427745, 522.7604578656735, 38261.140766, 6852.850988, 2.27807, 12472.848638, 0, 0, 0, 0, 10350001, 26224746, 9396532, 45971279, 29817377.578565598, 102311.9404296875, 91687.599496, inf, 348.83720930232556, 1100.3307944523406, 82281.429905, 3244.104546, 0.420789, 6161.644256, 0, 0, 0, 0, 5130001, 57278856, 4342565, 66751422, 29618375.930753708, 52718.68359375, 117376.59853300001, inf, 697.6744186046511, 1774.3861135737245, 112820.433483, 1491.740342, 0.09046, 3064.334248, 0, 0, 0, 0, 2550001, 78141707, 2042964, 82734672
30000, 30000, 0, 0, simple, 30089613.52926445, 237536.45538330078, 57827.68939099999, inf, 173.41040462427745, 522.7604578656735, 38261.140766, 7091.477071, 2.222916, 12472.848638, 0, 0, 0, 0, 10350001, 26224746, 9366948, 45941695, 29820871.07716179, 105805.4390258789, 91668.68759300001, inf, 348.83720930232556, 1100.3307944523406, 82281.429905, 3225.190098, 0.423334, 6161.644256, 0, 0, 0, 0, 5130001, 57278856, 4335340, 66744197, 29620146.683317184, 54489.43615722656, 117367.56344, inf, 697.6744186046511, 1774.3861135737245, 112820.433483, 1482.691022, 0.104687, 3064.334248, 0, 0, 0, 0, 2550001, 78141707, 2041200, 82732908
30000, 30000, 0, 0, dp_1.000000, 30110759.93761444, 230453.91717529297, 63125.271963, inf, 173.41040462427745, 568.4474945950567, 43695.074255, 6871.305795, 2.129172, 12519.456101, 37.296461, 0.010179, 173, 0, 10350001, 30537122, 9248685, 50135808, 29851807.573936462, 110357.17065429688, 73140.53218299999, inf, 348.83720930232556, 959.6858601872673, 63780.706777, 3169.20085, 0.445385, 6152.608817, 37.562689, 0.007665, 86, 0, 5130001, 44820427, 4409966, 54360394, 29688784.20226288, 49750.95623779297, 96213.024145, inf, 697.6744186046511, 1569.392516466464, 91578.102317, 1534.726275, 0.072385, 3063.481274, 36.637626, 0.004268, 43, 0, 2550001, 63404463, 2095267, 68049731
30000, 30000, 0, 0, dp_11.000000, 30072967.2911911, 192661.27075195312, 191642.406931, inf, 173.41040462427745, 568.4474945950567, 43695.074255, 67124.756132, 2.1545, 12519.456101, 68138.800711, 162.165232, 1903, 145814.515625, 10350001, 30537122, 153154641, 194041764, 29834383.37941742, 92932.9761352539, 135483.19336700003, inf, 348.83720930232556, 959.6858601872673, 63780.706777, 31993.391802, 0.467436, 6152.608817, 33536.927741, 19.090794, 946, 99099.921875, 5130001, 44820427, 74427888, 124378316, 29679934.8625412, 40901.61651611328, 126942.92799699999, inf, 697.6744186046511, 1569.392516466464, 91578.102317, 15156.959343, 0.092093, 3063.481274, 17141.901736, 2.391234, 473, 73413.9375, 2550001, 63404463, 35886189, 101840653
30000, 30000, 0, 0, dp_13.000000, 30071943.462425232, 191637.44198608398, 216114.014764, inf, 173.41040462427745, 568.4474945950567, 43695.074255, 78805.451419, 2.1119, 12519.456101, 80863.594883, 228.326206, 2249, 131715.703125, 10350001, 30537122, 182078857, 222965980, 29833470.76033783, 92020.35705566406, 147938.120947, inf, 348.83720930232556, 959.6858601872673, 63780.706777, 37735.618054, 0.456476, 6152.608817, 40242.121209, 26.609614, 1118, 92019.796875, 5130001, 44820427, 88392278, 138342706, 29678804.71648407, 39771.470458984375, 133060.01398500003, inf, 697.6744186046511, 1569.392516466464, 91578.102317, 17840.563654, 0.091982, 3063.481274, 20574.399999, 3.374759, 559, 69887.890625, 2550001, 63404463, 42617634, 108572098
30000, 30000, 0, 0, dp_15.000000, 30069930.030906677, 189624.0104675293, 241401.18560899998, inf, 173.41040462427745, 568.4474945950567, 43695.074255, 90903.197294, 2.269927, 12519.456101, 93973.612513, 307.575519, 2595, 120489.8671875, 10350001, 30537122, 211003073, 251890196, 29832522.40749359, 91072.00421142578, 160357.225243, inf, 348.83720930232556, 959.6858601872673, 63780.706777, 43471.711511, 0.424486, 6152.608817, 46915.673442, 36.10021, 1290, 85975.34375, 5130001, 44820427, 102348149, 152298577, 29678804.71648407, 39771.470458984375, 138878.24324399998, inf, 697.6744186046511, 1569.392516466464, 91578.102317, 20507.155234, 0.090439, 3063.481274, 23724.889807, 4.524173, 645, 67240.671875, 2550001, 63404463, 49278910, 115233374
30000, 30000, 0, 0, dp_17.000000, 30068226.60243988, 187920.58200073242, 266873.737853, inf, 173.41040462427745, 568.4474945950567, 43695.074255, 102852.654194, 2.097073, 12519.456101, 107406.982708, 397.473522, 2941, 110632.0546875, 10350001, 30537122, 239837379, 280724502, 29831677.876548767, 90227.47326660156, 172907.33787199997, inf, 348.83720930232556, 959.6858601872673, 63780.706777, 49264.329074, 0.455684, 6152.608817, 53661.469751, 47.767769, 1462, 80456.1171875, 5130001, 44820427, 116312539, 166262967, 29678052.898979187, 39019.65295410156, 145358.519173, inf, 697.6744186046511, 1569.392516466464, 91578.102317, 23307.311269, 0.092453, 3063.481274, 27403.685307, 5.846553, 731, 64797.40625, 2550001, 63404463, 56087702, 122042166
30000, 30000, 0, 0, dp_19.000000, 30067479.879844666, 187173.85940551758, 292485.469808, inf, 173.41040462427745, 568.4474945950567, 43695.074255, 114994.651926, 2.23963, 12519.456101, 120775.13314, 498.914756, 3287, 102014.640625, 10350001, 30537122, 268761595, 309648718, 29830947.287254333, 89496.88397216797, 185374.677369, inf, 348.83720930232556, 959.6858601872673, 63780.706777, 55058.484806, 0.476092, 6152.608817, 60322.393387, 60.00749, 1634, 75571.125, 5130001, 44820427, 130276929, 180227357, 29678052.898979187, 39019.65295410156, 151370.90477700002, inf, 697.6744186046511, 1569.392516466464, 91578.102317, 26047.822292, 0.09065, 3063.481274, 30674.038926, 7.369318, 817, 62535.3046875, 2550001, 63404463, 62896494, 128850958
30000, 30000, 0, 0, dp_21.000000, 30064687.547691345, 184381.52725219727, 318012.168222, inf, 173.41040462427745, 568.4474945950567, 43695.074255, 127038.865625, 2.510038, 12519.456101, 134144.664884, 611.597319, 3633, 94634.6015625, 10350001, 30537122, 297565931, 338453054, 29830410.546714783, 88960.14343261719, 198098.79353599998, inf, 348.83720930232556, 959.6858601872673, 63780.706777, 60798.250299, 0.460093, 6152.608817, 67292.859176, 73.908374, 1806, 71817.8046875, 5130001, 44820427, 144299745, 194250173, 29677413.963371277, 38380.717346191406, 157590.89307500003, inf, 697.6744186046511, 1569.392516466464, 91578.102317, 28873.980058, 0.091863, 3063.481274, 34066.209764, 9.027799, 903, 60363.88671875, 2550001, 63404463, 69705286, 135659750
30000, 30000, 0, 0, dp_23.000000, 30063412.55141449, 183106.5309753418, 343685.87248799996, inf, 173.41040462427745, 568.4474945950567, 43695.074255, 139195.300411, 2.254799, 12519.456101, 147538.918971, 734.867951, 3979, 87940.3984375, 10350001, 30537122, 326490147, 367377270, 29829820.27004242, 88369.8667602539, 210608.32346199997, inf, 348.83720930232556, 959.6858601872673, 63780.706777, 66631.006363, 0.4534, 6152.608817, 73954.279642, 89.268463, 1978, 68495.1796875, 5130001, 44820427, 158322561, 208272989, 29677226.639213562, 38193.39318847656, 163435.17946, inf, 697.6744186046511, 1569.392516466464, 91578.102317, 31653.546173, 0.104055, 3063.481274, 37129.110163, 10.835478, 989, 58260.41015625, 2550001, 63404463, 76514078, 142468542
30000, 30000, 0, 0, dp_25.000000, 30063223.569847107, 182917.54940795898, 369438.958513, inf, 173.41040462427745, 568.4474945950567, 43695.074255, 151442.816422, 2.325351, 12519.456101, 160906.467345, 872.819039, 4325, 81773, 10350001, 30537122, 355414363, 396301486, 29829314.39400482, 87863.99072265625, 223163.078436, inf, 348.83720930232556, 959.6858601872673, 63780.706777, 72431.630412, 0.45338, 6152.608817, 80691.746732, 105.932318, 2150, 65406.46484375, 5130001, 44820427, 172345377, 222295805, 29677024.921806335, 37991.67578125, 169534.381914, inf, 697.6744186046511, 1569.392516466464, 91578.102317, 34332.814967, 0.103103, 3063.481274, 40547.097062, 12.783191, 1075, 56157.08203125, 2550001, 63404463, 83210170, 149164634
30000, 30000, 0, 0, dp_27.000000, 30062386.980125427, 182080.9596862793, 395354.79559299996, inf, 173.41040462427745, 568.4474945950567, 43695.074255, 163604.071204, 2.313468, 12519.456101, 174517.567226, 1016.313339, 4671, 76263.9375, 10350001, 30537122, 384218699, 425105822, 29828708.143089294, 87257.7398071289, 235148.725844, inf, 348.83720930232556, 959.6858601872673, 63780.706777, 77779.440583, 0.460012, 6152.608817, 87311.573806, 123.935849, 2322, 62586.92578125, 5130001, 44820427, 185770551, 235720979, 29677024.921806335, 37991.67578125, 175699.684174, inf, 697.6744186046511, 1569.392516466464, 91578.102317, 37013.025256, 0.103494, 3063.481274, 44029.981673, 14.99016, 1161, 54416.0703125, 2550001, 63404463, 89913440, 155867904
30000, 30000, 0, 0, dp_29.000000, 30061725.7816391, 181419.76119995117, 421172.58071500005, inf, 173.41040462427745, 568.4474945950567, 43695.074255, 175679.903788, 2.243397, 12519.456101, 188100.085093, 1175.818081, 5017, 71763.3671875, 10350001, 30537122, 413142915, 454030038, 29828035.882713318, 86585.47943115234, 248132.13752000002, inf, 348.83720930232556, 959.6858601872673, 63780.706777, 83653.127149, 0.459241, 6152.608817, 94401.961015, 143.274521, 2494, 60245.83984375, 5130001, 44820427, 199793367, 249743795, 29676366.82811737, 37333.582092285156, 181763.85254199998, inf, 697.6744186046511, 1569.392516466464, 91578.102317, 39769.249766, 0.10635, 3063.481274, 47335.571928, 17.340907, 1247, 52701.8671875, 2550001, 63404463, 96750407, 162704871
30000, 30000, 0, 0, dp_3.000000, 30091377.656303406, 211071.6358642578, 88820.69686600001, inf, 173.41040462427745, 568.4474945950567, 43695.074255, 18945.701194, 2.044203, 12519.456101, 13649.916417, 8.504696, 519, 254143.203125, 10350001, 30537122, 38142931, 79030054, 29842900.48525238, 101450.08197021484, 85657.48877499999, inf, 348.83720930232556, 959.6858601872673, 63780.706777, 8968.483671, 0.430037, 6152.608817, 6754.233309, 1.026164, 258, 152321.765625, 5130001, 44820427, 18432782, 68383210, 29684395.994621277, 45362.748596191406, 102446.27096099999, inf, 697.6744186046511, 1569.392516466464, 91578.102317, 4302.159584, 0.089538, 3063.481274, 3502.276915, 0.161333, 129, 105000.90625, 2550001, 63404463, 8847709, 74802173
30000, 30000, 0, 0, dp_31.000000, 30061312.150108337, 181006.12966918945, 446737.468507, inf, 173.41040462427745, 568.4474945950567, 43695.074255, 187713.152995, 2.313639, 12519.456101, 201465.245237, 1342.22628, 5363, 67618.046875, 10350001, 30537122, 441767431, 482654554, 29827550.944480896, 86100.54119873047, 260340.89057000002, inf, 348.83720930232556, 959.6858601872673, 63780.706777, 89556.843499, 0.459712, 6152.608817, 100686.470153, 163.801612, 2666, 58010.9296875, 5130001, 44820427, 213816183, 263766611, 29675578.528862, 36545.28283691406, 187870.812421, inf, 697.6744186046511, 1569.392516466464, 91578.102317, 42611.88417, 0.092043, 3063.481274, 50597.329435, 19.923182, 1333, 51063.8828125, 2550001, 63404463, 103615549, 169570013
30000, 30000, 0, 0, dp_33.000000, 30061118.525352478, 180812.50491333008, 472584.188358, inf, 173.41040462427745, 568.4474945950567, 43695.074255, 199853.408574, 2.114756, 12519.456101, 214992.525716, 1521.608956, 5709, 63855.59375, 10350001, 30537122, 470691647, 511578770, 29826966.866233826, 85516.46295166016, 272826.51130099996, inf, 348.83720930232556, 959.6858601872673, 63780.706777, 95044.328887, 0.453871, 6152.608817, 107662.314155, 186.098794, 2838, 55918.828125, 5130001, 44820427, 227399183, 277349611, 29675032.514518738, 35999.268493652344, 194420.858442, inf, 697.6744186046511, 1569.392516466464, 91578.102317, 45198.204199, 0.10162, 3063.481274, 54558.010208, 22.958824, 1419, 49568.5234375, 2550001, 63404463, 110080674, 176035138
30000, 30000, 0, 0, dp_35.000000, 30060867.645866394, 180561.6254272461, 498618.798473, inf, 173.41040462427745, 568.4474945950567, 43695.074255, 212139.407719, 2.110809, 12519.456101, 228551.017054, 1711.732535, 6055, 60297.2890625, 10350001, 30537122, 499615863, 540502986, 29826856.671470642, 85406.26818847656, 285327.477375, inf, 348.83720930232556, 959.6858601872673, 63780.706777, 100824.277346, 0.467937, 6152.608817, 114359.760216, 209.656282, 3010, 53854.72265625, 5130001, 44820427, 241421999, 291372427, 29674963.275993347, 35930.02996826172, 200219.31560200002, inf, 697.6744186046511, 1569.392516466464, 91578.102317, 47953.99757, 0.092914, 3063.481274, 57598.0463, 25.595227, 1505, 47929.2421875, 2550001, 63404463, 116889466, 182843930
30000, 30000, 0, 0, dp_37.000000, 30060451.20146942, 180145.18103027344, 523873.2474050001, inf, 173.41040462427745, 568.4474945950567, 43695.074255, 224318.732881, 2.091162, 12519.456101, 241422.192033, 1915.700973, 6401, 56806.4453125, 10350001, 30537122, 528540079, 569427202, 29826862.886314392, 85412.48303222656, 298096.420482, inf, 348.83720930232556, 959.6858601872673, 63780.706777, 106732.958348, 0.468819, 6152.608817, 121194.790411, 234.88731, 3182, 51925.76171875, 5130001, 44820427, 255444815, 305395243, 29674636.187553406, 35602.94152832031, 206312.22686, inf, 697.6744186046511, 1569.392516466464, 91578.102317, 50803.033218, 0.102422, 3063.481274, 60838.961648, 28.545981, 1591, 46459.05859375, 2550001, 63404463, 123810958, 189765422
30000, 30000, 0, 0, dp_39.000000, 30060227.756217957, 179921.7357788086, 550080.8803290001, inf, 173.41040462427745, 568.4474945950567, 43695.074255, 236628.467999, 2.078828, 12519.456101, 255109.744448, 2126.058698, 6747, 53479.13671875, 10350001, 30537122, 557464295, 598351418, 29826803.517417908, 85353.11413574219, 311012.99526000005, inf, 348.83720930232556, 959.6858601872673, 63780.706777, 112366.497952, 0.460474, 6152.608817, 128451.739202, 260.982038, 3354, 50166.765625, 5130001, 44820427, 269244481, 319194909, 29674255.819389343, 35222.57336425781, 212436.487105, inf, 697.6744186046511, 1569.392516466464, 91578.102317, 53490.180494, 0.109305, 3063.481274, 64272.691732, 31.921983, 1677, 45155.796875, 2550001, 63404463, 130507050, 196461514
30000, 30000, 0, 0, dp_5.000000, 30082560.116508484, 202254.09606933594, 114717.92504500001, inf, 173.41040462427745, 568.4474945950567, 43695.074255, 31175.466386, 2.146896, 12519.456101, 27296.920835, 28.860572, 865, 215866.375, 10350001, 30537122, 67019895, 107907018, 29838830.609336853, 97380.2060546875, 98119.19883699999, inf, 348.83720930232556, 959.6858601872673, 63780.706777, 14742.409867, 0.467688, 6152.608817, 13439.61531, 3.390378, 430, 132043.953125, 5130001, 44820427, 32433283, 82383711, 29682958.54875946, 43925.302734375, 108576.56746300001, inf, 697.6744186046511, 1569.392516466464, 91578.102317, 6977.639244, 0.091211, 3063.481274, 6956.78563, 0.467787, 215, 93806.984375, 2550001, 63404463, 15614507, 81568971
30000, 30000, 0, 0, dp_7.000000, 30079079.076835632, 198773.05639648438, 140104.480875, inf, 173.41040462427745, 568.4474945950567, 43695.074255, 42983.812489, 2.299462, 12519.456101, 40842.501866, 61.336702, 1211, 187071.015625, 10350001, 30537122, 95306209, 136193332, 29837201.248313904, 95750.84503173828, 110604.08231600001, inf, 348.83720930232556, 959.6858601872673, 63780.706777, 20514.804791, 0.458259, 6152.608817, 20147.971506, 7.532166, 602, 117691.21875, 5130001, 44820427, 46456099, 96406527, 29681327.95122528, 42294.70520019531, 114672.044943, inf, 697.6744186046511, 1569.392516466464, 91578.102317, 9747.818105, 0.091692, 3063.481274, 10281.603006, 0.948549, 301, 84993.78125, 2550001, 63404463, 22423299, 88377763
30000, 30000, 0, 0, dp_9.000000, 30075647.211662292, 195341.19122314453, 165824.58903099998, inf, 173.41040462427745, 568.4474945950567, 43695.074255, 55009.111588, 2.125676, 12519.456101, 54493.842063, 104.979348, 1557, 163605.5625, 10350001, 30537122, 124230425, 165117548, 29834921.49849701, 93471.09521484375, 123016.78816, inf, 348.83720930232556, 959.6858601872673, 63780.706777, 26251.354287, 0.428584, 6152.608817, 26819.067813, 12.621882, 774, 107132.9609375, 5130001, 44820427, 60449702, 110400130, 29680700.16582489, 41666.91979980469, 120809.36650700001, inf, 697.6744186046511, 1569.392516466464, 91578.102317, 12493.781629, 0.089959, 3063.481274, 13672.340923, 1.570405, 387, 78029.109375, 2550001, 63404463, 29232091, 95186555
30000, 30000, 0, 0, fixed_reps_1, 30110759.93761444, 230453.91717529297, 62993.621995, inf, 173.41040462427745, 568.4474945950567, 43695.074255, 6725.155067, 1.993989, 12519.456101, 51.942583, 0, 173, 401666.53125, 10350001, 30537122, 9248685, 50135808, 29851807.573936462, 110357.17065429688, 73153.993122, inf, 348.83720930232556, 959.6858601872673, 63780.706777, 3169.068104, 0.419878, 6152.608817, 51.189546, 0, 86, 217670.125, 5130001, 44820427, 4409966, 54360394, 29688784.20226288, 49750.95623779297, 96209.922481, inf, 697.6744186046511, 1569.392516466464, 91578.102317, 1518.348402, 0.106881, 3063.481274, 49.883607, 0, 43, 127973.15625, 2550001, 63404463, 2095267, 68049731
30000, 30000, 0, 0, fixed_reps_11, 30084052.197868347, 203746.17742919922, 123524.949953, inf, 173.41040462427745, 568.4474945950567, 43695.074255, 66878.981383, 2.115805, 12519.456101, 429.322409, 0, 1903, 212811.296875, 10350001, 30537122, 101733805, 142620928, 29840317.50691986, 98867.10363769531, 102103.698238, inf, 348.83720930232556, 959.6858601872673, 63780.706777, 31741.041841, 0.452459, 6152.608817, 428.888344, 0, 946, 132883.875, 5130001, 44820427, 48508766, 98459194, 29683593.561576843, 44560.31555175781, 110058.895778, inf, 697.6744186046511, 1569.392516466464, 91578.102317, 14983.18445, 0.091742, 3063.481274, 434.035995, 0, 473, 91620.1015625, 2550001, 63404463, 23047507, 89001971
30000, 30000, 0, 0, fixed_reps_13, 30081994.023002625, 201688.00256347656, 135612.819375, inf, 173.41040462427745, 568.4474945950567, 43695.074255, 78887.005719, 2.153737, 12519.456101, 509.129563, 0, 2249, 199109.125, 10350001, 30537122, 120230829, 161117952, 29839363.074546814, 97912.67126464844, 107943.11614799999, inf, 348.83720930232556, 959.6858601872673, 63780.706777, 37494.689264, 0.465743, 6152.608817, 514.645547, 0, 1118, 122846.65625, 5130001, 44820427, 57328526, 107278954, 29683174.4328537, 44141.18682861328, 112835.01648, inf, 697.6744186046511, 1569.392516466464, 91578.102317, 17681.276354, 0.105999, 3063.481274, 512.050536, 0, 559, 87269.7890625, 2550001, 63404463, 27237955, 93192419
30000, 30000, 0, 0, fixed_reps_15, 30080751.6349411, 200445.61450195312, 147569.33164299998, inf, 173.41040462427745, 568.4474945950567, 43695.074255, 90765.831236, 2.148127, 12519.456101, 586.821924, 0, 2595, 191472.046875, 10350001, 30537122, 138727853, 179614976, 29838203.493247986, 96753.08996582031, 113702.944174, inf, 348.83720930232556, 959.6858601872673, 63780.706777, 43181.595211, 0.4423, 6152.608817, 587.591069, 0, 1290, 119724.9140625, 5130001, 44820427, 66148286, 116098714, 29682221.43584442, 43188.18981933594, 115575.13938000001, inf, 697.6744186046511, 1569.392516466464, 91578.102317, 20344.633593, 0.094216, 3063.481274, 588.82798, 0, 645, 85027.21875, 2550001, 63404463, 31428403, 97382867
30000, 30000, 0, 0, fixed_reps_17, 30079439.342643738, 199133.32220458984, 159620.401669, inf, 173.41040462427745, 568.4474945950567, 43695.074255, 102738.466818, 2.172924, 12519.456101, 665.231571, 0, 2941, 184872.875, 10350001, 30537122, 157224877, 198112000, 29836840.759605408, 95390.35632324219, 119468.31865700001, inf, 348.83720930232556, 959.6858601872673, 63780.706777, 48871.661697, 0.466855, 6152.608817, 662.874511, 0, 1462, 116389.2421875, 5130001, 44820427, 74968046, 124918474, 29681570.672660828, 42537.42663574219, 118377.900411, inf, 697.6744186046511, 1569.392516466464, 91578.102317, 23066.624946, 0.105688, 3063.481274, 669.586186, 0, 731, 80560.1328125, 2550001, 63404463, 35618851, 101573315
30000, 30000, 0, 0, fixed_reps_19, 30075967.523368835, 195661.5029296875, 171724.56785, inf, 173.41040462427745, 568.4474945950567, 43695.074255, 114767.962605, 2.158749, 12519.456101, 739.91614, 0, 3287, 178057.75, 10350001, 30537122, 175721901, 216609024, 29835907.68648529, 94457.283203125, 125278.560367, inf, 348.83720930232556, 959.6858601872673, 63780.706777, 54588.736245, 0.461786, 6152.608817, 756.046742, 0, 1634, 111344.5078125, 5130001, 44820427, 83787806, 133738234, 29680474.899101257, 41441.653076171875, 121148.97002, inf, 697.6744186046511, 1569.392516466464, 91578.102317, 25757.711795, 0.092103, 3063.481274, 749.582531, 0, 817, 78746.1328125, 2550001, 63404463, 39809299, 105763763
30000, 30000, 0, 0, fixed_reps_21, 30074938.07067108, 194632.0502319336, 183726.293372, inf, 173.41040462427745, 568.4474945950567, 43695.074255, 126686.550924, 2.124337, 12519.456101, 823.087755, 0, 3633, 172483.703125, 10350001, 30537122, 194218925, 235106048, 29834628.755088806, 93178.35180664062, 130987.24531, inf, 348.83720930232556, 959.6858601872673, 63780.706777, 60234.672128, 0.459963, 6152.608817, 818.797625, 0, 1806, 106636.8359375, 5130001, 44820427, 92607566, 142557994, 29679610.62322235, 40577.377197265625, 123914.68078000001, inf, 697.6744186046511, 1569.392516466464, 91578.102317, 28432.631761, 0.111629, 3063.481274, 840.353799, 0, 903, 76009.6953125, 2550001, 63404463, 43999747, 109954211
30000, 30000, 0, 0, fixed_reps_23, 30073775.856254578, 193469.8358154297, 196141.35939300002, inf, 173.41040462427745, 568.4474945950567, 43695.074255, 139024.737029, 2.12635, 12519.456101, 899.965658, 0, 3979, 166842.390625, 10350001, 30537122, 212715949, 253603072, 29833940.489341736, 92490.08605957031, 136828.139032, inf, 348.83720930232556, 959.6858601872673, 63780.706777, 65995.851628, 0.459783, 6152.608817, 898.512027, 0, 1978, 102742.34375, 5130001, 44820427, 101427326, 151377754, 29678770.078666687, 39736.83264160156, 126696.47969600001, inf, 697.6744186046511, 1569.392516466464, 91578.102317, 31139.928303, 0.093866, 3063.481274, 914.873936, 0, 989, 71950.2578125, 2550001, 63404463, 48190195, 114144659
30000, 30000, 0, 0, fixed_reps_25, 30072498.79210663, 192192.77166748047, 207994.17311, inf, 173.41040462427745, 568.4474945950567, 43695.074255, 150797.835019, 2.160572, 12519.456101, 979.647163, 0, 4325, 158637.171875, 10350001, 30537122, 231212973, 272100096, 29833342.431358337, 91892.02807617188, 142572.540308, inf, 348.83720930232556, 959.6858601872673, 63780.706777, 71661.958889, 0.455143, 6152.608817, 976.810682, 0, 2150, 99318.671875, 5130001, 44820427, 110247086, 160197514, 29678407.02721405, 39373.781188964844, 129443.183265, inf, 697.6744186046511, 1569.392516466464, 91578.102317, 33807.089148, 0.101079, 3063.481274, 994.409447, 0, 1075, 68115.375, 2550001, 63404463, 52380643, 118335107
30000, 30000, 0, 0, fixed_reps_27, 30071741.145256042, 191435.12481689453, 219942.626905, inf, 173.41040462427745, 568.4474945950567, 43695.074255, 162664.050905, 2.16483, 12519.456101, 1061.880814, 0, 4671, 150465.921875, 10350001, 30537122, 249709997, 290597120, 29832938.6198349, 91488.21655273438, 148329.775432, inf, 348.83720930232556, 959.6858601872673, 63780.706777, 77333.571198, 0.463749, 6152.608817, 1062.424891, 0, 2322, 93005.15625, 5130001, 44820427, 119066846, 169017274, 29677984.89617157, 38951.650146484375, 132168.18657000002, inf, 697.6744186046511, 1569.392516466464, 91578.102317, 36443.346519, 0.09067, 3063.481274, 1083.16579, 0, 1161, 65490.28515625, 2550001, 63404463, 56571091, 122525555
30000, 30000, 0, 0, fixed_reps_29, 30071200.12413788, 190894.10369873047, 231995.90096799997, inf, 173.41040462427745, 568.4474945950567, 43695.074255, 174648.35236, 2.1327, 12519.456101, 1130.885552, 0, 5017, 143396.734375, 10350001, 30537122, 268207021, 309094144, 29832614.28072357, 91163.87744140625, 154132.561313, inf, 348.83720930232556, 959.6858601872673, 63780.706777, 83047.213945, 0.458961, 6152.608817, 1151.572813, 0, 2494, 91384.6953125, 5130001, 44820427, 127886606, 177837034, 29677875.97112274, 38842.72509765625, 134978.44290599998, inf, 697.6744186046511, 1569.392516466464, 91578.102317, 39198.622211, 0.106339, 3063.481274, 1138.130765, 0, 1247, 63303.60546875, 2550001, 63404463, 60761539, 126716003
30000, 30000, 0, 0, fixed_reps_3, 30098517.13420868, 218211.11376953125, 75010.400443, inf, 173.41040462427745, 568.4474945950567, 43695.074255, 18676.46916, 2.217499, 12519.456101, 117.183428, 0, 519, 319443.375, 10350001, 30537122, 27745709, 68632832, 29846377.934165955, 104927.53088378906, 78915.83458200001, inf, 348.83720930232556, 959.6858601872673, 63780.706777, 8865.593579, 0.436258, 6152.608817, 116.489151, 0, 258, 180930.109375, 5130001, 44820427, 13229726, 63180154, 29686093.5812912, 47060.33526611328, 98985.348725, inf, 697.6744186046511, 1569.392516466464, 91578.102317, 4224.554148, 0.092994, 3063.481274, 119.117992, 0, 129, 110674.71875, 2550001, 63404463, 6285715, 72240179
30000, 30000, 0, 0, fixed_reps_31, 30070639.40270233, 190333.3822631836, 244229.71557600002, inf, 173.41040462427745, 568.4474945950567, 43695.074255, 186794.842857, 2.132259, 12519.456101, 1218.210104, 0, 5363, 133715.328125, 10350001, 30537122, 286704045, 327591168, 29832106.723106384, 90656.31982421875, 160053.19252500002, inf, 348.83720930232556, 959.6858601872673, 63780.706777, 88899.244538, 0.456696, 6152.608817, 1220.175697, 0, 2666, 88756.3984375, 5130001, 44820427, 136706366, 186656794, 29677689.06072235, 38655.814697265625, 137723.910499, inf, 697.6744186046511, 1569.392516466464, 91578.102317, 41864.612617, 0.106149, 3063.481274, 1217.608142, 0, 1333, 62284.6484375, 2550001, 63404463, 64951987, 130906451
30000, 30000, 0, 0, fixed_reps_33, 30070174.351737976, 189868.33129882812, 256418.397809, inf, 173.41040462427745, 568.4474945950567, 43695.074255, 198912.133911, 2.142588, 12519.456101, 1289.590954, 0, 5709, 128750.84375, 10350001, 30537122, 305201069, 346088192, 29832106.723106384, 90656.31982421875, 165745.04354299998, inf, 348.83720930232556, 959.6858601872673, 63780.706777, 94517.57877, 0.45364, 6152.608817, 1293.695539, 0, 2838, 87397.8359375, 5130001, 44820427, 145526126, 195476554, 29677616.472343445, 38583.226318359375, 140461.42166300002, inf, 697.6744186046511, 1569.392516466464, 91578.102317, 44526.429683, 0.104987, 3063.481274, 1293.303402, 0, 1419, 60249.3828125, 2550001, 63404463, 69142435, 135096899
30000, 30000, 0, 0, fixed_reps_35, 30068858.03942108, 188552.0189819336, 268215.937653, inf, 173.41040462427745, 568.4474945950567, 43695.074255, 210638.652085, 2.084109, 12519.456101, 1360.671103, 0, 6055, 124387.6640625, 10350001, 30537122, 323698093, 364585216, 29831799.460899353, 90349.0576171875, 171508.764553, inf, 348.83720930232556, 959.6858601872673, 63780.706777, 100208.44487, 0.45891, 6152.608817, 1366.545179, 0, 3010, 85354.6875, 5130001, 44820427, 154345886, 204296314, 29677616.472343445, 38583.226318359375, 143279.664368, inf, 697.6744186046511, 1569.392516466464, 91578.102317, 47262.148822, 0.104776, 3063.481274, 1375.827179, 0, 1505, 59516.14453125, 2550001, 63404463, 73332883, 139287347
30000, 30000, 0, 0, fixed_reps_37, 30068403.94506073, 188097.92462158203, 280619.47378400003, inf, 173.41040462427745, 568.4474945950567, 43695.074255, 222965.605493, 2.10616, 12519.456101, 1437.231775, 0, 6401, 120229.703125, 10350001, 30537122, 342195117, 383082240, 29831566.239891052, 90115.83660888672, 177236.295724, inf, 348.83720930232556, 959.6858601872673, 63780.706777, 105849.395799, 0.449072, 6152.608817, 1453.135259, 0, 3182, 84093.0859375, 5130001, 44820427, 163165646, 213116074, 29677563.4005661, 38530.154541015625, 146008.59177, inf, 697.6744186046511, 1569.392516466464, 91578.102317, 49916.643328, 0.104847, 3063.481274, 1450.260004, 0, 1591, 58928.4921875, 2550001, 63404463, 77523331, 143477795
30000, 30000, 0, 0, fixed_reps_39, 30067730.504753113, 187424.48431396484, 292627.096257, inf, 173.41040462427745, 568.4474945950567, 43695.074255, 234890.643992, 2.141094, 12519.456101, 1519.780815, 0, 6747, 117219.0859375, 10350001, 30537122, 360692141, 401579264, 29831014.57924652, 89564.17596435547, 182970.797474, inf, 348.83720930232556, 959.6858601872673, 63780.706777, 111514.784838, 0.45867, 6152.608817, 1522.238372, 0, 3354, 80402.09375, 5130001, 44820427, 171985406, 221935834, 29677516.01134491, 38482.76531982422, 148851.986361, inf, 697.6744186046511, 1569.392516466464, 91578.102317, 52673.099173, 0.093776, 3063.481274, 1537.209821, 0, 1677, 58396.828125, 2550001, 63404463, 81713779, 147668243
30000, 30000, 0, 0, fixed_reps_41, 30066905.267570496, 186599.24713134766, 304883.51774700003, inf, 173.41040462427745, 568.4474945950567, 43695.074255, 247071.800371, 2.311784, 12519.456101, 1594.875236, 0, 7093, 113806.5, 10350001, 30537122, 379189165, 420076288, 29830865.509483337, 89415.10620117188, 188829.985716, inf, 348.83720930232556, 959.6858601872673, 63780.706777, 117295.734754, 0.454042, 6152.608817, 1600.481326, 0, 3526, 79324.28125, 5130001, 44820427, 180805166, 230755594, 29677243.195854187, 38209.94982910156, 151615.96246399998, inf, 697.6744186046511, 1569.392516466464, 91578.102317, 55345.443675, 0.105468, 3063.481274, 1628.82973, 0, 1763, 57617.51953125, 2550001, 63404463, 85904227, 151858691
30000, 30000, 0, 0, fixed_reps_5, 30094528.431755066, 214222.41131591797, 87098.028632, inf, 173.41040462427745, 568.4474945950567, 43695.074255, 30686.825081, 2.008706, 12519.456101, 194.664489, 0, 865, 275347.8125, 10350001, 30537122, 46242733, 87129856, 29844217.325828552, 102766.92254638672, 84735.39552600001, inf, 348.83720930232556, 959.6858601872673, 63780.706777, 14607.519553, 0.427462, 6152.608817, 194.132917, 0, 430, 161525.875, 5130001, 44820427, 22049486, 71999914, 29685510.36644745, 46477.12042236328, 101758.97069599999, inf, 697.6744186046511, 1569.392516466464, 91578.102317, 6919.726012, 0.092614, 3063.481274, 197.568479, 0, 215, 103094.9375, 2550001, 63404463, 10476163, 76430627
30000, 30000, 0, 0, fixed_reps_7, 30089161.248649597, 208855.22821044922, 99238.677075, inf, 173.41040462427745, 568.4474945950567, 43695.074255, 42749.09869, 2.223859, 12519.456101, 272.82417, 0, 1211, 247437.046875, 10350001, 30537122, 64739757, 105626880, 29842564.262413025, 101113.85913085938, 90531.22691000001, inf, 348.83720930232556, 959.6858601872673, 63780.706777, 20324.929895, 0.467086, 6152.608817, 272.514335, 0, 602, 151052.96875, 5130001, 44820427, 30869246, 80819674, 29684633.065483093, 45599.81945800781, 104521.01438600001, inf, 697.6744186046511, 1569.392516466464, 91578.102317, 9602.730469, 0.090891, 3063.481274, 276.609435, 0, 301, 98456.9921875, 2550001, 63404463, 14666611, 80621075
30000, 30000, 0, 0, fixed_reps_9, 30087573.83531952, 207267.8148803711, 111303.596497, inf, 173.41040462427745, 568.4474945950567, 43695.074255, 54735.115195, 2.151478, 12519.456101, 351.799468, 0, 1557, 229336.28125, 10350001, 30537122, 83236781, 124123904, 29841414.577659607, 99964.1743774414, 96293.782322, inf, 348.83720930232556, 959.6858601872673, 63780.706777, 26008.55626, 0.425729, 6152.608817, 351.484739, 0, 774, 143111.484375, 5130001, 44820427, 39689006, 89639434, 29684260.792778015, 45227.54675292969, 107278.917198, inf, 697.6744186046511, 1569.392516466464, 91578.102317, 12284.941287, 0.092173, 3063.481274, 352.300147, 0, 387, 94599.21875, 2550001, 63404463, 18857059, 84811523
30000, 30000, 0, 0, greedy_1.000000, 30110759.93761444, 230453.91717529297, 63024.971792000004, inf, 173.41040462427745, 568.4474945950567, 43695.074255, 6771.149613, 1.985042, 12519.456101, 37.296461, 0.01032, 173, 401666.53125, 10350001, 30537122, 9248685, 50135808, 29851807.573936462, 110357.17065429688, 73142.58625400001, inf, 348.83720930232556, 959.6858601872673, 63780.706777, 3171.264018, 0.438332, 6152.608817, 37.562689, 0.005621, 86, 217670.125, 5130001, 44820427, 4409966, 54360394, 29688784.20226288, 49750.95623779297, 96203.954678, inf, 697.6744186046511, 1569.392516466464, 91578.102317, 1525.639264, 0.090941, 3063.481274, 36.637626, 0.003256, 43, 127973.15625, 2550001, 63404463, 2095267, 68049731
30000, 30000, 0, 0, greedy_11.000000, 30077516.52898407, 197210.50854492188, 191510.59025699997, inf, 173.41040462427745, 568.4474945950567, 43695.074255, 67154.435485, 2.360968, 12519.456101, 68138.800711, 0.462737, 1903, 182656.265625, 10350001, 30537122, 153154641, 194041764, 29837734.956809998, 96284.55352783203, 135189.248213, inf, 348.83720930232556, 959.6858601872673, 63780.706777, 31718.383804, 0.460854, 6152.608817, 33536.927741, 0.16022, 946, 114706.59375, 5130001, 44820427, 74010387, 123960815, 29681989.60887909, 42956.362854003906, 126952.265868, inf, 697.6744186046511, 1569.392516466464, 91578.102317, 15168.62015, 0.096391, 3063.481274, 17141.901736, 0.064, 473, 83435.140625, 2550001, 63404463, 35865729, 101820193
30000, 30000, 0, 0, greedy_13.000000, 30075953.16924286, 195647.14880371094, 216016.08308, inf, 173.41040462427745, 568.4474945950567, 43695.074255, 78935.279319, 2.137788, 12519.456101, 80863.594883, 0.540734, 2249, 168613.875, 10350001, 30537122, 182078857, 222965980, 29836022.787376404, 94572.38409423828, 147674.969541, inf, 348.83720930232556, 959.6858601872673, 63780.706777, 37498.88306, 0.457919, 6152.608817, 40242.121209, 0.191759, 1118, 109054.375, 5130001, 44820427, 88033203, 137983631, 29681237.266716003, 42204.02069091797, 133113.429382, inf, 697.6744186046511, 1569.392516466464, 91578.102317, 17897.266996, 0.104035, 3063.481274, 20574.399999, 0.074761, 559, 78260.0625, 2550001, 63404463, 42674521, 108628985
30000, 30000, 0, 0, greedy_15.000000, 30073896.265800476, 193590.24536132812, 240596.85599900002, inf, 173.41040462427745, 568.4474945950567, 43695.074255, 90405.888473, 2.199254, 12519.456101, 93973.612513, 0.625403, 2595, 159713.5625, 10350001, 30537122, 210283793, 251170916, 29835725.461875916, 94275.05859375, 159866.085425, inf, 348.83720930232556, 959.6858601872673, 63780.706777, 43016.425141, 0.452558, 6152.608817, 46915.673442, 0.21869, 1290, 105866.390625, 5130001, 44820427, 101542774, 151493202, 29680996.243034363, 41962.997009277344, 138792.03665000002, inf, 697.6744186046511, 1569.392516466464, 91578.102317, 20425.377222, 0.103104, 3063.481274, 23724.889807, 0.082926, 645, 74721.484375, 2550001, 63404463, 49145213, 115099677
30000, 30000, 0, 0, greedy_17.000000, 30072040.016838074, 191733.99639892578, 265984.75558699993, inf, 173.41040462427745, 568.4474945950567, 43695.074255, 102360.271771, 2.26582, 12519.456101, 107406.982708, 0.704932, 2941, 141154.46875, 10350001, 30537122, 239208009, 280095132, 29834581.661949158, 93131.25866699219, 172205.97215400002, inf, 348.83720930232556, 959.6858601872673, 63780.706777, 48610.489592, 0.460533, 6152.608817, 53661.469751, 0.236684, 1462, 97697.4453125, 5130001, 44820427, 115364755, 165315183, 29680701.816947937, 41668.57092285156, 144849.84161200002, inf, 697.6744186046511, 1569.392516466464, 91578.102317, 22804.382787, 0.100849, 3063.481274, 27403.685307, 0.089078, 731, 73412.640625, 2550001, 63404463, 55391579, 121346043
30000, 30000, 0, 0, greedy_19.000000, 30070549.855522156, 190243.8350830078, 291389.236422, inf, 173.41040462427745, 568.4474945950567, 43695.074255, 114396.663499, 2.126017, 12519.456101, 120775.13314, 0.78341, 3287, 135606.203125, 10350001, 30537122, 268072285, 308959408, 29833683.68093109, 92233.27764892578, 184134.685062, inf, 348.83720930232556, 959.6858601872673, 63780.706777, 53878.254358, 0.464681, 6152.608817, 60322.393387, 0.257042, 1634, 92027.484375, 5130001, 44820427, 128436131, 178386559, 29679991.268119812, 40958.02209472656, 150725.472237, inf, 697.6744186046511, 1569.392516466464, 91578.102317, 25409.680172, 0.103093, 3063.481274, 30674.038926, 0.066455, 817, 72179.71875, 2550001, 63404463, 61954511, 127908975
30000, 30000, 0, 0, greedy_21.000000, 30068292.13408661, 187986.11364746094, 316842.07739299996, inf, 173.41040462427745, 568.4474945950567, 43695.074255, 126479.87365, 2.152588, 12519.456101, 134144.664884, 0.855915, 3633, 130153.21875, 10350001, 30537122, 296996501, 337883624, 29833381.556907654, 91931.15362548828, 196791.72915699997, inf, 348.83720930232556, 959.6858601872673, 63780.706777, 59564.829838, 0.451988, 6152.608817, 67292.859176, 0.272561, 1806, 89127.0859375, 5130001, 44820427, 142400521, 192350949, 29679991.268119812, 40958.02209472656, 156927.882285, inf, 697.6744186046511, 1569.392516466464, 91578.102317, 28219.89112, 0.102221, 3063.481274, 34066.209764, 0.095589, 903, 70514.1328125, 2550001, 63404463, 68763303, 134717767
30000, 30000, 0, 0, greedy_23.000000, 30066059.879356384, 185753.85891723633, 342358.993913, inf, 173.41040462427745, 568.4474945950567, 43695.074255, 138602.434132, 2.141497, 12519.456101, 147538.918971, 0.968957, 3979, 122130.2890625, 10350001, 30537122, 325920717, 366807840, 29832486.311546326, 91035.90826416016, 209253.897307, inf, 348.83720930232556, 959.6858601872673, 63780.706777, 65365.520085, 0.464631, 6152.608817, 73954.279642, 0.317355, 1978, 86753.0859375, 5130001, 44820427, 156423337, 206373765, 29679902.511650085, 40869.265625, 162699.55033, inf, 697.6744186046511, 1569.392516466464, 91578.102317, 30928.640842, 0.09614, 3063.481274, 37129.110163, 0.119594, 989, 69412.8984375, 2550001, 63404463, 75572095, 141526559
30000, 30000, 0, 0, greedy_25.000000, 30064157.954978943, 183851.93453979492, 367931.709814, inf, 173.41040462427745, 568.4474945950567, 43695.074255, 150807.370485, 2.32443, 12519.456101, 160906.467345, 1.017198, 4325, 112306.7890625, 10350001, 30537122, 354844933, 395732056, 29831639.39467621, 90188.99139404297, 221534.307104, inf, 348.83720930232556, 959.6858601872673, 63780.706777, 70908.454326, 0.465943, 6152.608817, 80691.746732, 0.324509, 2150, 83124.1796875, 5130001, 44820427, 170111428, 220061856, 29678927.01183319, 39893.76580810547, 168908.476512, inf, 697.6744186046511, 1569.392516466464, 91578.102317, 33719.575306, 0.095449, 3063.481274, 40547.097062, 0.125104, 1075, 65194.60546875, 2550001, 63404463, 82380887, 148335351
30000, 30000, 0, 0, greedy_27.000000, 30063667.347099304, 183361.32666015625, 393808.69854500005, inf, 173.41040462427745, 568.4474945950567, 43695.074255, 163073.387877, 2.151435, 12519.456101, 174517.567226, 1.061651, 4671, 108114.1015625, 10350001, 30537122, 383769149, 424656272, 29831384.69429779, 89934.291015625, 233918.793014, inf, 348.83720930232556, 959.6858601872673, 63780.706777, 76673.073026, 0.46397, 6152.608817, 87311.573806, 0.366618, 2322, 81655.0078125, 5130001, 44820427, 184134244, 234084672, 29678031.393486023, 38998.1474609375, 175149.231991, inf, 697.6744186046511, 1569.392516466464, 91578.102317, 36477.475198, 0.104425, 3063.481274, 44029.981673, 0.087104, 1161, 64384.05859375, 2550001, 63404463, 89189679, 155144143
30000, 30000, 0, 0, greedy_29.000000, 30063180.48186493, 182874.46142578125, 419332.00191000005, inf, 173.41040462427745, 568.4474945950567, 43695.074255, 175013.947872, 2.274075, 12519.456101, 188100.085093, 1.164514, 5017, 102867.6796875, 10350001, 30537122, 412393665, 453280788, 29831384.69429779, 89934.291015625, 246844.99591199998, inf, 348.83720930232556, 959.6858601872673, 63780.706777, 82508.897792, 0.455024, 6152.608817, 94401.961015, 0.366487, 2494, 80744.2265625, 5130001, 44820427, 198157060, 248107488, 29676605.78160858, 37572.535583496094, 181212.006379, inf, 697.6744186046511, 1569.392516466464, 91578.102317, 39234.624446, 0.092002, 3063.481274, 47335.571928, 0.134412, 1247, 62303.109375, 2550001, 63404463, 95998471, 161952935
30000, 30000, 0, 0, greedy_3.000000, 30094603.497428894, 214297.4769897461, 88955.27172500001, inf, 173.41040462427745, 568.4474945950567, 43695.074255, 19088.711228, 2.012744, 12519.456101, 13649.916417, 0.10098, 519, 283473.75, 10350001, 30537122, 38095679, 78982802, 29845506.28450775, 104055.88122558594, 85610.71544300001, inf, 348.83720930232556, 959.6858601872673, 63780.706777, 8922.684676, 0.443281, 6152.608817, 6754.233309, 0.038583, 258, 170564.8125, 5130001, 44820427, 18358939, 68309367, 29684936.352470398, 45903.1064453125, 102415.503474, inf, 697.6744186046511, 1569.392516466464, 91578.102317, 4271.534053, 0.092814, 3063.481274, 3502.276915, 0.016101, 129, 108222.015625, 2550001, 63404463, 8805715, 74760179
30000, 30000, 0, 0, greedy_31.000000, 30062821.63961029, 182515.61917114258, 444833.34708199993, inf, 173.41040462427745, 568.4474945950567, 43695.074255, 187150.2448, 2.091002, 12519.456101, 201465.245237, 1.235687, 5363, 97559.2578125, 10350001, 30537122, 441317881, 482205004, 29830801.693992615, 89351.29071044922, 258979.14899400002, inf, 348.83720930232556, 959.6858601872673, 63780.706777, 88358.508184, 0.45913, 6152.608817, 100686.470153, 0.395933, 2666, 78158.59375, 5130001, 44820427, 212179876, 262130304, 29676478.573661804, 37445.32763671875, 187239.61126499998, inf, 697.6744186046511, 1569.392516466464, 91578.102317, 42000.45335, 0.105167, 3063.481274, 50597.329435, 0.139722, 1333, 60574.48828125, 2550001, 63404463, 102807263, 168761727
30000, 30000, 0, 0, greedy_33.000000, 30062480.135765076, 182174.11532592773, 470542.343465, inf, 173.41040462427745, 568.4474945950567, 43695.074255, 199331.859314, 2.125366, 12519.456101, 214992.525716, 1.302713, 5709, 94341.3203125, 10350001, 30537122, 470242097, 511129220, 29830328.558799744, 88878.15551757812, 271740.297271, inf, 348.83720930232556, 959.6858601872673, 63780.706777, 94143.854898, 0.407164, 6152.608817, 107662.314155, 0.40546, 2838, 77153.078125, 5130001, 44820427, 226202692, 276153120, 29675933.078178406, 36899.83215332031, 194210.386809, inf, 697.6744186046511, 1569.392516466464, 91578.102317, 45010.538032, 0.103344, 3063.481274, 54558.010208, 0.151634, 1419, 57853.48046875, 2550001, 63404463, 109616055, 175570519
30000, 30000, 0, 0, greedy_35.000000, 30061847.915672302, 181541.8952331543, 495331.51058000006, inf, 173.41040462427745, 568.4474945950567, 43695.074255, 210562.307214, 2.302969, 12519.456101, 228551.017054, 1.352987, 6055, 89017.3046875, 10350001, 30537122, 497667813, 538554936, 29829697.626792908, 88247.22351074219, 284226.092043, inf, 348.83720930232556, 959.6858601872673, 63780.706777, 99932.123529, 0.460804, 6152.608817, 114359.760216, 0.4319, 3010, 74442.21875, 5130001, 44820427, 240225508, 290175936, 29675553.154411316, 36519.90838623047, 199791.08030499998, inf, 697.6744186046511, 1569.392516466464, 91578.102317, 47551.193243, 0.105387, 3063.481274, 57598.0463, 0.151784, 1505, 55280.38671875, 2550001, 63404463, 116424847, 182379311
30000, 30000, 0, 0, greedy_37.000000, 30061425.453208923, 181119.4327697754, 520466.727868, inf, 173.41040462427745, 568.4474945950567, 43695.074255, 222826.439081, 2.100148, 12519.456101, 241422.192033, 1.46625, 6401, 84617.1484375, 10350001, 30537122, 526592029, 567479152, 29829475.336021423, 88024.93273925781, 296841.476447, inf, 348.83720930232556, 959.6858601872673, 63780.706777, 105712.454454, 0.457268, 6152.608817, 121194.790411, 0.45872, 3182, 72467.8515625, 5130001, 44820427, 254248324, 304198752, 29675553.154411316, 36519.90838623047, 205392.98760499997, inf, 697.6744186046511, 1569.392516466464, 91578.102317, 49912.185224, 0.10682, 3063.481274, 60838.961648, 0.150322, 1591, 53395.33203125, 2550001, 63404463, 122670139, 188624603
30000, 30000, 0, 0, greedy_39.000000, 30061285.56264496, 180979.54220581055, 546433.2072310001, inf, 173.41040462427745, 568.4474945950567, 43695.074255, 235105.286801, 2.105368, 12519.456101, 255109.744448, 1.540258, 6747, 82150.3203125, 10350001, 30537122, 555516245, 596403368, 29829000.580223083, 87550.17694091797, 309807.711848, inf, 348.83720930232556, 959.6858601872673, 63780.706777, 111421.709735, 0.464331, 6152.608817, 128451.739202, 0.482986, 3354, 70104.9765625, 5130001, 44820427, 268070305, 318020733, 29675225.224845886, 36191.97882080078, 211640.98730300003, inf, 697.6744186046511, 1569.392516466464, 91578.102317, 52726.447213, 0.106961, 3063.481274, 64272.691732, 0.157806, 1677, 52792.3828125, 2550001, 63404463, 129478931, 195433395
30000, 30000, 0, 0, greedy_5.000000, 30089351.559196472, 209045.53875732422, 114653.897324, inf, 173.41040462427745, 568.4474945950567, 43695.074255, 31140.105333, 2.116429, 12519.456101, 27296.920835, 0.224371, 865, 244140.984375, 10350001, 30537122, 67019895, 107907018, 29842596.403892517, 101146.00061035156, 97966.358585, inf, 348.83720930232556, 959.6858601872673, 63780.706777, 14592.938825, 0.423604, 6152.608817, 13439.61531, 0.065252, 430, 150250.6875, 5130001, 44820427, 32220273, 82170701, 29684072.714897156, 45039.46887207031, 108488.76346100001, inf, 697.6744186046511, 1569.392516466464, 91578.102317, 6890.278393, 0.091832, 3063.481274, 6956.78563, 0.024015, 215, 101954.09375, 2550001, 63404463, 15502344, 81456808
30000, 30000, 0, 0, greedy_7.000000, 30082897.87877655, 202591.85833740234, 140490.66360700002, inf, 173.41040462427745, 568.4474945950567, 43695.074255, 43431.202841, 2.113944, 12519.456101, 40842.501866, 0.3146, 1211, 220319.046875, 10350001, 30537122, 95896859, 136783982, 29840748.115745544, 99297.7124633789, 110384.579251, inf, 348.83720930232556, 959.6858601872673, 63780.706777, 20302.736038, 0.467787, 6152.608817, 20147.971506, 0.088326, 602, 139501.09375, 5130001, 44820427, 46140033, 96090461, 29683819.953544617, 44786.70751953125, 114543.28373200001, inf, 697.6744186046511, 1569.392516466464, 91578.102317, 9619.96189, 0.101551, 3063.481274, 10281.603006, 0.033694, 301, 95793.71875, 2550001, 63404463, 22248145, 88202609
30000, 30000, 0, 0, greedy_9.000000, 30079483.816459656, 199177.7960205078, 166020.260116, inf, 173.41040462427745, 568.4474945950567, 43695.074255, 55309.373092, 2.132729, 12519.456101, 54493.842063, 0.381876, 1557, 203831.4375, 10350001, 30537122, 124750197, 165637320, 29838601.26186371, 97150.85858154297, 122825.10353700002, inf, 348.83720930232556, 959.6858601872673, 63780.706777, 26072.150271, 0.464191, 6152.608817, 26819.067813, 0.105668, 774, 125537.5390625, 5130001, 44820427, 60162849, 110113277, 29683153.340690613, 44120.094665527344, 120684.45602499999, inf, 697.6744186046511, 1569.392516466464, 91578.102317, 12370.402328, 0.092133, 3063.481274, 13672.340923, 0.03705, 387, 91374.703125, 2550001, 63404463, 29056937, 95011401
30000, 30000, 0, 0, opt, 30056498.87587738, 176192.85543823242, 525859.749034, inf, 173.41040462427745, 568.4474945950567, 43695.074255, 469643.079737, 2.138941, 12519.456101, 0, 0, 0, 0, 10350001, 30537122, 708071220, 748958343, 29821796.99947357, 80346.59619140625, 502367.10292699997, inf, 348.83720930232556, 959.6858601872673, 63780.706777, 432433.335866, 0.451467, 6152.608817, 0, 0, 0, 0, 5130001, 44820427, 651888095, 701838523, 29669226.82698822, 30193.580963134766, 488402.203296, inf, 697.6744186046511, 1569.392516466464, 91578.102317, 393760.527222, 0.092483, 3063.481274, 0, 0, 0, 0, 2550001, 63404463, 591590475, 657544939
30000, 30000, 0, 0, plus_edge, 30097703.767448425, 217397.74700927734, 63060.13733500001, inf, 173.41040462427745, 568.4474945950567, 43695.074255, 6843.370617, 2.236362, 12519.456101, 0, 0, 0, 0, 10350001, 30537122, 9248096, 50135219, 29846281.185813904, 104830.78253173828, 73118.501995, inf, 348.83720930232556, 959.6858601872673, 63780.706777, 3184.758078, 0.428323, 6152.608817, 0, 0, 0, 0, 5130001, 44820427, 4387105, 54337533, 29685727.732170105, 46694.48614501953, 96151.117096, inf, 697.6744186046511, 1569.392516466464, 91578.102317, 1509.443586, 0.089919, 3063.481274, 0, 0, 0, 0, 2550001, 63404463, 2066988, 68021452
30000, 30000, 0, 0, simple, 30110759.93761444, 230453.91717529297, 62978.287442, inf, 173.41040462427745, 568.4474945950567, 43695.074255, 6761.591317, 2.165769, 12519.456101, 0, 0, 0, 0, 10350001, 30537122, 9218512, 50105635, 29851807.573936462, 110357.17065429688, 73135.844417, inf, 348.83720930232556, 959.6858601872673, 63780.706777, 3202.107643, 0.42118, 6152.608817, 0, 0, 0, 0, 5130001, 44820427, 4379880, 54330308, 29688784.20226288, 49750.95623779297, 96158.85222500001, inf, 697.6744186046511, 1569.392516466464, 91578.102317, 1517.176842, 0.091792, 3063.481274, 0, 0, 0, 0, 2550001, 63404463, 2065224, 68019688
30000, 30000, 0, 0, dp_1.000000, 30130376.382606506, 229371.81646728516, 69711.50158899999, inf, 173.41040462427745, 610.5697228665529, 50513.774108, 6656.140461, 1.976075, 12499.798808, 39.802339, 0.009798, 173, 0, 10350001, 34832957, 9131725, 54314683, 29899961.96042633, 111622.27960205078, 78974.65946499999, inf, 348.83720930232556, 1008.3699125201691, 69610.82126, 3171.5172, 0.410069, 6153.69084, 38.213293, 0.006803, 86, 0, 5130001, 48940383, 4405546, 58475930, 29713366.14139557, 55730.780029296875, 141271.91871899998, inf, 697.6744186046511, 1965.4183970320678, 136708.15017, 1462.713858, 0.071955, 3063.248963, 37.729435, 0.004338, 43, 0, 2550001, 93501810, 2021557, 98073368
30000, 30000, 0, 0, dp_11.000000, 30094667.814064026, 193663.2479248047, 197721.40972300002, inf, 173.41040462427745, 610.5697228665529, 50513.774108, 66603.47058, 2.140794, 12499.798808, 67939.603722, 162.621711, 1903, 148410.875, 10350001, 34832957, 152500429, 197683387, 29883444.69834137, 95105.01751708984, 141254.45043599998, inf, 348.83720930232556, 1008.3699125201691, 69610.82126, 31918.385993, 0.422392, 6153.69084, 33551.863617, 19.266334, 946, 96209.1328125, 5130001, 48940383, 74312650, 128383034, 29701935.627052307, 44300.265686035156, 170966.575756, inf, 697.6744186046511, 1965.4183970320678, 136708.15017, 14229.571211, 0.088325, 3063.248963, 16962.901492, 2.615595, 473, 58598.35546875, 2550001, 93501810, 34542539, 130594350
30000, 30000, 0, 0, dp_13.000000, 30092955.916389465, 191951.35025024414, 222728.45489999998, inf, 173.41040462427745, 610.5697228665529, 50513.774108, 78407.800684, 2.145183, 12499.798808, 81076.313154, 228.622963, 2249, 133307.84375, 10350001, 34832957, 181189365, 226372323, 29882033.176490784, 93693.4956665039, 153712.473588, inf, 348.83720930232556, 1008.3699125201691, 69610.82126, 37675.515035, 0.429776, 6153.69084, 40244.847141, 27.169536, 1118, 90180.0078125, 5130001, 48940383, 88326522, 142396906, 29701467.402565002, 43832.04119873047, 176980.50315699997, inf, 697.6744186046511, 1965.4183970320678, 136708.15017, 16841.464854, 0.089969, 3063.248963, 20364.094082, 3.455119, 559, 54714.484375, 2550001, 93501810, 41140491, 137192302
30000, 30000, 0, 0, dp_15.000000, 30091967.068367004, 190962.5022277832, 248437.42623800001, inf, 173.41040462427745, 610.5697228665529, 50513.774108, 90253.044527, 2.152997, 12499.798808, 94860.75624, 307.899558, 2595, 121514.34375, 10350001, 34832957, 209878301, 255061259, 29881559.106666565, 93219.42584228516, 166116.749586, inf, 348.83720930232556, 1008.3699125201691, 69610.82126, 43377.947136, 0.483167, 6153.69084, 46936.833362, 36.973821, 1290, 85120.0390625, 5130001, 48940383, 102253098, 156323482, 29701265.29184723, 43629.93048095703, 182994.193559, inf, 697.6744186046511, 1965.4183970320678, 136708.15017, 19505.780455, 0.091672, 3063.248963, 23712.168234, 4.754065, 645, 51451.53125, 2550001, 93501810, 47798353, 143850164
30000, 30000, 0, 0, dp_17.000000, 30090784.05884552, 189779.49270629883, 272995.26794600004, inf, 173.41040462427745, 610.5697228665529, 50513.774108, 101957.2141, 2.15963, 12499.798808, 107624.760905, 397.560395, 2941, 111393.6171875, 10350001, 34832957, 238507525, 283690483, 29879937.18119049, 91597.50036621094, 178653.215257, inf, 348.83720930232556, 1008.3699125201691, 69610.82126, 49183.012199, 0.470162, 6153.69084, 53657.66827, 47.552526, 1462, 80967.5390625, 5130001, 48940383, 116266970, 170337354, 29700996.336891174, 43360.975524902344, 189081.035184, inf, 697.6744186046511, 1965.4183970320678, 136708.15017, 22175.251855, 0.087995, 3063.248963, 27128.433617, 5.862584, 731, 49188.78515625, 2550001, 93501810, 54456215, 150508026
30000, 30000, 0, 0, dp_19.000000, 30089563.55014801, 188558.98400878906, 298232.43070599996, inf, 173.41040462427745, 610.5697228665529, 50513.774108, 113781.573895, 2.175259, 12499.798808, 120934.206203, 500.902433, 3287, 102364.734375, 10350001, 34832957, 266988921, 312171879, 29879091.250282288, 90751.56945800781, 191003.32795399998, inf, 348.83720930232556, 1008.3699125201691, 69610.82126, 54815.412529, 0.481963, 6153.69084, 60363.098355, 59.823007, 1634, 76955.921875, 5130001, 48940383, 130062602, 184132986, 29700996.336891174, 43360.975524902344, 195279.03156700003, inf, 697.6744186046511, 1965.4183970320678, 136708.15017, 24894.033507, 0.102602, 3063.248963, 30606.098673, 7.397652, 817, 47126.08203125, 2550001, 93501810, 61114077, 157165888
30000, 30000, 0, 0, dp_21.000000, 30088350.44583893, 187345.87969970703, 323651.44781, inf, 173.41040462427745, 610.5697228665529, 50513.774108, 125643.478981, 2.195809, 12499.798808, 134380.236776, 611.963328, 3633, 94277.3359375, 10350001, 34832957, 295558433, 340741391, 29878462.787574768, 90123.10675048828, 203691.995254, inf, 348.83720930232556, 1008.3699125201691, 69610.82126, 60825.854316, 0.482855, 6153.69084, 67027.341004, 73.804979, 1806, 73367.8046875, 5130001, 48940383, 144294714, 198365098, 29700996.336891174, 43360.975524902344, 201604.00446199998, inf, 697.6744186046511, 1965.4183970320678, 136708.15017, 27554.928769, 0.104536, 3063.248963, 34268.585644, 8.98638, 903, 45598.66015625, 2550001, 93501810, 67771939, 163823750
30000, 30000, 0, 0, dp_23.000000, 30087786.62046051, 186782.05432128906, 349149.452802, inf, 173.41040462427745, 610.5697228665529, 50513.774108, 137685.671489, 2.318218, 12499.798808, 147712.507542, 735.382637, 3979, 86948.90625, 10350001, 34832957, 324247369, 369430327, 29878241.417518616, 89901.73669433594, 216101.273776, inf, 348.83720930232556, 1008.3699125201691, 69610.82126, 66555.111748, 0.457888, 6153.69084, 73692.277432, 88.914608, 1978, 69986.0078125, 5130001, 48940383, 158090346, 212160730, 29700386.158180237, 42750.796813964844, 207742.568931, inf, 697.6744186046511, 1965.4183970320678, 136708.15017, 30181.544278, 0.089748, 3063.248963, 37778.661833, 10.873939, 989, 44106.08984375, 2550001, 93501810, 74429801, 170481612
30000, 30000, 0, 0, dp_25.000000, 30086717.369361877, 185712.80322265625, 374778.72178799997, inf, 173.41040462427745, 610.5697228665529, 50513.774108, 149547.869984, 2.165191, 12499.798808, 161341.599126, 873.514571, 4325, 80557.109375, 10350001, 34832957, 352751825, 397934783, 29877762.828590393, 89423.14776611328, 229047.01051000002, inf, 348.83720930232556, 1008.3699125201691, 69610.82126, 72327.669045, 0.472346, 6153.69084, 80848.489078, 105.867941, 2150, 66779.4453125, 5130001, 48940383, 172104218, 226174602, 29700196.233070374, 42560.87170410156, 213807.918909, inf, 697.6744186046511, 1965.4183970320678, 136708.15017, 32885.15815, 0.09064, 3063.248963, 41138.402726, 12.86826, 1075, 42655.7890625, 2550001, 93501810, 81087663, 177139474
30000, 30000, 0, 0, dp_27.000000, 30086181.387184143, 185176.82104492188, 400208.82106600003, inf, 173.41040462427745, 610.5697228665529, 50513.774108, 161537.544143, 2.172044, 12499.798808, 174639.188377, 1016.343586, 4671, 74766.734375, 10350001, 34832957, 381440761, 426623719, 29877368.894203186, 89029.21337890625, 241861.019112, inf, 348.83720930232556, 1008.3699125201691, 69610.82126, 78090.85943, 0.459491, 6153.69084, 87881.707804, 123.480287, 2322, 63748.90234375, 5130001, 48940383, 186118090, 240188474, 29700196.233070374, 42560.87170410156, 219990.249835, inf, 697.6744186046511, 1965.4183970320678, 136708.15017, 35565.93413, 0.091472, 3063.248963, 44637.822326, 15.002774, 1161, 41231.36328125, 2550001, 93501810, 87655660, 183707471
30000, 30000, 0, 0, dp_29.000000, 30085238.988868713, 184234.4227294922, 425609.186096, inf, 173.41040462427745, 610.5697228665529, 50513.774108, 173305.204753, 2.170099, 12499.798808, 188114.563596, 1173.674732, 5017, 69253.9140625, 10350001, 34832957, 409829917, 455012875, 29877138.808692932, 88799.12786865234, 254016.56611899997, inf, 348.83720930232556, 1008.3699125201691, 69610.82126, 84074.119633, 0.469761, 6153.69084, 94034.467191, 142.997434, 2494, 60743.76171875, 5130001, 48940383, 200131962, 254202346, 29700127.402503967, 42492.04113769531, 225833.181666, inf, 697.6744186046511, 1965.4183970320678, 136708.15017, 38196.898447, 0.106239, 3063.248963, 47847.386694, 17.391153, 1247, 39974.98046875, 2550001, 93501810, 94313522, 190365333
30000, 30000, 0, 0, dp_3.000000, 30114106.39505768, 213101.82891845703, 95115.354866, inf, 173.41040462427745, 610.5697228665529, 50513.774108, 18609.709641, 2.094076, 12499.798808, 13481.37406, 8.604173, 519, 255075.9375, 10350001, 34832957, 37797601, 82980559, 29890574.453956604, 102234.77313232422, 91445.044419, inf, 348.83720930232556, 1008.3699125201691, 69610.82126, 8924.687855, 0.441067, 6153.69084, 6754.364318, 1.039079, 258, 149894.109375, 5130001, 48940383, 18375770, 72446154, 29708610.957435608, 50975.59606933594, 147367.74937300003, inf, 697.6744186046511, 1965.4183970320678, 136708.15017, 4143.278826, 0.093285, 3063.248963, 3452.822447, 0.155682, 129, 87978.296875, 2550001, 93501810, 8679419, 104731230
30000, 30000, 0, 0, dp_31.000000, 30084934.02695465, 183929.4608154297, 449364.452659, inf, 173.41040462427745, 610.5697228665529, 50513.774108, 183712.788589, 2.179187, 12499.798808, 201294.357148, 1341.554819, 5363, 64412.26953125, 10350001, 34832957, 435959193, 481142151, 29876975.427589417, 88635.74676513672, 266598.398608, inf, 348.83720930232556, 1008.3699125201691, 69610.82126, 89847.021562, 0.462508, 6153.69084, 100822.995398, 163.40704, 2666, 58034.36328125, 5130001, 48940383, 214145834, 268216218, 29699581.891944885, 41946.53057861328, 231639.84465, inf, 697.6744186046511, 1965.4183970320678, 136708.15017, 40890.173742, 0.102522, 3063.248963, 50958.22299, 19.946263, 1333, 38706.42578125, 2550001, 93501810, 100971384, 197023195
30000, 30000, 0, 0, dp_33.000000, 30084589.295143127, 183584.72900390625, 475150.477385, inf, 173.41040462427745, 610.5697228665529, 50513.774108, 195724.868606, 2.150653, 12499.798808, 214888.97839, 1520.90682, 5709, 59946.23828125, 10350001, 34832957, 464648129, 509831087, 29876956.383522034, 88616.7026977539, 279261.01174499997, inf, 348.83720930232556, 1008.3699125201691, 69610.82126, 95694.808202, 0.462578, 6153.69084, 107615.377476, 185.851389, 2838, 55440.25390625, 5130001, 48940383, 228159706, 282230090, 29699390.939552307, 41755.578186035156, 237556.223167, inf, 697.6744186046511, 1965.4183970320678, 136708.15017, 43545.663408, 0.091681, 3063.248963, 54216.462172, 22.606773, 1419, 37579.390625, 2550001, 93501810, 107629246, 203681057
30000, 30000, 0, 0, dp_35.000000, 30084369.30808258, 183364.74194335938, 500719.5697350001, inf, 173.41040462427745, 610.5697228665529, 50513.774108, 207773.770925, 2.116159, 12499.798808, 228218.115198, 1711.994537, 6055, 55812.40625, 10350001, 34832957, 493337065, 538520023, 29876163.570777893, 87823.88995361328, 291743.862066, inf, 348.83720930232556, 1008.3699125201691, 69610.82126, 101385.38734, 0.469261, 6153.69084, 114384.132457, 209.360908, 3010, 53012.73046875, 5130001, 48940383, 242173578, 296243962, 29699390.939552307, 41755.578186035156, 243624.09671700004, inf, 697.6744186046511, 1965.4183970320678, 136708.15017, 46176.064871, 0.089558, 3063.248963, 57650.933209, 25.609946, 1505, 36606.84765625, 2550001, 93501810, 114227198, 210279009
30000, 30000, 0, 0, dp_37.000000, 30083954.94882965, 182950.3826904297, 526448.815033, inf, 173.41040462427745, 610.5697228665529, 50513.774108, 219873.437135, 2.135235, 12499.798808, 241643.37815, 1916.291597, 6401, 51817.640625, 10350001, 34832957, 522026001, 567208959, 29874684.75745392, 86345.07662963867, 304145.489388, inf, 348.83720930232556, 1008.3699125201691, 69610.82126, 107264.690565, 0.467267, 6153.69084, 120879.935101, 235.884355, 3182, 50625.7734375, 5130001, 48940383, 256187450, 310257834, 29699390.939552307, 41755.578186035156, 249559.757014, inf, 697.6744186046511, 1965.4183970320678, 136708.15017, 48787.293193, 0.088566, 3063.248963, 60972.445631, 28.530491, 1591, 35781.21484375, 2550001, 93501810, 120885060, 216936871
30000, 30000, 0, 0, dp_39.000000, 30083784.51676178, 182779.9506225586, 552022.686815, inf, 173.41040462427745, 610.5697228665529, 50513.774108, 231812.577119, 2.175881, 12499.798808, 255065.568153, 2128.792746, 6747, 48288.39453125, 10350001, 34832957, 550535801, 595718759, 29874684.75745392, 86345.07662963867, 316815.14391700004, inf, 348.83720930232556, 1008.3699125201691, 69610.82126, 112871.631831, 0.468308, 6153.69084, 127918.102655, 260.429023, 3354, 48439.3359375, 5130001, 48940383, 269993758, 324064142, 29699327.221961975, 41691.860595703125, 255354.211365, inf, 697.6744186046511, 1965.4183970320678, 136708.15017, 51267.203524, 0.088155, 3063.248963, 64283.552995, 31.967558, 1677, 35085.7109375, 2550001, 93501810, 127183462, 223235273
30000, 30000, 0, 0, dp_5.000000, 30107063.337379456, 206058.77124023438, 120588.000228, inf, 173.41040462427745, 610.5697228665529, 50513.774108, 30558.049062, 1.980624, 12499.798808, 26983.101856, 31.29577, 865, 214329.84375, 10350001, 34832957, 66463477, 111646435, 29887566.01889801, 99226.33807373047, 103902.60120099998, inf, 348.83720930232556, 1008.3699125201691, 69610.82126, 14671.961308, 0.436238, 6153.69084, 13462.044165, 3.64739, 430, 128218.4609375, 5130001, 48940383, 32359990, 86430374, 29705482.608070374, 47847.24670410156, 153412.371331, inf, 697.6744186046511, 1965.4183970320678, 136708.15017, 6785.247627, 0.087995, 3063.248963, 6855.168248, 0.468328, 215, 77278.90625, 2550001, 93501810, 15319819, 111371630
30000, 30000, 0, 0, dp_7.000000, 30103728.69229889, 202724.12615966797, 146200.73617699998, inf, 173.41040462427745, 610.5697228665529, 50513.774108, 42712.36189, 2.144732, 12499.798808, 40411.302372, 61.354267, 1211, 186083.203125, 10350001, 34832957, 95122557, 140305515, 29885897.439796448, 97557.75897216797, 116362.907083, inf, 348.83720930232556, 1008.3699125201691, 69610.82126, 20425.712759, 0.440336, 6153.69084, 20164.63958, 7.602308, 602, 113641.2578125, 5130001, 48940383, 46373862, 100444246, 29703994.11985016, 46358.75848388672, 159382.957757, inf, 697.6744186046511, 1965.4183970320678, 136708.15017, 9396.68065, 0.103124, 3063.248963, 10213.842291, 0.932559, 301, 69473.140625, 2550001, 93501810, 21977681, 118029492
30000, 30000, 0, 0, dp_9.000000, 30098817.14188385, 197812.5757446289, 171732.503663, inf, 173.41040462427745, 610.5697228665529, 50513.774108, 54674.421259, 2.097313, 12499.798808, 53935.70436, 106.707815, 1557, 165568.984375, 10350001, 34832957, 123811493, 168994451, 29885316.30167389, 96976.62084960938, 128785.31072199998, inf, 348.83720930232556, 1008.3699125201691, 69610.82126, 26148.136563, 0.414939, 6153.69084, 26859.557992, 12.689128, 774, 103553.6328125, 5130001, 48940383, 60298778, 114369162, 29703230.775856018, 45595.414489746094, 165424.655621, inf, 697.6744186046511, 1965.4183970320678, 136708.15017, 12052.357981, 0.089858, 3063.248963, 13599.224438, 1.584211, 387, 63215.89453125, 2550001, 93501810, 28635543, 124687354
30000, 30000, 0, 0, fixed_reps_1, 30130376.382606506, 229371.81646728516, 69797.089195, inf, 173.41040462427745, 610.5697228665529, 50513.774108, 6729.439914, 2.019438, 12499.798808, 52.056927, 0, 173, 397397.46875, 10350001, 34832957, 9131725, 54314683, 29899961.96042633, 111622.27960205078, 78983.439039, inf, 348.83720930232556, 1008.3699125201691, 69610.82126, 3168.067284, 0.419336, 6153.69084, 50.440319, 0, 86, 217277.953125, 5130001, 48940383, 4405546, 58475930, 29713366.14139557, 55730.780029296875, 141275.41586699997, inf, 697.6744186046511, 1965.4183970320678, 136708.15017, 1452.50866, 0.090099, 3063.248963, 51.417975, 0, 43, 116632.609375, 2550001, 93501810, 2021557, 98073368
30000, 30000, 0, 0, fixed_reps_11, 30106096.565711975, 205091.9995727539, 129624.2255, inf, 173.41040462427745, 610.5697228665529, 50513.774108, 66180.175413, 2.182811, 12499.798808, 428.29436, 0, 1903, 212803.203125, 10350001, 34832957, 100447245, 145630203, 29888100.986793518, 99761.30596923828, 107904.91697999998, inf, 348.83720930232556, 1008.3699125201691, 69610.82126, 31710.790541, 0.463018, 6153.69084, 429.151321, 0, 946, 130004.375, 5130001, 48940383, 48460146, 102530530, 29705359.265907288, 47723.904541015625, 154632.73787299998, inf, 697.6744186046511, 1965.4183970320678, 136708.15017, 14427.891435, 0.089197, 3063.248963, 433.358108, 0, 473, 76777.734375, 2550001, 93501810, 22236697, 118288508
30000, 30000, 0, 0, fixed_reps_13, 30104045.324287415, 203040.75814819336, 141540.15730599998, inf, 173.41040462427745, 610.5697228665529, 50513.774108, 78015.661084, 2.166832, 12499.798808, 508.756474, 0, 2249, 200650.65625, 10350001, 34832957, 118710349, 163893307, 29887146.404335022, 98806.72351074219, 113680.447598, inf, 348.83720930232556, 1008.3699125201691, 69610.82126, 37406.891521, 0.461204, 6153.69084, 508.582773, 0, 1118, 123754.015625, 5130001, 48940383, 57271066, 111341450, 29704891.135292053, 47255.77392578125, 157305.765326, inf, 697.6744186046511, 1965.4183970320678, 136708.15017, 17022.929252, 0.092614, 3063.248963, 511.344327, 0, 559, 71731.359375, 2550001, 93501810, 26279725, 122331536
30000, 30000, 0, 0, fixed_reps_15, 30102753.363716125, 201748.7975769043, 153370.768683, inf, 173.41040462427745, 610.5697228665529, 50513.774108, 89765.784949, 2.233067, 12499.798808, 589.177751, 0, 2595, 191170.359375, 10350001, 34832957, 136973453, 182156411, 29886453.150489807, 98113.46966552734, 119427.38784799998, inf, 348.83720930232556, 1008.3699125201691, 69610.82126, 43075.756375, 0.464031, 6153.69084, 586.655342, 0, 1290, 116576.1953125, 5130001, 48940383, 66081986, 120152370, 29704819.675697327, 47184.31433105469, 159959.395541, inf, 697.6744186046511, 1965.4183970320678, 136708.15017, 19593.19342, 0.086132, 3063.248963, 594.716856, 0, 645, 69032.4453125, 2550001, 93501810, 30322753, 126374564
30000, 30000, 0, 0, fixed_reps_17, 30100575.870368958, 199571.30422973633, 165255.483597, inf, 173.41040462427745, 610.5697228665529, 50513.774108, 101575.102935, 2.153016, 12499.798808, 664.65473, 0, 2941, 179970.28125, 10350001, 34832957, 155236557, 200419515, 29885267.3378067, 96927.65698242188, 125226.171779, inf, 348.83720930232556, 1008.3699125201691, 69610.82126, 48797.734062, 0.425738, 6153.69084, 663.499879, 0, 1462, 112438.1484375, 5130001, 48940383, 74892906, 128963290, 29704705.912574768, 47070.551208496094, 162650.205103, inf, 697.6744186046511, 1965.4183970320678, 136708.15017, 22210.139177, 0.102111, 3063.248963, 668.564682, 0, 731, 66571.328125, 2550001, 93501810, 34365781, 130417592
30000, 30000, 0, 0, fixed_reps_19, 30098661.76410675, 197657.1979675293, 177152.339516, inf, 173.41040462427745, 610.5697228665529, 50513.774108, 113395.87893, 2.188055, 12499.798808, 740.699615, 0, 3287, 174194.140625, 10350001, 34832957, 173499661, 218682619, 29885170.09653473, 96830.41571044922, 130998.552857, inf, 348.83720930232556, 1008.3699125201691, 69610.82126, 54491.14441, 0.467707, 6153.69084, 742.42864, 0, 1634, 106896.390625, 5130001, 48940383, 83703826, 137774210, 29704048.931861877, 46413.57049560547, 165323.88862299998, inf, 697.6744186046511, 1965.4183970320678, 136708.15017, 24799.51441, 0.089047, 3063.248963, 752.886033, 0, 817, 64665.65234375, 2550001, 93501810, 38408809, 134460620
30000, 30000, 0, 0, fixed_reps_21, 30097391.357063293, 196386.79092407227, 189032.70952, inf, 173.41040462427745, 610.5697228665529, 50513.774108, 125199.975091, 2.21656, 12499.798808, 816.944953, 0, 3633, 168937.921875, 10350001, 34832957, 191762765, 236945723, 29884693.429908752, 96353.74908447266, 136773.96427899998, inf, 348.83720930232556, 1008.3699125201691, 69610.82126, 60190.219617, 0.458811, 6153.69084, 818.773751, 0, 1806, 102622.359375, 5130001, 48940383, 92514746, 146585130, 29703863.321266174, 46227.959899902344, 167980.30163, inf, 697.6744186046511, 1965.4183970320678, 136708.15017, 27382.200286, 0.108293, 3063.248963, 826.593918, 0, 903, 63299.6484375, 2550001, 93501810, 42451837, 138503648
30000, 30000, 0, 0, fixed_reps_23, 30096962.105415344, 195957.53927612305, 201248.06815299997, inf, 173.41040462427745, 610.5697228665529, 50513.774108, 137335.376169, 2.15326, 12499.798808, 896.965808, 0, 3979, 162719.453125, 10350001, 34832957, 210025869, 255208827, 29884114.205970764, 95774.52514648438, 142571.138297, inf, 348.83720930232556, 1008.3699125201691, 69610.82126, 65907.92247, 0.465203, 6153.69084, 898.238524, 0, 1978, 98372.4765625, 5130001, 48940383, 101325666, 155396050, 29703201.987464905, 45566.62609863281, 170649.55441100002, inf, 697.6744186046511, 1965.4183970320678, 136708.15017, 29969.491784, 0.092704, 3063.248963, 908.57079, 0, 989, 60311.640625, 2550001, 93501810, 46494865, 142546676
30000, 30000, 0, 0, fixed_reps_25, 30096013.00818634, 195008.44204711914, 213046.243192, inf, 173.41040462427745, 610.5697228665529, 50513.774108, 149052.193409, 2.202401, 12499.798808, 978.274466, 0, 4325, 156358.203125, 10350001, 34832957, 228288973, 273471931, 29883553.352638245, 95213.67181396484, 148506.69584899998, inf, 348.83720930232556, 1008.3699125201691, 69610.82126, 71750.425343, 0.478387, 6153.69084, 991.280019, 0, 2150, 94602.8359375, 5130001, 48940383, 110136586, 164206970, 29702657.722084045, 45022.36071777344, 173425.180197, inf, 697.6744186046511, 1965.4183970320678, 136708.15017, 32669.39013, 0.102522, 3063.248963, 984.288412, 0, 1075, 58033.09375, 2550001, 93501810, 50537893, 146589704
30000, 30000, 0, 0, fixed_reps_27, 30094486.367530823, 193481.80139160156, 224789.601707, inf, 173.41040462427745, 610.5697228665529, 50513.774108, 160716.926581, 2.211758, 12499.798808, 1056.890452, 0, 4671, 149356.4375, 10350001, 34832957, 246552077, 291735035, 29883243.878944397, 94904.19812011719, 154185.080671, inf, 348.83720930232556, 1008.3699125201691, 69610.82126, 77352.490049, 0.472126, 6153.69084, 1067.606396, 0, 2322, 92925.0390625, 5130001, 48940383, 118947506, 173017890, 29701304.57083893, 43669.20947265625, 176066.16116699998, inf, 697.6744186046511, 1965.4183970320678, 136708.15017, 35221.051485, 0.092724, 3063.248963, 1073.617825, 0, 1161, 54992.60546875, 2550001, 93501810, 54580921, 150632732
30000, 30000, 0, 0, fixed_reps_29, 30094145.721107483, 193141.15496826172, 236653.077395, inf, 173.41040462427745, 610.5697228665529, 50513.774108, 172508.335294, 2.21257, 12499.798808, 1128.956615, 0, 5017, 144357.015625, 10350001, 34832957, 264815181, 309998139, 29882909.845985413, 94570.16516113281, 159935.431823, inf, 348.83720930232556, 1008.3699125201691, 69610.82126, 83016.525958, 0.461386, 6153.69084, 1153.932379, 0, 2494, 89953.2734375, 5130001, 48940383, 127758426, 181828810, 29701215.22830963, 43579.866943359375, 178645.49864799998, inf, 697.6744186046511, 1965.4183970320678, 136708.15017, 37722.939387, 0.091782, 3063.248963, 1151.068346, 0, 1247, 54261.5859375, 2550001, 93501810, 58623949, 154675760
30000, 30000, 0, 0, fixed_reps_3, 30121395.13858795, 220390.57244873047, 81736.25915, inf, 173.41040462427745, 610.5697228665529, 50513.774108, 18602.525162, 2.310334, 12499.798808, 117.850738, 0, 519, 318083.46875, 10350001, 34832957, 27394829, 72577787, 29894618.867774963, 106279.1869506836, 84751.84832399999, inf, 348.83720930232556, 1008.3699125201691, 69610.82126, 8870.580426, 0.420579, 6153.69084, 116.335219, 0, 258, 176695.984375, 5130001, 48940383, 13216466, 67286850, 29711476.877296448, 53841.51593017578, 143930.425985, inf, 697.6744186046511, 1965.4183970320678, 136708.15017, 4042.643236, 0.087905, 3063.248963, 116.295711, 0, 129, 102588.125, 2550001, 93501810, 6064585, 102116396
30000, 30000, 0, 0, fixed_reps_31, 30093518.248207092, 192513.6820678711, 248686.65839300002, inf, 173.41040462427745, 610.5697228665529, 50513.774108, 184466.270415, 2.183785, 12499.798808, 1204.631277, 0, 5363, 135490.28125, 10350001, 34832957, 283078285, 328261243, 29882170.91898346, 93831.23815917969, 165692.40247399997, inf, 348.83720930232556, 1008.3699125201691, 69610.82126, 88712.473493, 0.466575, 6153.69084, 1214.950306, 0, 2666, 86697.859375, 5130001, 48940383, 136569346, 190639730, 29701123.35611725, 43487.99475097656, 181325.35374000002, inf, 697.6744186046511, 1965.4183970320678, 136708.15017, 40333.505493, 0.091561, 3063.248963, 1220.357553, 0, 1333, 53475.08203125, 2550001, 93501810, 62666977, 158718788
30000, 30000, 0, 0, fixed_reps_33, 30092552.67667389, 191548.11053466797, 260887.71176, inf, 173.41040462427745, 610.5697228665529, 50513.774108, 196586.133754, 2.216426, 12499.798808, 1285.788664, 0, 5709, 129071.953125, 10350001, 34832957, 301341389, 346524347, 29881675.986793518, 93336.30596923828, 171538.65117499998, inf, 348.83720930232556, 1008.3699125201691, 69610.82126, 94477.449029, 0.468439, 6153.69084, 1296.221607, 0, 2838, 84321.7265625, 5130001, 48940383, 145380266, 199450650, 29701123.35611725, 43487.99475097656, 183979.241492, inf, 697.6744186046511, 1965.4183970320678, 136708.15017, 42904.761987, 0.10649, 3063.248963, 1302.973882, 0, 1419, 52643.23828125, 2550001, 93501810, 66710005, 162761816
30000, 30000, 0, 0, fixed_reps_35, 30091020.275794983, 190015.70965576172, 272494.070431, inf, 173.41040462427745, 610.5697228665529, 50513.774108, 208117.61735, 2.193533, 12499.798808, 1360.686632, 0, 6055, 125387.796875, 10350001, 34832957, 319604493, 364787451, 29881222.31137848, 92882.63055419922, 177299.048455, inf, 348.83720930232556, 1008.3699125201691, 69610.82126, 100138.524321, 0.467897, 6153.69084, 1395.544137, 0, 3010, 81941.1328125, 5130001, 48940383, 154191186, 208261570, 29700868.904151917, 43233.54278564453, 186659.53383, inf, 697.6744186046511, 1965.4183970320678, 136708.15017, 45507.108048, 0.104465, 3063.248963, 1380.922184, 0, 1505, 51656.1953125, 2550001, 93501810, 70753033, 166804844
30000, 30000, 0, 0, fixed_reps_37, 30090433.029640198, 189428.46350097656, 284646.364475, inf, 173.41040462427745, 610.5697228665529, 50513.774108, 220191.970413, 2.338986, 12499.798808, 1438.48216, 0, 6401, 123355.640625, 10350001, 34832957, 337867597, 383050555, 29880799.300209045, 92459.61938476562, 183060.20696199997, inf, 348.83720930232556, 1008.3699125201691, 69610.82126, 105829.178886, 0.470993, 6153.69084, 1466.044983, 0, 3182, 79853.0859375, 5130001, 48940383, 163002106, 217072490, 29700743.224098206, 43107.862731933594, 189327.908966, inf, 697.6744186046511, 1965.4183970320678, 136708.15017, 48099.352242, 0.092463, 3063.248963, 1457.065128, 0, 1591, 50777.0546875, 2550001, 93501810, 74796061, 170847872
30000, 30000, 0, 0, fixed_reps_39, 30089642.006019592, 188637.4398803711, 296503.06366, inf, 173.41040462427745, 610.5697228665529, 50513.774108, 231971.029715, 2.136265, 12499.798808, 1516.324764, 0, 6747, 118961.7265625, 10350001, 34832957, 356130701, 401313659, 29880441.031654358, 92101.35083007812, 188733.01153, inf, 348.83720930232556, 1008.3699125201691, 69610.82126, 111443.327408, 0.462808, 6153.69084, 1524.709214, 0, 3354, 79015.1328125, 5130001, 48940383, 171813026, 225883410, 29700657.53690338, 43022.175537109375, 192004.35443, inf, 697.6744186046511, 1965.4183970320678, 136708.15017, 50698.237483, 0.105858, 3063.248963, 1534.611956, 0, 1677, 46347.62890625, 2550001, 93501810, 78839089, 174890900
30000, 30000, 0, 0, fixed_reps_41, 30089334.173683167, 188329.6075439453, 308507.268881, inf, 173.41040462427745, 610.5697228665529, 50513.774108, 243898.8639, 2.195636, 12499.798808, 1592.636429, 0, 7093, 115904.5625, 10350001, 34832957, 374393805, 419576763, 29880125.39139557, 91785.71057128906, 194499.65716, inf, 348.83720930232556, 1008.3699125201691, 69610.82126, 117133.785428, 0.473258, 6153.69084, 1600.886374, 0, 3526, 78256.890625, 5130001, 48940383, 180623946, 234694330, 29700593.81931305, 42958.457946777344, 194751.644656, inf, 697.6744186046511, 1965.4183970320678, 136708.15017, 53367.427873, 0.1064, 3063.248963, 1612.71125, 0, 1763, 45894.19921875, 2550001, 93501810, 82882117, 178933928
30000, 30000, 0, 0, fixed_reps_5, 30114882.06504059, 213877.4989013672, 93692.60557300001, inf, 173.41040462427745, 610.5697228665529, 50513.774108, 30480.697114, 2.080811, 12499.798808, 196.254732, 0, 865, 280327.59375, 10350001, 34832957, 45657933, 90840891, 29893412.58530426, 105072.90447998047, 90552.65981, inf, 348.83720930232556, 1008.3699125201691, 69610.82126, 14593.06543, 0.425137, 6153.69084, 194.657143, 0, 430, 158729.09375, 5130001, 48940383, 22027386, 76097770, 29709901.82761383, 52266.466247558594, 146622.69796000002, inf, 697.6744186046511, 1965.4183970320678, 136708.15017, 6654.68844, 0.088496, 3063.248963, 196.521891, 0, 215, 94772.71875, 2550001, 93501810, 10107613, 106159424
30000, 30000, 0, 0, fixed_reps_7, 30110236.4013443, 209231.83520507812, 105607.419272, inf, 173.41040462427745, 610.5697228665529, 50513.774108, 42316.084559, 2.514534, 12499.798808, 275.247263, 0, 1211, 251786.046875, 10350001, 34832957, 63921037, 109103995, 29890961.417762756, 102621.73693847656, 96333.42794099999, inf, 348.83720930232556, 1008.3699125201691, 69610.82126, 20294.5905, 0.464831, 6153.69084, 273.86051, 0, 602, 146473.09375, 5130001, 48940383, 30838306, 84908690, 29707534.542396545, 49899.18103027344, 149284.271515, inf, 697.6744186046511, 1965.4183970320678, 136708.15017, 9236.451336, 0.088836, 3063.248963, 276.33221, 0, 301, 84731.9921875, 2550001, 93501810, 14150641, 110202452
30000, 30000, 0, 0, fixed_reps_9, 30108652.6435318, 207648.07739257812, 117617.881675, inf, 173.41040462427745, 610.5697228665529, 50513.774108, 54250.479773, 2.207232, 12499.798808, 351.621754, 0, 1557, 228043.375, 10350001, 34832957, 82184141, 127367099, 29889032.863746643, 100693.18292236328, 102104.72438999999, inf, 348.83720930232556, 1008.3699125201691, 69610.82126, 25988.264627, 0.422141, 6153.69084, 351.525522, 0, 774, 137288.59375, 5130001, 48940383, 39649226, 93719610, 29705869.50101471, 48234.1396484375, 151946.747952, inf, 697.6744186046511, 1965.4183970320678, 136708.15017, 11821.682424, 0.088215, 3063.248963, 353.57818, 0, 387, 79602.4296875, 2550001, 93501810, 18193669, 114245480
30000, 30000, 0, 0, greedy_1.000000, 30130376.382606506, 229371.81646728516, 69718.682273, inf, 173.41040462427745, 610.5697228665529, 50513.774108, 6663.304333, 1.994039, 12499.798808, 39.802339, 0.008646, 173, 397397.46875, 10350001, 34832957, 9131725, 54314683, 29899961.96042633, 111622.27960205078, 78961.71059399997, inf, 348.83720930232556, 1008.3699125201691, 69610.82126, 3158.560904, 0.419688, 6153.69084, 38.213293, 0.004609, 86, 217277.953125, 5130001, 48940383, 4405546, 58475930, 29713366.14139557, 55730.780029296875, 141278.61463499998, inf, 697.6744186046511, 1965.4183970320678, 136708.15017, 1469.39122, 0.091551, 3063.248963, 37.729435, 0.003296, 43, 116632.609375, 2550001, 93501810, 2021557, 98073368
30000, 30000, 0, 0, greedy_11.000000, 30100114.854408264, 199110.28826904297, 197698.93643, inf, 173.41040462427745, 610.5697228665529, 50513.774108, 66743.195102, 2.118834, 12499.798808, 67939.603722, 0.445856, 1903, 187360.59375, 10350001, 34832957, 152295561, 197478519, 29885370.81327057, 97031.13244628906, 141006.996777, inf, 348.83720930232556, 1008.3699125201691, 69610.82126, 31690.014443, 0.45864, 6153.69084, 33551.863617, 0.147977, 946, 114814.796875, 5130001, 48940383, 73977462, 128047846, 29704805.328285217, 47169.96691894531, 171271.178526, inf, 697.6744186046511, 1965.4183970320678, 136708.15017, 14536.718723, 0.090189, 3063.248963, 16962.901492, 0.068989, 473, 71302.4765625, 2550001, 93501810, 35003934, 131055745
30000, 30000, 0, 0, greedy_13.000000, 30097373.18851471, 196368.62237548828, 222096.823039, inf, 173.41040462427745, 610.5697228665529, 50513.774108, 78004.256672, 2.158999, 12499.798808, 81076.313154, 0.521298, 2249, 169311.296875, 10350001, 34832957, 180592477, 225775435, 29884547.17173004, 96207.49090576172, 153397.482752, inf, 348.83720930232556, 1008.3699125201691, 69610.82126, 37387.469444, 0.481443, 6153.69084, 40244.847141, 0.172624, 1118, 110582.609375, 5130001, 48940383, 87904038, 141974422, 29703395.728492737, 45760.367126464844, 177284.699265, inf, 697.6744186046511, 1965.4183970320678, 136708.15017, 17149.058975, 0.10162, 3063.248963, 20364.094082, 0.045455, 559, 64887.57421875, 2550001, 93501810, 41601886, 137653697
30000, 30000, 0, 0, greedy_15.000000, 30095938.85813141, 194934.2919921875, 247500.671793, inf, 173.41040462427745, 610.5697228665529, 50513.774108, 89623.349223, 2.171583, 12499.798808, 94860.75624, 0.821831, 2595, 158488.25, 10350001, 34832957, 208981633, 254164591, 29883838.78629303, 95499.10546875, 165805.40658799998, inf, 348.83720930232556, 1008.3699125201691, 69610.82126, 43103.394576, 0.471424, 6153.69084, 46936.833362, 0.195126, 1290, 105629.28125, 5130001, 48940383, 101828954, 155899338, 29702920.4237442, 45285.06237792969, 183145.269557, inf, 697.6744186046511, 1965.4183970320678, 136708.15017, 19661.557899, 0.092063, 3063.248963, 23712.168234, 0.052228, 645, 61458.41015625, 2550001, 93501810, 48015280, 144067091
30000, 30000, 0, 0, greedy_17.000000, 30093060.57498932, 192056.00885009766, 271654.468414, inf, 173.41040462427745, 610.5697228665529, 50513.774108, 101013.067912, 2.379512, 12499.798808, 107624.760905, 0.687169, 2941, 150915.03125, 10350001, 34832957, 236954025, 282136983, 29883036.604164124, 94696.92333984375, 178257.809061, inf, 348.83720930232556, 1008.3699125201691, 69610.82126, 48834.907359, 0.481342, 6153.69084, 53657.66827, 0.23999, 1462, 99838.140625, 5130001, 48940383, 115842826, 169913210, 29702526.63181305, 44891.270446777344, 189189.720365, inf, 697.6744186046511, 1965.4183970320678, 136708.15017, 22289.713188, 0.10155, 3063.248963, 27128.433617, 0.072877, 731, 57341.92578125, 2550001, 93501810, 54643187, 150694998
30000, 30000, 0, 0, greedy_19.000000, 30091169.656166077, 190165.09002685547, 296851.75203, inf, 173.41040462427745, 610.5697228665529, 50513.774108, 112901.021276, 2.161263, 12499.798808, 120934.206203, 0.790372, 3287, 142097.9375, 10350001, 34832957, 265642961, 310825919, 29882352.464881897, 94012.78405761719, 190766.04382199998, inf, 348.83720930232556, 1008.3699125201691, 69610.82126, 54637.728446, 0.475992, 6153.69084, 60363.098355, 0.228929, 1634, 92184.5234375, 5130001, 48940383, 129856698, 183927082, 29702200.302833557, 44564.941467285156, 195366.56289499998, inf, 697.6744186046511, 1965.4183970320678, 136708.15017, 24988.892245, 0.086532, 3063.248963, 30606.098673, 0.086312, 817, 56192.58984375, 2550001, 93501810, 61301049, 157352860
30000, 30000, 0, 0, greedy_21.000000, 30089775.957740784, 188771.3916015625, 322206.252415, inf, 173.41040462427745, 610.5697228665529, 50513.774108, 124809.232353, 2.159049, 12499.798808, 134380.236776, 1.051321, 3633, 129303.265625, 10350001, 34832957, 294331897, 339514855, 29881503.901649475, 93164.22082519531, 202947.03536299997, inf, 348.83720930232556, 1008.3699125201691, 69610.82126, 60154.506722, 0.416241, 6153.69084, 67027.341004, 0.259296, 1806, 89859.0625, 5130001, 48940383, 143485094, 197555478, 29702087.685951233, 44452.32458496094, 201671.823283, inf, 697.6744186046511, 1965.4183970320678, 136708.15017, 27631.646086, 0.092573, 3063.248963, 34268.585644, 0.099847, 903, 55051.9296875, 2550001, 93501810, 67928956, 163980767
30000, 30000, 0, 0, greedy_23.000000, 30088847.712501526, 187843.1463623047, 347445.730552, inf, 173.41040462427745, 610.5697228665529, 50513.774108, 136716.531826, 2.140624, 12499.798808, 147712.507542, 0.977644, 3979, 118227.875, 10350001, 34832957, 323020833, 368203791, 29880794.482704163, 92454.80187988281, 215272.252066, inf, 348.83720930232556, 1008.3699125201691, 69610.82126, 65814.712046, 0.470282, 6153.69084, 73692.277432, 0.280206, 1978, 86063.953125, 5130001, 48940383, 157143142, 211213526, 29701069.710975647, 43434.349609375, 207577.296851, inf, 697.6744186046511, 1965.4183970320678, 136708.15017, 30027.066518, 0.09097, 3063.248963, 37778.661833, 0.078397, 989, 52491.6953125, 2550001, 93501810, 74220116, 170271927
30000, 30000, 0, 0, greedy_25.000000, 30087236.622779846, 186232.056640625, 372731.849404, inf, 173.41040462427745, 610.5697228665529, 50513.774108, 148373.536772, 2.110187, 12499.798808, 161341.599126, 1.030403, 4325, 109968.1796875, 10350001, 34832957, 351317749, 396500707, 29880639.650489807, 92299.96966552734, 228205.56713, inf, 348.83720930232556, 1008.3699125201691, 69610.82126, 71591.790518, 0.474059, 6153.69084, 80848.489078, 0.301375, 2150, 81810.59375, 5130001, 48940383, 171157014, 225227398, 29701056.8143692, 43421.45300292969, 213616.52076100002, inf, 697.6744186046511, 1965.4183970320678, 136708.15017, 32706.523625, 0.091332, 3063.248963, 41138.402726, 0.103945, 1075, 51486.8203125, 2550001, 93501810, 80877978, 176929789
30000, 30000, 0, 0, greedy_27.000000, 30086614.372291565, 185609.80615234375, 397980.336014, inf, 173.41040462427745, 610.5697228665529, 50513.774108, 160324.328483, 2.176091, 12499.798808, 174639.188377, 1.070147, 4671, 101029.8515625, 10350001, 34832957, 380006685, 425189643, 29880027.962989807, 91688.28216552734, 240892.11614, inf, 348.83720930232556, 1008.3699125201691, 69610.82126, 77245.100634, 0.468218, 6153.69084, 87881.707804, 0.327384, 2322, 78347.7578125, 5130001, 48940383, 185022626, 239093010, 29701056.8143692, 43421.45300292969, 219770.595005, inf, 697.6744186046511, 1965.4183970320678, 136708.15017, 35361.164584, 0.102342, 3063.248963, 44637.822326, 0.10662, 1161, 50823.7734375, 2550001, 93501810, 87535840, 183587651
30000, 30000, 0, 0, greedy_29.000000, 30085937.474128723, 184932.90798950195, 423126.56964, inf, 173.41040462427745, 610.5697228665529, 50513.774108, 171994.729514, 2.353594, 12499.798808, 188114.563596, 1.35002, 5017, 92048.53125, 10350001, 34832957, 408247781, 453430739, 29879835.666175842, 91495.9853515625, 252850.88235500004, inf, 348.83720930232556, 1008.3699125201691, 69610.82126, 83051.084499, 0.472746, 6153.69084, 94034.467191, 0.345819, 2494, 76784.7734375, 5130001, 48940383, 199036498, 253106882, 29701046.175575256, 43410.814208984375, 225723.851339, inf, 697.6744186046511, 1965.4183970320678, 136708.15017, 38104.850048, 0.10147, 3063.248963, 47847.386694, 0.113994, 1247, 50159.7734375, 2550001, 93501810, 94193702, 190245513
30000, 30000, 0, 0, greedy_3.000000, 30116677.335853577, 215672.76971435547, 95034.54825400001, inf, 173.41040462427745, 610.5697228665529, 50513.774108, 18537.33552, 2.154269, 12499.798808, 13481.37406, 0.111489, 519, 289659.6875, 10350001, 34832957, 37744685, 82927643, 29893538.404273987, 105198.72344970703, 91429.02686999999, inf, 348.83720930232556, 1008.3699125201691, 69610.82126, 8909.686181, 0.428764, 6153.69084, 6754.364318, 0.035507, 258, 161203.859375, 5130001, 48940383, 18346118, 72416502, 29710148.404762268, 52513.043395996094, 147379.51226500003, inf, 697.6744186046511, 1965.4183970320678, 136708.15017, 4155.17017, 0.088385, 3063.248963, 3452.822447, 0.03213, 129, 95678.421875, 2550001, 93501810, 8661957, 104713768
30000, 30000, 0, 0, greedy_31.000000, 30085447.702156067, 184443.1360168457, 448410.21078799997, inf, 173.41040462427745, 610.5697228665529, 50513.774108, 184098.868615, 2.1861, 12499.798808, 201294.357148, 1.226009, 5363, 89342.65625, 10350001, 34832957, 436936717, 482119675, 29879131.89426422, 90792.2134399414, 265279.188215, inf, 348.83720930232556, 1008.3699125201691, 69610.82126, 88690.844288, 0.462558, 6153.69084, 100822.995398, 0.373871, 2666, 71613.1796875, 5130001, 48940383, 212872458, 266942842, 29700704.73325348, 43069.37188720703, 231429.135765, inf, 697.6744186046511, 1965.4183970320678, 136708.15017, 40699.317224, 0.101881, 3063.248963, 50958.22299, 0.094537, 1333, 45830.921875, 2550001, 93501810, 100851564, 196903375
30000, 30000, 0, 0, greedy_33.000000, 30084935.538276672, 183930.97213745117, 474077.04772900004, inf, 173.41040462427745, 610.5697228665529, 50513.774108, 196170.943711, 2.257624, 12499.798808, 214888.97839, 1.295088, 5709, 86133.2109375, 10350001, 34832957, 465625653, 510808611, 29878512.59049225, 90172.90966796875, 277848.836474, inf, 348.83720930232556, 1008.3699125201691, 69610.82126, 94468.085433, 0.469801, 6153.69084, 107615.377476, 0.391664, 2838, 70508.21875, 5130001, 48940383, 226886330, 280956714, 29700704.73325348, 43069.37188720703, 237359.09241500002, inf, 697.6744186046511, 1965.4183970320678, 136708.15017, 43371.010757, 0.093124, 3063.248963, 54216.462172, 0.127229, 1419, 45112.3359375, 2550001, 93501810, 107509426, 203561237
30000, 30000, 0, 0, greedy_35.000000, 30084677.43573761, 183672.86959838867, 499479.97289100004, inf, 173.41040462427745, 610.5697228665529, 50513.774108, 208244.734208, 2.183375, 12499.798808, 228218.115198, 1.367194, 6055, 82447.9453125, 10350001, 34832957, 494314589, 539497547, 29877771.336891174, 89431.65606689453, 290422.1687, inf, 348.83720930232556, 1008.3699125201691, 69610.82126, 100272.644744, 0.475452, 6153.69084, 114384.132457, 0.403947, 3010, 68634.6484375, 5130001, 48940383, 240900202, 294970586, 29700566.557655334, 42931.1962890625, 243336.973202, inf, 697.6744186046511, 1965.4183970320678, 136708.15017, 45914.423372, 0.090129, 3063.248963, 57650.933209, 0.127359, 1505, 41412.7109375, 2550001, 93501810, 113777873, 209829684
30000, 30000, 0, 0, greedy_37.000000, 30084117.903450012, 183113.33731079102, 524880.2880399999, inf, 173.41040462427745, 610.5697228665529, 50513.774108, 220219.705103, 2.185619, 12499.798808, 241643.37815, 1.446252, 6401, 75643.1171875, 10350001, 34832957, 523003525, 568186483, 29876934.312538147, 88594.63171386719, 302791.11844999995, inf, 348.83720930232556, 1008.3699125201691, 69610.82126, 106145.55757, 0.477155, 6153.69084, 120879.935101, 0.636524, 3182, 64046.78125, 5130001, 48940383, 254914074, 308984458, 29700369.162635803, 42733.80126953125, 248947.00380300003, inf, 697.6744186046511, 1965.4183970320678, 136708.15017, 48202.926844, 0.092543, 3063.248963, 60972.445631, 0.139652, 1591, 40737.64453125, 2550001, 93501810, 120106230, 216158041
30000, 30000, 0, 0, greedy_39.000000, 30083738.00189972, 182733.43576049805, 550401.966055, inf, 173.41040462427745, 610.5697228665529, 50513.774108, 232319.153441, 2.141236, 12499.798808, 255065.568153, 1.530309, 6747, 68733.8671875, 10350001, 34832957, 551692461, 596875419, 29876861.76261139, 88522.08178710938, 315488.650083, inf, 348.83720930232556, 1008.3699125201691, 69610.82126, 111805.11331, 0.475571, 6153.69084, 127918.102655, 0.446447, 3354, 61902.6640625, 5130001, 48940383, 268927946, 322998330, 29700362.407203674, 42727.045837402344, 254985.80537500003, inf, 697.6744186046511, 1965.4183970320678, 136708.15017, 50930.610252, 0.098464, 3063.248963, 64283.552995, 0.144531, 1677, 40333.203125, 2550001, 93501810, 126764092, 222815903
30000, 30000, 0, 0, greedy_5.000000, 30111015.025245667, 210010.4591064453, 120521.373014, inf, 173.41040462427745, 610.5697228665529, 50513.774108, 30522.181803, 2.321453, 12499.798808, 26983.101856, 0.194986, 865, 251670.640625, 10350001, 34832957, 66433621, 111616579, 29890264.953956604, 101925.27313232422, 103883.54929199998, inf, 348.83720930232556, 1008.3699125201691, 69610.82126, 14656.455699, 0.476283, 6153.69084, 13462.044165, 0.061045, 430, 142989.28125, 5130001, 48940383, 32330338, 86400722, 29709395.758094788, 51760.396728515625, 153403.57390199997, inf, 697.6744186046511, 1965.4183970320678, 136708.15017, 6776.8938, 0.088345, 3063.248963, 6855.168248, 0.024376, 215, 88874.390625, 2550001, 93501810, 15319819, 111371630
30000, 30000, 0, 0, greedy_7.000000, 30107029.191749573, 206024.62561035156, 145873.357393, inf, 173.41040462427745, 610.5697228665529, 50513.774108, 42446.043251, 2.126789, 12499.798808, 40411.302372, 0.312065, 1211, 225009.046875, 10350001, 34832957, 95032989, 140215947, 29888329.5185318, 99989.83770751953, 116289.833024, inf, 348.83720930232556, 1008.3699125201691, 69610.82126, 20360.126453, 0.466214, 6153.69084, 20164.63958, 0.088677, 602, 132812.859375, 5130001, 48940383, 46255254, 100325638, 29707479.371681213, 49844.010314941406, 159298.70310300004, inf, 697.6744186046511, 1965.4183970320678, 136708.15017, 9313.337797, 0.087784, 3063.248963, 10213.842291, 0.036098, 301, 81905.2890625, 2550001, 93501810, 21827906, 117879717
30000, 30000, 0, 0, greedy_9.000000, 30103749.10495758, 202744.53881835938, 171569.78298699998, inf, 173.41040462427745, 610.5697228665529, 50513.774108, 54617.999971, 2.134704, 12499.798808, 53935.70436, 0.371036, 1557, 203577.65625, 10350001, 34832957, 123721925, 168904883, 29887207.55948639, 98867.87866210938, 128556.124623, inf, 348.83720930232556, 1008.3699125201691, 69610.82126, 25931.484553, 0.462557, 6153.69084, 26859.557992, 0.107421, 774, 125097.1015625, 5130001, 48940383, 59963590, 114033974, 29706169.13370514, 48533.77233886719, 165234.36078500003, inf, 697.6744186046511, 1965.4183970320678, 136708.15017, 11863.61225, 0.088526, 3063.248963, 13599.224438, 0.036438, 387, 75201.3125, 2550001, 93501810, 28346072, 124397883
30000, 30000, 0, 0, opt, 30079974.344154358, 178969.77801513672, 520513.03871199995, inf, 173.41040462427745, 610.5697228665529, 50513.774108, 457497.339177, 2.126619, 12499.798808, 0, 0, 0, 0, 10350001, 34832957, 688479360, 733662318, 29870997.385658264, 82657.70483398438, 505659.482561, inf, 348.83720930232556, 1008.3699125201691, 69610.82126, 429894.51657, 0.453891, 6153.69084, 0, 0, 0, 0, 5130001, 48940383, 647125248, 701195632, 29694530.731636047, 36895.37026977539, 487004.272214, inf, 697.6744186046511, 1965.4183970320678, 136708.15017, 347232.779425, 0.093656, 3063.248963, 0, 0, 0, 0, 2550001, 93501810, 523074210, 619126021
30000, 30000, 0, 0, plus_edge, 30115559.311012268, 214554.74487304688, 69819.952098, inf, 173.41040462427745, 610.5697228665529, 50513.774108, 6804.235755, 2.143427, 12499.798808, 0, 0, 0, 0, 10350001, 34832957, 9131136, 54314094, 29890929.27268219, 102589.59185791016, 78943.351877, inf, 348.83720930232556, 1008.3699125201691, 69610.82126, 3178.416303, 0.423474, 6153.69084, 0, 0, 0, 0, 5130001, 48940383, 4382685, 58453069, 29709720.753089905, 52085.39172363281, 141213.701989, inf, 697.6744186046511, 1965.4183970320678, 136708.15017, 1442.210443, 0.092413, 3063.248963, 0, 0, 0, 0, 2550001, 93501810, 1993278, 98045089
30000, 30000, 0, 0, simple, 30130376.382606506, 229371.81646728516, 69779.248523, inf, 173.41040462427745, 610.5697228665529, 50513.774108, 6763.546637, 2.12897, 12499.798808, 0, 0, 0, 0, 10350001, 34832957, 9101552, 54284510, 29899961.96042633, 111622.27960205078, 78933.95711999999, inf, 348.83720930232556, 1008.3699125201691, 69610.82126, 3169.016687, 0.428333, 6153.69084, 0, 0, 0, 0, 5130001, 48940383, 4375460, 58445844, 29713366.14139557, 55730.780029296875, 141210.75101500002, inf, 697.6744186046511, 1965.4183970320678, 136708.15017, 1439.24428, 0.107602, 3063.248963, 0, 0, 0, 0, 2550001, 93501810, 1991514, 98043325
30000, 30000, 0, 0, dp_1.000000, 30034874.694345474, 216928.87774658203, 69047.023391, inf, 173.41040462427745, 603.5262461848201, 49675.064877, 6804.119942, 1.996353, 12527.310873, 38.520626, 0.01072, 173, 0, 10350001, 34093256, 9222885, 53666142, 29890181.4510746, 101241.9789428711, 76756.665874, inf, 348.83720930232556, 985.3256203663598, 67416.721857, 3149.100571, 0.416261, 6152.933636, 37.486616, 0.006933, 86, 0, 5130001, 46964821, 4405121, 56499943, 29661557.27314186, 48511.402099609375, 125803.590733, inf, 697.6744186046511, 1850.8526221394497, 121201.881037, 1494.243227, 0.074981, 3069.313823, 38.073738, 0.003927, 43, 0, 2550001, 84101708, 2092873, 88744582
30000, 30000, 0, 0, dp_11.000000, 30004965.01560402, 187019.19900512695, 198149.783479, inf, 173.41040462427745, 603.5262461848201, 49675.064877, 67360.315734, 2.561524, 12527.310873, 68422.379686, 162.150785, 1903, 158372.296875, 10350001, 34093256, 153477573, 197920830, 29874880.612192154, 85941.1400604248, 139175.378147, inf, 348.83720930232556, 985.3256203663598, 67416.721857, 31963.836303, 0.471384, 6152.933636, 33622.131973, 19.282994, 946, 109690.9765625, 5130001, 46964821, 74337847, 126432669, 29655143.713357925, 42097.84231567383, 156410.156612, inf, 697.6744186046511, 1850.8526221394497, 121201.881037, 15147.287222, 0.100809, 3069.313823, 16989.190963, 2.382758, 473, 70552.9609375, 2550001, 84101708, 35943216, 122594925
30000, 30000, 0, 0, dp_13.000000, 30001601.277109146, 183655.4605102539, 222668.770223, inf, 173.41040462427745, 603.5262461848201, 49675.064877, 78989.805112, 2.1064, 12527.310873, 81245.452093, 229.030868, 2249, 143866.765625, 10350001, 34093256, 182349889, 226793146, 29873316.375925064, 84376.90379333496, 151695.649461, inf, 348.83720930232556, 985.3256203663598, 67416.721857, 37726.351364, 0.488045, 6152.933636, 40372.244732, 26.909827, 1118, 103158.078125, 5130001, 46964821, 88350859, 140445681, 29654582.986429214, 41537.11538696289, 162647.973473, inf, 697.6744186046511, 1850.8526221394497, 121201.881037, 17904.327365, 0.089288, 3069.313823, 20468.989535, 3.372425, 559, 67038.5, 2550001, 84101708, 42747106, 129398815
30000, 30000, 0, 0, dp_15.000000, 30000964.16703224, 183018.3504333496, 248099.14901, inf, 173.41040462427745, 603.5262461848201, 49675.064877, 91044.002747, 2.143299, 12527.310873, 94542.135363, 308.491851, 2595, 131351.46875, 10350001, 34093256, 211222205, 255665462, 29871997.486398697, 83058.01426696777, 164137.22958699998, inf, 348.83720930232556, 985.3256203663598, 67416.721857, 43469.705389, 0.429556, 6152.933636, 47060.892161, 36.546988, 1290, 97293.875, 5130001, 46964821, 102363871, 154458693, 29654089.999429703, 41044.12838745117, 168797.10850299997, inf, 697.6744186046511, 1850.8526221394497, 121201.881037, 20660.813638, 0.103504, 3069.313823, 23860.469973, 4.526528, 645, 63880.28125, 2550001, 84101708, 49550996, 136202705
30000, 30000, 0, 0, dp_17.000000, 29999631.578287125, 181685.76168823242, 273653.549931, inf, 173.41040462427745, 603.5262461848201, 49675.064877, 102952.53741, 2.184757, 12527.310873, 108097.561685, 398.890329, 2941, 119968.3515625, 10350001, 34093256, 240004743, 284448000, 29870954.601572037, 82015.12944030762, 176647.64628700004, inf, 348.83720930232556, 985.3256203663598, 67416.721857, 49265.752123, 0.477986, 6152.933636, 53764.206677, 47.554008, 1462, 92132.5078125, 5130001, 46964821, 116376883, 168471705, 29653874.528116226, 40828.65707397461, 175021.786592, inf, 697.6744186046511, 1850.8526221394497, 121201.881037, 23440.227423, 0.091361, 3069.313823, 27304.181996, 6.090952, 731, 61033.73828125, 2550001, 84101708, 56354886, 143006595
30000, 30000, 0, 0, dp_19.000000, 29997868.447854996, 179922.63125610352, 298318.947285, inf, 173.41040462427745, 603.5262461848201, 49675.064877, 113941.760282, 2.260529, 12527.310873, 121672.635402, 499.915322, 3287, 110274.15625, 10350001, 34093256, 267207139, 311650396, 29870612.927316666, 81673.45518493652, 189247.83986499996, inf, 348.83720930232556, 985.3256203663598, 67416.721857, 55070.846156, 0.536566, 6152.933636, 60546.993333, 59.808317, 1634, 87746.8671875, 5130001, 46964821, 130389895, 182484717, 29653497.41037941, 40451.5393371582, 181011.94397, inf, 697.6744186046511, 1850.8526221394497, 121201.881037, 26168.78814, 0.105859, 3069.313823, 30564.551857, 7.303254, 817, 58384.66015625, 2550001, 84101708, 63158776, 149810485
30000, 30000, 0, 0, dp_21.000000, 29996563.797952652, 178617.98135375977, 323981.123562, inf, 173.41040462427745, 603.5262461848201, 49675.064877, 125955.191182, 2.333076, 12527.310873, 135208.142171, 613.081383, 3633, 101614.828125, 10350001, 34093256, 296019603, 340462860, 29870428.0936985, 81488.62156677246, 201688.656092, inf, 348.83720930232556, 985.3256203663598, 67416.721857, 60833.22794, 0.494537, 6152.933636, 67211.57839, 73.699732, 1806, 83746.6171875, 5130001, 46964821, 144402907, 196497729, 29653228.8397007, 40182.968658447266, 187021.581457, inf, 697.6744186046511, 1850.8526221394497, 121201.881037, 28915.231989, 0.094628, 3069.313823, 33826.040879, 9.019101, 903, 56151.203125, 2550001, 84101708, 69962666, 156614375
30000, 30000, 0, 0, dp_23.000000, 29995849.60746193, 177903.7908630371, 349802.510186, inf, 173.41040462427745, 603.5262461848201, 49675.064877, 138115.194592, 2.14877, 12527.310873, 148744.960737, 737.830337, 3979, 93777.140625, 10350001, 34093256, 324891919, 369335176, 29870135.5624485, 81196.09031677246, 214234.00445899996, inf, 348.83720930232556, 985.3256203663598, 67416.721857, 66660.539003, 0.47507, 6152.933636, 73914.32253, 89.012363, 1978, 79987.0390625, 5130001, 46964821, 158415919, 210510741, 29653134.31675148, 40088.445709228516, 193194.66577400005, inf, 697.6744186046511, 1850.8526221394497, 121201.881037, 31687.485141, 0.091362, 3069.313823, 37225.001556, 10.892855, 989, 54119.25, 2550001, 84101708, 76766556, 163418265
30000, 30000, 0, 0, dp_25.000000, 29994950.085611343, 177004.26901245117, 375531.08910099993, inf, 173.41040462427745, 603.5262461848201, 49675.064877, 150152.707665, 2.148289, 12527.310873, 162297.922903, 875.934494, 4325, 86604.703125, 10350001, 34093256, 353764235, 398207492, 29870085.09436989, 81145.62223815918, 227043.908193, inf, 348.83720930232556, 985.3256203663598, 67416.721857, 72411.497512, 0.486772, 6152.933636, 80956.498191, 105.770225, 2150, 76438.359375, 5130001, 46964821, 172318536, 224413358, 29652780.303812027, 39734.43276977539, 199309.077332, inf, 697.6744186046511, 1850.8526221394497, 121201.881037, 34473.523146, 0.100589, 3069.313823, 40551.490705, 12.768032, 1075, 52494.05078125, 2550001, 84101708, 83570446, 170222155
30000, 30000, 0, 0, dp_27.000000, 29993827.802164078, 175881.98556518555, 401221.824516, inf, 173.41040462427745, 603.5262461848201, 49675.064877, 162226.815443, 2.151785, 12527.310873, 175772.530847, 1017.950691, 4671, 80487.5234375, 10350001, 34093256, 382636551, 427079808, 29869676.748788834, 80737.27665710449, 239199.66090699998, inf, 348.83720930232556, 985.3256203663598, 67416.721857, 78046.962394, 0.468558, 6152.933636, 87458.943535, 123.630927, 2322, 73108.421875, 5130001, 46964821, 186125804, 238220626, 29652741.819498062, 39695.94845581055, 205488.464537, inf, 697.6744186046511, 1850.8526221394497, 121201.881037, 37257.94442, 0.093956, 3069.313823, 43944.172673, 15.058628, 1161, 50873.97265625, 2550001, 84101708, 90374336, 177026045
30000, 30000, 0, 0, dp_29.000000, 29993155.648477554, 175209.8318786621, 427074.071299, inf, 173.41040462427745, 603.5262461848201, 49675.064877, 174352.497727, 2.295675, 12527.310873, 189341.950701, 1174.951446, 5017, 75015.5234375, 10350001, 34093256, 411508867, 455952124, 29869016.023202896, 80076.55107116699, 251762.128129, inf, 348.83720930232556, 985.3256203663598, 67416.721857, 83854.514627, 0.467417, 6152.933636, 94194.424221, 143.066371, 2494, 70086.171875, 5130001, 46964821, 200138816, 252233638, 29652416.555887222, 39370.6848449707, 211658.286811, inf, 697.6744186046511, 1850.8526221394497, 121201.881037, 39888.264185, 0.090901, 3069.313823, 47481.213765, 17.5231, 1247, 49446.16796875, 2550001, 84101708, 97028236, 183679945
30000, 30000, 0, 0, dp_3.000000, 30020254.81739235, 202309.00079345703, 94798.02283600002, inf, 173.41040462427745, 603.5262461848201, 49675.064877, 18889.510156, 2.623118, 12527.310873, 13694.839769, 8.674043, 519, 269760.5, 10350001, 34093256, 38011829, 82455086, 29883843.854257584, 94904.38212585449, 89318.25421500001, inf, 348.83720930232556, 985.3256203663598, 67416.721857, 9012.099784, 0.426229, 6152.933636, 6735.043279, 1.02943, 258, 161990.8125, 5130001, 46964821, 18388741, 70483563, 29659862.585214615, 46816.71417236328, 131907.30243, inf, 697.6744186046511, 1850.8526221394497, 121201.881037, 4211.599614, 0.103043, 3069.313823, 3424.249441, 0.155472, 129, 97848.765625, 2550001, 84101708, 8847648, 95499357
30000, 30000, 0, 0, dp_31.000000, 29993114.38242531, 175168.56582641602, 452726.27580099995, inf, 173.41040462427745, 603.5262461848201, 49675.064877, 186351.594062, 2.156223, 12527.310873, 202826.781405, 1343.368361, 5363, 70080.546875, 10350001, 34093256, 440141775, 484585032, 29868833.53437233, 79894.06224060059, 264260.579241, inf, 348.83720930232556, 985.3256203663598, 67416.721857, 89636.555742, 0.473248, 6152.933636, 100890.461717, 163.433041, 2666, 67519.6171875, 5130001, 46964821, 214151828, 266246650, 29651813.317850113, 38767.44680786133, 217897.413281, inf, 697.6744186046511, 1850.8526221394497, 121201.881037, 42794.401951, 0.104045, 3069.313823, 50811.762493, 19.949932, 1333, 47997.75, 2550001, 84101708, 103982116, 190633825
30000, 30000, 0, 0, dp_33.000000, 29992931.36286354, 174985.54626464844, 478643.842103, inf, 173.41040462427745, 603.5262461848201, 49675.064877, 198491.62336, 2.301435, 12527.310873, 216423.510529, 1524.031029, 5709, 65753.515625, 10350001, 34093256, 468984165, 513427422, 29868524.854501724, 79585.38236999512, 276461.135391, inf, 348.83720930232556, 985.3256203663598, 67416.721857, 95411.956479, 0.476864, 6152.933636, 107293.549088, 185.497467, 2838, 65003.265625, 5130001, 46964821, 228164840, 280259662, 29651691.313150406, 38645.4421081543, 224092.166, inf, 697.6744186046511, 1850.8526221394497, 121201.881037, 45326.135939, 0.105438, 3069.313823, 54472.271257, 22.458506, 1419, 46728.2734375, 2550001, 84101708, 110456028, 197107737
30000, 30000, 0, 0, dp_35.000000, 29992291.767923355, 174345.9513244629, 504400.07328600006, inf, 173.41040462427745, 603.5262461848201, 49675.064877, 210626.291384, 2.313589, 12527.310873, 229855.248608, 1713.843955, 6055, 61548.984375, 10350001, 34093256, 497856481, 542299738, 29868250.987070084, 79311.51493835449, 289098.67002599995, inf, 348.83720930232556, 985.3256203663598, 67416.721857, 101207.038374, 0.481032, 6152.933636, 114112.179154, 209.315973, 3010, 62560.40625, 5130001, 46964821, 242177852, 294272674, 29651210.50754738, 38164.63650512695, 230532.0441, inf, 697.6744186046511, 1850.8526221394497, 121201.881037, 48376.765628, 0.098635, 3069.313823, 57858.335308, 25.649669, 1505, 45501.84375, 2550001, 84101708, 117589896, 204241605
30000, 30000, 0, 0, dp_37.000000, 29990639.750680923, 172693.93408203125, 530393.9704799999, inf, 173.41040462427745, 603.5262461848201, 49675.064877, 222816.529603, 2.238207, 12527.310873, 243455.492443, 1917.334477, 6401, 57835.03125, 10350001, 34093256, 526728797, 571172054, 29868186.047067642, 79246.57493591309, 301181.47054300003, inf, 348.83720930232556, 985.3256203663598, 67416.721857, 106823.270913, 0.477535, 6152.933636, 120553.744461, 234.322141, 3182, 60354.328125, 5130001, 46964821, 255947995, 308042817, 29651013.90104103, 37968.0299987793, 236444.140534, inf, 697.6744186046511, 1850.8526221394497, 121201.881037, 50938.614962, 0.10144, 3069.313823, 61205.68282, 28.546452, 1591, 44297.63671875, 2550001, 84101708, 124063808, 210715517
30000, 30000, 0, 0, dp_39.000000, 29990049.874795914, 172104.05819702148, 556362.4725070001, inf, 173.41040462427745, 603.5262461848201, 49675.064877, 235124.242133, 2.147858, 12527.310873, 256904.78569, 2128.921076, 6747, 54252.44921875, 10350001, 34093256, 555601113, 600044370, 29867515.71732521, 78576.24519348145, 314248.110393, inf, 348.83720930232556, 985.3256203663598, 67416.721857, 112610.259077, 0.487985, 6152.933636, 127806.922138, 260.7857, 3354, 58403.57421875, 5130001, 46964821, 269850612, 321945434, 29650632.03220558, 37586.16116333008, 242634.683026, inf, 697.6744186046511, 1850.8526221394497, 121201.881037, 53808.758032, 0.104236, 3069.313823, 64522.820054, 31.805844, 1677, 43116.7578125, 2550001, 84101708, 131047686, 217699395
30000, 30000, 0, 0, dp_5.000000, 30014825.564401627, 196879.74780273438, 120711.972085, inf, 173.41040462427745, 603.5262461848201, 49675.064877, 31079.580281, 1.970645, 12527.310873, 27398.722189, 29.32322, 865, 222275.453125, 10350001, 34093256, 66884145, 111327402, 29881000.699289322, 92061.22715759277, 101794.914685, inf, 348.83720930232556, 985.3256203663598, 67416.721857, 14701.576144, 0.42657, 6152.933636, 13519.657618, 3.59886, 430, 139401.09375, 5130001, 46964821, 32342969, 84437791, 29657689.07947731, 44643.208435058594, 138032.45019, inf, 697.6744186046511, 1850.8526221394497, 121201.881037, 6958.895784, 0.102542, 3069.313823, 6801.791922, 0.465082, 215, 88112.078125, 2550001, 84101708, 15651538, 102303247
30000, 30000, 0, 0, dp_7.000000, 30011460.27204323, 193514.45544433594, 146509.76921800003, inf, 173.41040462427745, 603.5262461848201, 49675.064877, 43278.596336, 2.2239, 12527.310873, 40965.142814, 61.430418, 1211, 194585.421875, 10350001, 34093256, 95732941, 140176198, 29878006.42749977, 89066.95536804199, 114226.52222799999, inf, 348.83720930232556, 985.3256203663598, 67416.721857, 20438.917024, 0.424997, 6152.933636, 20210.155262, 7.369452, 602, 126209.3359375, 5130001, 46964821, 46311823, 98406645, 29655793.169351578, 42747.29830932617, 144196.61052199997, inf, 697.6744186046511, 1850.8526221394497, 121201.881037, 9717.077338, 0.105788, 3069.313823, 10207.289728, 0.942808, 301, 81256.78125, 2550001, 84101708, 22455428, 109107137
30000, 30000, 0, 0, dp_9.000000, 30007120.983285904, 189175.16668701172, 172257.762416, inf, 173.41040462427745, 603.5262461848201, 49675.064877, 55289.090407, 2.786315, 12527.310873, 54658.869121, 104.640823, 1557, 175046, 10350001, 34093256, 124605257, 169048514, 29876771.353891373, 87831.88175964355, 126707.975095, inf, 348.83720930232556, 985.3256203663598, 67416.721857, 26196.012323, 0.422543, 6152.933636, 26929.189947, 12.694789, 774, 117396.3359375, 5130001, 46964821, 60324835, 112419657, 29655324.943582535, 42279.0725402832, 150327.163137, inf, 697.6744186046511, 1850.8526221394497, 121201.881037, 12466.197262, 0.085861, 3069.313823, 13588.081417, 1.603737, 387, 75287.6015625, 2550001, 84101708, 29259318, 115911027
30000, 30000, 0, 0, fixed_reps_1, 30034874.694345474, 216928.87774658203, 69026.28779399999, inf, 173.41040462427745, 603.5262461848201, 49675.064877, 6769.6387, 2.070474, 12527.310873, 52.20287, 0, 173, 407193.71875, 10350001, 34093256, 9222885, 53666142, 29890181.4510746, 101241.9789428711, 76812.246462, inf, 348.83720930232556, 985.3256203663598, 67416.721857, 3191.744167, 0.424305, 6152.933636, 50.422497, 0, 86, 226949.53125, 5130001, 46964821, 4405121, 56499943, 29661557.27314186, 48511.402099609375, 125830.713408, inf, 697.6744186046511, 1850.8526221394497, 121201.881037, 1509.78837, 0.087474, 3069.313823, 49.642704, 0, 43, 122482.546875, 2550001, 84101708, 2092873, 88744582
30000, 30000, 0, 0, fixed_reps_11, 30012006.64725685, 194060.83065795898, 129487.135916, inf, 173.41040462427745, 603.5262461848201, 49675.064877, 66851.542191, 2.175548, 12527.310873, 431.042427, 0, 1903, 221881.375, 10350001, 34093256, 101450005, 145893262, 29881416.62409401, 92477.15196228027, 105736.45878799999, inf, 348.83720930232556, 985.3256203663598, 67416.721857, 31737.067853, 0.481393, 6152.933636, 429.254049, 0, 946, 138003.109375, 5130001, 46964821, 48455471, 100550293, 29657233.418283463, 44187.54724121094, 139664.707273, inf, 697.6744186046511, 1850.8526221394497, 121201.881037, 14957.983297, 0.102833, 3069.313823, 435.426283, 0, 473, 85467.2265625, 2550001, 84101708, 23021173, 109672882
30000, 30000, 0, 0, fixed_reps_13, 30010462.49100685, 192516.67440795898, 141516.29933799998, inf, 173.41040462427745, 603.5262461848201, 49675.064877, 78803.769714, 2.235841, 12527.310873, 507.918033, 0, 2249, 211214.34375, 10350001, 34093256, 119895429, 164338686, 29880119.414316177, 91179.94218444824, 111510.086491, inf, 348.83720930232556, 985.3256203663598, 67416.721857, 37432.605645, 0.469751, 6152.933636, 507.355602, 0, 1118, 129582.7578125, 5130001, 46964821, 57265541, 109360363, 29656498.862314224, 43452.991271972656, 142417.53323200002, inf, 697.6744186046511, 1850.8526221394497, 121201.881037, 17633.097048, 0.088526, 3069.313823, 513.152798, 0, 559, 80148.0078125, 2550001, 84101708, 27206833, 113858542
30000, 30000, 0, 0, fixed_reps_15, 30008826.865091324, 190881.04849243164, 153418.805696, inf, 173.41040462427745, 603.5262461848201, 49675.064877, 90624.966522, 2.201928, 12527.310873, 589.261496, 0, 2595, 196377.859375, 10350001, 34093256, 138340853, 182784110, 29879514.662485123, 90575.19035339355, 117234.448285, inf, 348.83720930232556, 985.3256203663598, 67416.721857, 43077.010805, 0.476995, 6152.933636, 587.304992, 0, 1290, 125040.546875, 5130001, 46964821, 66075611, 118170433, 29656490.45887184, 43444.587829589844, 145174.255273, inf, 697.6744186046511, 1850.8526221394497, 121201.881037, 20311.110928, 0.105448, 3069.313823, 591.844037, 0, 645, 77543.640625, 2550001, 84101708, 31392493, 118044202
30000, 30000, 0, 0, fixed_reps_17, 30006775.326761246, 188829.51016235352, 165495.317137, inf, 173.41040462427745, 603.5262461848201, 49675.064877, 102624.66256, 2.209486, 12527.310873, 666.069341, 0, 2941, 185396.6875, 10350001, 34093256, 156786277, 201229534, 29878993.385263443, 90053.91313171387, 123036.734851, inf, 348.83720930232556, 985.3256203663598, 67416.721857, 48803.572393, 0.429104, 6152.933636, 663.077861, 0, 1462, 119207.6171875, 5130001, 46964821, 74885681, 126980503, 29656265.35871315, 43219.48767089844, 147947.03840000002, inf, 697.6744186046511, 1850.8526221394497, 121201.881037, 23005.059467, 0.088246, 3069.313823, 670.695827, 0, 731, 74675.1953125, 2550001, 84101708, 35578153, 122229862
30000, 30000, 0, 0, fixed_reps_19, 30005717.626199722, 187771.80960083008, 177498.789524, inf, 173.41040462427745, 603.5262461848201, 49675.064877, 114552.577552, 2.192823, 12527.310873, 741.643399, 0, 3287, 177385.984375, 10350001, 34093256, 175231701, 219674958, 29878572.85126686, 89633.37913513184, 128812.016466, inf, 348.83720930232556, 985.3256203663598, 67416.721857, 54500.430291, 0.470312, 6152.933636, 741.46037, 0, 1634, 115158.390625, 5130001, 46964821, 83695751, 135790573, 29656216.84650612, 43170.97546386719, 150718.655648, inf, 697.6744186046511, 1850.8526221394497, 121201.881037, 25699.080776, 0.09114, 3069.313823, 748.288872, 0, 817, 73327.421875, 2550001, 84101708, 39763813, 126415522
30000, 30000, 0, 0, fixed_reps_21, 30004669.227457047, 186723.4108581543, 189486.41219, inf, 173.41040462427745, 603.5262461848201, 49675.064877, 126460.493047, 2.221009, 12527.310873, 821.322384, 0, 3633, 171303.34375, 10350001, 34093256, 193677125, 238120382, 29877656.031686783, 88716.55955505371, 134541.08841599998, inf, 348.83720930232556, 985.3256203663598, 67416.721857, 60152.653623, 0.471464, 6152.933636, 818.307836, 0, 1806, 112114.21875, 5130001, 46964821, 92505821, 144600643, 29655814.560922623, 42768.689880371094, 153469.53238400002, inf, 697.6744186046511, 1850.8526221394497, 121201.881037, 28367.422115, 0.089077, 3069.313823, 830.826332, 0, 903, 71118.453125, 2550001, 84101708, 43949473, 130601182
30000, 30000, 0, 0, fixed_reps_23, 30003491.20005226, 185545.38345336914, 201934.02895, inf, 173.41040462427745, 603.5262461848201, 49675.064877, 138830.20536, 2.196522, 12527.310873, 899.251318, 0, 3979, 165599.40625, 10350001, 34093256, 212122549, 256565806, 29877155.37787819, 88215.90574645996, 140367.449932, inf, 348.83720930232556, 985.3256203663598, 67416.721857, 65900.806449, 0.478197, 6152.933636, 896.509793, 0, 1978, 107401.9609375, 5130001, 46964821, 101315891, 153410713, 29654739.80503273, 41693.933990478516, 156214.32424, inf, 697.6744186046511, 1850.8526221394497, 121201.881037, 31034.463317, 0.103534, 3069.313823, 908.562529, 0, 989, 69920.90625, 2550001, 84101708, 48135133, 134786842
30000, 30000, 0, 0, fixed_reps_25, 30002930.332681656, 184984.51608276367, 213683.365138, inf, 173.41040462427745, 603.5262461848201, 49675.064877, 150499.063422, 2.181552, 12527.310873, 979.744414, 0, 4325, 157385.40625, 10350001, 34093256, 230567973, 275011230, 29876508.05982399, 87568.58769226074, 146109.560856, inf, 348.83720930232556, 985.3256203663598, 67416.721857, 71561.530658, 0.472066, 6152.933636, 977.902639, 0, 2150, 103896.765625, 5130001, 46964821, 110125961, 162220783, 29654464.01560402, 41418.14456176758, 158953.03339400003, inf, 697.6744186046511, 1850.8526221394497, 121201.881037, 33696.07494, 0.086482, 3069.313823, 985.677112, 0, 1075, 68821.921875, 2550001, 84101708, 52320793, 138972502
30000, 30000, 0, 0, fixed_reps_27, 30001974.612161636, 184028.79556274414, 225610.925823, inf, 173.41040462427745, 603.5262461848201, 49675.064877, 162352.122687, 2.172574, 12527.310873, 1054.254812, 0, 4671, 152206.484375, 10350001, 34093256, 249013397, 293456654, 29875834.459726334, 86894.98759460449, 151879.74512799998, inf, 348.83720930232556, 985.3256203663598, 67416.721857, 77256.012309, 0.479068, 6152.933636, 1053.598258, 0, 2322, 102120.3515625, 5130001, 46964821, 118936031, 171030853, 29653913.731546402, 40867.86050415039, 161721.188039, inf, 697.6744186046511, 1850.8526221394497, 121201.881037, 36384.416173, 0.103654, 3069.313823, 1065.473352, 0, 1161, 67638.7578125, 2550001, 84101708, 56506453, 143158162
30000, 30000, 0, 0, fixed_reps_29, 30001576.519083023, 183630.70248413086, 237642.566446, inf, 173.41040462427745, 603.5262461848201, 49675.064877, 174307.011533, 2.21278, 12527.310873, 1130.966383, 0, 5017, 147421.96875, 10350001, 34093256, 267458821, 311902078, 29874873.16138649, 85933.68925476074, 157660.309125, inf, 348.83720930232556, 985.3256203663598, 67416.721857, 82957.658841, 0.475511, 6152.933636, 1132.51928, 0, 2494, 99944.2421875, 5130001, 46964821, 127746101, 179840923, 29652959.476694107, 39913.60565185547, 164480.906912, inf, 697.6744186046511, 1850.8526221394497, 121201.881037, 39064.153259, 0.09075, 3069.313823, 1145.468043, 0, 1247, 66099.0703125, 2550001, 84101708, 60692113, 147343822
30000, 30000, 0, 0, fixed_reps_3, 30028588.954782486, 210643.13818359375, 81108.26827300001, inf, 173.41040462427745, 603.5262461848201, 49675.064877, 18785.715942, 2.584207, 12527.310873, 117.592374, 0, 519, 330330.0625, 10350001, 34093256, 27668309, 72111566, 29887318.928613663, 98379.4564819336, 82589.759886, inf, 348.83720930232556, 985.3256203663598, 67416.721857, 8901.837837, 0.476464, 6152.933636, 117.790092, 0, 258, 188475.984375, 5130001, 46964821, 13215191, 65310013, 29659904.439889908, 46858.56884765625, 128586.759789, inf, 697.6744186046511, 1850.8526221394497, 121201.881037, 4198.198823, 0.094026, 3069.313823, 117.27208, 0, 129, 108203.0703125, 2550001, 84101708, 6278533, 92930242
30000, 30000, 0, 0, fixed_reps_31, 30000383.850351334, 182438.0337524414, 249897.06295200004, inf, 173.41040462427745, 603.5262461848201, 49675.064877, 186484.98276, 2.22325, 12527.310873, 1207.481192, 0, 5363, 143170.78125, 10350001, 34093256, 285904245, 330347502, 29874502.038949966, 85562.5668182373, 163425.71727599998, inf, 348.83720930232556, 985.3256203663598, 67416.721857, 88648.613936, 0.484509, 6152.933636, 1206.963338, 0, 2666, 97647.6953125, 5130001, 46964821, 136556171, 188650993, 29652959.476694107, 39913.60565185547, 167254.190725, inf, 697.6744186046511, 1850.8526221394497, 121201.881037, 41752.443669, 0.10106, 3069.313823, 1230.451136, 0, 1333, 62593.4375, 2550001, 84101708, 64877773, 151529482
30000, 30000, 0, 0, fixed_reps_33, 30000180.084115982, 182234.26751708984, 262046.483432, inf, 173.41040462427745, 603.5262461848201, 49675.064877, 198552.175178, 2.195837, 12527.310873, 1289.736667, 0, 5709, 139620.859375, 10350001, 34093256, 304349669, 348792926, 29873351.570199966, 84412.0980682373, 169138.484373, inf, 348.83720930232556, 985.3256203663598, 67416.721857, 94279.522924, 0.475962, 6152.933636, 1288.829994, 0, 2838, 96337.8671875, 5130001, 46964821, 145366241, 197461063, 29652455.057138443, 39409.186096191406, 170003.02920800002, inf, 697.6744186046511, 1850.8526221394497, 121201.881037, 44431.57909, 0.102642, 3069.313823, 1300.152616, 0, 1419, 59655.00390625, 2550001, 84101708, 69063433, 155715142
30000, 30000, 0, 0, fixed_reps_35, 29999981.09675026, 182035.2801513672, 273630.403272, inf, 173.41040462427745, 603.5262461848201, 49675.064877, 210063.021199, 2.170301, 12527.310873, 1362.836022, 0, 6055, 135207.71875, 10350001, 34093256, 322795093, 367238350, 29872771.406381607, 83831.93424987793, 174929.97942800002, inf, 348.83720930232556, 985.3256203663598, 67416.721857, 99996.123364, 0.475291, 6152.933636, 1363.72528, 0, 3010, 94162.28125, 5130001, 46964821, 154176311, 206271133, 29652105.882822037, 39060.011779785156, 172806.350391, inf, 697.6744186046511, 1850.8526221394497, 121201.881037, 47154.762159, 0.105929, 3069.313823, 1380.287443, 0, 1505, 58987.12109375, 2550001, 84101708, 73249093, 159900802
30000, 30000, 0, 0, fixed_reps_37, 29999593.37092018, 181647.55432128906, 286073.396919, inf, 173.41040462427745, 603.5262461848201, 49675.064877, 222425.453864, 2.373831, 12527.310873, 1443.193474, 0, 6401, 130890.703125, 10350001, 34093256, 341240517, 385683774, 29872470.507761, 83531.03562927246, 180644.183241, inf, 348.83720930232556, 985.3256203663598, 67416.721857, 105631.122456, 0.487885, 6152.933636, 1442.917407, 0, 3182, 92994.890625, 5130001, 46964821, 162986381, 215081203, 29651904.82282448, 38858.95178222656, 175567.513859, inf, 697.6744186046511, 1850.8526221394497, 121201.881037, 49834.954942, 0.104145, 3069.313823, 1461.259912, 0, 1591, 57366.953125, 2550001, 84101708, 77434753, 164086462
30000, 30000, 0, 0, fixed_reps_39, 29999015.247507095, 181069.43090820312, 297979.32031, inf, 173.41040462427745, 603.5262461848201, 49675.064877, 234256.87256, 2.2456, 12527.310873, 1517.8264, 0, 6747, 128007.4609375, 10350001, 34093256, 359685941, 404129198, 29872101.2063694, 83161.7342376709, 186418.036739, inf, 348.83720930232556, 985.3256203663598, 67416.721857, 111327.936395, 0.481744, 6152.933636, 1519.963107, 0, 3354, 91921.875, 5130001, 46964821, 171796451, 223891273, 29651904.82282448, 38858.95178222656, 178335.04361800003, inf, 697.6744186046511, 1850.8526221394497, 121201.881037, 52519.731629, 0.109746, 3069.313823, 1544.007383, 0, 1677, 55464.8984375, 2550001, 84101708, 81620413, 168272122
30000, 30000, 0, 0, fixed_reps_41, 29998528.7666111, 180582.95001220703, 310237.068206, inf, 173.41040462427745, 603.5262461848201, 49675.064877, 246435.781974, 2.161363, 12527.310873, 1596.749119, 0, 7093, 124226.1875, 10350001, 34093256, 378131365, 422574622, 29871954.088754654, 83014.6166229248, 192252.03538400002, inf, 348.83720930232556, 985.3256203663598, 67416.721857, 117082.764058, 0.477596, 6152.933636, 1599.138237, 0, 3526, 90798.875, 5130001, 46964821, 180606521, 232701343, 29651675.39447975, 38629.5234375, 181116.678797, inf, 697.6744186046511, 1850.8526221394497, 121201.881037, 55216.115756, 0.105257, 3069.313823, 1629.262924, 0, 1763, 54852.65625, 2550001, 84101708, 85806073, 172457782
30000, 30000, 0, 0, fixed_reps_5, 30022571.242074966, 204625.42547607422, 93158.343837, inf, 173.41040462427745, 603.5262461848201, 49675.064877, 30756.748506, 2.453459, 12527.310873, 196.766122, 0, 865, 292654.03125, 10350001, 34093256, 46113733, 90556990, 29885001.05855751, 96061.58642578125, 88432.740598, inf, 348.83720930232556, 985.3256203663598, 67416.721857, 14665.690031, 0.472967, 6152.933636, 196.922107, 0, 430, 166597.1875, 5130001, 46964821, 22025261, 74120083, 29659728.323495865, 46682.45245361328, 131350.497344, inf, 697.6744186046511, 1850.8526221394497, 121201.881037, 6883.103423, 0.092513, 3069.313823, 196.106548, 0, 215, 101132.953125, 2550001, 84101708, 10464193, 97115902
30000, 30000, 0, 0, fixed_reps_7, 30017819.901010513, 199874.0844116211, 105405.12808600001, inf, 173.41040462427745, 603.5262461848201, 49675.064877, 42923.389317, 2.339806, 12527.310873, 277.023213, 0, 1211, 267322.46875, 10350001, 34093256, 64559157, 109002414, 29883570.194238663, 94630.7221069336, 94216.024141, inf, 348.83720930232556, 985.3256203663598, 67416.721857, 20372.534427, 0.445415, 6152.933636, 273.388806, 0, 602, 156286.125, 5130001, 46964821, 30835331, 82930153, 29659003.90040016, 45958.029357910156, 134123.048658, inf, 697.6744186046511, 1850.8526221394497, 121201.881037, 9576.541436, 0.090139, 3069.313823, 275.222223, 0, 301, 94700.15625, 2550001, 84101708, 14649853, 101301562
30000, 30000, 0, 0, fixed_reps_9, 30014774.30152321, 196828.4849243164, 117455.688421, inf, 173.41040462427745, 603.5262461848201, 49675.064877, 54893.693289, 2.255042, 12527.310873, 357.36434, 0, 1557, 245840.078125, 10350001, 34093256, 83004581, 127447838, 29882747.12447548, 93807.65234375, 99950.762096, inf, 348.83720930232556, 985.3256203663598, 67416.721857, 26029.103532, 0.429937, 6152.933636, 351.573134, 0, 774, 147155.1875, 5130001, 46964821, 39645401, 91740223, 29657835.329416275, 44789.45837402344, 136874.544457, inf, 697.6744186046511, 1850.8526221394497, 121201.881037, 12248.524976, 0.092844, 3069.313823, 354.731777, 0, 387, 88215.6796875, 2550001, 84101708, 18835513, 105487222
30000, 30000, 0, 0, greedy_1.000000, 30034874.694345474, 216928.87774658203, 69067.78221399999, inf, 173.41040462427745, 603.5262461848201, 49675.064877, 6824.852626, 2.022592, 12527.310873, 38.520626, 0.01062, 173, 407193.71875, 10350001, 34093256, 9222885, 53666142, 29890181.4510746, 101241.9789428711, 76773.00225299998, inf, 348.83720930232556, 985.3256203663598, 67416.721857, 3165.430318, 0.425127, 6152.933636, 37.486616, 0.004699, 86, 226949.53125, 5130001, 46964821, 4405121, 56499943, 29661557.27314186, 48511.402099609375, 125806.04172100002, inf, 697.6744186046511, 1850.8526221394497, 121201.881037, 1496.679928, 0.09028, 3069.313823, 38.073738, 0.002915, 43, 122482.546875, 2550001, 84101708, 2092873, 88744582
30000, 30000, 0, 0, greedy_11.000000, 30006655.696756363, 188709.8801574707, 197750.929108, inf, 173.41040462427745, 603.5262461848201, 49675.064877, 67123.307398, 2.402665, 12527.310873, 68422.379686, 0.463609, 1903, 194677.171875, 10350001, 34093256, 153082035, 197525292, 29880214.446115494, 91274.97398376465, 138882.834228, inf, 348.83720930232556, 985.3256203663598, 67416.721857, 31690.422382, 0.469961, 6152.933636, 33622.131973, 0.154419, 946, 128742.3828125, 5130001, 46964821, 73985143, 126079965, 29656539.10541725, 43493.234375, 156386.55310299998, inf, 697.6744186046511, 1850.8526221394497, 121201.881037, 15126.03921, 0.087103, 3069.313823, 16989.190963, 0.040967, 473, 82344, 2550001, 84101708, 35913218, 122564927
30000, 30000, 0, 0, greedy_13.000000, 30004828.19516945, 186882.37857055664, 222347.909366, inf, 173.41040462427745, 603.5262461848201, 49675.064877, 78897.321337, 2.216226, 12527.310873, 81245.452093, 0.54396, 2249, 182598.5, 10350001, 34093256, 181954351, 226397608, 29878660.70661354, 89721.23448181152, 151101.984293, inf, 348.83720930232556, 985.3256203663598, 67416.721857, 37159.445069, 0.459973, 6152.933636, 40372.244732, 0.179026, 1118, 121062.7265625, 5130001, 46964821, 87564308, 139659130, 29656508.251291275, 43462.38024902344, 162620.78275199997, inf, 697.6744186046511, 1850.8526221394497, 121201.881037, 17880.456131, 0.091311, 3069.313823, 20468.989535, 0.050915, 559, 80492.7734375, 2550001, 84101708, 42717108, 129368817
30000, 30000, 0, 0, greedy_15.000000, 30002382.76194191, 184436.94534301758, 247172.42514299997, inf, 173.41040462427745, 603.5262461848201, 49675.064877, 90425.109822, 2.14927, 12527.310873, 94542.135363, 0.654938, 2595, 172705.859375, 10350001, 34093256, 210332747, 254776004, 29876739.7711277, 87800.29899597168, 163381.00855899998, inf, 348.83720930232556, 985.3256203663598, 67416.721857, 42749.794786, 0.463559, 6152.933636, 47060.892161, 0.20256, 1290, 115695.625, 5130001, 46964821, 101290293, 153385115, 29655722.703683853, 42676.83264160156, 168760.49109599998, inf, 697.6744186046511, 1850.8526221394497, 121201.881037, 20628.688495, 0.086101, 3069.313823, 23860.469973, 0.051667, 645, 77240.8046875, 2550001, 84101708, 49520998, 136172707
30000, 30000, 0, 0, greedy_17.000000, 30000513.19806862, 182567.38146972656, 272686.504299, inf, 173.41040462427745, 603.5262461848201, 49675.064877, 102383.681834, 2.153659, 12527.310873, 108097.561685, 0.731371, 2941, 165214.625, 10350001, 34093256, 239205063, 283648320, 29875530.04218483, 86590.57005310059, 175786.559816, inf, 348.83720930232556, 985.3256203663598, 67416.721857, 48452.0009, 0.464541, 6152.933636, 53764.206677, 0.232205, 1462, 111379.6796875, 5130001, 46964821, 115192910, 167287732, 29654628.100992203, 41582.22994995117, 174980.652596, inf, 697.6744186046511, 1850.8526221394497, 121201.881037, 23405.108065, 0.106149, 3069.313823, 27304.181996, 0.061526, 731, 74288.75, 2550001, 84101708, 56324888, 142976597
30000, 30000, 0, 0, greedy_19.000000, 29999645.208200455, 181699.3916015625, 298300.89655199996, inf, 173.41040462427745, 603.5262461848201, 49675.064877, 114422.779966, 2.294734, 12527.310873, 121672.635402, 0.8107, 3287, 153873.234375, 10350001, 34093256, 268077379, 312520636, 29875189.39740944, 86249.92527770996, 188362.989625, inf, 348.83720930232556, 985.3256203663598, 67416.721857, 54245.613564, 0.484329, 6152.933636, 60546.993333, 0.242906, 1634, 104991.3125, 5130001, 46964821, 129205922, 181300744, 29654277.461221695, 41231.59017944336, 180945.840282, inf, 697.6744186046511, 1850.8526221394497, 121201.881037, 26109.903068, 0.10133, 3069.313823, 30564.551857, 0.089167, 817, 72534.5625, 2550001, 84101708, 63128778, 149780487
30000, 30000, 0, 0, greedy_21.000000, 29998773.120767593, 180827.30416870117, 323896.086796, inf, 173.41040462427745, 603.5262461848201, 49675.064877, 126482.514466, 2.167436, 12527.310873, 135208.142171, 0.886973, 3633, 144447.09375, 10350001, 34093256, 296949695, 341392952, 29874564.12659645, 85624.65446472168, 200788.586521, inf, 348.83720930232556, 985.3256203663598, 67416.721857, 60006.60751, 0.464512, 6152.933636, 67211.57839, 0.280616, 1806, 98518.7890625, 5130001, 46964821, 143218934, 195313756, 29653645.847085953, 40599.97604370117, 186977.981393, inf, 697.6744186046511, 1850.8526221394497, 121201.881037, 28880.569684, 0.106911, 3069.313823, 33826.040879, 0.069059, 903, 71530.84375, 2550001, 84101708, 69932668, 156584377
30000, 30000, 0, 0, greedy_23.000000, 29998275.48697853, 180329.67037963867, 349480.32908700005, inf, 173.41040462427745, 603.5262461848201, 49675.064877, 138529.846089, 2.116479, 12527.310873, 148744.960737, 1.030032, 3979, 133302.015625, 10350001, 34093256, 325822011, 370265268, 29873522.3681736, 84582.89604187012, 213275.051588, inf, 348.83720930232556, 985.3256203663598, 67416.721857, 65790.324341, 0.460974, 6152.933636, 73914.32253, 0.28825, 1978, 96323.1953125, 5130001, 46964821, 157231946, 209326768, 29653645.847085953, 40599.97604370117, 192915.54391300003, inf, 697.6744186046511, 1850.8526221394497, 121201.881037, 31419.138235, 0.103073, 3069.313823, 37225.001556, 0.106189, 989, 68129.8046875, 2550001, 84101708, 76406580, 163058289
30000, 30000, 0, 0, greedy_25.000000, 29998067.377908707, 180121.56130981445, 374698.74326699995, inf, 173.41040462427745, 603.5262461848201, 49675.064877, 150195.076087, 2.222859, 12527.310873, 162297.922903, 1.145668, 4325, 127365.875, 10350001, 34093256, 354065881, 398509138, 29873104.192087173, 84164.71995544434, 225560.226758, inf, 348.83720930232556, 985.3256203663598, 67416.721857, 71033.268604, 0.472086, 6152.933636, 80956.498191, 0.332384, 2150, 92505.1953125, 5130001, 46964821, 170355745, 222450567, 29652830.961984634, 39785.09094238281, 198982.587241, inf, 697.6744186046511, 1850.8526221394497, 121201.881037, 34159.698235, 0.092563, 3069.313823, 40551.490705, 0.110878, 1075, 65622.0390625, 2550001, 84101708, 83210470, 169862179
30000, 30000, 0, 0, greedy_27.000000, 29997150.587625504, 179204.77102661133, 400263.07747300004, inf, 173.41040462427745, 603.5262461848201, 49675.064877, 162284.885715, 2.162155, 12527.310873, 175772.530847, 1.123006, 4671, 121488.1953125, 10350001, 34093256, 382938197, 427381454, 29872578.436777115, 83638.96464538574, 237835.050761, inf, 348.83720930232556, 985.3256203663598, 67416.721857, 76805.622958, 0.478057, 6152.933636, 87458.943535, 0.350718, 2322, 91007.15625, 5130001, 46964821, 184368757, 236463579, 29652405.514291763, 39359.64324951172, 205133.889058, inf, 697.6744186046511, 1850.8526221394497, 121201.881037, 36918.295311, 0.10647, 3069.313823, 43944.172673, 0.119744, 1161, 63084.37109375, 2550001, 84101708, 90014360, 176666069
30000, 30000, 0, 0, greedy_29.000000, 29995568.49204445, 177622.67544555664, 425329.839135, inf, 173.41040462427745, 603.5262461848201, 49675.064877, 173782.157993, 2.163908, 12527.310873, 189341.950701, 1.190783, 5017, 108504.6015625, 10350001, 34093256, 410940273, 455383530, 29871281.736032486, 82342.26390075684, 250237.18492899998, inf, 348.83720930232556, 985.3256203663598, 67416.721857, 82472.277483, 0.473528, 6152.933636, 94194.424221, 0.354204, 2494, 84857.4765625, 5130001, 46964821, 198293593, 250388415, 29652250.310800552, 39204.43975830078, 211402.180747, inf, 697.6744186046511, 1850.8526221394497, 121201.881037, 39649.544456, 0.105748, 3069.313823, 47481.213765, 0.121918, 1247, 60133.8359375, 2550001, 84101708, 96818250, 183469959
30000, 30000, 0, 0, greedy_3.000000, 30024649.052194595, 206703.23559570312, 94936.67961800001, inf, 173.41040462427745, 603.5262461848201, 49675.064877, 19037.062376, 2.281979, 12527.310873, 13694.839769, 0.119744, 519, 302385.1875, 10350001, 34093256, 37988309, 82431566, 29886080.517908096, 97141.04577636719, 89207.816529, inf, 348.83720930232556, 985.3256203663598, 67416.721857, 8902.650802, 0.426119, 6152.933636, 6735.043279, 0.040836, 258, 175208.203125, 5130001, 46964821, 18329957, 70424779, 29659594.515390396, 46548.64434814453, 131899.475093, inf, 697.6744186046511, 1850.8526221394497, 121201.881037, 4203.917128, 0.091742, 3069.313823, 3424.249441, 0.021922, 129, 104276.4765625, 2550001, 84101708, 8847648, 95499357
30000, 30000, 0, 0, greedy_31.000000, 29995365.064920425, 177419.2483215332, 450607.9361669999, inf, 173.41040462427745, 603.5262461848201, 49675.064877, 185575.358147, 2.153248, 12527.310873, 202826.781405, 1.267617, 5363, 103732.0390625, 10350001, 34093256, 439273921, 483717178, 29871119.64399147, 82180.17185974121, 262552.353041, inf, 348.83720930232556, 985.3256203663598, 67416.721857, 88091.363574, 0.472817, 6152.933636, 100890.461717, 0.39944, 2666, 83386.734375, 5130001, 46964821, 212041657, 264136479, 29652243.19202614, 39197.32098388672, 217322.64581900003, inf, 697.6744186046511, 1850.8526221394497, 121201.881037, 42239.451973, 0.105758, 3069.313823, 50811.762493, 0.130735, 1333, 56604.33984375, 2550001, 84101708, 103322160, 189973869
30000, 30000, 0, 0, greedy_33.000000, 29995138.7817173, 177192.9651184082, 476317.37611499993, inf, 173.41040462427745, 603.5262461848201, 49675.064877, 197688.02065, 2.152787, 12527.310873, 216423.510529, 1.316399, 5709, 99571.53125, 10350001, 34093256, 468116311, 512559568, 29870726.151742935, 81786.67961120605, 274692.826963, inf, 348.83720930232556, 985.3256203663598, 67416.721857, 93828.732714, 0.469901, 6152.933636, 107293.549088, 0.419767, 2838, 81347.53125, 5130001, 46964821, 226054669, 278149491, 29651891.375314713, 38845.50427246094, 223840.54485300003, inf, 697.6744186046511, 1850.8526221394497, 121201.881037, 45096.851219, 0.093255, 3069.313823, 54472.271257, 0.134262, 1419, 55928.22265625, 2550001, 84101708, 110126050, 196777759
30000, 30000, 0, 0, greedy_35.000000, 29994401.97654152, 176456.15994262695, 501866.488083, inf, 173.41040462427745, 603.5262461848201, 49675.064877, 209805.240911, 2.204675, 12527.310873, 229855.248608, 1.418139, 6055, 92724.28125, 10350001, 34093256, 496988627, 541431884, 29870449.88062477, 81510.40849304199, 286570.080013, inf, 348.83720930232556, 985.3256203663598, 67416.721857, 98887.350848, 0.47464, 6152.933636, 114112.179154, 0.419878, 3010, 79886.6484375, 5130001, 46964821, 239029968, 291124790, 29651801.94605446, 38756.07501220703, 229519.394463, inf, 697.6744186046511, 1850.8526221394497, 121201.881037, 47389.625688, 0.10154, 3069.313823, 57858.335308, 0.137067, 1505, 55049.671875, 2550001, 84101708, 116299982, 202951691
30000, 30000, 0, 0, greedy_37.000000, 29994123.690713882, 176177.87411499023, 527591.75884, inf, 173.41040462427745, 603.5262461848201, 49675.064877, 221930.243177, 2.150213, 12527.310873, 243455.492443, 1.497257, 6401, 87814.375, 10350001, 34093256, 525860943, 570304200, 29870293.496286392, 81354.02415466309, 298258.395144, inf, 348.83720930232556, 985.3256203663598, 67416.721857, 104134.051892, 0.481152, 6152.933636, 120553.744461, 0.462146, 3182, 77412.90625, 5130001, 46964821, 252160380, 304255202, 29651801.94605446, 38756.07501220703, 235672.969547, inf, 697.6744186046511, 1850.8526221394497, 121201.881037, 50195.848331, 0.10162, 3069.313823, 61205.68282, 0.141916, 1591, 54366.80078125, 2550001, 84101708, 123103872, 209755581
30000, 30000, 0, 0, greedy_39.000000, 29993685.821878433, 175740.00527954102, 553235.239252, inf, 173.41040462427745, 603.5262461848201, 49675.064877, 234124.341575, 2.154981, 12527.310873, 256904.78569, 1.581256, 6747, 81701.9375, 10350001, 34093256, 554733259, 599176516, 29869933.25489235, 80993.78276062012, 311321.21667899995, inf, 348.83720930232556, 985.3256203663598, 67416.721857, 109943.497237, 0.472616, 6152.933636, 127806.922138, 0.669195, 3354, 74071.7421875, 5130001, 46964821, 266173392, 318268214, 29651620.078378677, 38574.20733642578, 241715.56914799998, inf, 697.6744186046511, 1850.8526221394497, 121201.881037, 52921.310317, 0.102853, 3069.313823, 64522.820054, 0.141064, 1677, 53772.328125, 2550001, 84101708, 129907762, 216559471
30000, 30000, 0, 0, greedy_5.000000, 30018201.785837173, 200255.96923828125, 120596.904261, inf, 173.41040462427745, 603.5262461848201, 49675.064877, 30992.748748, 2.869932, 12527.310873, 27398.722189, 0.187642, 865, 261846.09375, 10350001, 34093256, 66770847, 111214104, 29884835.451257706, 95895.97912597656, 101757.14919499999, inf, 348.83720930232556, 985.3256203663598, 67416.721857, 14667.280372, 0.483917, 6152.933636, 13519.657618, 0.071795, 430, 159786.078125, 5130001, 46964821, 32269419, 84364241, 29658908.529550552, 45862.65850830078, 138027.191659, inf, 697.6744186046511, 1850.8526221394497, 121201.881037, 6954.087938, 0.093495, 3069.313823, 6801.791922, 0.023444, 215, 96820.8203125, 2550001, 84101708, 15651538, 102303247
30000, 30000, 0, 0, greedy_7.000000, 30013645.175180435, 195699.35858154297, 146333.728177, inf, 173.41040462427745, 603.5262461848201, 49675.064877, 43163.398883, 2.502142, 12527.310873, 40965.142814, 0.308588, 1211, 232827.09375, 10350001, 34093256, 95455003, 139898260, 29883050.58931923, 94111.1171875, 114166.863547, inf, 348.83720930232556, 985.3256203663598, 67416.721857, 20386.492231, 0.473377, 6152.933636, 20210.155262, 0.087184, 602, 148633.3125, 5130001, 46964821, 46223647, 98318469, 29658063.18445778, 45017.313415527344, 144112.379987, inf, 697.6744186046511, 1850.8526221394497, 121201.881037, 9633.771737, 0.09051, 3069.313823, 10207.289728, 0.033152, 301, 92270.78125, 2550001, 84101708, 22335436, 108987145
30000, 30000, 0, 0, greedy_9.000000, 30010250.20398903, 192304.38739013672, 171879.95421000003, inf, 173.41040462427745, 603.5262461848201, 49675.064877, 55015.387069, 2.941175, 12527.310873, 54658.869121, 0.381095, 1557, 212140.828125, 10350001, 34093256, 124280279, 168723536, 29880699.58112526, 91760.10899353027, 126609.01236000001, inf, 348.83720930232556, 985.3256203663598, 67416.721857, 26109.561805, 0.48551, 6152.933636, 26929.189947, 0.119605, 774, 135218.953125, 5130001, 46964821, 60207267, 112302089, 29657297.888925552, 44252.01788330078, 150229.027195, inf, 697.6744186046511, 1850.8526221394497, 121201.881037, 12369.615585, 0.099917, 3069.313823, 13588.081417, 0.035416, 387, 86331.234375, 2550001, 84101708, 29109328, 115761037
30000, 30000, 0, 0, opt, 29987859.492319107, 169913.67572021484, 531005.383667, inf, 173.41040462427745, 603.5262461848201, 49675.064877, 468800.674731, 2.333186, 12527.310873, 0, 0, 0, 0, 10350001, 34093256, 703859520, 748302777, 29861514.016946793, 72574.54481506348, 506882.987355, inf, 348.83720930232556, 985.3256203663598, 67416.721857, 433312.871228, 0.460634, 6152.933636, 0, 0, 0, 0, 5130001, 46964821, 648945968, 701040790, 29645288.392648697, 32242.521606445312, 509064.95343, inf, 697.6744186046511, 1850.8526221394497, 121201.881037, 384793.658362, 0.100208, 3069.313823, 0, 0, 0, 0, 2550001, 84101708, 573471766, 660123475
30000, 30000, 0, 0, plus_edge, 30023949.502328873, 206003.68572998047, 69093.410807, inf, 173.41040462427745, 603.5262461848201, 49675.064877, 6888.146313, 2.888744, 12527.310873, 0, 0, 0, 0, 10350001, 34093256, 9222296, 53665553, 29885835.48751259, 96896.01538085938, 76796.32598800001, inf, 348.83720930232556, 985.3256203663598, 67416.721857, 3226.249806, 0.420689, 6152.933636, 0, 0, 0, 0, 5130001, 46964821, 4382260, 56477082, 29660688.098093033, 47642.22705078125, 125761.976058, inf, 697.6744186046511, 1850.8526221394497, 121201.881037, 1490.690618, 0.09058, 3069.313823, 0, 0, 0, 0, 2550001, 84101708, 2064594, 88716303
30000, 30000, 0, 0, simple, 30034874.694345474, 216928.87774658203, 69083.410911, inf, 173.41040462427745, 603.5262461848201, 49675.064877, 6878.655281, 2.37988, 12527.310873, 0, 0, 0, 0, 10350001, 34093256, 9192712, 53635969, 29890181.4510746, 101241.9789428711, 76793.785894, inf, 348.83720930232556, 985.3256203663598, 67416.721857, 3223.705114, 0.425287, 6152.933636, 0, 0, 0, 0, 5130001, 46964821, 4375035, 56469857, 29661557.27314186, 48511.402099609375, 125766.135467, inf, 697.6744186046511, 1850.8526221394497, 121201.881037, 1494.849737, 0.09087, 3069.313823, 0, 0, 0, 0, 2550001, 84101708, 2062830, 88714539
30000, 30000, 0, 0, dp_1.000000, 30171218.543893814, 226351.5587158203, 44780.53907799999, inf, 173.41040462427745, 414.5959232131002, 24659.561898, 7501.819736, 2.003968, 12580.043597, 37.099309, 0.01057, 173, 0, 10350001, 17454622, 10190901, 37995524, 29987756.98508644, 110677.47100830078, 41944.550130999996, inf, 348.83720930232556, 638.3473731817387, 32044.670285, 3703.473278, 0.415449, 6158.945834, 37.038753, 0.006532, 86, 0, 5130001, 22739515, 5034376, 32903892, 29792789.254938126, 52010.99444580078, 52127.873488000005, inf, 697.6744186046511, 1037.3972063603203, 47210.134268, 1816.527062, 0.074199, 3064.054628, 37.078893, 0.004438, 43, 0, 2550001, 33588265, 2505271, 38643537
30000, 30000, 0, 0, dp_11.000000, 30140973.05564308, 196106.0704650879, 178258.50782300002, inf, 173.41040462427745, 414.5959232131002, 24659.561898, 74051.486008, 2.925086, 12580.043597, 66802.04875, 162.442484, 1903, 160422.109375, 10350001, 17454622, 164052589, 191857212, 29969027.040750504, 91947.52667236328, 107981.431823, inf, 348.83720930232556, 638.3473731817387, 32044.670285, 36480.080818, 0.47989, 6158.945834, 33278.03347, 19.221526, 946, 106244.5234375, 5130001, 22739515, 81171646, 109041162, 29788083.2764225, 47305.01593017578, 85101.341649, inf, 697.6744186046511, 1037.3972063603203, 47210.134268, 18116.627577, 0.092002, 3064.054628, 16708.00474, 2.428434, 473, 75799.5546875, 2550001, 33588265, 40426415, 76564681
30000, 30000, 0, 0, dp_13.000000, 30138328.64023781, 193461.65505981445, 204944.11076399998, inf, 173.41040462427745, 414.5959232131002, 24659.561898, 87316.025343, 2.497103, 12580.043597, 80155.685258, 230.297565, 2249, 146872.890625, 10350001, 17454622, 194872193, 222676816, 29968372.4558506, 91292.94177246094, 121086.52988, inf, 348.83720930232556, 638.3473731817387, 32044.670285, 42925.799889, 0.491472, 6158.945834, 39929.657476, 26.964924, 1118, 100007.390625, 5130001, 22739515, 96135442, 124004958, 29787225.477594376, 46447.21710205078, 91843.17872, inf, 697.6744186046511, 1037.3972063603203, 47210.134268, 21572.731095, 0.093365, 3064.054628, 19992.724491, 3.440873, 559, 72670.5, 2550001, 33588265, 48074739, 84213005
30000, 30000, 0, 0, dp_15.000000, 30136997.289224625, 192130.30404663086, 231662.101232, inf, 173.41040462427745, 414.5959232131002, 24659.561898, 100581.707753, 2.307046, 12580.043597, 93529.488355, 308.992583, 2595, 136098.3125, 10350001, 17454622, 225691797, 253496420, 29967707.024576187, 90627.51049804688, 134418.603394, inf, 348.83720930232556, 638.3473731817387, 32044.670285, 49554.077997, 0.47433, 6158.945834, 46623.880401, 36.554547, 1290, 95032.34375, 5130001, 22739515, 111392588, 139262104, 29786127.087640762, 45348.8271484375, 98503.42198300001, inf, 697.6744186046511, 1037.3972063603203, 47210.134268, 24735.249385, 0.090229, 3064.054628, 23489.375871, 4.517602, 645, 70073.546875, 2550001, 33588265, 55663083, 91801349
30000, 30000, 0, 0, dp_17.000000, 30135259.147867203, 190392.16268920898, 258427.19235399997, inf, 173.41040462427745, 414.5959232131002, 24659.561898, 113882.806995, 2.256332, 12580.043597, 106903.304152, 399.21938, 2941, 126603.1015625, 10350001, 17454622, 256452345, 284256968, 29966747.481729507, 89667.96765136719, 147443.388304, inf, 348.83720930232556, 638.3473731817387, 32044.670285, 55934.607149, 0.475742, 6158.945834, 53257.276484, 47.41281, 1462, 90586.078125, 5130001, 22739515, 126471072, 154340588, 29785078.212640762, 44299.9521484375, 105075.668279, inf, 697.6744186046511, 1037.3972063603203, 47210.134268, 28145.366105, 0.109505, 3064.054628, 26650.068112, 5.935661, 731, 67616.703125, 2550001, 33588265, 63311407, 99449673
30000, 30000, 0, 0, dp_19.000000, 30134173.79545021, 189306.8102722168, 285025.845182, inf, 173.41040462427745, 414.5959232131002, 24659.561898, 127117.377286, 2.179667, 12580.043597, 120165.985008, 500.697726, 3287, 117878.7421875, 10350001, 17454622, 287124309, 314928932, 29965951.30869484, 88871.79461669922, 160723.97645699998, inf, 348.83720930232556, 638.3473731817387, 32044.670285, 62607.875522, 0.411301, 6158.945834, 59852.005104, 60.068411, 1634, 86622.0859375, 5130001, 22739515, 141757400, 169626916, 29785078.212640762, 44299.9521484375, 111595.62328700001, inf, 697.6744186046511, 1037.3972063603203, 47210.134268, 31265.1264, 0.107332, 3064.054628, 30048.846418, 7.354241, 817, 65409.1640625, 2550001, 33588265, 70869761, 107008027
30000, 30000, 0, 0, dp_21.000000, 30133567.398477554, 188700.41329956055, 311868.58981399995, inf, 173.41040462427745, 414.5959232131002, 24659.561898, 140566.404768, 2.178736, 12580.043597, 133447.243779, 613.157036, 3633, 109791.4296875, 10350001, 17454622, 317914367, 345718990, 29965951.12394142, 88871.60986328125, 173844.23863699997, inf, 348.83720930232556, 638.3473731817387, 32044.670285, 69167.216647, 0.486843, 6158.945834, 66399.253976, 73.665052, 1806, 82891.2578125, 5130001, 22739515, 157043728, 184913244, 29784614.22576332, 43835.965270996094, 118018.91557999999, inf, 697.6744186046511, 1037.3972063603203, 47210.134268, 34445.271746, 0.091892, 3064.054628, 33290.241891, 9.121155, 903, 63567.04296875, 2550001, 33588265, 78368135, 114506401
30000, 30000, 0, 0, dp_23.000000, 30132909.218942642, 188042.23376464844, 338584.20787600003, inf, 173.41040462427745, 414.5959232131002, 24659.561898, 153856.189127, 2.289775, 12580.043597, 146748.418683, 737.704796, 3979, 102191.6796875, 10350001, 17454622, 348733971, 376538594, 29965628.38340187, 88548.86932373047, 186988.349457, inf, 348.83720930232556, 638.3473731817387, 32044.670285, 75686.554472, 0.479629, 6158.945834, 73008.723193, 88.976044, 1978, 79632.046875, 5130001, 22739515, 172154964, 200024480, 29784460.075860977, 43681.815368652344, 124763.64942299998, inf, 697.6744186046511, 1037.3972063603203, 47210.134268, 37909.96509, 0.109485, 3064.054628, 36568.322956, 11.062996, 989, 61773.3828125, 2550001, 33588265, 86016459, 122154725
30000, 30000, 0, 0, dp_25.000000, 30132182.461221695, 187315.47604370117, 365450.34407, inf, 173.41040462427745, 414.5959232131002, 24659.561898, 167270.004133, 2.329779, 12580.043597, 160063.167971, 875.236692, 4325, 95067.0234375, 10350001, 17454622, 379553575, 407358198, 29965456.008462906, 88376.49438476562, 200378.446991, inf, 348.83720930232556, 638.3473731817387, 32044.670285, 82226.970519, 0.472566, 6158.945834, 79841.550595, 105.837192, 2150, 76594.3828125, 5130001, 22739515, 187295382, 215164898, 29784460.075860977, 43681.815368652344, 131423.65968500002, inf, 697.6744186046511, 1037.3972063603203, 47210.134268, 41130.085959, 0.105929, 3064.054628, 40006.430337, 12.848564, 1075, 60000.44921875, 2550001, 33588265, 93664783, 129803049
30000, 30000, 0, 0, dp_27.000000, 30129743.16501808, 184876.1798400879, 392332.235506, inf, 173.41040462427745, 414.5959232131002, 24659.561898, 180651.174829, 2.163266, 12580.043597, 173421.509386, 1017.78253, 4671, 88285.4609375, 10350001, 17454622, 410373179, 438177802, 29964706.065164566, 87626.55108642578, 213773.691814, inf, 348.83720930232556, 638.3473731817387, 32044.670285, 88855.112054, 0.477215, 6158.945834, 86590.658492, 123.827934, 2322, 73905.9921875, 5130001, 22739515, 202581710, 230451226, 29784196.566583633, 43418.306091308594, 138041.842747, inf, 697.6744186046511, 1037.3972063603203, 47210.134268, 44301.049534, 0.093906, 3064.054628, 43451.515603, 14.994808, 1161, 58318.51171875, 2550001, 33588265, 101133167, 137271433
30000, 30000, 0, 0, dp_29.000000, 30129590.4535923, 184723.46841430664, 419010.072257, inf, 173.41040462427745, 414.5959232131002, 24659.561898, 193937.146945, 2.384001, 12580.043597, 186656.224988, 1174.710828, 5017, 81998.6875, 10350001, 17454622, 441133727, 468938350, 29964371.874490738, 87292.36041259766, 226908.651874, inf, 348.83720930232556, 638.3473731817387, 32044.670285, 95479.689986, 0.477645, 6158.945834, 93081.924494, 142.94363, 2494, 71431.671875, 5130001, 22739515, 217868038, 245737554, 29783926.569330215, 43148.308837890625, 144573.972619, inf, 697.6744186046511, 1037.3972063603203, 47210.134268, 47736.580684, 0.109876, 3064.054628, 46545.554745, 17.538418, 1247, 56669.37890625, 2550001, 33588265, 108961431, 145099697
30000, 30000, 0, 0, dp_3.000000, 30157235.49079323, 212368.50561523438, 71617.540621, inf, 173.41040462427745, 414.5959232131002, 24659.561898, 20953.97205, 2.341802, 12580.043597, 13412.967937, 8.653337, 519, 266229.125, 10350001, 17454622, 40951413, 68756036, 29979001.395792007, 101921.88171386719, 55154.075066000005, inf, 348.83720930232556, 638.3473731817387, 32044.670285, 10238.967139, 0.427341, 6158.945834, 6709.831765, 1.232702, 258, 163576.21875, 5130001, 22739515, 20291522, 48161038, 29790768.86638832, 49990.605895996094, 58591.638161, inf, 697.6744186046511, 1037.3972063603203, 47210.134268, 4943.899082, 0.091882, 3064.054628, 3373.298551, 0.15975, 129, 99682.625, 2550001, 33588265, 9893099, 46031365
30000, 30000, 0, 0, dp_31.000000, 30129066.786050797, 184199.80087280273, 445871.788398, inf, 173.41040462427745, 414.5959232131002, 24659.561898, 207323.811635, 2.194376, 12580.043597, 199962.682616, 1343.494276, 5363, 76213.046875, 10350001, 17454622, 471953331, 499757954, 29963815.204324722, 86735.69024658203, 240150.884871, inf, 348.83720930232556, 638.3473731817387, 32044.670285, 102140.028076, 0.477325, 6158.945834, 99643.189191, 163.57416, 2666, 69103.5390625, 5130001, 22739515, 233154366, 261023882, 29783871.084100723, 43092.82360839844, 150902.66842, inf, 697.6744186046511, 1037.3972063603203, 47210.134268, 50698.065301, 0.110598, 3064.054628, 49910.22741, 20.076215, 1333, 55142.9296875, 2550001, 33588265, 116099925, 152238191
30000, 30000, 0, 0, dp_33.000000, 30128621.306253433, 183754.32107543945, 472244.269938, inf, 173.41040462427745, 414.5959232131002, 24659.561898, 220265.625182, 2.333446, 12580.043597, 213213.680735, 1523.02508, 5709, 70971.4765625, 10350001, 17454622, 502152469, 529957092, 29963581.86612892, 86502.35205078125, 253527.041232, inf, 348.83720930232556, 638.3473731817387, 32044.670285, 108798.838417, 0.477465, 6158.945834, 106338.473083, 185.636148, 2838, 66838.375, 5130001, 22739515, 248440694, 276310210, 29783830.23925209, 43051.978759765625, 157458.37481799998, inf, 697.6744186046511, 1037.3972063603203, 47210.134268, 54019.159693, 0.104726, 3064.054628, 53141.929922, 22.991581, 1419, 53838.65234375, 2550001, 33588265, 123748249, 159886515
30000, 30000, 0, 0, dp_35.000000, 30128257.365823746, 183390.38064575195, 499183.66099000006, inf, 173.41040462427745, 414.5959232131002, 24659.561898, 233739.016254, 2.380665, 12580.043597, 226489.101562, 1713.557014, 6055, 66268.0625, 10350001, 17454622, 532972073, 560776696, 29963107.61100197, 86028.09692382812, 266581.691548, inf, 348.83720930232556, 638.3473731817387, 32044.670285, 115454.959934, 0.486653, 6158.945834, 112713.556541, 209.072301, 3010, 64754.69921875, 5130001, 22739515, 263727022, 291596538, 29783725.497797012, 42947.2373046875, 164127.44324999998, inf, 697.6744186046511, 1037.3972063603203, 47210.134268, 57320.062273, 0.105448, 3064.054628, 56507.160008, 25.926625, 1505, 52746.98046875, 2550001, 33588265, 131396573, 167534839
30000, 30000, 0, 0, dp_37.000000, 30127413.77994728, 182546.7947692871, 526210.2768760001, inf, 173.41040462427745, 414.5959232131002, 24659.561898, 247138.821733, 2.162846, 12580.043597, 239911.215633, 1918.471169, 6401, 61966.9296875, 10350001, 17454622, 563732585, 591537208, 29963073.866861343, 85994.35278320312, 280189.601616, inf, 348.83720930232556, 638.3473731817387, 32044.670285, 122308.048173, 0.479318, 6158.945834, 119442.687006, 234.771, 3182, 62691.5078125, 5130001, 22739515, 278953966, 306823482, 29783646.966669083, 42868.70617675781, 170763.789046, inf, 697.6744186046511, 1037.3972063603203, 47210.134268, 60691.608829, 0.104887, 3064.054628, 59769.269463, 28.616971, 1591, 51677.94921875, 2550001, 33588265, 139044897, 175183163
30000, 30000, 0, 0, dp_39.000000, 30126651.113412857, 181784.12823486328, 554083.2360179999, inf, 173.41040462427745, 414.5959232131002, 24659.561898, 261253.881144, 2.195978, 12580.043597, 253453.815609, 2133.737792, 6747, 58266.875, 10350001, 17454622, 594552189, 622356812, 29962357.56623268, 85278.05215454102, 294321.33740399993, inf, 348.83720930232556, 638.3473731817387, 32044.670285, 128713.006957, 0.485741, 6158.945834, 127143.722324, 260.506263, 3354, 60872.94921875, 5130001, 22739515, 293770832, 321640348, 29783530.281671524, 42752.02117919922, 177383.091403, inf, 697.6744186046511, 1037.3972063603203, 47210.134268, 63994.618708, 0.106169, 3064.054628, 63082.166404, 32.011226, 1677, 50604.234375, 2550001, 33588265, 146693221, 182831487
30000, 30000, 0, 0, dp_5.000000, 30153199.798044205, 208332.81286621094, 98366.440026, inf, 173.41040462427745, 414.5959232131002, 24659.561898, 34278.655115, 2.791164, 12580.043597, 26816.011384, 29.376868, 865, 225679.25, 10350001, 17454622, 71741471, 99546094, 29975420.980386734, 98341.46630859375, 68382.00329499999, inf, 348.83720930232556, 638.3473731817387, 32044.670285, 16815.271895, 0.424546, 6158.945834, 13359.110682, 3.580053, 430, 142328.703125, 5130001, 22739515, 35518466, 63387982, 29789612.64006996, 48834.37957763672, 65208.473835000004, inf, 697.6744186046511, 1037.3972063603203, 47210.134268, 8241.811454, 0.109485, 3064.054628, 6691.903035, 0.460965, 215, 89818.7109375, 2550001, 33588265, 17481443, 53619709
30000, 30000, 0, 0, dp_7.000000, 30147182.657663345, 202315.67248535156, 125077.531789, inf, 173.41040462427745, 414.5959232131002, 24659.561898, 47650.372048, 3.05586, 12580.043597, 40123.304386, 61.194, 1211, 198089.125, 10350001, 17454622, 102442927, 130247550, 29973453.475809097, 96373.96173095703, 81648.75802299999, inf, 348.83720930232556, 638.3473731817387, 32044.670285, 23445.769171, 0.464501, 6158.945834, 19991.523846, 7.384386, 602, 127744.8359375, 5130001, 22739515, 50804794, 78674310, 29789182.53020668, 48404.26971435547, 71896.385695, inf, 697.6744186046511, 1037.3972063603203, 47210.134268, 11509.319058, 0.09062, 3064.054628, 10111.846928, 0.940193, 301, 84273.1796875, 2550001, 33588265, 25129767, 61268033
30000, 30000, 0, 0, dp_9.000000, 30144315.699472427, 199448.7142944336, 151683.181999, inf, 173.41040462427745, 414.5959232131002, 24659.561898, 60764.349496, 2.180359, 12580.043597, 53572.076153, 104.970496, 1557, 176727.1875, 10350001, 17454622, 133262531, 161067154, 29970508.476968765, 93428.962890625, 94850.025493, inf, 348.83720930232556, 638.3473731817387, 32044.670285, 29956.86955, 0.471334, 6158.945834, 26676.39789, 12.6706, 774, 115565.2578125, 5130001, 22739515, 65974394, 93843910, 29788414.239984512, 47635.9794921875, 78524.109287, inf, 697.6744186046511, 1037.3972063603203, 47210.134268, 14896.812405, 0.091602, 3064.054628, 13351.21712, 1.799264, 387, 79529.4296875, 2550001, 33588265, 32778091, 68916357
30000, 30000, 0, 0, fixed_reps_1, 30171218.543893814, 226351.5587158203, 44859.119929, inf, 173.41040462427745, 414.5959232131002, 24659.561898, 7565.317209, 2.248846, 12580.043597, 51.948379, 0, 173, 402268.75, 10350001, 17454622, 10190901, 37995524, 29987756.98508644, 110677.47100830078, 41890.083244, inf, 348.83720930232556, 638.3473731817387, 32044.670285, 3635.889294, 0.421571, 6158.945834, 50.15626, 0, 86, 221487.3125, 5130001, 22739515, 5034376, 32903892, 29792789.254938126, 52010.99444580078, 52128.176075999996, inf, 697.6744186046511, 1037.3972063603203, 47210.134268, 1803.297556, 0.090289, 3064.054628, 50.599335, 0, 43, 120436.171875, 2550001, 33588265, 2505271, 38643537
30000, 30000, 0, 0, fixed_reps_11, 30149245.73749733, 204378.75231933594, 111415.709319, inf, 173.41040462427745, 414.5959232131002, 24659.561898, 73748.146653, 2.243535, 12580.043597, 425.713636, 0, 1903, 228953.265625, 10350001, 17454622, 112098181, 139902804, 29975719.037332535, 98639.52325439453, 74910.115587, inf, 348.83720930232556, 638.3473731817387, 32044.670285, 36281.332676, 0.470633, 6158.945834, 424.696159, 0, 946, 142999.09375, 5130001, 22739515, 55377276, 83246792, 29789488.66631508, 48710.405822753906, 68701.599903, inf, 697.6744186046511, 1037.3972063603203, 47210.134268, 18000.417879, 0.094577, 3064.054628, 426.898551, 0, 473, 89775.7578125, 2550001, 33588265, 27557551, 63695817
30000, 30000, 0, 0, fixed_reps_13, 30147222.617868423, 202355.6326904297, 124607.07431, inf, 173.41040462427745, 414.5959232131002, 24659.561898, 86855.81889, 2.245279, 12580.043597, 509.404646, 0, 2249, 215875.765625, 10350001, 17454622, 132479637, 160284260, 29974001.266702652, 96921.75262451172, 81472.34093299998, inf, 348.83720930232556, 638.3473731817387, 32044.670285, 42766.343189, 0.494467, 6158.945834, 501.887158, 0, 1118, 132487.328125, 5130001, 22739515, 65445856, 93315372, 29789033.030511856, 48254.77001953125, 72031.181597, inf, 697.6744186046511, 1037.3972063603203, 47210.134268, 21248.187475, 0.108944, 3064.054628, 508.696282, 0, 559, 84289.6640625, 2550001, 33588265, 32568007, 68706273
30000, 30000, 0, 0, fixed_reps_15, 30146530.178720474, 201663.19354248047, 137894.85620299997, inf, 173.41040462427745, 414.5959232131002, 24659.561898, 100073.321441, 2.260552, 12580.043597, 579.668715, 0, 2595, 205774.078125, 10350001, 17454622, 152861093, 180665716, 29973255.155496597, 96175.64141845703, 88052.807206, inf, 348.83720930232556, 638.3473731817387, 32044.670285, 49269.29268, 0.475662, 6158.945834, 579.422745, 0, 1290, 126295.8046875, 5130001, 22739515, 75514436, 103383952, 29788762.494256973, 47984.23376464844, 75271.036418, inf, 697.6744186046511, 1037.3972063603203, 47210.134268, 24415.396466, 0.093034, 3064.054628, 581.358022, 0, 645, 81409.8984375, 2550001, 33588265, 37578463, 73716729
30000, 30000, 0, 0, fixed_reps_17, 30145436.726205826, 200569.74102783203, 151102.29527300003, inf, 173.41040462427745, 414.5959232131002, 24659.561898, 113203.525605, 2.239758, 12580.043597, 656.924415, 0, 2941, 196137.921875, 10350001, 17454622, 173242549, 201047172, 29972837.784708023, 95758.27062988281, 94671.85316999999, inf, 348.83720930232556, 638.3473731817387, 32044.670285, 55805.997673, 0.473348, 6158.945834, 661.76603, 0, 1462, 122085.921875, 5130001, 22739515, 85583016, 113452532, 29788729.978387833, 47951.71789550781, 78630.450106, inf, 697.6744186046511, 1037.3972063603203, 47210.134268, 27692.674363, 0.092393, 3064.054628, 663.494454, 0, 731, 79589.828125, 2550001, 33588265, 42588919, 78727185
30000, 30000, 0, 0, fixed_reps_19, 30143430.591867447, 198563.60668945312, 164426.22262299998, inf, 173.41040462427745, 414.5959232131002, 24659.561898, 126450.005692, 2.244391, 12580.043597, 734.367045, 0, 3287, 188816.828125, 10350001, 17454622, 193624005, 221428628, 29971667.581216812, 94588.06713867188, 101271.850294, inf, 348.83720930232556, 638.3473731817387, 32044.670285, 62330.048302, 0.478527, 6158.945834, 737.707346, 0, 1634, 119056.0234375, 5130001, 22739515, 95651596, 123521112, 29788707.701532364, 47929.44104003906, 81925.745927, inf, 697.6744186046511, 1037.3972063603203, 47210.134268, 30915.69065, 0.11209, 3064.054628, 735.754291, 0, 817, 77081.546875, 2550001, 33588265, 47599375, 83737641
30000, 30000, 0, 0, fixed_reps_21, 30142559.629465103, 197692.64428710938, 177952.938985, inf, 173.41040462427745, 414.5959232131002, 24659.561898, 139899.180409, 2.195869, 12580.043597, 811.957212, 0, 3633, 181329.21875, 10350001, 17454622, 214005461, 241810084, 29970916.149209976, 93836.63513183594, 107858.288535, inf, 348.83720930232556, 638.3473731817387, 32044.670285, 68844.227308, 0.478658, 6158.945834, 809.96645, 0, 1806, 114049.296875, 5130001, 22739515, 105720176, 133589692, 29787873.091363907, 47094.83087158203, 85252.784899, inf, 697.6744186046511, 1037.3972063603203, 47210.134268, 34158.721939, 0.102993, 3064.054628, 819.771071, 0, 903, 74345.6875, 2550001, 33588265, 52609831, 88748097
30000, 30000, 0, 0, fixed_reps_23, 30140692.652109146, 195825.66693115234, 191074.78559400002, inf, 173.41040462427745, 414.5959232131002, 24659.561898, 152944.564216, 2.180981, 12580.043597, 888.434902, 0, 3979, 173706.46875, 10350001, 17454622, 234386917, 262191540, 29970577.98649025, 93498.47241210938, 114477.42321699999, inf, 348.83720930232556, 638.3473731817387, 32044.670285, 75384.681725, 0.47992, 6158.945834, 888.645453, 0, 1978, 111387.3515625, 5130001, 22739515, 115788756, 143658272, 29787625.439325333, 46847.17883300781, 88693.642551, inf, 697.6744186046511, 1037.3972063603203, 47210.134268, 37527.324885, 0.092945, 3064.054628, 892.035825, 0, 989, 73094.546875, 2550001, 33588265, 57620287, 93758553
30000, 30000, 0, 0, fixed_reps_25, 30140174.6930027, 195307.70782470703, 204221.464908, inf, 173.41040462427745, 414.5959232131002, 24659.561898, 166014.189641, 2.175551, 12580.043597, 965.494221, 0, 4325, 168330.359375, 10350001, 17454622, 254768373, 282572996, 29969659.64145851, 92580.1273803711, 121061.86590400002, inf, 348.83720930232556, 638.3473731817387, 32044.670285, 81892.238523, 0.477796, 6158.945834, 965.533466, 0, 2150, 108430.5, 5130001, 22739515, 125857336, 153726852, 29787236.226434708, 46457.96594238281, 91819.63131, inf, 697.6744186046511, 1037.3972063603203, 47210.134268, 40563.23463, 0.106149, 3064.054628, 982.101635, 0, 1075, 72178.8671875, 2550001, 33588265, 62630743, 98769009
30000, 30000, 0, 0, fixed_reps_27, 30139761.924020767, 194894.93884277344, 217508.280362, inf, 173.41040462427745, 414.5959232131002, 24659.561898, 179225.854354, 2.187442, 12580.043597, 1040.633071, 0, 4671, 156447.421875, 10350001, 17454622, 275149829, 302954452, 29968651.86423683, 91572.3501586914, 127590.72929399999, inf, 348.83720930232556, 638.3473731817387, 32044.670285, 88344.52337, 0.473187, 6158.945834, 1042.116618, 0, 2322, 105501.6796875, 5130001, 22739515, 135925916, 163795432, 29786990.20952797, 46211.94903564453, 95124.88193100001, inf, 697.6744186046511, 1037.3972063603203, 47210.134268, 43803.448348, 0.109135, 3064.054628, 1047.135552, 0, 1161, 71303.09375, 2550001, 33588265, 67641199, 103779465
30000, 30000, 0, 0, fixed_reps_29, 30138942.995126724, 194076.00994873047, 231122.594722, inf, 173.41040462427745, 414.5959232131002, 24659.561898, 192761.588712, 2.227798, 12580.043597, 1119.172717, 0, 5017, 151779.71875, 10350001, 17454622, 295531285, 323335908, 29967495.112955093, 90415.59887695312, 134322.336076, inf, 348.83720930232556, 638.3473731817387, 32044.670285, 94997.231329, 0.48029, 6158.945834, 1121.008338, 0, 2494, 99605.2578125, 5130001, 22739515, 145994496, 173864012, 29786936.447320938, 46158.18682861328, 98396.84246500001, inf, 697.6744186046511, 1037.3972063603203, 47210.134268, 46993.96446, 0.105989, 3064.054628, 1128.58312, 0, 1247, 70431.5625, 2550001, 33588265, 72651655, 108789921
30000, 30000, 0, 0, fixed_reps_3, 30162418.610300064, 217551.6251220703, 58209.982793999996, inf, 173.41040462427745, 414.5959232131002, 24659.561898, 20851.684246, 2.449297, 12580.043597, 116.243756, 0, 519, 324742.25, 10350001, 17454622, 30572357, 58376980, 29983791.798074722, 106712.28399658203, 48492.52867, inf, 348.83720930232556, 638.3473731817387, 32044.670285, 10173.136763, 0.480762, 6158.945834, 115.295026, 0, 258, 190757.203125, 5130001, 22739515, 15102956, 42972472, 29791608.657892227, 50830.397399902344, 55415.934518999995, inf, 697.6744186046511, 1037.3972063603203, 47210.134268, 5025.826318, 0.092193, 3064.054628, 115.827112, 0, 129, 106626.1171875, 2550001, 33588265, 7515727, 43653993
30000, 30000, 0, 0, fixed_reps_31, 30138564.865427017, 193697.88024902344, 244720.087448, inf, 173.41040462427745, 414.5959232131002, 24659.561898, 206277.664514, 2.19792, 12580.043597, 1200.619519, 0, 5363, 147806.703125, 10350001, 17454622, 315912741, 343717364, 29967064.381326675, 89984.86724853516, 140983.176505, inf, 348.83720930232556, 638.3473731817387, 32044.670285, 101574.443765, 0.495189, 6158.945834, 1204.621432, 0, 2666, 97526.46875, 5130001, 22739515, 156063076, 183932592, 29786459.01256752, 45680.75207519531, 101760.13769399999, inf, 697.6744186046511, 1037.3972063603203, 47210.134268, 50283.409782, 0.092513, 3064.054628, 1202.446503, 0, 1333, 69364.203125, 2550001, 33588265, 77662111, 113800377
30000, 30000, 0, 0, fixed_reps_33, 30137533.733896255, 192666.74871826172, 257682.82612599997, inf, 173.41040462427745, 414.5959232131002, 24659.561898, 219168.710443, 2.164088, 12580.043597, 1272.3461, 0, 5709, 143785.6875, 10350001, 17454622, 336294197, 364098820, 29966771.010354996, 89691.49627685547, 147444.38520400002, inf, 348.83720930232556, 638.3473731817387, 32044.670285, 107962.525207, 0.488887, 6158.945834, 1277.754991, 0, 2838, 94763.5625, 5130001, 22739515, 166131656, 194001172, 29786459.01256752, 45680.75207519531, 104969.56295499999, inf, 697.6744186046511, 1037.3972063603203, 47210.134268, 53417.896171, 0.110668, 3064.054628, 1277.36722, 0, 1419, 68632.875, 2550001, 33588265, 82672567, 118810833
30000, 30000, 0, 0, fixed_reps_35, 30136405.877817154, 191538.89263916016, 271010.684929, inf, 173.41040462427745, 414.5959232131002, 24659.561898, 232420.032366, 2.37877, 12580.043597, 1348.668298, 0, 6055, 137382.3125, 10350001, 17454622, 356675653, 384480276, 29966244.32908058, 89164.8150024414, 154265.610305, inf, 348.83720930232556, 638.3473731817387, 32044.670285, 114708.590803, 0.475993, 6158.945834, 1352.92739, 0, 3010, 91113.53125, 5130001, 22739515, 176200236, 204069752, 29786459.01256752, 45680.75207519531, 108440.71369300001, inf, 697.6744186046511, 1037.3972063603203, 47210.134268, 56783.698938, 0.111919, 3064.054628, 1382.71394, 0, 1505, 67681.578125, 2550001, 33588265, 87683023, 123821289
30000, 30000, 0, 0, fixed_reps_37, 30136240.679636, 191373.6944580078, 284436.845108, inf, 173.41040462427745, 414.5959232131002, 24659.561898, 245765.823052, 2.156634, 12580.043597, 1429.259927, 0, 6401, 133273.015625, 10350001, 17454622, 377057109, 404861732, 29965723.685892105, 88644.17181396484, 160854.62854499999, inf, 348.83720930232556, 638.3473731817387, 32044.670285, 121216.073817, 0.491571, 6158.945834, 1434.447038, 0, 3182, 88421.296875, 5130001, 22739515, 186268816, 214138332, 29786364.608392715, 45586.347900390625, 111696.24617, inf, 697.6744186046511, 1037.3972063603203, 47210.134268, 59984.720395, 0.110467, 3064.054628, 1437.226412, 0, 1591, 66843.921875, 2550001, 33588265, 92693479, 128831745
30000, 30000, 0, 0, fixed_reps_39, 30135969.437570572, 191102.45239257812, 298130.40920999995, inf, 173.41040462427745, 414.5959232131002, 24659.561898, 259384.882605, 2.196649, 12580.043597, 1503.724461, 0, 6747, 131470.828125, 10350001, 17454622, 397438565, 425243188, 29965632.399332047, 88552.88525390625, 167408.143872, inf, 348.83720930232556, 638.3473731817387, 32044.670285, 127676.572929, 0.478487, 6158.945834, 1527.476337, 0, 3354, 85872.46875, 5130001, 22739515, 196337396, 224206912, 29785755.200006485, 44976.939514160156, 115004.760305, inf, 697.6744186046511, 1037.3972063603203, 47210.134268, 63177.020377, 0.10683, 3064.054628, 1553.444202, 0, 1677, 64601.53125, 2550001, 33588265, 97703935, 133842201
30000, 30000, 0, 0, fixed_reps_41, 30135357.50666237, 190490.521484375, 312502.311102, inf, 173.41040462427745, 414.5959232131002, 24659.561898, 273672.613645, 2.133861, 12580.043597, 1587.958101, 0, 7093, 128458.0390625, 10350001, 17454622, 417820021, 445624644, 29965276.94034767, 88197.42626953125, 174012.02630300002, inf, 348.83720930232556, 638.3473731817387, 32044.670285, 134211.655895, 0.478307, 6158.945834, 1596.275982, 0, 3526, 83910.1015625, 5130001, 22739515, 206405976, 234275492, 29785755.200006485, 44976.939514160156, 118320.720009, inf, 697.6744186046511, 1037.3972063603203, 47210.134268, 66457.273202, 0.109105, 3064.054628, 1589.148806, 0, 1763, 63890.65234375, 2550001, 33588265, 102714391, 138852657
30000, 30000, 0, 0, fixed_reps_5, 30158333.248178482, 213466.26300048828, 72698.93997899999, inf, 173.41040462427745, 414.5959232131002, 24659.561898, 35222.592376, 3.21888, 12580.043597, 233.523228, 0, 865, 287528.46875, 10350001, 17454622, 50953813, 78758436, 29981365.619852066, 104286.10577392578, 55088.453039, inf, 348.83720930232556, 638.3473731817387, 32044.670285, 16691.172264, 0.43193, 6158.945834, 193.232726, 0, 430, 169020.6875, 5130001, 22739515, 25171536, 53041052, 29790412.782037735, 49634.521545410156, 58737.512931000005, inf, 697.6744186046511, 1037.3972063603203, 47210.134268, 8269.386309, 0.091111, 3064.054628, 193.846615, 0, 215, 101418.0859375, 2550001, 33588265, 12526183, 48664449
30000, 30000, 0, 0, fixed_reps_7, 30154897.610910416, 210030.62573242188, 84763.581627, inf, 173.41040462427745, 414.5959232131002, 24659.561898, 47252.110629, 2.478952, 12580.043597, 269.386551, 0, 1211, 261258.609375, 10350001, 17454622, 71335269, 99139892, 29978953.374368668, 101873.86029052734, 61706.419182000005, inf, 348.83720930232556, 638.3473731817387, 32044.670285, 23231.759307, 0.478086, 6158.945834, 270.56567, 0, 602, 156592.21875, 5130001, 22739515, 35240116, 63109632, 29790333.598810196, 49555.338317871094, 62114.850706, inf, 697.6744186046511, 1037.3972063603203, 47210.134268, 11569.230096, 0.109505, 3064.054628, 271.322209, 0, 301, 96747.5625, 2550001, 33588265, 17536639, 53674905
30000, 30000, 0, 0, fixed_reps_9, 30151807.693185806, 206940.7080078125, 98033.859024, inf, 173.41040462427745, 414.5959232131002, 24659.561898, 60443.420162, 2.215043, 12580.043597, 348.618324, 0, 1557, 240677.390625, 10350001, 17454622, 91716725, 119521348, 29977284.486795425, 100204.97271728516, 68269.809883, inf, 348.83720930232556, 638.3473731817387, 32044.670285, 29718.302771, 0.431659, 6158.945834, 347.459334, 0, 774, 151086.65625, 5130001, 22739515, 45308696, 73178212, 29789898.708673477, 49120.448181152344, 65346.034642, inf, 697.6744186046511, 1037.3972063603203, 47210.134268, 14720.042327, 0.093886, 3064.054628, 351.709533, 0, 387, 93482.2578125, 2550001, 33588265, 22547095, 58685361
30000, 30000, 0, 0, greedy_1.000000, 30171218.543893814, 226351.5587158203, 44780.116733999996, inf, 173.41040462427745, 414.5959232131002, 24659.561898, 7501.385841, 2.015379, 12580.043597, 37.099309, 0.01071, 173, 402268.75, 10350001, 17454622, 10190901, 37995524, 29987756.98508644, 110677.47100830078, 41938.637193, inf, 348.83720930232556, 638.3473731817387, 32044.670285, 3697.508173, 0.46955, 6158.945834, 37.038753, 0.004598, 86, 221487.3125, 5130001, 22739515, 5034376, 32903892, 29792789.254938126, 52010.99444580078, 52129.201457999996, inf, 697.6744186046511, 1037.3972063603203, 47210.134268, 1817.840284, 0.089899, 3064.054628, 37.078893, 0.003486, 43, 120436.171875, 2550001, 33588265, 2505271, 38643537
30000, 30000, 0, 0, greedy_11.000000, 30145982.90308571, 201115.91790771484, 177775.024488, inf, 173.41040462427745, 414.5959232131002, 24659.561898, 73730.091635, 2.823174, 12580.043597, 66802.04875, 0.455434, 1903, 197118.8125, 10350001, 17454622, 163668617, 191473240, 29973021.311014175, 95941.79693603516, 107876.24053100002, inf, 348.83720930232556, 638.3473731817387, 32044.670285, 36393.933489, 0.490359, 6158.945834, 33278.03347, 0.167094, 946, 129644.2265625, 5130001, 22739515, 80910028, 108779544, 29789229.434137344, 48451.17364501953, 84824.96366800001, inf, 697.6744186046511, 1037.3972063603203, 47210.134268, 17842.610803, 0.103975, 3064.054628, 16708.00474, 0.055254, 473, 81239.890625, 2550001, 33588265, 40006555, 76144821
30000, 30000, 0, 0, greedy_13.000000, 30143493.97260475, 198626.9874267578, 203990.477606, inf, 173.41040462427745, 414.5959232131002, 24659.561898, 86592.458636, 2.189146, 12580.043597, 80155.685258, 0.539071, 2249, 186352.546875, 10350001, 17454622, 193867755, 221672378, 29971786.112649918, 94706.59857177734, 121087.20906100002, inf, 348.83720930232556, 638.3473731817387, 32044.670285, 42953.248288, 0.483636, 6158.945834, 39929.657476, 0.203542, 1118, 121738.1015625, 5130001, 22739515, 96196356, 124065872, 29788261.974054337, 47483.71356201172, 91180.98076500001, inf, 697.6744186046511, 1037.3972063603203, 47210.134268, 20913.92934, 0.087834, 3064.054628, 19992.724491, 0.050204, 559, 79357.734375, 2550001, 33588265, 47265009, 83403275
30000, 30000, 0, 0, greedy_15.000000, 30142573.104257584, 197706.11907958984, 230448.23396999997, inf, 173.41040462427745, 414.5959232131002, 24659.561898, 99676.28749, 2.226175, 12580.043597, 93529.488355, 0.626455, 2595, 175204.8125, 10350001, 17454622, 224332807, 252137430, 29969990.08048439, 92910.56640625, 134271.47711100001, inf, 348.83720930232556, 638.3473731817387, 32044.670285, 49443.30262, 0.472376, 6158.945834, 46623.880401, 0.205595, 1290, 112855.21875, 5130001, 22739515, 111365956, 139235472, 29787951.865045547, 47173.604553222656, 97960.92563200001, inf, 697.6744186046511, 1037.3972063603203, 47210.134268, 24197.165279, 0.104726, 3064.054628, 23489.375871, 0.09086, 645, 77550, 2550001, 33588265, 54913333, 91051599
30000, 30000, 0, 0, greedy_17.000000, 30140323.40217018, 195456.4169921875, 256961.68341400003, inf, 173.41040462427745, 414.5959232131002, 24659.561898, 112815.872247, 2.208982, 12580.043597, 106903.304152, 0.692538, 2941, 169054.796875, 10350001, 17454622, 254886533, 282691156, 29969956.816202164, 92877.30212402344, 147157.983709, inf, 348.83720930232556, 638.3473731817387, 32044.670285, 55696.382298, 0.465472, 6158.945834, 53257.276484, 0.243336, 1462, 107349, 5130001, 22739515, 126127008, 153996524, 29787779.54332924, 47001.28283691406, 104392.908174, inf, 697.6744186046511, 1037.3972063603203, 47210.134268, 27468.463995, 0.092454, 3064.054628, 26650.068112, 0.094717, 731, 75974.140625, 2550001, 33588265, 62501677, 98639943
30000, 30000, 0, 0, greedy_19.000000, 30138745.3961277, 193878.41094970703, 283492.002286, inf, 173.41040462427745, 414.5959232131002, 24659.561898, 126083.417046, 2.210396, 12580.043597, 120165.985008, 0.784341, 3287, 154169.796875, 10350001, 17454622, 285706137, 313510760, 29968454.38279152, 91374.8687133789, 160235.6477, inf, 348.83720930232556, 638.3473731817387, 32044.670285, 62179.285907, 0.469381, 6158.945834, 59852.005104, 0.271189, 1634, 101752.0703125, 5130001, 22739515, 141179880, 169049396, 29787589.666009903, 46811.405517578125, 110921.469561, inf, 697.6744186046511, 1037.3972063603203, 47210.134268, 30598.220005, 0.108494, 3064.054628, 30048.846418, 0.105748, 817, 74566.828125, 2550001, 33588265, 69910081, 106048347
30000, 30000, 0, 0, greedy_21.000000, 30137542.853372574, 192675.86819458008, 310106.85245700006, inf, 173.41040462427745, 414.5959232131002, 24659.561898, 139416.953203, 2.209884, 12580.043597, 133447.243779, 0.840096, 3633, 142240.046875, 10350001, 17454622, 316525741, 344330364, 29967573.50626564, 90493.9921875, 172998.32958800002, inf, 348.83720930232556, 638.3473731817387, 32044.670285, 68394.694228, 0.474981, 6158.945834, 66399.253976, 0.290284, 1806, 97283.5234375, 5130001, 22739515, 155842676, 183712192, 29786753.333307266, 45975.072814941406, 117545.34750599999, inf, 697.6744186046511, 1037.3972063603203, 47210.134268, 33980.729317, 0.10629, 3064.054628, 33290.241891, 0.081112, 903, 73318.7265625, 2550001, 33588265, 77558405, 113696671
30000, 30000, 0, 0, greedy_23.000000, 30135873.913614273, 191006.9284362793, 335817.183332, inf, 173.41040462427745, 414.5959232131002, 24659.561898, 151825.789444, 2.358774, 12580.043597, 146748.418683, 1.010936, 3979, 137047.671875, 10350001, 17454622, 345868945, 373673568, 29967536.02805519, 90456.51397705078, 185974.34199900003, inf, 348.83720930232556, 638.3473731817387, 32044.670285, 74761.245177, 0.473388, 6158.945834, 73008.723193, 0.284122, 1978, 93562.453125, 5130001, 22739515, 171012276, 198881792, 29786461.63543129, 45683.374938964844, 124035.64658599999, inf, 697.6744186046511, 1037.3972063603203, 47210.134268, 37192.936862, 0.114555, 3064.054628, 36568.322956, 0.083317, 989, 72597.59375, 2550001, 33588265, 85206729, 121344995
30000, 30000, 0, 0, greedy_25.000000, 30134903.432779312, 190036.44760131836, 362443.25353399996, inf, 173.41040462427745, 414.5959232131002, 24659.561898, 165137.289905, 2.173366, 12580.043597, 160063.167971, 1.016797, 4325, 130271.5546875, 10350001, 17454622, 376688549, 404493172, 29967095.032327652, 90015.51824951172, 198793.019373, inf, 348.83720930232556, 638.3473731817387, 32044.670285, 80747.072226, 0.476493, 6158.945834, 79841.550595, 0.30394, 2150, 92043.8515625, 5130001, 22739515, 185364780, 213234296, 29786217.50701332, 45439.246520996094, 130788.406872, inf, 697.6744186046511, 1037.3972063603203, 47210.134268, 40507.584418, 0.114625, 3064.054628, 40006.430337, 0.088596, 1075, 71562.1484375, 2550001, 33588265, 92855053, 128993319
30000, 30000, 0, 0, greedy_27.000000, 30133978.979959488, 189111.99478149414, 389157.878953, inf, 173.41040462427745, 414.5959232131002, 24659.561898, 178493.303812, 2.373782, 12580.043597, 173421.509386, 1.086478, 4671, 119459.296875, 10350001, 17454622, 407508153, 435312776, 29966181.65708351, 89102.1430053711, 212167.87983900003, inf, 348.83720930232556, 638.3473731817387, 32044.670285, 87372.795389, 0.475612, 6158.945834, 86590.658492, 0.334227, 2322, 88412.9609375, 5130001, 22739515, 200651108, 228520624, 29785886.54345131, 45108.282958984375, 137502.22573600002, inf, 697.6744186046511, 1037.3972063603203, 47210.134268, 43776.287619, 0.10659, 3064.054628, 43451.515603, 0.127028, 1161, 70417.8828125, 2550001, 33588265, 100413407, 136551673
30000, 30000, 0, 0, greedy_29.000000, 30133772.337747574, 188905.35256958008, 415369.628081, inf, 173.41040462427745, 414.5959232131002, 24659.561898, 191470.336327, 2.182503, 12580.043597, 186656.224988, 1.278768, 5017, 115229.9453125, 10350001, 17454622, 437796253, 465600876, 29965918.46457863, 88838.95050048828, 225260.391476, inf, 348.83720930232556, 638.3473731817387, 32044.670285, 93973.993025, 0.477876, 6158.945834, 93081.924494, 0.379962, 2494, 86873.6875, 5130001, 22739515, 215937436, 243806952, 29785886.54345131, 45108.282958984375, 143821.06154400003, inf, 697.6744186046511, 1037.3972063603203, 47210.134268, 47001.083614, 0.103995, 3064.054628, 46545.554745, 0.130294, 1247, 68373.9921875, 2550001, 33588265, 108061731, 144199997
30000, 30000, 0, 0, greedy_3.000000, 30161043.789133072, 216176.80395507812, 71373.18933, inf, 173.41040462427745, 414.5959232131002, 24659.561898, 20718.245955, 2.269976, 12580.043597, 13412.967937, 0.099967, 519, 295952.75, 10350001, 17454622, 40862811, 68667434, 29981973.55491066, 104894.04083251953, 55056.744144000004, inf, 348.83720930232556, 638.3473731817387, 32044.670285, 10142.82688, 0.428844, 6158.945834, 6709.831765, 0.040536, 258, 178280.578125, 5130001, 22739515, 20144082, 48013598, 29791071.660943985, 50293.400451660156, 58598.099529, inf, 697.6744186046511, 1037.3972063603203, 47210.134268, 4950.502556, 0.092694, 3064.054628, 3373.298551, 0.016832, 129, 105851.4453125, 2550001, 33588265, 9891007, 46029273
30000, 30000, 0, 0, greedy_31.000000, 30132159.13984108, 187292.15466308594, 442059.428032, inf, 173.41040462427745, 414.5959232131002, 24659.561898, 204853.663882, 2.171653, 12580.043597, 199962.682616, 1.304386, 5363, 107220.1015625, 10350001, 17454622, 468615857, 496420480, 29965546.468912125, 88466.95483398438, 238115.199528, inf, 348.83720930232556, 638.3473731817387, 32044.670285, 100267.492467, 0.493104, 6158.945834, 99643.189191, 0.408647, 2666, 85763.09375, 5130001, 22739515, 230629924, 258499440, 29785252.873529434, 44474.613037109375, 150566.64989, inf, 697.6744186046511, 1037.3972063603203, 47210.134268, 50381.992622, 0.107211, 3064.054628, 49910.22741, 0.133751, 1333, 67359.140625, 2550001, 33588265, 115710055, 151848321
30000, 30000, 0, 0, greedy_33.000000, 30131392.013620377, 186525.0284423828, 468304.78826000006, inf, 173.41040462427745, 414.5959232131002, 24659.561898, 217848.052942, 2.156925, 12580.043597, 213213.680735, 1.292163, 5709, 102701.5234375, 10350001, 17454622, 498815373, 526619996, 29964699.787576675, 87620.27349853516, 251537.062206, inf, 348.83720930232556, 638.3473731817387, 32044.670285, 106994.082985, 0.481052, 6158.945834, 106338.473083, 0.408967, 2838, 82185.53125, 5130001, 22739515, 245916252, 273785768, 29784945.04015541, 44166.77966308594, 157088.06869400002, inf, 697.6744186046511, 1037.3972063603203, 47210.134268, 53671.707992, 0.105909, 3064.054628, 53141.929922, 0.135975, 1419, 65500.4296875, 2550001, 33588265, 123358379, 159496645
30000, 30000, 0, 0, greedy_35.000000, 30130928.058786392, 186061.07360839844, 494996.8755920001, inf, 173.41040462427745, 414.5959232131002, 24659.561898, 231264.446715, 2.197532, 12580.043597, 226489.101562, 1.524288, 6055, 98749.65625, 10350001, 17454622, 529634977, 557439600, 29964433.341897964, 87353.82781982422, 264523.669065, inf, 348.83720930232556, 638.3473731817387, 32044.670285, 113605.606566, 0.465573, 6158.945834, 112713.556541, 0.424266, 3010, 79957.4375, 5130001, 22739515, 261202580, 289072096, 29784660.940179825, 43882.6796875, 163892.39203800002, inf, 697.6744186046511, 1037.3972063603203, 47210.134268, 57110.789008, 0.107511, 3064.054628, 56507.160008, 0.146615, 1505, 61537.3515625, 2550001, 33588265, 131006703, 167144969
30000, 30000, 0, 0, greedy_37.000000, 30130097.69013405, 185230.7049560547, 521863.06830100005, inf, 173.41040462427745, 414.5959232131002, 24659.561898, 244708.483476, 2.266861, 12580.043597, 239911.215633, 1.496836, 6401, 89921.1015625, 10350001, 17454622, 560454581, 588259204, 29963598.445352554, 86518.93127441406, 278060.349442, inf, 348.83720930232556, 638.3473731817387, 32044.670285, 120413.126623, 0.470933, 6158.945834, 119442.687006, 0.448761, 3182, 74951.796875, 5130001, 22739515, 276488908, 304358424, 29784603.62810707, 43825.367614746094, 170320.32934599998, inf, 697.6744186046511, 1037.3972063603203, 47210.134268, 60276.613464, 0.105177, 3064.054628, 59769.269463, 0.152346, 1591, 60484.81640625, 2550001, 33588265, 138655027, 174793293
30000, 30000, 0, 0, greedy_39.000000, 30129888.306619644, 185021.3214416504, 549445.458231, inf, 173.41040462427745, 414.5959232131002, 24659.561898, 258748.098832, 2.193864, 12580.043597, 253453.815609, 1.744431, 6747, 85693.921875, 10350001, 17454622, 591274185, 619078808, 29963420.41190529, 86340.89782714844, 292365.77207999997, inf, 348.83720930232556, 638.3473731817387, 32044.670285, 127017.51227, 0.46969, 6158.945834, 127143.722324, 0.451677, 3354, 72337.5625, 5130001, 22739515, 291775236, 319644752, 29784415.7015934, 43637.44110107422, 176600.238701, inf, 697.6744186046511, 1037.3972063603203, 47210.134268, 63243.613855, 0.107161, 3064.054628, 63082.166404, 0.162385, 1677, 58611.234375, 2550001, 33588265, 145703551, 181841817
30000, 30000, 0, 0, greedy_5.000000, 30154946.74201393, 210079.7568359375, 98243.80478699999, inf, 173.41040462427745, 414.5959232131002, 24659.561898, 34185.030266, 2.82069, 12580.043597, 26816.011384, 0.336952, 865, 252012.5625, 10350001, 17454622, 71564231, 99368854, 29978209.13578224, 101129.62170410156, 68283.169835, inf, 348.83720930232556, 638.3473731817387, 32044.670285, 16719.685834, 0.664576, 6158.945834, 13359.110682, 0.092624, 430, 160991.296875, 5130001, 22739515, 35372046, 63241562, 29790069.43633461, 49291.175842285156, 65176.45147300001, inf, 697.6744186046511, 1037.3972063603203, 47210.134268, 8210.233266, 0.091371, 3064.054628, 6691.903035, 0.034905, 215, 96780.2890625, 2550001, 33588265, 17479351, 53617617
30000, 30000, 0, 0, greedy_7.000000, 30151551.07404518, 206684.0888671875, 124699.679183, inf, 173.41040462427745, 414.5959232131002, 24659.561898, 47333.884183, 2.601668, 12580.043597, 40123.304386, 0.283451, 1211, 232764.6875, 10350001, 17454622, 102177139, 129981762, 29976759.38376808, 99679.8696899414, 81549.726306, inf, 348.83720930232556, 638.3473731817387, 32044.670285, 23353.982339, 0.480911, 6158.945834, 19991.523846, 0.123091, 602, 148416.0625, 5130001, 22739515, 50658374, 78527890, 29789948.874811172, 49170.614318847656, 71887.659199, inf, 697.6744186046511, 1037.3972063603203, 47210.134268, 11501.493462, 0.09609, 3064.054628, 10111.846928, 0.033823, 301, 92118.3671875, 2550001, 33588265, 25037705, 61175971
30000, 30000, 0, 0, greedy_9.000000, 30147926.51166725, 203059.5264892578, 151478.74134900002, inf, 173.41040462427745, 414.5959232131002, 24659.561898, 60664.042914, 2.443613, 12580.043597, 53572.076153, 0.573174, 1557, 214227.15625, 10350001, 17454622, 132849013, 160653636, 29974826.287454605, 97746.77337646484, 94884.104404, inf, 348.83720930232556, 638.3473731817387, 32044.670285, 30003.475332, 0.479178, 6158.945834, 26676.39789, 0.135885, 774, 136803.53125, 5130001, 22739515, 65944702, 93814218, 29789376.495904922, 48598.235412597656, 78485.739992, inf, 697.6744186046511, 1037.3972063603203, 47210.134268, 14860.187091, 0.107962, 3064.054628, 13351.21712, 0.038923, 387, 84545.59375, 2550001, 33588265, 32628141, 68766407
30000, 30000, 0, 0, opt, 30121907.976602554, 177040.99142456055, 618758.4683540001, inf, 173.41040462427745, 414.5959232131002, 24659.561898, 581516.739489, 2.12337, 12580.043597, 0, 0, 0, 0, 10350001, 17454622, 872434288, 900238911, 29955561.68244362, 78482.16836547852, 615037.006392, inf, 348.83720930232556, 638.3473731817387, 32044.670285, 576832.925281, 0.464992, 6158.945834, 0, 0, 0, 0, 5130001, 22739515, 866471944, 894341460, 29774954.5574131, 34176.29692077637, 628474.912203, inf, 697.6744186046511, 1037.3972063603203, 47210.134268, 578200.618842, 0.104465, 3064.054628, 0, 0, 0, 0, 2550001, 33588265, 868030560, 904168826
30000, 30000, 0, 0, plus_edge, 30161240.683237076, 216373.69805908203, 44883.854454, inf, 173.41040462427745, 414.5959232131002, 24659.561898, 7641.989925, 2.259034, 12580.043597, 0, 0, 0, 0, 10350001, 17454622, 10190312, 37994935, 29979906.769327164, 102827.25524902344, 41934.371117, inf, 348.83720930232556, 638.3473731817387, 32044.670285, 3730.326364, 0.428634, 6158.945834, 0, 0, 0, 0, 5130001, 22739515, 5011515, 32881031, 29790823.29833412, 50045.037841796875, 52085.561132, inf, 697.6744186046511, 1037.3972063603203, 47210.134268, 1811.282958, 0.089278, 3064.054628, 0, 0, 0, 0, 2550001, 33588265, 2476992, 38615258
30000, 30000, 0, 0, simple, 30171218.543893814, 226351.5587158203, 44825.049299, inf, 173.41040462427745, 414.5959232131002, 24659.561898, 7583.232459, 2.211345, 12580.043597, 0, 0, 0, 0, 10350001, 17454622, 10160728, 37965351, 29987756.98508644, 110677.47100830078, 41908.45108, inf, 348.83720930232556, 638.3473731817387, 32044.670285, 3704.411888, 0.423073, 6158.945834, 0, 0, 0, 0, 5130001, 22739515, 5004290, 32873806, 29792789.254938126, 52010.99444580078, 52078.551918, inf, 697.6744186046511, 1037.3972063603203, 47210.134268, 1804.272322, 0.0907, 3064.054628, 0, 0, 0, 0, 2550001, 33588265, 2475228, 38613494
30000, 30000, 0, 0, dp_1.000000, 30026898.775543213, 231987.4887084961, 65995.22818099998, inf, 173.41040462427745, 585.4749362117956, 46561.038056, 6875.922742, 1.966607, 12517.371404, 38.919193, 0.010179, 173, 0, 10350001, 32236704, 9294437, 51881142, 29848269.526489258, 112995.77893066406, 80428.65501100001, inf, 348.83720930232556, 1020.676130903855, 71053.404572, 3171.917224, 0.414578, 6165.821031, 37.090643, 0.006963, 86, 0, 5130001, 50014088, 4439461, 59583550, 29643058.505477905, 56367.83508300781, 158607.348081, inf, 697.6744186046511, 2106.5470669224424, 154038.657135, 1468.912771, 0.074269, 3063.547603, 36.152465, 0.003838, 43, 0, 2550001, 105857238, 2005975, 110413214
30000, 30000, 0, 0, dp_11.000000, 29992838.848327637, 197927.56149291992, 195083.32081799998, inf, 173.41040462427745, 585.4749362117956, 46561.038056, 68006.845638, 2.115877, 12517.371404, 67832.413991, 163.535852, 1903, 125730.5078125, 10350001, 32236704, 154267973, 196854678, 29830037.78186035, 94764.03430175781, 142854.19074, inf, 348.83720930232556, 1020.676130903855, 71053.404572, 32140.581058, 0.464391, 6165.821031, 33474.878266, 19.041422, 946, 101616.8671875, 5130001, 50014088, 74660890, 129804979, 29634244.6492157, 47553.97882080078, 189000.899115, inf, 697.6744186046511, 2106.5470669224424, 154038.657135, 14573.792986, 0.091271, 3063.547603, 17322.428965, 2.381155, 473, 63923.60546875, 2550001, 105857238, 34970281, 143377520
30000, 30000, 0, 0, dp_13.000000, 29991489.451965332, 196578.16513061523, 219840.374233, inf, 173.41040462427745, 585.4749362117956, 46561.038056, 79646.217245, 1.918347, 12517.371404, 80884.906548, 228.922633, 2249, 111326.6640625, 10350001, 32236704, 183284225, 225870930, 29829193.64819336, 93919.90063476562, 155326.78802799998, inf, 348.83720930232556, 1020.676130903855, 71053.404572, 37968.93725, 0.459462, 6165.821031, 40111.223194, 26.942519, 1118, 93232.8046875, 5130001, 50014088, 88743390, 143887479, 29633818.81034851, 47128.13995361328, 195129.247757, inf, 697.6744186046511, 2106.5470669224424, 154038.657135, 17109.359195, 0.090801, 3063.547603, 20914.154575, 3.438448, 559, 60250.31640625, 2550001, 105857238, 41477809, 149885048
30000, 30000, 0, 0, dp_15.000000, 29989819.49066162, 194908.2038269043, 245274.264969, inf, 173.41040462427745, 585.4749362117956, 46561.038056, 91699.923034, 2.160382, 12517.371404, 94184.104959, 309.667134, 2595, 100245.3203125, 10350001, 32236704, 212114760, 254701465, 29827516.55871582, 92242.81115722656, 167877.14193800002, inf, 348.83720930232556, 1020.676130903855, 71053.404572, 43786.353624, 0.455504, 6165.821031, 46834.589494, 36.517713, 1290, 86597.890625, 5130001, 50014088, 102825890, 157969979, 29633133.89982605, 46443.229431152344, 200993.945825, inf, 697.6744186046511, 2106.5470669224424, 154038.657135, 19739.704365, 0.089258, 3063.547603, 24147.162051, 4.785413, 645, 57050.2578125, 2550001, 105857238, 48103765, 156511004
30000, 30000, 0, 0, dp_17.000000, 29988881.53857422, 193970.25173950195, 270936.13510799996, inf, 173.41040462427745, 585.4749362117956, 46561.038056, 103855.106277, 2.123983, 12517.371404, 107602.186573, 398.308815, 2941, 91517.34375, 10350001, 32236704, 241131012, 283717717, 29827188.579711914, 91914.83215332031, 180428.694486, inf, 348.83720930232556, 1020.676130903855, 71053.404572, 49602.935043, 0.451577, 6165.821031, 53558.682804, 47.399459, 1462, 80585.0078125, 5130001, 50014088, 116879283, 172023372, 29632959.607711792, 46268.93731689453, 207060.22511600002, inf, 697.6744186046511, 2106.5470669224424, 154038.657135, 22369.277436, 0.102011, 3063.547603, 27582.819315, 5.821616, 731, 54221.609375, 2550001, 105857238, 54729721, 163136960
30000, 30000, 0, 0, dp_19.000000, 29987089.77001953, 192178.48318481445, 296543.254973, inf, 173.41040462427745, 585.4749362117956, 46561.038056, 115979.251764, 2.128412, 12517.371404, 120982.716432, 500.748905, 3287, 84031.5390625, 10350001, 32236704, 270028340, 312615045, 29826583.094909668, 91309.34735107422, 192997.126632, inf, 348.83720930232556, 1020.676130903855, 71053.404572, 55496.691352, 0.467316, 6165.821031, 60220.989994, 59.752367, 1634, 75045.9375, 5130001, 50014088, 130961783, 186105872, 29632547.84135437, 45857.170959472656, 213200.657377, inf, 697.6744186046511, 2106.5470669224424, 154038.657135, 25005.481245, 0.086572, 3063.547603, 31085.48666, 7.398162, 817, 51741.9765625, 2550001, 105857238, 61303360, 169710599
30000, 30000, 0, 0, dp_21.000000, 29986196.034362793, 191284.74752807617, 322249.36358400004, inf, 173.41040462427745, 585.4749362117956, 46561.038056, 128184.863923, 2.100901, 12517.371404, 134371.784442, 612.204858, 3633, 77353.5390625, 10350001, 32236704, 299044592, 341631297, 29825383.703308105, 90109.95574951172, 206165.756299, inf, 348.83720930232556, 1020.676130903855, 71053.404572, 61337.455323, 0.45873, 6165.821031, 67534.835463, 73.78118, 1806, 69742.578125, 5130001, 50014088, 145044283, 200188372, 29632107.174057007, 45416.503662109375, 219303.53113800002, inf, 697.6744186046511, 2106.5470669224424, 154038.657135, 27637.639132, 0.106019, 3063.547603, 34554.61682, 8.964429, 903, 49301.98828125, 2550001, 105857238, 67929316, 176336555
30000, 30000, 0, 0, dp_23.000000, 29985505.285217285, 190593.99838256836, 347906.721883, inf, 173.41040462427745, 585.4749362117956, 46561.038056, 140262.018297, 2.239591, 12517.371404, 147828.234214, 735.820321, 3979, 71247.7265625, 10350001, 32236704, 327904858, 370491563, 29825202.455993652, 89928.7084350586, 218427.074476, inf, 348.83720930232556, 1020.676130903855, 71053.404572, 67120.445951, 0.460253, 6165.821031, 73997.743455, 89.199214, 1978, 65266.234375, 5130001, 50014088, 159126783, 214270872, 29631708.610946655, 45017.94055175781, 225108.105909, inf, 697.6744186046511, 2106.5470669224424, 154038.657135, 30277.436368, 0.089287, 3063.547603, 37717.418378, 10.957138, 989, 47219.7578125, 2550001, 105857238, 74537833, 182945072
30000, 30000, 0, 0, dp_25.000000, 29985477.954101562, 190566.6672668457, 373797.30754199997, inf, 173.41040462427745, 585.4749362117956, 46561.038056, 152555.32219, 2.268534, 12517.371404, 161287.090336, 874.217022, 4325, 65772.359375, 10350001, 32236704, 356921110, 399507815, 29824722.365966797, 89448.61840820312, 230998.029865, inf, 348.83720930232556, 1020.676130903855, 71053.404572, 72755.273125, 0.461926, 6165.821031, 80917.417061, 105.65215, 2150, 61363.6875, 5130001, 50014088, 172981603, 228125692, 29631174.95426941, 44484.28387451172, 230949.945557, inf, 697.6744186046511, 2106.5470669224424, 154038.657135, 32908.066059, 0.091441, 3063.547603, 40926.293918, 13.289401, 1075, 45344.75, 2550001, 105857238, 81163789, 189571028
30000, 30000, 0, 0, dp_27.000000, 29985171.736328125, 190260.4494934082, 400497.33359399997, inf, 173.41040462427745, 585.4749362117956, 46561.038056, 164887.75345, 2.10075, 12517.371404, 175511.512, 1017.557934, 4671, 60807.4609375, 10350001, 32236704, 385937362, 428524067, 29824621.33380127, 89347.58624267578, 243262.74448000002, inf, 348.83720930232556, 1020.676130903855, 71053.404572, 78669.836189, 0.459632, 6165.821031, 87249.38184, 123.841216, 2322, 57545.046875, 5130001, 50014088, 187064103, 242208192, 29631174.95426941, 44484.28387451172, 236726.575279, inf, 697.6744186046511, 2106.5470669224424, 154038.657135, 35299.497455, 0.093555, 3063.547603, 44309.696466, 15.083065, 1161, 43671.73046875, 2550001, 105857238, 87444610, 195851849
30000, 30000, 0, 0, dp_29.000000, 29984452.83605957, 189541.54922485352, 426313.18647, inf, 173.41040462427745, 585.4749362117956, 46561.038056, 177072.830588, 2.169739, 12517.371404, 188986.26082, 1173.515863, 5017, 56510.74609375, 10350001, 32236704, 414760566, 457347271, 29824563.739196777, 89289.9916381836, 256454.65297100003, inf, 348.83720930232556, 1020.676130903855, 71053.404572, 84515.341508, 0.458099, 6165.821031, 94576.624488, 143.003273, 2494, 54261.78515625, 5130001, 50014088, 201146603, 256290692, 29631132.60734558, 44441.936950683594, 242702.396893, inf, 697.6744186046511, 2106.5470669224424, 154038.657135, 37948.06665, 0.09088, 3063.547603, 47634.67409, 17.360535, 1247, 42325.5, 2550001, 105857238, 94070566, 202477805
30000, 30000, 0, 0, dp_3.000000, 30009172.52481079, 214261.23797607422, 91888.81384599999, inf, 173.41040462427745, 585.4749362117956, 46561.038056, 19197.085269, 2.333074, 12517.371404, 13602.433988, 8.552055, 519, 254922.140625, 10350001, 32236704, 38310689, 80897394, 29841496.231323242, 106222.48376464844, 92961.22047800002, inf, 348.83720930232556, 1020.676130903855, 71053.404572, 9002.682681, 0.455484, 6165.821031, 6737.829133, 1.027577, 258, 161358.609375, 5130001, 50014088, 18521961, 73666050, 29638690.112960815, 51999.44256591797, 164693.24566999997, inf, 697.6744186046511, 2106.5470669224424, 154038.657135, 4101.683112, 0.091371, 3063.547603, 3489.110627, 0.155822, 129, 92654.4453125, 2550001, 105857238, 8614492, 117021731
30000, 30000, 0, 0, dp_31.000000, 29983835.695495605, 188924.40866088867, 451965.42973, inf, 173.41040462427745, 585.4749362117956, 46561.038056, 189359.115951, 2.112361, 12517.371404, 202184.020572, 1341.771386, 5363, 52674.05859375, 10350001, 32236704, 443776818, 486363523, 29823444.192260742, 88170.44470214844, 268856.855116, inf, 348.83720930232556, 1020.676130903855, 71053.404572, 90393.600397, 0.461175, 6165.821031, 101079.836731, 163.73121, 2666, 50976.35546875, 5130001, 50014088, 215229103, 270373192, 29631132.60734558, 44441.936950683594, 248846.89837400004, inf, 697.6744186046511, 2106.5470669224424, 154038.657135, 40637.13164, 0.11227, 3063.547603, 51087.458998, 19.990728, 1333, 41203.28515625, 2550001, 105857238, 100644205, 209051444
30000, 30000, 0, 0, dp_33.000000, 29983116.00769043, 188204.7208557129, 478023.224736, inf, 173.41040462427745, 585.4749362117956, 46561.038056, 201702.878337, 2.169358, 12517.371404, 215718.366434, 1521.401147, 5709, 49009.078125, 10350001, 32236704, 472793070, 515379775, 29823396.743652344, 88122.99609375, 280719.789256, inf, 348.83720930232556, 1020.676130903855, 71053.404572, 96071.954717, 0.463529, 6165.821031, 107241.85413, 186.291277, 2838, 48547.80859375, 5130001, 50014088, 229220531, 284364620, 29631070.75090027, 44380.080505371094, 255011.29356800002, inf, 697.6744186046511, 2106.5470669224424, 154038.657135, 43214.81328, 0.107752, 3063.547603, 54671.574161, 22.593637, 1419, 40262.83203125, 2550001, 105857238, 107270161, 215677400
30000, 30000, 0, 0, dp_35.000000, 29982564.4654541, 187653.17861938477, 504175.2449280001, inf, 173.41040462427745, 585.4749362117956, 46561.038056, 213905.270974, 2.115607, 12517.371404, 229474.436538, 1715.012349, 6055, 45579.046875, 10350001, 32236704, 501616274, 544202979, 29823173.00982666, 87899.2622680664, 293573.65834599995, inf, 348.83720930232556, 1020.676130903855, 71053.404572, 101971.178077, 0.464321, 6165.821031, 114173.298469, 209.491876, 3010, 46529.25, 5130001, 50014088, 243215710, 298359799, 29629696.783737183, 43006.113342285156, 261348.61611099998, inf, 697.6744186046511, 2106.5470669224424, 154038.657135, 45964.814466, 0.105788, 3063.547603, 58255.946748, 25.544371, 1505, 39296.68359375, 2550001, 105857238, 113913556, 222320795
30000, 30000, 0, 0, dp_37.000000, 29982374.83355713, 187463.5467224121, 528658.606603, inf, 173.41040462427745, 585.4749362117956, 46561.038056, 226159.637685, 2.115467, 12517.371404, 241502.253098, 1916.190893, 6401, 42452.140625, 10350001, 32236704, 530825574, 573412279, 29822640.74368286, 87366.99612426758, 306733.772161, inf, 348.83720930232556, 1020.676130903855, 71053.404572, 107936.46598, 0.459853, 6165.821031, 121343.280459, 234.340266, 3182, 44608.703125, 5130001, 50014088, 257298210, 312442299, 29629696.783737183, 43006.113342285156, 267166.44700700004, inf, 697.6744186046511, 2106.5470669224424, 154038.657135, 48581.987574, 0.104125, 3063.547603, 61453.707852, 28.442718, 1591, 38345.66015625, 2550001, 105857238, 120522073, 228929312
30000, 30000, 0, 0, dp_39.000000, 29982215.20828247, 187303.9214477539, 553769.724726, inf, 173.41040462427745, 585.4749362117956, 46561.038056, 237734.505692, 2.117741, 12517.371404, 254827.444233, 2127.2476, 6747, 39535.67578125, 10350001, 32236704, 559065358, 601652063, 29822453.34121704, 87179.59365844727, 319260.260027, inf, 348.83720930232556, 1020.676130903855, 71053.404572, 113726.907609, 0.411071, 6165.821031, 128052.787555, 260.928189, 3354, 42764.98046875, 5130001, 50014088, 271331423, 326475512, 29629186.19544983, 42495.52505493164, 273374.617744, inf, 697.6744186046511, 2106.5470669224424, 154038.657135, 51299.432505, 0.105788, 3063.547603, 64941.209863, 31.66485, 1677, 37453.18359375, 2550001, 105857238, 127148029, 235555268
30000, 30000, 0, 0, dp_5.000000, 30003525.60385132, 208614.31701660156, 117466.849696, inf, 173.41040462427745, 585.4749362117956, 46561.038056, 31287.536269, 2.10639, 12517.371404, 27068.788341, 30.009236, 865, 201520.890625, 10350001, 32236704, 67326941, 109913646, 29835845.62841797, 100571.880859375, 105416.677834, inf, 348.83720930232556, 1020.676130903855, 71053.404572, 14775.27228, 0.442621, 6165.821031, 13418.358943, 3.378387, 430, 140321.953125, 5130001, 50014088, 32558925, 87703014, 29635932.968551636, 49242.29815673828, 170761.270514, inf, 697.6744186046511, 2106.5470669224424, 154038.657135, 6769.712885, 0.089898, 3063.547603, 6888.781821, 0.481172, 215, 81522.9921875, 2550001, 105857238, 15240448, 123647687
30000, 30000, 0, 0, dp_7.000000, 29998732.389923096, 203821.1030883789, 143421.991781, inf, 173.41040462427745, 585.4749362117956, 46561.038056, 43575.276788, 2.311344, 12517.371404, 40701.066173, 64.928016, 1211, 166472.546875, 10350001, 32236704, 96283731, 138870436, 29834001.408325195, 98727.66076660156, 117900.36611199999, inf, 348.83720930232556, 1020.676130903855, 71053.404572, 20550.889629, 0.44265, 6165.821031, 20122.460901, 7.347329, 602, 123464.8125, 5130001, 50014088, 46554104, 101698193, 29635315.382980347, 48624.71258544922, 176926.59389399996, inf, 697.6744186046511, 2106.5470669224424, 154038.657135, 9380.377758, 0.102532, 3063.547603, 10442.96211, 0.946756, 301, 73402.984375, 2550001, 105857238, 21866404, 130273643
30000, 30000, 0, 0, dp_9.000000, 29994696.510864258, 199785.22402954102, 169205.121716, inf, 173.41040462427745, 585.4749362117956, 46561.038056, 55838.848348, 2.134603, 12517.371404, 54180.611797, 105.117508, 1557, 143004.921875, 10350001, 32236704, 125251721, 167838426, 29831618.766601562, 96345.01904296875, 130429.533089, inf, 348.83720930232556, 1020.676130903855, 71053.404572, 26382.533024, 0.458971, 6165.821031, 26815.03518, 12.280311, 774, 111017.546875, 5130001, 50014088, 60636604, 115780693, 29634832.22355652, 48141.553161621094, 182669.36443000002, inf, 697.6744186046511, 2106.5470669224424, 154038.657135, 11911.061034, 0.091912, 3063.547603, 13654.405172, 1.601574, 387, 68180.21875, 2550001, 105857238, 28344325, 136751564
30000, 30000, 0, 0, fixed_reps_1, 30026898.775543213, 231987.4887084961, 65885.764359, inf, 173.41040462427745, 585.4749362117956, 46561.038056, 6753.837303, 2.204394, 12517.371404, 51.313202, 0, 173, 393004.53125, 10350001, 32236704, 9294437, 51881142, 29848269.526489258, 112995.77893066406, 80456.52900699999, inf, 348.83720930232556, 1020.676130903855, 71053.404572, 3187.754265, 0.420799, 6165.821031, 49.12834, 0, 86, 225791.0625, 5130001, 50014088, 4439461, 59583550, 29643058.505477905, 56367.83508300781, 158586.071515, inf, 697.6744186046511, 2106.5470669224424, 154038.657135, 1434.718831, 0.091452, 3063.547603, 49.056494, 0, 43, 120905.3125, 2550001, 105857238, 2005975, 110413214
30000, 30000, 0, 0, fixed_reps_11, 30002793.221710205, 207881.93487548828, 126500.702916, inf, 173.41040462427745, 585.4749362117956, 46561.038056, 66994.199448, 2.125524, 12517.371404, 425.968484, 0, 1903, 210125.625, 10350001, 32236704, 102237077, 144823782, 29836314.406921387, 101040.65936279297, 109593.7812, inf, 348.83720930232556, 1020.676130903855, 71053.404572, 31944.065253, 0.461446, 6165.821031, 430.028898, 0, 946, 136770.265625, 5130001, 50014088, 48833211, 103977300, 29635968.55570984, 49277.885314941406, 171871.95361700002, inf, 697.6744186046511, 2106.5470669224424, 154038.657135, 14331.191781, 0.091702, 3063.547603, 438.465396, 0, 473, 78698.4375, 2550001, 105857238, 22065295, 130472534
30000, 30000, 0, 0, fixed_reps_13, 29999734.483551025, 204823.1967163086, 138676.25733700002, inf, 173.41040462427745, 585.4749362117956, 46561.038056, 79092.482578, 2.141624, 12517.371404, 503.223675, 0, 2249, 189042.390625, 10350001, 32236704, 120825605, 163412310, 29835273.831237793, 100000.08367919922, 115414.189098, inf, 348.83720930232556, 1020.676130903855, 71053.404572, 37687.07231, 0.462978, 6165.821031, 507.428207, 0, 1118, 131211.578125, 5130001, 50014088, 57711961, 112856050, 29635647.07017517, 48956.39978027344, 174513.92856, inf, 697.6744186046511, 2106.5470669224424, 154038.657135, 16896.592076, 0.092423, 3063.547603, 515.039323, 0, 559, 76077.390625, 2550001, 105857238, 26077159, 134484398
30000, 30000, 0, 0, fixed_reps_15, 29998471.734375, 203560.4475402832, 150713.97309900002, inf, 173.41040462427745, 585.4749362117956, 46561.038056, 91051.928488, 2.162745, 12517.371404, 581.472406, 0, 2595, 178157.71875, 10350001, 32236704, 139414133, 182000838, 29833631.51171875, 98357.76416015625, 121301.36566799998, inf, 348.83720930232556, 1020.676130903855, 71053.404572, 43491.241935, 0.461124, 6165.821031, 590.437006, 0, 1290, 125446.734375, 5130001, 50014088, 66590711, 121734800, 29634866.329696655, 48175.65930175781, 177138.662395, inf, 697.6744186046511, 2106.5470669224424, 154038.657135, 19441.156299, 0.091602, 3063.547603, 595.209756, 0, 645, 73156.9375, 2550001, 105857238, 30089023, 138496262
30000, 30000, 0, 0, fixed_reps_17, 29997818.62927246, 202907.34243774414, 162814.787719, inf, 173.41040462427745, 585.4749362117956, 46561.038056, 103073.035655, 2.15293, 12517.371404, 661.189674, 0, 2941, 164292.296875, 10350001, 32236704, 158002661, 200589366, 29832460.782043457, 97187.03448486328, 127063.584978, inf, 348.83720930232556, 1020.676130903855, 71053.404572, 49166.148272, 0.454302, 6165.821031, 677.756801, 0, 1462, 120846.7421875, 5130001, 50014088, 75469461, 130613550, 29634420.619369507, 47729.948974609375, 179807.117508, inf, 697.6744186046511, 2106.5470669224424, 154038.657135, 22032.428863, 0.107352, 3063.547603, 672.376555, 0, 731, 71179.5390625, 2550001, 105857238, 34100887, 142508126
30000, 30000, 0, 0, fixed_reps_19, 29997147.960754395, 202236.67391967773, 174989.390483, inf, 173.41040462427745, 585.4749362117956, 46561.038056, 115168.821528, 2.15419, 12517.371404, 740.005305, 0, 3287, 150052.40625, 10350001, 32236704, 176591189, 219177894, 29831062.455688477, 95788.70812988281, 132916.202918, inf, 348.83720930232556, 1020.676130903855, 71053.404572, 54943.836152, 0.461405, 6165.821031, 752.679758, 0, 1634, 115038.3984375, 5130001, 50014088, 84348211, 139492300, 29634086.383895874, 47395.71350097656, 182456.51490399998, inf, 697.6744186046511, 2106.5470669224424, 154038.657135, 24602.282212, 0.091973, 3063.547603, 751.935981, 0, 817, 69114.296875, 2550001, 105857238, 38112751, 146519990
30000, 30000, 0, 0, fixed_reps_21, 29996799.021484375, 201887.7346496582, 187076.27185699999, inf, 173.41040462427745, 585.4749362117956, 46561.038056, 127182.406554, 2.149174, 12517.371404, 813.306669, 0, 3633, 142485.15625, 10350001, 32236704, 195179717, 237766422, 29830059.394836426, 94785.64727783203, 138679.435157, inf, 348.83720930232556, 1020.676130903855, 71053.404572, 60640.897682, 0.463208, 6165.821031, 818.848664, 0, 1806, 110635.640625, 5130001, 50014088, 93226961, 148371050, 29633802.16722107, 47111.496826171875, 185101.469871, inf, 697.6744186046511, 2106.5470669224424, 154038.657135, 27166.639444, 0.108003, 3063.547603, 832.517686, 0, 903, 65123.234375, 2550001, 105857238, 42124615, 150531854
30000, 30000, 0, 0, fixed_reps_23, 29995735.521606445, 200824.23477172852, 199589.720129, inf, 173.41040462427745, 585.4749362117956, 46561.038056, 139614.137665, 2.169419, 12517.371404, 895.003585, 0, 3979, 136453.4375, 10350001, 32236704, 213768245, 256354950, 29829647.792907715, 94374.0453491211, 144543.583401, inf, 348.83720930232556, 1020.676130903855, 71053.404572, 66420.886466, 0.459982, 6165.821031, 903.01135, 0, 1978, 101138.0859375, 5130001, 50014088, 102105711, 157249800, 29633369.034469604, 46678.36407470703, 187785.49408499998, inf, 697.6744186046511, 2106.5470669224424, 154038.657135, 29756.754402, 0.093997, 3063.547603, 926.440948, 0, 989, 62675.3046875, 2550001, 105857238, 46136479, 154543718
30000, 30000, 0, 0, fixed_reps_25, 29994428.492126465, 199517.20529174805, 211427.50524099998, inf, 173.41040462427745, 585.4749362117956, 46561.038056, 151375.559471, 2.155924, 12517.371404, 971.380386, 0, 4325, 130624.703125, 10350001, 32236704, 232356773, 274943478, 29828935.65106201, 93661.90350341797, 150367.12957800002, inf, 348.83720930232556, 1020.676130903855, 71053.404572, 72153.365132, 0.461225, 6165.821031, 994.077618, 0, 2150, 96816.6328125, 5130001, 50014088, 110984461, 166128550, 29633369.034469604, 46678.36407470703, 190405.672887, inf, 697.6744186046511, 2106.5470669224424, 154038.657135, 32300.771224, 0.10669, 3063.547603, 1002.590235, 0, 1075, 60295.55078125, 2550001, 105857238, 50148343, 158555582
30000, 30000, 0, 0, fixed_reps_27, 29994073.497131348, 199162.21029663086, 223495.41845400003, inf, 173.41040462427745, 585.4749362117956, 46561.038056, 163366.792366, 2.139793, 12517.371404, 1048.076835, 0, 4671, 123593.765625, 10350001, 32236704, 250945301, 293532006, 29828618.582214355, 93344.83465576172, 156141.559539, inf, 348.83720930232556, 1020.676130903855, 71053.404572, 77856.300198, 0.457708, 6165.821031, 1065.57603, 0, 2322, 92890.78125, 5130001, 50014088, 119863211, 175007300, 29633360.34538269, 46669.67498779297, 193039.126219, inf, 697.6744186046511, 2106.5470669224424, 154038.657135, 34850.249338, 0.104346, 3063.547603, 1086.567797, 0, 1161, 59279.2578125, 2550001, 105857238, 54160207, 162567446
30000, 30000, 0, 0, fixed_reps_29, 29992563.356384277, 197652.06954956055, 235577.74225, inf, 173.41040462427745, 585.4749362117956, 46561.038056, 175372.680548, 2.162355, 12517.371404, 1124.489887, 0, 5017, 120517.3671875, 10350001, 32236704, 269533829, 312120534, 29828119.24346924, 92845.49591064453, 162010.15013, inf, 348.83720930232556, 1020.676130903855, 71053.404572, 83644.662682, 0.454883, 6165.821031, 1145.806962, 0, 2494, 91208.2265625, 5130001, 50014088, 128741961, 183886050, 29633129.94633484, 46439.275939941406, 195710.60369499997, inf, 697.6744186046511, 2106.5470669224424, 154038.657135, 37451.524434, 0.091081, 3063.547603, 1156.783442, 0, 1247, 56969.9609375, 2550001, 105857238, 58172071, 166579310
30000, 30000, 0, 0, fixed_reps_3, 30016701.048980713, 221789.7621459961, 77942.227789, inf, 173.41040462427745, 585.4749362117956, 46561.038056, 18744.349535, 2.086193, 12517.371404, 117.382601, 0, 519, 321285.46875, 10350001, 32236704, 27882965, 70469670, 29843284.018493652, 108010.2709350586, 86259.29022599998, inf, 348.83720930232556, 1020.676130903855, 71053.404572, 8923.58011, 0.454783, 6165.821031, 116.02973, 0, 258, 182108.375, 5130001, 50014088, 13318211, 68462300, 29640083.19316101, 53392.52276611328, 161225.58470299997, inf, 697.6744186046511, 2106.5470669224424, 154038.657135, 4006.347116, 0.092002, 3063.547603, 116.940847, 0, 129, 106497.9765625, 2550001, 105857238, 6017839, 114425078
30000, 30000, 0, 0, fixed_reps_31, 29991783.95574951, 196872.66891479492, 247846.15421699997, inf, 173.41040462427745, 585.4749362117956, 46561.038056, 187567.50658, 2.129844, 12517.371404, 1198.108333, 0, 5363, 116595.859375, 10350001, 32236704, 288122357, 330709062, 29827521.543273926, 92247.79571533203, 167869.147151, inf, 348.83720930232556, 1020.676130903855, 71053.404572, 89434.115516, 0.45855, 6165.821031, 1215.347482, 0, 2666, 87010.5859375, 5130001, 50014088, 137620711, 192764800, 29633038.88871765, 46348.218322753906, 198388.808849, inf, 697.6744186046511, 2106.5470669224424, 154038.657135, 40058.062286, 0.104957, 3063.547603, 1228.436868, 0, 1333, 56256.78515625, 2550001, 105857238, 62183935, 170591174
30000, 30000, 0, 0, fixed_reps_33, 29991500.771606445, 196589.48477172852, 260052.65814299998, inf, 173.41040462427745, 585.4749362117956, 46561.038056, 199692.815889, 2.152637, 12517.371404, 1279.280157, 0, 5709, 113248, 10350001, 32236704, 306710885, 349297590, 29827162.54711914, 91888.79956054688, 173642.833136, inf, 348.83720930232556, 1020.676130903855, 71053.404572, 95132.978121, 0.463289, 6165.821031, 1290.166123, 0, 2838, 84819.9140625, 5130001, 50014088, 146499461, 201643550, 29632892.822921753, 46202.15252685547, 201039.431801, inf, 697.6744186046511, 2106.5470669224424, 154038.657135, 42624.22965, 0.105638, 3063.547603, 1312.891775, 0, 1419, 55497.21484375, 2550001, 105857238, 66195799, 174603038
30000, 30000, 0, 0, fixed_reps_35, 29990505.553588867, 195594.2667541504, 272027.616542, inf, 173.41040462427745, 585.4749362117956, 46561.038056, 211590.763337, 2.102072, 12517.371404, 1356.341673, 0, 6055, 108035.71875, 10350001, 32236704, 325299413, 367886118, 29826828.328063965, 91554.5805053711, 179458.981408, inf, 348.83720930232556, 1020.676130903855, 71053.404572, 100872.689144, 0.467727, 6165.821031, 1366.598934, 0, 3010, 80932.1796875, 5130001, 50014088, 155378211, 210522300, 29632582.334701538, 45891.664306640625, 203715.60170199999, inf, 697.6744186046511, 2106.5470669224424, 154038.657135, 45225.117861, 0.103434, 3063.547603, 1388.175669, 0, 1505, 54838.34765625, 2550001, 105857238, 70207663, 178614902
30000, 30000, 0, 0, fixed_reps_37, 29990332.673339844, 195421.38650512695, 284655.325222, inf, 173.41040462427745, 585.4749362117956, 46561.038056, 224138.115936, 2.45285, 12517.371404, 1436.346976, 0, 6401, 106247.8515625, 10350001, 32236704, 343887941, 386474646, 29826494.3147583, 91220.56719970703, 185207.61702900002, inf, 348.83720930232556, 1020.676130903855, 71053.404572, 106541.771914, 0.45843, 6165.821031, 1446.161082, 0, 3182, 79749.2421875, 5130001, 50014088, 164256961, 219401050, 29632252.44999695, 45561.77960205078, 206346.85139999999, inf, 697.6744186046511, 2106.5470669224424, 154038.657135, 47774.826462, 0.105598, 3063.547603, 1469.714602, 0, 1591, 53012.578125, 2550001, 105857238, 74219527, 182626766
30000, 30000, 0, 0, fixed_reps_39, 29989453.534851074, 194542.24801635742, 296659.395211, inf, 173.41040462427745, 585.4749362117956, 46561.038056, 236061.76678, 2.118272, 12517.371404, 1517.100699, 0, 6747, 103824.859375, 10350001, 32236704, 362476469, 405063174, 29826202.104309082, 90928.35675048828, 191050.398849, inf, 348.83720930232556, 1020.676130903855, 71053.404572, 112307.000646, 0.455995, 6165.821031, 1523.716605, 0, 3354, 78638.2578125, 5130001, 50014088, 173135711, 228279800, 29632250.787399292, 45560.11700439453, 209016.835806, inf, 697.6744186046511, 2106.5470669224424, 154038.657135, 50364.824284, 0.09066, 3063.547603, 1549.716124, 0, 1677, 52520.1484375, 2550001, 105857238, 78231391, 186638630
30000, 30000, 0, 0, fixed_reps_41, 29988964.884643555, 194053.5978088379, 309182.893084, inf, 173.41040462427745, 585.4749362117956, 46561.038056, 248507.412761, 2.12795, 12517.371404, 1594.942913, 0, 7093, 102267.578125, 10350001, 32236704, 381064997, 423651702, 29826089.850524902, 90816.1029663086, 196941.28251100003, inf, 348.83720930232556, 1020.676130903855, 71053.404572, 118119.054895, 0.45284, 6165.821031, 1602.549173, 0, 3526, 77670.796875, 5130001, 50014088, 182014461, 237158550, 29632143.186691284, 45452.51629638672, 211720.85120099998, inf, 697.6744186046511, 2106.5470669224424, 154038.657135, 52973.36091, 0.106249, 3063.547603, 1645.179304, 0, 1763, 52132.2890625, 2550001, 105857238, 82243255, 190650494
30000, 30000, 0, 0, fixed_reps_5, 30012701.26535034, 217789.978515625, 90125.91243, inf, 173.41040462427745, 585.4749362117956, 46561.038056, 30850.700464, 2.217737, 12517.371404, 194.584769, 0, 865, 278783.21875, 10350001, 32236704, 46471493, 89058198, 29840552.463867188, 105278.71630859375, 92091.56603500001, inf, 348.83720930232556, 1020.676130903855, 71053.404572, 14677.01042, 0.425889, 6165.821031, 194.904123, 0, 430, 167101.25, 5130001, 50014088, 22196961, 77341050, 29639080.77897644, 52390.10858154297, 163896.7083, inf, 697.6744186046511, 2106.5470669224424, 154038.657135, 6598.36062, 0.090319, 3063.547603, 196.052623, 0, 215, 98132.390625, 2550001, 105857238, 10029703, 118436942
30000, 30000, 0, 0, fixed_reps_7, 30008495.87435913, 213584.58752441406, 102282.451258, inf, 173.41040462427745, 585.4749362117956, 46561.038056, 42928.454083, 2.13703, 12517.371404, 273.450685, 0, 1211, 249546.375, 10350001, 32236704, 65060021, 107646726, 29838888.179382324, 103614.43182373047, 97918.724758, inf, 348.83720930232556, 1020.676130903855, 71053.404572, 20426.440019, 0.429445, 6165.821031, 272.629691, 0, 602, 155119.703125, 5130001, 50014088, 31075711, 86219800, 29636846.643234253, 50155.97283935547, 166569.61762699997, inf, 697.6744186046511, 2106.5470669224424, 154038.657135, 9189.995924, 0.092243, 3063.547603, 277.324722, 0, 301, 86735.5, 2550001, 105857238, 14041567, 122448806
30000, 30000, 0, 0, fixed_reps_9, 30005829.85696411, 210918.57012939453, 114277.13054499999, inf, 173.41040462427745, 585.4749362117956, 46561.038056, 54847.49675, 2.142551, 12517.371404, 349.081784, 0, 1557, 227924.40625, 10350001, 32236704, 83648549, 126235254, 29838005.125305176, 102731.37774658203, 103746.65107099999, inf, 348.83720930232556, 1020.676130903855, 71053.404572, 26176.015966, 0.460163, 6165.821031, 350.949339, 0, 774, 146827.5625, 5130001, 50014088, 39954461, 95098550, 29636617.3379364, 49926.667541503906, 169215.566925, inf, 697.6744186046511, 2106.5470669224424, 154038.657135, 11756.378492, 0.108784, 3063.547603, 356.874911, 0, 387, 81210, 2550001, 105857238, 18053431, 126460670
30000, 30000, 0, 0, greedy_1.000000, 30026898.775543213, 231987.4887084961, 65970.17844399999, inf, 173.41040462427745, 585.4749362117956, 46561.038056, 6850.571289, 2.267652, 12517.371404, 38.919193, 0.01085, 173, 393004.53125, 10350001, 32236704, 9294437, 51881142, 29848269.526489258, 112995.77893066406, 80430.71259899999, inf, 348.83720930232556, 1020.676130903855, 71053.404572, 3173.933465, 0.457818, 6165.821031, 37.090643, 0.00507, 86, 225791.0625, 5130001, 50014088, 4439461, 59583550, 29643058.505477905, 56367.83508300781, 158605.806299, inf, 697.6744186046511, 2106.5470669224424, 154038.657135, 1467.341835, 0.104265, 3063.547603, 36.152465, 0.002996, 43, 120905.3125, 2550001, 105857238, 2005975, 110413214
30000, 30000, 0, 0, greedy_11.000000, 29997646.57208252, 202735.28524780273, 194584.354482, inf, 173.41040462427745, 585.4749362117956, 46561.038056, 67670.949229, 2.126698, 12517.371404, 67832.413991, 0.455104, 1903, 169838.890625, 10350001, 32236704, 153840946, 196427651, 29835154.94885254, 99881.20129394531, 142499.13636, inf, 348.83720930232556, 1020.676130903855, 71053.404572, 31804.447935, 0.452278, 6165.821031, 33474.878266, 0.132278, 946, 131258.484375, 5130001, 50014088, 74109282, 129253371, 29635868.059188843, 49177.38879394531, 188785.583963, inf, 697.6744186046511, 2106.5470669224424, 154038.657135, 14360.786362, 0.098295, 3063.547603, 17322.428965, 0.065603, 473, 76524.2109375, 2550001, 105857238, 34680715, 143087954
30000, 30000, 0, 0, greedy_13.000000, 29995959.85534668, 201048.5685119629, 219462.26732099996, inf, 173.41040462427745, 585.4749362117956, 46561.038056, 79496.233747, 1.972429, 12517.371404, 80884.906548, 0.745137, 2249, 156388.71875, 10350001, 32236704, 182857198, 225443903, 29833078.161743164, 97804.41418457031, 154644.075456, inf, 348.83720930232556, 1020.676130903855, 71053.404572, 37313.016875, 0.460845, 6165.821031, 40111.223194, 0.148939, 1118, 122266.2109375, 5130001, 50014088, 87724907, 142868996, 29635599.15550232, 48908.485107421875, 195011.12655999998, inf, 697.6744186046511, 2106.5470669224424, 154038.657135, 16994.626945, 0.089808, 3063.547603, 20914.154575, 0.050494, 559, 74877.9765625, 2550001, 105857238, 41306671, 149713910
30000, 30000, 0, 0, greedy_15.000000, 29994589.921691895, 199678.63485717773, 244369.231983, inf, 173.41040462427745, 585.4749362117956, 46561.038056, 91103.730803, 2.128301, 12517.371404, 94184.104959, 0.85846, 2595, 138481.515625, 10350001, 32236704, 211278830, 253865535, 29831644.017333984, 96370.26977539062, 167162.56189100002, inf, 348.83720930232556, 1020.676130903855, 71053.404572, 43108.111772, 0.463179, 6165.821031, 46834.589494, 0.171843, 1290, 116491.5390625, 5130001, 50014088, 101807407, 156951496, 29635112.782943726, 48422.112548828125, 200612.07191799997, inf, 697.6744186046511, 2106.5470669224424, 154038.657135, 19362.531332, 0.102102, 3063.547603, 24147.162051, 0.071695, 645, 73173.0703125, 2550001, 105857238, 47519755, 155926994
30000, 30000, 0, 0, greedy_17.000000, 29991095.997253418, 196184.71041870117, 269846.901235, inf, 173.41040462427745, 585.4749362117956, 46561.038056, 103163.465937, 2.129213, 12517.371404, 107602.186573, 0.710052, 2941, 125220.09375, 10350001, 32236704, 240295082, 282881787, 29830265.817871094, 94992.0703125, 179712.29634, inf, 348.83720930232556, 1020.676130903855, 71053.404572, 48933.69816, 0.463589, 6165.821031, 53558.682804, 0.226184, 1462, 108263.1015625, 5130001, 50014088, 115889907, 171033996, 29634795.98728943, 48105.31689453125, 206684.125476, inf, 697.6744186046511, 2106.5470669224424, 154038.657135, 21998.936284, 0.088796, 3063.547603, 27582.819315, 0.076343, 731, 70300.484375, 2550001, 105857238, 54145711, 162552950
30000, 30000, 0, 0, greedy_19.000000, 29989854.467590332, 194943.18075561523, 295130.45093399996, inf, 173.41040462427745, 585.4749362117956, 46561.038056, 115066.416227, 2.131597, 12517.371404, 120982.716432, 0.777218, 3287, 112802.4609375, 10350001, 32236704, 268973500, 311560205, 29828994.815734863, 93721.06817626953, 192168.294408, inf, 348.83720930232556, 1020.676130903855, 71053.404572, 54727.368028, 0.467637, 6165.821031, 60220.989994, 0.243146, 1634, 100138.8203125, 5130001, 50014088, 129949639, 185093728, 29634408.843063354, 47718.17266845703, 212839.70710600002, inf, 697.6744186046511, 2106.5470669224424, 154038.657135, 24651.861298, 0.090089, 3063.547603, 31085.48666, 0.064321, 817, 68921.921875, 2550001, 105857238, 60771667, 169178906
30000, 30000, 0, 0, greedy_21.000000, 29988576.127929688, 193664.8410949707, 320513.597468, inf, 173.41040462427745, 585.4749362117956, 46561.038056, 127060.389472, 2.133863, 12517.371404, 134371.784442, 0.880231, 3633, 103262.171875, 10350001, 32236704, 297676049, 340262754, 29827990.27758789, 92716.53002929688, 205360.207439, inf, 348.83720930232556, 1020.676130903855, 71053.404572, 60605.422114, 0.457318, 6165.821031, 67534.835463, 0.266941, 1806, 94261.34375, 5130001, 50014088, 144032139, 199176228, 29633765.645065308, 47074.974670410156, 218903.60329199999, inf, 697.6744186046511, 2106.5470669224424, 154038.657135, 27246.591938, 0.094067, 3063.547603, 34554.61682, 0.095729, 903, 67560.265625, 2550001, 105857238, 67397623, 175804862
30000, 30000, 0, 0, greedy_23.000000, 29987139.234558105, 192227.94772338867, 346220.240645, inf, 173.41040462427745, 585.4749362117956, 46561.038056, 139310.470197, 2.142899, 12517.371404, 147828.234214, 0.983875, 3979, 97556.203125, 10350001, 32236704, 326692301, 369279006, 29827113.395568848, 91839.6480102539, 217625.45433900002, inf, 348.83720930232556, 1020.676130903855, 71053.404572, 66407.74406, 0.455855, 6165.821031, 73997.743455, 0.285366, 1978, 89080.203125, 5130001, 50014088, 158114639, 213258728, 29632870.419418335, 46179.7490234375, 224720.608791, inf, 697.6744186046511, 2106.5470669224424, 154038.657135, 29900.62068, 0.291467, 3063.547603, 37717.418378, 0.073528, 989, 62533.7109375, 2550001, 105857238, 74023579, 182430818
30000, 30000, 0, 0, greedy_25.000000, 29986385.34741211, 191474.06057739258, 371734.29249699996, inf, 173.41040462427745, 585.4749362117956, 46561.038056, 151365.556121, 2.216868, 12517.371404, 161287.090336, 1.019712, 4325, 93310.796875, 10350001, 32236704, 355470705, 398057410, 29826927.435913086, 91653.68835449219, 230344.881955, inf, 348.83720930232556, 1020.676130903855, 71053.404572, 72207.462324, 0.460904, 6165.821031, 80917.417061, 0.316063, 2150, 86159.3984375, 5130001, 50014088, 172197139, 227341228, 29632548.2686615, 45857.59826660156, 230326.89863200003, inf, 697.6744186046511, 2106.5470669224424, 154038.657135, 32298.197967, 0.100859, 3063.547603, 40926.293918, 0.10115, 1075, 59443.078125, 2550001, 105857238, 80335633, 188742872
30000, 30000, 0, 0, greedy_27.000000, 29986103.744506836, 191192.45767211914, 398198.471623, inf, 173.41040462427745, 585.4749362117956, 46561.038056, 163605.306721, 2.147788, 12517.371404, 175511.512, 1.095654, 4671, 82944.9921875, 10350001, 32236704, 384486957, 427073662, 29826702.75994873, 91429.01239013672, 242504.900951, inf, 348.83720930232556, 1020.676130903855, 71053.404572, 78035.507604, 0.454332, 6165.821031, 87249.38184, 0.331572, 2322, 79131.9765625, 5130001, 50014088, 186279639, 241423728, 29632151.774765015, 45461.10437011719, 236269.58079300003, inf, 697.6744186046511, 2106.5470669224424, 154038.657135, 34857.467812, 0.102232, 3063.547603, 44309.696466, 0.109545, 1161, 57027.6640625, 2550001, 105857238, 86822077, 195229316
30000, 30000, 0, 0, greedy_29.000000, 29986003.570129395, 191092.28329467773, 423162.661184, inf, 173.41040462427745, 585.4749362117956, 46561.038056, 175094.695685, 2.136737, 12517.371404, 188986.26082, 1.158482, 5017, 78208.0078125, 10350001, 32236704, 412373431, 454960136, 29825244.340637207, 89970.59307861328, 255652.153738, inf, 348.83720930232556, 1020.676130903855, 71053.404572, 83855.497094, 0.456997, 6165.821031, 94576.624488, 0.349556, 2494, 70711.828125, 5130001, 50014088, 200362139, 255506228, 29631797.468917847, 45106.79852294922, 242106.03063599998, inf, 697.6744186046511, 2106.5470669224424, 154038.657135, 37368.93977, 0.10134, 3063.547603, 47634.67409, 0.110698, 1247, 50887.52734375, 2550001, 105857238, 93238765, 201646004
30000, 30000, 0, 0, greedy_3.000000, 30013677.118499756, 218765.83166503906, 91733.14641999999, inf, 173.41040462427745, 585.4749362117956, 46561.038056, 19050.10405, 2.092563, 12517.371404, 13602.433988, 0.106359, 519, 288194.71875, 10350001, 32236704, 38251227, 80837932, 29841777.62713623, 106503.87957763672, 92917.27486900002, inf, 348.83720930232556, 1020.676130903855, 71053.404572, 8959.591935, 0.589726, 6165.821031, 6737.829133, 0.038472, 258, 168332.8125, 5130001, 50014088, 18476425, 73620514, 29639570.007125854, 52879.33673095703, 164682.520288, inf, 697.6744186046511, 2106.5470669224424, 154038.657135, 4091.096139, 0.091491, 3063.547603, 3489.110627, 0.017293, 129, 99236.6796875, 2550001, 105857238, 8614492, 117021731
30000, 30000, 0, 0, greedy_31.000000, 29985226.54345703, 190315.25662231445, 448621.407693, inf, 173.41040462427745, 585.4749362117956, 46561.038056, 187355.619674, 2.124975, 12517.371404, 202184.020572, 1.233012, 5363, 73772.09375, 10350001, 32236704, 441389683, 483976388, 29825071.12677002, 89797.37921142578, 268010.806896, inf, 348.83720930232556, 1020.676130903855, 71053.404572, 89710.872066, 0.460223, 6165.821031, 101079.836731, 0.412273, 2666, 67691.3984375, 5130001, 50014088, 214444639, 269588728, 29631797.468917847, 45106.79852294922, 248226.52068800002, inf, 697.6744186046511, 2106.5470669224424, 154038.657135, 40036.640617, 0.102702, 3063.547603, 51087.458998, 0.113633, 1333, 50001.8828125, 2550001, 105857238, 99847282, 208254521
30000, 30000, 0, 0, greedy_33.000000, 29984979.34954834, 190068.06271362305, 473751.250838, inf, 173.41040462427745, 585.4749362117956, 46561.038056, 198950.947478, 2.237847, 12517.371404, 215718.366434, 1.289619, 5709, 69223.6015625, 10350001, 32236704, 469305888, 511892593, 29824117.42211914, 88843.67456054688, 279894.520739, inf, 348.83720930232556, 1020.676130903855, 71053.404572, 95432.592865, 0.456877, 6165.821031, 107241.85413, 0.391264, 2838, 64043.71484375, 5130001, 50014088, 228436067, 283580156, 29631427.43473816, 44736.76434326172, 254470.928086, inf, 697.6744186046511, 2106.5470669224424, 154038.657135, 42696.927391, 0.092283, 3063.547603, 54671.574161, 0.129513, 1419, 49458.03125, 2550001, 105857238, 106473238, 214880477
30000, 30000, 0, 0, greedy_35.000000, 29984623.46609497, 189712.1792602539, 499849.26131100004, inf, 173.41040462427745, 585.4749362117956, 46561.038056, 211292.862399, 2.165141, 12517.371404, 229474.436538, 1.387773, 6055, 66023.6875, 10350001, 32236704, 498322140, 540908845, 29824084.139038086, 88810.39147949219, 292689.595909, inf, 348.83720930232556, 1020.676130903855, 71053.404572, 101296.190043, 0.467276, 6165.821031, 114173.298469, 0.414518, 3010, 62988.30859375, 5130001, 50014088, 242518567, 297662656, 29631363.899276733, 44673.22888183594, 260760.04307299998, inf, 697.6744186046511, 2106.5470669224424, 154038.657135, 45401.65851, 0.102723, 3063.547603, 58255.946748, 0.130354, 1505, 47165.359375, 2550001, 105857238, 113099194, 221506433
30000, 30000, 0, 0, greedy_37.000000, 29984324.95651245, 189413.66967773438, 523941.5200529999, inf, 173.41040462427745, 585.4749362117956, 46561.038056, 223357.231254, 2.152708, 12517.371404, 241502.253098, 1.473533, 6401, 61053.03515625, 10350001, 32236704, 527338392, 569925097, 29823871.612121582, 88597.86456298828, 305755.876219, inf, 348.83720930232556, 1020.676130903855, 71053.404572, 107192.260616, 0.459121, 6165.821031, 121343.280459, 0.65042, 3182, 59370.37890625, 5130001, 50014088, 256601067, 311745156, 29630844.048690796, 44153.37829589844, 266618.36780099996, inf, 697.6744186046511, 2106.5470669224424, 154038.657135, 48062.207808, 0.102662, 3063.547603, 61453.707852, 0.144741, 1591, 45243.64453125, 2550001, 105857238, 119725150, 228132389
30000, 30000, 0, 0, greedy_39.000000, 29984138.578826904, 189227.2919921875, 549712.740244, inf, 173.41040462427745, 585.4749362117956, 46561.038056, 235803.192485, 2.12798, 12517.371404, 254827.444233, 1.566086, 6747, 56582.3515625, 10350001, 32236704, 556354644, 598941349, 29823429.642944336, 88155.89538574219, 318123.596373, inf, 348.83720930232556, 1020.676130903855, 71053.404572, 112850.654062, 0.46389, 6165.821031, 128052.787555, 0.465263, 3354, 55652.49609375, 5130001, 50014088, 270319279, 325463368, 29630807.606552124, 44116.93615722656, 272704.95322299993, inf, 697.6744186046511, 2106.5470669224424, 154038.657135, 50661.287591, 0.104647, 3063.547603, 64941.209863, 0.146384, 1677, 44738.62109375, 2550001, 105857238, 126351106, 234758345
30000, 30000, 0, 0, greedy_5.000000, 30006481.1557312, 211569.86889648438, 117476.03934999999, inf, 173.41040462427745, 585.4749362117956, 46561.038056, 31326.295203, 2.334989, 12517.371404, 27068.788341, 0.211357, 865, 249310.3125, 10350001, 32236704, 67237748, 109824453, 29840436.227600098, 105162.4800415039, 105353.28136299999, inf, 348.83720930232556, 1020.676130903855, 71053.404572, 14715.195998, 0.43735, 6165.821031, 13418.358943, 0.063469, 430, 156547.796875, 5130001, 50014088, 32448836, 87592925, 29638737.129074097, 52046.45867919922, 170757.728613, inf, 697.6744186046511, 2106.5470669224424, 154038.657135, 6766.628882, 0.09103, 3063.547603, 6888.781821, 0.022142, 215, 90103.1484375, 2550001, 105857238, 15240448, 123647687
30000, 30000, 0, 0, greedy_7.000000, 30002363.844329834, 207452.5574951172, 143481.955069, inf, 173.41040462427745, 585.4749362117956, 46561.038056, 43699.843603, 2.301446, 12517.371404, 40701.066173, 0.334387, 1211, 210901.15625, 10350001, 32236704, 96181607, 138768312, 29838982.501098633, 103708.75354003906, 117820.72635900001, inf, 348.83720930232556, 1020.676130903855, 71053.404572, 20478.476939, 0.457959, 6165.821031, 20122.460901, 0.104957, 602, 147697.8125, 5130001, 50014088, 46444015, 101588104, 29637057.60246277, 50366.932067871094, 176826.62811700001, inf, 697.6744186046511, 2106.5470669224424, 154038.657135, 9281.337326, 0.09038, 3063.547603, 10442.96211, 0.033563, 301, 82724.6640625, 2550001, 105857238, 21777583, 130184822
30000, 30000, 0, 0, greedy_9.000000, 29999625.063354492, 204713.7765197754, 168729.74471199999, inf, 173.41040462427745, 585.4749362117956, 46561.038056, 55468.172162, 2.179416, 12517.371404, 54180.611797, 0.371877, 1557, 191207.59375, 10350001, 32236704, 124969480, 167556185, 29836838.505065918, 101564.75750732422, 130072.58185100001, inf, 348.83720930232556, 1020.676130903855, 71053.404572, 26037.733186, 0.461555, 6165.821031, 26815.03518, 0.126327, 774, 139817.984375, 5130001, 50014088, 60143210, 115287299, 29636750.67704773, 50060.00665283203, 182679.872035, inf, 697.6744186046511, 2106.5470669224424, 154038.657135, 11923.134576, 0.0906, 3063.547603, 13654.405172, 0.036949, 387, 78390.21875, 2550001, 105857238, 28333783, 136741022
30000, 30000, 0, 0, opt, 29978817.255996704, 183905.9691619873, 534904.208304, inf, 173.41040462427745, 585.4749362117956, 46561.038056, 475823.679369, 2.119475, 12517.371404, 0, 0, 0, 0, 10350001, 32236704, 717438761, 760025466, 29817990.999038696, 82717.25148010254, 518369.228599, inf, 348.83720930232556, 1020.676130903855, 71053.404572, 441149.549335, 0.453661, 6165.821031, 0, 0, 0, 0, 5130001, 50014088, 662708176, 717852265, 29625549.4216156, 38858.751220703125, 505516.302087, inf, 697.6744186046511, 2106.5470669224424, 154038.657135, 348413.996931, 0.100418, 3063.547603, 0, 0, 0, 0, 2550001, 105857238, 516316473, 624723712
30000, 30000, 0, 0, plus_edge, 30013255.64151001, 218344.35467529297, 65942.359103, inf, 173.41040462427745, 585.4749362117956, 46561.038056, 6861.788262, 2.161381, 12517.371404, 0, 0, 0, 0, 10350001, 32236704, 9293848, 51880553, 29842212.520385742, 106938.77282714844, 80428.48430499999, inf, 348.83720930232556, 1020.676130903855, 71053.404572, 3208.840067, 0.418635, 6165.821031, 0, 0, 0, 0, 5130001, 50014088, 4416600, 59560689, 29640152.748275757, 53462.077880859375, 158536.81579300002, inf, 697.6744186046511, 2106.5470669224424, 154038.657135, 1434.519624, 0.091431, 3063.547603, 0, 0, 0, 0, 2550001, 105857238, 1977696, 110384935
30000, 30000, 0, 0, simple, 30026898.775543213, 231987.4887084961, 66713.856517, inf, 173.41040462427745, 585.4749362117956, 46561.038056, 7633.344146, 2.102911, 12517.371404, 0, 0, 0, 0, 10350001, 32236704, 9264264, 51850969, 29848269.526489258, 112995.77893066406, 80411.34730000001, inf, 348.83720930232556, 1020.676130903855, 71053.404572, 3191.656304, 0.465393, 6165.821031, 0, 0, 0, 0, 5130001, 50014088, 4409375, 59553464, 29643058.505477905, 56367.83508300781, 158536.512796, inf, 697.6744186046511, 2106.5470669224424, 154038.657135, 1434.213461, 0.094597, 3063.547603, 0, 0, 0, 0, 2550001, 105857238, 1975932, 110383171
30000, 30000, 0, 0, dp_1.000000, 30068342.095228195, 227191.47131347656, 58316.797503, inf, 173.41040462427745, 522.6146242125998, 38824.503353, 6885.75821, 1.995282, 12566.967498, 37.56247, 0.01069, 173, 0, 10350001, 26211559, 9512017, 46073577, 29860514.48856163, 112783.36938476562, 61355.762242000004, inf, 348.83720930232556, 853.6807292264931, 51809.506538, 3354.162547, 0.413255, 6154.372104, 37.300464, 0.007334, 86, 0, 5130001, 36554702, 4656126, 46340829, 29686063.80460167, 54304.67449951172, 80964.054843, inf, 697.6744186046511, 1406.86218099796, 76237.293713, 1624.384295, 0.072716, 3064.69024, 37.609261, 0.004618, 43, 0, 2550001, 53004232, 2264653, 57818886
30000, 30000, 0, 0, dp_11.000000, 30033234.904554367, 192084.28063964844, 187987.56250000003, inf, 173.41040462427745, 522.6146242125998, 38824.503353, 69153.3276, 2.617949, 12566.967498, 67277.743165, 162.402935, 1903, 146926.59375, 10350001, 26211559, 156581482, 193143042, 29842337.184057236, 94606.0648803711, 125059.614511, inf, 348.83720930232556, 853.6807292264931, 51809.506538, 33773.596691, 0.420849, 6154.372104, 33302.105869, 19.61246, 946, 99560.9140625, 5130001, 36554702, 77013463, 118698166, 29677474.397741318, 45715.267639160156, 112044.12515100001, inf, 697.6744186046511, 1406.86218099796, 76237.293713, 15538.368398, 0.090129, 3064.69024, 17201.241613, 2.441058, 473, 66261.5546875, 2550001, 53004232, 36410452, 91964685
30000, 30000, 0, 0, dp_13.000000, 30032361.507642746, 191210.88372802734, 213580.423454, inf, 173.41040462427745, 522.6146242125998, 38824.503353, 81496.41409, 2.152557, 12566.967498, 80461.400141, 228.985815, 2249, 133772.140625, 10350001, 26211559, 186035424, 222596984, 29841747.528295517, 94016.40911865234, 138130.835994, inf, 348.83720930232556, 853.6807292264931, 51809.506538, 39851.673444, 0.425037, 6154.372104, 40287.577031, 27.28184, 1118, 93062.921875, 5130001, 36554702, 91534391, 133219094, 29676790.936986923, 45031.806884765625, 118070.89486000001, inf, 697.6744186046511, 1406.86218099796, 76237.293713, 18499.490048, 0.088095, 3064.69024, 20265.896269, 3.436495, 559, 62959.53125, 2550001, 53004232, 43566082, 99120315
30000, 30000, 0, 0, dp_15.000000, 30029874.40879631, 188723.7848815918, 239319.07011600002, inf, 173.41040462427745, 522.6146242125998, 38824.503353, 93869.267064, 2.129534, 12566.967498, 93748.530041, 307.672626, 2595, 122756.7421875, 10350001, 26211559, 215489366, 252050926, 29841033.389074326, 93302.26989746094, 150712.883686, inf, 348.83720930232556, 853.6807292264931, 51809.506538, 45894.48407, 0.478487, 6154.372104, 46817.363447, 36.67904, 1290, 87705.109375, 5130001, 36554702, 105936891, 147621594, 29676304.742162704, 44545.612060546875, 124355.05346200001, inf, 697.6744186046511, 1406.86218099796, 76237.293713, 21465.604549, 0.091622, 3064.69024, 23582.659238, 4.7141, 645, 59848.125, 2550001, 53004232, 50721712, 106275945
30000, 30000, 0, 0, dp_17.000000, 30028146.262983322, 186995.63906860352, 265367.087931, inf, 173.41040462427745, 522.6146242125998, 38824.503353, 106289.545808, 2.116599, 12566.967498, 107285.578582, 398.376091, 2941, 113262.296875, 10350001, 26211559, 244883314, 281444874, 29840919.948156357, 93188.82897949219, 163899.42774699998, inf, 348.83720930232556, 853.6807292264931, 51809.506538, 52049.905314, 0.458891, 6154.372104, 53837.300186, 47.884714, 1462, 82967.984375, 5130001, 36554702, 120457819, 162142522, 29675925.220251083, 44166.09014892578, 130704.280839, inf, 697.6744186046511, 1406.86218099796, 76237.293713, 24478.374575, 0.10661, 3064.69024, 26917.989115, 5.826586, 731, 57384.91796875, 2550001, 53004232, 57877342, 113431575
30000, 30000, 0, 0, dp_19.000000, 30026428.967054367, 185278.34313964844, 291623.364109, inf, 173.41040462427745, 522.6146242125998, 38824.503353, 118693.048833, 2.117702, 12566.967498, 121036.724915, 500.001808, 3287, 104419.8984375, 10350001, 26211559, 274337256, 310898816, 29839996.705602646, 92265.58642578125, 176893.53108900003, inf, 348.83720930232556, 853.6807292264931, 51809.506538, 58247.558943, 0.462938, 6154.372104, 60621.722062, 59.908504, 1634, 78592.5234375, 5130001, 36554702, 134978747, 176663450, 29675159.7029171, 43400.572814941406, 137199.186128, inf, 697.6744186046511, 1406.86218099796, 76237.293713, 27338.515894, 0.092423, 3064.69024, 30551.23022, 7.363638, 817, 55303.0390625, 2550001, 53004232, 64943170, 120497403
30000, 30000, 0, 0, dp_21.000000, 30025565.747449875, 184415.12353515625, 317272.024351, inf, 173.41040462427745, 522.6146242125998, 38824.503353, 131135.011592, 2.123643, 12566.967498, 134130.398456, 613.019809, 3633, 96831.1171875, 10350001, 26211559, 303791198, 340352758, 29838354.77359581, 90623.65441894531, 189299.12469, inf, 348.83720930232556, 853.6807292264931, 51809.506538, 64340.273199, 0.46896, 6154.372104, 66920.439652, 74.064237, 1806, 74830.40625, 5130001, 36554702, 149499675, 191184378, 29674847.860876083, 43088.73077392578, 143499.15916500002, inf, 697.6744186046511, 1406.86218099796, 76237.293713, 30454.392276, 0.11212, 3064.69024, 33733.622838, 9.047978, 903, 53230.4375, 2550001, 53004232, 72188602, 127742835
30000, 30000, 0, 0, dp_23.000000, 30025076.019117355, 183925.39520263672, 343352.90942899993, inf, 173.41040462427745, 522.6146242125998, 38824.503353, 143764.589739, 2.129504, 12566.967498, 147457.90105, 736.818285, 3979, 90084.6015625, 10350001, 26211559, 333245140, 369806700, 29838252.72470665, 90521.60552978516, 201990.663624, inf, 348.83720930232556, 853.6807292264931, 51809.506538, 70399.667699, 0.47509, 6154.372104, 73537.609906, 89.032287, 1978, 71155.03125, 5130001, 36554702, 163946152, 205630855, 29674752.634679794, 42993.50457763672, 149766.158625, inf, 697.6744186046511, 1406.86218099796, 76237.293713, 33375.052247, 0.090429, 3064.69024, 37078.167853, 10.864143, 989, 51568.06640625, 2550001, 53004232, 79194562, 134748795
30000, 30000, 0, 0, dp_25.000000, 30024252.000745773, 183101.3768310547, 369005.56413699995, inf, 173.41040462427745, 522.6146242125998, 38824.503353, 156167.991903, 2.137519, 12566.967498, 160569.112294, 874.85157, 4325, 83850.8046875, 10350001, 26211559, 362699082, 399260642, 29838252.72470665, 90521.60552978516, 214424.843665, inf, 348.83720930232556, 853.6807292264931, 51809.506538, 76187.943062, 0.474129, 6154.372104, 80166.138541, 106.409291, 2150, 68077.0703125, 5130001, 36554702, 178020374, 219705077, 29674238.769506454, 42479.639404296875, 156532.01663700002, inf, 697.6744186046511, 1406.86218099796, 76237.293713, 36392.268266, 0.090731, 3064.69024, 40824.838769, 12.834918, 1075, 50119.96875, 2550001, 53004232, 86410060, 141964293
30000, 30000, 0, 0, dp_27.000000, 30024167.75758171, 183017.1336669922, 394996.1996, inf, 173.41040462427745, 522.6146242125998, 38824.503353, 168701.283266, 2.144151, 12566.967498, 173884.533105, 1016.768227, 4671, 77923.578125, 10350001, 26211559, 392153024, 428714584, 29837953.523046494, 90222.4038696289, 227570.300352, inf, 348.83720930232556, 853.6807292264931, 51809.506538, 82409.963127, 0.466595, 6154.372104, 87072.245659, 123.746329, 2322, 65421.71484375, 5130001, 36554702, 192417217, 234101920, 29674238.769506454, 42479.639404296875, 162638.36314899998, inf, 697.6744186046511, 1406.86218099796, 76237.293713, 39317.42005, 0.100629, 3064.69024, 44003.833673, 15.024844, 1161, 48685.7421875, 2550001, 53004232, 93505822, 149060055
30000, 30000, 0, 0, dp_29.000000, 30023536.467847824, 182385.84393310547, 421075.578005, inf, 173.41040462427745, 522.6146242125998, 38824.503353, 181229.987147, 2.142278, 12566.967498, 187277.534808, 1174.442921, 5017, 72357.1953125, 10350001, 26211559, 421606966, 458168526, 29837013.243200302, 89282.1240234375, 240483.94059100002, inf, 348.83720930232556, 853.6807292264931, 51809.506538, 88380.568345, 0.467867, 6154.372104, 93995.563159, 143.462578, 2494, 62937.92578125, 5130001, 36554702, 206938145, 248622848, 29673765.196020126, 42006.06591796875, 168959.93327, inf, 697.6744186046511, 1406.86218099796, 76237.293713, 42387.693556, 0.109095, 3064.69024, 47252.605612, 17.541054, 1247, 47298.015625, 2550001, 53004232, 100661452, 156215685
30000, 30000, 0, 0, dp_3.000000, 30052757.418043137, 211606.79412841797, 83989.194411, inf, 173.41040462427745, 522.6146242125998, 38824.503353, 19199.122804, 2.57569, 12566.967498, 13387.527451, 8.497615, 519, 248337.296875, 10350001, 26211559, 38885702, 75447262, 29850754.262792587, 103023.14361572266, 74080.065419, inf, 348.83720930232556, 853.6807292264931, 51809.506538, 9418.978814, 0.424165, 6154.372104, 6695.756672, 1.027126, 258, 155546.5, 5130001, 36554702, 19147447, 60832150, 29681416.615392685, 49657.485290527344, 87458.66492499999, inf, 697.6744186046511, 1406.86218099796, 76237.293713, 4696.652609, 0.09053, 3064.69024, 3459.780498, 0.157335, 129, 92085.3984375, 2550001, 53004232, 9397012, 64951245
30000, 30000, 0, 0, dp_31.000000, 30022909.439100266, 181758.81518554688, 447095.623953, inf, 173.41040462427745, 522.6146242125998, 38824.503353, 193745.40666, 2.260429, 12566.967498, 200613.483097, 1343.002916, 5363, 67169.0078125, 10350001, 26211559, 451060908, 487622468, 29836286.276830673, 88555.1576538086, 252813.65151, inf, 348.83720930232556, 853.6807292264931, 51809.506538, 94531.79506, 0.465112, 6154.372104, 100153.305524, 164.207172, 2666, 60555.83203125, 5130001, 36554702, 221459073, 263143776, 29673511.122472763, 41751.99237060547, 174852.87023, inf, 697.6744186046511, 1406.86218099796, 76237.293713, 45231.749816, 0.091682, 3064.69024, 50299.144971, 19.899808, 1333, 46117.015625, 2550001, 53004232, 107697346, 163251579
30000, 30000, 0, 0, dp_33.000000, 30022628.902723312, 181478.27880859375, 473299.24651400006, inf, 173.41040462427745, 522.6146242125998, 38824.503353, 206275.358658, 2.16452, 12566.967498, 214108.343938, 1521.908547, 5709, 62468.66015625, 10350001, 26211559, 480514850, 517076410, 29835438.404455185, 87707.28527832031, 265429.446029, inf, 348.83720930232556, 853.6807292264931, 51809.506538, 100710.296764, 0.476303, 6154.372104, 106568.068132, 186.726188, 2838, 58485.73828125, 5130001, 36554702, 235980001, 277664704, 29673442.09567833, 41682.965576171875, 181186.660025, inf, 697.6744186046511, 1406.86218099796, 76237.293713, 48180.114587, 0.103003, 3064.69024, 53681.769484, 22.688998, 1419, 45084.609375, 2550001, 53004232, 114643438, 170197671
30000, 30000, 0, 0, dp_35.000000, 30022081.805433273, 180931.1815185547, 499458.959555, inf, 173.41040462427745, 522.6146242125998, 38824.503353, 218668.182079, 2.359786, 12566.967498, 227683.681336, 1713.265503, 6055, 58101.56640625, 10350001, 26211559, 509698819, 546260379, 29835438.404455185, 87707.28527832031, 278390.18963100004, inf, 348.83720930232556, 853.6807292264931, 51809.506538, 106993.552239, 0.471704, 6154.372104, 113222.295461, 209.991585, 3010, 56426.16796875, 5130001, 36554702, 250500929, 292185632, 29673188.58029747, 41429.4501953125, 187663.20282000003, inf, 697.6744186046511, 1406.86218099796, 76237.293713, 51299.466538, 0.109315, 3064.69024, 57035.868139, 25.774875, 1505, 43919.3203125, 2550001, 53004232, 122008606, 177562839
30000, 30000, 0, 0, dp_37.000000, 30022040.296827316, 180889.67291259766, 525486.7298270001, inf, 173.41040462427745, 522.6146242125998, 38824.503353, 231107.153645, 2.201438, 12566.967498, 241066.451239, 1919.452654, 6401, 54373.47265625, 10350001, 26211559, 539152761, 575714321, 29834676.65714073, 86945.53796386719, 291481.10330699995, inf, 348.83720930232556, 853.6807292264931, 51809.506538, 113293.008057, 0.471263, 6154.372104, 119988.744131, 235.001214, 3182, 54383.90234375, 5130001, 36554702, 265021857, 306706560, 29673119.553503036, 41360.423400878906, 194513.662949, inf, 697.6744186046511, 1406.86218099796, 76237.293713, 54146.207537, 0.108223, 3064.69024, 61036.561835, 28.801401, 1591, 42904.80859375, 2550001, 53004232, 128954698, 184508931
30000, 30000, 0, 0, dp_39.000000, 30020986.3252697, 179835.70135498047, 551710.061071, inf, 173.41040462427745, 522.6146242125998, 38824.503353, 243825.160579, 2.315873, 12566.967498, 254362.429147, 2128.684621, 6747, 50978.1484375, 10350001, 26211559, 568606703, 605168263, 29834375.62137413, 86644.50219726562, 306076.22878299997, inf, 348.83720930232556, 853.6807292264931, 51809.506538, 119273.141193, 0.473548, 6154.372104, 128577.373414, 261.361986, 3354, 52470.82421875, 5130001, 36554702, 279542785, 321227488, 29673119.553503036, 41360.423400878906, 200267.069705, inf, 697.6744186046511, 1406.86218099796, 76237.293713, 57299.702036, 0.107482, 3064.69024, 63633.330257, 31.945977, 1677, 41742.3125, 2550001, 53004232, 136319866, 191874099
30000, 30000, 0, 0, dp_5.000000, 30046061.592298508, 204910.96838378906, 110330.234812, inf, 173.41040462427745, 522.6146242125998, 38824.503353, 31984.400716, 2.199685, 12566.967498, 26922.881919, 29.281641, 865, 208097.625, 10350001, 26211559, 68279650, 104841210, 29848359.03507042, 100627.91589355469, 86858.58760099999, inf, 348.83720930232556, 853.6807292264931, 51809.506538, 15516.534101, 0.421921, 6154.372104, 13374.28844, 3.464497, 430, 132991.5625, 5130001, 36554702, 33638768, 75323471, 29679525.37741661, 47766.247314453125, 93810.840737, inf, 697.6744186046511, 1406.86218099796, 76237.293713, 7609.699576, 0.091752, 3064.69024, 6898.604562, 0.460894, 215, 80969.9609375, 2550001, 53004232, 16492774, 72047007
30000, 30000, 0, 0, dp_7.000000, 30040140.02546501, 198989.40155029297, 136037.20703500003, inf, 173.41040462427745, 522.6146242125998, 38824.503353, 44219.746235, 2.182854, 12566.967498, 40362.817586, 60.989509, 1211, 182290.75, 10350001, 26211559, 97733592, 134295152, 29845274.289159775, 97543.16998291016, 99533.609764, inf, 348.83720930232556, 853.6807292264931, 51809.506538, 21565.425192, 0.42665, 6154.372104, 19996.396759, 7.482521, 602, 118048.75, 5130001, 36554702, 48070875, 89755578, 29679016.8334713, 47257.703369140625, 100195.938288, inf, 697.6744186046511, 1406.86218099796, 76237.293713, 10489.00942, 0.093386, 3064.69024, 10403.904653, 0.946876, 301, 74165.7734375, 2550001, 53004232, 23532049, 79086282
30000, 30000, 0, 0, dp_9.000000, 30036645.537733078, 195494.91381835938, 161971.542689, inf, 173.41040462427745, 522.6146242125998, 38824.503353, 56781.213938, 2.793879, 12566.967498, 53691.436591, 104.62743, 1557, 163203.4375, 10350001, 26211559, 127127540, 163689100, 29843813.72434044, 96082.60516357422, 112232.506334, inf, 348.83720930232556, 853.6807292264931, 51809.506538, 27613.363698, 0.429255, 6154.372104, 26642.165591, 12.669148, 774, 106961.296875, 5130001, 36554702, 62542169, 104226872, 29678286.8044796, 46527.674377441406, 106331.19219599999, inf, 697.6744186046511, 1406.86218099796, 76237.293713, 13366.117164, 0.09053, 3064.69024, 13661.234097, 1.766452, 387, 69915.75, 2550001, 53004232, 30511456, 86065689
30000, 30000, 0, 0, fixed_reps_1, 30068342.095228195, 227191.47131347656, 58596.58973099999, inf, 173.41040462427745, 522.6146242125998, 38824.503353, 7150.086071, 2.26598, 12566.967498, 52.766829, 0, 173, 396368.5, 10350001, 26211559, 9512017, 46073577, 29860514.48856163, 112783.36938476562, 61398.35733200001, inf, 348.83720930232556, 853.6807292264931, 51809.506538, 3381.892338, 0.424937, 6154.372104, 52.161415, 0, 86, 221528.25, 5130001, 36554702, 4656126, 46340829, 29686063.80460167, 54304.67449951172, 80993.291511, inf, 697.6744186046511, 1406.86218099796, 76237.293713, 1640.437893, 0.092554, 3064.69024, 50.777111, 0, 43, 120039, 2550001, 53004232, 2264653, 57818886
30000, 30000, 0, 0, fixed_reps_11, 30044270.596754074, 203119.97283935547, 121021.01948999999, inf, 173.41040462427745, 522.6146242125998, 38824.503353, 69194.379983, 2.242724, 12566.967498, 432.925932, 0, 1903, 210606.21875, 10350001, 26211559, 104630457, 141192017, 29847565.668066025, 99834.54888916016, 92044.143852, inf, 348.83720930232556, 853.6807292264931, 51809.506538, 33638.482719, 0.492724, 6154.372104, 441.289767, 0, 946, 134573.84375, 5130001, 36554702, 51216526, 92901229, 29679269.715429306, 47510.58532714844, 95948.19547600001, inf, 697.6744186046511, 1406.86218099796, 76237.293713, 16215.90011, 0.093165, 3064.69024, 430.218248, 0, 473, 76815.4921875, 2550001, 53004232, 24910753, 80464986
30000, 30000, 0, 0, fixed_reps_13, 30043087.982862473, 201937.3589477539, 133838.098398, inf, 173.41040462427745, 522.6146242125998, 38824.503353, 81933.976957, 2.484216, 12566.967498, 510.166374, 0, 2249, 201826.09375, 10350001, 26211559, 123654145, 160215705, 29846494.973852158, 98763.85467529297, 98165.77952400001, inf, 348.83720930232556, 853.6807292264931, 51809.506538, 39685.844218, 0.473478, 6154.372104, 515.583186, 0, 1118, 127203.0546875, 5130001, 36554702, 60528606, 102213309, 29677705.347631454, 45946.217529296875, 99009.71901700001, inf, 697.6744186046511, 1406.86218099796, 76237.293713, 19200.235893, 0.090199, 3064.69024, 507.408972, 0, 559, 73440.2421875, 2550001, 53004232, 29439973, 84994206
30000, 30000, 0, 0, fixed_reps_15, 30040411.73921013, 199261.11529541016, 145165.716696, inf, 173.41040462427745, 522.6146242125998, 38824.503353, 93191.162287, 2.968115, 12566.967498, 580.115443, 0, 2595, 191018.09375, 10350001, 26211559, 142677833, 179239393, 29846072.72055626, 98341.60137939453, 104244.432592, inf, 348.83720930232556, 853.6807292264931, 51809.506538, 45693.057249, 0.481793, 6154.372104, 587.014908, 0, 1290, 123723.484375, 5130001, 36554702, 69840686, 111525389, 29677511.655553818, 45752.525451660156, 101988.734002, inf, 697.6744186046511, 1406.86218099796, 76237.293713, 22091.705961, 0.107381, 3064.69024, 594.936707, 0, 645, 71765.859375, 2550001, 53004232, 33969193, 89523426
30000, 30000, 0, 0, fixed_reps_17, 30038910.033643723, 197759.4097290039, 157608.816478, inf, 173.41040462427745, 522.6146242125998, 38824.503353, 105555.622004, 2.239021, 12566.967498, 659.484602, 0, 2941, 181610.984375, 10350001, 26211559, 161701521, 198263081, 29844922.231298447, 97191.11212158203, 110393.875004, inf, 348.83720930232556, 853.6807292264931, 51809.506538, 51752.274323, 0.467176, 6154.372104, 677.254863, 0, 1462, 115638.0390625, 5130001, 36554702, 79152766, 120837469, 29677495.12967491, 45735.999572753906, 104949.592542, inf, 697.6744186046511, 1406.86218099796, 76237.293713, 24973.652259, 0.091943, 3064.69024, 673.864387, 0, 731, 68747.9453125, 2550001, 53004232, 38498413, 94052646
30000, 30000, 0, 0, fixed_reps_19, 30038347.57740593, 197196.95349121094, 170028.493861, inf, 173.41040462427745, 522.6146242125998, 38824.503353, 117898.294887, 2.18218, 12566.967498, 736.545943, 0, 3287, 172632.859375, 10350001, 26211559, 180725209, 217286769, 29844695.13724327, 96964.01806640625, 116463.53660500002, inf, 348.83720930232556, 853.6807292264931, 51809.506538, 57759.281066, 0.466986, 6154.372104, 739.909911, 0, 1634, 109763.328125, 5130001, 36554702, 88464846, 130149549, 29676862.897436142, 45103.767333984375, 107961.888716, inf, 697.6744186046511, 1406.86218099796, 76237.293713, 27906.458792, 0.114575, 3064.69024, 753.331396, 0, 817, 66199.5859375, 2550001, 53004232, 43027633, 98581866
30000, 30000, 0, 0, fixed_reps_21, 30036709.60789299, 195558.98397827148, 182442.249429, inf, 173.41040462427745, 522.6146242125998, 38824.503353, 130234.752104, 2.191062, 12566.967498, 813.835412, 0, 3633, 165851.265625, 10350001, 26211559, 199748897, 236310457, 29843505.35599327, 95774.23681640625, 122536.333463, inf, 348.83720930232556, 853.6807292264931, 51809.506538, 63738.231077, 0.470873, 6154.372104, 833.752871, 0, 1806, 107235.890625, 5130001, 36554702, 97776926, 139461629, 29676385.698827744, 44626.56872558594, 110921.16821899998, inf, 697.6744186046511, 1406.86218099796, 76237.293713, 30793.312828, 0.088035, 3064.69024, 825.783403, 0, 903, 64713.640625, 2550001, 53004232, 47556853, 103111086
30000, 30000, 0, 0, fixed_reps_23, 30036166.163496017, 195015.53958129883, 195436.514272, inf, 173.41040462427745, 522.6146242125998, 38824.503353, 143152.50756, 2.220164, 12566.967498, 890.315697, 0, 3979, 160362.9375, 10350001, 26211559, 218772585, 255334145, 29842877.21738243, 95146.0982055664, 128632.403586, inf, 348.83720930232556, 853.6807292264931, 51809.506538, 69772.538175, 0.470532, 6154.372104, 895.516237, 0, 1978, 103878.875, 5130001, 36554702, 107089006, 148773709, 29676385.698827744, 44626.56872558594, 113955.703129, inf, 697.6744186046511, 1406.86218099796, 76237.293713, 33753.140944, 0.108954, 3064.69024, 900.469278, 0, 989, 62957.2109375, 2550001, 53004232, 52086073, 107640306
30000, 30000, 0, 0, fixed_reps_25, 30034023.226179123, 192872.6022644043, 207430.38348599998, inf, 173.41040462427745, 522.6146242125998, 38824.503353, 155069.114117, 2.194956, 12566.967498, 967.603562, 0, 4325, 150657.96875, 10350001, 26211559, 237796273, 274357833, 29842428.953710556, 94697.8345336914, 134716.56240999998, inf, 348.83720930232556, 853.6807292264931, 51809.506538, 75777.866186, 0.471875, 6154.372104, 974.345707, 0, 2150, 98113.8828125, 5130001, 36554702, 116401086, 158085789, 29675761.285863876, 44002.15576171875, 116979.314141, inf, 697.6744186046511, 1406.86218099796, 76237.293713, 36686.009458, 0.088106, 3064.69024, 991.232624, 0, 1075, 62180.99609375, 2550001, 53004232, 56615293, 112169526
30000, 30000, 0, 0, fixed_reps_27, 30033573.19254875, 192422.5686340332, 219776.334238, inf, 173.41040462427745, 522.6146242125998, 38824.503353, 167337.835453, 2.228891, 12566.967498, 1044.799043, 0, 4671, 146033.90625, 10350001, 26211559, 256819961, 293381521, 29842266.912267685, 94535.79309082031, 140756.101555, inf, 348.83720930232556, 853.6807292264931, 51809.506538, 81735.756633, 0.483297, 6154.372104, 1055.982983, 0, 2322, 93955.484375, 5130001, 36554702, 125713166, 167397869, 29675436.787755966, 43677.657653808594, 119925.54821800001, inf, 697.6744186046511, 1406.86218099796, 76237.293713, 39549.813995, 0.09106, 3064.69024, 1073.65921, 0, 1161, 61283.83984375, 2550001, 53004232, 61144513, 116698746
30000, 30000, 0, 0, fixed_reps_29, 30033252.22672844, 192101.6028137207, 232176.305539, inf, 173.41040462427745, 522.6146242125998, 38824.503353, 179659.57624, 2.235643, 12566.967498, 1123.022805, 0, 5017, 142033.15625, 10350001, 26211559, 275843649, 312405209, 29842250.037023544, 94518.91784667969, 146948.745853, inf, 348.83720930232556, 853.6807292264931, 51809.506538, 87851.945909, 0.477946, 6154.372104, 1132.443356, 0, 2494, 92598.734375, 5130001, 36554702, 135025246, 176709949, 29675436.787755966, 43677.657653808594, 122984.59466500001, inf, 697.6744186046511, 1406.86218099796, 76237.293713, 42519.635226, 0.088696, 3064.69024, 1162.88679, 0, 1247, 60284.8671875, 2550001, 53004232, 65673733, 121227966
30000, 30000, 0, 0, fixed_reps_3, 30057917.239881516, 216766.61596679688, 71135.863736, inf, 173.41040462427745, 522.6146242125998, 38824.503353, 19623.21628, 2.182532, 12566.967498, 118.994073, 0, 519, 314907.375, 10350001, 26211559, 28535705, 65097265, 29855052.675268173, 107321.5560913086, 67533.479923, inf, 348.83720930232556, 853.6807292264931, 51809.506538, 9452.796554, 0.465263, 6154.372104, 116.339464, 0, 258, 180091.515625, 5130001, 36554702, 13968206, 55652909, 29684651.576208115, 52892.44610595703, 83956.171236, inf, 697.6744186046511, 1406.86218099796, 76237.293713, 4537.463875, 0.093805, 3064.69024, 116.629603, 0, 129, 106906.5625, 2550001, 53004232, 6793873, 62348106
30000, 30000, 0, 0, fixed_reps_31, 30032262.294721603, 191111.67080688477, 245159.13798899998, inf, 173.41040462427745, 522.6146242125998, 38824.503353, 192566.465144, 2.184637, 12566.967498, 1199.017357, 0, 5363, 138066.0625, 10350001, 26211559, 294867337, 331428897, 29841820.99106407, 94089.87188720703, 152965.13856199998, inf, 348.83720930232556, 853.6807292264931, 51809.506538, 93797.275753, 0.465833, 6154.372104, 1203.518334, 0, 2666, 91040.65625, 5130001, 36554702, 144337326, 186022029, 29675436.787755966, 43677.657653808594, 125942.194227, inf, 697.6744186046511, 1406.86218099796, 76237.293713, 45388.978918, 0.112772, 3064.69024, 1251.118584, 0, 1333, 59278.02734375, 2550001, 53004232, 70202953, 125757186
30000, 30000, 0, 0, fixed_reps_33, 30031189.05369377, 190038.42977905273, 257058.604098, inf, 173.41040462427745, 522.6146242125998, 38824.503353, 204388.792774, 2.289622, 12566.967498, 1276.050851, 0, 5709, 134784.75, 10350001, 26211559, 313891025, 350452585, 29841397.87076378, 93666.75158691406, 159037.029518, inf, 348.83720930232556, 853.6807292264931, 51809.506538, 99794.198857, 0.464832, 6154.372104, 1278.487187, 0, 2838, 85681.8515625, 5130001, 36554702, 153649406, 195334109, 29675387.279211044, 43628.14910888672, 128913.238513, inf, 697.6744186046511, 1406.86218099796, 76237.293713, 48312.524192, 0.086452, 3064.69024, 1298.643916, 0, 1419, 58605.73046875, 2550001, 53004232, 74732173, 130286406
30000, 30000, 0, 0, fixed_reps_35, 30030138.790327072, 188988.16641235352, 269759.480567, inf, 173.41040462427745, 522.6146242125998, 38824.503353, 217014.906604, 2.162054, 12566.967498, 1350.941058, 0, 6055, 131227.9375, 10350001, 26211559, 332914713, 369476273, 29841104.663366318, 93373.54418945312, 165207.85738600002, inf, 348.83720930232556, 853.6807292264931, 51809.506538, 105888.122415, 0.475091, 6154.372104, 1355.381238, 0, 3010, 84052.5390625, 5130001, 36554702, 162961486, 204646189, 29675252.719884872, 43493.589782714844, 131888.238003, inf, 697.6744186046511, 1406.86218099796, 76237.293713, 51218.03095, 0.103394, 3064.69024, 1368.119706, 0, 1505, 57111.578125, 2550001, 53004232, 79261393, 134815626
30000, 30000, 0, 0, fixed_reps_37, 30028791.4073925, 187640.7834777832, 282058.843931, inf, 173.41040462427745, 522.6146242125998, 38824.503353, 229231.23088, 2.132879, 12566.967498, 1434.009321, 0, 6401, 128663.8359375, 10350001, 26211559, 351938401, 388499961, 29840736.94217491, 93005.82299804688, 171293.650662, inf, 348.83720930232556, 853.6807292264931, 51809.506538, 111895.461373, 0.462047, 6154.372104, 1433.8486, 0, 3182, 83078.3671875, 5130001, 36554702, 172273566, 213958269, 29675187.379980087, 43428.24987792969, 134910.455552, inf, 697.6744186046511, 1406.86218099796, 76237.293713, 54132.084991, 0.087614, 3064.69024, 1476.298994, 0, 1591, 56572.13671875, 2550001, 53004232, 83790613, 139344846
30000, 30000, 0, 0, fixed_reps_39, 30028468.020490646, 187317.39657592773, 294373.85171899997, inf, 173.41040462427745, 522.6146242125998, 38824.503353, 241474.040997, 2.173396, 12566.967498, 1506.166475, 0, 6747, 122898.171875, 10350001, 26211559, 370962089, 407523649, 29840615.897680283, 92884.77850341797, 177348.091239, inf, 348.83720930232556, 853.6807292264931, 51809.506538, 117874.579453, 0.468238, 6154.372104, 1509.164906, 0, 3354, 80909.375, 5130001, 36554702, 181585646, 223270349, 29675036.201696396, 43277.07159423828, 137884.91931, inf, 697.6744186046511, 1406.86218099796, 76237.293713, 57028.084251, 0.088346, 3064.69024, 1554.76276, 0, 1677, 55983.46484375, 2550001, 53004232, 88319833, 143874066
30000, 30000, 0, 0, fixed_reps_41, 30027922.621320724, 186771.99740600586, 307263.365813, inf, 173.41040462427745, 522.6146242125998, 38824.503353, 254287.55116, 2.123903, 12566.967498, 1582.219899, 0, 7093, 117279.296875, 10350001, 26211559, 389985777, 426547337, 29840615.897680283, 92884.77850341797, 183436.701899, inf, 348.83720930232556, 853.6807292264931, 51809.506538, 123884.894363, 0.473368, 6154.372104, 1587.455526, 0, 3526, 79034.3828125, 5130001, 36554702, 190897726, 232582429, 29674710.017248154, 42950.887145996094, 140902.893304, inf, 697.6744186046511, 1406.86218099796, 76237.293713, 59947.97402, 0.088636, 3064.69024, 1652.846695, 0, 1763, 55486.54296875, 2550001, 53004232, 92849053, 148403286
30000, 30000, 0, 0, fixed_reps_5, 30053417.43891716, 212266.8150024414, 83717.962007, inf, 173.41040462427745, 522.6146242125998, 38824.503353, 32126.546685, 2.287358, 12566.967498, 197.657113, 0, 865, 269868.75, 10350001, 26211559, 47559393, 84120953, 29851091.894750595, 103360.77557373047, 73658.38926899999, inf, 348.83720930232556, 853.6807292264931, 51809.506538, 15496.942602, 0.420789, 6154.372104, 197.147236, 0, 430, 162043.1875, 5130001, 36554702, 23280286, 64964989, 29681851.15299034, 50092.022888183594, 86952.363481, inf, 697.6744186046511, 1406.86218099796, 76237.293713, 7455.108983, 0.090329, 3064.69024, 195.180216, 0, 215, 95490.0703125, 2550001, 53004232, 11323093, 66877326
30000, 30000, 0, 0, fixed_reps_7, 30048764.518507004, 207613.89459228516, 96128.882141, inf, 173.41040462427745, 522.6146242125998, 38824.503353, 44459.306384, 2.239884, 12566.967498, 275.865022, 0, 1211, 242519.84375, 10350001, 26211559, 66583081, 103144641, 29849131.550146103, 101400.43096923828, 79835.936687, inf, 348.83720930232556, 853.6807292264931, 51809.506538, 21592.243919, 0.475391, 6154.372104, 279.338735, 0, 602, 149403.390625, 5130001, 36554702, 32592366, 74277069, 29681404.142126083, 49645.01202392578, 89961.62707000002, inf, 697.6744186046511, 1406.86218099796, 76237.293713, 10386.007205, 0.107331, 3064.69024, 273.528581, 0, 301, 90967.203125, 2550001, 53004232, 15852313, 71406546
30000, 30000, 0, 0, fixed_reps_9, 30046862.875257492, 205712.25134277344, 108429.669971, inf, 173.41040462427745, 522.6146242125998, 38824.503353, 56679.98586, 2.254731, 12566.967498, 355.958529, 0, 1557, 223906.421875, 10350001, 26211559, 85606769, 122168329, 29848500.66562462, 100769.5464477539, 86008.945389, inf, 348.83720930232556, 853.6807292264931, 51809.506538, 27689.434213, 0.429135, 6154.372104, 355.203399, 0, 774, 139332.953125, 5130001, 36554702, 41904446, 83589149, 29679988.282079697, 48229.15197753906, 92935.64264800001, inf, 697.6744186046511, 1406.86218099796, 76237.293713, 13280.946072, 0.092994, 3064.69024, 352.619629, 0, 387, 84606.0546875, 2550001, 53004232, 20381533, 75935766
30000, 30000, 0, 0, greedy_1.000000, 30068342.095228195, 227191.47131347656, 58304.816595, inf, 173.41040462427745, 522.6146242125998, 38824.503353, 6873.323953, 2.449062, 12566.967498, 37.56247, 0.010259, 173, 396368.5, 10350001, 26211559, 9512017, 46073577, 29860514.48856163, 112783.36938476562, 61342.952927000006, inf, 348.83720930232556, 853.6807292264931, 51809.506538, 3341.299823, 0.4695, 6154.372104, 37.300464, 0.004498, 86, 221528.25, 5130001, 36554702, 4656126, 46340829, 29686063.80460167, 54304.67449951172, 80975.37456000001, inf, 697.6744186046511, 1406.86218099796, 76237.293713, 1635.684694, 0.093636, 3064.69024, 37.609261, 0.003016, 43, 120039, 2550001, 53004232, 2264653, 57818886
30000, 30000, 0, 0, greedy_11.000000, 30039647.471876144, 198496.84796142578, 188171.58424, inf, 173.41040462427745, 522.6146242125998, 38824.503353, 69499.026534, 2.701236, 12566.967498, 67277.743165, 0.642454, 1903, 186979.234375, 10350001, 26211559, 156641476, 193203036, 29845784.877111435, 98053.75793457031, 125021.504923, inf, 348.83720930232556, 853.6807292264931, 51809.506538, 33754.885461, 0.476083, 6154.372104, 33302.105869, 0.158868, 946, 128981.3203125, 5130001, 36554702, 76870218, 118554921, 29678651.530187607, 46892.40008544922, 112792.97898900002, inf, 697.6744186046511, 1406.86218099796, 76237.293713, 16289.592952, 0.109976, 3064.69024, 17201.241613, 0.050495, 473, 74746.40625, 2550001, 53004232, 37494145, 93048378
30000, 30000, 0, 0, greedy_13.000000, 30036878.559858322, 195727.93594360352, 213374.189637, inf, 173.41040462427745, 522.6146242125998, 38824.503353, 81518.645282, 2.138741, 12566.967498, 80461.400141, 0.534622, 2249, 170505.421875, 10350001, 26211559, 186095418, 222656978, 29844360.456029892, 96629.33685302734, 138048.833656, inf, 348.83720930232556, 853.6807292264931, 51809.506538, 39796.719128, 0.482144, 6154.372104, 40287.577031, 0.176711, 1118, 121577.8828125, 5130001, 36554702, 91391146, 133075849, 29677737.55484581, 45978.424743652344, 118774.818945, inf, 697.6744186046511, 1406.86218099796, 76237.293713, 19206.77743, 0.110097, 3064.69024, 20265.896269, 0.051196, 559, 67943.453125, 2550001, 53004232, 44649775, 100204008
30000, 30000, 0, 0, greedy_15.000000, 30034533.993940353, 193383.37002563477, 239022.146324, inf, 173.41040462427745, 522.6146242125998, 38824.503353, 93879.365018, 2.165471, 12566.967498, 93748.530041, 0.614943, 2595, 157937.5625, 10350001, 26211559, 215549360, 252110920, 29843338.354467392, 95607.23529052734, 150644.87155, inf, 348.83720930232556, 853.6807292264931, 51809.506538, 45862.955888, 0.467156, 6154.372104, 46817.363447, 0.206417, 1290, 111681.5703125, 5130001, 36554702, 105912074, 147596777, 29677355.57425499, 45596.44415283203, 125096.14237900001, inf, 697.6744186046511, 1406.86218099796, 76237.293713, 22211.328157, 0.109135, 3064.69024, 23582.659238, 0.061896, 645, 65186.359375, 2550001, 53004232, 51805405, 107359638
30000, 30000, 0, 0, greedy_17.000000, 30032754.95603752, 191604.33212280273, 264872.79123699997, inf, 173.41040462427745, 522.6146242125998, 38824.503353, 106192.720287, 2.15916, 12566.967498, 107285.578582, 0.862357, 2941, 144279.90625, 10350001, 26211559, 244883314, 281444874, 29842684.77335167, 94953.65417480469, 163746.557724, inf, 348.83720930232556, 853.6807292264931, 51809.506538, 51944.682661, 0.465373, 6154.372104, 53837.300186, 0.230862, 1462, 107420.6796875, 5130001, 36554702, 120433002, 162117705, 29677082.146886826, 45323.01678466797, 131346.121254, inf, 697.6744186046511, 1406.86218099796, 76237.293713, 25125.964922, 0.095579, 3064.69024, 26917.989115, 0.087685, 731, 63854.59765625, 2550001, 53004232, 58961035, 114515268
30000, 30000, 0, 0, greedy_19.000000, 30031014.596113205, 189863.97219848633, 291096.266799, inf, 173.41040462427745, 522.6146242125998, 38824.503353, 118665.025613, 2.247995, 12566.967498, 121036.724915, 0.797425, 3287, 137347.515625, 10350001, 26211559, 274337256, 310898816, 29841867.85312462, 94136.7339477539, 176741.127844, inf, 348.83720930232556, 853.6807292264931, 51809.506538, 58154.800738, 0.460914, 6154.372104, 60621.722062, 0.265488, 1634, 100561.9453125, 5130001, 36554702, 134953930, 176638633, 29676329.308019638, 44570.17791748047, 137967.409715, inf, 697.6744186046511, 1406.86218099796, 76237.293713, 28114.02386, 0.105498, 3064.69024, 30551.23022, 0.066184, 817, 62869.765625, 2550001, 53004232, 66116665, 121670898
30000, 30000, 0, 0, greedy_21.000000, 30030752.62779045, 189602.00387573242, 316608.867913, inf, 173.41040462427745, 522.6146242125998, 38824.503353, 131084.005281, 2.128633, 12566.967498, 134130.398456, 0.864692, 3633, 128733.921875, 10350001, 26211559, 303791198, 340352758, 29840969.461523056, 93238.3423461914, 189125.324166, inf, 348.83720930232556, 853.6807292264931, 51809.506538, 64240.260765, 0.471254, 6154.372104, 66920.439652, 0.273853, 1806, 97367.1484375, 5130001, 36554702, 149474858, 191159561, 29676196.845251083, 44437.71514892578, 144225.144696, inf, 697.6744186046511, 1406.86218099796, 76237.293713, 31189.339082, 0.096261, 3064.69024, 33733.622838, 0.102562, 903, 61281.2890625, 2550001, 53004232, 73272295, 128826528
30000, 30000, 0, 0, greedy_23.000000, 30029584.060712814, 188433.4367980957, 342289.413437, inf, 173.41040462427745, 522.6146242125998, 38824.503353, 143436.934849, 2.121279, 12566.967498, 147457.90105, 0.985408, 3979, 123575.375, 10350001, 26211559, 333125152, 369686712, 29840331.95682335, 92600.83764648438, 201478.64698900003, inf, 348.83720930232556, 853.6807292264931, 51809.506538, 69976.369021, 0.476303, 6154.372104, 73537.609906, 0.313117, 1978, 93109.2890625, 5130001, 36554702, 163424995, 205109698, 29676041.22543907, 44282.09533691406, 150447.682316, inf, 697.6744186046511, 1406.86218099796, 76237.293713, 34067.345063, 0.107822, 3064.69024, 37078.167853, 0.077625, 989, 59409.515625, 2550001, 53004232, 80427925, 135982158
30000, 30000, 0, 0, greedy_25.000000, 30028441.649030685, 187291.0251159668, 367850.148506, inf, 173.41040462427745, 522.6146242125998, 38824.503353, 155886.422357, 2.122801, 12566.967498, 160569.112294, 1.020203, 4325, 116730.90625, 10350001, 26211559, 362579094, 399140654, 29839170.971654892, 91439.85247802734, 214215.22308499998, inf, 348.83720930232556, 853.6807292264931, 51809.506538, 76084.427573, 0.479128, 6154.372104, 80166.138541, 0.299201, 2150, 88646.15625, 5130001, 36554702, 177945923, 219630626, 29675601.75821495, 43842.62811279297, 157204.401602, inf, 697.6744186046511, 1406.86218099796, 76237.293713, 37077.359779, 0.112902, 3064.69024, 40824.838769, 0.106199, 1075, 58437.8359375, 2550001, 53004232, 87583555, 143137788
30000, 30000, 0, 0, greedy_27.000000, 30028062.08787346, 186911.46395874023, 393588.841183, inf, 173.41040462427745, 522.6146242125998, 38824.503353, 168309.60754, 2.121028, 12566.967498, 173884.533105, 1.108659, 4671, 110091.6953125, 10350001, 26211559, 392033036, 428594596, 29838806.517126083, 91075.39794921875, 227162.02959, inf, 348.83720930232556, 853.6807292264931, 51809.506538, 82125.077095, 0.4743, 6154.372104, 87072.245659, 0.353894, 2322, 85441.953125, 5130001, 36554702, 192268315, 233953018, 29675453.30435753, 43694.174255371094, 163157.69929699998, inf, 697.6744186046511, 1406.86218099796, 76237.293713, 39851.666327, 0.107812, 3064.69024, 44003.833673, 0.107532, 1161, 57610.0859375, 2550001, 53004232, 94409911, 149964144
30000, 30000, 0, 0, greedy_29.000000, 30026697.746961594, 185547.123046875, 419489.191987, inf, 173.41040462427745, 522.6146242125998, 38824.503353, 180816.891178, 2.131397, 12566.967498, 187277.534808, 1.163753, 5017, 104558.7421875, 10350001, 26211559, 421486978, 458048538, 29838722.225805283, 90991.10662841797, 240070.88271100004, inf, 348.83720930232556, 853.6807292264931, 51809.506538, 88110.593641, 0.481112, 6154.372104, 93995.563159, 0.366157, 2494, 82318.5546875, 5130001, 36554702, 206789243, 248473946, 29675105.45944786, 43346.329345703125, 169309.272259, inf, 697.6744186046511, 1406.86218099796, 76237.293713, 42754.49933, 0.09063, 3064.69024, 47252.605612, 0.092734, 1247, 55429.0625, 2550001, 53004232, 101296135, 156850368
30000, 30000, 0, 0, greedy_3.000000, 30054380.94282341, 213230.3189086914, 84067.483165, inf, 173.41040462427745, 522.6146242125998, 38824.503353, 19286.244262, 2.134833, 12566.967498, 13387.527451, 0.105768, 519, 280412.75, 10350001, 26211559, 38825708, 75387268, 29852598.8435421, 104867.72436523438, 74032.01304, inf, 348.83720930232556, 853.6807292264931, 51809.506538, 9371.916431, 0.423805, 6154.372104, 6695.756672, 0.03749, 258, 169995.046875, 5130001, 36554702, 19068206, 60752909, 29682870.561925888, 51111.43182373047, 87419.062115, inf, 697.6744186046511, 1406.86218099796, 76237.293713, 4657.18864, 0.092403, 3064.69024, 3459.780498, 0.016621, 129, 100381.1796875, 2550001, 53004232, 9337144, 64891377
30000, 30000, 0, 0, greedy_31.000000, 30025659.68476677, 184509.06085205078, 445344.26335599995, inf, 173.41040462427745, 522.6146242125998, 38824.503353, 193335.906797, 2.13855, 12566.967498, 200613.483097, 1.264061, 5363, 95946.984375, 10350001, 26211559, 450940920, 487502480, 29838612.910985947, 90881.79180908203, 252439.773292, inf, 348.83720930232556, 853.6807292264931, 51809.506538, 94321.704998, 0.484108, 6154.372104, 100153.305524, 0.40002, 2666, 81018.5078125, 5130001, 36554702, 221310171, 262994874, 29675105.45944786, 43346.329345703125, 175202.753123, inf, 697.6744186046511, 1406.86218099796, 76237.293713, 45601.402323, 0.090139, 3064.69024, 50299.144971, 0.131737, 1333, 54629.578125, 2550001, 53004232, 108451765, 164005998
30000, 30000, 0, 0, greedy_33.000000, 30024945.89948845, 183795.27557373047, 471404.988091, inf, 173.41040462427745, 522.6146242125998, 38824.503353, 205901.574403, 2.100489, 12566.967498, 214108.343938, 1.49841, 5709, 92670.953125, 10350001, 26211559, 480394862, 516956422, 29838238.815649033, 90507.69647216797, 265062.104996, inf, 348.83720930232556, 853.6807292264931, 51809.506538, 100529.290245, 0.474149, 6154.372104, 106568.068132, 0.393828, 2838, 79981.21875, 5130001, 36554702, 235831099, 277515802, 29674793.419591904, 43034.289489746094, 181356.138871, inf, 697.6744186046511, 1406.86218099796, 76237.293713, 48372.151274, 0.090951, 3064.69024, 53681.769484, 0.143209, 1419, 52394.2109375, 2550001, 53004232, 115248187, 170802420
30000, 30000, 0, 0, greedy_35.000000, 30024034.64115715, 182884.01724243164, 497543.407127, inf, 173.41040462427745, 522.6146242125998, 38824.503353, 218464.718328, 2.137819, 12566.967498, 227683.681336, 1.398793, 6055, 88752.8515625, 10350001, 26211559, 509848804, 546410364, 29836595.60904503, 88864.48986816406, 277085.685821, inf, 348.83720930232556, 853.6807292264931, 51809.506538, 105898.609646, 0.478948, 6154.372104, 113222.295461, 0.423124, 3010, 75706.3515625, 5130001, 36554702, 249197354, 290882057, 29674110.966344833, 42351.83624267578, 187792.98421300002, inf, 697.6744186046511, 1406.86218099796, 76237.293713, 51454.885308, 0.105989, 3064.69024, 57035.868139, 0.140824, 1505, 51428.109375, 2550001, 53004232, 122403817, 177958050
30000, 30000, 0, 0, greedy_37.000000, 30023666.14860344, 182515.5246887207, 523467.432137, inf, 173.41040462427745, 522.6146242125998, 38824.503353, 231005.82146, 2.096241, 12566.967498, 241066.451239, 1.592346, 6401, 83352.546875, 10350001, 26211559, 539302746, 575864306, 29836184.68436241, 88453.56518554688, 289973.72476, inf, 348.83720930232556, 853.6807292264931, 51809.506538, 112020.178245, 0.478046, 6154.372104, 119988.744131, 0.445696, 3182, 73470.9765625, 5130001, 36554702, 263718282, 305402985, 29673948.560094833, 42189.42999267578, 194710.752433, inf, 697.6744186046511, 1406.86218099796, 76237.293713, 54371.969251, 0.090058, 3064.69024, 61036.561835, 0.147336, 1591, 50964.88671875, 2550001, 53004232, 129559447, 185113680
30000, 30000, 0, 0, greedy_39.000000, 30023214.480054855, 182063.85614013672, 549296.264913, inf, 173.41040462427745, 522.6146242125998, 38824.503353, 243538.543228, 1.95699, 12566.967498, 254362.429147, 1.864697, 6747, 78015.7734375, 10350001, 26211559, 568756688, 605318248, 29836011.495153427, 88280.3759765625, 304868.913662, inf, 348.83720930232556, 853.6807292264931, 51809.506538, 118326.706655, 0.478127, 6154.372104, 128577.373414, 0.476824, 3354, 72544.9453125, 5130001, 36554702, 278239210, 319923913, 29673900.653600693, 42141.523498535156, 199889.699227, inf, 697.6744186046511, 1406.86218099796, 76237.293713, 56954.123437, 0.10705, 3064.69024, 63633.330257, 0.15453, 1677, 50032.72265625, 2550001, 53004232, 135970405, 191524638
30000, 30000, 0, 0, greedy_5.000000, 30050130.92945671, 208980.3055419922, 110396.62230100001, inf, 173.41040462427745, 522.6146242125998, 38824.503353, 32079.614633, 2.429185, 12566.967498, 26922.881919, 0.225713, 865, 243599.640625, 10350001, 26211559, 68279650, 104841210, 29851113.30460167, 103382.18542480469, 86712.16771000001, inf, 348.83720930232556, 853.6807292264931, 51809.506538, 15373.469843, 0.463048, 6154.372104, 13374.28844, 0.067737, 430, 151466.265625, 5130001, 36554702, 33425862, 75110565, 29681080.173864365, 49321.04376220703, 93670.28363900002, inf, 697.6744186046511, 1406.86218099796, 76237.293713, 7469.551034, 0.105237, 3064.69024, 6898.604562, 0.038853, 215, 89150.3046875, 2550001, 53004232, 16293280, 71847513
30000, 30000, 0, 0, greedy_7.000000, 30045750.65827751, 204600.03436279297, 136306.72021, inf, 173.41040462427745, 522.6146242125998, 38824.503353, 44549.721462, 2.408065, 12566.967498, 40362.817586, 0.302246, 1211, 220220.4375, 10350001, 26211559, 97733592, 134295152, 29848872.258764267, 101141.13958740234, 99365.179544, inf, 348.83720930232556, 853.6807292264931, 51809.506538, 21404.350454, 0.466084, 6154.372104, 19996.396759, 0.087605, 602, 140301.21875, 5130001, 36554702, 47828362, 89513065, 29680976.87882042, 49217.74871826172, 100112.13079800001, inf, 697.6744186046511, 1406.86218099796, 76237.293713, 10406.111317, 0.093355, 3064.69024, 10403.904653, 0.03752, 301, 82000.1875, 2550001, 53004232, 23418976, 78973209
30000, 30000, 0, 0, greedy_9.000000, 30040763.783338547, 199613.15942382812, 162013.76705999998, inf, 173.41040462427745, 522.6146242125998, 38824.503353, 56927.975068, 2.517621, 12566.967498, 53691.436591, 0.366929, 1557, 201266, 10350001, 26211559, 127187534, 163749094, 29846692.297948837, 98961.17877197266, 112112.528718, inf, 348.83720930232556, 853.6807292264931, 51809.506538, 27505.899748, 0.471825, 6154.372104, 26642.165591, 0.112912, 774, 134971.90625, 5130001, 36554702, 62349290, 104033993, 29679158.65640831, 47399.526306152344, 106226.237807, inf, 697.6744186046511, 1406.86218099796, 76237.293713, 13262.851802, 0.109485, 3064.69024, 13661.234097, 0.05847, 387, 77118.6171875, 2550001, 53004232, 30338515, 85892748
30000, 30000, 0, 0, opt, 30017958.839147568, 176808.21523284912, 557428.789854, inf, 173.41040462427745, 522.6146242125998, 38824.503353, 506034.872665, 2.446338, 12566.967498, 0, 0, 0, 0, 10350001, 26211559, 753824610, 790386170, 29829011.462835312, 81280.34365844727, 550357.923136, inf, 348.83720930232556, 853.6807292264931, 51809.506538, 492393.57889, 0.465604, 6154.372104, 0, 0, 0, 0, 5130001, 36554702, 734756919, 776441622, 29668582.75455284, 36823.624450683594, 547920.685387, inf, 697.6744186046511, 1406.86218099796, 76237.293713, 468618.599783, 0.101651, 3064.69024, 0, 0, 0, 0, 2550001, 53004232, 696594114, 752148347
30000, 30000, 0, 0, plus_edge, 30056629.808057785, 215479.1841430664, 58640.595089, inf, 173.41040462427745, 522.6146242125998, 38824.503353, 7246.930006, 2.194232, 12566.967498, 0, 0, 0, 0, 10350001, 26211559, 9511428, 46072988, 29853143.40982628, 105412.29064941406, 61299.670324, inf, 348.83720930232556, 853.6807292264931, 51809.506538, 3335.368418, 0.423264, 6154.372104, 0, 0, 0, 0, 5130001, 36554702, 4633265, 46317968, 29681805.4239254, 50046.29382324219, 80963.095702, inf, 697.6744186046511, 1406.86218099796, 76237.293713, 1661.022923, 0.088826, 3064.69024, 0, 0, 0, 0, 2550001, 53004232, 2236374, 57790607
30000, 30000, 0, 0, simple, 30068342.095228195, 227191.47131347656, 58638.456632999994, inf, 173.41040462427745, 522.6146242125998, 38824.503353, 7244.767334, 2.218448, 12566.967498, 0, 0, 0, 0, 10350001, 26211559, 9481844, 46043404, 29860514.48856163, 112783.36938476562, 61301.334504000006, inf, 348.83720930232556, 853.6807292264931, 51809.506538, 3337.031596, 0.424266, 6154.372104, 0, 0, 0, 0, 5130001, 36554702, 4626040, 46310743, 29686063.80460167, 54304.67449951172, 80966.317564, inf, 697.6744186046511, 1406.86218099796, 76237.293713, 1664.225819, 0.107792, 3064.69024, 0, 0, 0, 0, 2550001, 53004232, 2234610, 57788843
30000, 30000, 0, 0, dp_1.000000, 30139011.982782364, 214202.44482421875, 43853.137329, inf, 173.41040462427745, 407.78323509943374, 24008.688536, 7238.981082, 1.980784, 12561.732457, 41.74375, 0.01072, 173, 0, 10350001, 16969996, 9918109, 37238106, 29879520.249505997, 107338.56182861328, 51097.979253, inf, 348.83720930232556, 750.5022637659353, 41428.831703, 3462.154056, 0.418956, 6169.271124, 37.2962, 0.007214, 86, 0, 5130001, 29437465, 4807936, 39375402, 29708384.206338882, 52423.81213378906, 68530.224589, inf, 697.6744186046511, 1267.1547458028592, 63760.320115, 1663.081999, 0.075923, 3069.338933, 37.40309, 0.004529, 43, 0, 2550001, 44972261, 2277715, 49799977
30000, 30000, 0, 0, dp_11.000000, 30109842.393793106, 185032.85583496094, 175953.47984899997, inf, 173.41040462427745, 407.78323509943374, 24008.688536, 72111.306359, 2.836529, 12561.732457, 67105.915081, 163.000887, 1903, 154264.25, 10350001, 16969996, 161155387, 188475384, 29862642.05465126, 90460.36697387695, 115955.944506, inf, 348.83720930232556, 750.5022637659353, 41428.831703, 35019.583304, 0.416902, 6169.271124, 33318.558595, 19.282878, 946, 109520.28125, 5130001, 29437465, 78859346, 113426812, 29699193.697854996, 43233.303649902344, 99799.12193000001, inf, 697.6744186046511, 1267.1547458028592, 63760.320115, 16155.997541, 0.092073, 3069.338933, 16810.818487, 2.554781, 473, 68717.9921875, 2550001, 44972261, 37322547, 84844809
30000, 30000, 0, 0, dp_13.000000, 30108357.74553871, 183548.2075805664, 202348.61886900003, inf, 173.41040462427745, 407.78323509943374, 24008.688536, 85193.685547, 2.126178, 12561.732457, 80352.157023, 230.229128, 2249, 139853.125, 10350001, 16969996, 191370733, 218690730, 29862339.516138077, 90157.82846069336, 128881.60701100001, inf, 348.83720930232556, 750.5022637659353, 41428.831703, 41233.521177, 0.470822, 6169.271124, 40022.234485, 27.2777, 1118, 101806.34375, 5130001, 29437465, 93628006, 128195472, 29698744.122354507, 42783.72814941406, 106306.16306199998, inf, 697.6744186046511, 1267.1547458028592, 63760.320115, 19076.843455, 0.093606, 3069.338933, 20396.180382, 3.386571, 559, 64389.8125, 2550001, 44972261, 44504923, 92027185
30000, 30000, 0, 0, dp_15.000000, 30105999.895288467, 181190.35733032227, 228633.95879600002, inf, 173.41040462427745, 407.78323509943374, 24008.688536, 98063.447234, 2.240322, 12561.732457, 93687.62067, 310.229577, 2595, 127164.9765625, 10350001, 16969996, 221641581, 248961578, 29861315.327112198, 89133.63943481445, 141897.15487, inf, 348.83720930232556, 750.5022637659353, 41428.831703, 47524.67017, 0.476744, 6169.271124, 46737.541009, 36.36412, 1290, 96227.1328125, 5130001, 29437465, 108456126, 143023592, 29698308.05704689, 42347.662841796875, 112382.73337900001, inf, 697.6744186046511, 1267.1547458028592, 63760.320115, 22079.153525, 0.093936, 3069.338933, 23469.302606, 4.524264, 645, 60748.97265625, 2550001, 44972261, 51687299, 99209561
30000, 30000, 0, 0, dp_17.000000, 30103915.10140419, 179105.56344604492, 255046.990829, inf, 173.41040462427745, 407.78323509943374, 24008.688536, 110941.919894, 2.149992, 12561.732457, 107131.94596, 400.55399, 2941, 116548.1640625, 10350001, 16969996, 251704270, 279024267, 29859561.755456924, 87380.06777954102, 154721.307452, inf, 348.83720930232556, 750.5022637659353, 41428.831703, 53751.91955, 0.470191, 6169.271124, 53323.283242, 47.531642, 1462, 90857.6875, 5130001, 29437465, 122894026, 157461492, 29697968.39286232, 42007.99865722656, 118881.29334, inf, 697.6744186046511, 1267.1547458028592, 63760.320115, 25115.339835, 0.105568, 3069.338933, 26930.227821, 5.961068, 731, 57609.24609375, 2550001, 44972261, 58869675, 106391937
30000, 30000, 0, 0, dp_19.000000, 30102104.59612465, 177295.0581665039, 281275.06551399996, inf, 173.41040462427745, 407.78323509943374, 24008.688536, 123783.315412, 2.144652, 12561.732457, 120416.925983, 502.258474, 3287, 107804.8515625, 10350001, 16969996, 281753110, 309073107, 29858629.946558, 86448.25888061523, 167570.857635, inf, 348.83720930232556, 750.5022637659353, 41428.831703, 59912.250998, 0.47454, 6169.271124, 60000.021672, 60.007598, 1634, 85799.8828125, 5130001, 29437465, 137722146, 172289612, 29697180.822610855, 41220.42840576172, 125036.194815, inf, 697.6744186046511, 1267.1547458028592, 63760.320115, 28070.113866, 0.090249, 3069.338933, 30128.893805, 7.437847, 817, 54831.5, 2550001, 44972261, 66022085, 113544347
30000, 30000, 0, 0, dp_21.000000, 30101311.60305214, 176502.06509399414, 308087.61134, inf, 173.41040462427745, 407.78323509943374, 24008.688536, 136758.66482, 2.139763, 12561.732457, 134141.164852, 615.220912, 3633, 100119.0625, 10350001, 16969996, 312023958, 339343955, 29857745.157007217, 85563.46932983398, 180698.34030600003, inf, 348.83720930232556, 750.5022637659353, 41428.831703, 66164.348356, 0.464922, 6169.271124, 66861.691595, 73.732606, 1806, 81462.5859375, 5130001, 29437465, 152417866, 186985332, 29695830.71051979, 39870.316314697266, 131591.428513, inf, 697.6744186046511, 1267.1547458028592, 63760.320115, 31097.81609, 0.103565, 3069.338933, 33654.890809, 8.959001, 903, 52392.20703125, 2550001, 44972261, 73204461, 120726723
30000, 30000, 0, 0, dp_23.000000, 30099598.039758682, 174788.5018005371, 334093.81824700005, inf, 173.41040462427745, 407.78323509943374, 24008.688536, 149586.798925, 2.153218, 12561.732457, 147197.48031, 736.964801, 3979, 93456.3203125, 10350001, 16969996, 342294806, 369614803, 29857676.8986454, 85495.21096801758, 193416.49157, inf, 348.83720930232556, 750.5022637659353, 41428.831703, 72441.448376, 0.479299, 6169.271124, 73287.492685, 88.968383, 1978, 77507.7265625, 5130001, 29437465, 167156796, 201724262, 29695286.14978981, 39325.7555847168, 137670.604439, inf, 697.6744186046511, 1267.1547458028592, 63760.320115, 33972.660926, 0.107352, 3069.338933, 36857.39353, 10.783583, 989, 50204.9296875, 2550001, 44972261, 80177075, 127699337
30000, 30000, 0, 0, dp_25.000000, 30098184.85531044, 173375.31735229492, 360921.64875500003, inf, 173.41040462427745, 407.78323509943374, 24008.688536, 162580.800477, 2.11118, 12561.732457, 160890.67913, 877.636975, 4325, 87356.3046875, 10350001, 16969996, 372565654, 399885651, 29856750.603601456, 84568.91592407227, 206690.093374, inf, 348.83720930232556, 750.5022637659353, 41428.831703, 79050.291037, 0.477716, 6169.271124, 79935.09122, 106.130574, 2150, 74357.9296875, 5130001, 29437465, 181984916, 216552382, 29695103.11689186, 39142.72268676758, 144063.977618, inf, 697.6744186046511, 1267.1547458028592, 63760.320115, 36924.065191, 0.112431, 3069.338933, 40297.239324, 12.901624, 1075, 48302.92578125, 2550001, 44972261, 87359451, 134881713
30000, 30000, 0, 0, dp_27.000000, 30097472.57442665, 172663.03646850586, 387241.863525, inf, 173.41040462427745, 407.78323509943374, 24008.688536, 175621.840711, 2.128742, 12561.732457, 174026.647109, 1020.82597, 4671, 81864.65625, 10350001, 16969996, 402836502, 430156499, 29856317.74001503, 84136.05233764648, 219750.19579300002, inf, 348.83720930232556, 750.5022637659353, 41428.831703, 85327.602381, 0.481483, 6169.271124, 86699.827559, 124.181543, 2322, 71479.171875, 5130001, 29437465, 196813036, 231380502, 29694609.695077896, 38649.300872802734, 150384.32184999998, inf, 697.6744186046511, 1267.1547458028592, 63760.320115, 39960.403022, 0.093775, 3069.338933, 43579.013189, 15.152816, 1161, 46452.4375, 2550001, 44972261, 94541827, 142064089
30000, 30000, 0, 0, dp_29.000000, 30097234.63314247, 172425.09518432617, 413598.58233400004, inf, 173.41040462427745, 407.78323509943374, 24008.688536, 188515.256612, 2.137188, 12561.732457, 187332.10159, 1178.665951, 5017, 76667.5546875, 10350001, 16969996, 432839717, 460159714, 29855099.613306046, 82917.92562866211, 232738.201956, inf, 348.83720930232556, 750.5022637659353, 41428.831703, 91543.750587, 0.486072, 6169.271124, 93452.537928, 143.324542, 2494, 68931.21875, 5130001, 29437465, 211641156, 246208622, 29694609.695077896, 38649.300872802734, 156685.558395, inf, 697.6744186046511, 1267.1547458028592, 63760.320115, 42939.336497, 0.110557, 3069.338933, 46899.021706, 17.430587, 1247, 44749.33984375, 2550001, 44972261, 101724203, 149246465
30000, 30000, 0, 0, dp_3.000000, 30129143.876886368, 204334.33892822266, 70476.00421300001, inf, 173.41040462427745, 407.78323509943374, 24008.688536, 20437.099508, 2.308619, 12561.732457, 13456.846639, 9.328454, 519, 274741.09375, 10350001, 16969996, 40161206, 67481203, 29871798.919855118, 99617.23217773438, 64090.894015000005, inf, 348.83720930232556, 750.5022637659353, 41428.831703, 9778.100365, 0.42611, 6169.271124, 6713.232748, 1.031965, 258, 164075.59375, 5130001, 29437465, 19636056, 54203522, 29705201.368082047, 49240.973876953125, 74919.84388200002, inf, 697.6744186046511, 1267.1547458028592, 63760.320115, 4652.262228, 0.092343, 3069.338933, 3437.675392, 0.154871, 129, 98008.9375, 2550001, 44972261, 9406575, 56928837
30000, 30000, 0, 0, dp_31.000000, 30097152.31752968, 172342.7795715332, 440197.880373, inf, 173.41040462427745, 407.78323509943374, 24008.688536, 201550.86205, 2.152055, 12561.732457, 200726.765431, 1347.679844, 5363, 71899.2109375, 10350001, 16969996, 462999561, 490319558, 29855068.219324112, 82886.53164672852, 245846.03914200002, inf, 348.83720930232556, 750.5022637659353, 41428.831703, 97862.795715, 0.472296, 6169.271124, 100220.618975, 164.049329, 2666, 66548, 5130001, 29437465, 226469276, 261036742, 29694609.695077896, 38649.300872802734, 163047.443505, inf, 697.6744186046511, 1267.1547458028592, 63760.320115, 45919.478912, 0.09059, 3069.338933, 50278.214058, 20.000897, 1333, 43404.02734375, 2550001, 44972261, 108906579, 156428841
30000, 30000, 0, 0, dp_33.000000, 30096574.37322426, 171764.83526611328, 466488.68066, inf, 173.41040462427745, 407.78323509943374, 24008.688536, 214562.793557, 2.158248, 12561.732457, 213826.075741, 1527.232121, 5709, 67855.3359375, 10350001, 16969996, 493270409, 520590406, 29855061.032129288, 82879.3444519043, 259090.97004400002, inf, 348.83720930232556, 750.5022637659353, 41428.831703, 104189.455991, 0.473769, 6169.271124, 107116.887649, 186.049808, 2838, 64350.2734375, 5130001, 29437465, 241297396, 275864862, 29694283.61188698, 38323.217681884766, 169287.640343, inf, 697.6744186046511, 1267.1547458028592, 63760.320115, 48987.197909, 0.103785, 3069.338933, 53447.963032, 22.716569, 1419, 42127.19140625, 2550001, 44972261, 116088955, 163611217
30000, 30000, 0, 0, dp_35.000000, 30096221.73394203, 171412.19598388672, 492687.63240099995, inf, 173.41040462427745, 407.78323509943374, 24008.688536, 227185.614091, 2.138811, 12561.732457, 227210.493825, 1718.964681, 6055, 64329.640625, 10350001, 16969996, 522680976, 550000973, 29854878.851099014, 82697.16342163086, 271904.937684, inf, 348.83720930232556, 750.5022637659353, 41428.831703, 110649.807505, 0.463269, 6169.271124, 113445.404545, 211.159538, 3010, 62297.203125, 5130001, 29437465, 256125516, 290692982, 29694494.26722145, 38533.87301635742, 175601.30181, inf, 697.6744186046511, 1267.1547458028592, 63760.320115, 51969.137788, 0.109726, 3069.338933, 56776.625834, 25.769414, 1505, 40889.72265625, 2550001, 44972261, 123271331, 170793593
30000, 30000, 0, 0, dp_37.000000, 30095990.581720352, 171181.04376220703, 519572.95161, inf, 173.41040462427745, 407.78323509943374, 24008.688536, 240325.067446, 2.147527, 12561.732457, 240750.888302, 1924.427342, 6401, 61142.4765625, 10350001, 16969996, 552951824, 580271821, 29854553.127771378, 82371.44009399414, 286177.237278, inf, 348.83720930232556, 750.5022637659353, 41428.831703, 116964.522279, 0.490069, 6169.271124, 121379.16529, 234.956813, 3182, 60384.734375, 5130001, 29437465, 270794756, 305362222, 29694168.184030533, 38207.78982543945, 182019.41491800002, inf, 697.6744186046511, 1267.1547458028592, 63760.320115, 55036.627932, 0.111218, 3069.338933, 60124.282677, 28.734043, 1591, 39589.9765625, 2550001, 44972261, 130453707, 177975969
30000, 30000, 0, 0, dp_39.000000, 30095990.581720352, 171181.04376220703, 546545.4330399999, inf, 173.41040462427745, 407.78323509943374, 24008.688536, 253717.897217, 2.143249, 12561.732457, 254118.189633, 2136.781948, 6747, 58285.46875, 10350001, 16969996, 583222672, 610542669, 29854511.171411514, 82329.48373413086, 297745.665247, inf, 348.83720930232556, 750.5022637659353, 41428.831703, 123207.375512, 0.471695, 6169.271124, 126678.018362, 261.696851, 3354, 58512.3125, 5130001, 29437465, 285622876, 320190342, 29694168.184030533, 38207.78982543945, 188648.804759, inf, 697.6744186046511, 1267.1547458028592, 63760.320115, 58064.778517, 0.113453, 3069.338933, 63722.345149, 31.908592, 1677, 38428.6875, 2550001, 44972261, 137636083, 185158345
30000, 30000, 0, 0, dp_5.000000, 30123284.69262123, 198475.15466308594, 97022.70288499999, inf, 173.41040462427745, 407.78323509943374, 24008.688536, 33503.208491, 2.740098, 12561.732457, 26916.185409, 30.147894, 865, 225918.15625, 10350001, 16969996, 70372580, 97692577, 29869191.43963051, 97009.751953125, 77069.976198, inf, 348.83720930232556, 750.5022637659353, 41428.831703, 16096.983152, 0.464211, 6169.271124, 13370.999934, 3.426074, 430, 144093.1875, 5130001, 29437465, 34464176, 69031642, 29703233.914957047, 47273.520751953125, 81232.20554000001, inf, 697.6744186046511, 1267.1547458028592, 63760.320115, 7542.3082, 0.092634, 3069.338933, 6859.685605, 0.460053, 215, 87608.296875, 2550001, 44972261, 16458369, 63980631
30000, 30000, 0, 0, dp_7.000000, 30116735.233758926, 191925.69580078125, 123560.17801700001, inf, 173.41040462427745, 407.78323509943374, 24008.688536, 46469.174335, 2.820199, 12561.732457, 40456.99614, 60.76635, 1211, 195507.84375, 10350001, 16969996, 100643428, 127963425, 29866631.479242325, 94449.7915649414, 90033.05777300002, inf, 348.83720930232556, 750.5022637659353, 41428.831703, 22363.516441, 0.432341, 6169.271124, 20063.640562, 7.365602, 602, 130261.5, 5130001, 29437465, 49203106, 83770572, 29701252.25235939, 45291.858154296875, 87194.71914200002, inf, 697.6744186046511, 1267.1547458028592, 63760.320115, 10107.400996, 0.091041, 3069.338933, 10256.619728, 0.948329, 301, 80666.6796875, 2550001, 44972261, 22957795, 70480057
30000, 30000, 0, 0, dp_9.000000, 30112748.740167618, 187939.20220947266, 149868.27880299996, inf, 173.41040462427745, 407.78323509943374, 24008.688536, 59261.452343, 2.125355, 12561.732457, 53929.033025, 105.247087, 1557, 172424.34375, 10350001, 16969996, 130884539, 158204536, 29864472.052972794, 92290.36529541016, 102976.15493599999, inf, 348.83720930232556, 750.5022637659353, 41428.831703, 28650.036824, 0.48525, 6169.271124, 26714.992945, 12.53709, 774, 119080.328125, 5130001, 29437465, 64031226, 98598692, 29700567.761209488, 44607.36700439453, 93461.409197, inf, 697.6744186046511, 1267.1547458028592, 63760.320115, 13094.377521, 0.094888, 3069.338933, 13535.500116, 1.777624, 387, 74166.5859375, 2550001, 44972261, 30140171, 77662433
30000, 30000, 0, 0, fixed_reps_1, 30139011.982782364, 214202.44482421875, 43992.814119, inf, 173.41040462427745, 407.78323509943374, 24008.688536, 7368.499551, 2.05893, 12561.732457, 51.834645, 0, 173, 409288.90625, 10350001, 16969996, 9918109, 37238106, 29879520.249505997, 107338.56182861328, 51113.303221, inf, 348.83720930232556, 750.5022637659353, 41428.831703, 3462.71651, 0.42633, 6169.271124, 52.057554, 0, 86, 227435.203125, 5130001, 29437465, 4807936, 39375402, 29708384.206338882, 52423.81213378906, 68537.34379, inf, 697.6744186046511, 1267.1547458028592, 63760.320115, 1656.539192, 0.092543, 3069.338933, 51.053007, 0, 43, 122943.125, 2550001, 44972261, 2277715, 49799977
30000, 30000, 0, 0, fixed_reps_11, 30121124.64525795, 196315.1072998047, 108778.239332, inf, 173.41040462427745, 407.78323509943374, 24008.688536, 71780.653638, 2.233337, 12561.732457, 424.931364, 0, 1903, 230394.953125, 10350001, 16969996, 109097469, 136417466, 29869172.121271133, 96990.43359375, 82639.00740700001, inf, 348.83720930232556, 750.5022637659353, 41428.831703, 34614.463864, 0.472196, 6169.271124, 425.96852, 0, 946, 141033.34375, 5130001, 29437465, 52886436, 87453902, 29701707.200540543, 45746.80633544922, 83594.824495, inf, 697.6744186046511, 1267.1547458028592, 63760.320115, 16334.223908, 0.09065, 3069.338933, 430.850889, 0, 473, 85434.46875, 2550001, 44972261, 25054435, 72576697
30000, 30000, 0, 0, fixed_reps_13, 30118539.733880997, 193730.19592285156, 121595.60962, inf, 173.41040462427745, 407.78323509943374, 24008.688536, 84519.105226, 2.231543, 12561.732457, 503.851858, 0, 2249, 207203.15625, 10350001, 16969996, 128933341, 156253338, 29868023.027887344, 95841.34020996094, 88936.525421, inf, 348.83720930232556, 750.5022637659353, 41428.831703, 40834.54057, 0.471845, 6169.271124, 503.410179, 0, 1118, 135541.296875, 5130001, 29437465, 62502136, 97069602, 29700762.729837418, 44802.33563232422, 86582.39346800001, inf, 697.6744186046511, 1267.1547458028592, 63760.320115, 19245.029834, 0.092013, 3069.338933, 507.612573, 0, 559, 81567.078125, 2550001, 44972261, 29609779, 77132041
30000, 30000, 0, 0, fixed_reps_15, 30116226.48107338, 191416.94311523438, 134504.537506, inf, 173.41040462427745, 407.78323509943374, 24008.688536, 97350.583563, 2.209152, 12561.732457, 581.323798, 0, 2595, 196335.453125, 10350001, 16969996, 148769213, 176089210, 29867449.003046036, 95267.31536865234, 95218.05710600001, inf, 348.83720930232556, 750.5022637659353, 41428.831703, 47038.293584, 0.481373, 6169.271124, 581.179322, 0, 1290, 130681.25, 5130001, 29437465, 72117836, 106685302, 29699873.777994156, 43913.3837890625, 89656.86144200001, inf, 697.6744186046511, 1267.1547458028592, 63760.320115, 22242.764017, 0.104286, 3069.338933, 584.334091, 0, 645, 78376.2265625, 2550001, 44972261, 34165123, 81687385
30000, 30000, 0, 0, fixed_reps_17, 30113745.241205215, 188935.7032470703, 147473.013821, inf, 173.41040462427745, 407.78323509943374, 24008.688536, 110242.051484, 2.234731, 12561.732457, 658.306613, 0, 2941, 182896.015625, 10350001, 16969996, 168605085, 195925082, 29866183.459833145, 94001.77215576172, 101523.731822, inf, 348.83720930232556, 750.5022637659353, 41428.831703, 53266.604987, 0.474289, 6169.271124, 658.549719, 0, 1462, 126904.0546875, 5130001, 29437465, 81733536, 116301002, 29699194.231729507, 43233.83752441406, 92587.49674300001, inf, 697.6744186046511, 1267.1547458028592, 63760.320115, 25093.87781, 0.092393, 3069.338933, 663.867492, 0, 731, 76674.7578125, 2550001, 44972261, 38720467, 86242729
30000, 30000, 0, 0, fixed_reps_19, 30112928.548822403, 188119.0108642578, 160383.53998099998, inf, 173.41040462427745, 407.78323509943374, 24008.688536, 123075.04048, 2.222762, 12561.732457, 735.855746, 0, 3287, 177816.609375, 10350001, 16969996, 188440957, 215760954, 29865478.297662735, 93296.60998535156, 107828.74171799999, inf, 348.83720930232556, 750.5022637659353, 41428.831703, 59494.539222, 0.477535, 6169.271124, 735.622134, 0, 1634, 123081.6171875, 5130001, 29437465, 91349236, 125916702, 29698791.946573257, 42831.55236816406, 95578.623176, inf, 697.6744186046511, 1267.1547458028592, 63760.320115, 28008.640536, 0.102733, 3069.338933, 740.220859, 0, 817, 73911.4140625, 2550001, 44972261, 43275811, 90798073
30000, 30000, 0, 0, fixed_reps_21, 30110726.842401505, 185917.30444335938, 173512.07864000002, inf, 173.41040462427745, 407.78323509943374, 24008.688536, 136125.564665, 2.242498, 12561.732457, 813.850484, 0, 3633, 172063.25, 10350001, 16969996, 208276829, 235596826, 29864985.50225258, 92803.81457519531, 114090.599883, inf, 348.83720930232556, 750.5022637659353, 41428.831703, 65678.764829, 0.468889, 6169.271124, 813.263338, 0, 1806, 117424.1171875, 5130001, 29437465, 100964936, 135532402, 29698791.946573257, 42831.55236816406, 98636.261628, inf, 697.6744186046511, 1267.1547458028592, 63760.320115, 30989.886725, 0.092784, 3069.338933, 816.623071, 0, 903, 72443.5390625, 2550001, 44972261, 47831155, 95353417
30000, 30000, 0, 0, fixed_reps_23, 30109686.504571915, 184876.96661376953, 186481.037751, inf, 173.41040462427745, 407.78323509943374, 24008.688536, 149016.006224, 2.232437, 12561.732457, 892.378097, 0, 3979, 163986.21875, 10350001, 16969996, 228112701, 255432698, 29864110.526239395, 91928.83856201172, 120388.285, inf, 348.83720930232556, 750.5022637659353, 41428.831703, 71899.376971, 0.485059, 6169.271124, 890.320143, 0, 1978, 111568.3046875, 5130001, 29437465, 110580636, 145148102, 29698791.946573257, 42831.55236816406, 101670.70023599999, inf, 697.6744186046511, 1267.1547458028592, 63760.320115, 33933.204624, 0.104435, 3069.338933, 907.732129, 0, 989, 69394.28125, 2550001, 44972261, 52386499, 99908761
30000, 30000, 0, 0, fixed_reps_25, 30109270.33159828, 184460.79364013672, 199222.787433, inf, 173.41040462427745, 407.78323509943374, 24008.688536, 161680.108024, 2.222929, 12561.732457, 970.035487, 0, 4325, 153000.203125, 10350001, 16969996, 247948573, 275268570, 29862823.060907364, 90641.37322998047, 126716.68000100002, inf, 348.83720930232556, 750.5022637659353, 41428.831703, 78150.234744, 0.47999, 6169.271124, 967.86244, 0, 2150, 109439.7578125, 5130001, 29437465, 120196336, 154763802, 29698224.60062599, 42264.20642089844, 104627.769325, inf, 697.6744186046511, 1267.1547458028592, 63760.320115, 36811.6908, 0.092604, 3069.338933, 986.326873, 0, 1075, 67038.4296875, 2550001, 44972261, 56941843, 104464105
30000, 30000, 0, 0, fixed_reps_27, 30108220.219293594, 183410.68133544922, 212115.39965400004, inf, 173.41040462427745, 407.78323509943374, 24008.688536, 174484.863019, 2.204835, 12561.732457, 1057.910807, 0, 4671, 149436.640625, 10350001, 16969996, 267784445, 295104442, 29862500.501520157, 90318.81384277344, 133021.458197, inf, 348.83720930232556, 750.5022637659353, 41428.831703, 84377.109368, 0.473418, 6169.271124, 1045.772584, 0, 2322, 103984.28125, 5130001, 29437465, 129812036, 164379502, 29698042.73636818, 42082.34216308594, 107685.84662600001, inf, 697.6744186046511, 1267.1547458028592, 63760.320115, 39801.493041, 0.100458, 3069.338933, 1054.594079, 0, 1161, 64356.7734375, 2550001, 44972261, 61497187, 109019449
30000, 30000, 0, 0, fixed_reps_29, 30107559.825494766, 182750.2875366211, 225162.305898, inf, 173.41040462427745, 407.78323509943374, 24008.688536, 187466.251067, 2.167646, 12561.732457, 1123.466192, 0, 5017, 144504.640625, 10350001, 16969996, 287620317, 314940314, 29861959.333551407, 89777.64587402344, 139530.938359, inf, 348.83720930232556, 750.5022637659353, 41428.831703, 90804.326856, 0.483888, 6169.271124, 1128.024788, 0, 2494, 102395.96875, 5130001, 29437465, 139427736, 173995202, 29697823.74064064, 41863.346435546875, 110693.29298000001, inf, 697.6744186046511, 1267.1547458028592, 63760.320115, 42715.256001, 0.10688, 3069.338933, 1148.271051, 0, 1247, 63218.66796875, 2550001, 44972261, 66052531, 113574793
30000, 30000, 0, 0, fixed_reps_3, 30135110.473932266, 210300.9359741211, 56983.480338, inf, 173.41040462427745, 407.78323509943374, 24008.688536, 20293.643714, 2.100919, 12561.732457, 117.314712, 0, 519, 337305.09375, 10350001, 16969996, 29753981, 57073978, 29875766.226984024, 103584.53930664062, 57411.50513600001, inf, 348.83720930232556, 750.5022637659353, 41428.831703, 9696.596401, 0.476854, 6169.271124, 116.329054, 0, 258, 189585.046875, 5130001, 29437465, 14423636, 48991102, 29706311.487955093, 50351.09375, 71553.88258, inf, 697.6744186046511, 1267.1547458028592, 63760.320115, 4605.992794, 0.091181, 3069.338933, 118.139557, 0, 129, 108003.390625, 2550001, 44972261, 6833059, 54355321
30000, 30000, 0, 0, fixed_reps_31, 30106859.317193985, 182049.77923583984, 238451.605004, inf, 173.41040462427745, 407.78323509943374, 24008.688536, 200680.176025, 2.1974, 12561.732457, 1198.810586, 0, 5363, 139706.5, 10350001, 16969996, 307456189, 334776186, 29859747.21734047, 87565.52966308594, 145774.89522500001, inf, 348.83720930232556, 750.5022637659353, 41428.831703, 96973.873527, 0.465843, 6169.271124, 1202.453028, 0, 2666, 99189.921875, 5130001, 29437465, 149043436, 183610902, 29697698.41251564, 41738.018310546875, 113672.52157000001, inf, 697.6744186046511, 1267.1547458028592, 63760.320115, 45626.610981, 0.105828, 3069.338933, 1216.145713, 0, 1333, 62153.76171875, 2550001, 44972261, 70607875, 118130137
30000, 30000, 0, 0, fixed_reps_33, 30105713.788232803, 180904.2502746582, 250900.913767, inf, 173.41040462427745, 407.78323509943374, 24008.688536, 213051.832263, 2.186651, 12561.732457, 1276.47386, 0, 5709, 136869.421875, 10350001, 16969996, 327292061, 354612058, 29859715.15850258, 87533.47082519531, 152028.583407, inf, 348.83720930232556, 750.5022637659353, 41428.831703, 103139.889358, 0.477586, 6169.271124, 1290.113636, 0, 2838, 96128.546875, 5130001, 29437465, 158659136, 193226602, 29697698.41251564, 41738.018310546875, 116718.58902, inf, 697.6744186046511, 1267.1547458028592, 63760.320115, 48595.30499, 0.105398, 3069.338933, 1293.519584, 0, 1419, 60838.10546875, 2550001, 44972261, 75163219, 122685481
30000, 30000, 0, 0, fixed_reps_35, 30105206.859033585, 180397.32107543945, 264454.401206, inf, 173.41040462427745, 407.78323509943374, 24008.688536, 226527.272517, 2.165641, 12561.732457, 1354.542055, 0, 6055, 130849.609375, 10350001, 16969996, 347127933, 374447930, 29859194.66668129, 87012.97900390625, 158327.612475, inf, 348.83720930232556, 750.5022637659353, 41428.831703, 109362.070527, 0.484639, 6169.271124, 1366.954482, 0, 3010, 94238.9765625, 5130001, 29437465, 168274836, 202842302, 29697433.399576187, 41473.00537109375, 119655.75834799999, inf, 697.6744186046511, 1267.1547458028592, 63760.320115, 51450.625962, 0.100639, 3069.338933, 1375.372699, 0, 1505, 57320.17578125, 2550001, 44972261, 79718563, 127240825
30000, 30000, 0, 0, fixed_reps_37, 30104337.08895302, 179527.55099487305, 277247.61455500004, inf, 173.41040462427745, 407.78323509943374, 24008.688536, 239240.484807, 2.182341, 12561.732457, 1434.526414, 0, 6401, 124961.9296875, 10350001, 16969996, 366963805, 394283802, 29858974.469781876, 86792.78210449219, 164684.033769, inf, 348.83720930232556, 750.5022637659353, 41428.831703, 115653.039926, 0.476704, 6169.271124, 1432.414312, 0, 3182, 91349.1328125, 5130001, 29437465, 177890536, 212458002, 29697335.438943863, 41375.04473876953, 122739.359197, inf, 697.6744186046511, 1267.1547458028592, 63760.320115, 54459.15375, 0.108213, 3069.338933, 1450.438186, 0, 1591, 53176.6640625, 2550001, 44972261, 84273907, 131796169
30000, 30000, 0, 0, fixed_reps_39, 30103955.221521378, 179145.68356323242, 290373.22093500005, inf, 173.41040462427745, 407.78323509943374, 24008.688536, 252292.328833, 2.189505, 12561.732457, 1508.281604, 0, 6747, 120351.8984375, 10350001, 16969996, 386799677, 414119674, 29858414.431268692, 86232.7435913086, 170970.187661, inf, 348.83720930232556, 750.5022637659353, 41428.831703, 121859.048843, 0.470823, 6169.271124, 1512.565168, 0, 3354, 87524.296875, 5130001, 29437465, 187506236, 222073702, 29697246.645975113, 41286.25177001953, 125648.94729, inf, 697.6744186046511, 1267.1547458028592, 63760.320115, 57278.744027, 0.088145, 3069.338933, 1540.45607, 0, 1677, 52585.25390625, 2550001, 44972261, 88829251, 136351513
30000, 30000, 0, 0, fixed_reps_41, 30103492.092370987, 178682.5544128418, 304797.253887, inf, 173.41040462427745, 407.78323509943374, 24008.688536, 266633.626976, 2.183965, 12561.732457, 1591.021953, 0, 7093, 115577.8828125, 10350001, 16969996, 406635549, 433955546, 29857818.909235, 85637.22155761719, 177358.814944, inf, 348.83720930232556, 750.5022637659353, 41428.831703, 128170.213605, 0.479018, 6169.271124, 1590.019494, 0, 3526, 83676.8359375, 5130001, 29437465, 197121936, 231689402, 29696977.739175797, 41017.344970703125, 128713.41887499999, inf, 697.6744186046511, 1267.1547458028592, 63760.320115, 60270.452194, 0.104115, 3069.338933, 1613.203518, 0, 1763, 51943.8828125, 2550001, 44972261, 93384595, 140906857
30000, 30000, 0, 0, fixed_reps_5, 30129750.835565567, 204941.29760742188, 70075.78982300001, inf, 173.41040462427745, 407.78323509943374, 24008.688536, 33306.463933, 2.218634, 12561.732457, 196.686263, 0, 865, 299398.78125, 10350001, 16969996, 49589853, 76909850, 29871651.54180336, 99469.85412597656, 63728.47819, inf, 348.83720930232556, 750.5022637659353, 41428.831703, 15935.733629, 0.470041, 6169.271124, 194.171693, 0, 430, 172656.328125, 5130001, 29437465, 24039336, 58606802, 29704233.343301773, 48272.94909667969, 74556.21061299999, inf, 697.6744186046511, 1267.1547458028592, 63760.320115, 7530.548501, 0.093115, 3069.338933, 195.909949, 0, 215, 99192.5703125, 2550001, 44972261, 11388403, 58910665
30000, 30000, 0, 0, fixed_reps_7, 30125924.630548477, 201115.09259033203, 83178.848958, inf, 173.41040462427745, 407.78323509943374, 24008.688536, 46332.439895, 2.699927, 12561.732457, 273.288143, 0, 1211, 269633.21875, 10350001, 16969996, 69425725, 96745722, 29870510.142328262, 98328.4546508789, 70025.511785, inf, 348.83720930232556, 750.5022637659353, 41428.831703, 22155.416766, 0.488025, 6169.271124, 271.504167, 0, 602, 159188.703125, 5130001, 29437465, 33655036, 68222502, 29703065.46079445, 47105.06658935547, 77590.63596099999, inf, 697.6744186046511, 1267.1547458028592, 63760.320115, 10482.563065, 0.0907, 3069.338933, 278.323148, 0, 301, 95159.59375, 2550001, 44972261, 15943747, 63466009
30000, 30000, 0, 0, fixed_reps_9, 30122576.015314102, 197766.47735595703, 95769.262791, inf, 173.41040462427745, 407.78323509943374, 24008.688536, 58846.679641, 3.01448, 12561.732457, 349.147677, 0, 1557, 249321.390625, 10350001, 16969996, 89261597, 116581594, 29869513.357477188, 97331.66979980469, 76322.520961, inf, 348.83720930232556, 750.5022637659353, 41428.831703, 28374.762629, 0.4212, 6169.271124, 349.234305, 0, 774, 149050.234375, 5130001, 29437465, 43270736, 77838202, 29702012.10215187, 46051.707946777344, 80578.103033, inf, 697.6744186046511, 1267.1547458028592, 63760.320115, 13395.83623, 0.111399, 3069.338933, 352.496356, 0, 387, 89461.8046875, 2550001, 44972261, 20499091, 68021353
30000, 30000, 0, 0, greedy_1.000000, 30139011.982782364, 214202.44482421875, 43898.024605000006, inf, 173.41040462427745, 407.78323509943374, 24008.688536, 7283.841106, 2.007274, 12561.732457, 41.74375, 0.011482, 173, 409288.90625, 10350001, 16969996, 9918109, 37238106, 29879520.249505997, 107338.56182861328, 51097.402649999996, inf, 348.83720930232556, 750.5022637659353, 41428.831703, 3461.524154, 0.473929, 6169.271124, 37.2962, 0.00554, 86, 227435.203125, 5130001, 29437465, 4807936, 39375402, 29708384.206338882, 52423.81213378906, 68512.304204, inf, 697.6744186046511, 1267.1547458028592, 63760.320115, 1645.146737, 0.091632, 3069.338933, 37.40309, 0.003697, 43, 122943.125, 2550001, 44972261, 2277715, 49799977
30000, 30000, 0, 0, greedy_11.000000, 30115734.8031559, 190925.2651977539, 175703.38991899998, inf, 173.41040462427745, 407.78323509943374, 24008.688536, 72023.871678, 2.717336, 12561.732457, 67105.915081, 0.464831, 1903, 197880.890625, 10350001, 16969996, 160745027, 188065024, 29866988.263666153, 94806.57598876953, 115736.73997600001, inf, 348.83720930232556, 750.5022637659353, 41428.831703, 34819.487165, 0.465523, 6169.271124, 33318.558595, 0.125866, 946, 133525.6875, 5130001, 29437465, 78462146, 113029612, 29700747.968790054, 44787.57458496094, 100091.268178, inf, 697.6744186046511, 1267.1547458028592, 63760.320115, 16450.624682, 0.102442, 3069.338933, 16810.818487, 0.063519, 473, 80062.8828125, 2550001, 44972261, 37885633, 85407895
30000, 30000, 0, 0, greedy_13.000000, 30112359.79949379, 187550.26153564453, 201705.072039, inf, 173.41040462427745, 407.78323509943374, 24008.688536, 84780.024221, 1.931322, 12561.732457, 80352.157023, 0.53848, 2249, 179018.9375, 10350001, 16969996, 190932622, 218252619, 29865400.00463295, 93218.3169555664, 128344.297611, inf, 348.83720930232556, 750.5022637659353, 41428.831703, 40723.347881, 0.466875, 6169.271124, 40022.234485, 0.145543, 1118, 124891.3203125, 5130001, 29437465, 92874046, 127441512, 29700061.895608902, 44101.501403808594, 106402.016244, inf, 697.6744186046511, 1267.1547458028592, 63760.320115, 19176.011003, 0.089458, 3069.338933, 20396.180382, 0.076353, 559, 75945.390625, 2550001, 44972261, 44577835, 92100097
30000, 30000, 0, 0, greedy_15.000000, 30109839.15154457, 185029.61358642578, 227863.599487, inf, 173.41040462427745, 407.78323509943374, 24008.688536, 97602.714421, 2.178696, 12561.732457, 93687.62067, 0.664707, 2595, 158983.140625, 10350001, 16969996, 221064715, 248384712, 29864990.933465958, 92809.24578857422, 141452.082187, inf, 348.83720930232556, 750.5022637659353, 41428.831703, 47115.752665, 0.475051, 6169.271124, 46737.541009, 0.210635, 1290, 120171.6875, 5130001, 29437465, 107702166, 142269632, 29698967.931985855, 43007.53778076172, 112424.81739, inf, 697.6744186046511, 1267.1547458028592, 63760.320115, 22125.67629, 0.10676, 3069.338933, 23469.302606, 0.072686, 645, 70962.1484375, 2550001, 44972261, 51760211, 99282473
30000, 30000, 0, 0, greedy_17.000000, 30107938.692193985, 183129.15423583984, 254195.715245, inf, 173.41040462427745, 407.78323509943374, 24008.688536, 110490.486646, 2.137418, 12561.732457, 107131.94596, 0.724228, 2941, 149520.78125, 10350001, 16969996, 251196808, 278516805, 29863813.126184464, 91631.43850708008, 154248.32223899997, inf, 348.83720930232556, 750.5022637659353, 41428.831703, 53326.249542, 0.468198, 6169.271124, 53323.283242, 0.21843, 1462, 115046.8984375, 5130001, 29437465, 122530286, 157097752, 29698687.11600685, 42726.72180175781, 118917.70784200002, inf, 697.6744186046511, 1267.1547458028592, 63760.320115, 25157.635655, 0.106059, 3069.338933, 26930.227821, 0.079259, 731, 68093.3359375, 2550001, 44972261, 58942587, 106464849
30000, 30000, 0, 0, greedy_19.000000, 30106402.737421036, 181593.19946289062, 280331.785747, inf, 173.41040462427745, 407.78323509943374, 24008.688536, 123341.335851, 2.255771, 12561.732457, 120416.925983, 0.847149, 3287, 136736.640625, 10350001, 16969996, 281328901, 308648898, 29861890.135766983, 89708.44808959961, 167129.403645, inf, 348.83720930232556, 750.5022637659353, 41428.831703, 59530.564055, 0.46908, 6169.271124, 60000.021672, 0.246011, 1634, 109949.765625, 5130001, 29437465, 137226006, 171793472, 29698465.199747086, 42504.80554199219, 124787.579505, inf, 697.6744186046511, 1267.1547458028592, 63760.320115, 27828.84964, 0.111178, 3069.338933, 30128.893805, 0.065834, 817, 66366.515625, 2550001, 44972261, 65677513, 113199775
30000, 30000, 0, 0, greedy_21.000000, 30105249.14211464, 180439.60415649414, 306651.80999399995, inf, 173.41040462427745, 407.78323509943374, 24008.688536, 135937.192092, 2.12739, 12561.732457, 134141.164852, 0.904667, 3633, 129800.4765625, 10350001, 16969996, 311034746, 338354743, 29860552.676416397, 88370.98873901367, 180248.478966, inf, 348.83720930232556, 750.5022637659353, 41428.831703, 65787.927885, 0.464581, 6169.271124, 66861.691595, 0.292078, 1806, 100764.1171875, 5130001, 29437465, 152027646, 186595112, 29698170.777505875, 42210.38330078125, 131250.40440300002, inf, 697.6744186046511, 1267.1547458028592, 63760.320115, 30765.659671, 0.104696, 3069.338933, 33654.890809, 0.090179, 903, 63474.453125, 2550001, 44972261, 72695039, 120217301
30000, 30000, 0, 0, greedy_23.000000, 30102178.794397354, 177369.25643920898, 332122.47723, inf, 173.41040462427745, 407.78323509943374, 24008.688536, 148351.339858, 2.185259, 12561.732457, 147197.48031, 1.05081, 3979, 121905.296875, 10350001, 16969996, 340584068, 367904065, 29859622.434595108, 87440.74691772461, 193222.74512099999, inf, 348.83720930232556, 750.5022637659353, 41428.831703, 72336.392911, 0.471754, 6169.271124, 73287.492685, 0.284944, 1978, 95160.9453125, 5130001, 29437465, 166855766, 201423232, 29698170.777505875, 42210.38330078125, 137416.20904000002, inf, 697.6744186046511, 1267.1547458028592, 63760.320115, 33728.93682, 0.108323, 3069.338933, 36857.39353, 0.111319, 989, 62400.41015625, 2550001, 44972261, 79877415, 127399677
30000, 30000, 0, 0, greedy_25.000000, 30101343.414087296, 176533.8761291504, 358686.399261, inf, 173.41040462427745, 407.78323509943374, 24008.688536, 161222.130986, 2.134233, 12561.732457, 160890.67913, 1.033919, 4325, 118619.8046875, 10350001, 16969996, 370854916, 398174913, 29859288.46102333, 87106.77334594727, 205830.706457, inf, 348.83720930232556, 750.5022637659353, 41428.831703, 78296.722188, 0.478047, 6169.271124, 79935.09122, 0.312175, 2150, 91677.5234375, 5130001, 29437465, 181297396, 215864862, 29697854.211465836, 41893.81726074219, 143826.133086, inf, 697.6744186046511, 1267.1547458028592, 63760.320115, 36699.017807, 0.105819, 3069.338933, 40297.239324, 0.111088, 1075, 61508.4609375, 2550001, 44972261, 87059791, 134582053
30000, 30000, 0, 0, greedy_27.000000, 30101202.838983536, 176393.30102539062, 384831.40605, inf, 173.41040462427745, 407.78323509943374, 24008.688536, 174231.063236, 2.152888, 12561.732457, 174026.647109, 1.121824, 4671, 114637.921875, 10350001, 16969996, 401125764, 428445761, 29858834.791345596, 86653.10366821289, 218861.59189699998, inf, 348.83720930232556, 750.5022637659353, 41428.831703, 84562.864618, 0.475882, 6169.271124, 86699.827559, 0.321011, 2322, 87855.734375, 5130001, 29437465, 196125516, 230692982, 29697850.020914078, 41889.626708984375, 150158.692439, inf, 697.6744186046511, 1267.1547458028592, 63760.320115, 39749.797213, 0.106861, 3069.338933, 43579.013189, 0.116128, 1161, 57059.7421875, 2550001, 44972261, 94242167, 141764429
30000, 30000, 0, 0, greedy_29.000000, 30100029.286920547, 175219.74896240234, 411163.977042, inf, 173.41040462427745, 407.78323509943374, 24008.688536, 187258.123683, 2.113784, 12561.732457, 187332.10159, 1.216992, 5017, 108252.5078125, 10350001, 16969996, 431396612, 458716609, 29858145.50704384, 85963.81936645508, 231871.54063, inf, 348.83720930232556, 750.5022637659353, 41428.831703, 90820.071601, 0.472436, 6169.271124, 93452.537928, 0.355838, 2494, 83590.0390625, 5130001, 29437465, 210953636, 245521102, 29697753.456583023, 41793.06237792969, 156433.81037000002, inf, 697.6744186046511, 1267.1547458028592, 63760.320115, 42704.904434, 0.109345, 3069.338933, 46899.021706, 0.115837, 1247, 54267.78125, 2550001, 44972261, 101424543, 148946805
30000, 30000, 0, 0, greedy_3.000000, 30131406.782037735, 206597.24407958984, 70314.78188000001, inf, 173.41040462427745, 407.78323509943374, 24008.688536, 20285.012256, 2.37846, 12561.732457, 13456.846639, 0.123532, 519, 309297.90625, 10350001, 16969996, 40071995, 67391992, 29874089.74364662, 101908.05596923828, 64037.030155, inf, 348.83720930232556, 750.5022637659353, 41428.831703, 9725.230009, 0.426941, 6169.271124, 6713.232748, 0.03763, 258, 177359.15625, 5130001, 29437465, 19546866, 54114332, 29705441.360879898, 49480.96667480469, 74833.925092, inf, 697.6744186046511, 1267.1547458028592, 63760.320115, 4566.482209, 0.091451, 3069.338933, 3437.675392, 0.016992, 129, 103864.0859375, 2550001, 44972261, 9275993, 56798255
30000, 30000, 0, 0, greedy_31.000000, 30099411.264429092, 174601.72647094727, 437675.13986, inf, 173.41040462427745, 407.78323509943374, 24008.688536, 200374.535767, 2.12758, 12561.732457, 200726.765431, 1.290089, 5363, 102354.7578125, 10350001, 16969996, 461667460, 488987457, 29858090.871850967, 85909.18417358398, 244846.967462, inf, 348.83720930232556, 750.5022637659353, 41428.831703, 97027.443126, 0.424385, 6169.271124, 100220.618975, 0.378149, 2666, 81886.078125, 5130001, 29437465, 225596396, 260163862, 29697687.265176773, 41726.87097167969, 162849.577864, inf, 697.6744186046511, 1267.1547458028592, 63760.320115, 45741.469687, 0.107111, 3069.338933, 50278.214058, 0.12796, 1333, 51937.109375, 2550001, 44972261, 108606919, 156129181
30000, 30000, 0, 0, greedy_33.000000, 30098842.022363663, 174032.48440551758, 463771.083276, inf, 173.41040462427745, 407.78323509943374, 24008.688536, 213371.157521, 2.109586, 12561.732457, 213826.075741, 1.319435, 5709, 90444.515625, 10350001, 16969996, 491938308, 519258305, 29857650.96267128, 85469.27499389648, 257383.04272599999, inf, 348.83720930232556, 750.5022637659353, 41428.831703, 102667.185756, 0.473287, 6169.271124, 107116.887649, 0.393207, 2838, 80871.2890625, 5130001, 29437465, 239338836, 273906302, 29697524.386087418, 41563.99188232422, 168967.175077, inf, 697.6744186046511, 1267.1547458028592, 63760.320115, 48689.333646, 0.094067, 3069.338933, 53447.963032, 0.125284, 1419, 50943.44140625, 2550001, 44972261, 115789295, 163311557
30000, 30000, 0, 0, greedy_35.000000, 30098609.54519081, 173800.00723266602, 490291.507414, inf, 173.41040462427745, 407.78323509943374, 24008.688536, 226506.815562, 2.120187, 12561.732457, 227210.493825, 1.656847, 6055, 84305.1953125, 10350001, 16969996, 522209156, 549529153, 29857202.649377823, 85020.96170043945, 270210.449954, inf, 348.83720930232556, 750.5022637659353, 41428.831703, 109165.852639, 0.470522, 6169.271124, 113445.404545, 0.619421, 3010, 75731.609375, 5130001, 29437465, 254166956, 288734422, 29697376.254556656, 41415.8603515625, 175288.653551, inf, 697.6744186046511, 1267.1547458028592, 63760.320115, 51682.127616, 0.091482, 3069.338933, 56776.625834, 0.149571, 1505, 50215.0625, 2550001, 44972261, 122971671, 170493933
30000, 30000, 0, 0, greedy_37.000000, 30098106.059534073, 173296.52157592773, 517032.952888, inf, 173.41040462427745, 407.78323509943374, 24008.688536, 239707.982839, 2.150372, 12561.732457, 240750.888302, 1.510382, 6401, 82140.875, 10350001, 16969996, 552480004, 579800001, 29857023.67623329, 84841.9885559082, 284213.496266, inf, 348.83720930232556, 750.5022637659353, 41428.831703, 115235.30647, 0.466415, 6169.271124, 121379.16529, 0.455264, 3182, 74166.6171875, 5130001, 29437465, 268668046, 303235512, 29696630.665323257, 40670.27111816406, 181654.10579499998, inf, 697.6744186046511, 1267.1547458028592, 63760.320115, 54699.90784, 0.105788, 3069.338933, 60124.282677, 0.150442, 1591, 48405.56640625, 2550001, 44972261, 130154047, 177676309
30000, 30000, 0, 0, greedy_39.000000, 30096959.369073868, 172149.83111572266, 543692.037416, inf, 173.41040462427745, 407.78323509943374, 24008.688536, 252999.70462, 2.12234, 12561.732457, 254118.189633, 1.59983, 6747, 78690.640625, 10350001, 16969996, 582750852, 610070849, 29855849.277490616, 83667.58981323242, 295813.313588, inf, 348.83720930232556, 750.5022637659353, 41428.831703, 121536.251846, 0.478377, 6169.271124, 126678.018362, 0.462176, 3354, 70738.8671875, 5130001, 29437465, 283496166, 318063632, 29695946.093057632, 39985.69885253906, 188339.407219, inf, 697.6744186046511, 1267.1547458028592, 63760.320115, 57787.141021, 0.102823, 3069.338933, 63722.345149, 0.159178, 1677, 47329.6171875, 2550001, 44972261, 137336423, 184858685
30000, 30000, 0, 0, greedy_5.000000, 30127867.380426407, 203057.84246826172, 96739.560433, inf, 173.41040462427745, 407.78323509943374, 24008.688536, 33250.314391, 2.437351, 12561.732457, 26916.185409, 0.202289, 865, 273558.21875, 10350001, 16969996, 70229853, 97549850, 29872052.353143692, 99870.6654663086, 77004.848275, inf, 348.83720930232556, 750.5022637659353, 41428.831703, 16035.17231, 0.486221, 6169.271124, 13370.999934, 0.086983, 430, 163639.3125, 5130001, 29437465, 34374986, 68942452, 29704013.838724136, 48053.44451904297, 81178.179579, inf, 697.6744186046511, 1267.1547458028592, 63760.320115, 7488.717876, 0.09059, 3069.338933, 6859.685605, 0.02646, 215, 98527.9765625, 2550001, 44972261, 16368471, 63890733
30000, 30000, 0, 0, greedy_7.000000, 30123726.192438126, 198916.65447998047, 123509.096212, inf, 173.41040462427745, 407.78323509943374, 24008.688536, 46478.905768, 2.459903, 12561.732457, 40456.99614, 0.313408, 1211, 244303.1875, 10350001, 16969996, 100500701, 127820698, 29870099.240961075, 97917.5532836914, 90126.777216, inf, 348.83720930232556, 750.5022637659353, 41428.831703, 22464.440785, 0.467607, 6169.271124, 20063.640562, 0.125435, 602, 150210.625, 5130001, 29437465, 49203106, 83770572, 29703152.02518654, 47191.63098144531, 87582.325136, inf, 697.6744186046511, 1267.1547458028592, 63760.320115, 10495.927187, 0.09067, 3069.338933, 10256.619728, 0.028503, 301, 91689.234375, 2550001, 44972261, 23550847, 71073109
30000, 30000, 0, 0, greedy_9.000000, 30119519.29015541, 194709.75219726562, 149796.13875399999, inf, 173.41040462427745, 407.78323509943374, 24008.688536, 59293.894313, 2.422012, 12561.732457, 53929.033025, 0.368411, 1557, 222294.046875, 10350001, 16969996, 130474179, 157794176, 29868340.327142715, 96158.63946533203, 102737.15441199999, inf, 348.83720930232556, 750.5022637659353, 41428.831703, 28423.45583, 0.473618, 6169.271124, 26714.992945, 0.129192, 774, 139631.53125, 5130001, 29437465, 63686986, 98254452, 29701666.421792984, 45706.027587890625, 93871.64849, inf, 697.6744186046511, 1267.1547458028592, 63760.320115, 13506.357419, 0.091722, 3069.338933, 13535.500116, 0.040185, 387, 85429.265625, 2550001, 44972261, 30703257, 78225519
30000, 30000, 0, 0, opt, 30091043.623010635, 166234.08505249023, 587842.0576480001, inf, 173.41040462427745, 407.78323509943374, 24008.688536, 551269.547609, 2.089046, 12561.732457, 0, 0, 0, 0, 10350001, 16969996, 825231487, 852551484, 29848351.192712784, 76169.50503540039, 570635.4450729999, inf, 348.83720930232556, 750.5022637659353, 41428.831703, 523036.872034, 0.470212, 6169.271124, 0, 0, 0, 0, 5130001, 29437465, 787250400, 821817866, 29688809.88985634, 32849.49565124512, 538320.111369, inf, 697.6744186046511, 1267.1547458028592, 63760.320115, 471490.351913, 0.100408, 3069.338933, 0, 0, 0, 0, 2550001, 44972261, 705699300, 753221562
30000, 30000, 0, 0, plus_edge, 30127263.32909584, 202453.7911376953, 43958.466114, inf, 173.41040462427745, 407.78323509943374, 24008.688536, 7386.062094, 1.983027, 12561.732457, 0, 0, 0, 0, 10350001, 16969996, 9917520, 37237517, 29872412.061517715, 100230.37384033203, 51063.604264, inf, 348.83720930232556, 750.5022637659353, 41428.831703, 3465.0764, 0.425037, 6169.271124, 0, 0, 0, 0, 5130001, 29437465, 4785075, 39352541, 29705417.636758804, 49457.24255371094, 68453.483236, inf, 697.6744186046511, 1267.1547458028592, 63760.320115, 1623.733307, 0.090881, 3069.338933, 0, 0, 0, 0, 2550001, 44972261, 2249436, 49771698
30000, 30000, 0, 0, simple, 30139011.982782364, 214202.44482421875, 43882.301574000005, inf, 173.41040462427745, 407.78323509943374, 24008.688536, 7309.892395, 1.988186, 12561.732457, 0, 0, 0, 0, 10350001, 16969996, 9887936, 37207933, 29879520.249505997, 107338.56182861328, 51043.78097100001, inf, 348.83720930232556, 750.5022637659353, 41428.831703, 3445.254369, 0.423775, 6169.271124, 0, 0, 0, 0, 5130001, 29437465, 4777850, 39345316, 29708384.206338882, 52423.81213378906, 68454.16845, inf, 697.6744186046511, 1267.1547458028592, 63760.320115, 1624.417791, 0.091611, 3069.338933, 0, 0, 0, 0, 2550001, 44972261, 2247672, 49769934
30000, 30000, 0, 0, dp_1.000000, 30127328.48026085, 219183.04467773438, 43659.265965, inf, 173.41040462427745, 406.99935280850434, 23726.43723, 7385.674942, 1.974382, 12507.611151, 37.55764, 0.01062, 173, 0, 10350001, 16914749, 10063277, 37328027, 29957684.222906113, 103962.37890625, 45049.213187, inf, 348.83720930232556, 682.2682903453865, 35336.947295, 3512.830712, 0.420007, 6160.806474, 38.201666, 0.007033, 86, 0, 5130001, 25233629, 4862336, 35225966, 29754875.57953453, 48749.861083984375, 78082.32205300001, inf, 697.6744186046511, 1382.6776805949246, 73299.943448, 1677.908991, 0.07493, 3067.401935, 36.988661, 0.004088, 43, 0, 2550001, 51553764, 2341177, 56444942
30000, 30000, 0, 0, dp_11.000000, 30094084.87250328, 185939.43692016602, 176120.91579600002, inf, 173.41040462427745, 406.99935280850434, 23726.43723, 73026.013582, 2.171823, 12507.611151, 66696.237133, 162.444877, 1903, 155098.375, 10350001, 16914749, 162818227, 190082977, 29939056.115606308, 85334.27160644531, 110044.74913899998, inf, 348.83720930232556, 682.2682903453865, 35336.947295, 35196.719718, 0.473468, 6160.806474, 33330.631798, 19.170386, 946, 108828.421875, 5130001, 25233629, 79244987, 109608617, 29748469.50043297, 42343.781982421875, 110219.756435, inf, 697.6744186046511, 1382.6776805949246, 73299.943448, 17085.222035, 0.091562, 3067.401935, 16764.656257, 2.441198, 473, 75521.2421875, 2550001, 51553764, 38818087, 92921852
30000, 30000, 0, 0, dp_13.000000, 30092463.192419052, 184317.7568359375, 202544.115932, inf, 173.41040462427745, 406.99935280850434, 23726.43723, 86038.60815, 2.184487, 12507.611151, 80040.875449, 228.399465, 2249, 140942.46875, 10350001, 16914749, 193237964, 220502714, 29937498.58206749, 83776.73806762695, 122995.39664999998, inf, 348.83720930232556, 682.2682903453865, 35336.947295, 41619.80773, 0.482595, 6160.806474, 39850.461802, 26.890754, 1118, 102365.109375, 5130001, 25233629, 94183187, 124546817, 29748281.444402695, 42155.72595214844, 116834.496405, inf, 697.6744186046511, 1382.6776805949246, 73299.943448, 20058.135845, 0.090821, 3067.401935, 20405.31098, 3.613376, 559, 71589.375, 2550001, 51553764, 45918939, 100022704
30000, 30000, 0, 0, dp_15.000000, 30091545.192602158, 183399.75701904297, 228932.139157, inf, 173.41040462427745, 406.99935280850434, 23726.43723, 99098.032068, 2.27677, 12507.611151, 93290.181257, 307.600681, 2595, 128990.4765625, 10350001, 16914749, 223682016, 250946766, 29936688.36154747, 82966.51754760742, 136087.006292, inf, 348.83720930232556, 682.2682903453865, 35336.947295, 47831.406004, 0.48493, 6160.806474, 46720.801339, 36.56025, 1290, 97049.484375, 5130001, 25233629, 109001919, 139365549, 29747820.011785507, 41694.29333496094, 122857.46792700002, inf, 697.6744186046511, 1382.6776805949246, 73299.943448, 23002.772284, 0.090089, 3067.401935, 23482.691694, 4.568477, 645, 68600.7578125, 2550001, 51553764, 53070499, 107174264
30000, 30000, 0, 0, dp_17.000000, 30090056.082983017, 181910.64739990234, 255559.05648, inf, 173.41040462427745, 406.99935280850434, 23726.43723, 112221.746475, 2.192732, 12507.611151, 106703.235755, 397.833137, 2941, 118487.8046875, 10350001, 16914749, 254244888, 281509638, 29936319.790075302, 82597.94607543945, 149039.261725, inf, 348.83720930232556, 682.2682903453865, 35336.947295, 54368.686033, 0.484719, 6160.806474, 53124.590047, 47.747157, 1462, 92186.109375, 5130001, 25233629, 123940119, 154303749, 29747627.959539413, 41502.24108886719, 129353.225037, inf, 697.6744186046511, 1382.6776805949246, 73299.943448, 26148.097526, 0.108503, 3067.401935, 26831.855885, 5.81774, 731, 66263.3984375, 2550001, 51553764, 60382821, 114486586
30000, 30000, 0, 0, dp_19.000000, 30088553.569738388, 180408.13415527344, 282172.04678900004, inf, 173.41040462427745, 406.99935280850434, 23726.43723, 125390.422992, 2.228339, 12507.611151, 120046.1788, 499.168277, 3287, 109391.0390625, 10350001, 16914749, 284748350, 312013100, 29936013.525915146, 82291.6819152832, 162066.389148, inf, 348.83720930232556, 682.2682903453865, 35336.947295, 60779.190045, 0.465272, 6160.806474, 59729.136962, 59.8431, 1634, 87764.46875, 5130001, 25233629, 138878319, 169241949, 29747353.84125328, 41228.122802734375, 135763.219618, inf, 697.6744186046511, 1382.6776805949246, 73299.943448, 29186.03304, 0.091712, 3067.401935, 30202.358323, 7.39116, 817, 63956.265625, 2550001, 51553764, 67695143, 121798908
30000, 30000, 0, 0, dp_21.000000, 30088044.10788536, 179898.6723022461, 308677.64303200005, inf, 173.41040462427745, 406.99935280850434, 23726.43723, 138472.704366, 2.160442, 12507.611151, 133357.332151, 611.397692, 3633, 100983.8984375, 10350001, 16914749, 315195636, 342460386, 29935309.88120079, 81588.03720092773, 175288.172997, inf, 348.83720930232556, 682.2682903453865, 35336.947295, 67039.435033, 0.471795, 6160.806474, 66676.663687, 73.848713, 1806, 84016.53125, 5130001, 25233629, 153816519, 184180149, 29746385.734197617, 40260.01574707031, 142085.411391, inf, 697.6744186046511, 1382.6776805949246, 73299.943448, 32205.585857, 0.110067, 3067.401935, 33503.309342, 9.060742, 903, 61740.0234375, 2550001, 51553764, 75007465, 129111230
30000, 30000, 0, 0, dp_23.000000, 30086990.22345543, 178844.78787231445, 335285.01891100005, inf, 173.41040462427745, 406.99935280850434, 23726.43723, 151671.971029, 2.197892, 12507.611151, 146641.410071, 735.391538, 3979, 93026.59375, 10350001, 16914749, 345758508, 373023258, 29934242.23477745, 80520.39077758789, 188100.02961499998, inf, 348.83720930232556, 682.2682903453865, 35336.947295, 73367.655156, 0.481683, 6160.806474, 73145.075559, 89.063448, 1978, 80382.296875, 5130001, 25233629, 168694985, 199058615, 29745847.667943954, 39721.9494934082, 148369.573711, inf, 697.6744186046511, 1382.6776805949246, 73299.943448, 35227.728665, 0.109966, 3067.401935, 36763.408093, 10.981604, 989, 59831.7265625, 2550001, 51553764, 82171422, 136275187
30000, 30000, 0, 0, dp_25.000000, 30086627.24762535, 178481.81204223633, 361587.854817, inf, 173.41040462427745, 406.99935280850434, 23726.43723, 164542.198957, 2.200616, 12507.611151, 159935.78562, 873.621243, 4325, 86144.140625, 10350001, 16914749, 375891975, 403156725, 29933470.256414413, 79748.41241455078, 200959.49573899998, inf, 348.83720930232556, 682.2682903453865, 35336.947295, 79667.851098, 0.475812, 6160.806474, 79687.805805, 105.609255, 2150, 77313.578125, 5130001, 25233629, 183471287, 213834917, 29745602.101415634, 39476.38296508789, 154823.440829, inf, 697.6744186046511, 1382.6776805949246, 73299.943448, 38313.197275, 0.106229, 3067.401935, 40130.052652, 12.73929, 1075, 57938.89453125, 2550001, 51553764, 89483744, 143587509
30000, 30000, 0, 0, dp_27.000000, 30086042.995550156, 177897.55996704102, 387991.199547, inf, 173.41040462427745, 406.99935280850434, 23726.43723, 177497.732037, 2.32485, 12507.611151, 173240.849591, 1016.244688, 4671, 80342.421875, 10350001, 16914749, 406098387, 433363137, 29932588.675359726, 78866.83135986328, 214157.28251999998, inf, 348.83720930232556, 682.2682903453865, 35336.947295, 86223.324817, 0.482344, 6160.806474, 86311.96303, 123.75856, 2322, 74355.015625, 5130001, 25233629, 198409487, 228773117, 29745587.140844345, 39461.42239379883, 161155.932448, inf, 697.6744186046511, 1382.6776805949246, 73299.943448, 41224.502424, 0.093505, 3067.401935, 43548.936054, 15.055082, 1161, 56241.70703125, 2550001, 51553764, 96558682, 150662447
30000, 30000, 0, 0, dp_29.000000, 30085758.240362167, 177612.80477905273, 414641.659401, inf, 173.41040462427745, 406.99935280850434, 23726.43723, 190648.083473, 2.159179, 12507.611151, 186582.728546, 1174.639822, 5017, 75504.0703125, 10350001, 16914749, 436512734, 463777484, 29932189.967168808, 78468.12316894531, 225233.82246199998, inf, 348.83720930232556, 682.2682903453865, 35336.947295, 90550.893333, 0.468058, 6160.806474, 93041.594082, 143.11322, 2494, 71443.1328125, 5130001, 25233629, 210136710, 240500340, 29745006.726415634, 38881.00796508789, 168129.920259, inf, 697.6744186046511, 1382.6776805949246, 73299.943448, 44526.486973, 0.110928, 3067.401935, 47218.599407, 17.377568, 1247, 54619.890625, 2550001, 51553764, 104108388, 158212153
30000, 30000, 0, 0, dp_3.000000, 30110073.729711533, 201928.29412841797, 70217.71399799999, inf, 173.41040462427745, 406.99935280850434, 23726.43723, 20578.286643, 2.113614, 12507.611151, 13394.786711, 8.478649, 519, 258619.625, 10350001, 16914749, 40596444, 67861194, 29949716.52710533, 95994.68310546875, 58051.82343499999, inf, 348.83720930232556, 682.2682903453865, 35336.947295, 9878.721462, 0.48542, 6160.806474, 6673.835899, 1.026885, 258, 161955.640625, 5130001, 25233629, 19746570, 50110200, 29751440.817754745, 45315.09930419922, 84524.928605, inf, 697.6744186046511, 1382.6776805949246, 73299.943448, 4766.707367, 0.093085, 3067.401935, 3390.624743, 0.158027, 129, 100636.015625, 2550001, 51553764, 9568799, 63672564
30000, 30000, 0, 0, dp_31.000000, 30084885.112127304, 176739.67654418945, 441455.23881400004, inf, 173.41040462427745, 406.99935280850434, 23726.43723, 203957.000138, 2.15414, 12507.611151, 199918.936197, 1343.099958, 5363, 71348.9375, 10350001, 16914749, 467075606, 494340356, 29931819.491399765, 78097.64739990234, 238358.92109899997, inf, 348.83720930232556, 682.2682903453865, 35336.947295, 96862.226791, 0.475892, 6160.806474, 99834.650236, 163.814411, 2666, 68662.1171875, 5130001, 25233629, 224985309, 255348939, 29744152.72043419, 38027.00198364258, 174409.88237200002, inf, 697.6744186046511, 1382.6776805949246, 73299.943448, 47618.739058, 0.104056, 3067.401935, 50403.746158, 19.947717, 1333, 53074.5390625, 2550001, 51553764, 111420710, 165524475
30000, 30000, 0, 0, dp_33.000000, 30084885.112127304, 176739.67654418945, 467902.70192799997, inf, 173.41040462427745, 406.99935280850434, 23726.43723, 216784.097136, 2.139513, 12507.611151, 213360.852165, 1521.564733, 5709, 67561, 10350001, 16914749, 497065938, 524330688, 29931819.491399765, 78097.64739990234, 251414.76169, inf, 348.83720930232556, 682.2682903453865, 35336.947295, 103221.886625, 0.481142, 6160.806474, 106508.633535, 186.006619, 2838, 66010.8671875, 5130001, 25233629, 239923509, 270287139, 29743919.475683212, 37793.757232666016, 180369.558293, inf, 697.6744186046511, 1382.6776805949246, 73299.943448, 50524.131614, 0.091281, 3067.401935, 53455.388822, 22.601193, 1419, 51435.1484375, 2550001, 51553764, 118495648, 172599413
30000, 30000, 0, 0, dp_35.000000, 30084539.146673203, 176393.7110900879, 494414.98887899995, inf, 173.41040462427745, 406.99935280850434, 23726.43723, 229946.681375, 2.14346, 12507.611151, 226520.29491, 1711.820753, 6055, 63956.76171875, 10350001, 16914749, 527628810, 554893560, 29931573.10602379, 77851.26202392578, 264723.329544, inf, 348.83720930232556, 682.2682903453865, 35336.947295, 109825.825023, 0.480491, 6160.806474, 113189.646642, 209.623619, 3010, 63478.57421875, 5130001, 25233629, 254861709, 285225339, 29743841.536779404, 37715.81832885742, 186837.89345400003, inf, 697.6744186046511, 1382.6776805949246, 73299.943448, 53675.240709, 0.106399, 3067.401935, 56769.488026, 25.712937, 1505, 49921.33984375, 2550001, 51553764, 125807970, 179911735
30000, 30000, 0, 0, dp_37.000000, 30084271.564214706, 176126.1286315918, 521547.07897599996, inf, 173.41040462427745, 406.99935280850434, 23726.43723, 243412.523876, 2.135565, 12507.611151, 239981.81173, 1916.559424, 6401, 60492.84765625, 10350001, 16914749, 558191682, 585456432, 29931315.41913414, 77593.57513427734, 278485.43620099995, inf, 348.83720930232556, 682.2682903453865, 35336.947295, 116160.999768, 0.487865, 6160.806474, 120590.996166, 235.198633, 3182, 61181.578125, 5130001, 25233629, 269799909, 300163539, 29743608.292028427, 37482.57357788086, 193303.52650900002, inf, 697.6744186046511, 1382.6776805949246, 73299.943448, 56768.162674, 0.10638, 3067.401935, 60139.207327, 28.704745, 1591, 48451.234375, 2550001, 51553764, 133120292, 187224057
30000, 30000, 0, 0, dp_39.000000, 30084157.495550156, 176012.05996704102, 548748.8158730001, inf, 173.41040462427745, 406.99935280850434, 23726.43723, 256925.573619, 2.105358, 12507.611151, 253457.818147, 2129.270368, 6747, 57179.28515625, 10350001, 16914749, 588576324, 615841074, 29930878.257268906, 77156.41326904297, 290308.864109, inf, 348.83720930232556, 682.2682903453865, 35336.947295, 122418.642727, 0.471283, 6160.806474, 126130.744345, 261.251985, 3354, 58899.078125, 5130001, 25233629, 284439439, 314803069, 29743412.185583115, 37286.46713256836, 199968.204037, inf, 697.6744186046511, 1382.6776805949246, 73299.943448, 59910.018394, 0.109486, 3067.401935, 63658.795932, 31.934842, 1677, 46937.68359375, 2550001, 51553764, 140432614, 194536379
30000, 30000, 0, 0, dp_5.000000, 30104623.15769005, 196477.7221069336, 96896.839291, inf, 173.41040462427745, 406.99935280850434, 23726.43723, 33797.077344, 2.126287, 12507.611151, 26834.637993, 28.949286, 865, 214960.53125, 10350001, 16914749, 71159316, 98424066, 29945156.178655624, 91434.33465576172, 71095.354308, inf, 348.83720930232556, 682.2682903453865, 35336.947295, 16281.070999, 0.415399, 6160.806474, 13312.544357, 3.569784, 430, 140932.078125, 5130001, 25233629, 34654903, 65018533, 29750376.993535995, 44251.27508544922, 91086.822984, inf, 697.6744186046511, 1382.6776805949246, 73299.943448, 7877.914313, 0.110047, 3067.401935, 6840.992547, 0.460694, 215, 91656.3125, 2550001, 51553764, 16881121, 70984886
30000, 30000, 0, 0, dp_7.000000, 30100614.707342148, 192469.2717590332, 123721.15524899999, inf, 173.41040462427745, 406.99935280850434, 23726.43723, 47155.31601, 2.167775, 12507.611151, 40269.087757, 60.535326, 1211, 189597.3125, 10350001, 16914749, 101692483, 128957233, 29942276.150640488, 88554.306640625, 84025.53722799999, inf, 348.83720930232556, 682.2682903453865, 35336.947295, 22532.881723, 0.418575, 6160.806474, 19987.109144, 7.374017, 602, 127268.8984375, 5130001, 25233629, 49503502, 79867132, 29749523.283208847, 43397.56475830078, 97505.85209200002, inf, 697.6744186046511, 1382.6776805949246, 73299.943448, 10889.176448, 0.091812, 3067.401935, 10248.303335, 0.935114, 301, 85204.8046875, 2550001, 51553764, 24193443, 78297208
30000, 30000, 0, 0, dp_9.000000, 30098201.721624374, 190056.28604125977, 149738.03993300002, inf, 173.41040462427745, 406.99935280850434, 23726.43723, 60006.361522, 2.279164, 12507.611151, 53390.597374, 104.753492, 1557, 170953.28125, 10350001, 16914749, 132255355, 159520105, 29940651.940008163, 86930.09600830078, 96909.606319, inf, 348.83720930232556, 682.2682903453865, 35336.947295, 28814.974686, 0.432902, 6160.806474, 26583.662563, 12.782399, 774, 116540.90625, 5130001, 25233629, 64306787, 94670417, 29749253.97546959, 43128.25701904297, 103764.37785900001, inf, 697.6744186046511, 1382.6776805949246, 73299.943448, 13967.306136, 0.092283, 3067.401935, 13428.023918, 1.610139, 387, 80125.4375, 2550001, 51553764, 31505765, 85609530
30000, 30000, 0, 0, fixed_reps_1, 30127328.48026085, 219183.04467773438, 43720.128404, inf, 173.41040462427745, 406.99935280850434, 23726.43723, 7432.220992, 2.100999, 12507.611151, 51.758032, 0, 173, 412744.125, 10350001, 16914749, 10063277, 37328027, 29957684.222906113, 103962.37890625, 45046.129113999996, inf, 348.83720930232556, 682.2682903453865, 35336.947295, 3498.532152, 0.433844, 6160.806474, 49.409349, 0, 86, 223338.328125, 5130001, 25233629, 4862336, 35225966, 29754875.57953453, 48749.861083984375, 78148.97759300002, inf, 697.6744186046511, 1382.6776805949246, 73299.943448, 1730.831835, 0.090389, 3067.401935, 50.709986, 0, 43, 120982.859375, 2550001, 51553764, 2341177, 56444942
30000, 30000, 0, 0, fixed_reps_11, 30103770.49185753, 195625.05627441406, 109524.982711, inf, 173.41040462427745, 406.99935280850434, 23726.43723, 72862.259334, 2.858528, 12507.611151, 425.816468, 0, 1903, 213382.796875, 10350001, 16914749, 110694317, 137959067, 29944795.43500328, 91073.59100341797, 76895.431524, inf, 348.83720930232556, 682.2682903453865, 35336.947295, 34971.84539, 0.473278, 6160.806474, 425.359087, 0, 946, 138962.15625, 5130001, 25233629, 53484836, 83848466, 29750272.470586777, 44146.75213623047, 93587.080929, inf, 697.6744186046511, 1382.6776805949246, 73299.943448, 16790.452857, 0.091492, 3067.401935, 429.191197, 0, 473, 90519.8046875, 2550001, 51553764, 25752517, 79856282
30000, 30000, 0, 0, fixed_reps_13, 30101542.263708115, 193396.828125, 122505.484893, inf, 173.41040462427745, 406.99935280850434, 23726.43723, 85766.045258, 2.233998, 12507.611151, 503.157256, 0, 2249, 200916.34375, 10350001, 16914749, 130820525, 158085275, 29944576.73505211, 90854.8910522461, 83274.19636399999, inf, 348.83720930232556, 682.2682903453865, 35336.947295, 41273.414712, 0.473618, 6160.806474, 502.554265, 0, 1118, 133369.921875, 5130001, 25233629, 63209336, 93572966, 29749626.168157578, 43500.44970703125, 96676.261195, inf, 697.6744186046511, 1382.6776805949246, 73299.943448, 19802.561475, 0.093024, 3067.401935, 506.261313, 0, 559, 85351.21875, 2550001, 51553764, 30434785, 84538550
30000, 30000, 0, 0, fixed_reps_15, 30100971.390233994, 192825.9546508789, 135575.770758, inf, 173.41040462427745, 406.99935280850434, 23726.43723, 98759.772162, 2.17452, 12507.611151, 579.775695, 0, 2595, 190883.671875, 10350001, 16914749, 150946733, 178211483, 29944326.454839706, 90604.61083984375, 89606.970207, inf, 348.83720930232556, 682.2682903453865, 35336.947295, 47528.915232, 0.475531, 6160.806474, 579.825675, 0, 1290, 128035.90625, 5130001, 25233629, 72933836, 103297466, 29749135.253606796, 43009.53515625, 99820.010796, inf, 697.6744186046511, 1382.6776805949246, 73299.943448, 22865.941996, 0.104065, 3067.401935, 586.619352, 0, 645, 80634.3671875, 2550001, 51553764, 35117053, 89220818
30000, 30000, 0, 0, fixed_reps_17, 30099865.490636826, 191720.05505371094, 148708.562754, inf, 173.41040462427745, 406.99935280850434, 23726.43723, 111816.472283, 2.210897, 12507.611151, 655.831193, 0, 2941, 185446.625, 10350001, 16914749, 171072941, 198337691, 29942381.858465195, 88660.01446533203, 95977.51533099999, inf, 348.83720930232556, 682.2682903453865, 35336.947295, 53822.49033, 0.480552, 6160.806474, 656.79068, 0, 1462, 121311.6875, 5130001, 25233629, 82658336, 113021966, 29748786.982488632, 42661.26403808594, 102881.746991, inf, 697.6744186046511, 1382.6776805949246, 73299.943448, 25836.000436, 0.091852, 3067.401935, 678.30932, 0, 731, 78732.140625, 2550001, 51553764, 39799321, 93903086
30000, 30000, 0, 0, fixed_reps_19, 30098597.539770126, 190452.10418701172, 161849.622903, inf, 173.41040462427745, 406.99935280850434, 23726.43723, 124878.534663, 2.171345, 12507.611151, 734.868514, 0, 3287, 179188.390625, 10350001, 16914749, 191199149, 218463899, 29941893.00909996, 88171.16510009766, 102365.094543, inf, 348.83720930232556, 682.2682903453865, 35336.947295, 60133.392813, 0.473448, 6160.806474, 733.474513, 0, 1634, 117186.7578125, 5130001, 25233629, 92382836, 122746466, 29747688.235631943, 41562.517181396484, 105914.94721900001, inf, 697.6744186046511, 1382.6776805949246, 73299.943448, 28809.40907, 0.102222, 3067.401935, 738.090544, 0, 817, 77268.5625, 2550001, 51553764, 44481589, 98585354
30000, 30000, 0, 0, fixed_reps_21, 30097288.50406456, 189143.0684814453, 175235.305104, inf, 173.41040462427745, 406.99935280850434, 23726.43723, 138187.07572, 2.203623, 12507.611151, 811.97738, 0, 3633, 170275.171875, 10350001, 16914749, 211325357, 238590107, 29940512.389593124, 86790.54559326172, 108693.705274, inf, 348.83720930232556, 682.2682903453865, 35336.947295, 66384.481794, 0.48019, 6160.806474, 810.989521, 0, 1806, 112466.1640625, 5130001, 25233629, 102107336, 132470966, 29747431.06821251, 41305.34976196289, 109004.71907100001, inf, 697.6744186046511, 1382.6776805949246, 73299.943448, 31818.56157, 0.091201, 3067.401935, 818.720917, 0, 903, 74733.046875, 2550001, 51553764, 49163857, 103267622
30000, 30000, 0, 0, fixed_reps_23, 30096075.65476036, 187930.2191772461, 188172.487568, inf, 173.41040462427745, 406.99935280850434, 23726.43723, 151043.402043, 2.175109, 12507.611151, 892.862035, 0, 3979, 162191.390625, 10350001, 16914749, 231451565, 258716315, 29939516.85651207, 85795.01251220703, 115107.95695899999, inf, 348.83720930232556, 682.2682903453865, 35336.947295, 72723.324366, 0.462737, 6160.806474, 886.416087, 0, 1978, 109402.9375, 5130001, 25233629, 111831836, 142195466, 29747022.59720421, 40896.87875366211, 112216.57689300002, inf, 697.6744186046511, 1382.6776805949246, 73299.943448, 34943.869269, 0.104105, 3067.401935, 905.258136, 0, 989, 73737.1328125, 2550001, 51553764, 53846125, 107949890
30000, 30000, 0, 0, fixed_reps_25, 30094795.655462265, 186650.2198791504, 201241.223529, inf, 173.41040462427745, 406.99935280850434, 23726.43723, 164038.65348, 2.20749, 12507.611151, 966.314178, 0, 4325, 156525.875, 10350001, 16914749, 251577773, 278842523, 29939207.97015953, 85486.12615966797, 121463.63671899999, inf, 348.83720930232556, 682.2682903453865, 35336.947295, 79000.765892, 0.478878, 6160.806474, 964.63818, 0, 2150, 106624.0390625, 5130001, 25233629, 121556336, 151919966, 29746856.61130333, 40730.8928527832, 115181.603628, inf, 697.6744186046511, 1382.6776805949246, 73299.943448, 37834.90379, 0.109365, 3067.401935, 979.24509, 0, 1075, 72509.203125, 2550001, 51553764, 58528393, 112632158
30000, 30000, 0, 0, fixed_reps_27, 30094497.351934433, 186351.91635131836, 214303.926711, inf, 173.41040462427745, 406.99935280850434, 23726.43723, 177025.422809, 2.182022, 12507.611151, 1042.273499, 0, 4671, 153021.703125, 10350001, 16914749, 271703981, 298968731, 29938985.484502792, 85263.64050292969, 127934.55022199999, inf, 348.83720930232556, 682.2682903453865, 35336.947295, 85393.279619, 0.472606, 6160.806474, 1043.044228, 0, 2322, 102432.484375, 5130001, 25233629, 131280836, 161644466, 29746487.95956993, 40362.241119384766, 118268.47285400002, inf, 697.6744186046511, 1382.6776805949246, 73299.943448, 40847.636377, 0.104426, 3067.401935, 1053.386668, 0, 1161, 71330.4765625, 2550001, 51553764, 63210661, 117314426
30000, 30000, 0, 0, fixed_reps_29, 30093530.603277206, 185385.1676940918, 227574.80419999998, inf, 173.41040462427745, 406.99935280850434, 23726.43723, 190218.133109, 2.181802, 12507.611151, 1120.440908, 0, 5017, 150544.796875, 10350001, 16914749, 291830189, 319094939, 29938438.360601425, 84716.5166015625, 134403.63272, inf, 348.83720930232556, 682.2682903453865, 35336.947295, 91786.781166, 0.477365, 6160.806474, 1118.62042, 0, 2494, 100842.5859375, 5130001, 25233629, 141005336, 171368966, 29746465.514440536, 40339.795989990234, 121431.8766, inf, 697.6744186046511, 1382.6776805949246, 73299.943448, 43922.671651, 0.094537, 3067.401935, 1141.765029, 0, 1247, 70324.3828125, 2550001, 51553764, 67892929, 121996694
30000, 30000, 0, 0, fixed_reps_3, 30119250.90878868, 211105.4732055664, 56952.370129, inf, 173.41040462427745, 406.99935280850434, 23726.43723, 20598.761777, 2.253785, 12507.611151, 117.306186, 0, 519, 329026.625, 10350001, 16914749, 30189485, 57454235, 29952789.110235214, 99067.26623535156, 51406.02423399999, inf, 348.83720930232556, 682.2682903453865, 35336.947295, 9791.211752, 0.467998, 6160.806474, 116.590715, 0, 258, 183945.3125, 5130001, 25233629, 14586836, 44950466, 29753159.315008163, 47033.59655761719, 81196.25776400001, inf, 697.6744186046511, 1382.6776805949246, 73299.943448, 4710.721731, 0.091622, 3067.401935, 118.099028, 0, 129, 108162.6328125, 2550001, 51553764, 7023445, 61127210
30000, 30000, 0, 0, fixed_reps_31, 30092553.659002304, 184408.22341918945, 240991.468633, inf, 173.41040462427745, 406.99935280850434, 23726.43723, 203555.58888, 2.258826, 12507.611151, 1199.572546, 0, 5363, 147572.96875, 10350001, 16914749, 311956397, 339221147, 29937739.49750328, 84017.65350341797, 140664.485521, inf, 348.83720930232556, 682.2682903453865, 35336.947295, 97964.172004, 0.471043, 6160.806474, 1202.088705, 0, 2666, 98230.3515625, 5130001, 25233629, 150729836, 181093466, 29746202.969335556, 40077.250885009766, 124445.049851, inf, 697.6744186046511, 1382.6776805949246, 73299.943448, 46868.316936, 0.109355, 3067.401935, 1209.278177, 0, 1333, 67875.21875, 2550001, 51553764, 72575197, 126678962
30000, 30000, 0, 0, fixed_reps_33, 30091296.55963707, 183151.12405395508, 253784.77729500004, inf, 173.41040462427745, 406.99935280850434, 23726.43723, 216274.970035, 2.224141, 12507.611151, 1273.534738, 0, 5709, 140796.921875, 10350001, 16914749, 332082605, 359347355, 29937378.35425377, 83656.51025390625, 146977.106912, inf, 348.83720930232556, 682.2682903453865, 35336.947295, 104206.696535, 0.471764, 6160.806474, 1272.184844, 0, 2838, 95689.40625, 5130001, 25233629, 160454336, 190817966, 29746202.969335556, 40077.250885009766, 127605.77214100001, inf, 697.6744186046511, 1382.6776805949246, 73299.943448, 49950.678109, 0.109195, 3067.401935, 1287.639454, 0, 1419, 65817.3046875, 2550001, 51553764, 77257465, 131361230
30000, 30000, 0, 0, fixed_reps_35, 30090823.685064316, 182678.24948120117, 267111.744602, inf, 173.41040462427745, 406.99935280850434, 23726.43723, 229523.300972, 2.195768, 12507.611151, 1352.199481, 0, 6055, 137580.703125, 10350001, 16914749, 352208813, 379473563, 29937044.18866539, 83322.34466552734, 153375.21368699998, inf, 348.83720930232556, 682.2682903453865, 35336.947295, 110524.844052, 0.480081, 6160.806474, 1352.135785, 0, 3010, 92111.65625, 5130001, 25233629, 170178836, 200542466, 29746115.770910263, 39990.0524597168, 130701.548135, inf, 697.6744186046511, 1382.6776805949246, 73299.943448, 52936.857077, 0.104646, 3067.401935, 1397.241029, 0, 1505, 63992.5078125, 2550001, 51553764, 81939733, 136043498
30000, 30000, 0, 0, fixed_reps_37, 30090628.660100937, 182483.22451782227, 280295.03810500004, inf, 173.41040462427745, 406.99935280850434, 23726.43723, 242633.583354, 2.142356, 12507.611151, 1425.264014, 0, 6401, 134332.265625, 10350001, 16914749, 372335021, 399599771, 29936762.431646347, 83040.58764648438, 159767.82562699998, inf, 348.83720930232556, 682.2682903453865, 35336.947295, 116841.386873, 0.475963, 6160.806474, 1428.209022, 0, 3182, 90837.421875, 5130001, 25233629, 179903336, 210266966, 29745715.427160263, 39589.7087097168, 133936.588309, inf, 697.6744186046511, 1382.6776805949246, 73299.943448, 56121.53001, 0.105478, 3067.401935, 1447.607438, 0, 1591, 63253.15625, 2550001, 51553764, 86622001, 140725766
30000, 30000, 0, 0, fixed_reps_39, 30090313.80322838, 182168.36764526367, 293648.69672, inf, 173.41040462427745, 406.99935280850434, 23726.43723, 255906.730476, 2.291126, 12507.611151, 1505.626737, 0, 6747, 131340.3125, 10350001, 16914749, 392461229, 419725979, 29936216.7681942, 82494.92419433594, 166046.65891099998, inf, 348.83720930232556, 682.2682903453865, 35336.947295, 123032.444783, 0.470342, 6160.806474, 1515.990017, 0, 3354, 89471.09375, 5130001, 25233629, 189627836, 219991466, 29745380.969701767, 39255.2512512207, 136944.951278, inf, 697.6744186046511, 1382.6776805949246, 73299.943448, 59032.131453, 0.103614, 3067.401935, 1545.370828, 0, 1677, 62457.7734375, 2550001, 51553764, 91304269, 145408034
30000, 30000, 0, 0, fixed_reps_41, 30089518.95288658, 181373.5173034668, 307594.03321, inf, 173.41040462427745, 406.99935280850434, 23726.43723, 269763.562139, 2.236334, 12507.611151, 1594.186356, 0, 7093, 128186.8828125, 10350001, 16914749, 412587437, 439852187, 29935748.75269127, 82026.90869140625, 172565.703801, inf, 348.83720930232556, 682.2682903453865, 35336.947295, 129481.881029, 0.478737, 6160.806474, 1585.590266, 0, 3526, 88067.9921875, 5130001, 25233629, 199352336, 229715966, 29745380.969701767, 39255.2512512207, 139891.16027100003, inf, 697.6744186046511, 1382.6776805949246, 73299.943448, 61926.479472, 0.107431, 3067.401935, 1597.227985, 0, 1763, 61712.49609375, 2550001, 51553764, 95986537, 150090302
30000, 30000, 0, 0, fixed_reps_5, 30112720.118017197, 204574.68243408203, 70235.662423, inf, 173.41040462427745, 406.99935280850434, 23726.43723, 33803.932669, 2.244813, 12507.611151, 195.43656, 0, 865, 276966.1875, 10350001, 16914749, 50315693, 77580443, 29951043.0428524, 97321.19885253906, 57804.06308899999, inf, 348.83720930232556, 682.2682903453865, 35336.947295, 16112.912798, 0.478798, 6160.806474, 192.917724, 0, 430, 168227.078125, 5130001, 25233629, 24311336, 54674966, 29752918.45026207, 46792.73181152344, 84342.17065800002, inf, 697.6744186046511, 1382.6776805949246, 73299.943448, 7779.154783, 0.093575, 3067.401935, 195.576917, 0, 215, 101588.984375, 2550001, 51553764, 11705713, 65809478
30000, 30000, 0, 0, fixed_reps_7, 30109058.320898056, 200912.8853149414, 83282.143579, inf, 173.41040462427745, 406.99935280850434, 23726.43723, 46773.977468, 2.220357, 12507.611151, 271.897373, 0, 1211, 244307.21875, 10350001, 16914749, 70441901, 97706651, 29949996.79791832, 96274.95391845703, 64162.39870599999, inf, 348.83720930232556, 682.2682903453865, 35336.947295, 22394.163346, 0.474289, 6160.806474, 270.007302, 0, 602, 154918.328125, 5130001, 25233629, 34035836, 64399466, 29751735.10260582, 45609.38415527344, 87370.354448, inf, 697.6744186046511, 1382.6776805949246, 73299.943448, 10725.086853, 0.105237, 3067.401935, 277.816975, 0, 301, 97040.7734375, 2550001, 51553764, 16387981, 70491746
30000, 30000, 0, 0, fixed_reps_9, 30106207.415136337, 198061.97955322266, 98247.724519, inf, 173.41040462427745, 406.99935280850434, 23726.43723, 61660.473998, 2.774571, 12507.611151, 350.427569, 0, 1557, 229524.4375, 10350001, 16914749, 90568109, 117832859, 29946687.30524254, 92965.46124267578, 70533.17883099998, inf, 348.83720930232556, 682.2682903453865, 35336.947295, 28687.371077, 0.417643, 6160.806474, 347.636342, 0, 774, 144190.21875, 5130001, 25233629, 43760336, 74123966, 29750465.86987877, 44340.151428222656, 90473.733638, inf, 697.6744186046511, 1382.6776805949246, 73299.943448, 13756.453523, 0.090379, 3067.401935, 349.844353, 0, 387, 93560.3515625, 2550001, 51553764, 21070249, 75174014
30000, 30000, 0, 0, greedy_1.000000, 30127328.48026085, 219183.04467773438, 43626.145516, inf, 173.41040462427745, 406.99935280850434, 23726.43723, 7352.535998, 1.993909, 12507.611151, 37.55764, 0.009588, 173, 412744.125, 10350001, 16914749, 10063277, 37328027, 29957684.222906113, 103962.37890625, 45042.815371, inf, 348.83720930232556, 682.2682903453865, 35336.947295, 3506.383362, 0.470643, 6160.806474, 38.201666, 0.005931, 86, 223338.328125, 5130001, 25233629, 4862336, 35225966, 29754875.57953453, 48749.861083984375, 78082.98158, inf, 697.6744186046511, 1382.6776805949246, 73299.943448, 1678.55336, 0.091331, 3067.401935, 36.988661, 0.002845, 43, 120982.859375, 2550001, 51553764, 2341177, 56444942
30000, 30000, 0, 0, greedy_11.000000, 30098632.30435753, 190486.86877441406, 175772.359996, inf, 173.41040462427745, 406.99935280850434, 23726.43723, 72839.365392, 2.26633, 12507.611151, 66696.237133, 0.44276, 1903, 195841.140625, 10350001, 16914749, 162581665, 189846415, 29944068.8352108, 90346.9912109375, 109834.758238, inf, 348.83720930232556, 682.2682903453865, 35336.947295, 35005.737309, 0.481143, 6160.806474, 33330.631798, 0.154219, 946, 128414.7890625, 5130001, 25233629, 78903887, 109267517, 29750541.891851425, 44416.173400878906, 109998.12307400002, inf, 697.6744186046511, 1382.6776805949246, 73299.943448, 16865.974098, 0.104726, 3067.401935, 16764.656257, 0.04261, 473, 87036.921875, 2550001, 51553764, 38500322, 92604087
30000, 30000, 0, 0, greedy_13.000000, 30096763.974523544, 188618.5389404297, 202338.29164100002, inf, 173.41040462427745, 406.99935280850434, 23726.43723, 86060.454878, 2.373502, 12507.611151, 80040.875449, 0.539431, 2249, 179789.234375, 10350001, 16914749, 193144537, 220409287, 29942832.06744957, 89110.22344970703, 122648.37917199999, inf, 348.83720930232556, 682.2682903453865, 35336.947295, 41299.499806, 0.475512, 6160.806474, 39850.461802, 0.188283, 1118, 121890.171875, 5130001, 25233629, 93815104, 124178734, 29749502.69696617, 43376.978515625, 116632.674154, inf, 697.6744186046511, 1382.6776805949246, 73299.943448, 19859.851209, 0.11188, 3067.401935, 20405.31098, 0.054702, 559, 83968.3515625, 2550001, 51553764, 45609812, 99713577
30000, 30000, 0, 0, greedy_15.000000, 30095214.959142685, 187069.5235595703, 228152.56171700003, inf, 173.41040462427745, 406.99935280850434, 23726.43723, 98625.343204, 2.17579, 12507.611151, 93290.181257, 0.813085, 2595, 164874.96875, 10350001, 16914749, 222991734, 250256484, 29941485.090032578, 87763.24603271484, 135869.89421, inf, 348.83720930232556, 682.2682903453865, 35336.947295, 47650.655079, 0.49096, 6160.806474, 46720.801339, 0.193063, 1290, 113577.78125, 5130001, 25233629, 108753304, 139116934, 29749262.9780941, 43137.25964355469, 122739.68743800001, inf, 697.6744186046511, 1382.6776805949246, 73299.943448, 22889.500409, 0.089188, 3067.401935, 23482.691694, 0.060764, 645, 80719.8203125, 2550001, 51553764, 52862788, 106966553
30000, 30000, 0, 0, greedy_17.000000, 30092344.900182724, 184199.46459960938, 254655.211378, inf, 173.41040462427745, 406.99935280850434, 23726.43723, 111715.052531, 2.178415, 12507.611151, 106703.235755, 0.696296, 2941, 153695.484375, 10350001, 16914749, 253497352, 280762102, 29940477.42505455, 86755.5810546875, 148766.288908, inf, 348.83720930232556, 682.2682903453865, 35336.947295, 54143.20851, 0.48496, 6160.806474, 53124.590047, 0.251622, 1462, 108964.1796875, 5130001, 25233629, 123691504, 154055134, 29748596.99310875, 42471.274658203125, 129263.67553000001, inf, 697.6744186046511, 1382.6776805949246, 73299.943448, 26064.286892, 0.094226, 3067.401935, 26831.855885, 0.093144, 731, 79295.65625, 2550001, 51553764, 60175110, 114278875
30000, 30000, 0, 0, greedy_19.000000, 30091040.49484825, 182895.05926513672, 280673.520011, inf, 173.41040462427745, 406.99935280850434, 23726.43723, 124390.338509, 2.187753, 12507.611151, 120046.1788, 0.766568, 3287, 142762.734375, 10350001, 16914749, 283347304, 310612054, 29939903.652959824, 86181.80895996094, 161058.13649399998, inf, 348.83720930232556, 682.2682903453865, 35336.947295, 59830.509192, 0.481012, 6160.806474, 59729.136962, 0.255559, 1634, 104456.4921875, 5130001, 25233629, 137685299, 168048929, 29748583.08637047, 42457.367919921875, 135590.14021699998, inf, 697.6744186046511, 1382.6776805949246, 73299.943448, 29020.263646, 0.109125, 3067.401935, 30202.358323, 0.06374, 817, 78045.8359375, 2550001, 51553764, 67487432, 121591197
30000, 30000, 0, 0, greedy_21.000000, 30090382.444616318, 182237.00903320312, 307124.94802799996, inf, 173.41040462427745, 406.99935280850434, 23726.43723, 137530.53607, 2.18048, 12507.611151, 133357.332151, 0.850946, 3633, 133226.453125, 10350001, 16914749, 313910176, 341174926, 29938398.50885582, 84676.66485595703, 174339.57125199997, inf, 348.83720930232556, 682.2682903453865, 35336.947295, 66164.477607, 0.414929, 6160.806474, 66676.663687, 0.26126, 1806, 100875.8203125, 5130001, 25233629, 152623499, 182987129, 29747645.21045494, 41519.49200439453, 141928.545667, inf, 697.6744186046511, 1382.6776805949246, 73299.943448, 32057.698371, 0.097894, 3067.401935, 33503.309342, 0.094677, 903, 73148.015625, 2550001, 51553764, 74799754, 128903519
30000, 30000, 0, 0, greedy_23.000000, 30089161.52701378, 181016.09143066406, 333255.650212, inf, 173.41040462427745, 406.99935280850434, 23726.43723, 150376.814305, 2.211338, 12507.611151, 146641.410071, 1.166117, 3979, 126649.5234375, 10350001, 16914749, 344027473, 371292223, 29937399.47369957, 83677.62969970703, 187285.069161, inf, 348.83720930232556, 682.2682903453865, 35336.947295, 72641.473657, 0.469961, 6160.806474, 73145.075559, 0.296215, 1978, 97421.15625, 5130001, 25233629, 167561699, 197925329, 29747509.232793808, 41383.51434326172, 148298.469511, inf, 697.6744186046511, 1382.6776805949246, 73299.943448, 35167.508405, 0.099497, 3067.401935, 36763.408093, 0.108133, 989, 71805.515625, 2550001, 51553764, 82112076, 136215841
30000, 30000, 0, 0, greedy_25.000000, 30088921.50345421, 180776.06787109375, 359718.27528899995, inf, 173.41040462427745, 406.99935280850434, 23726.43723, 163545.078712, 2.361889, 12507.611151, 159935.78562, 1.000687, 4325, 120456.734375, 10350001, 16914749, 374590345, 401855095, 29936724.19421959, 83002.35021972656, 200270.787404, inf, 348.83720930232556, 682.2682903453865, 35336.947295, 79084.440543, 0.47455, 6160.806474, 79687.805805, 0.312737, 2150, 95673.125, 5130001, 25233629, 182499899, 212863529, 29747017.87262535, 40892.15417480469, 154469.04037200002, inf, 697.6744186046511, 1382.6776805949246, 73299.943448, 37971.431713, 0.094026, 3067.401935, 40130.052652, 0.116598, 1075, 69446.5078125, 2550001, 51553764, 89068322, 143172087
30000, 30000, 0, 0, greedy_27.000000, 30088358.833227158, 180213.39764404297, 386216.770605, inf, 173.41040462427745, 406.99935280850434, 23726.43723, 176738.562707, 2.239009, 12507.611151, 173240.849591, 1.070917, 4671, 111365.046875, 10350001, 16914749, 405153217, 432417967, 29936528.80231285, 82806.95831298828, 213119.363963, inf, 348.83720930232556, 682.2682903453865, 35336.947295, 85308.82872, 0.470592, 6160.806474, 86311.96303, 0.347852, 2322, 91349.3984375, 5130001, 25233629, 197438099, 227801729, 29746692.17368126, 40566.45523071289, 160764.68356900002, inf, 697.6744186046511, 1382.6776805949246, 73299.943448, 40848.190305, 0.107231, 3067.401935, 43548.936054, 0.104596, 1161, 68520.8828125, 2550001, 51553764, 96054241, 150158006
30000, 30000, 0, 0, greedy_29.000000, 30087973.522558212, 179828.08697509766, 412488.49240700004, inf, 173.41040462427745, 406.99935280850434, 23726.43723, 189668.325573, 2.219943, 12507.611151, 186582.728546, 1.169964, 5017, 104532.15625, 10350001, 16914749, 435184633, 462449383, 29936086.298345566, 82364.45434570312, 226200.27544800003, inf, 348.83720930232556, 682.2682903453865, 35336.947295, 91660.121796, 0.463709, 6160.806474, 93041.594082, 0.342092, 2494, 87853.3828125, 5130001, 25233629, 212376299, 242739929, 29746287.294347763, 40161.5758972168, 167518.395032, inf, 697.6744186046511, 1382.6776805949246, 73299.943448, 43932.22529, 0.10675, 3067.401935, 47218.599407, 0.118202, 1247, 65951.484375, 2550001, 51553764, 103366563, 157470328
30000, 30000, 0, 0, greedy_3.000000, 30116327.186071396, 208181.75048828125, 70191.35146, inf, 173.41040462427745, 406.99935280850434, 23726.43723, 20560.184104, 2.209413, 12507.611151, 13394.786711, 0.122851, 519, 293436.40625, 10350001, 16914749, 40566739, 67831489, 29952271.425725937, 98549.58172607422, 58005.80478, inf, 348.83720930232556, 682.2682903453865, 35336.947295, 9833.748397, 0.429786, 6160.806474, 6673.835899, 0.036929, 258, 176016.515625, 5130001, 25233629, 19716703, 50080333, 29753445.632940292, 47319.914489746094, 84472.136464, inf, 697.6744186046511, 1382.6776805949246, 73299.943448, 4714.057244, 0.093525, 3067.401935, 3390.624743, 0.015569, 129, 106304.8125, 2550001, 51553764, 9543445, 63647210
30000, 30000, 0, 0, greedy_31.000000, 30087120.575933456, 178975.1403503418, 438779.368848, inf, 173.41040462427745, 406.99935280850434, 23726.43723, 202622.971931, 2.153749, 12507.611151, 199918.936197, 1.25859, 5363, 100066.7265625, 10350001, 16914749, 465420750, 492685500, 29934685.403356552, 80963.55935668945, 239444.301531, inf, 348.83720930232556, 682.2682903453865, 35336.947295, 98111.048454, 0.48525, 6160.806474, 99834.650236, 0.363822, 2666, 83600.28125, 5130001, 25233629, 227314499, 257678129, 29746287.294347763, 40161.5758972168, 173823.61571399999, inf, 697.6744186046511, 1382.6776805949246, 73299.943448, 47052.291877, 0.104806, 3067.401935, 50403.746158, 0.12749, 1333, 65105.57421875, 2550001, 51553764, 110678885, 164782650
30000, 30000, 0, 0, greedy_33.000000, 30086764.61859703, 178619.18301391602, 464804.132429, inf, 173.41040462427745, 406.99935280850434, 23726.43723, 215205.765463, 2.174538, 12507.611151, 213360.852165, 1.291882, 5709, 94608.8359375, 10350001, 16914749, 495062767, 522327517, 29934233.555700302, 80511.71170043945, 252486.79493799998, inf, 348.83720930232556, 682.2682903453865, 35336.947295, 104479.522684, 0.479309, 6160.806474, 106508.633535, 0.405641, 2838, 80830.59375, 5130001, 25233629, 242252699, 272616329, 29746124.287817, 39998.56936645508, 179594.771087, inf, 697.6744186046511, 1382.6776805949246, 73299.943448, 49771.792153, 0.105288, 3067.401935, 53455.388822, 0.139441, 1419, 62762.91796875, 2550001, 51553764, 117433419, 171537184
30000, 30000, 0, 0, greedy_35.000000, 30086670.6978817, 178525.26229858398, 491166.821268, inf, 173.41040462427745, 406.99935280850434, 23726.43723, 228408.906448, 2.209264, 12507.611151, 226520.29491, 1.362265, 6055, 88213.4921875, 10350001, 16914749, 525625639, 552890389, 29933882.48099327, 80160.6369934082, 265081.703611, inf, 348.83720930232556, 682.2682903453865, 35336.947295, 110393.407941, 0.479359, 6160.806474, 113189.646642, 0.4159, 3010, 78548.125, 5130001, 25233629, 255966352, 286329982, 29745725.24307823, 39599.52462768555, 186002.100433, inf, 697.6744186046511, 1382.6776805949246, 73299.943448, 52865.022967, 0.104325, 3067.401935, 56769.488026, 0.139732, 1505, 61179.17578125, 2550001, 51553764, 124745741, 178849506
30000, 30000, 0, 0, greedy_37.000000, 30086584.64227867, 178439.20669555664, 517932.117942, inf, 173.41040462427745, 406.99935280850434, 23726.43723, 241712.666305, 2.169669, 12507.611151, 239981.81173, 1.421857, 6401, 84730.2890625, 10350001, 16914749, 556188511, 583453261, 29933882.48099327, 80160.6369934082, 278389.291488, inf, 348.83720930232556, 682.2682903453865, 35336.947295, 116299.615877, 0.477275, 6160.806474, 120590.996166, 0.448401, 3182, 77088.4375, 5130001, 25233629, 270128010, 300491640, 29745234.980932236, 39109.26248168945, 192515.15836, inf, 697.6744186046511, 1382.6776805949246, 73299.943448, 56008.32843, 0.110528, 3067.401935, 60139.207327, 0.166692, 1591, 60616.80078125, 2550001, 51553764, 132058063, 186161828
30000, 30000, 0, 0, greedy_39.000000, 30086224.40613365, 178078.9705505371, 545085.626047, inf, 173.41040462427745, 406.99935280850434, 23726.43723, 255390.023252, 2.184938, 12507.611151, 253457.818147, 1.551329, 6747, 77661.3125, 10350001, 16914749, 586751383, 614016133, 29933600.61081505, 79878.76681518555, 289646.50225399993, inf, 348.83720930232556, 682.2682903453865, 35336.947295, 122017.056672, 0.478027, 6160.806474, 126130.744345, 0.469441, 3354, 76049.234375, 5130001, 25233629, 284283703, 314647333, 29745234.980932236, 39109.26248168945, 199110.956823, inf, 697.6744186046511, 1382.6776805949246, 73299.943448, 59084.546454, 0.108934, 3067.401935, 63658.795932, 0.16012, 1677, 58839.76171875, 2550001, 51553764, 139370385, 193474150
30000, 30000, 0, 0, greedy_5.000000, 30109377.308019638, 201231.87243652344, 96937.107125, inf, 173.41040462427745, 406.99935280850434, 23726.43723, 33865.789336, 2.42632, 12507.611151, 26834.637993, 0.205095, 865, 255037.203125, 10350001, 16914749, 71100984, 98365734, 29949545.17279625, 95823.32879638672, 71148.120687, inf, 348.83720930232556, 682.2682903453865, 35336.947295, 16337.292175, 0.465794, 6160.806474, 13312.544357, 0.064592, 430, 158961.90625, 5130001, 25233629, 34654903, 65018533, 29752994.10510826, 46868.386657714844, 90984.44597300001, inf, 697.6744186046511, 1382.6776805949246, 73299.943448, 7775.989351, 0.095008, 3067.401935, 6840.992547, 0.023684, 215, 100453.9140625, 2550001, 51553764, 16711721, 70815486
30000, 30000, 0, 0, greedy_7.000000, 30104927.860876083, 196782.42529296875, 123345.10409300002, inf, 173.41040462427745, 406.99935280850434, 23726.43723, 46839.182423, 2.262612, 12507.611151, 40269.087757, 0.52292, 1211, 229305.515625, 10350001, 16914749, 101455921, 128720671, 29946140.74500084, 92418.90100097656, 83902.056598, inf, 348.83720930232556, 682.2682903453865, 35336.947295, 22416.630719, 0.465753, 6160.806474, 19987.109144, 0.097213, 602, 144910.96875, 5130001, 25233629, 49324300, 79687930, 29752767.422613144, 46641.704162597656, 97496.16721200001, inf, 697.6744186046511, 1382.6776805949246, 73299.943448, 10880.385615, 0.093786, 3067.401935, 10248.303335, 0.039093, 301, 95248.84375, 2550001, 51553764, 24024043, 78127808
30000, 30000, 0, 0, greedy_9.000000, 30101400.46085167, 193255.0252685547, 149453.78091600002, inf, 173.41040462427745, 406.99935280850434, 23726.43723, 59826.549502, 2.219071, 12507.611151, 53390.597374, 0.366588, 1557, 209297.046875, 10350001, 16914749, 132018793, 159283543, 29945219.20075035, 91497.35675048828, 96671.56080799998, inf, 348.83720930232556, 682.2682903453865, 35336.947295, 28589.563346, 0.473418, 6160.806474, 26583.662563, 0.107712, 774, 133211.4375, 5130001, 25233629, 63965687, 94329317, 29751255.568731308, 45129.85028076172, 103640.67224100002, inf, 697.6744186046511, 1382.6776805949246, 73299.943448, 13845.159601, 0.106249, 3067.401935, 13428.023918, 0.03709, 387, 92165.890625, 2550001, 51553764, 31277019, 85380784
30000, 30000, 0, 0, opt, 30080135.47003746, 171990.0344543457, 602452.9214420001, inf, 173.41040462427745, 406.99935280850434, 23726.43723, 566216.715206, 2.157855, 12507.611151, 0, 0, 0, 0, 10350001, 16914749, 850365035, 877629785, 29926054.901922226, 72333.05792236328, 576399.4240649999, inf, 348.83720930232556, 682.2682903453865, 35336.947295, 534901.204312, 0.465984, 6160.806474, 0, 0, 0, 0, 5130001, 25233629, 805901261, 836264891, 29738763.021520615, 32637.30307006836, 585309.762331, inf, 697.6744186046511, 1382.6776805949246, 73299.943448, 508942.320006, 0.096942, 3067.401935, 0, 0, 0, 0, 2550001, 51553764, 752329242, 806433007
30000, 30000, 0, 0, plus_edge, 30113209.46158409, 205064.02600097656, 43772.381155999996, inf, 173.41040462427745, 406.99935280850434, 23726.43723, 7535.959908, 2.372867, 12507.611151, 0, 0, 0, 0, 10350001, 16914749, 10062688, 37327438, 29951654.515630722, 97932.67163085938, 45013.686234, inf, 348.83720930232556, 682.2682903453865, 35336.947295, 3515.510604, 0.421861, 6160.806474, 0, 0, 0, 0, 5130001, 25233629, 4839475, 35203105, 29752816.433721542, 46690.715270996094, 78080.832155, inf, 697.6744186046511, 1382.6776805949246, 73299.943448, 1713.397294, 0.089478, 3067.401935, 0, 0, 0, 0, 2550001, 51553764, 2312898, 56416663
30000, 30000, 0, 0, simple, 30127328.48026085, 219183.04467773438, 43722.558738, inf, 173.41040462427745, 406.99935280850434, 23726.43723, 7486.191861, 2.318496, 12507.611151, 0, 0, 0, 0, 10350001, 16914749, 10033104, 37297854, 29957684.222906113, 103962.37890625, 44982.89956199999, inf, 348.83720930232556, 682.2682903453865, 35336.947295, 3484.71765, 0.428143, 6160.806474, 0, 0, 0, 0, 5130001, 25233629, 4832250, 35195880, 29754875.57953453, 48749.861083984375, 78072.939253, inf, 697.6744186046511, 1382.6776805949246, 73299.943448, 1705.500686, 0.093184, 3067.401935, 0, 0, 0, 0, 2550001, 51553764, 2311134, 56414899
