N, N, MST_Cost, MST_Runtime, RunType, C199_MFC_Cost, C199_MFC_Completion_Cost, C199_MFC_Runtime, C199_Gamma, C199_Cluster_Size_Mu, C199_Cluster_Size_Sigma, C199_Sub_Clustering_Runtime, C199_Completion_Edges_Runtime, C199_Completion_Runtime, C199_Clustering_Runtime, C199_Find_Reps_Runtime, C199_Pick_Reps_Runtime, C199_Rep_Count, C199_Reps_Cost, C199_Clustering_Dist_Calls, C199_Sub_Clustering_Dist_Calls, C199_MFC_Dist_Calls, C199_Dist_Calls, C99_MFC_Cost, C99_MFC_Completion_Cost, C99_MFC_Runtime, C99_Gamma, C99_Cluster_Size_Mu, C99_Cluster_Size_Sigma, C99_Sub_Clustering_Runtime, C99_Completion_Edges_Runtime, C99_Completion_Runtime, C99_Clustering_Runtime, C99_Find_Reps_Runtime, C99_Pick_Reps_Runtime, C99_Rep_Count, C99_Reps_Cost, C99_Clustering_Dist_Calls, C99_Sub_Clustering_Dist_Calls, C99_MFC_Dist_Calls, C99_Dist_Calls, C49_MFC_Cost, C49_MFC_Completion_Cost, C49_MFC_Runtime, C49_Gamma, C49_Cluster_Size_Mu, C49_Cluster_Size_Sigma, C49_Sub_Clustering_Runtime, C49_Completion_Edges_Runtime, C49_Completion_Runtime, C49_Clustering_Runtime, C49_Find_Reps_Runtime, C49_Pick_Reps_Runtime, C49_Rep_Count, C49_Reps_Cost, C49_Clustering_Dist_Calls, C49_Sub_Clustering_Dist_Calls, C49_MFC_Dist_Calls, C49_Dist_Calls
39774, 39774, 0, 0, dp_1.000000, 25945.358884632587, 121.87608116865158, 96378.687792, inf, 199.86934673366835, 486.52553736429223, 53739.25014, 22307.341521, 1.315287, 20258.549701, 72.219512, 0.011631, 199, 0, 15790279, 27507271, 14643661, 57941211, 25614.909478127956, 59.51630651950836, 119894.25717799999, inf, 401.75757575757575, 915.3829257892276, 99694.848449, 10900.106636, 0.299161, 9233.902408, 65.095695, 0.004829, 99, 0, 7835479, 49447198, 7039719, 64322396, 25406.593398571014, 29.045291364192963, 129399.498386, inf, 811.7142857142857, 1369.379138328679, 119085.599921, 5366.391869, 0.076554, 4885.003293, 62.423242, 0.003507, 49, 0, 3858079, 62065056, 3429775, 69352910
39774, 39774, 0, 0, dp_11.000000, 25915.346759676933, 91.86395621299744, 448481.42457900004, inf, 199.86934673366835, 486.52553736429223, 53739.25014, 239470.985839, 1.297964, 20258.549701, 134762.493067, 248.847868, 2189, 105.81201934814453, 15790279, 27507271, 240568361, 283865911, 25600.349752485752, 44.95658087730408, 300543.367869, inf, 401.75757575757575, 915.3829257892276, 99694.848449, 120059.389439, 0.339536, 9233.902408, 71525.65024, 29.237797, 1089, 66.99092102050781, 7835479, 49447198, 115543459, 172826136, 25400.09000378847, 22.54189658164978, 218766.160119, inf, 811.7142857142857, 1369.379138328679, 119085.599921, 60608.90008, 0.093686, 4885.003293, 34182.976142, 3.586997, 539, 38.57817077636719, 3858079, 62065056, 56876483, 122799618
39774, 39774, 0, 0, dp_13.000000, 25912.99605703354, 89.51325356960297, 516908.22439700004, inf, 199.86934673366835, 486.52553736429223, 53739.25014, 285119.399722, 1.313283, 20258.549701, 157432.37487, 357.336681, 2587, 98.11878204345703, 15790279, 27507271, 285684927, 328982477, 25599.109006643295, 43.71583503484726, 337842.744925, inf, 401.75757575757575, 915.3829257892276, 99694.848449, 143369.568045, 0.343504, 9233.902408, 85502.734974, 41.347545, 1287, 64.5602798461914, 7835479, 49447198, 137561257, 194843934, 25398.80627632141, 21.25816911458969, 237605.88647300002, inf, 811.7142857142857, 1369.379138328679, 119085.599921, 72427.109221, 0.090108, 4885.003293, 41202.719931, 5.363999, 637, 37.70099639892578, 3858079, 62065056, 67695487, 133618622
39774, 39774, 0, 0, dp_15.000000, 25910.816473305225, 87.33366984128952, 595558.082089, inf, 199.86934673366835, 486.52553736429223, 53739.25014, 336715.250984, 1.33836, 20258.549701, 184375.063772, 468.629132, 2985, 91.46089935302734, 15790279, 27507271, 330869867, 374167417, 25597.5519130826, 42.15874147415161, 371010.715784, inf, 401.75757575757575, 915.3829257892276, 99694.848449, 163147.966069, 0.348323, 9233.902408, 98877.868031, 55.782504, 1485, 62.099674224853516, 7835479, 49447198, 159579055, 216861732, 25398.506634116173, 20.95852690935135, 254890.38857799998, inf, 811.7142857142857, 1369.379138328679, 119085.599921, 81715.188021, 0.095198, 4885.003293, 49197.773787, 6.728358, 735, 37.13543701171875, 3858079, 62065056, 78514491, 144437626
39774, 39774, 0, 0, dp_17.000000, 25908.524156928062, 85.04135346412659, 672138.278314, inf, 199.86934673366835, 486.52553736429223, 53739.25014, 381345.624202, 1.312181, 20258.549701, 216187.692318, 605.849772, 3383, 85.65715026855469, 15790279, 27507271, 376054807, 419352357, 25596.426691174507, 41.03351956605911, 408915.21111900004, inf, 401.75757575757575, 915.3829257892276, 99694.848449, 190251.949465, 0.344707, 9233.902408, 109661.629575, 72.536515, 1683, 59.88228988647461, 7835479, 49447198, 181596853, 238879530, 25397.7410299778, 20.19292277097702, 276221.34072, inf, 811.7142857142857, 1369.379138328679, 119085.599921, 95852.409463, 0.093575, 4885.003293, 56389.38856, 8.845908, 833, 36.43988037109375, 3858079, 62065056, 89333495, 155256630
39774, 39774, 0, 0, dp_19.000000, 25907.562669813633, 84.07986634969711, 736318.727281, inf, 199.86934673366835, 486.52553736429223, 53739.25014, 421492.07513, 1.348809, 20258.549701, 240044.233614, 783.269887, 3781, 80.37731170654297, 15790279, 27507271, 421239747, 464537297, 25595.75478219986, 40.36161059141159, 447719.35074599995, inf, 401.75757575757575, 915.3829257892276, 99694.848449, 213416.079954, 0.335219, 9233.902408, 125282.619617, 91.565099, 1881, 57.8294677734375, 7835479, 49447198, 203614651, 260897328, 25397.153935670853, 19.60582846403122, 294496.44689300004, inf, 811.7142857142857, 1369.379138328679, 119085.599921, 106914.918294, 0.098064, 4885.003293, 63599.954351, 10.87297, 931, 35.85032272338867, 3858079, 62065056, 100152499, 166075634
39774, 39774, 0, 0, dp_21.000000, 25906.253553926945, 82.77075046300888, 798502.573019, inf, 199.86934673366835, 486.52553736429223, 53739.25014, 461600.56084, 1.31735, 20258.549701, 261973.321736, 929.573252, 4179, 75.46295166015625, 15790279, 27507271, 466424687, 509722237, 25594.461517572403, 39.068345963954926, 484610.06264499994, inf, 401.75757575757575, 915.3829257892276, 99694.848449, 237145.726226, 0.348884, 9233.902408, 138422.167943, 113.068735, 2079, 55.859771728515625, 7835479, 49447198, 225632449, 282915126, 25397.05129110813, 19.503183901309967, 316633.947963, inf, 811.7142857142857, 1369.379138328679, 119085.599921, 122264.651189, 0.092754, 4885.003293, 70385.322185, 13.278621, 1029, 35.3249397277832, 3858079, 62065056, 110971503, 176894638
39774, 39774, 0, 0, dp_23.000000, 25905.456600785255, 81.97379732131958, 867638.373453, inf, 199.86934673366835, 486.52553736429223, 53739.25014, 506940.040858, 1.556799, 20258.549701, 285580.622247, 1118.353708, 4577, 71.15337371826172, 15790279, 27507271, 511609627, 554907177, 25594.123594224453, 38.730422616004944, 518509.356786, inf, 401.75757575757575, 915.3829257892276, 99694.848449, 258494.103802, 0.35224, 9233.902408, 150949.7405, 136.409387, 2277, 53.99335861206055, 7835479, 49447198, 247650247, 304932924, 25396.726951539516, 19.178844332695007, 332751.216026, inf, 811.7142857142857, 1369.379138328679, 119085.599921, 130873.385565, 0.091602, 4885.003293, 77891.087411, 16.048234, 1127, 34.70109558105469, 3858079, 62065056, 121790507, 187713642
39774, 39774, 0, 0, dp_25.000000, 25904.305626749992, 80.82282328605652, 950805.351118, inf, 199.86934673366835, 486.52553736429223, 53739.25014, 562629.498181, 1.292304, 20258.549701, 312853.795099, 1322.965693, 4975, 67.06722259521484, 15790279, 27507271, 556794567, 600092117, 25593.844948470592, 38.45177686214447, 555237.719374, inf, 401.75757575757575, 915.3829257892276, 99694.848449, 283199.002852, 0.283201, 9233.902408, 162947.45482, 162.227644, 2475, 52.266563415527344, 7835479, 49447198, 269668045, 326950722, 25396.624306976795, 19.076199769973755, 352509.89939900005, inf, 811.7142857142857, 1369.379138328679, 119085.599921, 143485.471985, 0.096661, 4885.003293, 85034.645346, 19.082193, 1225, 34.26652526855469, 3858079, 62065056, 132609511, 198532646
39774, 39774, 0, 0, dp_27.000000, 25903.790120005608, 80.30731654167175, 1022974.9024699999, inf, 199.86934673366835, 486.52553736429223, 53739.25014, 601431.107289, 1.485626, 20258.549701, 345999.969918, 1544.539796, 5373, 63.241310119628906, 15790279, 27507271, 601979507, 645277057, 25593.539176404476, 38.14600479602814, 588446.065038, inf, 401.75757575757575, 915.3829257892276, 99694.848449, 302854.877116, 0.339156, 9233.902408, 176472.432166, 189.665743, 2673, 50.62956619262695, 7835479, 49447198, 291685843, 348968520, 25395.871490061283, 18.32338285446167, 367712.016119, inf, 811.7142857142857, 1369.379138328679, 119085.599921, 153539.835504, 0.095028, 4885.003293, 90179.363745, 22.118628, 1323, 33.5894775390625, 3858079, 62065056, 143428515, 209351650
39774, 39774, 0, 0, dp_29.000000, 25902.311898946762, 78.82909548282623, 1090078.315924, inf, 199.86934673366835, 486.52553736429223, 53739.25014, 652532.699698, 1.30668, 20258.549701, 361761.807733, 1784.701972, 5771, 59.84193801879883, 15790279, 27507271, 647006171, 690303721, 25593.018050134182, 37.62487852573395, 627107.535883, inf, 401.75757575757575, 915.3829257892276, 99694.848449, 329169.995697, 0.340378, 9233.902408, 188789.115867, 219.333084, 2871, 48.889286041259766, 7835479, 49447198, 313703641, 370986318, 25395.44474506378, 17.896637856960297, 385644.37286099995, inf, 811.7142857142857, 1369.379138328679, 119085.599921, 164683.374184, 0.097944, 4885.003293, 96964.616601, 25.680918, 1421, 33.14548873901367, 3858079, 62065056, 154247519, 220170654
39774, 39774, 0, 0, dp_3.000000, 25933.76089811325, 110.27809464931488, 167527.674966, inf, 199.86934673366835, 486.52553736429223, 53739.25014, 65000.62009, 1.35991, 20258.549701, 28515.04703, 12.848095, 597, 155.1791229248047, 15790279, 27507271, 59828601, 103126151, 25610.379035949707, 54.985864341259, 157445.011093, inf, 401.75757575757575, 915.3829257892276, 99694.848449, 34243.013264, 0.344546, 9233.902408, 14271.362488, 1.539938, 297, 84.7674789428711, 7835479, 49447198, 29057517, 86340194, 25404.472415804863, 26.924308598041534, 145911.754403, inf, 811.7142857142857, 1369.379138328679, 119085.599921, 15375.531542, 0.093826, 4885.003293, 6565.313593, 0.212228, 147, 44.091468811035156, 3858079, 62065056, 13600467, 79523602
39774, 39774, 0, 0, dp_31.000000, 25902.121422708035, 78.63861924409866, 1178132.2801350001, inf, 199.86934673366835, 486.52553736429223, 53739.25014, 706197.387952, 1.29024, 20258.549701, 395896.174989, 2039.627113, 6169, 56.901275634765625, 15790279, 27507271, 692191111, 735488661, 25592.649728238583, 37.25655663013458, 661520.9599880001, inf, 401.75757575757575, 915.3829257892276, 99694.848449, 350015.590855, 0.346479, 9233.902408, 202325.815938, 250.455859, 3069, 47.26584243774414, 7835479, 49447198, 335721439, 393004116, 25395.20886385441, 17.660756647586823, 409198.627544, inf, 811.7142857142857, 1369.379138328679, 119085.599921, 178988.298543, 0.093636, 4885.003293, 106210.098848, 29.533303, 1519, 32.5252799987793, 3858079, 62065056, 165066523, 230989658
39774, 39774, 0, 0, dp_33.000000, 25901.122343957424, 77.63954049348831, 1255211.534931, inf, 199.86934673366835, 486.52553736429223, 53739.25014, 756170.954257, 1.268198, 20258.549701, 422727.790233, 2313.722402, 6567, 54.21764373779297, 15790279, 27507271, 737376051, 780673601, 25591.714906990528, 36.32173538208008, 689948.8738, inf, 401.75757575757575, 915.3829257892276, 99694.848449, 369494.212175, 0.336391, 9233.902408, 211241.039891, 284.534486, 3267, 45.8026123046875, 7835479, 49447198, 357739237, 415021914, 25395.045719206333, 17.49761199951172, 423202.77270699997, inf, 811.7142857142857, 1369.379138328679, 119085.599921, 186147.28641, 0.094537, 4885.003293, 113051.175062, 33.613484, 1617, 32.19464874267578, 3858079, 62065056, 175885527, 241808662
39774, 39774, 0, 0, dp_35.000000, 25900.599616765976, 77.1168133020401, 1328546.692772, inf, 199.86934673366835, 486.52553736429223, 53739.25014, 804215.785823, 1.313623, 20258.549701, 447727.64219, 2604.151295, 6965, 51.817893981933594, 15790279, 27507271, 782384674, 825682224, 25591.378049314022, 35.984877705574036, 736206.215192, inf, 401.75757575757575, 915.3829257892276, 99694.848449, 398942.358606, 0.3414, 9233.902408, 228014.817847, 319.946482, 3465, 44.533931732177734, 7835479, 49447198, 379757035, 437039712, 25394.875220000744, 17.327112793922424, 444878.479744, inf, 811.7142857142857, 1369.379138328679, 119085.599921, 203556.331743, 0.092314, 4885.003293, 117313.73898, 37.713493, 1715, 31.572416305541992, 3858079, 62065056, 186704531, 252627666
39774, 39774, 0, 0, dp_37.000000, 25899.272715568542, 75.78991210460663, 1392565.958646, inf, 199.86934673366835, 486.52553736429223, 53739.25014, 842881.988559, 1.285811, 20258.549701, 472771.860194, 2913.024241, 7363, 49.786312103271484, 15790279, 27507271, 827569614, 870867164, 25590.358280420303, 34.965108811855316, 775820.3228, inf, 401.75757575757575, 915.3829257892276, 99694.848449, 424221.177232, 0.348453, 9233.902408, 242311.852547, 358.193711, 3663, 43.17898178100586, 7835479, 49447198, 401774833, 459057510, 25394.72244220972, 17.17433500289917, 468582.292699, inf, 811.7142857142857, 1369.379138328679, 119085.599921, 217981.738361, 0.095439, 4885.003293, 126587.563956, 42.291729, 1813, 31.275346755981445, 3858079, 62065056, 197523535, 263446670
39774, 39774, 0, 0, dp_39.000000, 25898.883604943752, 75.40080147981644, 1472675.81051, inf, 199.86934673366835, 486.52553736429223, 53739.25014, 897251.065454, 1.298104, 20258.549701, 498186.529886, 3239.117225, 7761, 47.8228645324707, 15790279, 27507271, 872686180, 915983730, 25590.248591005802, 34.855419397354126, 812661.805372, inf, 401.75757575757575, 915.3829257892276, 99694.848449, 447600.675773, 0.339136, 9233.902408, 255733.456057, 398.583549, 3861, 41.963321685791016, 7835479, 49447198, 423792631, 481075308, 25394.46807718277, 16.919969975948334, 477081.902535, inf, 811.7142857142857, 1369.379138328679, 119085.599921, 222587.789009, 0.091732, 4885.003293, 130476.341497, 47.077083, 1911, 30.678386688232422, 3858079, 62065056, 208342539, 274265674
39774, 39774, 0, 0, dp_5.000000, 25928.114722192287, 104.6319187283516, 239478.47871400003, inf, 199.86934673366835, 486.52553736429223, 53739.25014, 110115.669896, 1.567209, 20258.549701, 55319.255257, 44.186511, 995, 138.4103546142578, 15790279, 27507271, 105013541, 148311091, 25607.49103730917, 52.09786570072174, 193705.61405899998, inf, 401.75757575757575, 915.3829257892276, 99694.848449, 56000.656151, 0.35194, 9233.902408, 28770.326774, 5.528337, 495, 78.74429321289062, 7835479, 49447198, 51075315, 108357992, 25402.95953822136, 25.41143101453781, 164995.08862, inf, 811.7142857142857, 1369.379138328679, 119085.599921, 27600.276088, 0.091702, 4885.003293, 13423.451266, 0.66635, 245, 42.029266357421875, 3858079, 62065056, 24419471, 90342606
39774, 39774, 0, 0, dp_7.000000, 25922.849810421467, 99.36700695753098, 307956.44887500006, inf, 199.86934673366835, 486.52553736429223, 53739.25014, 152530.59228, 1.361583, 20258.549701, 81326.102192, 100.592979, 1393, 125.59272766113281, 15790279, 27507271, 150198481, 193496031, 25605.10651487112, 49.713343262672424, 229924.39653700002, inf, 401.75757575757575, 915.3829257892276, 99694.848449, 77849.824135, 0.348644, 9233.902408, 43133.967255, 11.505646, 693, 74.28081512451172, 7835479, 49447198, 73093113, 130375790, 25401.26269119978, 23.71458399295807, 183252.922838, inf, 811.7142857142857, 1369.379138328679, 119085.599921, 38968.726563, 0.090981, 4885.003293, 20312.135327, 1.366753, 343, 40.61652755737305, 3858079, 62065056, 35238475, 101161610
39774, 39774, 0, 0, dp_9.000000, 25918.101839721203, 94.619036257267, 380051.142453, inf, 199.86934673366835, 486.52553736429223, 53739.25014, 199379.338322, 1.329403, 20258.549701, 106509.744833, 162.930054, 1791, 114.98664855957031, 15790279, 27507271, 195383421, 238680971, 25602.535322606564, 47.14215099811554, 264205.362201, inf, 401.75757575757575, 915.3829257892276, 99694.848449, 97877.627137, 0.345418, 9233.902408, 57379.437021, 19.201768, 891, 70.2545394897461, 7835479, 49447198, 93525661, 150808338, 25400.190965354443, 22.642858147621155, 201548.35525099997, inf, 811.7142857142857, 1369.379138328679, 119085.599921, 50355.830986, 0.092013, 4885.003293, 27219.275068, 2.55397, 441, 39.51708221435547, 3858079, 62065056, 46057479, 111980614
39774, 39774, 0, 0, fixed_reps_1, 25945.358884632587, 121.87608116865158, 96568.173621, inf, 199.86934673366835, 486.52553736429223, 53739.25014, 22493.290493, 1.462363, 20258.549701, 75.620924, 0, 199, 194.65304565429688, 15790279, 27507271, 14643661, 57941211, 25614.909478127956, 59.51630651950836, 119939.031075, inf, 401.75757575757575, 915.3829257892276, 99694.848449, 10938.902763, 0.296065, 9233.902408, 71.08139, 0, 99, 97.65465545654297, 7835479, 49447198, 7039719, 64322396, 25406.593398571014, 29.045291364192963, 129392.83996400001, inf, 811.7142857142857, 1369.379138328679, 119085.599921, 5353.098482, 0.077736, 4885.003293, 69.060532, 0, 49, 48.17334747314453, 3858079, 62065056, 3429775, 69352910
39774, 39774, 0, 0, fixed_reps_11, 25922.748642921448, 99.2658394575119, 343062.78474800003, inf, 199.86934673366835, 486.52553736429223, 53739.25014, 268239.883272, 1.308114, 20258.549701, 823.793521, 0, 2189, 156.49533081054688, 15790279, 27507271, 161078281, 204375831, 25605.029503047466, 49.63633143901825, 252269.57920200002, inf, 401.75757575757575, 915.3829257892276, 99694.848449, 142541.222398, 0.347551, 9233.902408, 799.258396, 0, 1089, 87.17119598388672, 7835479, 49447198, 77435919, 134718596, 25401.393185198307, 23.845077991485596, 199171.199562, inf, 811.7142857142857, 1369.379138328679, 119085.599921, 74394.928329, 0.097052, 4885.003293, 805.570967, 0, 539, 45.55589294433594, 3858079, 62065056, 37727035, 103650170
39774, 39774, 0, 0, fixed_reps_13, 25919.807852864265, 96.32504940032959, 393582.57166500005, inf, 199.86934673366835, 486.52553736429223, 53739.25014, 318585.448403, 1.276184, 20258.549701, 998.047237, 0, 2587, 152.70701599121094, 15790279, 27507271, 190365205, 233662755, 25604.105116426945, 48.711944818496704, 279433.455656, inf, 401.75757575757575, 915.3829257892276, 99694.848449, 169546.877133, 0.34628, 9233.902408, 957.481386, 0, 1287, 86.24626922607422, 7835479, 49447198, 91515159, 148797836, 25400.9724522233, 23.424345016479492, 211937.41007500002, inf, 811.7142857142857, 1369.379138328679, 119085.599921, 87019.56677, 0.093215, 4885.003293, 947.146876, 0, 637, 45.26984405517578, 3858079, 62065056, 44586487, 110509622
39774, 39774, 0, 0, fixed_reps_15, 25917.0628516078, 93.58004814386368, 435429.330468, inf, 199.86934673366835, 486.52553736429223, 53739.25014, 360303.245857, 1.266004, 20258.549701, 1127.018766, 0, 2985, 147.56155395507812, 15790279, 27507271, 219652129, 262949679, 25603.365925073624, 47.97275346517563, 303359.100741, inf, 401.75757575757575, 915.3829257892276, 99694.848449, 193339.978307, 0.344336, 9233.902408, 1090.027241, 0, 1485, 83.13966369628906, 7835479, 49447198, 105594399, 162877076, 25400.7224522233, 23.174345016479492, 224414.19684400002, inf, 811.7142857142857, 1369.379138328679, 119085.599921, 99360.388162, 0.093345, 4885.003293, 1083.112123, 0, 735, 44.891475677490234, 3858079, 62065056, 51445939, 117369074
39774, 39774, 0, 0, fixed_reps_17, 25916.224218785763, 92.74141532182693, 486870.77072599996, inf, 199.86934673366835, 486.52553736429223, 53739.25014, 411598.746406, 1.281484, 20258.549701, 1272.942995, 0, 3383, 142.19439697265625, 15790279, 27507271, 248939053, 292236603, 25602.494555711746, 47.10138410329819, 326541.92944399995, inf, 401.75757575757575, 915.3829257892276, 99694.848449, 216384.784608, 0.359532, 9233.902408, 1228.034447, 0, 1683, 82.38980102539062, 7835479, 49447198, 119673639, 176956316, 25400.506543159485, 22.95843595266342, 236579.155412, inf, 811.7142857142857, 1369.379138328679, 119085.599921, 111391.63789, 0.087033, 4885.003293, 1216.827275, 0, 833, 44.628761291503906, 3858079, 62065056, 58305391, 124228526
39774, 39774, 0, 0, fixed_reps_19, 25915.011958777905, 91.52915531396866, 531453.213976, inf, 199.86934673366835, 486.52553736429223, 53739.25014, 455997.96483, 1.334332, 20258.549701, 1456.114973, 0, 3781, 137.12075805664062, 15790279, 27507271, 278225977, 321523527, 25601.476794838905, 46.083623230457306, 345771.715027, inf, 401.75757575757575, 915.3829257892276, 99694.848449, 235507.068307, 0.332483, 9233.902408, 1335.56338, 0, 1881, 80.67500305175781, 7835479, 49447198, 133752879, 191035556, 25399.75983262062, 22.211725413799286, 248352.384992, inf, 811.7142857142857, 1369.379138328679, 119085.599921, 123034.39931, 0.0908, 4885.003293, 1347.291668, 0, 931, 43.6964225769043, 3858079, 62065056, 65164843, 131087978
39774, 39774, 0, 0, fixed_reps_21, 25913.660827934742, 90.17802447080612, 577241.4247270001, inf, 199.86934673366835, 486.52553736429223, 53739.25014, 501675.932885, 1.283297, 20258.549701, 1566.408704, 0, 4179, 132.56581115722656, 15790279, 27507271, 307512901, 350810451, 25600.31673538685, 44.92356377840042, 368475.360788, inf, 401.75757575757575, 915.3829257892276, 99694.848449, 258089.386983, 0.343334, 9233.902408, 1456.879614, 0, 2079, 79.60779571533203, 7835479, 49447198, 147832119, 205114796, 25399.379759430885, 21.831652224063873, 260343.810275, inf, 811.7142857142857, 1369.379138328679, 119085.599921, 134893.786864, 0.08533, 4885.003293, 1479.334867, 0, 1029, 43.2780876159668, 3858079, 62065056, 72024295, 137947430
39774, 39774, 0, 0, fixed_reps_23, 25912.17393773794, 88.69113427400589, 627565.116203, inf, 199.86934673366835, 486.52553736429223, 53739.25014, 551793.395204, 1.309446, 20258.549701, 1772.611712, 0, 4577, 127.85775756835938, 15790279, 27507271, 336799825, 380097375, 25598.577994465828, 43.18482285737991, 391947.382592, inf, 401.75757575757575, 915.3829257892276, 99694.848449, 281428.721507, 0.345679, 9233.902408, 1589.564549, 0, 2277, 78.32555389404297, 7835479, 49447198, 161911359, 219194036, 25399.3260076046, 21.777900397777557, 271857.418425, inf, 811.7142857142857, 1369.379138328679, 119085.599921, 146275.96595, 0.089107, 4885.003293, 1610.760154, 0, 1127, 41.87092590332031, 3858079, 62065056, 78883747, 144806882
39774, 39774, 0, 0, fixed_reps_25, 25911.484753847122, 88.00195038318634, 668788.516918, inf, 199.86934673366835, 486.52553736429223, 53739.25014, 592881.431591, 1.523658, 20258.549701, 1907.761828, 0, 4975, 124.89923858642578, 15790279, 27507271, 366086749, 409384299, 25598.153630793095, 42.760459184646606, 415179.472881, inf, 401.75757575757575, 915.3829257892276, 99694.848449, 304530.027308, 0.349496, 9233.902408, 1720.34522, 0, 2475, 75.41445922851562, 7835479, 49447198, 175990599, 233273276, 25399.061049759388, 21.51294255256653, 284113.084827, inf, 811.7142857142857, 1369.379138328679, 119085.599921, 158391.775638, 0.089268, 4885.003293, 1750.616707, 0, 1225, 41.49043273925781, 3858079, 62065056, 85743199, 151666334
39774, 39774, 0, 0, fixed_reps_27, 25910.773209929466, 87.2904064655304, 705711.2842730001, inf, 199.86934673366835, 486.52553736429223, 53739.25014, 629703.93825, 1.336827, 20258.549701, 2008.209355, 0, 5373, 120.81566619873047, 15790279, 27507271, 395373673, 438671223, 25597.613226771355, 42.22005516290665, 437796.390376, inf, 401.75757575757575, 915.3829257892276, 99694.848449, 327012.19608, 0.349616, 9233.902408, 1855.093823, 0, 2673, 74.73949432373047, 7835479, 49447198, 190069839, 247352516, 25398.903559684753, 21.355452477931976, 295946.600983, inf, 811.7142857142857, 1369.379138328679, 119085.599921, 170089.739281, 0.087434, 4885.003293, 1886.171054, 0, 1323, 40.97343826293945, 3858079, 62065056, 92602651, 158525786
39774, 39774, 0, 0, fixed_reps_29, 25909.319193303585, 85.8363898396492, 749816.952733, inf, 199.86934673366835, 486.52553736429223, 53739.25014, 673660.619974, 1.331567, 20258.549701, 2157.201351, 0, 5771, 116.79315948486328, 15790279, 27507271, 424660597, 467958147, 25597.613226771355, 42.22005516290665, 460691.210047, inf, 401.75757575757575, 915.3829257892276, 99694.848449, 349774.571694, 0.362039, 9233.902408, 1987.525457, 0, 2871, 74.12836456298828, 7835479, 49447198, 204149079, 261431756, 25398.340861320496, 20.792754113674164, 307389.460177, inf, 811.7142857142857, 1369.379138328679, 119085.599921, 181408.901423, 0.084749, 4885.003293, 2009.870791, 0, 1421, 40.64635467529297, 3858079, 62065056, 99462103, 165385238
39774, 39774, 0, 0, fixed_reps_3, 25937.05027359724, 113.5674701333046, 145387.095562, inf, 199.86934673366835, 486.52553736429223, 53739.25014, 71173.264422, 1.299387, 20258.549701, 214.731912, 0, 597, 183.5070343017578, 15790279, 27507271, 43930585, 87228135, 25610.63034826517, 55.23717665672302, 145825.29406, inf, 401.75757575757575, 915.3829257892276, 99694.848449, 36686.798507, 0.350608, 9233.902408, 209.394088, 0, 297, 94.37731170654297, 7835479, 49447198, 21118959, 78401636, 25403.834161818027, 26.286054611206055, 143022.286266, inf, 811.7142857142857, 1369.379138328679, 119085.599921, 18845.77824, 0.078888, 4885.003293, 205.825924, 0, 147, 47.512691497802734, 3858079, 62065056, 10289227, 76212362
39774, 39774, 0, 0, fixed_reps_31, 25907.878572702408, 84.39576923847198, 792984.782502, inf, 199.86934673366835, 486.52553736429223, 53739.25014, 716683.057365, 1.302132, 20258.549701, 2302.623164, 0, 6169, 111.92166900634766, 15790279, 27507271, 453947521, 497245071, 25596.850416362286, 41.457244753837585, 482989.045415, inf, 401.75757575757575, 915.3829257892276, 99694.848449, 371938.649841, 0.337363, 9233.902408, 2121.307354, 0, 3069, 72.17912292480469, 7835479, 49447198, 218228319, 275510996, 25397.77484256029, 20.22673535346985, 318825.224429, inf, 811.7142857142857, 1369.379138328679, 119085.599921, 192723.668297, 0.087024, 4885.003293, 2130.865894, 0, 1519, 40.519168853759766, 3858079, 62065056, 106321555, 172244690
39774, 39774, 0, 0, fixed_reps_33, 25907.466629624367, 83.98382616043091, 836428.308085, inf, 199.86934673366835, 486.52553736429223, 53739.25014, 759970.853985, 1.289428, 20258.549701, 2458.364831, 0, 6567, 109.66446685791016, 15790279, 27507271, 483234445, 526531995, 25595.977050304413, 40.58387869596481, 506163.38672199997, inf, 401.75757575757575, 915.3829257892276, 99694.848449, 394972.264859, 0.350607, 9233.902408, 2262.020399, 0, 3267, 71.60149383544922, 7835479, 49447198, 232307559, 289590236, 25397.484671592712, 19.93656438589096, 330398.47070199996, inf, 811.7142857142857, 1369.379138328679, 119085.599921, 204159.628236, 0.086532, 4885.003293, 2268.15272, 0, 1617, 40.3829345703125, 3858079, 62065056, 113181007, 179104142
39774, 39774, 0, 0, fixed_reps_35, 25906.522942841053, 83.04013937711716, 886306.0860910001, inf, 199.86934673366835, 486.52553736429223, 53739.25014, 809696.943172, 1.329753, 20258.549701, 2610.013325, 0, 6965, 106.43557739257812, 15790279, 27507271, 512521369, 555818919, 25595.86593914032, 40.472767531871796, 529034.2613929999, inf, 401.75757575757575, 915.3829257892276, 99694.848449, 417713.04798, 0.345858, 9233.902408, 2392.116698, 0, 3465, 70.90470886230469, 7835479, 49447198, 246386799, 303669476, 25396.854981780052, 19.306874573230743, 342712.60722, inf, 811.7142857142857, 1369.379138328679, 119085.599921, 216336.413761, 0.088446, 4885.003293, 2405.501799, 0, 1715, 40.192726135253906, 3858079, 62065056, 120040459, 185963594
39774, 39774, 0, 0, fixed_reps_37, 25905.974315702915, 82.49151223897934, 927726.1377569999, inf, 199.86934673366835, 486.52553736429223, 53739.25014, 850909.754844, 1.347006, 20258.549701, 2817.236066, 0, 7363, 101.66789245605469, 15790279, 27507271, 541808293, 585105843, 25595.47509664297, 40.08192503452301, 551320.632126, inf, 401.75757575757575, 915.3829257892276, 99694.848449, 439874.032499, 0.355357, 9233.902408, 2517.493413, 0, 3663, 69.70059204101562, 7835479, 49447198, 260466039, 317748716, 25396.684346795082, 19.13623958826065, 354284.09125899995, inf, 811.7142857142857, 1369.379138328679, 119085.599921, 227787.581522, 0.089689, 4885.003293, 2525.816834, 0, 1813, 39.97957229614258, 3858079, 62065056, 126899911, 192823046
39774, 39774, 0, 0, fixed_reps_39, 25905.619770288467, 82.13696682453156, 970653.850015, inf, 199.86934673366835, 486.52553736429223, 53739.25014, 893750.324178, 1.326868, 20258.549701, 2904.399128, 0, 7761, 99.46949005126953, 15790279, 27507271, 571095217, 614392767, 25594.722860097885, 39.3296884894371, 573481.2132870001, inf, 401.75757575757575, 915.3829257892276, 99694.848449, 461908.294462, 0.34143, 9233.902408, 2643.826538, 0, 3861, 68.48902130126953, 7835479, 49447198, 274545279, 331827956, 25396.684346795082, 19.13623958826065, 366613.482349, inf, 811.7142857142857, 1369.379138328679, 119085.599921, 239974.367169, 0.089328, 4885.003293, 2668.422638, 0, 1911, 39.740352630615234, 3858079, 62065056, 133759363, 199682498
39774, 39774, 0, 0, fixed_reps_41, 25904.985776245594, 81.50297278165817, 1014394.139849, inf, 199.86934673366835, 486.52553736429223, 53739.25014, 937348.193467, 1.339662, 20258.549701, 3046.806879, 0, 8159, 95.75045776367188, 15790279, 27507271, 600382141, 643679691, 25594.18221592903, 38.78904432058334, 603478.1721140001, inf, 401.75757575757575, 915.3829257892276, 99694.848449, 491771.045126, 0.33591, 9233.902408, 2778.040221, 0, 4059, 67.50776672363281, 7835479, 49447198, 288624519, 345907196, 25396.51291823387, 18.96481102705002, 378662.485422, inf, 811.7142857142857, 1369.379138328679, 119085.599921, 251889.085368, 0.088687, 4885.003293, 2802.708153, 0, 2009, 39.544334411621094, 3858079, 62065056, 140618815, 206541950
39774, 39774, 0, 0, fixed_reps_5, 25932.144249916077, 108.66144645214081, 197380.052131, inf, 199.86934673366835, 486.52553736429223, 53739.25014, 123021.091424, 1.244043, 20258.549701, 359.916823, 0, 995, 174.13455200195312, 15790279, 27507271, 73217509, 116515059, 25607.452793955803, 52.05962234735489, 175112.062216, inf, 401.75757575757575, 915.3829257892276, 99694.848449, 65816.518389, 0.35765, 9233.902408, 366.43532, 0, 495, 91.56763458251953, 7835479, 49447198, 35198199, 92480876, 25403.034110724926, 25.486003518104553, 156986.748479, inf, 811.7142857142857, 1369.379138328679, 119085.599921, 32674.683116, 0.092924, 4885.003293, 341.369225, 0, 245, 46.73317337036133, 3858079, 62065056, 17148679, 83071814
39774, 39774, 0, 0, fixed_reps_7, 25929.60402595997, 106.12122249603271, 250844.99572200002, inf, 199.86934673366835, 486.52553736429223, 53739.25014, 176304.659912, 1.321889, 20258.549701, 541.21408, 0, 1393, 169.47003173828125, 15790279, 27507271, 102504433, 145801983, 25606.726174771786, 51.33300316333771, 203173.274471, inf, 401.75757575757575, 915.3829257892276, 99694.848449, 93720.508273, 0.364934, 9233.902408, 523.650407, 0, 693, 89.7083511352539, 7835479, 49447198, 49277439, 106560116, 25402.111657857895, 24.563550651073456, 171285.195648, inf, 811.7142857142857, 1369.379138328679, 119085.599921, 46814.996592, 0.09071, 4885.003293, 499.505132, 0, 343, 46.27743148803711, 3858079, 62065056, 24008131, 89931266
39774, 39774, 0, 0, fixed_reps_9, 25926.448312580585, 102.96550911664963, 297468.727585, inf, 199.86934673366835, 486.52553736429223, 53739.25014, 222770.007801, 1.296711, 20258.549701, 699.623232, 0, 1791, 162.78311157226562, 15790279, 27507271, 131791357, 175088907, 25605.881642341614, 50.48847073316574, 229245.35104199997, inf, 401.75757575757575, 915.3829257892276, 99694.848449, 119640.443774, 0.347101, 9233.902408, 675.80931, 0, 891, 88.69449615478516, 7835479, 49447198, 63356679, 120639356, 25401.596024811268, 24.04791760444641, 185807.70533, inf, 811.7142857142857, 1369.379138328679, 119085.599921, 61179.377033, 0.09549, 4885.003293, 657.629593, 0, 441, 45.95732498168945, 3858079, 62065056, 30867583, 96790718
39774, 39774, 0, 0, greedy_1.000000, 25945.358884632587, 121.87608116865158, 96360.71170199999, inf, 199.86934673366835, 486.52553736429223, 53739.25014, 22289.604058, 1.078663, 20258.549701, 72.219512, 0.009628, 199, 194.65304565429688, 15790279, 27507271, 14643661, 57941211, 25614.909478127956, 59.51630651950836, 119880.27550799999, inf, 401.75757575757575, 915.3829257892276, 99694.848449, 10886.122832, 0.302076, 9233.902408, 65.095695, 0.004048, 99, 97.65465545654297, 7835479, 49447198, 7039719, 64322396, 25406.593398571014, 29.045291364192963, 129360.99616100002, inf, 811.7142857142857, 1369.379138328679, 119085.599921, 5327.890817, 0.077034, 4885.003293, 62.423242, 0.001854, 49, 48.17334747314453, 3858079, 62065056, 3429775, 69352910
39774, 39774, 0, 0, greedy_11.000000, 25932.87789607048, 109.3950926065445, 386660.78325100004, inf, 199.86934673366835, 486.52553736429223, 53739.25014, 177898.287812, 1.468224, 20258.549701, 134762.493067, 0.734307, 2189, 172.8686065673828, 15790279, 27507271, 177534944, 220832494, 25609.80551636219, 54.41234475374222, 268006.830387, inf, 401.75757575757575, 915.3829257892276, 99694.848449, 87551.898114, 0.366227, 9233.902408, 71525.65024, 0.164949, 1089, 93.82893371582031, 7835479, 49447198, 84437503, 141720180, 25402.355165421963, 24.807058215141296, 197098.66118599998, inf, 811.7142857142857, 1369.379138328679, 119085.599921, 38944.949853, 0.095068, 4885.003293, 34182.976142, 0.036909, 539, 47.32836151123047, 3858079, 62065056, 41571131, 107494266
39774, 39774, 0, 0, greedy_13.000000, 25931.90466427803, 108.42186081409454, 433309.44519899995, inf, 199.86934673366835, 486.52553736429223, 53739.25014, 201877.335529, 1.289749, 20258.549701, 157432.37487, 0.64521, 2587, 172.84584045410156, 15790279, 27507271, 206971422, 250268972, 25609.227968871593, 53.83479726314545, 294672.636677, inf, 401.75757575757575, 915.3829257892276, 99694.848449, 100240.59349, 0.36246, 9233.902408, 85502.734974, 0.194896, 1287, 93.81534576416016, 7835479, 49447198, 98590345, 155873022, 25402.355165421963, 24.807058215141296, 210640.31576300002, inf, 811.7142857142857, 1369.379138328679, 119085.599921, 45466.852806, 0.097172, 4885.003293, 41202.719931, 0.04264, 637, 47.31699752807617, 3858079, 62065056, 48494439, 114417574
39774, 39774, 0, 0, greedy_15.000000, 25930.78508013487, 107.30227667093277, 488336.80146399996, inf, 199.86934673366835, 486.52553736429223, 53739.25014, 229961.945354, 1.285811, 20258.549701, 184375.063772, 0.706686, 2985, 172.8289337158203, 15790279, 27507271, 236407900, 279705450, 25608.586113214493, 53.19294160604477, 319104.537567, inf, 401.75757575757575, 915.3829257892276, 99694.848449, 111297.365401, 0.366517, 9233.902408, 98877.868031, 0.186761, 1485, 93.80284118652344, 7835479, 49447198, 112743187, 170025864, 25402.309710919857, 24.761603713035583, 224522.13091599997, inf, 811.7142857142857, 1369.379138328679, 119085.599921, 51353.604715, 0.097563, 4885.003293, 49197.773787, 0.051637, 735, 47.31050491333008, 3858079, 62065056, 55417747, 121340882
39774, 39774, 0, 0, greedy_17.000000, 25929.80498254299, 106.32217907905579, 547263.922976, inf, 199.86934673366835, 486.52553736429223, 53739.25014, 257076.306293, 1.286442, 20258.549701, 216187.692318, 0.838082, 3383, 172.81259155273438, 15790279, 27507271, 265844378, 309141928, 25608.51853811741, 53.125366508960724, 342811.27812699997, inf, 401.75757575757575, 915.3829257892276, 99694.848449, 124220.299733, 0.369082, 9233.902408, 109661.629575, 0.22888, 1683, 93.79594421386719, 7835479, 49447198, 126896029, 184178706, 25402.273347318172, 24.725240111351013, 237614.800531, inf, 811.7142857142857, 1369.379138328679, 119085.599921, 57254.648377, 0.086712, 4885.003293, 56389.38856, 0.073668, 833, 47.30118942260742, 3858079, 62065056, 62341055, 128264190
39774, 39774, 0, 0, greedy_19.000000, 25928.286058187485, 104.80325472354889, 593945.6810979999, inf, 199.86934673366835, 486.52553736429223, 53739.25014, 279901.202969, 1.280481, 20258.549701, 240044.233614, 1.164193, 3781, 172.79420471191406, 15790279, 27507271, 295280856, 338578406, 25608.42594063282, 53.0327690243721, 371651.63448600005, inf, 401.75757575757575, 915.3829257892276, 99694.848449, 137439.673354, 0.356198, 9233.902408, 125282.619617, 0.23446, 1881, 93.78855895996094, 7835479, 49447198, 141048871, 198331548, 25402.19131064415, 24.64320343732834, 250577.52878599998, inf, 811.7142857142857, 1369.379138328679, 119085.599921, 63006.8112, 0.098435, 4885.003293, 63599.954351, 0.061586, 931, 47.29336166381836, 3858079, 62065056, 69264363, 135187498
39774, 39774, 0, 0, greedy_21.000000, 25927.58563387394, 104.10283041000366, 635172.8340489999, inf, 199.86934673366835, 486.52553736429223, 53739.25014, 299199.193078, 1.478913, 20258.549701, 261973.321736, 1.040481, 4179, 172.77337646484375, 15790279, 27507271, 324717334, 368014884, 25607.951505422592, 52.558333814144135, 397145.28320400004, inf, 401.75757575757575, 915.3829257892276, 99694.848449, 149793.747086, 0.358132, 9233.902408, 138422.167943, 0.259186, 2079, 93.78062438964844, 7835479, 49447198, 155201713, 212484390, 25402.073766112328, 24.525658905506134, 263340.61762100004, inf, 811.7142857142857, 1369.379138328679, 119085.599921, 68984.522175, 0.101289, 4885.003293, 70385.322185, 0.068758, 1029, 47.28669357299805, 3858079, 62065056, 76187671, 142110806
39774, 39774, 0, 0, greedy_23.000000, 25926.955608308315, 103.47280484437943, 680661.31348, inf, 199.86934673366835, 486.52553736429223, 53739.25014, 321080.334688, 1.48259, 20258.549701, 285580.622247, 1.074114, 4577, 172.75186157226562, 15790279, 27507271, 354153812, 397451362, 25607.74445170164, 52.351280093193054, 422096.834651, inf, 401.75757575757575, 915.3829257892276, 99694.848449, 162217.684878, 0.357541, 9233.902408, 150949.7405, 0.300875, 2277, 93.7720718383789, 7835479, 49447198, 169354555, 226637232, 25402.047792077065, 24.499684870243073, 275190.147842, inf, 811.7142857142857, 1369.379138328679, 119085.599921, 73328.280356, 0.100017, 4885.003293, 77891.087411, 0.076844, 1127, 47.28669357299805, 3858079, 62065056, 83110979, 149034114
39774, 39774, 0, 0, greedy_25.000000, 25924.974521934986, 101.49171847105026, 734884.343049, inf, 199.86934673366835, 486.52553736429223, 53739.25014, 348030.207285, 1.302682, 20258.549701, 312853.795099, 1.238142, 4975, 172.7220916748047, 15790279, 27507271, 383590290, 426887840, 25607.703408956528, 52.31023734807968, 444879.585703, inf, 401.75757575757575, 915.3829257892276, 99694.848449, 173002.711954, 0.353803, 9233.902408, 162947.45482, 0.314269, 2475, 93.7647476196289, 7835479, 49447198, 183507397, 240790074, 25401.93886345625, 24.390756249427795, 289248.41691900004, inf, 811.7142857142857, 1369.379138328679, 119085.599921, 80242.984104, 0.095499, 4885.003293, 85034.645346, 0.088756, 1225, 47.27688980102539, 3858079, 62065056, 90034287, 155957422
39774, 39774, 0, 0, greedy_27.000000, 25923.61335515976, 100.13055169582367, 793675.9034559999, inf, 199.86934673366835, 486.52553736429223, 53739.25014, 373675.53297, 1.291061, 20258.549701, 345999.969918, 1.309666, 5373, 172.68565368652344, 15790279, 27507271, 413026768, 456324318, 25607.343735218048, 51.95056360960007, 472138.649035, inf, 401.75757575757575, 915.3829257892276, 99694.848449, 186736.791016, 0.344847, 9233.902408, 176472.432166, 0.330149, 2673, 93.76042175292969, 7835479, 49447198, 197660239, 254942916, 25401.93886345625, 24.390756249427795, 300405.55892800004, inf, 811.7142857142857, 1369.379138328679, 119085.599921, 86255.385802, 0.103384, 4885.003293, 90179.363745, 0.102783, 1323, 47.271541595458984, 3858079, 62065056, 96957595, 162880730
39774, 39774, 0, 0, greedy_29.000000, 25921.676402270794, 98.19359880685806, 829405.8462120001, inf, 199.86934673366835, 486.52553736429223, 53739.25014, 393643.563822, 1.297674, 20258.549701, 361761.807733, 1.377142, 5771, 172.60670471191406, 15790279, 27507271, 442463246, 485760796, 25606.88856703043, 51.49539542198181, 496376.869442, inf, 401.75757575757575, 915.3829257892276, 99694.848449, 198658.302826, 0.349034, 9233.902408, 188789.115867, 0.350858, 2871, 93.75284576416016, 7835479, 49447198, 211813081, 269095758, 25401.772782623768, 24.22467541694641, 313306.669644, inf, 811.7142857142857, 1369.379138328679, 119085.599921, 92371.249323, 0.099868, 4885.003293, 96964.616601, 0.100638, 1421, 47.2681770324707, 3858079, 62065056, 103880903, 169804038
39774, 39774, 0, 0, greedy_3.000000, 25937.361589848995, 113.87878638505936, 175153.961906, inf, 199.86934673366835, 486.52553736429223, 53739.25014, 72639.697717, 1.270663, 20258.549701, 28515.04703, 0.146655, 597, 173.10670471191406, 15790279, 27507271, 59789032, 103086582, 25611.354801416397, 55.961629807949066, 160701.08148599998, inf, 401.75757575757575, 915.3829257892276, 99694.848449, 37500.637281, 0.288691, 9233.902408, 14271.362488, 0.042169, 297, 94.00284576416016, 7835479, 49447198, 27826135, 85108812, 25404.488042771816, 26.939935564994812, 149978.37096600002, inf, 811.7142857142857, 1369.379138328679, 119085.599921, 19442.35874, 0.082545, 4885.003293, 6565.313593, 0.012874, 147, 47.45336151123047, 3858079, 62065056, 13877899, 79801034
39774, 39774, 0, 0, greedy_31.000000, 25919.219017207623, 95.73621374368668, 883490.3676080001, inf, 199.86934673366835, 486.52553736429223, 53739.25014, 413593.602075, 1.29073, 20258.549701, 395896.174989, 1.499973, 6169, 172.10670471191406, 15790279, 27507271, 471899724, 515197274, 25606.379261672497, 50.98609006404877, 521682.620468, inf, 401.75757575757575, 915.3829257892276, 99694.848449, 210427.318193, 0.353984, 9233.902408, 202325.815938, 0.381496, 3069, 93.75284576416016, 7835479, 49447198, 225965923, 283248600, 25401.522782623768, 23.97467541694641, 328355.392668, inf, 811.7142857142857, 1369.379138328679, 119085.599921, 98174.478648, 0.096261, 4885.003293, 106210.098848, 0.115697, 1519, 47.26288604736328, 3858079, 62065056, 110804211, 176727346
39774, 39774, 0, 0, greedy_33.000000, 25919.219017207623, 95.73621374368668, 928808.416848, inf, 199.86934673366835, 486.52553736429223, 53739.25014, 432079.962984, 1.288195, 20258.549701, 422727.790233, 1.575595, 6567, 172.10670471191406, 15790279, 27507271, 501336202, 544633752, 25606.3069486022, 50.913776993751526, 538372.3241440001, inf, 401.75757575757575, 915.3829257892276, 99694.848449, 218201.776447, 0.355236, 9233.902408, 211241.039891, 0.401713, 3267, 93.73968505859375, 7835479, 49447198, 240118765, 297401442, 25401.522782623768, 23.97467541694641, 341611.333982, inf, 811.7142857142857, 1369.379138328679, 119085.599921, 104589.357013, 0.093636, 4885.003293, 113051.175062, 0.105057, 1617, 47.253360748291016, 3858079, 62065056, 117727519, 183650654
39774, 39774, 0, 0, greedy_35.000000, 25919.219017207623, 95.73621374368668, 961021.5842909999, inf, 199.86934673366835, 486.52553736429223, 53739.25014, 439293.026416, 1.291222, 20258.549701, 447727.64219, 1.824622, 6965, 172.10670471191406, 15790279, 27507271, 530772680, 574070230, 25606.14490276575, 50.751731157302856, 571451.5313149999, inf, 401.75757575757575, 915.3829257892276, 99694.848449, 234506.967475, 0.358773, 9233.902408, 228014.817847, 0.636363, 3465, 93.73361206054688, 7835479, 49447198, 254271607, 311554284, 25401.400488197803, 23.852380990982056, 349874.978131, inf, 811.7142857142857, 1369.379138328679, 119085.599921, 108590.422958, 0.095098, 4885.003293, 117313.73898, 0.117881, 1715, 47.253360748291016, 3858079, 62065056, 124650827, 190573962
39774, 39774, 0, 0, greedy_37.000000, 25919.219017207623, 95.73621374368668, 1002889.2872859999, inf, 199.86934673366835, 486.52553736429223, 53739.25014, 456116.454651, 1.293616, 20258.549701, 472771.860194, 1.878984, 7363, 172.10670471191406, 15790279, 27507271, 560209158, 603506708, 25606.009386837482, 50.616215229034424, 597678.2453439999, inf, 401.75757575757575, 915.3829257892276, 99694.848449, 246436.813276, 0.366788, 9233.902408, 242311.852547, 0.461876, 3663, 93.72698211669922, 7835479, 49447198, 268424449, 325707126, 25401.400488197803, 23.852380990982056, 365984.90786000004, inf, 811.7142857142857, 1369.379138328679, 119085.599921, 115426.516428, 0.094648, 4885.003293, 126587.563956, 0.129614, 1813, 47.253360748291016, 3858079, 62065056, 131574135, 197497270
39774, 39774, 0, 0, greedy_39.000000, 25919.219017207623, 95.73621374368668, 1037683.6867310001, inf, 199.86934673366835, 486.52553736429223, 53739.25014, 465496.068397, 1.489503, 20258.549701, 498186.529886, 1.799104, 7761, 172.10670471191406, 15790279, 27507271, 589645636, 632943186, 25605.918910741806, 50.525739133358, 623404.312942, inf, 401.75757575757575, 915.3829257892276, 99694.848449, 258741.269779, 0.360697, 9233.902408, 255733.456057, 0.475552, 3861, 93.72284698486328, 7835479, 49447198, 282577291, 339859968, 25401.397198736668, 23.84909152984619, 375535.329496, inf, 811.7142857142857, 1369.379138328679, 119085.599921, 121088.169712, 0.09591, 4885.003293, 130476.341497, 0.119163, 1911, 47.246463775634766, 3858079, 62065056, 138497443, 204420578
39774, 39774, 0, 0, greedy_5.000000, 25936.178140938282, 112.69533747434616, 229001.78859100002, inf, 199.86934673366835, 486.52553736429223, 53739.25014, 99683.143712, 1.341235, 20258.549701, 55319.255257, 0.248546, 995, 172.9467010498047, 15790279, 27507271, 89225510, 132523060, 25611.12091869116, 55.727747082710266, 186324.343831, inf, 401.75757575757575, 915.3829257892276, 99694.848449, 48624.85016, 0.35196, 9233.902408, 28770.326774, 0.06408, 495, 93.89173126220703, 7835479, 49447198, 41978977, 99261654, 25403.573025345802, 26.024918138980865, 160092.928409, inf, 811.7142857142857, 1369.379138328679, 119085.599921, 22698.769093, 0.084007, 4885.003293, 13423.451266, 0.020829, 245, 47.45336151123047, 3858079, 62065056, 20801207, 86724342
39774, 39774, 0, 0, greedy_7.000000, 25935.39050257206, 111.90769910812378, 280875.62219100003, inf, 199.86934673366835, 486.52553736429223, 53739.25014, 125550.055175, 1.32763, 20258.549701, 81326.102192, 0.337353, 1393, 172.9131622314453, 15790279, 27507271, 118661988, 161959538, 25610.538619101048, 55.14544749259949, 213859.79427099996, inf, 401.75757575757575, 915.3829257892276, 99694.848449, 61796.632176, 0.350468, 9233.902408, 43133.967255, 0.093515, 693, 93.8599853515625, 7835479, 49447198, 56131819, 113414496, 25402.997896432877, 25.449789226055145, 172495.304027, inf, 811.7142857142857, 1369.379138328679, 119085.599921, 28212.453565, 0.082335, 4885.003293, 20312.135327, 0.029586, 343, 47.3651237487793, 3858079, 62065056, 27724515, 93647650
39774, 39774, 0, 0, greedy_9.000000, 25933.860771775246, 110.37796831130981, 333460.04564799997, inf, 199.86934673366835, 486.52553736429223, 53739.25014, 152950.730543, 1.347708, 20258.549701, 106509.744833, 0.422723, 1791, 172.88449096679688, 15790279, 27507271, 148098466, 191396016, 25610.19799464941, 54.80482304096222, 240896.95555100002, inf, 401.75757575757575, 915.3829257892276, 99694.848449, 74588.299144, 0.352572, 9233.902408, 57379.437021, 0.115957, 891, 93.84284210205078, 7835479, 49447198, 70284661, 127567338, 25402.600108504295, 25.052001297473907, 184756.84003899997, inf, 811.7142857142857, 1369.379138328679, 119085.599921, 33566.836682, 0.092293, 4885.003293, 27219.275068, 0.032782, 441, 47.34225082397461, 3858079, 62065056, 34647823, 100570958
39774, 39774, 0, 0, opt, 25892.477880835533, 68.99507737159729, 2470516.6063170005, inf, 199.86934673366835, 486.52553736429223, 53739.25014, 2396517.794418, 1.012058, 20258.549701, 0, 0, 0, 0, 15790279, 27507271, 1352745403, 1396042953, 25583.55350679159, 28.160335183143616, 2312875.2597339996, inf, 401.75757575757575, 915.3829257892276, 99694.848449, 2203946.227038, 0.281839, 9233.902408, 0, 0, 0, 0, 7835479, 49447198, 1259386010, 1316668687, 25388.143246769905, 10.595139563083649, 2254659.22429, inf, 811.7142857142857, 1369.379138328679, 119085.599921, 2130688.547308, 0.073768, 4885.003293, 0, 0, 0, 0, 3858079, 62065056, 1227223744, 1293146879
39774, 39774, 0, 0, plus_edge, 25942.98158466816, 119.49878120422363, 97165.680226, inf, 199.86934673366835, 486.52553736429223, 53739.25014, 23166.839905, 1.04048, 20258.549701, 0, 0, 0, 0, 15790279, 27507271, 14642892, 57940442, 25613.650180220604, 58.257008612155914, 119787.49496199998, inf, 401.75757575757575, 915.3829257892276, 99694.848449, 10858.466525, 0.27758, 9233.902408, 0, 0, 0, 0, 7835479, 49447198, 7009450, 64292127, 25405.331193625927, 27.78308641910553, 129394.201008, inf, 811.7142857142857, 1369.379138328679, 119085.599921, 5423.523765, 0.074029, 4885.003293, 0, 0, 0, 0, 3858079, 62065056, 3392256, 69315391
39774, 39774, 0, 0, simple, 25945.358884632587, 121.87608116865158, 97380.865514, inf, 199.86934673366835, 486.52553736429223, 53739.25014, 23382.010425, 1.055248, 20258.549701, 0, 0, 0, 0, 15790279, 27507271, 14603688, 57901238, 25614.909478127956, 59.51630651950836, 119820.61753399999, inf, 401.75757575757575, 915.3829257892276, 99694.848449, 10891.586572, 0.280105, 9233.902408, 0, 0, 0, 0, 7835479, 49447198, 6999846, 64282523, 25406.593398571014, 29.045291364192963, 129267.58306, inf, 811.7142857142857, 1369.379138328679, 119085.599921, 5296.905677, 0.074169, 4885.003293, 0, 0, 0, 0, 3858079, 62065056, 3389952, 69313087
39774, 39774, 0, 0, dp_1.000000, 26001.61469823122, 121.86735081672668, 103439.686254, inf, 199.86934673366835, 400.78249218909485, 50987.265908, 23124.681046, 1.310297, 29239.830045, 86.584271, 0.014687, 199, 0, 15790279, 19937262, 14918881, 50646422, 25604.281356573105, 63.03533083200455, 150051.69891200002, inf, 401.75757575757575, 968.1413734616781, 126934.739044, 11681.451454, 0.358042, 11351.767895, 83.376586, 0.005891, 99, 0, 7835479, 54366103, 7038249, 69239831, 25404.63930004835, 30.031041085720062, 178422.044563, inf, 811.7142857142857, 1523.0066932732439, 166675.716488, 5739.851185, 0.076924, 5921.515455, 84.880383, 0.004128, 49, 0, 3858079, 72951635, 3399439, 80209153
39774, 39774, 0, 0, dp_11.000000, 25971.515043199062, 91.76769578456879, 468615.38437, inf, 199.86934673366835, 400.78249218909485, 50987.265908, 246292.674078, 1.952151, 29239.830045, 141844.364411, 249.297777, 2189, 106.7180404663086, 15790279, 19937262, 243609681, 279337222, 25587.224388062954, 45.97836232185364, 333712.61131600005, inf, 401.75757575757575, 968.1413734616781, 126934.739044, 121842.990799, 0.348774, 11351.767895, 73553.314416, 29.450388, 1089, 68.11437225341797, 7835479, 54366103, 117080672, 179282254, 25397.478958070278, 22.870699107646942, 267484.499425, inf, 811.7142857142857, 1523.0066932732439, 166675.716488, 59087.999539, 0.097793, 5921.515455, 35795.45853, 3.71162, 539, 39.77961349487305, 3858079, 72951635, 57124029, 133933743
39774, 39774, 0, 0, dp_13.000000, 25968.76758790016, 89.02024048566818, 542508.1777959999, inf, 199.86934673366835, 400.78249218909485, 50987.265908, 291472.130025, 1.529869, 29239.830045, 170450.639231, 356.782718, 2587, 99.13166809082031, 15790279, 19937262, 289347841, 325075382, 25585.597230494022, 44.35120475292206, 371103.777054, inf, 401.75757575757575, 968.1413734616781, 126934.739044, 144418.513096, 0.347552, 11351.767895, 88356.805283, 41.604184, 1287, 65.08578491210938, 7835479, 54366103, 139095500, 201297082, 25396.536206543446, 21.92794758081436, 286212.938021, inf, 811.7142857142857, 1523.0066932732439, 166675.716488, 70659.570878, 0.092954, 5921.515455, 42950.821826, 5.22042, 637, 38.99090576171875, 3858079, 72951635, 67881097, 144690811
39774, 39774, 0, 0, dp_15.000000, 25966.287796616554, 86.5404492020607, 616304.278302, inf, 199.86934673366835, 400.78249218909485, 50987.265908, 337458.804229, 1.347176, 29239.830045, 198147.795689, 469.235255, 2985, 92.22374725341797, 15790279, 19937262, 335013911, 370741452, 25584.277264356613, 43.03123861551285, 405534.92540300003, inf, 401.75757575757575, 968.1413734616781, 126934.739044, 163658.023724, 0.35175, 11351.767895, 103534.035214, 56.007776, 1485, 62.54475784301758, 7835479, 54366103, 158699836, 220901418, 25395.58527445793, 20.977015495300293, 307201.61553499993, inf, 811.7142857142857, 1523.0066932732439, 166675.716488, 84516.710574, 0.097333, 5921.515455, 50080.766836, 6.808849, 735, 38.270591735839844, 3858079, 72951635, 78577415, 155387129
39774, 39774, 0, 0, dp_17.000000, 25965.157506525517, 85.41015911102295, 694965.794462, inf, 199.86934673366835, 400.78249218909485, 50987.265908, 384915.887078, 1.352146, 29239.830045, 229216.663794, 604.795491, 3383, 86.44893646240234, 15790279, 19937262, 380752071, 416479612, 25583.307361900806, 42.061336159706116, 442799.769687, inf, 401.75757575757575, 968.1413734616781, 126934.739044, 186137.412768, 0.348283, 11351.767895, 118302.394285, 73.107412, 1683, 60.03701400756836, 7835479, 54366103, 180714664, 242916246, 25394.992875158787, 20.384616196155548, 325488.57291399996, inf, 811.7142857142857, 1523.0066932732439, 166675.716488, 95992.360976, 0.074219, 5921.515455, 56890.049769, 8.856007, 833, 37.42076110839844, 3858079, 72951635, 89395233, 166204947
39774, 39774, 0, 0, dp_19.000000, 25963.05698490143, 83.30963748693466, 771387.913849, inf, 199.86934673366835, 400.78249218909485, 50987.265908, 432318.595505, 1.940409, 29239.830045, 258054.234955, 786.047027, 3781, 81.39976501464844, 15790279, 19937262, 426490231, 462217772, 25582.3618491292, 41.11582338809967, 482337.18436899997, inf, 401.75757575757575, 968.1413734616781, 126934.739044, 210600.561283, 0.342172, 11351.767895, 133357.727394, 92.046581, 1881, 57.875, 7835479, 54366103, 202729492, 264931074, 25394.59814786911, 19.989888906478882, 343102.60182999994, inf, 811.7142857142857, 1523.0066932732439, 166675.716488, 106268.132317, 0.079109, 5921.515455, 64226.275362, 10.883099, 931, 36.57835388183594, 3858079, 72951635, 100152301, 176962015
39774, 39774, 0, 0, dp_21.000000, 25961.72120910883, 81.97386169433594, 856118.998467, inf, 199.86934673366835, 400.78249218909485, 50987.265908, 486067.651079, 1.288727, 29239.830045, 288887.468786, 935.493922, 4179, 76.89268493652344, 15790279, 19937262, 472228391, 507955932, 25580.82438313961, 39.57835739850998, 517401.65290900005, inf, 401.75757575757575, 968.1413734616781, 126934.739044, 230815.063253, 0.343584, 11351.767895, 148186.308577, 113.430556, 2079, 55.98333740234375, 7835479, 54366103, 224744320, 286945902, 25394.315608143806, 19.707349181175232, 359491.965891, inf, 811.7142857142857, 1523.0066932732439, 166675.716488, 115470.580383, 0.095188, 5921.515455, 71410.414921, 13.643456, 1029, 35.815834045410156, 3858079, 72951635, 110909369, 187719083
39774, 39774, 0, 0, dp_23.000000, 25960.716555416584, 80.96920800209045, 934101.160973, inf, 199.86934673366835, 400.78249218909485, 50987.265908, 531938.01496, 1.293927, 29239.830045, 320818.017888, 1116.738245, 4577, 72.8987808227539, 15790279, 19937262, 517966551, 553694092, 25580.511071503162, 39.26504576206207, 557895.065257, inf, 401.75757575757575, 968.1413734616781, 126934.739044, 257179.100206, 0.343334, 11351.767895, 162292.604019, 136.510759, 2277, 54.16519546508789, 7835479, 54366103, 246759148, 308960730, 25393.9080837965, 19.299824833869934, 376411.0921349999, inf, 811.7142857142857, 1523.0066932732439, 166675.716488, 125528.309835, 0.093395, 5921.515455, 78269.279434, 16.177528, 1127, 35.25364303588867, 3858079, 72951635, 121666437, 198476151
39774, 39774, 0, 0, dp_25.000000, 25960.05217397213, 80.30482655763626, 1014362.6175890001, inf, 199.86934673366835, 400.78249218909485, 50987.265908, 581246.894696, 1.330334, 29239.830045, 351565.428444, 1321.868162, 4975, 69.26737213134766, 15790279, 19937262, 563587408, 599314949, 25579.750550329685, 38.5045245885849, 594015.425219, inf, 401.75757575757575, 968.1413734616781, 126934.739044, 278524.163662, 0.345358, 11351.767895, 177041.717386, 162.691874, 2475, 52.45603942871094, 7835479, 54366103, 268773976, 330975558, 25393.446095466614, 18.837836503982544, 398198.513956, inf, 811.7142857142857, 1523.0066932732439, 166675.716488, 140517.766588, 0.07447, 5921.515455, 85064.467284, 18.973671, 1225, 34.49087142944336, 3858079, 72951635, 132423505, 209233219
39774, 39774, 0, 0, dp_27.000000, 25959.285558640957, 79.53821122646332, 1091231.02632, inf, 199.86934673366835, 400.78249218909485, 50987.265908, 626647.455569, 1.327309, 29239.830045, 382811.699523, 1543.447966, 5373, 65.94295501708984, 15790279, 19937262, 609442871, 645170412, 25579.179633438587, 37.93360769748688, 632126.142832, inf, 401.75757575757575, 968.1413734616781, 126934.739044, 305129.87972, 0.349576, 11351.767895, 188519.597771, 189.808826, 2673, 50.78147506713867, 7835479, 54366103, 290788804, 352990386, 25392.833697021008, 18.225438058376312, 414217.096344, inf, 811.7142857142857, 1523.0066932732439, 166675.716488, 149311.505601, 0.096971, 5921.515455, 92286.129466, 22.132363, 1323, 33.80440902709961, 3858079, 72951635, 143180573, 219990287
39774, 39774, 0, 0, dp_29.000000, 25958.574736058712, 78.82738864421844, 1175132.096419, inf, 199.86934673366835, 400.78249218909485, 50987.265908, 678034.481851, 1.313484, 29239.830045, 415084.93059, 1784.274541, 5771, 62.90753936767578, 15790279, 19937262, 655181031, 690908572, 25578.773746550083, 37.52772080898285, 671788.8810010001, inf, 401.75757575757575, 968.1413734616781, 126934.739044, 327125.101127, 0.349616, 11351.767895, 206157.654025, 219.269294, 2871, 49.20548629760742, 7835479, 54366103, 312803632, 375005214, 25392.704248428345, 18.0959894657135, 436683.09021899995, inf, 811.7142857142857, 1523.0066932732439, 166675.716488, 163959.249163, 0.076083, 5921.515455, 100100.656709, 25.876321, 1421, 33.33232879638672, 3858079, 72951635, 153876891, 230686605
39774, 39774, 0, 0, dp_3.000000, 25991.42816722393, 111.6808198094368, 176565.54233899998, inf, 199.86934673366835, 400.78249218909485, 50987.265908, 66922.061596, 1.355492, 29239.830045, 29401.664606, 13.364692, 597, 155.66775512695312, 15790279, 19937262, 60657041, 96384582, 25598.367534935474, 57.121509194374084, 185808.97036300003, inf, 401.75757575757575, 968.1413734616781, 126934.739044, 33176.478077, 0.360145, 11351.767895, 14344.086686, 1.538516, 297, 86.51335144042969, 7835479, 54366103, 29021360, 91222942, 25401.352717757225, 26.74445879459381, 196114.49718799998, inf, 811.7142857142857, 1523.0066932732439, 166675.716488, 16821.675818, 0.077255, 5921.515455, 6695.282923, 0.229249, 147, 45.003353118896484, 3858079, 72951635, 14095757, 90905471
39774, 39774, 0, 0, dp_31.000000, 25956.993997454643, 77.24665004014969, 1260927.981382, inf, 199.86934673366835, 400.78249218909485, 50987.265908, 733399.000566, 1.328852, 29239.830045, 445261.52036, 2039.035651, 6169, 60.42336654663086, 15790279, 19937262, 700801888, 736529429, 25578.14979940653, 36.90377366542816, 711258.833254, inf, 401.75757575757575, 968.1413734616781, 126934.739044, 352164.995844, 0.355267, 11351.767895, 220555.897986, 251.077218, 3069, 47.74589538574219, 7835479, 54366103, 334818460, 397020042, 25392.457295417786, 17.84903645515442, 445793.678178, inf, 811.7142857142857, 1523.0066932732439, 166675.716488, 165911.314096, 0.096971, 5921.515455, 107255.585843, 29.449325, 1519, 32.5839958190918, 3858079, 72951635, 160108084, 236917798
39774, 39774, 0, 0, dp_33.000000, 25956.81281065941, 77.06546324491501, 1336457.7463449999, inf, 199.86934673366835, 400.78249218909485, 50987.265908, 778073.949194, 1.319555, 29239.830045, 475843.660541, 2311.721102, 6567, 57.90275192260742, 15790279, 19937262, 746540048, 782267589, 25578.030954420567, 36.78492867946625, 751528.569557, inf, 401.75757575757575, 968.1413734616781, 126934.739044, 376779.883925, 0.359985, 11351.767895, 236177.560305, 284.258403, 3267, 46.21055221557617, 7835479, 54366103, 356833288, 419034870, 25392.378128767014, 17.769869804382324, 468332.80569699995, inf, 811.7142857142857, 1523.0066932732439, 166675.716488, 180915.370652, 0.094888, 5921.515455, 114786.464343, 33.643871, 1617, 32.22962188720703, 3858079, 72951635, 170865152, 247674866
39774, 39774, 0, 0, dp_35.000000, 25956.522700846195, 76.77535343170166, 1393700.8163729997, inf, 199.86934673366835, 400.78249218909485, 50987.265908, 809099.948891, 1.324353, 29239.830045, 501768.77997, 2603.667206, 6965, 55.66840744018555, 15790279, 19937262, 792278208, 828005749, 25577.196599543095, 35.950573801994324, 792389.961496, inf, 401.75757575757575, 968.1413734616781, 126934.739044, 403906.636203, 0.339387, 11351.767895, 249876.159254, 320.319713, 3465, 44.885643005371094, 7835479, 54366103, 378848116, 441049698, 25391.93481785059, 17.326558887958527, 480853.283808, inf, 811.7142857142857, 1523.0066932732439, 166675.716488, 185494.451372, 0.093516, 5921.515455, 122723.75399, 37.752987, 1715, 31.63761329650879, 3858079, 72951635, 181622220, 258431934
39774, 39774, 0, 0, dp_37.000000, 25956.017789065838, 76.2704416513443, 1479270.068171, inf, 199.86934673366835, 400.78249218909485, 50987.265908, 858197.436612, 1.314104, 29239.830045, 537932.601306, 2911.620196, 7363, 53.46873092651367, 15790279, 19937262, 838133671, 873861212, 25576.526758253574, 35.28073251247406, 832694.857697, inf, 401.75757575757575, 968.1413734616781, 126934.739044, 429757.444052, 0.352952, 11351.767895, 264291.453564, 359.10019, 3663, 43.70107650756836, 7835479, 54366103, 400862944, 463064526, 25391.76979547739, 17.161536514759064, 506120.12245399994, inf, 811.7142857142857, 1523.0066932732439, 166675.716488, 204539.25535, 0.092494, 5921.515455, 128941.163755, 42.378912, 1813, 31.280672073364258, 3858079, 72951635, 192379288, 269189002
39774, 39774, 0, 0, dp_39.000000, 25955.023677647114, 75.27633023262024, 1551148.017465, inf, 199.86934673366835, 400.78249218909485, 50987.265908, 901444.368049, 1.312491, 29239.830045, 566237.780247, 3237.460725, 7761, 51.293739318847656, 15790279, 19937262, 883754528, 919482069, 25576.03857141733, 34.792545676231384, 869344.226303, inf, 401.75757575757575, 968.1413734616781, 126934.739044, 453863.651144, 0.343574, 11351.767895, 276794.950287, 398.774359, 3861, 42.64621353149414, 7835479, 54366103, 422877772, 485079354, 25391.326484560966, 16.718225598335266, 522270.3978769999, inf, 811.7142857142857, 1523.0066932732439, 166675.716488, 211905.479833, 0.097072, 5921.515455, 137720.386721, 47.202308, 1911, 30.697973251342773, 3858079, 72951635, 203136356, 279946070
39774, 39774, 0, 0, dp_5.000000, 25984.103941380978, 104.35659396648407, 249869.63314200004, inf, 199.86934673366835, 400.78249218909485, 50987.265908, 112206.279913, 2.369883, 29239.830045, 57389.671699, 44.215694, 995, 138.84617614746094, 15790279, 19937262, 106395201, 142122742, 25594.94780576229, 53.70178002119064, 222824.826166, inf, 401.75757575757575, 968.1413734616781, 126934.739044, 55633.112816, 0.347231, 11351.767895, 28899.360338, 5.498842, 495, 80.4345703125, 7835479, 54366103, 51036188, 113237770, 25399.899314641953, 25.29105567932129, 213832.84894399997, inf, 811.7142857142857, 1523.0066932732439, 166675.716488, 27193.202695, 0.093155, 5921.515455, 14041.657697, 0.663454, 245, 43.01416778564453, 3858079, 72951635, 24852825, 101662539
39774, 39774, 0, 0, dp_7.000000, 25978.82191646099, 99.07456904649734, 319449.699859, inf, 199.86934673366835, 400.78249218909485, 50987.265908, 155206.295341, 2.651032, 29239.830045, 83912.545721, 101.111812, 1393, 126.12077331542969, 15790279, 19937262, 152133361, 187860902, 25591.273366332054, 50.02734059095383, 260064.285564, inf, 401.75757575757575, 968.1413734616781, 126934.739044, 77822.443152, 0.358592, 11351.767895, 43943.643096, 11.333785, 693, 75.2831802368164, 7835479, 54366103, 73051016, 135252598, 25398.544658780098, 23.936399817466736, 231841.587481, inf, 811.7142857142857, 1523.0066932732439, 166675.716488, 37877.957338, 0.078697, 5921.515455, 21364.73436, 1.585143, 343, 41.64698028564453, 3858079, 72951635, 35609893, 112419607
39774, 39774, 0, 0, dp_9.000000, 25975.282481610775, 95.53513419628143, 397166.286088, inf, 199.86934673366835, 400.78249218909485, 50987.265908, 202809.005736, 2.342734, 29239.830045, 113965.099901, 162.741764, 1791, 115.68489074707031, 15790279, 19937262, 197871521, 233599062, 25588.06983011961, 46.82380437850952, 295435.683128, inf, 401.75757575757575, 968.1413734616781, 126934.739044, 99534.621037, 0.348504, 11351.767895, 57594.932563, 19.274085, 891, 71.38844299316406, 7835479, 54366103, 95065844, 157267426, 25398.012391090393, 23.40413212776184, 250131.56204, inf, 811.7142857142857, 1523.0066932732439, 166675.716488, 48965.884816, 0.093967, 5921.515455, 28566.044038, 2.307276, 441, 40.67792510986328, 3858079, 72951635, 46366961, 123176675
39774, 39774, 0, 0, fixed_reps_1, 26001.61469823122, 121.86735081672668, 103570.38683199999, inf, 199.86934673366835, 400.78249218909485, 50987.265908, 23250.078429, 1.985974, 29239.830045, 91.226476, 0, 199, 194.91249084472656, 15790279, 19937262, 14918881, 50646422, 25604.281356573105, 63.03533083200455, 150226.463874, inf, 401.75757575757575, 968.1413734616781, 126934.739044, 11851.172283, 0.272211, 11351.767895, 88.512441, 0, 99, 97.73756408691406, 7835479, 54366103, 7038249, 69239831, 25404.63930004835, 30.031041085720062, 178422.87685899998, inf, 811.7142857142857, 1523.0066932732439, 166675.716488, 5735.538397, 0.075081, 5921.515455, 90.031438, 0, 49, 48.46308898925781, 3858079, 72951635, 3399439, 80209153
39774, 39774, 0, 0, fixed_reps_11, 25977.767131447792, 98.01978403329849, 355183.551499, inf, 199.86934673366835, 400.78249218909485, 50987.265908, 274099.436725, 1.326277, 29239.830045, 855.692544, 0, 2189, 157.0355682373047, 15790279, 19937262, 164105701, 199833242, 25590.537213385105, 49.29118764400482, 279376.09836100007, inf, 401.75757575757575, 968.1413734616781, 126934.739044, 140271.925846, 0.338234, 11351.767895, 817.327342, 0, 1089, 88.10163879394531, 7835479, 54366103, 77419749, 139621331, 25398.01124405861, 23.402985095977783, 246448.024514, inf, 811.7142857142857, 1523.0066932732439, 166675.716488, 72987.461911, 0.091051, 5921.515455, 863.239609, 0, 539, 44.888343811035156, 3858079, 72951635, 37393339, 114203053
39774, 39774, 0, 0, fixed_reps_13, 25975.690113723278, 95.94276630878448, 403739.27262099995, inf, 199.86934673366835, 400.78249218909485, 50987.265908, 322498.968204, 1.309906, 29239.830045, 1011.898558, 0, 2587, 150.9187774658203, 15790279, 19937262, 193943065, 229670606, 25588.227139532566, 46.98111379146576, 302727.387995, inf, 401.75757575757575, 968.1413734616781, 126934.739044, 163500.711205, 0.347832, 11351.767895, 939.822019, 0, 1287, 87.36898803710938, 7835479, 54366103, 91496049, 153697631, 25397.562830030918, 22.954571068286896, 259334.715463, inf, 811.7142857142857, 1523.0066932732439, 166675.716488, 85726.400548, 0.092694, 5921.515455, 1010.990278, 0, 637, 44.63714599609375, 3858079, 72951635, 44192119, 121001833
39774, 39774, 0, 0, fixed_reps_15, 25973.679832458496, 93.93248504400253, 449842.88658199995, inf, 199.86934673366835, 400.78249218909485, 50987.265908, 368456.270132, 1.499171, 29239.830045, 1158.021326, 0, 2985, 148.44195556640625, 15790279, 19937262, 223780429, 259507970, 25587.114519655704, 45.86849391460419, 326532.119197, inf, 401.75757575757575, 968.1413734616781, 126934.739044, 187170.364323, 0.351509, 11351.767895, 1074.896426, 0, 1485, 85.72782135009766, 7835479, 54366103, 105572349, 167773931, 25397.276016891003, 22.66775792837143, 271457.865629, inf, 811.7142857142857, 1523.0066932732439, 166675.716488, 97711.096335, 0.09574, 5921.515455, 1149.441611, 0, 735, 44.40406799316406, 3858079, 72951635, 50990899, 127800613
39774, 39774, 0, 0, fixed_reps_17, 25971.310440719128, 91.5630933046341, 496472.089322, inf, 199.86934673366835, 400.78249218909485, 50987.265908, 414933.217633, 1.362846, 29239.830045, 1310.41289, 0, 3383, 141.9224090576172, 15790279, 19937262, 253617793, 289345334, 25585.839026391506, 44.593000650405884, 349968.25139000005, inf, 401.75757575757575, 968.1413734616781, 126934.739044, 210472.471657, 0.347812, 11351.767895, 1208.924982, 0, 1683, 83.60533142089844, 7835479, 54366103, 119648649, 181850231, 25396.94685012102, 22.338591158390045, 282883.75403, inf, 811.7142857142857, 1523.0066932732439, 166675.716488, 109005.331685, 0.095419, 5921.515455, 1281.094983, 0, 833, 44.19567108154297, 3858079, 72951635, 57789679, 134599393
39774, 39774, 0, 0, fixed_reps_19, 25969.153510034084, 89.40616261959076, 543179.740177, inf, 199.86934673366835, 400.78249218909485, 50987.265908, 461493.673927, 1.521593, 29239.830045, 1457.448704, 0, 3781, 136.9738006591797, 15790279, 19937262, 283455157, 319182698, 25585.19900393486, 43.95297819375992, 377311.329981, inf, 401.75757575757575, 968.1413734616781, 126934.739044, 237687.254331, 0.341561, 11351.767895, 1337.22715, 0, 1881, 82.75743865966797, 7835479, 54366103, 133724949, 195926531, 25396.470064401627, 21.86180543899536, 294779.29910199996, inf, 811.7142857142857, 1523.0066932732439, 166675.716488, 120757.611107, 0.093856, 5921.515455, 1424.362196, 0, 931, 43.96950912475586, 3858079, 72951635, 64588459, 141398173
39774, 39774, 0, 0, fixed_reps_21, 25968.127260684967, 88.37991327047348, 590200.763948, inf, 199.86934673366835, 400.78249218909485, 50987.265908, 508363.595293, 1.306951, 29239.830045, 1608.765751, 0, 4179, 133.08218383789062, 15790279, 19937262, 313292521, 349020062, 25584.999406397343, 43.75338065624237, 398667.898026, inf, 401.75757575757575, 968.1413734616781, 126934.739044, 258912.225057, 0.345138, 11351.767895, 1468.820892, 0, 2079, 81.27598571777344, 7835479, 54366103, 147801249, 210002831, 25396.358953237534, 21.750694274902344, 306341.615896, inf, 811.7142857142857, 1523.0066932732439, 166675.716488, 132191.348736, 0.094507, 5921.515455, 1552.94071, 0, 1029, 43.7662239074707, 3858079, 72951635, 71387239, 148196953
39774, 39774, 0, 0, fixed_reps_23, 25967.382555782795, 87.63520836830139, 636246.019555, inf, 199.86934673366835, 400.78249218909485, 50987.265908, 554261.160375, 1.301009, 29239.830045, 1756.462218, 0, 4577, 128.29664611816406, 15790279, 19937262, 343129885, 378857426, 25583.819197118282, 42.57317137718201, 419471.052922, inf, 401.75757575757575, 968.1413734616781, 126934.739044, 279582.379829, 0.334216, 11351.767895, 1601.831938, 0, 2277, 80.04602813720703, 7835479, 54366103, 161877549, 224079131, 25395.43174701929, 20.8234880566597, 318120.66684799996, inf, 811.7142857142857, 1523.0066932732439, 166675.716488, 143829.844224, 0.093345, 5921.515455, 1693.497336, 0, 1127, 43.55897521972656, 3858079, 72951635, 78186019, 154995733
39774, 39774, 0, 0, fixed_reps_25, 25966.53161919117, 86.78427177667618, 682709.9436509999, inf, 199.86934673366835, 400.78249218909485, 50987.265908, 600580.269121, 1.31157, 29239.830045, 1901.267007, 0, 4975, 124.61099243164062, 15790279, 19937262, 372967249, 408694790, 25582.81797081232, 41.5719450712204, 442295.01707600005, inf, 401.75757575757575, 968.1413734616781, 126934.739044, 302275.045273, 0.353433, 11351.767895, 1733.111431, 0, 2475, 79.11017608642578, 7835479, 54366103, 175953849, 238155431, 25394.971393465996, 20.363134503364563, 329754.363188, inf, 811.7142857142857, 1523.0066932732439, 166675.716488, 155333.306725, 0.095789, 5921.515455, 1823.728731, 0, 1225, 43.330413818359375, 3858079, 72951635, 84984799, 161794513
39774, 39774, 0, 0, fixed_reps_27, 25964.700774908066, 84.95342749357224, 726007.854708, inf, 199.86934673366835, 400.78249218909485, 50987.265908, 643731.326598, 1.256296, 29239.830045, 2048.175861, 0, 5373, 119.81398010253906, 15790279, 19937262, 402804613, 438532154, 25582.188806951046, 40.94278120994568, 465142.634925, inf, 401.75757575757575, 968.1413734616781, 126934.739044, 324992.470061, 0.33597, 11351.767895, 1863.321955, 0, 2673, 77.44863891601562, 7835479, 54366103, 190030149, 252231731, 25394.298065662384, 19.689806699752808, 341544.78786899993, inf, 811.7142857142857, 1523.0066932732439, 166675.716488, 166991.560915, 0.094427, 5921.515455, 1955.900584, 0, 1323, 43.06327438354492, 3858079, 72951635, 91783579, 168593293
39774, 39774, 0, 0, fixed_reps_29, 25964.114184200764, 84.36683678627014, 771839.338935, inf, 199.86934673366835, 400.78249218909485, 50987.265908, 689418.947868, 1.337588, 29239.830045, 2191.957526, 0, 5771, 116.76570892333984, 15790279, 19937262, 432641977, 468369518, 25581.094151556492, 39.84812581539154, 491906.497779, inf, 401.75757575757575, 968.1413734616781, 126934.739044, 351594.487054, 0.340468, 11351.767895, 2025.163318, 0, 2871, 75.92485046386719, 7835479, 54366103, 204106449, 266308031, 25394.23806566, 19.629806697368622, 352991.943401, inf, 811.7142857142857, 1523.0066932732439, 166675.716488, 178310.333097, 0.096772, 5921.515455, 2084.281589, 0, 1421, 42.823875427246094, 3858079, 72951635, 98582359, 175392073
39774, 39774, 0, 0, fixed_reps_3, 25991.790829896927, 112.04348248243332, 151725.19666699998, inf, 199.86934673366835, 400.78249218909485, 50987.265908, 71266.878806, 2.02647, 29239.830045, 229.195438, 0, 597, 184.1820068359375, 15790279, 19937262, 44756245, 80483786, 25598.185365259647, 56.93933951854706, 174371.579008, inf, 401.75757575757575, 968.1413734616781, 126934.739044, 35863.708571, 0.350107, 11351.767895, 221.013391, 0, 297, 94.77067565917969, 7835479, 54366103, 21114549, 83316131, 25401.403709053993, 26.795450091362, 191462.091679, inf, 811.7142857142857, 1523.0066932732439, 166675.716488, 18632.563197, 0.078136, 5921.515455, 232.218403, 0, 147, 47.67982482910156, 3858079, 72951635, 10198219, 87007933
39774, 39774, 0, 0, fixed_reps_31, 25962.856644511223, 83.10929709672928, 816802.287492, inf, 199.86934673366835, 400.78249218909485, 50987.265908, 734224.722112, 1.312531, 29239.830045, 2349.156896, 0, 6169, 113.28730773925781, 15790279, 19937262, 462479341, 498206882, 25580.82128548622, 39.575259745121, 511490.955609, inf, 401.75757575757575, 968.1413734616781, 126934.739044, 371075.549005, 0.351639, 11351.767895, 2128.548026, 0, 3069, 73.66646575927734, 7835479, 54366103, 218182749, 280384331, 25394.011081516743, 19.40282255411148, 364416.74540599994, inf, 811.7142857142857, 1523.0066932732439, 166675.716488, 189600.966555, 0.093716, 5921.515455, 2218.453192, 0, 1519, 42.53510665893555, 3858079, 72951635, 105381139, 182190853
39774, 39774, 0, 0, fixed_reps_33, 25961.70293933153, 81.95559191703796, 861960.435238, inf, 199.86934673366835, 400.78249218909485, 50987.265908, 779227.47773, 1.376752, 29239.830045, 2504.484803, 0, 6567, 109.36143493652344, 15790279, 19937262, 492316705, 528044246, 25580.709004819393, 39.46297907829285, 533960.4050319999, inf, 401.75757575757575, 968.1413734616781, 126934.739044, 393421.496488, 0.348944, 11351.767895, 2252.052661, 0, 3267, 72.04994201660156, 7835479, 54366103, 232259049, 294460631, 25393.760044693947, 19.151785731315613, 376020.32763099996, inf, 811.7142857142857, 1523.0066932732439, 166675.716488, 201076.000058, 0.095078, 5921.515455, 2347.000552, 0, 1617, 41.94602966308594, 3858079, 72951635, 112179919, 188989633
39774, 39774, 0, 0, fixed_reps_35, 25961.09254670143, 81.34519928693771, 918664.553963, inf, 199.86934673366835, 400.78249218909485, 50987.265908, 835790.951592, 1.33294, 29239.830045, 2645.173478, 0, 6965, 105.88081359863281, 15790279, 19937262, 522154069, 557881610, 25580.371703267097, 39.12567752599716, 557252.764967, inf, 401.75757575757575, 968.1413734616781, 126934.739044, 416580.229151, 0.34652, 11351.767895, 2385.682357, 0, 3465, 70.51394653320312, 7835479, 54366103, 246335349, 308536931, 25393.431581497192, 18.823322534561157, 387022.361146, inf, 811.7142857142857, 1523.0066932732439, 166675.716488, 211947.356852, 0.089568, 5921.515455, 2477.682783, 0, 1715, 41.71535110473633, 3858079, 72951635, 118978699, 195788413
39774, 39774, 0, 0, fixed_reps_37, 25960.838758826256, 81.09141141176224, 969416.009157, inf, 199.86934673366835, 400.78249218909485, 50987.265908, 886340.289488, 1.328933, 29239.830045, 2847.294783, 0, 7363, 103.4511489868164, 15790279, 19937262, 551991433, 587718974, 25580.12982016802, 38.88379442691803, 580715.708037, inf, 401.75757575757575, 968.1413734616781, 126934.739044, 439913.651153, 0.343043, 11351.767895, 2515.206902, 0, 3663, 68.21917724609375, 7835479, 54366103, 260411649, 322613231, 25393.29482936859, 18.686570405960083, 398912.36122099997, inf, 811.7142857142857, 1523.0066932732439, 166675.716488, 223699.207332, 0.091111, 5921.515455, 2615.830835, 0, 1813, 41.4875373840332, 3858079, 72951635, 125777479, 202587193
39774, 39774, 0, 0, fixed_reps_39, 25960.321725845337, 80.57437843084335, 1016223.07371, inf, 199.86934673366835, 400.78249218909485, 50987.265908, 932982.99022, 1.309706, 29239.830045, 3011.677831, 0, 7761, 100.99040985107422, 15790279, 19937262, 581828797, 617556338, 25579.574097692966, 38.32807195186615, 604487.1755270001, inf, 401.75757575757575, 968.1413734616781, 126934.739044, 463555.654914, 0.336371, 11351.767895, 2644.677303, 0, 3861, 67.52059173583984, 7835479, 54366103, 274487949, 336689531, 25393.29482936859, 18.686570405960083, 409786.18199499993, inf, 811.7142857142857, 1523.0066932732439, 166675.716488, 234443.890521, 0.088296, 5921.515455, 2744.971235, 0, 1911, 40.93018341064453, 3858079, 72951635, 132576259, 209385973
39774, 39774, 0, 0, fixed_reps_41, 25959.518135011196, 79.77078759670258, 1065763.5317640002, inf, 199.86934673366835, 400.78249218909485, 50987.265908, 982373.664493, 1.327099, 29239.830045, 3161.444219, 0, 8159, 98.06373596191406, 15790279, 19937262, 611666161, 647393702, 25579.3074311018, 38.0614053606987, 625188.471822, inf, 401.75757575757575, 968.1413734616781, 126934.739044, 484124.391766, 0.277029, 11351.767895, 2777.296088, 0, 4059, 66.01199340820312, 7835479, 54366103, 288564249, 350765831, 25393.19959127903, 18.59133231639862, 421709.16075, inf, 811.7142857142857, 1523.0066932732439, 166675.716488, 246240.387822, 0.088576, 5921.515455, 2871.452409, 0, 2009, 40.53644943237305, 3858079, 72951635, 139375039, 216184753
39774, 39774, 0, 0, fixed_reps_5, 25986.74785155058, 107.00050413608551, 206363.20705199998, inf, 199.86934673366835, 400.78249218909485, 50987.265908, 125748.017052, 2.407525, 29239.830045, 385.686522, 0, 995, 175.29576110839844, 15790279, 19937262, 74593609, 110321150, 25594.95275503397, 53.70672929286957, 201708.887556, inf, 401.75757575757575, 968.1413734616781, 126934.739044, 63049.736354, 0.356358, 11351.767895, 372.287905, 0, 495, 91.56842803955078, 7835479, 54366103, 35190849, 97392431, 25400.244762778282, 25.63650381565094, 205694.92157699997, inf, 811.7142857142857, 1523.0066932732439, 166675.716488, 32703.651858, 0.09055, 5921.515455, 393.947226, 0, 245, 45.9502067565918, 3858079, 72951635, 16996999, 93806713
39774, 39774, 0, 0, fixed_reps_7, 25983.366930127144, 103.6195827126503, 257766.181215, inf, 199.86934673366835, 400.78249218909485, 50987.265908, 176986.782379, 1.344751, 29239.830045, 550.958132, 0, 1393, 169.13296508789062, 15790279, 19937262, 104430973, 140158514, 25592.606575489044, 51.36054974794388, 229029.99427400003, inf, 401.75757575757575, 968.1413734616781, 126934.739044, 90221.139322, 0.344396, 11351.767895, 522.003617, 0, 693, 90.67362976074219, 7835479, 54366103, 49267149, 111468731, 25399.45062792301, 24.842368960380554, 220300.71512, inf, 811.7142857142857, 1523.0066932732439, 166675.716488, 47139.786006, 0.091141, 5921.515455, 563.60603, 0, 343, 45.53050231933594, 3858079, 72951635, 23795779, 100605493
39774, 39774, 0, 0, fixed_reps_9, 25979.584316670895, 99.83696925640106, 307544.768412, inf, 199.86934673366835, 400.78249218909485, 50987.265908, 226615.804273, 1.351785, 29239.830045, 700.516401, 0, 1791, 161.77102661132812, 15790279, 19937262, 134268337, 169995878, 25591.194549560547, 49.948523819446564, 256533.597157, inf, 401.75757575757575, 968.1413734616781, 126934.739044, 117580.354354, 0.340499, 11351.767895, 666.395365, 0, 891, 88.80611419677734, 7835479, 54366103, 63343449, 125545031, 25398.709847271442, 24.101588308811188, 233582.40630200002, inf, 811.7142857142857, 1523.0066932732439, 166675.716488, 60270.815429, 0.095008, 5921.515455, 714.263922, 0, 441, 45.19047164916992, 3858079, 72951635, 30594559, 107404273
39774, 39774, 0, 0, greedy_1.000000, 26001.61469823122, 121.86735081672668, 103476.792237, inf, 199.86934673366835, 400.78249218909485, 50987.265908, 23161.793159, 1.309516, 29239.830045, 86.584271, 0.009338, 199, 194.91249084472656, 15790279, 19937262, 14918881, 50646422, 25604.281356573105, 63.03533083200455, 150078.423559, inf, 401.75757575757575, 968.1413734616781, 126934.739044, 11708.245171, 0.290514, 11351.767895, 83.376586, 0.004349, 99, 97.73756408691406, 7835479, 54366103, 7038249, 69239831, 25404.63930004835, 30.031041085720062, 178423.34012300003, inf, 811.7142857142857, 1523.0066932732439, 166675.716488, 5741.147536, 0.078077, 5921.515455, 84.880383, 0.002184, 49, 48.46308898925781, 3858079, 72951635, 3399439, 80209153
39774, 39774, 0, 0, greedy_11.000000, 25985.209074378014, 105.46172696352005, 407682.935516, inf, 199.86934673366835, 400.78249218909485, 50987.265908, 185609.155071, 1.774067, 29239.830045, 141844.364411, 0.546014, 2189, 175.26177978515625, 15790279, 19937262, 179093031, 214820572, 25595.069442093372, 53.823416352272034, 298674.143703, inf, 401.75757575757575, 968.1413734616781, 126934.739044, 86833.825886, 0.343815, 11351.767895, 73553.314416, 0.152647, 1089, 93.8453140258789, 7835479, 54366103, 83911608, 146113190, 25400.561529636383, 25.95327067375183, 245198.406834, inf, 811.7142857142857, 1523.0066932732439, 166675.716488, 36805.585586, 0.093205, 5921.515455, 35795.45853, 0.03757, 539, 46.99702835083008, 3858079, 72951635, 39674065, 116483779
39774, 39774, 0, 0, greedy_13.000000, 25984.068104684353, 104.32075726985931, 463879.507757, inf, 199.86934673366835, 400.78249218909485, 50987.265908, 213199.809552, 1.336046, 29239.830045, 170450.639231, 0.626975, 2587, 175.2344970703125, 15790279, 19937262, 209268993, 244996534, 25594.75149232149, 53.50546658039093, 326728.813663, inf, 401.75757575757575, 968.1413734616781, 126934.739044, 100084.985203, 0.349305, 11351.767895, 88356.805283, 0.166933, 1287, 93.83341217041016, 7835479, 54366103, 98066826, 160268408, 25400.554536640644, 25.946277678012848, 257938.839428, inf, 811.7142857142857, 1523.0066932732439, 166675.716488, 42390.640096, 0.101841, 5921.515455, 42950.821826, 0.043722, 637, 46.989681243896484, 3858079, 72951635, 46548667, 123358381
39774, 39774, 0, 0, greedy_15.000000, 25981.883691489697, 102.13634407520294, 518047.353596, inf, 199.86934673366835, 400.78249218909485, 50987.265908, 239670.381412, 1.373997, 29239.830045, 198147.795689, 0.706545, 2985, 175.201171875, 15790279, 19937262, 239444955, 275172496, 25594.194771707058, 52.94874596595764, 355191.69288, inf, 401.75757575757575, 968.1413734616781, 126934.739044, 113370.606086, 0.352401, 11351.767895, 103534.035214, 0.19224, 1485, 93.8215103149414, 7835479, 54366103, 112222044, 174423626, 25400.21882021427, 25.61056125164032, 271208.088835, inf, 811.7142857142857, 1523.0066932732439, 166675.716488, 48529.965191, 0.076143, 5921.515455, 50080.766836, 0.048722, 735, 46.97831344604492, 3858079, 72951635, 53423269, 130232983
39774, 39774, 0, 0, greedy_17.000000, 25980.62193751335, 100.87459009885788, 578849.5452350001, inf, 199.86934673366835, 400.78249218909485, 50987.265908, 269403.372464, 1.60001, 29239.830045, 229216.663794, 0.813014, 3383, 175.1595001220703, 15790279, 19937262, 269620917, 305348458, 25593.837829113007, 52.59180337190628, 382528.42466500006, inf, 401.75757575757575, 968.1413734616781, 126934.739044, 125938.939626, 0.356449, 11351.767895, 118302.394285, 0.227366, 1683, 93.81198120117188, 7835479, 54366103, 126377262, 188578844, 25400.14985191822, 25.541592955589294, 283509.900907, inf, 811.7142857142857, 1523.0066932732439, 166675.716488, 54022.469725, 0.096601, 5921.515455, 56890.049769, 0.052869, 833, 46.97182083129883, 3858079, 72951635, 60297871, 137107585
39774, 39774, 0, 0, greedy_19.000000, 25979.503615915775, 99.75626850128174, 637290.940875, inf, 199.86934673366835, 400.78249218909485, 50987.265908, 299006.837398, 1.563933, 29239.830045, 258054.234955, 1.208636, 3781, 175.0970001220703, 15790279, 19937262, 299796879, 335524420, 25593.69137966633, 52.44535392522812, 410956.011637, inf, 401.75757575757575, 968.1413734616781, 126934.739044, 139311.185014, 0.346479, 11351.767895, 133357.727394, 0.245811, 1881, 93.80508422851562, 7835479, 54366103, 140532480, 202734062, 25399.8561039567, 25.247844994068146, 296772.365022, inf, 811.7142857142857, 1523.0066932732439, 166675.716488, 59948.718706, 0.07484, 5921.515455, 64226.275362, 0.064171, 931, 46.96467971801758, 3858079, 72951635, 67172473, 143982187
39774, 39774, 0, 0, greedy_21.000000, 25976.54618614912, 96.79883873462677, 693115.41736, inf, 199.86934673366835, 400.78249218909485, 50987.265908, 323998.314852, 1.323692, 29239.830045, 288887.468786, 1.214077, 4179, 174.84219360351562, 15790279, 19937262, 329972841, 365700382, 25593.06756311655, 51.821537375450134, 438391.23779900005, inf, 401.75757575757575, 968.1413734616781, 126934.739044, 151917.799385, 0.34677, 11351.767895, 148186.308577, 0.276128, 2079, 93.79769897460938, 7835479, 54366103, 154687698, 216889280, 25399.743823230267, 25.135564267635345, 309734.369679, inf, 811.7142857142857, 1523.0066932732439, 166675.716488, 65726.562775, 0.09586, 5921.515455, 71410.414921, 0.06418, 1029, 46.958431243896484, 3858079, 72951635, 74047075, 150856789
39774, 39774, 0, 0, greedy_23.000000, 25976.438493847847, 96.69114643335342, 758804.5462699999, inf, 199.86934673366835, 400.78249218909485, 50987.265908, 357757.038579, 1.3167, 29239.830045, 320818.017888, 1.07715, 4577, 174.5345001220703, 15790279, 19937262, 360148803, 395876344, 25592.997190237045, 51.75116449594498, 465189.88892299996, inf, 401.75757575757575, 968.1413734616781, 126934.739044, 164610.094193, 0.35717, 11351.767895, 162292.604019, 0.326602, 2277, 93.78976440429688, 7835479, 54366103, 168842916, 231044498, 25399.622176766396, 25.013917803764343, 323094.245504, inf, 811.7142857142857, 1523.0066932732439, 166675.716488, 72227.57037, 0.095098, 5921.515455, 78269.279434, 0.068659, 1127, 46.95338821411133, 3858079, 72951635, 80921677, 157731391
39774, 39774, 0, 0, greedy_25.000000, 25976.438493847847, 96.69114643335342, 824484.993705, inf, 199.86934673366835, 400.78249218909485, 50987.265908, 392689.939303, 1.33826, 29239.830045, 351565.428444, 1.191745, 4975, 174.5345001220703, 15790279, 19937262, 390324765, 426052306, 25592.07541489601, 50.82938915491104, 492468.034529, inf, 401.75757575757575, 968.1413734616781, 126934.739044, 177139.160816, 0.343785, 11351.767895, 177041.717386, 0.305603, 2475, 93.78471374511719, 7835479, 54366103, 182998134, 245199716, 25398.991116166115, 24.38285720348358, 335423.70869999996, inf, 811.7142857142857, 1523.0066932732439, 166675.716488, 77761.852288, 0.075171, 5921.515455, 85064.467284, 0.082014, 1225, 46.9480094909668, 3858079, 72951635, 87796279, 164605993
39774, 39774, 0, 0, greedy_27.000000, 25976.438493847847, 96.69114643335342, 891762.079257, inf, 199.86934673366835, 400.78249218909485, 50987.265908, 428720.70748, 1.334422, 29239.830045, 382811.699523, 1.241879, 5373, 174.5345001220703, 15790279, 19937262, 420500727, 456228268, 25592.033086836338, 50.78706109523773, 515197.939196, inf, 401.75757575757575, 968.1413734616781, 126934.739044, 188391.139583, 0.356729, 11351.767895, 188519.597771, 0.338174, 2673, 93.77668762207031, 7835479, 54366103, 197153352, 259354934, 25398.76203417778, 24.153775215148926, 348045.510748, inf, 811.7142857142857, 1523.0066932732439, 166675.716488, 83161.96318, 0.097082, 5921.515455, 92286.129466, 0.089077, 1323, 46.9432487487793, 3858079, 72951635, 94670881, 171480595
39774, 39774, 0, 0, greedy_29.000000, 25976.438493847847, 96.69114643335342, 956468.706465, inf, 199.86934673366835, 400.78249218909485, 50987.265908, 461153.724009, 1.525651, 29239.830045, 415084.93059, 1.430262, 5771, 174.5345001220703, 15790279, 19937262, 450676689, 486404230, 25591.333267629147, 50.087241888046265, 546954.6884640001, inf, 401.75757575757575, 968.1413734616781, 126934.739044, 202509.812009, 0.342071, 11351.767895, 206157.654025, 0.37342, 2871, 93.77198028564453, 7835479, 54366103, 211308570, 273510152, 25398.76203417778, 24.153775215148926, 362563.01667499996, inf, 811.7142857142857, 1523.0066932732439, 166675.716488, 89864.948215, 0.07437, 5921.515455, 100100.656709, 0.105438, 1421, 46.93820571899414, 3858079, 72951635, 101545483, 178355197
39774, 39774, 0, 0, greedy_3.000000, 25992.640907287598, 112.8935598731041, 181496.762465, inf, 199.86934673366835, 400.78249218909485, 50987.265908, 71866.324459, 1.5462, 29239.830045, 29401.664606, 0.131247, 597, 175.44358825683594, 15790279, 19937262, 58389183, 94116724, 25600.01930361986, 58.77327787876129, 186858.311646, inf, 401.75757575757575, 968.1413734616781, 126934.739044, 34227.403861, 0.274996, 11351.767895, 14344.086686, 0.039164, 297, 94.0119857788086, 7835479, 54366103, 27290736, 89492318, 25402.94666045904, 28.33840149641037, 194648.23171199998, inf, 811.7142857142857, 1523.0066932732439, 166675.716488, 15355.605067, 0.097362, 5921.515455, 6695.282923, 0.014417, 147, 47.114681243896484, 3858079, 72951635, 12175657, 88985371
39774, 39774, 0, 0, greedy_31.000000, 25976.438493847847, 96.69114643335342, 1023802.7171519999, inf, 199.86934673366835, 400.78249218909485, 50987.265908, 498311.345042, 1.331637, 29239.830045, 445261.52036, 1.42416, 6169, 174.5345001220703, 15790279, 19937262, 480852651, 516580192, 25590.95902520418, 49.71299946308136, 574291.493541, inf, 401.75757575757575, 968.1413734616781, 126934.739044, 215448.351033, 0.344446, 11351.767895, 220555.897986, 0.393137, 3069, 93.7619857788086, 7835479, 54366103, 225463788, 287665370, 25398.59233725071, 23.984078288078308, 375893.624479, inf, 811.7142857142857, 1523.0066932732439, 166675.716488, 96040.600236, 0.093686, 5921.515455, 107255.585843, 0.112771, 1519, 46.932857513427734, 3858079, 72951635, 108420085, 185229799
39774, 39774, 0, 0, greedy_33.000000, 25976.438493847847, 96.69114643335342, 1090414.8127519998, inf, 199.86934673366835, 400.78249218909485, 50987.265908, 534341.147454, 1.326798, 29239.830045, 475843.660541, 1.582006, 6567, 174.5345001220703, 15790279, 19937262, 511028613, 546756154, 25590.690676271915, 49.444650530815125, 600754.1335090001, inf, 401.75757575757575, 968.1413734616781, 126934.739044, 226289.030783, 0.345358, 11351.767895, 236177.560305, 0.690124, 3267, 93.7619857788086, 7835479, 54366103, 239619006, 301820588, 25398.18502432108, 23.57676535844803, 389199.538851, inf, 811.7142857142857, 1523.0066932732439, 166675.716488, 101815.666556, 0.074359, 5921.515455, 114786.464343, 0.10165, 1617, 46.93046951293945, 3858079, 72951635, 115294687, 192104401
39774, 39774, 0, 0, greedy_35.000000, 25976.438493847847, 96.69114643335342, 1145731.4918789999, inf, 199.86934673366835, 400.78249218909485, 50987.265908, 563732.474174, 1.338851, 29239.830045, 501768.77997, 1.802931, 6965, 174.5345001220703, 15790279, 19937262, 541204575, 576932116, 25590.401680529118, 49.15565478801727, 629231.994025, inf, 401.75757575757575, 968.1413734616781, 126934.739044, 241068.473761, 0.346229, 11351.767895, 249876.159254, 0.507842, 3465, 93.75111389160156, 7835479, 54366103, 253774224, 315975806, 25398.06002432108, 23.45176535844803, 403112.29653399996, inf, 811.7142857142857, 1523.0066932732439, 166675.716488, 107791.09679, 0.094407, 5921.515455, 122723.75399, 0.119404, 1715, 46.927181243896484, 3858079, 72951635, 122169289, 198979003
39774, 39774, 0, 0, greedy_37.000000, 25976.438493847847, 96.69114643335342, 1222414.723118, inf, 199.86934673366835, 400.78249218909485, 50987.265908, 604251.907361, 1.328912, 29239.830045, 537932.601306, 1.789586, 7363, 174.5345001220703, 15790279, 19937262, 571380537, 607108078, 25590.19319474697, 48.94716900587082, 655340.040744, inf, 401.75757575757575, 968.1413734616781, 126934.739044, 252761.261636, 0.35174, 11351.767895, 264291.453564, 0.466865, 3663, 93.74531555175781, 7835479, 54366103, 267929442, 330131024, 25398.06002432108, 23.45176535844803, 415338.68322799995, inf, 811.7142857142857, 1523.0066932732439, 166675.716488, 113800.078939, 0.095098, 5921.515455, 128941.163755, 0.113493, 1813, 46.92237091064453, 3858079, 72951635, 129043891, 205853605
39774, 39774, 0, 0, greedy_39.000000, 25976.438493847847, 96.69114643335342, 1284020.6576450001, inf, 199.86934673366835, 400.78249218909485, 50987.265908, 637552.592153, 1.325096, 29239.830045, 566237.780247, 1.864196, 7761, 174.5345001220703, 15790279, 19937262, 601556499, 637284040, 25589.975481927395, 48.729456186294556, 680358.8609520001, inf, 401.75757575757575, 968.1413734616781, 126934.739044, 265276.575884, 0.343084, 11351.767895, 276794.950287, 0.484758, 3861, 93.7392578125, 7835479, 54366103, 282084660, 344286242, 25398.06002432108, 23.45176535844803, 430813.015585, inf, 811.7142857142857, 1523.0066932732439, 166675.716488, 120495.176749, 0.096541, 5921.515455, 137720.386721, 0.123631, 1911, 46.914676666259766, 3858079, 72951635, 135918493, 212728207
39774, 39774, 0, 0, greedy_5.000000, 25989.769693017006, 110.02234560251236, 239632.346613, inf, 199.86934673366835, 400.78249218909485, 50987.265908, 102013.007258, 2.33568, 29239.830045, 57389.671699, 0.236023, 995, 175.36058044433594, 15790279, 19937262, 88565145, 124292686, 25598.811140060425, 57.56511431932449, 214298.69327900003, inf, 401.75757575757575, 968.1413734616781, 126934.739044, 47112.405784, 0.349466, 11351.767895, 28899.360338, 0.070752, 495, 93.90087127685547, 7835479, 54366103, 41445954, 103647536, 25402.44591087103, 27.837651908397675, 206245.25264599998, inf, 811.7142857142857, 1523.0066932732439, 166675.716488, 19606.264763, 0.078597, 5921.515455, 14041.657697, 0.019646, 245, 47.052181243896484, 3858079, 72951635, 19050259, 95859973
39774, 39774, 0, 0, greedy_7.000000, 25987.6783041358, 107.93095672130585, 292549.03190299997, inf, 199.86934673366835, 400.78249218909485, 50987.265908, 128406.891994, 2.007765, 29239.830045, 83912.545721, 0.49047, 1393, 175.323974609375, 15790279, 19937262, 118741107, 154468648, 25597.504365742207, 56.25834000110626, 242870.763724, inf, 401.75757575757575, 968.1413734616781, 126934.739044, 60640.16659, 0.345909, 11351.767895, 43943.643096, 0.10119, 693, 93.87405395507812, 7835479, 54366103, 55601172, 117802754, 25401.9858533144, 27.377594351768494, 219363.488713, inf, 811.7142857142857, 1523.0066932732439, 166675.716488, 25401.42102, 0.075481, 5921.515455, 21364.73436, 0.025909, 343, 47.02376937866211, 3858079, 72951635, 25924861, 102734575
39774, 39774, 0, 0, greedy_9.000000, 25986.238273262978, 106.49092584848404, 354709.933044, inf, 199.86934673366835, 400.78249218909485, 50987.265908, 160515.557563, 1.772063, 29239.830045, 113965.099901, 0.407564, 1791, 175.29208374023438, 15790279, 19937262, 148917069, 184644610, 25596.481562137604, 55.23553639650345, 269384.38004300004, inf, 401.75757575757575, 968.1413734616781, 126934.739044, 73502.455921, 0.350057, 11351.767895, 57594.932563, 0.134563, 891, 93.85813903808594, 7835479, 54366103, 69756390, 131957972, 25400.93648803234, 26.328229069709778, 232117.069883, inf, 811.7142857142857, 1523.0066932732439, 166675.716488, 30953.667365, 0.093165, 5921.515455, 28566.044038, 0.033372, 441, 47.00941848754883, 3858079, 72951635, 32799463, 109609177
39774, 39774, 0, 0, opt, 25945.28331106901, 65.53596365451813, 3319094.024707, inf, 199.86934673366835, 400.78249218909485, 50987.265908, 3238865.891068, 1.037686, 29239.830045, 0, 0, 0, 0, 15790279, 19937262, 1409395545, 1445123086, 25568.00087761879, 26.75485187768936, 2657331.433707, inf, 401.75757575757575, 968.1413734616781, 126934.739044, 2519044.654027, 0.272741, 11351.767895, 0, 0, 0, 0, 7835479, 54366103, 1259006315, 1321207897, 25384.507660210133, 9.899401247501373, 2572996.685682, inf, 811.7142857142857, 1523.0066932732439, 166675.716488, 2400399.377736, 0.076003, 5921.515455, 0, 0, 0, 0, 3858079, 72951635, 1203366375, 1280176089
39774, 39774, 0, 0, plus_edge, 25998.681447267532, 118.93409985303879, 111104.789016, inf, 199.86934673366835, 400.78249218909485, 50987.265908, 30876.663614, 1.029449, 29239.830045, 0, 0, 0, 0, 15790279, 19937262, 14918112, 50645653, 25603.360633790493, 62.1146080493927, 151872.525381, inf, 401.75757575757575, 968.1413734616781, 126934.739044, 13585.739318, 0.279124, 11351.767895, 0, 0, 0, 0, 7835479, 54366103, 7007980, 69209562, 25404.441718637943, 29.833459675312042, 179624.75658000002, inf, 811.7142857142857, 1523.0066932732439, 166675.716488, 7027.452362, 0.072275, 5921.515455, 0, 0, 0, 0, 3858079, 72951635, 3361920, 80171634
39774, 39774, 0, 0, simple, 26001.61469823122, 121.86735081672668, 111480.63556099999, inf, 199.86934673366835, 400.78249218909485, 50987.265908, 31252.47368, 1.065928, 29239.830045, 0, 0, 0, 0, 15790279, 19937262, 14878908, 50606449, 25604.281356573105, 63.03533083200455, 151897.70442900003, inf, 401.75757575757575, 968.1413734616781, 126934.739044, 13610.860378, 0.337112, 11351.767895, 0, 0, 0, 0, 7835479, 54366103, 6998376, 69199958, 25404.63930004835, 30.031041085720062, 179092.762834, inf, 811.7142857142857, 1523.0066932732439, 166675.716488, 6495.457804, 0.073087, 5921.515455, 0, 0, 0, 0, 3858079, 72951635, 3359616, 80169330
39774, 39774, 0, 0, dp_1.000000, 25921.696541428566, 118.93866068124771, 111773.442243, inf, 199.86934673366835, 573.3239790378336, 70342.495493, 22370.754631, 1.360591, 18986.933458, 71.88738, 0.01069, 199, 0, 15790279, 36660603, 14469025, 66919907, 25678.935526311398, 59.11977136135101, 124968.82686100001, inf, 401.75757575757575, 968.575086818902, 104648.409283, 11211.260302, 0.365736, 9039.515789, 69.27031, 0.005441, 99, 0, 7835479, 54407682, 7051675, 69294836, 25494.62607949972, 29.375137746334076, 137095.853179, inf, 811.7142857142857, 1454.7959110669588, 126454.918267, 5603.804324, 0.078818, 4966.964996, 70.083338, 0.003436, 49, 0, 3858079, 67975238, 3441343, 75274660
39774, 39774, 0, 0, dp_11.000000, 25894.164373278618, 91.40649253129959, 478406.378964, inf, 199.86934673366835, 573.3239790378336, 70342.495493, 250888.313504, 1.325886, 18986.933458, 137938.488854, 248.821769, 2189, 105.2051010131836, 15790279, 36660603, 238605169, 291056051, 25665.340946555138, 45.525191605091095, 306603.10307199997, inf, 401.75757575757575, 968.575086818902, 104648.409283, 122685.986205, 0.350156, 9039.515789, 70199.500869, 29.34077, 1089, 68.56733703613281, 7835479, 54407682, 117229520, 179472681, 25487.761717140675, 22.51077538728714, 228679.57010799996, inf, 811.7142857142857, 1454.7959110669588, 126454.918267, 62031.524518, 0.090951, 4966.964996, 35222.377108, 3.694268, 539, 40.98716735839844, 3858079, 67975238, 57623140, 129456457
39774, 39774, 0, 0, dp_13.000000, 25892.45510262251, 89.69722187519073, 548934.366809, inf, 199.86934673366835, 573.3239790378336, 70342.495493, 293196.37907, 1.383645, 18986.933458, 166049.02696, 358.148183, 2587, 98.12077331542969, 15790279, 36660603, 283439073, 335889955, 25663.82276469469, 44.007009744644165, 346409.01493299997, inf, 401.75757575757575, 968.575086818902, 104648.409283, 148741.497234, 0.345338, 9039.515789, 83937.852805, 41.394484, 1287, 65.5437240600586, 7835479, 54407682, 139271474, 201514635, 25487.22949063778, 21.978548884391785, 246395.37561699998, inf, 811.7142857142857, 1454.7959110669588, 126454.918267, 72574.755512, 0.093676, 4966.964996, 42393.239513, 5.403653, 637, 39.96183776855469, 3858079, 67975238, 68465762, 140299079
39774, 39774, 0, 0, dp_15.000000, 25889.747762858868, 86.98988211154938, 616257.85023, inf, 199.86934673366835, 573.3239790378336, 70342.495493, 340308.877051, 1.369859, 18986.933458, 186149.5195, 468.654869, 2985, 91.83390045166016, 15790279, 36660603, 328272977, 380723859, 25662.94471359253, 43.12895864248276, 385148.67132799997, inf, 401.75757575757575, 968.575086818902, 104648.409283, 171533.261596, 0.276669, 9039.515789, 99871.111446, 56.096545, 1485, 62.83185958862305, 7835479, 54407682, 161313428, 223556589, 25486.51819616556, 21.267254412174225, 264889.862379, inf, 811.7142857142857, 1454.7959110669588, 126454.918267, 84118.807961, 0.096411, 4966.964996, 49342.212745, 6.861999, 735, 38.948699951171875, 3858079, 67975238, 79308384, 151141701
39774, 39774, 0, 0, dp_17.000000, 25888.858963489532, 86.1010827422142, 696776.426497, inf, 199.86934673366835, 573.3239790378336, 70342.495493, 390822.794774, 1.325285, 18986.933458, 216014.259598, 608.617889, 3383, 85.98058319091797, 15790279, 36660603, 373106881, 425557763, 25662.25026923418, 42.43451428413391, 420120.19459900004, inf, 401.75757575757575, 968.575086818902, 104648.409283, 191953.470566, 0.274325, 9039.515789, 114405.868958, 72.655678, 1683, 60.253238677978516, 7835479, 54407682, 183355382, 245598543, 25486.004853904247, 20.753912150859833, 284551.684694, inf, 811.7142857142857, 1454.7959110669588, 126454.918267, 96517.592315, 0.098465, 4966.964996, 56603.361704, 8.748947, 833, 37.99233627319336, 3858079, 67975238, 90151006, 161984323
39774, 39774, 0, 0, dp_19.000000, 25887.3693934083, 84.61151266098022, 760981.937259, inf, 199.86934673366835, 573.3239790378336, 70342.495493, 428315.685356, 1.300458, 18986.933458, 242547.907252, 787.615242, 3781, 80.42486572265625, 15790279, 36660603, 417940785, 470391667, 25661.49370354414, 41.67794859409332, 454727.79223200004, inf, 401.75757575757575, 968.575086818902, 104648.409283, 214274.324139, 0.336581, 9039.515789, 126673.216916, 91.989524, 1881, 57.83476257324219, 7835479, 54407682, 205397336, 267640497, 25485.6454744339, 20.394532680511475, 307119.26491100003, inf, 811.7142857142857, 1454.7959110669588, 126454.918267, 111806.734666, 0.091531, 4966.964996, 63879.695987, 10.859464, 931, 37.31731414794922, 3858079, 67975238, 100962315, 172795632
39774, 39774, 0, 0, dp_21.000000, 25885.685490965843, 82.92761021852493, 829772.3720290001, inf, 199.86934673366835, 573.3239790378336, 70342.495493, 471825.64273, 1.491457, 18986.933458, 267685.242605, 930.566286, 4179, 75.38352966308594, 15790279, 36660603, 462656195, 515107077, 25660.66469925642, 40.848944306373596, 493864.401081, inf, 401.75757575757575, 968.575086818902, 104648.409283, 238035.39578, 0.331241, 9039.515789, 142027.874075, 112.874913, 2079, 55.67411804199219, 7835479, 54407682, 227375440, 289618601, 25485.28436332941, 20.033421576023102, 323440.437002, inf, 811.7142857142857, 1454.7959110669588, 126454.918267, 121307.962124, 0.093947, 4966.964996, 70696.892876, 13.604792, 1029, 36.521183013916016, 3858079, 67975238, 111804937, 183638254
39774, 39774, 0, 0, dp_23.000000, 25884.00993782282, 81.25205707550049, 903158.2200120001, inf, 199.86934673366835, 573.3239790378336, 70342.495493, 519865.007752, 1.346074, 18986.933458, 292841.314167, 1121.123068, 4577, 70.80976867675781, 15790279, 36660603, 507490099, 559940981, 25660.208980739117, 40.39322578907013, 530879.854574, inf, 401.75757575757575, 968.575086818902, 104648.409283, 261932.693684, 0.33589, 9039.515789, 155122.445716, 136.454212, 2277, 53.657257080078125, 7835479, 54407682, 249417394, 311660555, 25484.684363245964, 19.4334214925766, 340381.600009, inf, 811.7142857142857, 1454.7959110669588, 126454.918267, 131104.282951, 0.091792, 4966.964996, 77839.324767, 16.017236, 1127, 35.831085205078125, 3858079, 67975238, 122647559, 194480876
39774, 39774, 0, 0, dp_25.000000, 25882.8625818491, 80.10470110177994, 971053.700382, inf, 199.86934673366835, 573.3239790378336, 70342.495493, 563619.54438, 1.339882, 18986.933458, 316778.847896, 1324.539273, 4975, 66.70460510253906, 15790279, 36660603, 552190499, 604641381, 25659.486203551292, 39.67044860124588, 568899.483594, inf, 401.75757575757575, 968.575086818902, 104648.409283, 289168.729365, 0.360335, 9039.515789, 165880.712639, 161.756183, 2475, 51.76955795288086, 7835479, 54407682, 271459348, 333702509, 25484.774081885815, 19.523140132427216, 360941.32547700003, inf, 811.7142857142857, 1454.7959110669588, 126454.918267, 144580.686504, 0.09628, 4966.964996, 84919.677203, 18.982227, 1225, 35.22771072387695, 3858079, 67975238, 133490181, 205323498
39774, 39774, 0, 0, dp_27.000000, 25882.176730155945, 79.41884940862656, 1059431.232886, inf, 199.86934673366835, 573.3239790378336, 70342.495493, 623950.952382, 1.328521, 18986.933458, 344602.57073, 1546.952302, 5373, 62.806419372558594, 15790279, 36660603, 597024403, 649475285, 25659.35477489233, 39.53901994228363, 603998.4126070001, inf, 401.75757575757575, 968.575086818902, 104648.409283, 308204.598585, 0.342512, 9039.515789, 181916.395047, 189.151391, 2673, 49.91710662841797, 7835479, 54407682, 293501302, 355744463, 25484.539702415466, 19.288760662078857, 382611.084094, inf, 811.7142857142857, 1454.7959110669588, 126454.918267, 158658.885106, 0.0909, 4966.964996, 92507.953671, 22.271154, 1323, 34.49043273925781, 3858079, 67975238, 144332803, 216166120
39774, 39774, 0, 0, dp_29.000000, 25881.370234191418, 78.61235344409943, 1130566.141855, inf, 199.86934673366835, 573.3239790378336, 70342.495493, 671063.079447, 1.296401, 18986.933458, 368386.022681, 1786.314375, 5771, 59.286746978759766, 15790279, 36660603, 641991811, 694442693, 25658.60015720129, 38.78440225124359, 645321.3170490001, inf, 401.75757575757575, 968.575086818902, 104648.409283, 337380.121218, 0.346019, 9039.515789, 194034.227878, 218.696862, 2871, 48.142356872558594, 7835479, 54407682, 315543256, 377786417, 25484.16185796261, 18.910916209220886, 398921.88960999995, inf, 811.7142857142857, 1454.7959110669588, 126454.918267, 167868.870764, 0.092463, 4966.964996, 99605.312848, 25.730272, 1421, 33.73667907714844, 3858079, 67975238, 155175425, 227008742
39774, 39774, 0, 0, dp_3.000000, 25911.21863603592, 108.46075528860092, 183745.432647, inf, 199.86934673366835, 573.3239790378336, 70342.495493, 65914.60788, 1.494763, 18986.933458, 28487.017382, 12.883671, 597, 153.03170776367188, 15790279, 36660603, 59302929, 111753811, 25675.777288854122, 55.96153390407562, 160506.521751, inf, 401.75757575757575, 968.575086818902, 104648.409283, 32398.973551, 0.36232, 9039.515789, 14417.717734, 1.543074, 297, 86.54150390625, 7835479, 54407682, 29061704, 91304865, 25492.40755993128, 27.156618177890778, 155228.215971, inf, 811.7142857142857, 1454.7959110669588, 126454.918267, 17065.679141, 0.093746, 4966.964996, 6740.344758, 0.215063, 147, 45.87370681762695, 3858079, 67975238, 14252652, 86085969
39774, 39774, 0, 0, dp_31.000000, 25880.376340687275, 77.61845993995667, 1207880.61558, inf, 199.86934673366835, 573.3239790378336, 70342.495493, 717603.531674, 1.281593, 18986.933458, 398903.541911, 2042.831451, 6169, 56.3308219909668, 15790279, 36660603, 686758963, 739209845, 25658.31328845024, 38.49753350019455, 682463.999278, inf, 401.75757575757575, 968.575086818902, 104648.409283, 362561.4865, 0.335229, 9039.515789, 205964.269023, 249.983454, 3069, 46.71229553222656, 7835479, 54407682, 337585210, 399828371, 25483.88677608967, 18.635834336280823, 420276.568425, inf, 811.7142857142857, 1454.7959110669588, 126454.918267, 182121.807528, 0.097001, 4966.964996, 106703.303947, 29.476686, 1519, 33.32478332519531, 3858079, 67975238, 165579665, 237412982
39774, 39774, 0, 0, dp_33.000000, 25879.47345161438, 76.71557086706161, 1282829.1918849999, inf, 199.86934673366835, 573.3239790378336, 70342.495493, 769017.638328, 1.32793, 18986.933458, 422162.569968, 2318.226708, 6567, 53.667179107666016, 15790279, 36660603, 731778113, 784228995, 25657.045848309994, 37.230093359947205, 703328.62031, inf, 401.75757575757575, 968.575086818902, 104648.409283, 366128.80859, 0.337192, 9039.515789, 223227.828481, 283.720975, 3267, 45.30582046508789, 7835479, 54407682, 355061889, 417305050, 25483.422611236572, 18.171669483184814, 439002.409642, inf, 811.7142857142857, 1454.7959110669588, 126454.918267, 194242.946652, 0.09043, 4966.964996, 113303.884409, 33.604888, 1617, 32.624961853027344, 3858079, 67975238, 176860669, 248693986
39774, 39774, 0, 0, dp_35.000000, 25878.757624447346, 75.99974370002747, 1340814.792517, inf, 199.86934673366835, 573.3239790378336, 70342.495493, 797358.610691, 1.302292, 18986.933458, 451517.50583, 2607.944753, 6965, 51.19514846801758, 15790279, 36660603, 776320521, 828771403, 25656.92662024498, 37.11086529493332, 744221.744906, inf, 401.75757575757575, 968.575086818902, 104648.409283, 399298.714614, 0.345809, 9039.515789, 230915.388953, 319.370458, 3465, 44.01903533935547, 7835479, 54407682, 377103843, 439347004, 25483.147529363632, 17.89658761024475, 459309.74316500005, inf, 811.7142857142857, 1454.7959110669588, 126454.918267, 207537.146667, 0.096832, 4966.964996, 120312.67326, 37.943143, 1715, 32.27569580078125, 3858079, 67975238, 187233596, 259066913
39774, 39774, 0, 0, dp_37.000000, 25878.0743547678, 75.31647402048111, 1422565.5583819998, inf, 199.86934673366835, 573.3239790378336, 70342.495493, 856029.054338, 1.32227, 18986.933458, 474289.191646, 2916.561177, 7363, 48.97572708129883, 15790279, 36660603, 821445921, 873896803, 25656.672832369804, 36.85707741975784, 778635.6663080001, inf, 401.75757575757575, 968.575086818902, 104648.409283, 414683.085068, 0.340378, 9039.515789, 249906.372692, 357.943098, 3663, 42.91497039794922, 7835479, 54407682, 399145797, 461388958, 25482.557012856007, 17.30607110261917, 475631.986039, inf, 811.7142857142857, 1454.7959110669588, 126454.918267, 216377.046337, 0.099727, 4966.964996, 127790.591364, 42.365348, 1813, 31.619281768798828, 3858079, 67975238, 198545913, 270379230
39774, 39774, 0, 0, dp_39.000000, 25877.890614032745, 75.1327332854271, 1476382.6974519999, inf, 199.86934673366835, 573.3239790378336, 70342.495493, 890999.120586, 1.286683, 18986.933458, 492811.159842, 3241.70139, 7761, 46.66642761230469, 15790279, 36660603, 865988329, 918439211, 25656.20199304819, 36.38623809814453, 818911.7604649999, inf, 401.75757575757575, 968.575086818902, 104648.409283, 448987.165343, 0.339406, 9039.515789, 255838.77264, 397.558004, 3861, 41.826210021972656, 7835479, 54407682, 421187751, 483430912, 25482.281930983067, 17.030989229679108, 496167.2284259999, inf, 811.7142857142857, 1454.7959110669588, 126454.918267, 230432.389815, 0.091652, 4966.964996, 134265.721079, 47.142617, 1911, 31.291257858276367, 3858079, 67975238, 208918840, 280752157
39774, 39774, 0, 0, dp_5.000000, 25905.739412248135, 102.98153150081635, 254432.408181, inf, 199.86934673366835, 573.3239790378336, 70342.495493, 109563.754179, 1.325125, 18986.933458, 55493.872332, 44.027594, 995, 135.75405883789062, 15790279, 36660603, 104136833, 156587715, 25671.982264459133, 52.16650950908661, 197917.46805599998, inf, 401.75757575757575, 968.575086818902, 104648.409283, 55869.3227, 0.343554, 9039.515789, 28354.498495, 5.378235, 495, 80.56562042236328, 7835479, 54407682, 51103658, 113346819, 25489.7503349185, 24.49939316511154, 174518.17957200002, inf, 811.7142857142857, 1454.7959110669588, 126454.918267, 29316.850299, 0.090881, 4966.964996, 13778.686845, 0.668284, 245, 44.439697265625, 3858079, 67975238, 25063961, 96897278
39774, 39774, 0, 0, dp_7.000000, 25902.17648345232, 99.41860270500183, 330719.589173, inf, 199.86934673366835, 573.3239790378336, 70342.495493, 157733.533532, 1.310457, 18986.933458, 83553.241558, 102.074675, 1393, 123.1572265625, 15790279, 36660603, 148970737, 201421619, 25669.157151818275, 49.34139686822891, 234245.868109, inf, 401.75757575757575, 968.575086818902, 104648.409283, 78137.390924, 0.354074, 9039.515789, 42408.891777, 11.306262, 693, 76.01253509521484, 7835479, 54407682, 73145612, 135388773, 25489.379664480686, 24.128722727298737, 192270.77095099998, inf, 811.7142857142857, 1454.7959110669588, 126454.918267, 39966.914894, 0.081282, 4966.964996, 20880.311248, 1.580264, 343, 43.13964080810547, 3858079, 67975238, 35937896, 107771213
39774, 39774, 0, 0, dp_9.000000, 25897.805340647697, 95.04745990037918, 404238.424146, inf, 199.86934673366835, 573.3239790378336, 70342.495493, 203281.016051, 1.569033, 18986.933458, 111463.703858, 162.706253, 1791, 113.56681823730469, 15790279, 36660603, 193771265, 246222147, 25667.199904441833, 47.38414949178696, 271337.657693, inf, 401.75757575757575, 968.575086818902, 104648.409283, 101084.68197, 0.356539, 9039.515789, 56545.369104, 19.325008, 891, 72.049072265625, 7835479, 54407682, 95187566, 157430727, 25488.307550430298, 23.0566086769104, 209810.403032, inf, 811.7142857142857, 1454.7959110669588, 126454.918267, 50155.31973, 0.091241, 4966.964996, 28230.662441, 2.446357, 441, 42.029170989990234, 3858079, 67975238, 46780518, 118613835
39774, 39774, 0, 0, fixed_reps_1, 25921.696541428566, 118.93866068124771, 111408.985418, inf, 199.86934673366835, 573.3239790378336, 70342.495493, 22003.386594, 1.31716, 18986.933458, 74.852713, 0, 199, 195.76760864257812, 15790279, 36660603, 14469025, 66919907, 25678.935526311398, 59.11977136135101, 124979.115074, inf, 401.75757575757575, 968.575086818902, 104648.409283, 11216.51282, 0.296075, 9039.515789, 74.381107, 0, 99, 97.82380676269531, 7835479, 54407682, 7051675, 69294836, 25494.62607949972, 29.375137746334076, 137115.604016, inf, 811.7142857142857, 1454.7959110669588, 126454.918267, 5617.725308, 0.08003, 4966.964996, 75.915415, 0, 49, 48.4415168762207, 3858079, 67975238, 3441343, 75274660
39774, 39774, 0, 0, fixed_reps_11, 25901.392052590847, 98.63417184352875, 360395.167886, inf, 199.86934673366835, 573.3239790378336, 70342.495493, 270211.322128, 1.360642, 18986.933458, 853.056165, 0, 2189, 153.43093872070312, 15790279, 36660603, 159157285, 211608167, 25666.635475814342, 46.81972086429596, 259015.956106, inf, 401.75757575757575, 968.575086818902, 104648.409283, 144499.935877, 0.340639, 9039.515789, 827.754518, 0, 1089, 88.28662109375, 7835479, 54407682, 77567435, 139810596, 25489.180646419525, 23.929704666137695, 209000.111875, inf, 811.7142857142857, 1454.7959110669588, 126454.918267, 76725.368715, 0.087254, 4966.964996, 852.772643, 0, 539, 45.813697814941406, 3858079, 67975238, 37854283, 109687600
39774, 39774, 0, 0, fixed_reps_13, 25899.05640798807, 96.29852724075317, 407290.34695200005, inf, 199.86934673366835, 573.3239790378336, 70342.495493, 316949.838173, 1.758067, 18986.933458, 1009.321761, 0, 2587, 149.8152618408203, 15790279, 36660603, 188094937, 240545819, 25665.738489449024, 45.92273449897766, 284490.17851399997, inf, 401.75757575757575, 968.575086818902, 104648.409283, 169850.910448, 0.329598, 9039.515789, 951.013396, 0, 1287, 87.2453842163086, 7835479, 54407682, 91670587, 153913748, 25488.289276838303, 23.03833508491516, 221904.506697, inf, 811.7142857142857, 1454.7959110669588, 126454.918267, 89491.862016, 0.088456, 4966.964996, 990.672962, 0, 637, 45.593624114990234, 3858079, 67975238, 44736871, 116570188
39774, 39774, 0, 0, fixed_reps_15, 25897.268781900406, 94.51090115308762, 462171.34501499997, inf, 199.86934673366835, 573.3239790378336, 70342.495493, 371690.802905, 1.32778, 18986.933458, 1149.785379, 0, 2985, 144.9548797607422, 15790279, 36660603, 217032589, 269483471, 25664.983358502388, 45.16760355234146, 309385.042825, inf, 401.75757575757575, 968.575086818902, 104648.409283, 194590.823797, 0.3522, 9039.515789, 1105.941756, 0, 1485, 85.79376220703125, 7835479, 54407682, 105773739, 168016900, 25487.43191188574, 22.18097013235092, 234516.254415, inf, 811.7142857142857, 1454.7959110669588, 126454.918267, 101967.464327, 0.097673, 4966.964996, 1126.809152, 0, 735, 45.370399475097656, 3858079, 67975238, 51619459, 123452776
39774, 39774, 0, 0, fixed_reps_17, 25894.81918823719, 92.06130748987198, 506983.056641, inf, 199.86934673366835, 573.3239790378336, 70342.495493, 416326.078293, 1.343219, 18986.933458, 1326.206178, 0, 3383, 140.32814025878906, 15790279, 36660603, 245970241, 298421123, 25664.762039899826, 44.94628494977951, 334198.751077, inf, 401.75757575757575, 968.575086818902, 104648.409283, 219254.910948, 0.353192, 9039.515789, 1255.561865, 0, 1683, 84.47782135009766, 7835479, 54407682, 119876891, 182120052, 25487.1284006238, 21.87745887041092, 247490.64731499998, inf, 811.7142857142857, 1454.7959110669588, 126454.918267, 114805.332782, 0.087684, 4966.964996, 1263.343586, 0, 833, 45.13256072998047, 3858079, 67975238, 58502047, 130335364
39774, 39774, 0, 0, fixed_reps_19, 25893.628578662872, 90.87069791555405, 552690.8430700001, inf, 199.86934673366835, 573.3239790378336, 70342.495493, 461886.411564, 1.506165, 18986.933458, 1473.49639, 0, 3781, 135.89334106445312, 15790279, 36660603, 274907893, 327358775, 25664.254573702812, 44.438818752765656, 359293.90318799997, inf, 401.75757575757575, 968.575086818902, 104648.409283, 244212.236017, 0.355076, 9039.515789, 1393.387023, 0, 1881, 83.05389404296875, 7835479, 54407682, 133980043, 196223204, 25487.1284006238, 21.87745887041092, 259672.80842199997, inf, 811.7142857142857, 1454.7959110669588, 126454.918267, 126856.413735, 0.087374, 4966.964996, 1394.42405, 0, 931, 44.891475677490234, 3858079, 67975238, 65384635, 137217952
39774, 39774, 0, 0, fixed_reps_21, 25892.54134696722, 89.78346621990204, 598171.7903339999, inf, 199.86934673366835, 573.3239790378336, 70342.495493, 507212.155433, 1.315567, 18986.933458, 1628.890383, 0, 4179, 129.84014892578125, 15790279, 36660603, 303845545, 356296427, 25663.7004429698, 43.8846880197525, 382974.176469, inf, 401.75757575757575, 968.575086818902, 104648.409283, 267762.146103, 0.331131, 9039.515789, 1523.774163, 0, 2079, 82.44255065917969, 7835479, 54407682, 148083195, 210326356, 25486.84410572052, 21.59316396713257, 272236.27212999994, inf, 811.7142857142857, 1454.7959110669588, 126454.918267, 139267.157777, 0.087634, 4966.964996, 1547.143456, 0, 1029, 44.70710754394531, 3858079, 67975238, 72267223, 144100540
39774, 39774, 0, 0, fixed_reps_23, 25891.46284532547, 88.7049645781517, 643341.7652499999, inf, 199.86934673366835, 573.3239790378336, 70342.495493, 552228.345265, 1.558503, 18986.933458, 1782.432531, 0, 4577, 125.88685607910156, 15790279, 36660603, 332783197, 385234079, 25663.53008019924, 43.7143252491951, 401683.095154, inf, 401.75757575757575, 968.575086818902, 104648.409283, 286379.640416, 0.352341, 9039.515789, 1615.177325, 0, 2277, 81.15550994873047, 7835479, 54407682, 162186347, 224429508, 25486.501266479492, 21.250324726104736, 284564.185492, inf, 811.7142857142857, 1454.7959110669588, 126454.918267, 151471.804878, 0.070943, 4966.964996, 1670.426408, 0, 1127, 44.52128219604492, 3858079, 67975238, 79149811, 150983128
39774, 39774, 0, 0, fixed_reps_25, 25890.897341310978, 88.13946056365967, 682583.345748, inf, 199.86934673366835, 573.3239790378336, 70342.495493, 591331.39643, 1.370129, 18986.933458, 1921.150238, 0, 4975, 121.55321502685547, 15790279, 36660603, 361720849, 414171731, 25662.841227412224, 43.02547246217728, 430487.078539, inf, 401.75757575757575, 968.575086818902, 104648.409283, 315055.143243, 0.339867, 9039.515789, 1743.670357, 0, 2475, 79.0295181274414, 7835479, 54407682, 176289499, 238532660, 25486.374282300472, 21.12334054708481, 296590.334882, inf, 811.7142857142857, 1454.7959110669588, 126454.918267, 163373.392871, 0.088827, 4966.964996, 1794.969921, 0, 1225, 44.339202880859375, 3858079, 67975238, 86032399, 157865716
39774, 39774, 0, 0, fixed_reps_27, 25890.033854186535, 87.27597343921661, 719598.587564, inf, 199.86934673366835, 573.3239790378336, 70342.495493, 628205.733555, 1.312151, 18986.933458, 2062.112907, 0, 5373, 118.11437225341797, 15790279, 36660603, 390658501, 443109383, 25662.651096582413, 42.83534163236618, 450745.42063799995, inf, 401.75757575757575, 968.575086818902, 104648.409283, 335151.465483, 0.340058, 9039.515789, 1905.690025, 0, 2673, 78.38262176513672, 7835479, 54407682, 190392651, 252635812, 25486.328827798367, 21.077886044979095, 308826.464932, inf, 811.7142857142857, 1454.7959110669588, 126454.918267, 175479.814019, 0.088315, 4966.964996, 1924.679335, 0, 1323, 44.129024505615234, 3858079, 67975238, 92914987, 164748304
39774, 39774, 0, 0, fixed_reps_29, 25888.99811077118, 86.24023002386093, 764514.746693, inf, 199.86934673366835, 573.3239790378336, 70342.495493, 672997.154886, 1.353629, 18986.933458, 2186.809227, 0, 5771, 115.46568298339844, 15790279, 36660603, 419596153, 472047035, 25662.105209112167, 42.28945416212082, 478267.7391199999, inf, 401.75757575757575, 968.575086818902, 104648.409283, 362514.88128, 0.332173, 9039.515789, 2064.600595, 0, 2871, 77.32756805419922, 7835479, 54407682, 204495803, 266738964, 25485.88856804371, 20.63762629032135, 321769.594051, inf, 811.7142857142857, 1454.7959110669588, 126454.918267, 188279.932393, 0.087534, 4966.964996, 2067.690861, 0, 1421, 43.88719940185547, 3858079, 67975238, 99797575, 171630892
39774, 39774, 0, 0, fixed_reps_3, 25913.072538793087, 110.31465804576874, 161659.290181, inf, 199.86934673366835, 573.3239790378336, 70342.495493, 72113.798402, 1.354781, 18986.933458, 214.708047, 0, 597, 179.72377014160156, 15790279, 36660603, 43406677, 95857559, 25673.100156068802, 53.28440111875534, 151412.910779, inf, 401.75757575757575, 968.575086818902, 104648.409283, 37489.173717, 0.356659, 9039.515789, 235.455331, 0, 297, 94.93931579589844, 7835479, 54407682, 21154827, 83397988, 25491.249948740005, 25.999006986618042, 151062.641009, inf, 811.7142857142857, 1454.7959110669588, 126454.918267, 19398.951689, 0.092003, 4966.964996, 241.714054, 0, 147, 47.53862762451172, 3858079, 67975238, 10323931, 82157248
39774, 39774, 0, 0, fixed_reps_31, 25887.91260021925, 85.15471947193146, 813199.08981, inf, 199.86934673366835, 573.3239790378336, 70342.495493, 721539.728662, 1.547402, 18986.933458, 2328.384795, 0, 6169, 111.5135498046875, 15790279, 36660603, 448533805, 500984687, 25661.320199668407, 41.5044447183609, 505145.94342900004, inf, 401.75757575757575, 968.575086818902, 104648.409283, 389232.368221, 0.339106, 9039.515789, 2225.31103, 0, 3069, 74.98078918457031, 7835479, 54407682, 218598955, 280842116, 25485.49787545204, 20.246933698654175, 333033.675744, inf, 811.7142857142857, 1454.7959110669588, 126454.918267, 199419.753883, 0.086913, 4966.964996, 2191.951685, 0, 1519, 42.99431610107422, 3858079, 67975238, 106680163, 178513480
39774, 39774, 0, 0, fixed_reps_33, 25887.382713377476, 84.62483263015747, 860676.501391, inf, 199.86934673366835, 573.3239790378336, 70342.495493, 768793.540838, 1.331196, 18986.933458, 2552.200406, 0, 6567, 108.11013793945312, 15790279, 36660603, 477471457, 529922339, 25661.012407124043, 41.19665217399597, 528341.8273649999, inf, 401.75757575757575, 968.575086818902, 104648.409283, 412289.536752, 0.351529, 9039.515789, 2364.014012, 0, 3267, 72.58831787109375, 7835479, 54407682, 232702107, 294945268, 25485.259780168533, 20.008838415145874, 345195.94432300003, inf, 811.7142857142857, 1454.7959110669588, 126454.918267, 211457.33675, 0.08548, 4966.964996, 2316.63883, 0, 1617, 42.81571960449219, 3858079, 67975238, 113562751, 185396068
39774, 39774, 0, 0, fixed_reps_35, 25887.13487792015, 84.37699717283249, 893957.507809, inf, 199.86934673366835, 573.3239790378336, 70342.495493, 801987.062852, 1.498069, 18986.933458, 2639.517937, 0, 6965, 105.76893615722656, 15790279, 36660603, 506409109, 558859991, 25660.78243434429, 40.96667939424515, 549738.884856, inf, 401.75757575757575, 968.575086818902, 104648.409283, 433556.773836, 0.338976, 9039.515789, 2493.846972, 0, 3465, 72.10372161865234, 7835479, 54407682, 246805259, 309048420, 25484.709797739983, 19.458855986595154, 357295.81794700003, inf, 811.7142857142857, 1454.7959110669588, 126454.918267, 223428.653908, 0.085831, 4966.964996, 2445.194945, 0, 1715, 42.637237548828125, 3858079, 67975238, 120445339, 192278656
39774, 39774, 0, 0, fixed_reps_37, 25886.183273673058, 83.42539292573929, 944124.945203, inf, 199.86934673366835, 573.3239790378336, 70342.495493, 851992.29071, 1.390337, 18986.933458, 2801.835205, 0, 7363, 103.68354034423828, 15790279, 36660603, 535346761, 587797643, 25660.646323263645, 40.83056831359863, 573331.6290510001, inf, 401.75757575757575, 968.575086818902, 104648.409283, 457019.909409, 0.325931, 9039.515789, 2623.468639, 0, 3663, 71.36869049072266, 7835479, 54407682, 260908411, 323151572, 25484.462123394012, 19.211181640625, 369024.67737, inf, 811.7142857142857, 1454.7959110669588, 126454.918267, 235033.761555, 0.086753, 4966.964996, 2568.945799, 0, 1813, 42.539825439453125, 3858079, 67975238, 127327927, 199161244
39774, 39774, 0, 0, fixed_reps_39, 25885.941426694393, 83.18354594707489, 991972.1793630001, inf, 199.86934673366835, 573.3239790378336, 70342.495493, 899694.60589, 1.571527, 18986.933458, 2946.572995, 0, 7761, 102.58206176757812, 15790279, 36660603, 564284413, 616735295, 25660.121323287487, 40.30556833744049, 594704.9041180001, inf, 401.75757575757575, 968.575086818902, 104648.409283, 478263.494913, 0.343925, 9039.515789, 2753.140208, 0, 3861, 69.62594604492188, 7835479, 54407682, 275011563, 337254724, 25484.38947379589, 19.138532042503357, 380881.32518900005, inf, 811.7142857142857, 1454.7959110669588, 126454.918267, 246758.691832, 0.06945, 4966.964996, 2700.680644, 0, 1911, 42.303951263427734, 3858079, 67975238, 134210515, 206043832
39774, 39774, 0, 0, fixed_reps_41, 25884.98007118702, 82.22219043970108, 1023181.3660329999, inf, 199.86934673366835, 573.3239790378336, 70342.495493, 930761.612624, 1.35988, 18986.933458, 3088.964578, 0, 8159, 100.70620727539062, 15790279, 36660603, 593222065, 645672947, 25659.74289613962, 39.927141189575195, 619188.341284, inf, 401.75757575757575, 968.575086818902, 104648.409283, 502650.197376, 0.338585, 9039.515789, 2849.880251, 0, 4059, 68.7758560180664, 7835479, 54407682, 289114715, 351357876, 25484.227251529694, 18.976309776306152, 393297.51677, inf, 811.7142857142857, 1454.7959110669588, 126454.918267, 259049.338181, 0.086893, 4966.964996, 2826.208433, 0, 2009, 42.12831497192383, 3858079, 67975238, 141093103, 212926420
39774, 39774, 0, 0, fixed_reps_5, 25908.79131269455, 106.03343194723129, 215236.312174, inf, 199.86934673366835, 573.3239790378336, 70342.495493, 125520.950243, 1.396289, 18986.933458, 384.536691, 0, 995, 172.33457946777344, 15790279, 36660603, 72344329, 124795211, 25671.26690942049, 51.451154470443726, 180200.983375, inf, 401.75757575757575, 968.575086818902, 104648.409283, 66129.717522, 0.344836, 9039.515789, 382.995945, 0, 495, 91.648681640625, 7835479, 54407682, 35257979, 97501140, 25490.802306354046, 25.551364600658417, 166069.41823, inf, 811.7142857142857, 1454.7959110669588, 126454.918267, 34244.807696, 0.080531, 4966.964996, 402.64674, 0, 245, 46.84605407714844, 3858079, 67975238, 17206519, 89039836
39774, 39774, 0, 0, fixed_reps_7, 25906.274201452732, 103.51632070541382, 264199.67684499995, inf, 199.86934673366835, 573.3239790378336, 70342.495493, 174325.768807, 1.369097, 18986.933458, 543.10999, 0, 1393, 166.10000610351562, 15790279, 36660603, 101281981, 153732863, 25669.189815461636, 49.37406051158905, 207922.746574, inf, 401.75757575757575, 968.575086818902, 104648.409283, 93700.40666, 0.339577, 9039.515789, 534.075265, 0, 693, 89.93533325195312, 7835479, 54407682, 49361131, 111604292, 25490.275376975536, 25.024435222148895, 181372.405786, inf, 811.7142857142857, 1454.7959110669588, 126454.918267, 49387.790292, 0.092414, 4966.964996, 562.639817, 0, 343, 46.39606857299805, 3858079, 67975238, 24089107, 95922424
39774, 39774, 0, 0, fixed_reps_9, 25903.068053662777, 100.31017291545868, 312006.36422, inf, 199.86934673366835, 573.3239790378336, 70342.495493, 221984.319949, 1.538113, 18986.933458, 691.077207, 0, 1791, 159.9268798828125, 15790279, 36660603, 130219633, 182670515, 25667.797123908997, 47.98136895895004, 233927.404836, inf, 401.75757575757575, 968.575086818902, 104648.409283, 119557.818837, 0.350257, 9039.515789, 681.31067, 0, 891, 89.0866928100586, 7835479, 54407682, 63464283, 125707444, 25489.658424258232, 24.407482504844666, 195591.542246, inf, 811.7142857142857, 1454.7959110669588, 126454.918267, 63460.165485, 0.077887, 4966.964996, 709.415611, 0, 441, 46.09878158569336, 3858079, 67975238, 30971695, 102805012
39774, 39774, 0, 0, greedy_1.000000, 25921.696541428566, 118.93866068124771, 111730.83398399998, inf, 199.86934673366835, 573.3239790378336, 70342.495493, 22328.191817, 1.316419, 18986.933458, 71.88738, 0.009417, 199, 195.76760864257812, 15790279, 36660603, 14469025, 66919907, 25678.935526311398, 59.11977136135101, 124951.89617100001, inf, 401.75757575757575, 968.575086818902, 104648.409283, 11194.36569, 0.330921, 9039.515789, 69.27031, 0.004178, 99, 97.82380676269531, 7835479, 54407682, 7051675, 69294836, 25494.62607949972, 29.375137746334076, 137096.69543899997, inf, 811.7142857142857, 1454.7959110669588, 126454.918267, 5604.646273, 0.080441, 4966.964996, 70.083338, 0.002124, 49, 48.4415168762207, 3858079, 67975238, 3441343, 75274660
39774, 39774, 0, 0, greedy_11.000000, 25908.070053994656, 105.31217324733734, 411783.175268, inf, 199.86934673366835, 573.3239790378336, 70342.495493, 184513.289663, 1.427607, 18986.933458, 137938.488854, 0.540193, 2189, 173.03884887695312, 15790279, 36660603, 178249459, 230700341, 25672.70683157444, 52.89107662439346, 270226.38628, inf, 401.75757575757575, 968.575086818902, 104648.409283, 86338.456184, 0.361267, 9039.515789, 70199.500869, 0.142888, 1089, 94.39274597167969, 7835479, 54407682, 85426846, 147670007, 25491.114805459976, 25.863863706588745, 208041.136588, inf, 811.7142857142857, 1454.7959110669588, 126454.918267, 41396.736855, 0.094618, 4966.964996, 35222.377108, 0.044744, 539, 47.54454803466797, 3858079, 67975238, 41883087, 113716404
39774, 39774, 0, 0, greedy_13.000000, 25906.981840789318, 104.22396004199982, 463078.721201, inf, 199.86934673366835, 573.3239790378336, 70342.495493, 207698.272523, 1.382392, 18986.933458, 166049.02696, 0.610375, 2587, 173.02413940429688, 15790279, 36660603, 207363159, 259814041, 25672.318201184273, 52.50244623422623, 298113.050731, inf, 401.75757575757575, 968.575086818902, 104648.409283, 100486.743691, 0.365906, 9039.515789, 83937.852805, 0.163257, 1287, 94.37997436523438, 7835479, 54407682, 99623248, 161866409, 25490.661532521248, 25.410590767860413, 220839.988747, inf, 811.7142857142857, 1454.7959110669588, 126454.918267, 47024.727302, 0.094567, 4966.964996, 42393.239513, 0.044102, 637, 47.53411102294922, 3858079, 67975238, 48849613, 120682930
39774, 39774, 0, 0, greedy_15.000000, 25906.31196898222, 103.55408823490143, 504098.9398, inf, 199.86934673366835, 573.3239790378336, 70342.495493, 228617.955892, 1.330465, 18986.933458, 186149.5195, 0.704992, 2985, 173.00140380859375, 15790279, 36660603, 236476859, 288927741, 25671.698528647423, 51.88277369737625, 326913.79242, inf, 401.75757575757575, 968.575086818902, 104648.409283, 113354.215728, 0.350788, 9039.515789, 99871.111446, 0.189386, 1485, 94.36515808105469, 7835479, 54407682, 113819650, 176062811, 25490.495518624783, 25.24457687139511, 233789.179028, inf, 811.7142857142857, 1454.7959110669588, 126454.918267, 53024.940913, 0.092784, 4966.964996, 49342.212745, 0.049323, 735, 47.521690368652344, 3858079, 67975238, 55816139, 127649456
39774, 39774, 0, 0, greedy_17.000000, 25905.565910220146, 102.80802947282791, 562165.994426, inf, 199.86934673366835, 573.3239790378336, 70342.495493, 256820.189628, 1.328021, 18986.933458, 216014.259598, 0.788228, 3383, 172.98841857910156, 15790279, 36660603, 265590559, 318041441, 25671.086727321148, 51.27097237110138, 353510.21551099996, inf, 401.75757575757575, 968.575086818902, 104648.409283, 125415.848987, 0.351399, 9039.515789, 114405.868958, 0.221095, 1683, 94.35826110839844, 7835479, 54407682, 128016052, 190259213, 25490.102931141853, 24.85198938846588, 246364.964283, inf, 811.7142857142857, 1454.7959110669588, 126454.918267, 58339.559436, 0.102983, 4966.964996, 56603.361704, 0.056897, 833, 47.51639938354492, 3858079, 67975238, 62782665, 134615982
39774, 39774, 0, 0, greedy_19.000000, 25904.880977392197, 102.12309664487839, 608938.53603, inf, 199.86934673366835, 573.3239790378336, 70342.495493, 277058.763298, 1.288897, 18986.933458, 242547.907252, 1.147632, 3781, 172.96644592285156, 15790279, 36660603, 294704259, 347155141, 25670.880335628986, 51.06458067893982, 378064.426473, inf, 401.75757575757575, 968.575086818902, 104648.409283, 137702.69513, 0.35191, 9039.515789, 126673.216916, 0.237445, 1881, 94.34776306152344, 7835479, 54407682, 142212454, 204455615, 25489.71854954958, 24.46760779619217, 259874.51009599998, inf, 811.7142857142857, 1454.7959110669588, 126454.918267, 64572.774372, 0.09599, 4966.964996, 63879.695987, 0.060484, 931, 47.508296966552734, 3858079, 67975238, 69749191, 141582508
39774, 39774, 0, 0, greedy_21.000000, 25903.855581879616, 101.09770113229752, 659678.205604, inf, 199.86934673366835, 573.3239790378336, 70342.495493, 302661.152903, 1.363407, 18986.933458, 267685.242605, 1.017738, 4179, 172.94081115722656, 15790279, 36660603, 323817959, 376268841, 25670.880335628986, 51.06458067893982, 405836.08366500004, inf, 401.75757575757575, 968.575086818902, 104648.409283, 150119.665838, 0.359865, 9039.515789, 142027.874075, 0.258815, 2079, 94.34294128417969, 7835479, 54407682, 156408856, 218652017, 25489.58997809887, 24.339036345481873, 273045.93101, inf, 811.7142857142857, 1454.7959110669588, 126454.918267, 70926.992186, 0.095699, 4966.964996, 70696.892876, 0.066986, 1029, 47.49787902832031, 3858079, 67975238, 76715717, 148549034
39774, 39774, 0, 0, greedy_23.000000, 25903.04752111435, 100.2896403670311, 708788.874025, inf, 199.86934673366835, 573.3239790378336, 70342.495493, 326615.690259, 1.36482, 18986.933458, 292841.314167, 1.075828, 4577, 172.92120361328125, 15790279, 36660603, 352931659, 405382541, 25670.781434595585, 50.96567964553833, 431269.876149, inf, 401.75757575757575, 968.575086818902, 104648.409283, 162458.818784, 0.354374, 9039.515789, 155122.445716, 0.332203, 2277, 94.32986450195312, 7835479, 54407682, 170605258, 232848419, 25489.29013043642, 24.03918868303299, 285645.253124, inf, 811.7142857142857, 1454.7959110669588, 126454.918267, 76383.8773, 0.095609, 4966.964996, 77839.324767, 0.072185, 1127, 47.49787902832031, 3858079, 67975238, 83682243, 155515560
39774, 39774, 0, 0, greedy_25.000000, 25900.928738236427, 98.17085748910904, 754282.259245, inf, 199.86934673366835, 573.3239790378336, 70342.495493, 348171.264061, 1.536461, 18986.933458, 316778.847896, 1.181876, 4975, 172.89913940429688, 15790279, 36660603, 382045359, 434496241, 25670.489064455032, 50.67330950498581, 453500.578751, inf, 401.75757575757575, 968.575086818902, 104648.409283, 173931.276344, 0.352862, 9039.515789, 165880.712639, 0.311834, 2475, 94.32516479492188, 7835479, 54407682, 184801660, 247044821, 25489.24846380949, 23.997522056102753, 298561.867555, inf, 811.7142857142857, 1454.7959110669588, 126454.918267, 82220.134545, 0.097884, 4966.964996, 84919.677203, 0.07466, 1225, 47.49063491821289, 3858079, 67975238, 90648769, 162482086
39774, 39774, 0, 0, greedy_27.000000, 25900.03884291649, 97.28096216917038, 804368.5157009999, inf, 199.86934673366835, 573.3239790378336, 70342.495493, 370433.643683, 1.377133, 18986.933458, 344602.57073, 1.495204, 5373, 172.8623809814453, 15790279, 36660603, 411159059, 463609941, 25669.44190824032, 49.62615329027176, 481846.702862, inf, 401.75757575757575, 968.575086818902, 104648.409283, 186241.670648, 0.353964, 9039.515789, 181916.395047, 0.358131, 2673, 94.31515502929688, 7835479, 54407682, 198998062, 261241223, 25488.876693487167, 23.625751733779907, 312213.34754, inf, 811.7142857142857, 1454.7959110669588, 126454.918267, 88283.325169, 0.094547, 4966.964996, 92507.953671, 0.09089, 1323, 47.482730865478516, 3858079, 67975238, 97615295, 169448612
39774, 39774, 0, 0, greedy_29.000000, 25898.9087485075, 96.15086776018143, 850605.043602, inf, 199.86934673366835, 573.3239790378336, 70342.495493, 392886.901618, 1.311489, 18986.933458, 368386.022681, 1.378863, 5771, 172.82969665527344, 15790279, 36660603, 440272759, 492723641, 25669.20263648033, 49.38688153028488, 505900.68104600004, inf, 401.75757575757575, 968.575086818902, 104648.409283, 198177.80527, 0.351539, 9039.515789, 194034.227878, 0.371287, 2871, 94.30590057373047, 7835479, 54407682, 213194464, 275437625, 25488.60432755947, 23.35338580608368, 325504.93933799997, inf, 811.7142857142857, 1454.7959110669588, 126454.918267, 94477.557659, 0.091822, 4966.964996, 99605.312848, 0.093746, 1421, 47.477046966552734, 3858079, 67975238, 104581821, 176415138
39774, 39774, 0, 0, greedy_3.000000, 25914.312745153904, 111.5548644065857, 190680.22887, inf, 199.86934673366835, 573.3239790378336, 70342.495493, 72862.108127, 1.531773, 18986.933458, 28487.017382, 0.142637, 597, 173.62156677246094, 15790279, 36660603, 59102673, 111553555, 25674.618883490562, 54.8031285405159, 167414.198286, inf, 401.75757575757575, 968.575086818902, 104648.409283, 39308.217827, 0.301155, 9039.515789, 14417.717734, 0.036498, 297, 94.56515502929688, 7835479, 54407682, 28641238, 90884399, 25492.387256205082, 27.13631445169449, 159151.69339799997, inf, 811.7142857142857, 1454.7959110669588, 126454.918267, 20989.359388, 0.081804, 4966.964996, 6740.344758, 0.024185, 147, 47.664546966552734, 3858079, 67975238, 14016983, 85850300
39774, 39774, 0, 0, greedy_31.000000, 25896.885985136032, 94.12810438871384, 901853.5622599999, inf, 199.86934673366835, 573.3239790378336, 70342.495493, 413617.540989, 1.554084, 18986.933458, 398903.541911, 1.496325, 6169, 172.77413940429688, 15790279, 36660603, 469386459, 521837341, 25669.119083821774, 49.30332887172699, 530011.950819, inf, 401.75757575757575, 968.575086818902, 104648.409283, 210359.020293, 0.351409, 9039.515789, 205964.269023, 0.385022, 3069, 94.29849243164062, 7835479, 54407682, 227390866, 289634027, 25488.517789125443, 23.266847372055054, 338331.802092, inf, 811.7142857142857, 1454.7959110669588, 126454.918267, 100206.415097, 0.093015, 4966.964996, 106703.303947, 0.10677, 1519, 47.47407150268555, 3858079, 67975238, 111548347, 183381664
39774, 39774, 0, 0, greedy_33.000000, 25895.11695945263, 92.35907870531082, 942722.7071359999, inf, 199.86934673366835, 573.3239790378336, 70342.495493, 431227.80872, 1.383855, 18986.933458, 422162.569968, 1.515642, 6567, 172.67413330078125, 15790279, 36660603, 498500159, 550951041, 25668.99390345812, 49.1781485080719, 557124.7795480001, inf, 401.75757575757575, 968.575086818902, 104648.409283, 220208.26103, 0.357761, 9039.515789, 223227.828481, 0.407204, 3267, 94.29243469238281, 7835479, 54407682, 241587268, 303830429, 25488.260140657425, 23.009198904037476, 351258.69377699995, inf, 811.7142857142857, 1454.7959110669588, 126454.918267, 106532.730317, 0.092524, 4966.964996, 113303.884409, 0.103264, 1617, 47.46455001831055, 3858079, 67975238, 118514873, 190348190
39774, 39774, 0, 0, greedy_35.000000, 25893.5977293849, 90.83984863758087, 993642.4020250001, inf, 199.86934673366835, 573.3239790378336, 70342.495493, 452792.162797, 1.548824, 18986.933458, 451517.50583, 1.755623, 6965, 172.27413940429688, 15790279, 36660603, 527613859, 580064741, 25668.77611631155, 48.9603613615036, 577543.1671949999, inf, 401.75757575757575, 968.575086818902, 104648.409283, 232939.129734, 0.280616, 9039.515789, 230915.388953, 0.44282, 3465, 94.28515625, 7835479, 54407682, 255783670, 318026831, 25488.16901510954, 22.91807335615158, 363686.092279, inf, 811.7142857142857, 1454.7959110669588, 126454.918267, 111951.327696, 0.094016, 4966.964996, 120312.67326, 0.114044, 1715, 47.46455001831055, 3858079, 67975238, 125481399, 197314716
39774, 39774, 0, 0, greedy_37.000000, 25893.5977293849, 90.83984863758087, 1032531.539532, inf, 199.86934673366835, 573.3239790378336, 70342.495493, 468909.813592, 1.372032, 18986.933458, 474289.191646, 1.733311, 7363, 172.27413940429688, 15790279, 36660603, 556727559, 609178441, 25668.591439843178, 48.775684893131256, 608078.505646, inf, 401.75757575757575, 968.575086818902, 104648.409283, 244483.383426, 0.35176, 9039.515789, 249906.372692, 0.472696, 3663, 94.27944946289062, 7835479, 54407682, 269980072, 332223233, 25488.030919969082, 22.779978215694427, 375917.111982, inf, 811.7142857142857, 1454.7959110669588, 126454.918267, 116704.426419, 0.095249, 4966.964996, 127790.591364, 0.115687, 1813, 47.45866775512695, 3858079, 67975238, 132447925, 204281242
39774, 39774, 0, 0, greedy_39.000000, 25893.5977293849, 90.83984863758087, 1062271.995403, inf, 199.86934673366835, 573.3239790378336, 70342.495493, 480128.182214, 1.334492, 18986.933458, 492811.159842, 1.889904, 7761, 172.27413940429688, 15790279, 36660603, 585841259, 638292141, 25668.541043043137, 48.72528809309006, 625138.909712, inf, 401.75757575757575, 968.575086818902, 104648.409283, 255611.356296, 0.36812, 9039.515789, 255838.77264, 0.487584, 3861, 94.27104187011719, 7835479, 54407682, 284176474, 346419635, 25488.030919969082, 22.779978215694427, 389043.686437, inf, 811.7142857142857, 1454.7959110669588, 126454.918267, 123355.856081, 0.092794, 4966.964996, 134265.721079, 0.13322, 1911, 47.45402145385742, 3858079, 67975238, 139414451, 211247768
39774, 39774, 0, 0, greedy_5.000000, 25911.945777237415, 109.18789649009705, 250190.42139399995, inf, 199.86934673366835, 573.3239790378336, 70342.495493, 105365.536251, 1.356354, 18986.933458, 55493.872332, 0.227506, 995, 173.1241455078125, 15790279, 36660603, 90908359, 143359241, 25673.969334483147, 54.15357953310013, 191268.88967799998, inf, 401.75757575757575, 968.575086818902, 104648.409283, 49226.037137, 0.346459, 9039.515789, 28354.498495, 0.082515, 495, 94.45989990234375, 7835479, 54407682, 42837640, 105080801, 25491.714671075344, 26.463729321956635, 169618.02717699998, inf, 811.7142857142857, 1454.7959110669588, 126454.918267, 24417.35589, 0.080941, 4966.964996, 13778.686845, 0.020238, 245, 47.664546966552734, 3858079, 67975238, 20983509, 92816826
39774, 39774, 0, 0, greedy_7.000000, 25910.341122746468, 107.58324199914932, 307044.810733, inf, 199.86934673366835, 573.3239790378336, 70342.495493, 134160.420379, 1.396429, 18986.933458, 83553.241558, 0.323416, 1393, 173.08895874023438, 15790279, 36660603, 120022059, 172472941, 25673.890903115273, 54.07514816522598, 217956.6663, inf, 401.75757575757575, 968.575086818902, 104648.409283, 61859.477324, 0.283371, 9039.515789, 42408.891777, 0.088756, 693, 94.42230224609375, 7835479, 54407682, 57034042, 119277203, 25491.45025509596, 26.19931334257126, 182147.185853, inf, 811.7142857142857, 1454.7959110669588, 126454.918267, 29844.870675, 0.093396, 4966.964996, 20880.311248, 0.027271, 343, 47.58454895019531, 3858079, 67975238, 27950035, 99783352
39774, 39774, 0, 0, greedy_9.000000, 25909.45473653078, 106.69685578346252, 360481.530152, inf, 199.86934673366835, 573.3239790378336, 70342.495493, 159686.421098, 1.361563, 18986.933458, 111463.703858, 0.614682, 1791, 173.06361389160156, 15790279, 36660603, 149135759, 201586641, 25672.829342484474, 53.01358753442764, 245609.796866, inf, 401.75757575757575, 968.575086818902, 104648.409283, 75376.03862, 0.350617, 9039.515789, 56545.369104, 0.113453, 891, 94.40726470947266, 7835479, 54407682, 71230444, 133473605, 25491.114805459976, 25.863863706588745, 195196.69082999998, inf, 811.7142857142857, 1454.7959110669588, 126454.918267, 35544.017216, 0.092854, 4966.964996, 28230.662441, 0.035056, 441, 47.55928421020508, 3858079, 67975238, 34916561, 106749878
39774, 39774, 0, 0, opt, 25870.557529628277, 67.79964888095856, 2387443.8246649997, inf, 199.86934673366835, 573.3239790378336, 70342.495493, 2298113.296623, 1.099091, 18986.933458, 0, 0, 0, 0, 15790279, 36660603, 1318285248, 1370736130, 25648.193716943264, 28.37796199321747, 2349885.049377, inf, 401.75757575757575, 968.575086818902, 104648.409283, 2236196.858327, 0.265978, 9039.515789, 0, 0, 0, 0, 7835479, 54407682, 1264996200, 1327239361, 25475.467554330826, 10.216612577438354, 2328111.1172169996, inf, 811.7142857142857, 1454.7959110669588, 126454.918267, 2196689.159304, 0.07465, 4966.964996, 0, 0, 0, 0, 3858079, 67975238, 1238491776, 1310325093
39774, 39774, 0, 0, plus_edge, 25919.377164423466, 116.61928367614746, 112211.772443, inf, 199.86934673366835, 573.3239790378336, 70342.495493, 22881.277344, 1.066148, 18986.933458, 0, 0, 0, 0, 15790279, 36660603, 14468256, 66919138, 25678.004519462585, 58.18876451253891, 125016.655535, inf, 401.75757575757575, 968.575086818902, 104648.409283, 11328.458653, 0.27181, 9039.515789, 0, 0, 0, 0, 7835479, 54407682, 7021406, 69264567, 25494.27067798376, 29.019736230373383, 137031.953744, inf, 811.7142857142857, 1454.7959110669588, 126454.918267, 5609.991232, 0.079249, 4966.964996, 0, 0, 0, 0, 3858079, 67975238, 3403824, 75237141
39774, 39774, 0, 0, simple, 25921.696541428566, 118.93866068124771, 111760.299737, inf, 199.86934673366835, 573.3239790378336, 70342.495493, 22429.774181, 1.096605, 18986.933458, 0, 0, 0, 0, 15790279, 36660603, 14429052, 66879934, 25678.935526311398, 59.11977136135101, 125116.26965300001, inf, 401.75757575757575, 968.575086818902, 104648.409283, 11428.005195, 0.339386, 9039.515789, 0, 0, 0, 0, 7835479, 54407682, 7011802, 69254963, 25494.62607949972, 29.375137746334076, 136931.644408, inf, 811.7142857142857, 1454.7959110669588, 126454.918267, 5509.685914, 0.075231, 4966.964996, 0, 0, 0, 0, 3858079, 67975238, 3401520, 75234837
39774, 39774, 0, 0, dp_1.000000, 26033.51511210203, 125.80327355861664, 90794.33825400002, inf, 199.86934673366835, 454.5755798589448, 46329.439515, 24413.822763, 1.324764, 19970.076623, 79.663298, 0.011291, 199, 0, 15790279, 24515491, 15676825, 55982595, 25773.3643283844, 64.24472397565842, 107917.290944, inf, 401.75757575757575, 867.0910742992781, 85024.845543, 13257.073317, 0.299632, 9561.43957, 73.627451, 0.005431, 99, 0, 7835479, 45186289, 7753355, 60775123, 25519.063437759876, 32.25406455993652, 138635.03762299998, inf, 811.7142857142857, 1458.7400630093668, 126749.408553, 6575.01028, 0.081242, 5235.201052, 75.33316, 0.003336, 49, 0, 3858079, 68256778, 3783103, 75897960
39774, 39774, 0, 0, dp_11.000000, 25999.153215050697, 91.44137650728226, 462648.217782, inf, 199.86934673366835, 454.5755798589448, 46329.439515, 259552.642474, 1.240667, 19970.076623, 136546.145157, 248.673346, 2189, 112.02071380615234, 15790279, 24515491, 251946041, 292251811, 25756.288116931915, 47.168512523174286, 308623.91433899995, inf, 401.75757575757575, 867.0910742992781, 85024.845543, 141244.406465, 0.345468, 9561.43957, 72763.647318, 29.229975, 1089, 71.81231689453125, 7835479, 45186289, 124973487, 177995255, 25510.555149137974, 23.745775938034058, 237779.412302, inf, 811.7142857142857, 1458.7400630093668, 126749.408553, 69445.371782, 0.095689, 5235.201052, 36345.84459, 3.490636, 539, 40.43547439575195, 3858079, 68256778, 61446375, 133561232
39774, 39774, 0, 0, dp_13.000000, 25997.016521155834, 89.30468261241913, 543822.527839, inf, 199.86934673366835, 454.5755798589448, 46329.439515, 310972.448066, 1.254152, 19970.076623, 166190.197296, 359.112187, 2587, 105.33953857421875, 15790279, 24515491, 299207745, 339513515, 25754.796133041382, 45.67652863264084, 347192.303709, inf, 401.75757575757575, 867.0910742992781, 85024.845543, 165359.085194, 0.343204, 9561.43957, 87204.809508, 41.78069, 1287, 69.17599487304688, 7835479, 45186289, 148433121, 201454889, 25509.88298791647, 23.073614716529846, 257918.178354, inf, 811.7142857142857, 1458.7400630093668, 126749.408553, 83025.588652, 0.098114, 5235.201052, 42902.4998, 5.382183, 637, 39.30973434448242, 3858079, 68256778, 72986757, 145101614
39774, 39774, 0, 0, dp_15.000000, 25995.267603337765, 87.55576479434967, 621254.354276, inf, 199.86934673366835, 454.5755798589448, 46329.439515, 358069.545791, 1.281824, 19970.076623, 196415.78953, 468.220993, 2985, 99.41415405273438, 15790279, 24515491, 346469449, 386775219, 25753.940360188484, 44.820755779743195, 381442.526108, inf, 401.75757575757575, 867.0910742992781, 85024.845543, 185193.35681, 0.344306, 9561.43957, 101606.549443, 55.990436, 1485, 66.85617065429688, 7835479, 45186289, 168771235, 221793003, 25508.988854408264, 22.179481208324432, 277813.29687300004, inf, 811.7142857142857, 1458.7400630093668, 126749.408553, 94659.209719, 0.092504, 5235.201052, 51162.475788, 6.909257, 735, 38.35735321044922, 3858079, 68256778, 84527139, 156641996
39774, 39774, 0, 0, dp_17.000000, 25991.747730374336, 84.03589183092117, 695978.7382990001, inf, 199.86934673366835, 454.5755798589448, 46329.439515, 403755.60233, 1.217684, 19970.076623, 225316.778529, 605.623618, 3383, 93.92823028564453, 15790279, 24515491, 393731153, 434036923, 25753.03115272522, 43.91154831647873, 423355.699838, inf, 401.75757575757575, 867.0910742992781, 85024.845543, 212688.401633, 0.346259, 9561.43957, 116007.759426, 72.907407, 1683, 64.74110412597656, 7835479, 45186289, 192230869, 245252637, 25508.111168205738, 21.30179500579834, 295268.204122, inf, 811.7142857142857, 1458.7400630093668, 126749.408553, 104873.898876, 0.099707, 5235.201052, 58400.870291, 8.725643, 833, 37.43317413330078, 3858079, 68256778, 96067521, 168182378
39774, 39774, 0, 0, dp_19.000000, 25990.646412849426, 82.9345743060112, 764392.348908, inf, 199.86934673366835, 454.5755798589448, 46329.439515, 449602.891281, 1.271684, 19970.076623, 247703.120537, 785.549268, 3781, 88.79269409179688, 15790279, 24515491, 440992857, 481298627, 25751.485481739044, 42.36587733030319, 462844.94959, inf, 401.75757575757575, 867.0910742992781, 85024.845543, 237258.104412, 0.338084, 9561.43957, 130908.497988, 91.723993, 1881, 62.807865142822266, 7835479, 45186289, 215690503, 268712271, 25507.840316951275, 21.030943751335144, 316636.151403, inf, 811.7142857142857, 1458.7400630093668, 126749.408553, 118757.691931, 0.09069, 5235.201052, 65882.901596, 10.857581, 931, 36.64733123779297, 3858079, 68256778, 107607903, 179722760
39774, 39774, 0, 0, dp_21.000000, 25989.639053583145, 81.92721503973007, 840400.276627, inf, 199.86934673366835, 454.5755798589448, 46329.439515, 498445.431775, 1.296791, 19970.076623, 274724.729889, 929.302034, 4179, 83.95175170898438, 15790279, 24515491, 488254561, 528560331, 25750.705256402493, 41.585651993751526, 502911.296702, inf, 401.75757575757575, 867.0910742992781, 85024.845543, 262994.412149, 0.354766, 9561.43957, 145217.312578, 112.932096, 2079, 61.04131317138672, 7835479, 45186289, 239150137, 292171905, 25506.98948711157, 20.180113911628723, 334820.64912899997, inf, 811.7142857142857, 1458.7400630093668, 126749.408553, 129668.945839, 0.096912, 5235.201052, 73153.694928, 13.301845, 1029, 35.80938720703125, 3858079, 68256778, 119148285, 191263142
39774, 39774, 0, 0, dp_23.000000, 25988.60811638832, 80.89627784490585, 917179.233941, inf, 199.86934673366835, 454.5755798589448, 46329.439515, 547550.657974, 1.296662, 19970.076623, 302210.354771, 1117.408396, 4577, 79.46202850341797, 15790279, 24515491, 535397255, 575703025, 25750.36434739828, 41.2447429895401, 541688.485903, inf, 401.75757575757575, 867.0910742992781, 85024.845543, 287871.810757, 0.344897, 9561.43957, 159093.80032, 136.244816, 2277, 59.418357849121094, 7835479, 45186289, 262609771, 315631539, 25506.623036801815, 19.813663601875305, 355091.456913, inf, 811.7142857142857, 1458.7400630093668, 126749.408553, 142946.861626, 0.093686, 5235.201052, 80143.726993, 16.165003, 1127, 35.04096221923828, 3858079, 68256778, 130688667, 202803524
39774, 39774, 0, 0, dp_25.000000, 25987.434816122055, 79.72297757863998, 991828.0093319999, inf, 199.86934673366835, 454.5755798589448, 46329.439515, 594720.835227, 1.287815, 19970.076623, 329483.183151, 1323.187001, 4975, 75.37565612792969, 15790279, 24515491, 582501743, 622807513, 25748.999476969242, 39.8798725605011, 580074.209021, inf, 401.75757575757575, 867.0910742992781, 85024.845543, 315099.988504, 0.350978, 9561.43957, 170225.407965, 162.176461, 2475, 57.79416275024414, 7835479, 45186289, 286069405, 339091173, 25506.490280747414, 19.680907547473907, 379775.26108, inf, 811.7142857142857, 1458.7400630093668, 126749.408553, 159869.214239, 0.093285, 5235.201052, 87902.361617, 18.982334, 1225, 34.51312255859375, 3858079, 68256778, 142229049, 214343906
39774, 39774, 0, 0, dp_27.000000, 25986.06466782093, 78.35282927751541, 1068279.742672, inf, 199.86934673366835, 454.5755798589448, 46329.439515, 643801.838282, 1.441623, 19970.076623, 356632.589406, 1544.357223, 5373, 71.53663635253906, 15790279, 24515491, 629763447, 670069217, 25748.64833319187, 39.528728783130646, 627341.537045, inf, 401.75757575757575, 867.0910742992781, 85024.845543, 344091.98211, 0.351639, 9561.43957, 188473.873371, 189.044812, 2673, 56.39890670776367, 7835479, 45186289, 309529039, 362550807, 25505.805107712746, 18.99573451280594, 398790.56064199994, inf, 811.7142857142857, 1458.7400630093668, 126749.408553, 171650.756932, 0.094818, 5235.201052, 95132.9483, 22.150987, 1323, 33.95418167114258, 3858079, 68256778, 153769431, 225884288
39774, 39774, 0, 0, dp_29.000000, 25985.459324538708, 77.74748599529266, 1139372.6302389998, inf, 199.86934673366835, 454.5755798589448, 46329.439515, 687415.740802, 1.256897, 19970.076623, 383871.739238, 1784.377164, 5771, 67.77601623535156, 15790279, 24515491, 673173359, 713479129, 25748.03722202778, 38.91761761903763, 659343.9120969999, inf, 401.75757575757575, 867.0910742992781, 85024.845543, 362887.835599, 0.345608, 9561.43957, 201651.034075, 218.411702, 2871, 54.89335632324219, 7835479, 45186289, 332988673, 386010441, 25505.67934459448, 18.86997139453888, 423301.187231, inf, 811.7142857142857, 1458.7400630093668, 126749.408553, 189082.696133, 0.094928, 5235.201052, 102208.125694, 25.660871, 1421, 33.48086166381836, 3858079, 68256778, 165309813, 237424670
39774, 39774, 0, 0, dp_3.000000, 26018.958429932594, 111.24659138917923, 165688.400902, inf, 199.86934673366835, 454.5755798589448, 46329.439515, 70845.180347, 1.52558, 19970.076623, 28529.007408, 13.171429, 597, 158.80386352539062, 15790279, 24515491, 62938529, 103244299, 25766.214695215225, 57.09509080648422, 147454.065926, inf, 401.75757575757575, 867.0910742992781, 85024.845543, 37947.476947, 0.356128, 9561.43957, 14918.162561, 1.785177, 297, 85.9104995727539, 7835479, 45186289, 31212989, 84234757, 25515.90711671114, 29.09774351119995, 158433.172475, inf, 811.7142857142857, 1458.7400630093668, 126749.408553, 19031.250118, 0.093135, 5235.201052, 7417.005205, 0.214412, 147, 45.14271545410156, 3858079, 68256778, 15284847, 87399704
39774, 39774, 0, 0, dp_31.000000, 25984.963567376137, 77.25172883272171, 1212590.398368, inf, 199.86934673366835, 454.5755798589448, 46329.439515, 732943.763062, 1.429701, 19970.076623, 411304.964915, 2040.724552, 6169, 64.26277160644531, 15790279, 24515491, 720435063, 760740833, 25747.67508751154, 38.55548310279846, 704696.690983, inf, 401.75757575757575, 867.0910742992781, 85024.845543, 392461.109088, 0.355156, 9561.43957, 217399.072457, 249.869169, 3069, 53.57732009887695, 7835479, 45186289, 356448307, 409470075, 25505.217006981373, 18.407633781433105, 439404.81752499996, inf, 811.7142857142857, 1458.7400630093668, 126749.408553, 197445.569575, 0.091532, 5235.201052, 109945.148293, 29.39852, 1519, 32.88898849487305, 3858079, 68256778, 176850195, 248965052
39774, 39774, 0, 0, dp_33.000000, 25984.368759155273, 76.65692061185837, 1290029.198175, inf, 199.86934673366835, 454.5755798589448, 46329.439515, 782928.704431, 1.312171, 19970.076623, 438485.426937, 2314.238498, 6567, 61.01441192626953, 15790279, 24515491, 767696767, 808002537, 25747.026271939278, 37.90666753053665, 744698.9342700001, inf, 401.75757575757575, 867.0910742992781, 85024.845543, 418692.440541, 0.349195, 9561.43957, 231136.117846, 283.741575, 3267, 52.34321212768555, 7835479, 45186289, 379907941, 432929709, 25505.217006981373, 18.407633781433105, 463071.58829299995, inf, 811.7142857142857, 1458.7400630093668, 126749.408553, 213757.271166, 0.096782, 5235.201052, 117296.180018, 33.430722, 1617, 32.468692779541016, 3858079, 68256778, 188274663, 260389520
39774, 39774, 0, 0, dp_35.000000, 25983.47068619728, 75.75884765386581, 1382442.028797, inf, 199.86934673366835, 454.5755798589448, 46329.439515, 836958.185542, 1.277816, 19970.076623, 476579.452276, 2603.597025, 6965, 58.04584884643555, 15790279, 24515491, 814958471, 855264241, 25746.040238022804, 36.92063361406326, 787062.268748, inf, 401.75757575757575, 867.0910742992781, 85024.845543, 445328.885556, 0.351168, 9561.43957, 246827.450856, 319.296055, 3465, 51.03349304199219, 7835479, 45186289, 403367575, 456389343, 25504.91182732582, 18.102454125881195, 480157.047383, inf, 811.7142857142857, 1458.7400630093668, 126749.408553, 223437.401176, 0.096381, 5235.201052, 124697.074202, 37.866019, 1715, 31.99437713623047, 3858079, 68256778, 199930959, 272045816
39774, 39774, 0, 0, dp_37.000000, 25983.04415166378, 75.33231312036514, 1459573.0760849998, inf, 199.86934673366835, 454.5755798589448, 46329.439515, 893450.258656, 1.311088, 19970.076623, 496907.961095, 2914.029108, 7363, 55.276329040527344, 15790279, 24515491, 862220175, 902525945, 25745.749863743782, 36.630259335041046, 827552.147931, inf, 401.75757575757575, 867.0910742992781, 85024.845543, 470497.176395, 0.353764, 9561.43957, 262110.356298, 357.976361, 3663, 49.847869873046875, 7835479, 45186289, 426827209, 479848977, 25504.8959543705, 18.08658117055893, 501638.54283100006, inf, 811.7142857142857, 1458.7400630093668, 126749.408553, 238731.004986, 0.096511, 5235.201052, 130880.58831, 42.243419, 1813, 31.546855926513672, 3858079, 68256778, 211355427, 283470284
39774, 39774, 0, 0, dp_39.000000, 25982.7436465621, 75.03180801868439, 1521688.296191, inf, 199.86934673366835, 454.5755798589448, 46329.439515, 932214.395732, 1.296211, 19970.076623, 519935.24807, 3237.84004, 7761, 52.6431770324707, 15790279, 24515491, 909481879, 949787649, 25745.619735479355, 36.50013107061386, 871615.917139, inf, 401.75757575757575, 867.0910742992781, 85024.845543, 501315.919774, 0.356719, 9561.43957, 275315.805429, 397.550104, 3861, 48.71257781982422, 7835479, 45186289, 450286843, 503308611, 25504.828283131123, 18.01890993118286, 516917.76247200003, inf, 811.7142857142857, 1458.7400630093668, 126749.408553, 249134.50088, 0.097142, 5235.201052, 135751.496641, 47.058204, 1911, 31.128597259521484, 3858079, 68256778, 223011723, 295126580
39774, 39774, 0, 0, dp_5.000000, 26012.197108387947, 104.48526984453201, 240689.688506, inf, 199.86934673366835, 454.5755798589448, 46329.439515, 118456.532953, 1.299778, 19970.076623, 55888.275357, 44.06428, 995, 142.38973999023438, 15790279, 24515491, 110200233, 150506003, 25762.571301162243, 53.45169675350189, 187052.37470100002, inf, 401.75757575757575, 867.0910742992781, 85024.845543, 62954.589211, 0.361838, 9561.43957, 29505.827249, 5.31129, 495, 81.18807983398438, 7835479, 45186289, 54594585, 107616353, 25514.383559286594, 27.574186086654663, 178886.551901, inf, 811.7142857142857, 1458.7400630093668, 126749.408553, 32141.273052, 0.09059, 5235.201052, 14759.912915, 0.665739, 245, 43.90481948852539, 3858079, 68256778, 26825229, 98940086
39774, 39774, 0, 0, dp_7.000000, 26007.714059591293, 100.00222104787827, 316512.93679700006, inf, 199.86934673366835, 454.5755798589448, 46329.439515, 167581.52259, 1.284379, 19970.076623, 82529.583233, 101.030457, 1393, 129.58761596679688, 15790279, 24515491, 157461937, 197767707, 25761.197757065296, 52.078152656555176, 226322.91220999998, inf, 401.75757575757575, 867.0910742992781, 85024.845543, 87675.983328, 0.359744, 9561.43957, 44048.978654, 11.305371, 693, 77.8016128540039, 7835479, 45186289, 78054219, 131075987, 25513.464145243168, 26.65477204322815, 198388.35647400003, inf, 811.7142857142857, 1458.7400630093668, 126749.408553, 44297.872154, 0.093675, 5235.201052, 22104.416842, 1.364198, 343, 42.74625778198242, 3858079, 68256778, 38365611, 110480468
39774, 39774, 0, 0, dp_9.000000, 26002.317695200443, 94.6058566570282, 395560.695317, inf, 199.86934673366835, 454.5755798589448, 46329.439515, 217040.303892, 1.246247, 19970.076623, 112057.319577, 162.309463, 1791, 119.88575744628906, 15790279, 24515491, 204684337, 244990107, 25758.55577558279, 49.43617117404938, 266040.779516, inf, 401.75757575757575, 867.0910742992781, 85024.845543, 113137.516382, 0.376035, 9561.43957, 58297.405406, 19.19658, 891, 74.73290252685547, 7835479, 45186289, 101513853, 154535621, 25512.69685345888, 25.88748025894165, 219772.04295300003, inf, 811.7142857142857, 1458.7400630093668, 126749.408553, 58306.100481, 0.091321, 5235.201052, 29478.719777, 2.521769, 441, 41.63835525512695, 3858079, 68256778, 49905993, 122020850
39774, 39774, 0, 0, fixed_reps_1, 26033.51511210203, 125.80327355861664, 90597.716365, inf, 199.86934673366835, 454.5755798589448, 46329.439515, 24216.986292, 1.138996, 19970.076623, 80.074939, 0, 199, 195.66793823242188, 15790279, 24515491, 15676825, 55982595, 25773.3643283844, 64.24472397565842, 107885.701576, inf, 401.75757575757575, 867.0910742992781, 85024.845543, 13217.324381, 0.354435, 9561.43957, 81.737647, 0, 99, 97.94379425048828, 7835479, 45186289, 7753355, 60775123, 25519.063437759876, 32.25406455993652, 138502.71680700002, inf, 811.7142857142857, 1458.7400630093668, 126749.408553, 6438.393664, 0.084298, 5235.201052, 79.62924, 0, 49, 48.37549591064453, 3858079, 68256778, 3783103, 75897960
39774, 39774, 0, 0, fixed_reps_11, 26005.907422184944, 98.19558364152908, 359662.810536, inf, 199.86934673366835, 454.5755798589448, 46329.439515, 292540.088985, 1.217734, 19970.076623, 821.987679, 0, 2189, 161.4697265625, 15790279, 24515491, 172443085, 212748855, 25757.807349979877, 48.687745571136475, 257751.74495500003, inf, 401.75757575757575, 867.0910742992781, 85024.845543, 162257.520586, 0.334177, 9561.43957, 907.605079, 0, 1089, 86.96586608886719, 7835479, 45186289, 85285915, 138307683, 25512.55659800768, 25.747224807739258, 213731.966675, inf, 811.7142857142857, 1458.7400630093668, 126749.408553, 80837.853051, 0.092483, 5235.201052, 909.411536, 0, 539, 45.1173095703125, 3858079, 68256778, 41613643, 113728500
39774, 39774, 0, 0, fixed_reps_13, 26002.885547161102, 95.17370861768723, 413988.657404, inf, 199.86934673366835, 454.5755798589448, 46329.439515, 346747.084238, 1.251167, 19970.076623, 940.805861, 0, 2587, 155.07363891601562, 15790279, 24515491, 203796337, 244102107, 25756.93759459257, 47.81799018383026, 284991.326851, inf, 401.75757575757575, 867.0910742992781, 85024.845543, 189354.032179, 0.359263, 9561.43957, 1050.650296, 0, 1287, 86.24040985107422, 7835479, 45186289, 100792427, 153814195, 25511.365915596485, 24.55654239654541, 227428.09350900003, inf, 811.7142857142857, 1458.7400630093668, 126749.408553, 94375.094466, 0.091642, 5235.201052, 1068.297796, 0, 637, 44.874507904052734, 3858079, 68256778, 49179751, 121294608
39774, 39774, 0, 0, fixed_reps_15, 26000.186309218407, 92.47447067499161, 465184.895352, inf, 199.86934673366835, 454.5755798589448, 46329.439515, 397773.912184, 1.228895, 19970.076623, 1110.238135, 0, 2985, 151.48570251464844, 15790279, 24515491, 235149589, 275455359, 25756.641297638416, 47.52169322967529, 312780.012386, inf, 401.75757575757575, 867.0910742992781, 85024.845543, 216994.314117, 0.338284, 9561.43957, 1199.074872, 0, 1485, 85.49958801269531, 7835479, 45186289, 116298939, 169320707, 25511.256922781467, 24.44754958152771, 241618.374989, inf, 811.7142857142857, 1458.7400630093668, 126749.408553, 108415.57898, 0.093645, 5235.201052, 1218.092759, 0, 735, 44.643218994140625, 3858079, 68256778, 56745859, 128860716
39774, 39774, 0, 0, fixed_reps_17, 25997.916077315807, 90.20423877239227, 518487.20875, inf, 199.86934673366835, 454.5755798589448, 46329.439515, 450924.220707, 1.2905, 19970.076623, 1262.181405, 0, 3383, 146.40809631347656, 15790279, 24515491, 266502841, 306808611, 25755.964514791965, 46.84491038322449, 339921.00434000004, inf, 401.75757575757575, 867.0910742992781, 85024.845543, 243989.552671, 0.350748, 9561.43957, 1344.815808, 0, 1683, 83.51828002929688, 7835479, 45186289, 131805451, 184827219, 25511.065647363663, 24.256274163722992, 254887.37909600002, inf, 811.7142857142857, 1458.7400630093668, 126749.408553, 121540.967821, 0.091442, 5235.201052, 1361.710228, 0, 833, 44.42173385620117, 3858079, 68256778, 64311967, 136426824
39774, 39774, 0, 0, fixed_reps_19, 25996.75550723076, 89.0436686873436, 568093.465126, inf, 199.86934673366835, 454.5755798589448, 46329.439515, 500367.128255, 1.265103, 19970.076623, 1425.55563, 0, 3781, 142.42764282226562, 15790279, 24515491, 297856093, 338161863, 25755.102796435356, 45.98319202661514, 366899.079301, inf, 401.75757575757575, 867.0910742992781, 85024.845543, 270822.734262, 0.341019, 9561.43957, 1489.718907, 0, 1881, 82.89523315429688, 7835479, 45186289, 147311963, 200333731, 25510.41143167019, 23.602058470249176, 268192.716927, inf, 811.7142857142857, 1458.7400630093668, 126749.408553, 134699.911621, 0.091151, 5235.201052, 1508.10455, 0, 931, 44.19343566894531, 3858079, 68256778, 71878075, 143992932
39774, 39774, 0, 0, fixed_reps_21, 25995.77248430252, 88.06064575910568, 611975.315195, inf, 199.86934673366835, 454.5755798589448, 46329.439515, 544094.545479, 1.254363, 19970.076623, 1579.999215, 0, 4179, 137.42857360839844, 15790279, 24515491, 329209345, 369515115, 25754.71882069111, 45.599216282367706, 393966.877586, inf, 401.75757575757575, 867.0910742992781, 85024.845543, 297752.620942, 0.345929, 9561.43957, 1627.625602, 0, 2079, 81.52082824707031, 7835479, 45186289, 162818475, 215840243, 25510.356359243393, 23.546986043453217, 281777.929942, inf, 811.7142857142857, 1458.7400630093668, 126749.408553, 148102.836441, 0.087094, 5235.201052, 1690.396802, 0, 1029, 44.02474594116211, 3858079, 68256778, 79444183, 151559040
39774, 39774, 0, 0, fixed_reps_23, 25994.503965377808, 86.79212683439255, 651816.035407, inf, 199.86934673366835, 454.5755798589448, 46329.439515, 583814.829141, 1.279961, 19970.076623, 1700.410167, 0, 4577, 132.9587860107422, 15790279, 24515491, 360562597, 400868367, 25753.254553437233, 44.134949028491974, 420704.202693, inf, 401.75757575757575, 867.0910742992781, 85024.845543, 324342.674482, 0.339166, 9561.43957, 1774.903932, 0, 2277, 80.14685821533203, 7835479, 45186289, 178324987, 231346755, 25509.94326400757, 23.13389080762863, 294815.424764, inf, 811.7142857142857, 1458.7400630093668, 126749.408553, 160999.711438, 0.089278, 5235.201052, 1831.014443, 0, 1127, 43.78899002075195, 3858079, 68256778, 87010291, 159125148
39774, 39774, 0, 0, fixed_reps_25, 25993.471028745174, 85.75919020175934, 699587.0884290001, inf, 199.86934673366835, 454.5755798589448, 46329.439515, 631447.94677, 1.293055, 19970.076623, 1838.332466, 0, 4975, 129.0076141357422, 15790279, 24515491, 391915849, 432221619, 25752.06128412485, 42.94167971611023, 448994.590719, inf, 401.75757575757575, 867.0910742992781, 85024.845543, 352497.604148, 0.340739, 9561.43957, 1910.360719, 0, 2475, 79.29598236083984, 7835479, 45186289, 193831499, 246853267, 25509.249102532864, 22.43972933292389, 307560.350518, inf, 811.7142857142857, 1458.7400630093668, 126749.408553, 173605.364534, 0.089618, 5235.201052, 1970.286761, 0, 1225, 43.56600570678711, 3858079, 68256778, 94576399, 166691256
39774, 39774, 0, 0, fixed_reps_27, 25992.56390285492, 84.85206431150436, 746520.27282, inf, 199.86934673366835, 454.5755798589448, 46329.439515, 678240.367743, 1.243221, 19970.076623, 1979.145718, 0, 5373, 124.25473022460938, 15790279, 24515491, 423269101, 463574871, 25751.998735547066, 42.87913113832474, 474551.68224900006, inf, 401.75757575757575, 867.0910742992781, 85024.845543, 377914.14361, 0.34136, 9561.43957, 2050.912166, 0, 2673, 78.86856079101562, 7835479, 45186289, 209338011, 262359779, 25508.584964454174, 21.775591254234314, 321531.24323, inf, 811.7142857142857, 1458.7400630093668, 126749.408553, 187437.417168, 0.088376, 5235.201052, 2109.128081, 0, 1323, 43.36274719238281, 3858079, 68256778, 102142507, 174257364
39774, 39774, 0, 0, fixed_reps_29, 25991.5025293231, 83.79069077968597, 793148.211454, inf, 199.86934673366835, 454.5755798589448, 46329.439515, 724710.269162, 1.25328, 19970.076623, 2137.172874, 0, 5771, 120.3272705078125, 15790279, 24515491, 454622353, 494928123, 25751.08434933424, 41.96474492549896, 501674.970024, inf, 401.75757575757575, 867.0910742992781, 85024.845543, 404940.714451, 0.337252, 9561.43957, 2147.633208, 0, 2871, 78.27287292480469, 7835479, 45186289, 224844523, 277866291, 25507.688530385494, 20.879157185554504, 334307.36689899996, inf, 811.7142857142857, 1458.7400630093668, 126749.408553, 200076.790207, 0.091201, 5235.201052, 2245.875886, 0, 1421, 42.87346267700195, 3858079, 68256778, 109708615, 181823472
39774, 39774, 0, 0, fixed_reps_3, 26020.508921980858, 112.79708343744278, 143030.721685, inf, 199.86934673366835, 454.5755798589448, 46329.439515, 76515.108804, 1.329993, 19970.076623, 214.76675, 0, 597, 185.0884246826172, 15790279, 24515491, 47030077, 87335847, 25765.10235220194, 55.98274779319763, 136071.516395, inf, 401.75757575757575, 867.0910742992781, 85024.845543, 41253.498377, 0.286067, 9561.43957, 231.446838, 0, 297, 95.8567886352539, 7835479, 45186289, 23259867, 76281635, 25515.793817400932, 28.984444200992584, 152433.467792, inf, 811.7142857142857, 1458.7400630093668, 126749.408553, 20201.256926, 0.076253, 5235.201052, 247.525008, 0, 147, 47.93278121948242, 3858079, 68256778, 11349211, 83464068
39774, 39774, 0, 0, fixed_reps_31, 25990.520749926567, 82.80891138315201, 841611.976907, inf, 199.86934673366835, 454.5755798589448, 46329.439515, 773016.333932, 1.258791, 19970.076623, 2294.868046, 0, 6169, 115.9088134765625, 15790279, 24515491, 485975605, 526281375, 25750.896351635456, 41.77674722671509, 526815.1496209999, inf, 401.75757575757575, 867.0910742992781, 85024.845543, 429879.348152, 0.337433, 9561.43957, 2349.178923, 0, 3069, 75.90218353271484, 7835479, 45186289, 240351035, 293372803, 25507.509742498398, 20.7003692984581, 352029.61903299997, inf, 811.7142857142857, 1458.7400630093668, 126749.408553, 217659.086959, 0.090429, 5235.201052, 2385.83204, 0, 1519, 42.32328414916992, 3858079, 68256778, 117274723, 189389580
39774, 39774, 0, 0, fixed_reps_33, 25990.170749902725, 82.45891135931015, 889967.583986, inf, 199.86934673366835, 454.5755798589448, 46329.439515, 821214.856676, 1.248301, 19970.076623, 2451.962871, 0, 6567, 112.96141815185547, 15790279, 24515491, 517328857, 557634627, 25750.406988680363, 41.287384271621704, 555399.240315, inf, 401.75757575757575, 867.0910742992781, 85024.845543, 458312.501053, 0.34083, 9561.43957, 2500.113319, 0, 3267, 75.18514251708984, 7835479, 45186289, 255857547, 308879315, 25507.19361692667, 20.384243726730347, 365176.362455, inf, 811.7142857142857, 1458.7400630093668, 126749.408553, 230608.318747, 0.088546, 5235.201052, 2583.345557, 0, 1617, 42.185211181640625, 3858079, 68256778, 124840831, 196955688
39774, 39774, 0, 0, fixed_reps_35, 25989.461815714836, 81.74997717142105, 935570.885895, inf, 199.86934673366835, 454.5755798589448, 46329.439515, 866664.629206, 1.27955, 19970.076623, 2605.461001, 0, 6965, 110.11421966552734, 15790279, 24515491, 548682109, 588987879, 25750.073655307293, 40.95405089855194, 582029.1848960001, inf, 401.75757575757575, 867.0910742992781, 85024.845543, 484806.280909, 0.329548, 9561.43957, 2636.289326, 0, 3465, 74.45584869384766, 7835479, 45186289, 271364059, 324385827, 25506.820889651775, 20.011516451835632, 378763.386831, inf, 811.7142857142857, 1458.7400630093668, 126749.408553, 244040.910625, 0.091411, 5235.201052, 2737.77519, 0, 1715, 42.015045166015625, 3858079, 68256778, 132406939, 204521796
39774, 39774, 0, 0, fixed_reps_37, 25988.81663864851, 81.10480010509491, 983254.1484610001, inf, 199.86934673366835, 454.5755798589448, 46329.439515, 914202.970039, 1.45548, 19970.076623, 2750.206804, 0, 7363, 108.97061157226562, 15790279, 24515491, 580035361, 620341131, 25749.34119272232, 40.22158831357956, 607010.7989129999, inf, 401.75757575757575, 867.0910742992781, 85024.845543, 509651.682085, 0.344235, 9561.43957, 2772.48748, 0, 3663, 73.88263702392578, 7835479, 45186289, 286870571, 339892339, 25506.60364830494, 19.794275104999542, 392073.52647, inf, 811.7142857142857, 1458.7400630093668, 126749.408553, 257214.01574, 0.087654, 5235.201052, 2874.813471, 0, 1813, 41.79887390136719, 3858079, 68256778, 139973047, 212087904
39774, 39774, 0, 0, fixed_reps_39, 25988.12596487999, 80.41412633657455, 1029559.530331, inf, 199.86934673366835, 454.5755798589448, 46329.439515, 960372.977916, 1.275522, 19970.076623, 2885.760755, 0, 7761, 107.059326171875, 15790279, 24515491, 611388613, 651694383, 25748.725849688053, 39.606245279312134, 634101.882724, inf, 401.75757575757575, 867.0910742992781, 85024.845543, 536591.439645, 0.327694, 9561.43957, 2923.830272, 0, 3861, 73.5897216796875, 7835479, 45186289, 302377083, 355398851, 25506.23212814331, 19.42275494337082, 404048.048684, inf, 811.7142857142857, 1458.7400630093668, 126749.408553, 269051.96896, 0.089108, 5235.201052, 3011.381011, 0, 1911, 41.647911071777344, 3858079, 68256778, 147539155, 219654012
39774, 39774, 0, 0, fixed_reps_41, 25987.485524713993, 79.773686170578, 1076092.7743529999, inf, 199.86934673366835, 454.5755798589448, 46329.439515, 1006768.345918, 1.324845, 19970.076623, 3023.587452, 0, 8159, 104.80487060546875, 15790279, 24515491, 642741865, 683047635, 25747.896701574326, 38.777097165584564, 659937.519188, inf, 401.75757575757575, 867.0910742992781, 85024.845543, 562297.999189, 0.347181, 9561.43957, 3052.887705, 0, 4059, 73.13106536865234, 7835479, 45186289, 317883595, 370905363, 25506.170004487038, 19.36063128709793, 418239.123969, inf, 811.7142857142857, 1458.7400630093668, 126749.408553, 283148.832316, 0.089267, 5235.201052, 3105.592781, 0, 2009, 40.80089569091797, 3858079, 68256778, 155105263, 227220120
39774, 39774, 0, 0, fixed_reps_5, 26015.685235083103, 107.97339653968811, 200855.454642, inf, 199.86934673366835, 454.5755798589448, 46329.439515, 134179.220417, 1.324123, 19970.076623, 375.393964, 0, 995, 177.3018035888672, 15790279, 24515491, 78383329, 118689099, 25762.732698738575, 53.613094329833984, 167708.08664400002, inf, 401.75757575757575, 867.0910742992781, 85024.845543, 72711.192114, 0.272481, 9561.43957, 410.336936, 0, 495, 92.7320785522461, 7835479, 45186289, 38766379, 91788147, 25514.623575747013, 27.814202547073364, 167439.45464399998, inf, 811.7142857142857, 1458.7400630093668, 126749.408553, 35035.690301, 0.089327, 5235.201052, 419.065411, 0, 245, 46.92633056640625, 3858079, 68256778, 18915319, 91030176
39774, 39774, 0, 0, fixed_reps_7, 26011.716752529144, 104.00491398572922, 257538.963102, inf, 199.86934673366835, 454.5755798589448, 46329.439515, 190702.695696, 1.40263, 19970.076623, 535.348638, 0, 1393, 170.75946044921875, 15790279, 24515491, 109736581, 150042351, 25760.671721875668, 51.552117466926575, 199924.467081, inf, 401.75757575757575, 867.0910742992781, 85024.845543, 104749.341394, 0.281959, 9561.43957, 588.558615, 0, 693, 90.86355590820312, 7835479, 45186289, 54272891, 107294659, 25513.919160962105, 27.10978776216507, 183618.92709500002, inf, 811.7142857142857, 1458.7400630093668, 126749.408553, 51045.406575, 0.090219, 5235.201052, 588.820696, 0, 343, 46.4403076171875, 3858079, 68256778, 26481427, 98596284
39774, 39774, 0, 0, fixed_reps_9, 26009.027107656002, 101.31526911258698, 308221.375893, inf, 199.86934673366835, 454.5755798589448, 46329.439515, 241243.395725, 1.409153, 19970.076623, 677.054877, 0, 1791, 166.8162841796875, 15790279, 24515491, 141089833, 181395603, 25759.393526017666, 50.273921608924866, 229452.16652600002, inf, 401.75757575757575, 867.0910742992781, 85024.845543, 134106.340135, 0.351048, 9561.43957, 759.19023, 0, 891, 89.15288543701172, 7835479, 45186289, 69779403, 122801171, 25513.20278072357, 26.39340752363205, 199127.481733, inf, 811.7142857142857, 1458.7400630093668, 126749.408553, 66388.281491, 0.090229, 5235.201052, 754.500408, 0, 441, 45.401771545410156, 3858079, 68256778, 34047535, 106162392
39774, 39774, 0, 0, greedy_1.000000, 26033.51511210203, 125.80327355861664, 90860.26320700001, inf, 199.86934673366835, 454.5755798589448, 46329.439515, 24479.966747, 1.106645, 19970.076623, 79.663298, 0.010379, 199, 195.66793823242188, 15790279, 24515491, 15676825, 55982595, 25773.3643283844, 64.24472397565842, 107781.05500400001, inf, 401.75757575757575, 867.0910742992781, 85024.845543, 13120.84401, 0.294523, 9561.43957, 73.627451, 0.003907, 99, 97.94379425048828, 7835479, 45186289, 7753355, 60775123, 25519.063437759876, 32.25406455993652, 138644.75478500003, inf, 811.7142857142857, 1458.7400630093668, 126749.408553, 6584.726009, 0.083737, 5235.201052, 75.33316, 0.002274, 49, 48.37549591064453, 3858079, 68256778, 3783103, 75897960
39774, 39774, 0, 0, greedy_11.000000, 26020.119964838028, 112.40812629461288, 363970.947189, inf, 199.86934673366835, 454.5755798589448, 46329.439515, 161123.473996, 1.292253, 19970.076623, 136546.145157, 0.519645, 2189, 177.37380981445312, 15790279, 24515491, 185778311, 226084081, 25763.575667500496, 54.45606309175491, 256688.51989899998, inf, 401.75757575757575, 867.0910742992781, 85024.845543, 89338.069176, 0.355687, 9561.43957, 72763.647318, 0.162605, 1089, 92.85575103759766, 7835479, 45186289, 90402155, 143423923, 25513.994136452675, 27.184763252735138, 206030.326045, inf, 811.7142857142857, 1458.7400630093668, 126749.408553, 37699.72787, 0.100158, 5235.201052, 36345.84459, 0.043822, 539, 47.952213287353516, 3858079, 68256778, 43035524, 115150381
39774, 39774, 0, 0, greedy_13.000000, 26020.119964838028, 112.40812629461288, 417804.12125299993, inf, 199.86934673366835, 454.5755798589448, 46329.439515, 185312.345862, 1.441112, 19970.076623, 166190.197296, 0.620845, 2587, 177.37380981445312, 15790279, 24515491, 217251355, 257557125, 25763.575667500496, 54.45606309175491, 281435.559987, inf, 401.75757575757575, 867.0910742992781, 85024.845543, 99643.947897, 0.349204, 9561.43957, 87204.809508, 0.168265, 1287, 92.85575103759766, 7835479, 45186289, 106003169, 159024937, 25513.725122630596, 26.915749430656433, 219429.70678100002, inf, 811.7142857142857, 1458.7400630093668, 126749.408553, 44542.459346, 0.0955, 5235.201052, 42902.4998, 0.04253, 637, 47.92462921142578, 3858079, 68256778, 50719900, 122834757
39774, 39774, 0, 0, greedy_15.000000, 26020.119964838028, 112.40812629461288, 464668.747762, inf, 199.86934673366835, 454.5755798589448, 46329.439515, 201951.499161, 1.244233, 19970.076623, 196415.78953, 0.6987, 2985, 177.37380981445312, 15790279, 24515491, 248724399, 289030169, 25763.575667500496, 54.45606309175491, 306214.511996, inf, 401.75757575757575, 867.0910742992781, 85024.845543, 110021.137177, 0.347762, 9561.43957, 101606.549443, 0.192501, 1485, 92.85575103759766, 7835479, 45186289, 121604183, 174625951, 25513.16526836157, 26.355895161628723, 234268.423185, inf, 811.7142857142857, 1458.7400630093668, 126749.408553, 51121.188121, 0.095199, 5235.201052, 51162.475788, 0.054472, 735, 47.902408599853516, 3858079, 68256778, 58404276, 130519133
39774, 39774, 0, 0, greedy_17.000000, 26020.119964838028, 112.40812629461288, 515403.46989799995, inf, 199.86934673366835, 454.5755798589448, 46329.439515, 223785.0788, 1.279008, 19970.076623, 225316.778529, 0.817423, 3383, 177.37380981445312, 15790279, 24515491, 280197443, 320503213, 25763.575667500496, 54.45606309175491, 330741.908246, inf, 401.75757575757575, 867.0910742992781, 85024.845543, 120147.285593, 0.353503, 9561.43957, 116007.759426, 0.224611, 1683, 92.85575103759766, 7835479, 45186289, 137205197, 190226965, 25512.67532390356, 25.86595070362091, 248065.80671499998, inf, 811.7142857142857, 1458.7400630093668, 126749.408553, 57680.177779, 0.097423, 5235.201052, 58400.870291, 0.051617, 833, 47.874629974365234, 3858079, 68256778, 66088652, 138203509
39774, 39774, 0, 0, greedy_19.000000, 26020.119964838028, 112.40812629461288, 556084.2512249999, inf, 199.86934673366835, 454.5755798589448, 46329.439515, 242079.15639, 1.280692, 19970.076623, 247703.120537, 1.177468, 3781, 177.37380981445312, 15790279, 24515491, 311670487, 351976257, 25763.575667500496, 54.45606309175491, 356304.147587, inf, 401.75757575757575, 867.0910742992781, 85024.845543, 130808.783316, 0.285285, 9561.43957, 130908.497988, 0.295885, 1881, 92.85575103759766, 7835479, 45186289, 152806211, 205827979, 25512.47421091795, 25.66483771800995, 262149.27511000005, inf, 811.7142857142857, 1458.7400630093668, 126749.408553, 64281.632673, 0.074169, 5235.201052, 65882.901596, 0.057067, 931, 47.83891296386719, 3858079, 68256778, 73773028, 145887885
39774, 39774, 0, 0, greedy_21.000000, 26020.119964838028, 112.40812629461288, 605827.2537860001, inf, 199.86934673366835, 454.5755798589448, 46329.439515, 264800.701925, 1.314094, 19970.076623, 274724.729889, 0.99174, 4179, 177.37380981445312, 15790279, 24515491, 343143531, 383449301, 25763.575667500496, 54.45606309175491, 380992.177136, inf, 401.75757575757575, 867.0910742992781, 85024.845543, 141187.925639, 0.348814, 9561.43957, 145217.312578, 0.304992, 2079, 92.85575103759766, 7835479, 45186289, 168407225, 221428993, 25512.028851926327, 25.219478726387024, 275572.13250400004, inf, 811.7142857142857, 1458.7400630093668, 126749.408553, 70433.661178, 0.097553, 5235.201052, 73153.694928, 0.06924, 1029, 47.79129409790039, 3858079, 68256778, 81457404, 153572261
39774, 39774, 0, 0, greedy_23.000000, 26020.119964838028, 112.40812629461288, 650860.848641, inf, 199.86934673366835, 454.5755798589448, 46329.439515, 282348.473407, 1.424681, 19970.076623, 302210.354771, 1.079644, 4577, 177.37380981445312, 15790279, 24515491, 374616575, 414922345, 25763.575667500496, 54.45606309175491, 404782.07688300003, inf, 401.75757575757575, 867.0910742992781, 85024.845543, 151101.315833, 0.346199, 9561.43957, 159093.80032, 0.329418, 2277, 92.85575103759766, 7835479, 45186289, 184008239, 237030007, 25511.888177335262, 25.07880413532257, 288582.02959100006, inf, 811.7142857142857, 1458.7400630093668, 126749.408553, 76453.528504, 0.093385, 5235.201052, 80143.726993, 0.071104, 1127, 47.72462844848633, 3858079, 68256778, 89141780, 161256637
39774, 39774, 0, 0, greedy_25.000000, 26020.119964838028, 112.40812629461288, 697709.472352, inf, 199.86934673366835, 454.5755798589448, 46329.439515, 301924.290116, 1.285381, 19970.076623, 329483.183151, 1.197566, 4975, 177.37380981445312, 15790279, 24515491, 406089619, 446395389, 25763.575667500496, 54.45606309175491, 426586.518054, inf, 401.75757575757575, 867.0910742992781, 85024.845543, 161774.154158, 0.348033, 9561.43957, 170225.407965, 0.322785, 2475, 92.85575103759766, 7835479, 45186289, 199609253, 252631021, 25511.446200191975, 24.636826992034912, 301980.0275290001, inf, 811.7142857142857, 1458.7400630093668, 126749.408553, 82092.880988, 0.097032, 5235.201052, 87902.361617, 0.078287, 1225, 47.124629974365234, 3858079, 68256778, 96826156, 168941013
39774, 39774, 0, 0, greedy_27.000000, 26020.119964838028, 112.40812629461288, 744751.295609, inf, 199.86934673366835, 454.5755798589448, 46329.439515, 321816.584247, 1.296923, 19970.076623, 356632.589406, 1.308895, 5373, 177.37380981445312, 15790279, 24515491, 437562663, 477868433, 25763.575667500496, 54.45606309175491, 455220.965045, inf, 401.75757575757575, 867.0910742992781, 85024.845543, 172160.111968, 0.344897, 9561.43957, 188473.873371, 0.349696, 2673, 92.85575103759766, 7835479, 45186289, 215210267, 268232035, 25511.446200191975, 24.636826992034912, 314280.06212200003, inf, 811.7142857142857, 1458.7400630093668, 126749.408553, 87162.325312, 0.092924, 5235.201052, 95132.9483, 0.085981, 1323, 47.124629974365234, 3858079, 68256778, 104510532, 176625389
39774, 39774, 0, 0, greedy_29.000000, 26020.119964838028, 112.40812629461288, 804058.6131600001, inf, 199.86934673366835, 454.5755798589448, 46329.439515, 353884.446625, 1.33297, 19970.076623, 383871.739238, 1.578189, 5771, 177.37380981445312, 15790279, 24515491, 469035707, 509341477, 25763.575667500496, 54.45606309175491, 478548.375271, inf, 401.75757575757575, 867.0910742992781, 85024.845543, 182310.34531, 0.345608, 9561.43957, 201651.034075, 0.365165, 2871, 92.85575103759766, 7835479, 45186289, 230811281, 283833049, 25511.446200191975, 24.636826992034912, 326412.48770199995, inf, 811.7142857142857, 1458.7400630093668, 126749.408553, 92219.56344, 0.093124, 5235.201052, 102208.125694, 0.095839, 1421, 47.124629974365234, 3858079, 68256778, 112194908, 184309765
39774, 39774, 0, 0, greedy_3.000000, 26022.394759714603, 114.68292117118835, 168315.91699600004, inf, 199.86934673366835, 454.5755798589448, 46329.439515, 73485.855506, 1.400877, 19970.076623, 28529.007408, 0.137067, 597, 178.2256622314453, 15790279, 24515491, 59886135, 100191905, 25766.928756713867, 57.80915230512619, 145055.43799200002, inf, 401.75757575757575, 867.0910742992781, 85024.845543, 35550.608452, 0.345568, 9561.43957, 14918.162561, 0.036298, 297, 93.80574798583984, 7835479, 45186289, 27998099, 81019867, 25516.023219525814, 29.21384632587433, 153657.48494199998, inf, 811.7142857142857, 1458.7400630093668, 126749.408553, 14255.77862, 0.080922, 5235.201052, 7417.005205, 0.01059, 147, 48.124629974365234, 3858079, 68256778, 12298020, 84412877
39774, 39774, 0, 0, greedy_31.000000, 26020.119964838028, 112.40812629461288, 842683.479928, inf, 199.86934673366835, 454.5755798589448, 46329.439515, 365075.929849, 1.537964, 19970.076623, 411304.964915, 1.531062, 6169, 177.37380981445312, 15790279, 24515491, 500508751, 540814521, 25763.575667500496, 54.45606309175491, 504909.243786, inf, 401.75757575757575, 867.0910742992781, 85024.845543, 192923.140157, 0.347902, 9561.43957, 217399.072457, 0.398157, 3069, 92.85575103759766, 7835479, 45186289, 246412295, 299434063, 25511.446200191975, 24.636826992034912, 339407.38323800004, inf, 811.7142857142857, 1458.7400630093668, 126749.408553, 97477.425605, 0.098004, 5235.201052, 109945.148293, 0.101731, 1519, 47.124629974365234, 3858079, 68256778, 119879284, 191994141
39774, 39774, 0, 0, greedy_33.000000, 26020.119964838028, 112.40812629461288, 888030.0252710001, inf, 199.86934673366835, 454.5755798589448, 46329.439515, 383242.208216, 1.313694, 19970.076623, 438485.426937, 1.560286, 6567, 177.37380981445312, 15790279, 24515491, 531981795, 572287565, 25763.575667500496, 54.45606309175491, 528659.268725, inf, 401.75757575757575, 867.0910742992781, 85024.845543, 202936.099349, 0.349996, 9561.43957, 231136.117846, 0.416421, 3267, 92.85575103759766, 7835479, 45186289, 262013309, 315035077, 25511.446200191975, 24.636826992034912, 352115.866995, inf, 811.7142857142857, 1458.7400630093668, 126749.408553, 102834.877347, 0.096341, 5235.201052, 117296.180018, 0.103684, 1617, 47.124629974365234, 3858079, 68256778, 127563660, 199678517
39774, 39774, 0, 0, greedy_35.000000, 26020.119964838028, 112.40812629461288, 954454.712434, inf, 199.86934673366835, 454.5755798589448, 46329.439515, 411572.634178, 1.284138, 19970.076623, 476579.452276, 1.825704, 6965, 177.37380981445312, 15790279, 24515491, 563454839, 603760609, 25763.575667500496, 54.45606309175491, 554639.347132, inf, 401.75757575757575, 867.0910742992781, 85024.845543, 213224.771209, 0.345788, 9561.43957, 246827.450856, 0.494166, 3465, 92.85575103759766, 7835479, 45186289, 277614323, 330636091, 25511.446200191975, 24.636826992034912, 364179.14594, inf, 811.7142857142857, 1458.7400630093668, 126749.408553, 107497.257169, 0.094567, 5235.201052, 124697.074202, 0.110397, 1715, 47.124629974365234, 3858079, 68256778, 135248036, 207362893
39774, 39774, 0, 0, greedy_37.000000, 26020.119964838028, 112.40812629461288, 999835.2103890001, inf, 199.86934673366835, 454.5755798589448, 46329.439515, 436624.430813, 1.431635, 19970.076623, 496907.961095, 1.870708, 7363, 177.37380981445312, 15790279, 24515491, 594927883, 635233653, 25763.575667500496, 54.45606309175491, 580576.0732170001, inf, 401.75757575757575, 867.0910742992781, 85024.845543, 223878.617208, 0.345378, 9561.43957, 262110.356298, 0.46922, 3663, 92.85575103759766, 7835479, 45186289, 293215337, 346237105, 25511.446200191975, 24.636826992034912, 375870.415265, inf, 811.7142857142857, 1458.7400630093668, 126749.408553, 113004.997889, 0.096851, 5235.201052, 130880.58831, 0.12261, 1813, 47.124629974365234, 3858079, 68256778, 142932412, 215047269
39774, 39774, 0, 0, greedy_39.000000, 26020.119964838028, 112.40812629461288, 1032218.2601889998, inf, 199.86934673366835, 454.5755798589448, 46329.439515, 445980.299558, 1.301029, 19970.076623, 519935.24807, 1.895394, 7761, 177.37380981445312, 15790279, 24515491, 626400927, 666706697, 25763.575667500496, 54.45606309175491, 603889.923142, inf, 401.75757575757575, 867.0910742992781, 85024.845543, 233986.996732, 0.344867, 9561.43957, 275315.805429, 0.491001, 3861, 92.85575103759766, 7835479, 45186289, 308816351, 361838119, 25511.446200191975, 24.636826992034912, 384806.5541090001, inf, 811.7142857142857, 1458.7400630093668, 126749.408553, 117070.213493, 0.096862, 5235.201052, 135751.496641, 0.137508, 1911, 47.124629974365234, 3858079, 68256778, 150616788, 222731645
39774, 39774, 0, 0, greedy_5.000000, 26020.119964838028, 112.40812629461288, 222119.441725, inf, 199.86934673366835, 454.5755798589448, 46329.439515, 99930.174533, 1.259482, 19970.076623, 55888.275357, 0.216215, 995, 177.37380981445312, 15790279, 24515491, 91359179, 131664949, 25765.973594665527, 56.853990256786346, 174764.29226000002, inf, 401.75757575757575, 867.0910742992781, 85024.845543, 50671.756093, 0.352471, 9561.43957, 29505.827249, 0.071334, 495, 93.66824340820312, 7835479, 45186289, 43599113, 96620881, 25515.596127808094, 28.786754608154297, 166446.83608, inf, 811.7142857142857, 1458.7400630093668, 126749.408553, 19702.213041, 0.081313, 5235.201052, 14759.912915, 0.019206, 245, 48.03371810913086, 3858079, 68256778, 19982396, 92097253
39774, 39774, 0, 0, greedy_7.000000, 26020.119964838028, 112.40812629461288, 270782.7686080001, inf, 199.86934673366835, 454.5755798589448, 46329.439515, 121952.026878, 1.31725, 19970.076623, 82529.583233, 0.325109, 1393, 177.37380981445312, 15790279, 24515491, 122832223, 163137993, 25765.164765894413, 56.045161485672, 203642.54322000002, inf, 401.75757575757575, 867.0910742992781, 85024.845543, 65006.816034, 0.35211, 9561.43957, 44048.978654, 0.111309, 693, 93.59258270263672, 7835479, 45186289, 59200127, 112221895, 25515.409783303738, 28.600410103797913, 180195.72234500002, inf, 811.7142857142857, 1458.7400630093668, 126749.408553, 26106.590119, 0.081102, 5235.201052, 22104.416842, 0.024677, 343, 47.999629974365234, 3858079, 68256778, 27666772, 99781629
39774, 39774, 0, 0, greedy_9.000000, 26020.119964838028, 112.40812629461288, 322495.357959, inf, 199.86934673366835, 454.5755798589448, 46329.439515, 144136.832525, 1.265513, 19970.076623, 112057.319577, 0.424206, 1791, 177.37380981445312, 15790279, 24515491, 154305267, 194611037, 25763.870928108692, 54.75132369995117, 231106.60329000003, inf, 401.75757575757575, 867.0910742992781, 85024.845543, 78222.453349, 0.341921, 9561.43957, 58297.405406, 0.117501, 891, 93.45574188232422, 7835479, 45186289, 74801141, 127822909, 25514.655741751194, 27.846368551254272, 193266.382902, inf, 811.7142857142857, 1458.7400630093668, 126749.408553, 31802.929257, 0.094558, 5235.201052, 29478.719777, 0.029705, 441, 47.97462844848633, 3858079, 68256778, 35351148, 107466005
39774, 39774, 0, 0, opt, 25973.13870483637, 65.42686629295349, 2809628.6930810004, inf, 199.86934673366835, 454.5755798589448, 46329.439515, 2743327.881905, 1.295038, 19970.076623, 0, 0, 0, 0, 15790279, 24515491, 1559189680, 1599495450, 25735.83698219061, 26.71737778186798, 2783754.3497379995, inf, 401.75757575757575, 867.0910742992781, 85024.845543, 2689167.780091, 0.284534, 9561.43957, 0, 0, 0, 0, 7835479, 45186289, 1548664110, 1601685878, 25497.16720843315, 10.357835233211517, 2816570.160067, inf, 811.7142857142857, 1458.7400630093668, 126749.408553, 2684585.472155, 0.078307, 5235.201052, 0, 0, 0, 0, 3858079, 68256778, 1520289386, 1592404243
39774, 39774, 0, 0, plus_edge, 26029.089494407177, 121.3776558637619, 91537.91407900001, inf, 199.86934673366835, 454.5755798589448, 46329.439515, 25237.327415, 1.070526, 19970.076623, 0, 0, 0, 0, 15790279, 24515491, 15676056, 55981826, 25771.729157805443, 62.60955339670181, 107534.27382000002, inf, 401.75757575757575, 867.0910742992781, 85024.845543, 12947.701859, 0.286848, 9561.43957, 0, 0, 0, 0, 7835479, 45186289, 7723086, 60744854, 25518.139670968056, 31.330297768115997, 138634.60339499998, inf, 811.7142857142857, 1458.7400630093668, 126749.408553, 6649.91392, 0.07987, 5235.201052, 0, 0, 0, 0, 3858079, 68256778, 3745584, 75860441
39774, 39774, 0, 0, simple, 26033.51511210203, 125.80327355861664, 91849.27176800002, inf, 199.86934673366835, 454.5755798589448, 46329.439515, 25548.660077, 1.095553, 19970.076623, 0, 0, 0, 0, 15790279, 24515491, 15636852, 55942622, 25773.3643283844, 64.24472397565842, 107560.052716, inf, 401.75757575757575, 867.0910742992781, 85024.845543, 12973.487137, 0.280466, 9561.43957, 0, 0, 0, 0, 7835479, 45186289, 7713482, 60735250, 25519.063437759876, 32.25406455993652, 138528.285704, inf, 811.7142857142857, 1458.7400630093668, 126749.408553, 6543.597552, 0.078547, 5235.201052, 0, 0, 0, 0, 3858079, 68256778, 3743280, 75858137
39774, 39774, 0, 0, dp_1.000000, 26058.28823053837, 120.45260232686996, 96421.49272400001, inf, 199.86934673366835, 465.131648317342, 50870.484157, 24781.476285, 1.274179, 20689.573172, 78.670324, 0.014607, 199, 0, 15790279, 25481486, 15425167, 56696932, 25687.354352593422, 57.57679641246796, 137120.109389, inf, 401.75757575757575, 990.5289994776753, 114974.184845, 12465.55744, 0.333426, 9601.339559, 78.688699, 0.00542, 99, 0, 7835479, 56536677, 7600377, 71972533, 25448.443129479885, 30.440921247005463, 153563.92382300002, inf, 811.7142857142857, 1482.32170349525, 142055.89042, 6256.330359, 0.070042, 5173.228685, 78.401271, 0.003046, 49, 0, 3858079, 69955977, 3703183, 77517239
39774, 39774, 0, 0, dp_11.000000, 26027.013769447803, 89.17814123630524, 477684.747026, inf, 199.86934673366835, 465.131648317342, 50870.484157, 263970.22897, 1.358798, 20689.573172, 141903.050989, 250.05094, 2189, 107.07962799072266, 15790279, 25481486, 249204397, 290476162, 25675.181529819965, 45.40397363901138, 330651.08192799997, inf, 401.75757575757575, 990.5289994776753, 114974.184845, 134431.879431, 0.275076, 9601.339559, 71613.969791, 29.433226, 1089, 70.02070617675781, 7835479, 56536677, 122530423, 186902579, 25440.713246285915, 22.711038053035736, 246965.069221, inf, 811.7142857142857, 1482.32170349525, 142055.89042, 63159.765403, 0.089618, 5173.228685, 36572.53547, 3.559625, 539, 40.49294662475586, 3858079, 69955977, 57218363, 131032419
39774, 39774, 0, 0, dp_13.000000, 26024.725746572018, 86.89011836051941, 551788.8345949999, inf, 199.86934673366835, 465.131648317342, 50870.484157, 309053.585553, 1.277976, 20689.573172, 170816.201599, 357.712138, 2587, 99.5243911743164, 15790279, 25481486, 295960243, 337232008, 25673.619883179665, 43.84232699871063, 368642.33458399994, inf, 401.75757575757575, 990.5289994776753, 114974.184845, 157277.589239, 0.28212, 9601.339559, 86747.38128, 41.557541, 1287, 67.6187973022461, 7835479, 56536677, 145680979, 210053135, 25439.545314133167, 21.543105900287628, 263885.08737200004, inf, 811.7142857142857, 1482.32170349525, 142055.89042, 72853.833467, 0.073518, 5173.228685, 43796.728512, 5.33277, 637, 39.81666564941406, 3858079, 69955977, 68595575, 142409631
39774, 39774, 0, 0, dp_15.000000, 26022.81248509884, 84.97685688734055, 628064.3433989999, inf, 199.86934673366835, 465.131648317342, 50870.484157, 357812.150387, 1.330686, 20689.573172, 198222.97828, 467.826717, 2985, 92.96682739257812, 15790279, 25481486, 342600607, 383872372, 25672.62092334032, 42.84336715936661, 404974.164618, inf, 401.75757575757575, 990.5289994776753, 114974.184845, 180118.548742, 0.277451, 9601.339559, 100223.897571, 55.91645, 1485, 65.32152557373047, 7835479, 56536677, 168831535, 233203691, 25438.861332774162, 20.859124541282654, 286838.495193, inf, 811.7142857142857, 1482.32170349525, 142055.89042, 88465.816656, 0.089458, 5173.228685, 51136.725887, 6.744087, 735, 39.23792266845703, 3858079, 69955977, 79972787, 153786843
39774, 39774, 0, 0, dp_17.000000, 26021.14637339115, 83.31074517965317, 699917.674412, inf, 199.86934673366835, 465.131648317342, 50870.484157, 405045.026237, 1.307332, 20689.573172, 222705.222171, 606.061343, 3383, 87.17810821533203, 15790279, 25481486, 389356453, 430628218, 25671.45788371563, 41.6803275346756, 443638.80111, inf, 401.75757575757575, 990.5289994776753, 114974.184845, 204062.77359, 0.279694, 9601.339559, 114927.408413, 72.815009, 1683, 63.143829345703125, 7835479, 56536677, 191982091, 256354247, 25438.562452673912, 20.56024444103241, 305768.202255, inf, 811.7142857142857, 1482.32170349525, 142055.89042, 100199.83089, 0.089158, 5173.228685, 58330.53353, 8.629572, 833, 38.4985237121582, 3858079, 69955977, 91349999, 165164055
39774, 39774, 0, 0, dp_19.000000, 26019.530073046684, 81.694444835186, 763079.0444209999, inf, 199.86934673366835, 465.131648317342, 50870.484157, 442292.354741, 1.29581, 20689.573172, 248437.687633, 787.648908, 3781, 81.85755157470703, 15790279, 25481486, 436227781, 477499546, 25670.415224969387, 40.637668788433075, 486549.0271010001, inf, 401.75757575757575, 990.5289994776753, 114974.184845, 231598.742884, 0.336491, 9601.339559, 130282.45787, 91.965452, 1881, 61.09298324584961, 7835479, 56536677, 215132647, 279504803, 25438.117615938187, 20.115407705307007, 323960.922463, inf, 811.7142857142857, 1482.32170349525, 142055.89042, 111160.032928, 0.071804, 5173.228685, 65560.743071, 10.955555, 931, 37.85024642944336, 3858079, 69955977, 102727211, 176541267
39774, 39774, 0, 0, dp_21.000000, 26018.64011311531, 80.80448490381241, 854658.8759910001, inf, 199.86934673366835, 465.131648317342, 50870.484157, 505600.694643, 1.32264, 20689.573172, 276567.17974, 929.621639, 4179, 77.0778579711914, 15790279, 25481486, 482983627, 524255392, 25669.613607168198, 39.83605098724365, 524855.238544, inf, 401.75757575757575, 990.5289994776753, 114974.184845, 254624.758446, 0.347372, 9601.339559, 145541.550167, 113.058155, 2079, 59.19926071166992, 7835479, 56536677, 238283203, 302655359, 25437.333484709263, 19.33127647638321, 342601.98969300004, inf, 811.7142857142857, 1482.32170349525, 142055.89042, 122892.478188, 0.073197, 5173.228685, 72466.969018, 13.350185, 1029, 37.30361557006836, 3858079, 69955977, 114104423, 187918479
39774, 39774, 0, 0, dp_23.000000, 26017.342830181122, 79.50720196962357, 930830.51187, inf, 199.86934673366835, 465.131648317342, 50870.484157, 553630.549221, 1.247149, 20689.573172, 304521.130768, 1117.527403, 4577, 72.62358093261719, 15790279, 25481486, 529388737, 570660502, 25669.096494734287, 39.31893855333328, 566759.186711, inf, 401.75757575757575, 990.5289994776753, 114974.184845, 282256.112874, 0.274605, 9601.339559, 159790.82291, 136.451918, 2277, 57.44253158569336, 7835479, 56536677, 261433759, 325805915, 25437.508921444416, 19.506713211536407, 361529.74791000003, inf, 811.7142857142857, 1482.32170349525, 142055.89042, 135573.888062, 0.071614, 5173.228685, 78710.595236, 16.073893, 1127, 36.64801788330078, 3858079, 69955977, 125481635, 199295691
39774, 39774, 0, 0, dp_25.000000, 26015.252865433693, 77.41723722219467, 1014766.70318, inf, 199.86934673366835, 465.131648317342, 50870.484157, 606266.288432, 1.258009, 20689.573172, 335616.682273, 1322.417137, 4975, 68.7307357788086, 15790279, 25481486, 576144583, 617416348, 25668.145850479603, 38.368294298648834, 606670.4689840002, inf, 401.75757575757575, 990.5289994776753, 114974.184845, 308861.616663, 0.271008, 9601.339559, 173070.544017, 162.512892, 2475, 55.65865707397461, 7835479, 56536677, 284584315, 348956471, 25437.222585260868, 19.220377027988434, 382403.70861500007, inf, 811.7142857142857, 1482.32170349525, 142055.89042, 148461.40901, 0.093575, 5173.228685, 86694.093877, 18.993048, 1225, 36.18160629272461, 3858079, 69955977, 136858847, 210672903
39774, 39774, 0, 0, dp_27.000000, 26014.195761084557, 76.36013287305832, 1080791.992718, inf, 199.86934673366835, 465.131648317342, 50870.484157, 649849.567191, 1.261977, 20689.573172, 357837.185773, 1543.920448, 5373, 65.12557983398438, 15790279, 25481486, 622900429, 664172194, 25667.124370872974, 37.346814692020416, 648955.4431159999, inf, 401.75757575757575, 990.5289994776753, 114974.184845, 336038.107187, 0.269445, 9601.339559, 188151.788536, 189.753544, 2673, 53.974510192871094, 7835479, 56536677, 307734871, 372107027, 25436.77074676752, 18.768538534641266, 404015.61018099997, inf, 811.7142857142857, 1482.32170349525, 142055.89042, 162567.089959, 0.089147, 5173.228685, 94196.94218, 22.36979, 1323, 35.506343841552734, 3858079, 69955977, 148236059, 222050115
39774, 39774, 0, 0, dp_29.000000, 26013.52856439352, 75.6929361820221, 1167023.7713239999, inf, 199.86934673366835, 465.131648317342, 50870.484157, 703872.405635, 1.266415, 20689.573172, 389807.108805, 1782.93314, 5771, 61.84413528442383, 15790279, 25481486, 669656275, 710928040, 25666.547734618187, 36.77017843723297, 692533.1654020001, inf, 401.75757575757575, 990.5289994776753, 114974.184845, 368232.34886, 0.265748, 9601.339559, 199505.350174, 219.676216, 2871, 52.52350616455078, 7835479, 56536677, 330885427, 395257583, 25436.317110478878, 18.314902245998383, 421857.397073, inf, 811.7142857142857, 1482.32170349525, 142055.89042, 173045.269535, 0.073077, 5173.228685, 101557.196488, 25.738868, 1421, 35.00351333618164, 3858079, 69955977, 159613271, 233427327
39774, 39774, 0, 0, dp_3.000000, 26046.69866603613, 108.86303782463074, 172199.61439099998, inf, 199.86934673366835, 465.131648317342, 50870.484157, 70704.947285, 1.449589, 20689.573172, 29920.313578, 12.84661, 597, 154.76397705078125, 15790279, 25481486, 62181013, 103452778, 25682.382182002068, 52.604625821113586, 173992.07679599998, inf, 401.75757575757575, 990.5289994776753, 114974.184845, 34713.503248, 0.294723, 9601.339559, 14701.155202, 1.599219, 297, 86.32367706298828, 7835479, 56536677, 29928199, 94300355, 25445.540553808212, 27.53834557533264, 172866.87371500002, inf, 811.7142857142857, 1482.32170349525, 142055.89042, 18500.89006, 0.086783, 5173.228685, 7136.561912, 0.215855, 147, 44.05429458618164, 3858079, 69955977, 15043755, 88857811
39774, 39774, 0, 0, dp_31.000000, 26012.75293415785, 74.9173059463501, 1246436.01808, inf, 199.86934673366835, 465.131648317342, 50870.484157, 755516.310588, 1.213927, 20689.573172, 417318.618452, 2039.817784, 6169, 58.68961715698242, 15790279, 25481486, 716647375, 757919140, 25666.146073758602, 36.36851757764816, 735744.832655, inf, 401.75757575757575, 990.5289994776753, 114974.184845, 392254.948791, 0.278593, 9601.339559, 218662.952045, 251.128822, 3069, 51.00947189331055, 7835479, 56536677, 354035983, 418408139, 25436.049817740917, 18.047609508037567, 443922.95277100004, inf, 811.7142857142857, 1482.32170349525, 142055.89042, 188003.43186, 0.074199, 5173.228685, 108660.937012, 29.390595, 1519, 34.45738983154297, 3858079, 69955977, 170990483, 244804539
39774, 39774, 0, 0, dp_33.000000, 26012.16211426258, 74.32648605108261, 1296143.717511, inf, 199.86934673366835, 465.131648317342, 50870.484157, 781021.030512, 1.258911, 20689.573172, 441248.45183, 2312.918929, 6567, 55.52500534057617, 15790279, 25481486, 763167967, 804439732, 25666.078200399876, 36.30064421892166, 778380.888405, inf, 401.75757575757575, 990.5289994776753, 114974.184845, 420444.359929, 0.270056, 9601.339559, 233075.682495, 285.051521, 3267, 49.68042755126953, 7835479, 56536677, 377186539, 441558695, 25436.60974264145, 18.607534408569336, 459912.759368, inf, 811.7142857142857, 1482.32170349525, 142055.89042, 196963.093266, 0.071835, 5173.228685, 115687.035757, 33.439405, 1617, 33.92475509643555, 3858079, 69955977, 182367695, 256181751
39774, 39774, 0, 0, dp_35.000000, 26011.87423545122, 74.0386072397232, 1385360.6395359999, inf, 199.86934673366835, 465.131648317342, 50870.484157, 841888.196839, 1.243632, 20689.573172, 469308.948781, 2602.192955, 6965, 52.80439376831055, 15790279, 25481486, 810159067, 851430832, 25665.534521877766, 35.756965696811676, 820252.6917549999, inf, 401.75757575757575, 990.5289994776753, 114974.184845, 448162.702495, 0.268664, 9601.339559, 247192.851637, 321.344555, 3465, 48.585018157958984, 7835479, 56536677, 400337095, 464709251, 25436.041159689426, 18.038951456546783, 482559.20349, inf, 811.7142857142857, 1482.32170349525, 142055.89042, 212675.684571, 0.088306, 5173.228685, 122616.407067, 37.904441, 1715, 33.45462417602539, 3858079, 69955977, 193744907, 267558963
39774, 39774, 0, 0, dp_37.000000, 26011.228672742844, 73.39304453134537, 1458071.8840609998, inf, 199.86934673366835, 465.131648317342, 50870.484157, 881409.946931, 1.289618, 20689.573172, 502188.461065, 2912.129118, 7363, 50.26571273803711, 15790279, 25481486, 856641165, 897912930, 25664.948760986328, 35.171204805374146, 862264.289416, inf, 401.75757575757575, 990.5289994776753, 114974.184845, 475944.24784, 0.264886, 9601.339559, 261384.919945, 359.332341, 3663, 47.518653869628906, 7835479, 56536677, 423487651, 487859807, 25435.917110443115, 17.914902210235596, 498514.22163200006, inf, 811.7142857142857, 1482.32170349525, 142055.89042, 221697.677185, 0.072746, 5173.228685, 129545.088399, 42.264197, 1813, 32.90046691894531, 3858079, 69955977, 205122119, 278936175
39774, 39774, 0, 0, dp_39.000000, 26010.557979643345, 72.72235143184662, 1542941.279211, inf, 199.86934673366835, 465.131648317342, 50870.484157, 943003.381956, 1.006578, 20689.573172, 525138.259224, 3238.574124, 7761, 47.845436096191406, 15790279, 25481486, 903435505, 944707270, 25664.834475278854, 35.05691909790039, 902547.1831410001, inf, 401.75757575757575, 990.5289994776753, 114974.184845, 501612.462821, 0.272291, 9601.339559, 275959.656865, 399.26676, 3861, 46.47409439086914, 7835479, 56536677, 446638207, 511010363, 25435.641159653664, 17.638951420783997, 521752.018889, inf, 811.7142857142857, 1482.32170349525, 142055.89042, 237364.73295, 0.081192, 5173.228685, 137110.982009, 47.103633, 1911, 32.46741485595703, 3858079, 69955977, 216499331, 290313387
39774, 39774, 0, 0, dp_5.000000, 26039.19176697731, 101.35613876581192, 249459.348207, inf, 199.86934673366835, 465.131648317342, 50870.484157, 119038.425548, 1.49337, 20689.573172, 58815.209935, 44.162025, 995, 138.14820861816406, 15790279, 25481486, 108936859, 150208624, 25679.311270833015, 49.53371465206146, 212169.93517700004, inf, 401.75757575757575, 990.5289994776753, 114974.184845, 58197.132115, 0.344626, 9601.339559, 29391.558572, 5.37546, 495, 80.7355728149414, 7835479, 56536677, 53078755, 117450911, 25444.185060858727, 26.182852625846863, 187639.280338, inf, 811.7142857142857, 1482.32170349525, 142055.89042, 25849.920283, 0.076904, 5173.228685, 14559.500362, 0.663684, 245, 43.01055145263672, 3858079, 69955977, 23086727, 96900783
39774, 39774, 0, 0, dp_7.000000, 26033.69531273842, 95.85968452692032, 327527.405533, inf, 199.86934673366835, 465.131648317342, 50870.484157, 168443.555052, 1.313654, 20689.573172, 87421.783301, 100.696197, 1393, 125.90641784667969, 15790279, 25481486, 155692705, 196964470, 25677.00469839573, 47.227142214775085, 251059.781032, inf, 401.75757575757575, 990.5289994776753, 114974.184845, 82701.011826, 0.347923, 9601.339559, 43771.588453, 11.308426, 693, 76.20757293701172, 7835479, 56536677, 76229311, 140601467, 25443.04336732626, 25.041159093379974, 206790.88849800001, inf, 811.7142857142857, 1482.32170349525, 142055.89042, 37717.644144, 0.088025, 5173.228685, 21842.330544, 1.70668, 343, 42.11724853515625, 3858079, 69955977, 34463939, 108277995
39774, 39774, 0, 0, dp_9.000000, 26030.54890447855, 92.7132762670517, 402009.607266, inf, 199.86934673366835, 465.131648317342, 50870.484157, 215874.503918, 1.308594, 20689.573172, 114411.075713, 162.661712, 1791, 115.67425537109375, 15790279, 25481486, 202448551, 243720316, 25675.91856110096, 46.1410049200058, 290609.863804, inf, 401.75757575757575, 990.5289994776753, 114974.184845, 107713.50707, 0.36294, 9601.339559, 58301.214842, 19.254548, 891, 72.75056457519531, 7835479, 56536677, 99379867, 163752023, 25441.99206572771, 23.989857494831085, 228367.256667, inf, 811.7142857142857, 1482.32170349525, 142055.89042, 51922.279926, 0.076083, 5173.228685, 29213.23604, 2.545513, 441, 41.34050750732422, 3858079, 69955977, 45841151, 119655207
39774, 39774, 0, 0, fixed_reps_1, 26058.28823053837, 120.45260232686996, 95112.34707300001, inf, 199.86934673366835, 465.131648317342, 50870.484157, 23472.266864, 1.084614, 20689.573172, 78.938266, 0, 199, 195.54005432128906, 15790279, 25481486, 15425167, 56696932, 25687.354352593422, 57.57679641246796, 136910.467968, inf, 401.75757575757575, 990.5289994776753, 114974.184845, 12252.843633, 0.292198, 9601.339559, 81.807733, 0, 99, 97.17891693115234, 7835479, 56536677, 7600377, 71972533, 25448.443129479885, 30.440921247005463, 153553.40932200002, inf, 811.7142857142857, 1482.32170349525, 142055.89042, 6242.608983, 0.076202, 5173.228685, 81.605032, 0, 49, 48.568817138671875, 3858079, 69955977, 3703183, 77517239
39774, 39774, 0, 0, fixed_reps_11, 26036.064047813416, 98.22841960191727, 357993.077561, inf, 199.86934673366835, 465.131648317342, 50870.484157, 285596.278889, 1.257108, 20689.573172, 835.484235, 0, 2189, 155.6258544921875, 15790279, 25481486, 169674847, 210946612, 25676.756872951984, 46.979316771030426, 277412.350163, inf, 401.75757575757575, 990.5289994776753, 114974.184845, 152016.548515, 0.329648, 9601.339559, 819.947596, 0, 1089, 88.15911865234375, 7835479, 56536677, 83603157, 147975313, 25442.173180878162, 24.170972645282745, 227723.16843700001, inf, 811.7142857142857, 1482.32170349525, 142055.89042, 79645.13423, 0.090921, 5173.228685, 848.824181, 0, 539, 44.07856750488281, 3858079, 69955977, 40734523, 114548579
39774, 39774, 0, 0, fixed_reps_13, 26033.57800847292, 95.7423802614212, 410248.11857399996, inf, 199.86934673366835, 465.131648317342, 50870.484157, 337701.381322, 1.269551, 20689.573172, 985.410372, 0, 2587, 150.97593688964844, 15790279, 25481486, 200524783, 241796548, 25676.10178631544, 46.32423013448715, 303171.624985, inf, 401.75757575757575, 990.5289994776753, 114974.184845, 177640.961731, 0.337282, 9601.339559, 954.801568, 0, 1287, 87.19902038574219, 7835479, 56536677, 98803713, 163175869, 25441.961914241314, 23.959706008434296, 241224.85450800005, inf, 811.7142857142857, 1482.32170349525, 142055.89042, 92996.464581, 0.091041, 5173.228685, 999.179781, 0, 637, 43.685455322265625, 3858079, 69955977, 48140791, 121954847
39774, 39774, 0, 0, fixed_reps_15, 26031.428593337536, 93.5929651260376, 452519.4075859999, inf, 199.86934673366835, 465.131648317342, 50870.484157, 379798.096078, 1.246588, 20689.573172, 1160.007591, 0, 2985, 144.87193298339844, 15790279, 25481486, 231374719, 272646484, 25675.594041883945, 45.816485702991486, 328542.375036, inf, 401.75757575757575, 990.5289994776753, 114974.184845, 202868.081305, 0.328837, 9601.339559, 1098.44049, 0, 1485, 85.78545379638672, 7835479, 56536677, 114004269, 178376425, 25441.550958514214, 23.548750281333923, 254677.35137100003, inf, 811.7142857142857, 1482.32170349525, 142055.89042, 106301.643599, 0.088556, 5173.228685, 1146.500111, 0, 735, 42.93606948852539, 3858079, 69955977, 55547059, 129361115
39774, 39774, 0, 0, fixed_reps_17, 26029.853077232838, 92.01744902133942, 497559.139971, inf, 199.86934673366835, 465.131648317342, 50870.484157, 424711.337757, 1.297574, 20689.573172, 1286.447311, 0, 3383, 139.94564819335938, 15790279, 25481486, 262224655, 303496420, 25674.86975002289, 45.092193841934204, 353605.08962499996, inf, 401.75757575757575, 990.5289994776753, 114974.184845, 227791.551724, 0.333185, 9601.339559, 1237.680312, 0, 1683, 84.86003875732422, 7835479, 56536677, 129204825, 193576981, 25441.24106836319, 23.23886013031006, 267775.838636, inf, 811.7142857142857, 1482.32170349525, 142055.89042, 119258.771588, 0.086923, 5173.228685, 1287.86102, 0, 833, 42.76446533203125, 3858079, 69955977, 62953327, 136767383
39774, 39774, 0, 0, fixed_reps_19, 26028.182357668877, 90.34672945737839, 557295.2155640001, inf, 199.86934673366835, 465.131648317342, 50870.484157, 484286.395462, 1.288226, 20689.573172, 1447.474547, 0, 3781, 136.76792907714844, 15790279, 25481486, 293074591, 334346356, 25674.70481491089, 44.92725872993469, 380621.452534, inf, 401.75757575757575, 990.5289994776753, 114974.184845, 254662.182317, 0.330841, 9601.339559, 1383.414972, 0, 1881, 82.967529296875, 7835479, 56536677, 144405381, 208777537, 25440.908589720726, 22.906381487846375, 281620.667309, inf, 811.7142857142857, 1482.32170349525, 142055.89042, 132955.87324, 0.08508, 5173.228685, 1435.589884, 0, 931, 42.574039459228516, 3858079, 69955977, 70359595, 144173651
39774, 39774, 0, 0, fixed_reps_21, 26026.20822483301, 88.37259662151337, 598255.051213, inf, 199.86934673366835, 465.131648317342, 50870.484157, 525082.670678, 1.291242, 20689.573172, 1611.031964, 0, 4179, 131.8237762451172, 15790279, 25481486, 323924527, 365196292, 25673.901607573032, 44.1240513920784, 403646.74033899995, inf, 401.75757575757575, 990.5289994776753, 114974.184845, 277542.658587, 0.325951, 9601.339559, 1528.231397, 0, 2079, 81.8780746459961, 7835479, 56536677, 159605937, 223978093, 25440.706569492817, 22.704361259937286, 294498.08940600004, inf, 811.7142857142857, 1482.32170349525, 142055.89042, 145687.56885, 0.085932, 5173.228685, 1581.315519, 0, 1029, 42.391727447509766, 3858079, 69955977, 77765863, 151579919
39774, 39774, 0, 0, fixed_reps_23, 26025.0471124053, 87.21148419380188, 639990.6218230001, inf, 199.86934673366835, 465.131648317342, 50870.484157, 566682.13242, 1.272526, 20689.573172, 1747.159548, 0, 4577, 128.19960021972656, 15790279, 25481486, 354774463, 396046228, 25673.608384013176, 43.830827832221985, 430370.78490599996, inf, 401.75757575757575, 990.5289994776753, 114974.184845, 304110.297446, 0.328145, 9601.339559, 1684.634911, 0, 2277, 79.35243225097656, 7835479, 56536677, 174806493, 239178649, 25440.07715767622, 22.0749494433403, 307898.73272, inf, 811.7142857142857, 1482.32170349525, 142055.89042, 158936.642453, 0.087293, 5173.228685, 1732.883869, 0, 1127, 42.20381546020508, 3858079, 69955977, 85172131, 158986187
39774, 39774, 0, 0, fixed_reps_25, 26024.442974328995, 86.60734611749649, 691071.181729, inf, 199.86934673366835, 465.131648317342, 50870.484157, 617619.01349, 1.287835, 20689.573172, 1890.823075, 0, 4975, 125.01145935058594, 15790279, 25481486, 385624399, 426896164, 25672.983882188797, 43.20632600784302, 456032.12896600005, inf, 401.75757575757575, 990.5289994776753, 114974.184845, 329629.124574, 0.331382, 9601.339559, 1827.148606, 0, 2475, 77.6658706665039, 7835479, 56536677, 190007049, 254379205, 25439.940794050694, 21.938585817813873, 321786.46231500007, inf, 811.7142857142857, 1482.32170349525, 142055.89042, 172662.962264, 0.069711, 5173.228685, 1894.311235, 0, 1225, 41.9625244140625, 3858079, 69955977, 92578399, 166392455
39774, 39774, 0, 0, fixed_reps_27, 26023.200681865215, 85.36505365371704, 739787.43201, inf, 199.86934673366835, 465.131648317342, 50870.484157, 666178.765504, 1.262478, 20689.573172, 2047.346699, 0, 5373, 122.70783996582031, 15790279, 25481486, 416474335, 457746100, 25672.530677080154, 42.75312089920044, 481223.32753, inf, 401.75757575757575, 990.5289994776753, 114974.184845, 354675.027607, 0.332444, 9601.339559, 1972.443075, 0, 2673, 76.62919616699219, 7835479, 56536677, 205207605, 269579761, 25439.3238863945, 21.321678161621094, 334630.567843, inf, 811.7142857142857, 1482.32170349525, 142055.89042, 185373.917072, 0.084949, 5173.228685, 2027.446717, 0, 1323, 41.82524108886719, 3858079, 69955977, 99984667, 173798723
39774, 39774, 0, 0, fixed_reps_29, 26022.46871727705, 84.63308906555176, 778767.053999, inf, 199.86934673366835, 465.131648317342, 50870.484157, 705027.004384, 1.447664, 20689.573172, 2178.544622, 0, 5771, 118.56649017333984, 15790279, 25481486, 447324271, 488596036, 25671.242856144905, 41.46529996395111, 506289.436933, inf, 401.75757575757575, 990.5289994776753, 114974.184845, 379602.544059, 0.324408, 9601.339559, 2111.044062, 0, 2871, 76.02066802978516, 7835479, 56536677, 220408161, 284780317, 25439.3238863945, 21.321678161621094, 347972.67577200005, inf, 811.7142857142857, 1482.32170349525, 142055.89042, 198571.047271, 0.089418, 5173.228685, 2172.419978, 0, 1421, 41.661155700683594, 3858079, 69955977, 107390935, 181204991
39774, 39774, 0, 0, fixed_reps_3, 26048.40834325552, 110.5727150440216, 146413.40140300003, inf, 199.86934673366835, 465.131648317342, 50870.484157, 74641.425424, 1.519039, 20689.573172, 210.399611, 0, 597, 184.8243865966797, 15790279, 25481486, 46275103, 87546868, 25683.31622862816, 53.53867244720459, 163687.90540199997, inf, 401.75757575757575, 990.5289994776753, 114974.184845, 38894.248597, 0.288661, 9601.339559, 217.84374, 0, 297, 94.85029602050781, 7835479, 56536677, 22800933, 87173089, 25445.712557435036, 27.710349202156067, 166811.56496500003, inf, 811.7142857142857, 1482.32170349525, 142055.89042, 19362.279736, 0.070302, 5173.228685, 220.095822, 0, 147, 47.91594696044922, 3858079, 69955977, 11109451, 84923507
39774, 39774, 0, 0, fixed_reps_31, 26021.524737238884, 83.68910902738571, 823764.594762, inf, 199.86934673366835, 465.131648317342, 50870.484157, 749880.217455, 1.484253, 20689.573172, 2322.835725, 0, 6169, 115.03192138671875, 15790279, 25481486, 478174207, 519445972, 25670.299166083336, 40.5216099023819, 530918.072277, inf, 401.75757575757575, 990.5289994776753, 114974.184845, 404094.450269, 0.325821, 9601.339559, 2247.771783, 0, 3069, 75.29143524169922, 7835479, 56536677, 235608717, 299980873, 25439.269441962242, 21.267233729362488, 361925.42635, inf, 811.7142857142857, 1482.32170349525, 142055.89042, 212383.384085, 0.087263, 5173.228685, 2312.835897, 0, 1519, 41.519779205322266, 3858079, 69955977, 114797203, 188611259
39774, 39774, 0, 0, fixed_reps_33, 26020.749953746796, 82.9143255352974, 894747.040313, inf, 199.86934673366835, 465.131648317342, 50870.484157, 820621.277273, 1.43999, 20689.573172, 2564.265721, 0, 6567, 110.8552017211914, 15790279, 25481486, 509024143, 550295908, 25669.893413960934, 40.115857779979706, 562111.655438, inf, 401.75757575757575, 990.5289994776753, 114974.184845, 435139.537735, 0.320952, 9601.339559, 2396.272347, 0, 3267, 73.9279556274414, 7835479, 56536677, 250809273, 315181429, 25438.93977165222, 20.93756341934204, 375002.53225, inf, 811.7142857142857, 1482.32170349525, 142055.89042, 225345.479759, 0.085179, 5173.228685, 2427.848207, 0, 1617, 40.817447662353516, 3858079, 69955977, 122203471, 196017527
39774, 39774, 0, 0, fixed_reps_35, 26020.232493400574, 82.39686518907547, 935418.2489260001, inf, 199.86934673366835, 465.131648317342, 50870.484157, 861165.699595, 1.265142, 20689.573172, 2691.22686, 0, 6965, 107.96717071533203, 15790279, 25481486, 539874079, 581145844, 25669.19307219982, 39.41551601886749, 587905.7734999999, inf, 401.75757575757575, 990.5289994776753, 114974.184845, 460733.802117, 0.331221, 9601.339559, 2596.115758, 0, 3465, 73.26992797851562, 7835479, 56536677, 266009829, 330381985, 25438.89431709051, 20.892108857631683, 387979.087737, inf, 811.7142857142857, 1482.32170349525, 142055.89042, 238167.866213, 0.086963, 5173.228685, 2582.015456, 0, 1715, 40.69711685180664, 3858079, 69955977, 129609739, 203423795
39774, 39774, 0, 0, fixed_reps_37, 26019.395636081696, 81.5600078701973, 958747.8124680001, inf, 199.86934673366835, 465.131648317342, 50870.484157, 884433.85299, 1.272846, 20689.573172, 2752.629303, 0, 7363, 104.42461395263672, 15790279, 25481486, 570724015, 611995780, 25668.59358227253, 38.81602609157562, 612481.876109, inf, 401.75757575757575, 990.5289994776753, 114974.184845, 485173.71398, 0.327965, 9601.339559, 2732.30976, 0, 3663, 72.17877960205078, 7835479, 56536677, 281210385, 345582541, 25438.515253961086, 20.513045728206635, 401503.27793800004, inf, 811.7142857142857, 1482.32170349525, 142055.89042, 251542.904758, 0.087645, 5173.228685, 2731.16643, 0, 1813, 40.5739631652832, 3858079, 69955977, 137016007, 210830063
39774, 39774, 0, 0, fixed_reps_39, 26018.770816504955, 80.93518829345703, 1030916.0558249999, inf, 199.86934673366835, 465.131648317342, 50870.484157, 956436.027684, 1.257028, 20689.573172, 2918.713784, 0, 7761, 102.4559326171875, 15790279, 25481486, 601573951, 642845716, 25668.424168348312, 38.6466121673584, 638628.4343549999, inf, 401.75757575757575, 990.5289994776753, 114974.184845, 511226.128202, 0.333545, 9601.339559, 2826.448204, 0, 3861, 71.07030487060547, 7835479, 56536677, 296410941, 360783097, 25438.3819206357, 20.379712402820587, 414751.58153, inf, 811.7142857142857, 1482.32170349525, 142055.89042, 264648.412545, 0.08546, 5173.228685, 2873.96442, 0, 1911, 40.44154739379883, 3858079, 69955977, 144422275, 218236331
39774, 39774, 0, 0, fixed_reps_41, 26017.78103542328, 79.94540721178055, 1068993.471139, inf, 199.86934673366835, 465.131648317342, 50870.484157, 994289.678098, 1.479955, 20689.573172, 3142.255757, 0, 8159, 98.73458862304688, 15790279, 25481486, 632423887, 673695652, 25667.97655647993, 38.1990002989769, 660329.0940370001, inf, 401.75757575757575, 990.5289994776753, 114974.184845, 532725.614762, 0.326082, 9601.339559, 3027.628789, 0, 4059, 69.07831573486328, 7835479, 56536677, 311611497, 375983653, 25438.101978361607, 20.09977012872696, 427836.04295800003, inf, 811.7142857142857, 1482.32170349525, 142055.89042, 277587.206621, 0.087864, 5173.228685, 3019.629368, 0, 2009, 40.354007720947266, 3858079, 69955977, 151828543, 225642599
39774, 39774, 0, 0, fixed_reps_5, 26043.245348334312, 105.40972012281418, 203078.937543, inf, 199.86934673366835, 465.131648317342, 50870.484157, 131149.155912, 1.49859, 20689.573172, 368.225712, 0, 995, 173.56898498535156, 15790279, 25481486, 77125039, 118396804, 25680.79034346342, 51.01278728246689, 193015.80366, inf, 401.75757575757575, 990.5289994776753, 114974.184845, 68091.178317, 0.328954, 9601.339559, 348.771985, 0, 495, 90.99443054199219, 7835479, 56536677, 38001489, 102373645, 25444.210770189762, 26.208561956882477, 181636.11620200003, inf, 811.7142857142857, 1482.32170349525, 142055.89042, 34056.460471, 0.089929, 5173.228685, 350.446697, 0, 245, 45.98370361328125, 3858079, 69955977, 18515719, 92329775
39774, 39774, 0, 0, fixed_reps_7, 26041.411408305168, 103.57578009366989, 254212.687247, inf, 199.86934673366835, 465.131648317342, 50870.484157, 182126.293424, 1.499121, 20689.573172, 524.837373, 0, 1393, 169.20333862304688, 15790279, 25481486, 107974975, 149246740, 25679.381439089775, 49.603882908821106, 222368.021064, inf, 401.75757575757575, 990.5289994776753, 114974.184845, 97286.02658, 0.340639, 9601.339559, 506.129441, 0, 693, 89.94430541992188, 7835479, 56536677, 53202045, 117574201, 25443.462989747524, 25.460781514644623, 197632.023274, inf, 811.7142857142857, 1482.32170349525, 142055.89042, 49901.551607, 0.075541, 5173.228685, 501.277021, 0, 343, 44.73163604736328, 3858079, 69955977, 25921987, 99736043
39774, 39774, 0, 0, fixed_reps_9, 26038.269875228405, 100.43424701690674, 305386.114995, inf, 199.86934673366835, 465.131648317342, 50870.484157, 233144.079478, 1.253581, 20689.573172, 680.724607, 0, 1791, 162.76138305664062, 15790279, 25481486, 138824911, 180096676, 25678.500151395798, 48.72259521484375, 250583.669216, inf, 401.75757575757575, 990.5289994776753, 114974.184845, 125339.655689, 0.344957, 9601.339559, 668.144166, 0, 891, 89.0912857055664, 7835479, 56536677, 68402601, 132774757, 25442.949994385242, 24.947786152362823, 213121.997906, inf, 811.7142857142857, 1482.32170349525, 142055.89042, 65209.040976, 0.089518, 5173.228685, 683.748307, 0, 441, 44.467994689941406, 3858079, 69955977, 33328255, 107142311
39774, 39774, 0, 0, greedy_1.000000, 26058.28823053837, 120.45260232686996, 96028.07286100001, inf, 199.86934673366835, 465.131648317342, 50870.484157, 24388.075286, 1.260474, 20689.573172, 78.670324, 0.009448, 199, 195.54005432128906, 15790279, 25481486, 15425167, 56696932, 25687.354352593422, 57.57679641246796, 136941.026152, inf, 401.75757575757575, 990.5289994776753, 114974.184845, 12286.516092, 0.2931, 9601.339559, 78.688699, 0.003857, 99, 97.17891693115234, 7835479, 56536677, 7600377, 71972533, 25448.443129479885, 30.440921247005463, 153630.62179700003, inf, 811.7142857142857, 1482.32170349525, 142055.89042, 6323.023144, 0.076323, 5173.228685, 78.401271, 0.001954, 49, 48.568817138671875, 3858079, 69955977, 3703183, 77517239
39774, 39774, 0, 0, greedy_11.000000, 26035.24130743742, 97.40567922592163, 381821.05751899997, inf, 199.86934673366835, 465.131648317342, 50870.484157, 168356.132645, 1.264882, 20689.573172, 141903.050989, 0.551674, 2189, 173.10792541503906, 15790279, 25481486, 185921071, 227192836, 25679.128321409225, 49.350765228271484, 288376.73449699994, inf, 401.75757575757575, 990.5289994776753, 114974.184845, 92186.745083, 0.337082, 9601.339559, 71613.969791, 0.158137, 1089, 92.14478302001953, 7835479, 56536677, 90694313, 155066469, 25444.031518518925, 26.029310286045074, 223406.180303, inf, 811.7142857142857, 1482.32170349525, 142055.89042, 39604.399481, 0.090951, 5173.228685, 36572.53547, 0.035296, 539, 46.93801498413086, 3858079, 69955977, 42675163, 116489219
39774, 39774, 0, 0, greedy_13.000000, 26035.24130743742, 97.40567922592163, 425713.835103, inf, 199.86934673366835, 465.131648317342, 50870.484157, 183335.932493, 0.992461, 20689.573172, 170816.201599, 0.651221, 2587, 173.10792541503906, 15790279, 25481486, 217071735, 258343500, 25678.364395022392, 48.58683884143829, 315758.770193, inf, 401.75757575757575, 990.5289994776753, 114974.184845, 104435.425406, 0.269094, 9601.339559, 86747.38128, 0.170009, 1287, 92.11144256591797, 7835479, 56536677, 105974171, 170346327, 25443.11785173416, 25.11564350128174, 237306.590926, inf, 811.7142857142857, 1482.32170349525, 142055.89042, 46280.613606, 0.089758, 5173.228685, 43796.728512, 0.039945, 637, 46.92134475708008, 3858079, 69955977, 50163735, 123977791
39774, 39774, 0, 0, greedy_15.000000, 26035.24130743742, 97.40567922592163, 468197.44690599997, inf, 199.86934673366835, 465.131648317342, 50870.484157, 198412.394394, 1.266906, 20689.573172, 198222.97828, 0.749997, 2985, 173.10792541503906, 15790279, 25481486, 248222399, 289494164, 25677.053935945034, 47.27637976408005, 341225.255273, inf, 401.75757575757575, 990.5289994776753, 114974.184845, 116425.283326, 0.348734, 9601.339559, 100223.897571, 0.201238, 1485, 92.0636215209961, 7835479, 56536677, 121254029, 185626185, 25442.747338831425, 24.745130598545074, 251248.56280300004, inf, 811.7142857142857, 1482.32170349525, 142055.89042, 52882.579511, 0.09041, 5173.228685, 51136.725887, 0.04789, 735, 46.90619659423828, 3858079, 69955977, 57652307, 131466363
39774, 39774, 0, 0, greedy_17.000000, 26035.24130743742, 97.40567922592163, 506488.46859, inf, 199.86934673366835, 465.131648317342, 50870.484157, 212221.13086, 1.237871, 20689.573172, 222705.222171, 0.820359, 3383, 173.10792541503906, 15790279, 25481486, 279373063, 320644828, 25675.84635555744, 46.06879937648773, 367820.204118, inf, 401.75757575757575, 990.5289994776753, 114974.184845, 128316.792212, 0.270307, 9601.339559, 114927.408413, 0.208782, 1683, 92.0225601196289, 7835479, 56536677, 136533887, 200906043, 25442.601456582546, 24.599248349666595, 265177.056709, inf, 811.7142857142857, 1482.32170349525, 142055.89042, 59617.27951, 0.071574, 5173.228685, 58330.53353, 0.05299, 833, 46.88801193237305, 3858079, 69955977, 65140879, 138954935
39774, 39774, 0, 0, greedy_19.000000, 26035.24130743742, 97.40567922592163, 547817.687358, inf, 199.86934673366835, 465.131648317342, 50870.484157, 227817.127017, 1.42936, 20689.573172, 248437.687633, 1.386019, 3781, 173.10792541503906, 15790279, 25481486, 310523727, 351795492, 25675.068930864334, 45.29137468338013, 396743.445939, inf, 401.75757575757575, 990.5289994776753, 114974.184845, 141884.949101, 0.269505, 9601.339559, 130282.45787, 0.245059, 1881, 91.96700286865234, 7835479, 56536677, 151813745, 216185901, 25442.592365682125, 24.590157449245453, 278154.100549, inf, 811.7142857142857, 1482.32170349525, 142055.89042, 65364.08227, 0.091281, 5173.228685, 65560.743071, 0.064822, 931, 46.88801193237305, 3858079, 69955977, 72629451, 146443507
39774, 39774, 0, 0, greedy_21.000000, 26035.24130743742, 97.40567922592163, 591160.826508, inf, 199.86934673366835, 465.131648317342, 50870.484157, 243031.168048, 1.41873, 20689.573172, 276567.17974, 1.002661, 4179, 173.10792541503906, 15790279, 25481486, 341674391, 382946156, 25674.364759981632, 44.58720380067825, 423204.900478, inf, 401.75757575757575, 990.5289994776753, 114974.184845, 153087.221073, 0.348002, 9601.339559, 145541.550167, 0.256832, 2079, 91.91144561767578, 7835479, 56536677, 167093603, 231465759, 25442.491175234318, 24.48896700143814, 290954.135093, inf, 811.7142857142857, 1482.32170349525, 142055.89042, 71257.902048, 0.070883, 5173.228685, 72466.969018, 0.074039, 1029, 46.86579132080078, 3858079, 69955977, 80118023, 153932079
39774, 39774, 0, 0, greedy_23.000000, 26035.24130743742, 97.40567922592163, 632760.2965739999, inf, 199.86934673366835, 465.131648317342, 50870.484157, 256676.778468, 1.233653, 20689.573172, 304521.130768, 1.096356, 4577, 173.10792541503906, 15790279, 25481486, 372825055, 414096820, 25673.221630871296, 43.44407469034195, 447289.849315, inf, 401.75757575757575, 990.5289994776753, 114974.184845, 162922.825703, 0.342913, 9601.339559, 159790.82291, 0.333385, 2277, 91.8232192993164, 7835479, 56536677, 182373461, 246745617, 25442.243467390537, 24.241259157657623, 303727.22370599996, inf, 811.7142857142857, 1482.32170349525, 142055.89042, 77787.366607, 0.069981, 5173.228685, 78710.595236, 0.072777, 1127, 46.857242584228516, 3858079, 69955977, 87606595, 161420651
39774, 39774, 0, 0, greedy_25.000000, 26035.24130743742, 97.40567922592163, 683641.805482, inf, 199.86934673366835, 465.131648317342, 50870.484157, 276462.599324, 1.243843, 20689.573172, 335616.682273, 1.222713, 4975, 173.10792541503906, 15790279, 25481486, 403975719, 445247484, 25671.65467530489, 41.8771191239357, 471782.302235, inf, 401.75757575757575, 990.5289994776753, 114974.184845, 174135.645892, 0.276278, 9601.339559, 173070.544017, 0.311644, 2475, 91.6841812133789, 7835479, 56536677, 197653319, 262025475, 25442.243467390537, 24.241259157657623, 318433.72604700003, inf, 811.7142857142857, 1482.32170349525, 142055.89042, 84510.340342, 0.087514, 5173.228685, 86694.093877, 0.085209, 1225, 46.8380126953125, 3858079, 69955977, 95095167, 168909223
39774, 39774, 0, 0, greedy_27.000000, 26035.24130743742, 97.40567922592163, 714558.9883069999, inf, 199.86934673366835, 465.131648317342, 50870.484157, 285159.161118, 1.256056, 20689.573172, 357837.185773, 1.328031, 5373, 173.10792541503906, 15790279, 25481486, 435126383, 476398148, 25670.849268496037, 41.07171231508255, 496368.594479, inf, 401.75757575757575, 990.5289994776753, 114974.184845, 183640.659442, 0.276078, 9601.339559, 188151.788536, 0.346019, 2673, 91.41144561767578, 7835479, 56536677, 212933177, 277305333, 25441.83732908964, 23.835120856761932, 331577.43754, inf, 811.7142857142857, 1482.32170349525, 142055.89042, 90151.205365, 0.089358, 5173.228685, 94196.94218, 0.081532, 1323, 46.8380126953125, 3858079, 69955977, 102583739, 176397795
39774, 39774, 0, 0, greedy_29.000000, 26035.24130743742, 97.40567922592163, 767354.1714160001, inf, 199.86934673366835, 465.131648317342, 50870.484157, 305984.37497, 1.251607, 20689.573172, 389807.108805, 1.378705, 5771, 173.10792541503906, 15790279, 25481486, 466277047, 507548812, 25670.849268496037, 41.07171231508255, 517159.02644600003, inf, 401.75757575757575, 990.5289994776753, 114974.184845, 193077.516907, 0.273172, 9601.339559, 199505.350174, 0.361789, 2871, 91.41144561767578, 7835479, 56536677, 228213035, 292585191, 25441.754556059837, 23.752347826957703, 345460.764741, inf, 811.7142857142857, 1482.32170349525, 142055.89042, 96674.2843, 0.071954, 5173.228685, 101557.196488, 0.092894, 1421, 46.81528854370117, 3858079, 69955977, 110072311, 183886367
39774, 39774, 0, 0, greedy_3.000000, 26048.98223757744, 111.1466093659401, 177878.227067, inf, 199.86934673366835, 465.131648317342, 50870.484157, 76396.445233, 1.275783, 20689.573172, 29920.313578, 0.135144, 597, 174.0170135498047, 15790279, 25481486, 61318415, 102590180, 25682.6777805686, 52.90022438764572, 178370.36587299997, inf, 401.75757575757575, 990.5289994776753, 114974.184845, 39093.293961, 0.353333, 9601.339559, 14701.155202, 0.038973, 297, 92.41144561767578, 7835479, 56536677, 29574881, 93947037, 25446.283567607403, 28.281359374523163, 169694.62947700004, inf, 811.7142857142857, 1482.32170349525, 142055.89042, 15328.864101, 0.070663, 5173.228685, 7136.561912, 0.013696, 147, 47.0880126953125, 3858079, 69955977, 12720875, 86534931
39774, 39774, 0, 0, greedy_31.000000, 26035.24130743742, 97.40567922592163, 809394.6407280001, inf, 199.86934673366835, 465.131648317342, 50870.484157, 320513.085036, 1.414593, 20689.573172, 417318.618452, 1.465318, 6169, 173.10792541503906, 15790279, 25481486, 497427711, 538699476, 25670.849268496037, 41.07171231508255, 543328.75066, inf, 401.75757575757575, 990.5289994776753, 114974.184845, 200089.594777, 0.276348, 9601.339559, 218662.952045, 0.403086, 3069, 91.41144561767578, 7835479, 56536677, 243492893, 307865049, 25441.52825009823, 23.526041865348816, 358238.38882500003, inf, 811.7142857142857, 1482.32170349525, 142055.89042, 102348.149255, 0.06967, 5173.228685, 108660.937012, 0.113783, 1519, 46.80229949951172, 3858079, 69955977, 117560883, 191374939
39774, 39774, 0, 0, greedy_33.000000, 26035.24130743742, 97.40567922592163, 838568.86555, inf, 199.86934673366835, 465.131648317342, 50870.484157, 325757.516986, 1.259502, 20689.573172, 441248.45183, 1.579903, 6567, 173.10792541503906, 15790279, 25481486, 528578375, 569850140, 25670.849268496037, 41.07171231508255, 565593.024155, inf, 401.75757575757575, 990.5289994776753, 114974.184845, 207941.123325, 0.274174, 9601.339559, 233075.682495, 0.419757, 3267, 91.41144561767578, 7835479, 56536677, 258772751, 323144907, 25440.949548780918, 22.947340548038483, 371707.03704200004, inf, 811.7142857142857, 1482.32170349525, 142055.89042, 108790.6792, 0.086081, 5173.228685, 115687.035757, 0.116899, 1617, 46.78801345825195, 3858079, 69955977, 125049455, 198863511
39774, 39774, 0, 0, greedy_35.000000, 26035.24130743742, 97.40567922592163, 887835.7087659999, inf, 199.86934673366835, 465.131648317342, 50870.484157, 346963.420381, 1.425573, 20689.573172, 469308.948781, 1.856702, 6965, 173.10792541503906, 15790279, 25481486, 559729039, 601000804, 25670.849268496037, 41.07171231508255, 587153.289057, inf, 401.75757575757575, 990.5289994776753, 114974.184845, 215384.206151, 0.272982, 9601.339559, 247192.851637, 0.433883, 3465, 91.41144561767578, 7835479, 56536677, 274052609, 338424765, 25440.39833575487, 22.39612752199173, 384537.577457, inf, 811.7142857142857, 1482.32170349525, 142055.89042, 114691.858563, 0.087204, 5173.228685, 122616.407067, 0.105518, 1715, 46.7755126953125, 3858079, 69955977, 132538027, 206352083
39774, 39774, 0, 0, greedy_37.000000, 26035.24130743742, 97.40567922592163, 934878.8070500001, inf, 199.86934673366835, 465.131648317342, 50870.484157, 361127.234299, 1.280351, 20689.573172, 502188.461065, 1.774006, 7363, 173.10792541503906, 15790279, 25481486, 590879703, 632151468, 25670.849268496037, 41.07171231508255, 608075.0582290001, inf, 401.75757575757575, 990.5289994776753, 114974.184845, 222113.876558, 0.273643, 9601.339559, 261384.919945, 0.463679, 3663, 91.41144561767578, 7835479, 56536677, 289332467, 353704623, 25440.09404283762, 22.091834604740143, 397209.711873, inf, 811.7142857142857, 1482.32170349525, 142055.89042, 120435.317629, 0.06928, 5173.228685, 129545.088399, 0.11746, 1813, 46.75468063354492, 3858079, 69955977, 140026599, 213840655
39774, 39774, 0, 0, greedy_39.000000, 26035.24130743742, 97.40567922592163, 974937.6122280001, inf, 199.86934673366835, 465.131648317342, 50870.484157, 378236.125951, 1.28498, 20689.573172, 525138.259224, 1.884744, 7761, 173.10792541503906, 15790279, 25481486, 622030367, 663302132, 25670.849268496037, 41.07171231508255, 631178.8093170001, inf, 401.75757575757575, 990.5289994776753, 114974.184845, 230642.876228, 0.274004, 9601.339559, 275959.656865, 0.477816, 3861, 91.41144561767578, 7835479, 56536677, 304612325, 368984481, 25439.770233273506, 21.768025040626526, 410730.869671, inf, 811.7142857142857, 1482.32170349525, 142055.89042, 126390.577459, 0.0696, 5173.228685, 137110.982009, 0.121498, 1911, 46.75468063354492, 3858079, 69955977, 147515171, 221329227
39774, 39774, 0, 0, greedy_5.000000, 26044.92085558176, 107.08522737026215, 233376.57133799998, inf, 199.86934673366835, 465.131648317342, 50870.484157, 102999.557659, 1.508599, 20689.573172, 58815.209935, 0.237816, 995, 173.8002471923828, 15790279, 25481486, 92469079, 133740844, 25681.85139721632, 52.07384103536606, 205701.99279800002, inf, 401.75757575757575, 990.5289994776753, 114974.184845, 51734.492479, 0.342512, 9601.339559, 29391.558572, 0.074831, 495, 92.26859283447266, 7835479, 56536677, 44854739, 109226895, 25445.547745049, 27.545536816120148, 182232.29799900003, inf, 811.7142857142857, 1482.32170349525, 142055.89042, 20443.58139, 0.076964, 5173.228685, 14559.500362, 0.020178, 245, 47.013938903808594, 3858079, 69955977, 20209447, 94023503
39774, 39774, 0, 0, greedy_7.000000, 26041.119644403458, 103.28401619195938, 287533.00621699996, inf, 199.86934673366835, 465.131648317342, 50870.484157, 128549.394136, 1.221791, 20689.573172, 87421.783301, 0.54966, 1393, 173.64639282226562, 15790279, 25481486, 123619743, 164891508, 25681.05625075102, 51.278694570064545, 233544.1744, inf, 401.75757575757575, 990.5289994776753, 114974.184845, 65196.61733, 0.351359, 9601.339559, 43771.588453, 0.092854, 693, 92.22394561767578, 7835479, 56536677, 60134597, 124506753, 25445.04173475504, 27.039526522159576, 196167.012904, inf, 811.7142857142857, 1482.32170349525, 142055.89042, 27095.449491, 0.087224, 5173.228685, 21842.330544, 0.02654, 343, 46.97690200805664, 3858079, 69955977, 27698019, 101512075
39774, 39774, 0, 0, greedy_9.000000, 26035.348450303078, 97.51282209157944, 338226.69009, inf, 199.86934673366835, 465.131648317342, 50870.484157, 152253.691029, 1.227822, 20689.573172, 114411.075713, 0.638197, 1791, 173.2507781982422, 15790279, 25481486, 154770407, 196042172, 25680.330463588238, 50.55290740728378, 261789.80816900003, inf, 401.75757575757575, 990.5289994776753, 114974.184845, 78912.607888, 0.347512, 9601.339559, 58301.214842, 0.113523, 891, 92.1841812133789, 7835479, 56536677, 75414455, 139786611, 25444.413141429424, 26.410933196544647, 209840.893129, inf, 811.7142857142857, 1482.32170349525, 142055.89042, 33398.413971, 0.087905, 5173.228685, 29213.23604, 0.036108, 441, 46.957576751708984, 3858079, 69955977, 35186591, 109000647
39774, 39774, 0, 0, opt, 26003.33165359497, 65.49602538347244, 2699775.862258, inf, 199.86934673366835, 465.131648317342, 50870.484157, 2628214.744901, 1.060028, 20689.573172, 0, 0, 0, 0, 15790279, 25481486, 1509311246, 1550583011, 25656.641119778156, 26.8635635972023, 2704657.290492, inf, 401.75757575757575, 990.5289994776753, 114974.184845, 2580081.504829, 0.261259, 9601.339559, 0, 0, 0, 0, 7835479, 56536677, 1486568147, 1550940303, 25429.012237131596, 11.010028898715973, 2761935.86743, inf, 811.7142857142857, 1482.32170349525, 142055.89042, 2614706.675919, 0.072406, 5173.228685, 0, 0, 0, 0, 3858079, 69955977, 1453875200, 1527689256
39774, 39774, 0, 0, plus_edge, 26054.869442522526, 117.03381431102753, 95545.104655, inf, 199.86934673366835, 465.131648317342, 50870.484157, 23983.991117, 1.056209, 20689.573172, 0, 0, 0, 0, 15790279, 25481486, 15424398, 56696163, 25686.865649998188, 57.08809381723404, 136788.06816, inf, 401.75757575757575, 990.5289994776753, 114974.184845, 12212.271856, 0.2719, 9601.339559, 0, 0, 0, 0, 7835479, 56536677, 7570108, 71942264, 25448.024370610714, 30.02216237783432, 153461.60913300002, inf, 811.7142857142857, 1482.32170349525, 142055.89042, 6232.417081, 0.072947, 5173.228685, 0, 0, 0, 0, 3858079, 69955977, 3665664, 77479720
39774, 39774, 0, 0, simple, 26058.28823053837, 120.45260232686996, 96091.381898, inf, 199.86934673366835, 465.131648317342, 50870.484157, 24530.273259, 1.05131, 20689.573172, 0, 0, 0, 0, 15790279, 25481486, 15385194, 56656959, 25687.354352593422, 57.57679641246796, 136753.903364, inf, 401.75757575757575, 990.5289994776753, 114974.184845, 12178.103764, 0.275196, 9601.339559, 0, 0, 0, 0, 7835479, 56536677, 7560504, 71932660, 25448.443129479885, 30.440921247005463, 153459.37688700002, inf, 811.7142857142857, 1482.32170349525, 142055.89042, 6230.185316, 0.072466, 5173.228685, 0, 0, 0, 0, 3858079, 69955977, 3663360, 77477416
39774, 39774, 0, 0, dp_1.000000, 26013.609998881817, 119.58861523866653, 81492.457985, inf, 199.86934673366835, 394.17507909554007, 38830.411255, 23111.347505, 1.316047, 19473.24399, 76.127797, 0.011391, 199, 0, 15790279, 19414627, 15471103, 50676009, 25728.800157785416, 59.58782696723938, 85077.32942999998, inf, 401.75757575757575, 703.5005846078718, 63569.874848, 12052.816205, 0.359323, 9378.116148, 76.158247, 0.004659, 99, 0, 7835479, 32468063, 7569213, 47872755, 25486.719566881657, 29.096906900405884, 105957.85425199999, inf, 811.7142857142857, 1176.5199634896962, 94898.366017, 5844.519602, 0.07452, 5139.754567, 75.135939, 0.003607, 49, 0, 3858079, 50035556, 3677023, 57570658
39774, 39774, 0, 0, dp_11.000000, 25983.59829747677, 89.57691383361816, 455415.353662, inf, 199.86934673366835, 394.17507909554007, 38830.411255, 259279.399801, 1.079775, 19473.24399, 137581.145434, 250.073407, 2189, 107.66132354736328, 15790279, 19414627, 249712013, 284916919, 25713.44853645563, 44.23620563745499, 276894.69198400003, inf, 401.75757575757575, 703.5005846078718, 63569.874848, 131645.219968, 0.349836, 9378.116148, 72271.691256, 29.439928, 1089, 69.16349029541016, 7835479, 32468063, 122599425, 162902967, 25478.839658796787, 21.2169988155365, 200912.002527, inf, 811.7142857142857, 1176.5199634896962, 94898.366017, 65868.096571, 0.092834, 5139.754567, 35001.951954, 3.740584, 539, 38.795188903808594, 3858079, 50035556, 60223497, 114117132
39774, 39774, 0, 0, dp_13.000000, 25981.18114489317, 87.15976125001907, 535317.1847430001, inf, 199.86934673366835, 394.17507909554007, 38830.411255, 311240.656212, 1.30639, 19473.24399, 165414.377878, 357.189018, 2587, 100.0141372680664, 15790279, 19414627, 296560195, 331765101, 25712.364764630795, 43.152433812618256, 316468.67716200004, inf, 401.75757575757575, 703.5005846078718, 63569.874848, 157533.903365, 0.348774, 9378.116148, 85944.938812, 41.495215, 1287, 66.52043151855469, 7835479, 32468063, 145687017, 185990559, 25478.860414922237, 21.237754940986633, 220647.537816, inf, 811.7142857142857, 1176.5199634896962, 94898.366017, 78458.029929, 0.098114, 5139.754567, 42146.178686, 5.110503, 637, 38.11829376220703, 3858079, 50035556, 71583567, 125477202
39774, 39774, 0, 0, dp_15.000000, 25979.65548455715, 85.63410091400146, 605979.595395, inf, 199.86934673366835, 394.17507909554007, 38830.411255, 351711.38756, 1.55201, 19473.24399, 195495.032585, 467.967995, 2985, 93.32926940917969, 15790279, 19414627, 343331737, 378536643, 25710.955151617527, 41.74282079935074, 357340.946536, inf, 401.75757575757575, 703.5005846078718, 63569.874848, 183801.772188, 0.353473, 9378.116148, 100534.88197, 55.947909, 1485, 64.1167984008789, 7835479, 32468063, 168774609, 209078151, 25478.059970140457, 20.43731015920639, 241389.133846, inf, 811.7142857142857, 1176.5199634896962, 94898.366017, 91166.17211, 0.091642, 5139.754567, 50178.017537, 6.731973, 735, 37.32344055175781, 3858079, 50035556, 82798565, 136692200
39774, 39774, 0, 0, dp_17.000000, 25977.473828613758, 83.45244497060776, 682477.066355, inf, 199.86934673366835, 394.17507909554007, 38830.411255, 406674.537231, 1.547512, 19473.24399, 216892.802062, 604.524305, 3383, 87.32459259033203, 15790279, 19414627, 390179919, 425384825, 25709.9543607831, 40.74202996492386, 395119.835687, inf, 401.75757575757575, 703.5005846078718, 63569.874848, 207612.160127, 0.35225, 9378.116148, 114486.740695, 72.591619, 1683, 61.927799224853516, 7835479, 32468063, 191862201, 232165743, 25477.670316636562, 20.047656655311584, 258881.96589399996, inf, 811.7142857142857, 1176.5199634896962, 94898.366017, 102326.191992, 0.097533, 5139.754567, 56508.534798, 9.020987, 833, 36.64670944213867, 3858079, 50035556, 94194903, 148088538
39774, 39774, 0, 0, dp_19.000000, 25975.79049795866, 81.7691143155098, 746127.240351, inf, 199.86934673366835, 394.17507909554007, 38830.411255, 445218.926369, 1.559284, 19473.24399, 241816.452236, 786.647217, 3781, 82.02153015136719, 15790279, 19414627, 437028101, 472233007, 25709.16433686018, 39.95200604200363, 433576.20961200004, inf, 401.75757575757575, 703.5005846078718, 63569.874848, 233847.507776, 0.343705, 9378.116148, 126688.703046, 91.664089, 1881, 60.06681442260742, 7835479, 32468063, 214949793, 255253335, 25477.399803757668, 19.77714377641678, 282674.43462400005, inf, 811.7142857142857, 1176.5199634896962, 94898.366017, 119570.359173, 0.095519, 5139.754567, 63054.697096, 11.162252, 931, 36.104705810546875, 3858079, 50035556, 105446169, 159339804
39774, 39774, 0, 0, dp_21.000000, 25974.188946783543, 80.1675631403923, 821549.011796, inf, 199.86934673366835, 394.17507909554007, 38830.411255, 491630.13273, 1.384275, 19473.24399, 270676.608041, 937.231505, 4179, 77.24024200439453, 15790279, 19414627, 483837963, 519042869, 25708.300695717335, 39.08836489915848, 473795.647491, inf, 401.75757575757575, 703.5005846078718, 63569.874848, 261433.38723, 0.350478, 9378.116148, 139300.384783, 113.534004, 2079, 58.289127349853516, 7835479, 32468063, 238037385, 278340927, 25477.1668035388, 19.544143557548523, 302126.536156, inf, 811.7142857142857, 1176.5199634896962, 94898.366017, 130474.45376, 0.092724, 5139.754567, 71600.528721, 13.340367, 1029, 35.35560989379883, 3858079, 50035556, 116769971, 170663606
39774, 39774, 0, 0, dp_23.000000, 25973.123717606068, 79.10233396291733, 898625.507776, inf, 199.86934673366835, 394.17507909554007, 38830.411255, 538768.653902, 1.342628, 19473.24399, 300428.710423, 1123.145578, 4577, 72.71295166015625, 15790279, 19414627, 530724465, 565929371, 25707.53831011057, 38.32597929239273, 512031.62602, inf, 401.75757575757575, 703.5005846078718, 63569.874848, 282791.614688, 0.35744, 9378.116148, 156155.165768, 136.497128, 2277, 56.55276107788086, 7835479, 32468063, 261124977, 301428519, 25476.889654397964, 19.266994416713715, 317891.81327, inf, 811.7142857142857, 1176.5199634896962, 94898.366017, 139145.676722, 0.091802, 5139.754567, 78691.886367, 16.037795, 1127, 34.712501525878906, 3858079, 50035556, 128093773, 181987408
39774, 39774, 0, 0, dp_25.000000, 25972.76657474041, 78.74519109725952, 968852.306605, inf, 199.86934673366835, 394.17507909554007, 38830.411255, 588970.399099, 1.316048, 19473.24399, 320252.523775, 1324.412438, 4975, 68.58782958984375, 15790279, 19414627, 577419367, 612624273, 25706.539625823498, 37.3272950053215, 547365.662508, inf, 401.75757575757575, 703.5005846078718, 63569.874848, 304603.132331, 0.359163, 9378.116148, 169652.001737, 162.178281, 2475, 54.879112243652344, 7835479, 32468063, 284212569, 324516111, 25476.634526073933, 19.011866092681885, 340751.09541899996, inf, 811.7142857142857, 1176.5199634896962, 94898.366017, 155176.511448, 0.093115, 5139.754567, 85517.335135, 19.035137, 1225, 34.199920654296875, 3858079, 50035556, 139417575, 193311210
39774, 39774, 0, 0, dp_27.000000, 25972.38562232256, 78.36423867940903, 1058124.772436, inf, 199.86934673366835, 394.17507909554007, 38830.411255, 651414.751054, 1.336777, 19473.24399, 346858.34258, 1546.68678, 5373, 64.73847961425781, 15790279, 19414627, 624267549, 659472455, 25706.29398483038, 37.08165401220322, 590728.174867, inf, 401.75757575757575, 703.5005846078718, 63569.874848, 334765.583401, 0.332604, 9378.116148, 182825.09999, 189.167876, 2673, 53.435951232910156, 7835479, 32468063, 307300161, 347603703, 25476.021317064762, 18.398657083511353, 358324.90728899994, inf, 811.7142857142857, 1176.5199634896962, 94898.366017, 165479.048239, 0.091542, 5139.754567, 92785.453776, 22.193148, 1323, 33.48096466064453, 3858079, 50035556, 150741377, 204635012
39774, 39774, 0, 0, dp_29.000000, 25971.276098430157, 77.25471478700638, 1124745.2526780001, inf, 199.86934673366835, 394.17507909554007, 38830.411255, 690036.426459, 1.352937, 19473.24399, 374615.350843, 1788.467194, 5771, 61.097679138183594, 15790279, 19414627, 671230691, 706435597, 25705.978992044926, 36.76666122674942, 629903.0761509999, inf, 401.75757575757575, 703.5005846078718, 63569.874848, 360253.647994, 0.347692, 9378.116148, 196481.795112, 219.294357, 2871, 52.02146530151367, 7835479, 32468063, 330387753, 370691295, 25475.475579619408, 17.85291963815689, 374418.56189099996, inf, 811.7142857142857, 1176.5199634896962, 94898.366017, 174620.267019, 0.093275, 5139.754567, 99734.392723, 25.68829, 1421, 32.96613311767578, 3858079, 50035556, 162065179, 215958814
39774, 39774, 0, 0, dp_3.000000, 26002.182535409927, 108.16115176677704, 155180.638289, inf, 199.86934673366835, 394.17507909554007, 38830.411255, 68372.114554, 2.124614, 19473.24399, 28489.510321, 13.233555, 597, 155.11880493164062, 15790279, 19414627, 62319285, 97524191, 25723.108101069927, 53.895770251750946, 120815.40845799999, inf, 401.75757575757575, 703.5005846078718, 63569.874848, 33631.956699, 0.356709, 9378.116148, 14233.562083, 1.541971, 297, 85.04254150390625, 7835479, 32468063, 30249057, 70552599, 25483.38032478094, 25.757664799690247, 124027.84803299997, inf, 811.7142857142857, 1176.5199634896962, 94898.366017, 17006.801669, 0.090269, 5139.754567, 6982.618374, 0.217137, 147, 43.81526184082031, 3858079, 50035556, 14964557, 68858192
39774, 39774, 0, 0, dp_31.000000, 25970.332672655582, 76.3112890124321, 1200527.740757, inf, 199.86934673366835, 394.17507909554007, 38830.411255, 737981.850495, 1.324925, 19473.24399, 402195.228646, 2045.681446, 6169, 57.86405563354492, 15790279, 19414627, 717765838, 752970744, 25705.61873561144, 36.40640479326248, 665864.985697, inf, 401.75757575757575, 703.5005846078718, 63569.874848, 384570.519964, 0.340729, 9378.116148, 208095.400884, 250.733124, 3069, 50.63949966430664, 7835479, 32468063, 353475345, 393778887, 25475.220451295376, 17.59779131412506, 397122.75339900004, inf, 811.7142857142857, 1176.5199634896962, 94898.366017, 190367.098495, 0.099406, 5139.754567, 106687.920247, 29.514667, 1519, 32.39162063598633, 3858079, 50035556, 173388981, 227282616
39774, 39774, 0, 0, dp_33.000000, 25969.758394241333, 75.73701059818268, 1286051.1599150002, inf, 199.86934673366835, 394.17507909554007, 38830.411255, 794211.275879, 1.356294, 19473.24399, 431216.928711, 2317.943786, 6567, 54.69154739379883, 15790279, 19414627, 764965375, 800170281, 25705.567858457565, 36.35552763938904, 703098.207665, inf, 401.75757575757575, 703.5005846078718, 63569.874848, 405860.307387, 0.346029, 9378.116148, 224005.251548, 284.311705, 3267, 49.43980407714844, 7835479, 32468063, 376562937, 416866479, 25475.337179124355, 17.714519143104553, 413252.01216600003, inf, 811.7142857142857, 1176.5199634896962, 94898.366017, 199520.41161, 0.093585, 5139.754567, 113659.911914, 33.474473, 1617, 31.871793746948242, 3858079, 50035556, 184712783, 238606418
39774, 39774, 0, 0, dp_35.000000, 25969.594902157784, 75.57351851463318, 1371081.714738, inf, 199.86934673366835, 394.17507909554007, 38830.411255, 844133.36522, 1.46645, 19473.24399, 466037.004042, 2606.223781, 6965, 51.94828796386719, 15790279, 19414627, 811423882, 846628788, 25704.744121074677, 35.531790256500244, 743680.154221, inf, 401.75757575757575, 703.5005846078718, 63569.874848, 435107.271168, 0.350016, 9378.116148, 235304.719134, 319.822907, 3465, 48.034297943115234, 7835479, 32468063, 399650529, 439954071, 25475.109828591347, 17.487168610095978, 436281.20422, inf, 811.7142857142857, 1176.5199634896962, 94898.366017, 215593.233816, 0.098255, 5139.754567, 120611.969864, 37.781701, 1715, 31.366329193115234, 3858079, 50035556, 196036585, 249930220
39774, 39774, 0, 0, dp_37.000000, 25969.05357813835, 75.03219449520111, 1446897.7253160002, inf, 199.86934673366835, 394.17507909554007, 38830.411255, 894687.12519, 1.310627, 19473.24399, 490989.312427, 2916.321827, 7363, 49.22627639770508, 15790279, 19414627, 858310384, 893515290, 25704.44650197029, 35.23417115211487, 786056.4752280001, inf, 401.75757575757575, 703.5005846078718, 63569.874848, 461098.166091, 0.351248, 9378.116148, 251651.692302, 358.274591, 3663, 46.81959915161133, 7835479, 32468063, 422738121, 463041663, 25475.17354273796, 17.550882756710052, 448702.94221699995, inf, 811.7142857142857, 1176.5199634896962, 94898.366017, 221989.754023, 0.075232, 5139.754567, 126632.676935, 42.315443, 1813, 30.83390998840332, 3858079, 50035556, 207360387, 261254022
39774, 39774, 0, 0, dp_39.000000, 25968.36932492256, 74.34794127941132, 1513528.808146, inf, 199.86934673366835, 394.17507909554007, 38830.411255, 932632.797604, 1.335034, 19473.24399, 519351.420796, 3239.599467, 7761, 46.60114288330078, 15790279, 19414627, 905158566, 940363472, 25703.941235005856, 34.72890418767929, 827517.2481860002, inf, 401.75757575757575, 703.5005846078718, 63569.874848, 488082.600815, 0.35715, 9378.116148, 266088.488473, 397.810752, 3861, 45.67009735107422, 7835479, 32468063, 445825713, 486129255, 25474.946192204952, 17.323532223701477, 471123.91712500004, inf, 811.7142857142857, 1176.5199634896962, 94898.366017, 236816.880781, 0.097994, 5139.754567, 134221.63724, 47.180526, 1911, 30.3779296875, 3858079, 50035556, 218466581, 272360216
39774, 39774, 0, 0, dp_5.000000, 25994.600319981575, 100.57893633842468, 232161.106205, inf, 199.86934673366835, 394.17507909554007, 38830.411255, 117490.054577, 2.534213, 19473.24399, 56320.710918, 44.151252, 995, 138.59849548339844, 15790279, 19414627, 109167467, 144372373, 25719.095909416676, 49.8835785984993, 160274.92818699998, inf, 401.75757575757575, 703.5005846078718, 63569.874848, 58569.419481, 0.358111, 9378.116148, 28751.83299, 5.326609, 495, 79.27603149414062, 7835479, 32468063, 53336649, 93640191, 25481.996362566948, 24.373702585697174, 142823.894301, inf, 811.7142857142857, 1176.5199634896962, 94898.366017, 28831.614954, 0.094688, 5139.754567, 13953.402735, 0.66134, 245, 42.17012405395508, 3858079, 50035556, 26252091, 80145726
39774, 39774, 0, 0, dp_7.000000, 25989.463379085064, 95.4419954419136, 306636.416424, inf, 199.86934673366835, 394.17507909554007, 38830.411255, 163988.587734, 1.090034, 19473.24399, 84240.823984, 102.259427, 1393, 126.1937255859375, 15790279, 19414627, 156015649, 191220555, 25716.35963702202, 47.14730620384216, 199242.86731300002, inf, 401.75757575757575, 703.5005846078718, 63569.874848, 82694.065826, 0.352992, 9378.116148, 43588.832409, 11.62509, 693, 75.29588317871094, 7835479, 32468063, 76424241, 116727783, 25480.630468845367, 23.00780886411667, 162307.584042, inf, 811.7142857142857, 1176.5199634896962, 94898.366017, 41267.401235, 0.095249, 5139.754567, 21000.399225, 1.567749, 343, 40.83043670654297, 3858079, 50035556, 37575893, 91469528
39774, 39774, 0, 0, dp_9.000000, 25986.03633850813, 92.01495486497879, 377525.24147799995, inf, 199.86934673366835, 394.17507909554007, 38830.411255, 208967.250946, 1.333691, 19473.24399, 110090.261545, 162.740051, 1791, 116.1312484741211, 15790279, 19414627, 202863831, 238068737, 25714.862639665604, 45.65030884742737, 238507.012604, inf, 401.75757575757575, 703.5005846078718, 63569.874848, 107599.973444, 0.35719, 9378.116148, 57939.453478, 19.237496, 891, 72.08379364013672, 7835479, 32468063, 99511833, 139815375, 25479.449701189995, 21.82704120874405, 182049.70400899998, inf, 811.7142857142857, 1176.5199634896962, 94898.366017, 54053.227924, 0.095259, 5139.754567, 27955.76347, 2.496772, 441, 39.691741943359375, 3858079, 50035556, 48899695, 102793330
39774, 39774, 0, 0, fixed_reps_1, 26013.609998881817, 119.58861523866653, 82179.455532, inf, 199.86934673366835, 394.17507909554007, 38830.411255, 23795.622437, 1.268909, 19473.24399, 78.908941, 0, 199, 195.7871856689453, 15790279, 19414627, 15471103, 50676009, 25728.800157785416, 59.58782696723938, 85061.46266099998, inf, 401.75757575757575, 703.5005846078718, 63569.874848, 12030.667601, 0.296917, 9378.116148, 82.507147, 0, 99, 97.9240493774414, 7835479, 32468063, 7569213, 47872755, 25486.719566881657, 29.096906900405884, 105900.65140199997, inf, 811.7142857142857, 1176.5199634896962, 94898.366017, 5781.695847, 0.075722, 5139.754567, 80.759249, 0, 49, 48.4163932800293, 3858079, 50035556, 3677023, 57570658
39774, 39774, 0, 0, fixed_reps_11, 25988.641434788704, 94.62005114555359, 347379.04306500003, inf, 199.86934673366835, 394.17507909554007, 38830.411255, 288238.024217, 1.283537, 19473.24399, 836.080066, 0, 2189, 157.37571716308594, 15790279, 19414627, 170180143, 205385049, 25716.379633188248, 47.16730237007141, 228569.270493, inf, 401.75757575757575, 703.5005846078718, 63569.874848, 154770.088411, 0.350758, 9378.116148, 850.840328, 0, 1089, 86.61618041992188, 7835479, 32468063, 83260353, 123563895, 25480.010420084, 22.38776010274887, 177992.46361599996, inf, 811.7142857142857, 1176.5199634896962, 94898.366017, 77079.257969, 0.096822, 5139.754567, 874.988241, 0, 539, 43.82990264892578, 3858079, 50035556, 40446763, 94340398
39774, 39774, 0, 0, fixed_reps_13, 25987.159119188786, 93.13773554563522, 396413.224553, inf, 199.86934673366835, 394.17507909554007, 38830.411255, 337125.64765, 1.288125, 19473.24399, 982.633533, 0, 2587, 152.0591278076172, 15790279, 19414627, 201121951, 236326857, 25714.741290926933, 45.52896010875702, 250059.805838, inf, 401.75757575757575, 703.5005846078718, 63569.874848, 176141.540684, 0.355656, 9378.116148, 969.918502, 0, 1287, 84.2195053100586, 7835479, 32468063, 98398581, 138702123, 25479.236249744892, 21.613589763641357, 191218.766025, inf, 811.7142857142857, 1176.5199634896962, 94898.366017, 90156.704897, 0.097263, 5139.754567, 1023.843281, 0, 637, 43.52881622314453, 3858079, 50035556, 47800711, 101694346
39774, 39774, 0, 0, fixed_reps_15, 25986.31519395113, 92.29381030797958, 437255.981915, inf, 199.86934673366835, 394.17507909554007, 38830.411255, 377813.683781, 1.237131, 19473.24399, 1137.405758, 0, 2985, 146.21791076660156, 15790279, 19414627, 232063759, 267268665, 25714.294068694115, 45.081737875938416, 279449.009195, inf, 401.75757575757575, 703.5005846078718, 63569.874848, 205390.466964, 0.351569, 9378.116148, 1110.199666, 0, 1485, 83.47838592529297, 7835479, 32468063, 113536809, 153840351, 25479.147788167, 21.525128185749054, 203875.735494, inf, 811.7142857142857, 1176.5199634896962, 94898.366017, 102672.005783, 0.098284, 5139.754567, 1165.510843, 0, 735, 43.2433967590332, 3858079, 50035556, 55154659, 109048294
39774, 39774, 0, 0, fixed_reps_17, 25983.77264326811, 89.75125962495804, 484806.237315, inf, 199.86934673366835, 394.17507909554007, 38830.411255, 425225.880639, 1.29577, 19473.24399, 1275.405661, 0, 3383, 141.05667114257812, 15790279, 19414627, 263005567, 298210473, 25713.79860061407, 44.58626979589462, 304381.09711499995, inf, 401.75757575757575, 703.5005846078718, 63569.874848, 230164.064001, 0.352471, 9378.116148, 1268.689647, 0, 1683, 82.68656158447266, 7835479, 32468063, 128675037, 168978579, 25478.38114231825, 20.758482336997986, 216991.83948599998, inf, 811.7142857142857, 1176.5199634896962, 94898.366017, 115648.345633, 0.093525, 5139.754567, 1305.279744, 0, 833, 42.393611907958984, 3858079, 50035556, 62508607, 116402242
39774, 39774, 0, 0, fixed_reps_19, 25982.392269551754, 88.37088590860367, 533381.2724220001, inf, 199.86934673366835, 394.17507909554007, 38830.411255, 473653.145201, 1.519269, 19473.24399, 1422.952707, 0, 3781, 137.0543670654297, 15790279, 19414627, 293947375, 329152281, 25713.49907118082, 44.286740362644196, 330701.958132, inf, 401.75757575757575, 703.5005846078718, 63569.874848, 256351.398137, 0.358773, 9378.116148, 1402.210226, 0, 1881, 82.06114196777344, 7835479, 32468063, 143813265, 184116807, 25478.25100159645, 20.628341615200043, 229149.82635299998, inf, 811.7142857142857, 1176.5199634896962, 94898.366017, 127673.662681, 0.096822, 5139.754567, 1437.946266, 0, 931, 42.172386169433594, 3858079, 50035556, 69862555, 123756190
39774, 39774, 0, 0, fixed_reps_21, 25980.51059770584, 86.48921406269073, 582927.294652, inf, 199.86934673366835, 394.17507909554007, 38830.411255, 523046.244152, 1.2799, 19473.24399, 1576.115355, 0, 4179, 133.23431396484375, 15790279, 19414627, 324889183, 360094089, 25713.271992743015, 44.05966192483902, 354754.391819, inf, 401.75757575757575, 703.5005846078718, 63569.874848, 280265.581192, 0.338805, 9378.116148, 1540.480826, 0, 2079, 80.8736801147461, 7835479, 32468063, 158951493, 199255035, 25477.902283728123, 20.27962374687195, 241535.6893, inf, 811.7142857142857, 1176.5199634896962, 94898.366017, 139930.156616, 0.091321, 5139.754567, 1567.320779, 0, 1029, 41.955745697021484, 3858079, 50035556, 77216503, 131110138
39774, 39774, 0, 0, fixed_reps_23, 25979.856345832348, 85.83496218919754, 638419.33004, inf, 199.86934673366835, 394.17507909554007, 38830.411255, 578343.469731, 1.280642, 19473.24399, 1770.924422, 0, 4577, 129.0128173828125, 15790279, 19414627, 355830991, 391035897, 25712.485946655273, 43.27361583709717, 377837.8714809999, inf, 401.75757575757575, 703.5005846078718, 63569.874848, 303201.686977, 0.345298, 9378.116148, 1687.84821, 0, 2277, 79.04916381835938, 7835479, 32468063, 174089721, 214393263, 25477.8813046813, 20.258644700050354, 253910.485481, inf, 811.7142857142857, 1176.5199634896962, 94898.366017, 152170.134189, 0.097362, 5139.754567, 1702.133346, 0, 1127, 41.79951095581055, 3858079, 50035556, 84570451, 138464086
39774, 39774, 0, 0, fixed_reps_25, 25978.616680324078, 84.59529668092728, 677511.258813, inf, 199.86934673366835, 394.17507909554007, 38830.411255, 617310.542875, 1.457914, 19473.24399, 1895.602779, 0, 4975, 125.95283508300781, 15790279, 19414627, 386772799, 421977705, 25711.8468413949, 42.634510576725006, 406550.460433, inf, 401.75757575757575, 703.5005846078718, 63569.874848, 331779.516742, 0.340098, 9378.116148, 1822.612597, 0, 2475, 77.37864685058594, 7835479, 32468063, 189227949, 229531491, 25477.742110550404, 20.119450569152832, 266055.97001999995, inf, 811.7142857142857, 1176.5199634896962, 94898.366017, 164189.209105, 0.091461, 5139.754567, 1828.54887, 0, 1225, 41.59307861328125, 3858079, 50035556, 91924399, 145818034
39774, 39774, 0, 0, fixed_reps_27, 25977.896442115307, 83.87505847215652, 724667.0508219999, inf, 199.86934673366835, 394.17507909554007, 38830.411255, 664325.163721, 1.489664, 19473.24399, 2036.742192, 0, 5373, 121.69022369384766, 15790279, 19414627, 417714607, 452919513, 25710.656619369984, 41.444288551807404, 431699.105044, inf, 401.75757575757575, 703.5005846078718, 63569.874848, 356791.508934, 0.345779, 9378.116148, 1959.259335, 0, 2673, 76.37635040283203, 7835479, 32468063, 204366177, 244669719, 25477.045755565166, 19.42309558391571, 278381.672746, inf, 811.7142857142857, 1176.5199634896962, 94898.366017, 176378.008835, 0.0956, 5139.754567, 1965.447727, 0, 1323, 40.8538932800293, 3858079, 50035556, 99278347, 153171982
39774, 39774, 0, 0, fixed_reps_29, 25976.846184551716, 82.82480090856552, 771333.3179400001, inf, 199.86934673366835, 394.17507909554007, 38830.411255, 710840.797202, 1.467762, 19473.24399, 2187.397731, 0, 5771, 116.93359375, 15790279, 19414627, 448656415, 483861321, 25710.067177712917, 40.85484689474106, 453126.207795, inf, 401.75757575757575, 703.5005846078718, 63569.874848, 378054.599192, 0.355096, 9378.116148, 2123.262511, 0, 2871, 75.1811752319336, 7835479, 32468063, 219504405, 259807947, 25476.736231684685, 19.11357170343399, 290885.55276199995, inf, 811.7142857142857, 1176.5199634896962, 94898.366017, 188738.280343, 0.089237, 5139.754567, 2109.062598, 0, 1421, 40.67097854614258, 3858079, 50035556, 106632295, 160525930
39774, 39774, 0, 0, fixed_reps_3, 26004.219619214535, 110.19823557138443, 134189.528996, inf, 199.86934673366835, 394.17507909554007, 38830.411255, 75668.585052, 1.295109, 19473.24399, 215.99359, 0, 597, 182.19862365722656, 15790279, 19414627, 46412911, 81617817, 25722.250164687634, 53.037833869457245, 111410.70818799999, inf, 401.75757575757575, 703.5005846078718, 63569.874848, 38250.996693, 0.355397, 9378.116148, 211.365102, 0, 297, 94.41289520263672, 7835479, 32468063, 22707441, 63010983, 25482.012436807156, 24.389776825904846, 119020.28303899999, inf, 811.7142857142857, 1176.5199634896962, 94898.366017, 18764.262785, 0.081412, 5139.754567, 217.818258, 0, 147, 47.520511627197266, 3858079, 50035556, 11030971, 64924606
39774, 39774, 0, 0, fixed_reps_31, 25975.94196856022, 81.92058491706848, 816331.740897, inf, 199.86934673366835, 394.17507909554007, 38830.411255, 755682.311171, 1.316499, 19473.24399, 2344.457982, 0, 6169, 114.39566802978516, 15790279, 19414627, 479598223, 514803129, 25709.63716328144, 40.424832463264465, 474250.76592000003, inf, 401.75757575757575, 703.5005846078718, 63569.874848, 399080.406058, 0.355907, 9378.116148, 2222.012959, 0, 3069, 74.06953430175781, 7835479, 32468063, 234642633, 274946175, 25476.736231684685, 19.11357170343399, 302645.577309, inf, 811.7142857142857, 1176.5199634896962, 94898.366017, 200364.302432, 0.093195, 5139.754567, 2243.061098, 0, 1519, 40.518775939941406, 3858079, 50035556, 113986243, 167879878
39774, 39774, 0, 0, fixed_reps_33, 25974.755381584167, 80.73399794101715, 886721.44488, inf, 199.86934673366835, 394.17507909554007, 38830.411255, 825925.655208, 1.798553, 19473.24399, 2490.335874, 0, 6567, 109.79287719726562, 15790279, 19414627, 510540031, 545744937, 25709.338193058968, 40.12586224079132, 497828.212217, inf, 401.75757575757575, 703.5005846078718, 63569.874848, 422525.971877, 0.34128, 9378.116148, 2353.908064, 0, 3267, 72.34050750732422, 7835479, 32468063, 249780861, 290084403, 25476.736231684685, 19.11357170343399, 314527.11675299995, inf, 811.7142857142857, 1176.5199634896962, 94898.366017, 212121.576449, 0.092053, 5139.754567, 2367.327667, 0, 1617, 40.3909912109375, 3858079, 50035556, 121340191, 175233826
39774, 39774, 0, 0, fixed_reps_35, 25974.354618370533, 80.33323472738266, 927526.2048889999, inf, 199.86934673366835, 394.17507909554007, 38830.411255, 866515.642776, 2.108074, 19473.24399, 2704.798794, 0, 6965, 107.00283813476562, 15790279, 19414627, 541481839, 576686745, 25708.566810011864, 39.35447919368744, 521950.65260999993, inf, 401.75757575757575, 703.5005846078718, 63569.874848, 446510.880921, 0.345177, 9378.116148, 2491.435516, 0, 3465, 71.80533599853516, 7835479, 32468063, 264919089, 305222631, 25476.736231684685, 19.11357170343399, 326932.834146, inf, 811.7142857142857, 1176.5199634896962, 94898.366017, 224398.355398, 0.092624, 5139.754567, 2496.26554, 0, 1715, 40.25991439819336, 3858079, 50035556, 128694139, 182587774
39774, 39774, 0, 0, fixed_reps_37, 25973.85346955061, 79.83208590745926, 956981.7092439999, inf, 199.86934673366835, 394.17507909554007, 38830.411255, 895871.264549, 2.770816, 19473.24399, 2804.018634, 0, 7363, 104.52546691894531, 15790279, 19414627, 572423647, 607628553, 25708.359758734703, 39.147427916526794, 546828.8938020001, inf, 401.75757575757575, 703.5005846078718, 63569.874848, 471242.490922, 0.360175, 9378.116148, 2638.051709, 0, 3663, 70.51480102539062, 7835479, 32468063, 280057317, 320360859, 25476.622506201267, 18.99984622001648, 339158.378859, inf, 811.7142857142857, 1176.5199634896962, 94898.366017, 236491.94354, 0.090259, 5139.754567, 2628.224476, 0, 1813, 40.1014518737793, 3858079, 50035556, 136048087, 189941722
39774, 39774, 0, 0, fixed_reps_39, 25972.167105972767, 78.14572232961655, 1015604.570858, inf, 199.86934673366835, 394.17507909554007, 38830.411255, 954356.116362, 1.419933, 19473.24399, 2943.379318, 0, 7761, 101.63011932373047, 15790279, 19414627, 603365455, 638570361, 25708.174444019794, 38.962113201618195, 570715.614691, inf, 401.75757575757575, 703.5005846078718, 63569.874848, 494993.76252, 0.345247, 9378.116148, 2773.515928, 0, 3861, 69.33879089355469, 7835479, 32468063, 295195545, 335499087, 25476.293934822083, 18.671274840831757, 351451.223606, inf, 811.7142857142857, 1176.5199634896962, 94898.366017, 248654.842196, 0.099596, 5139.754567, 2758.16123, 0, 1911, 39.958770751953125, 3858079, 50035556, 143402035, 197295670
39774, 39774, 0, 0, fixed_reps_41, 25971.808803081512, 77.78741943836212, 1062274.8676679998, inf, 199.86934673366835, 394.17507909554007, 38830.411255, 1000875.94936, 1.458004, 19473.24399, 3093.805059, 0, 8159, 100.47864532470703, 15790279, 19414627, 634307263, 669512169, 25707.78056013584, 38.5682293176651, 604098.616724, inf, 401.75757575757575, 703.5005846078718, 63569.874848, 528235.45863, 0.342232, 9378.116148, 2914.824866, 0, 4059, 68.8421630859375, 7835479, 32468063, 310333773, 350637315, 25476.137951910496, 18.515291929244995, 363076.332064, inf, 811.7142857142857, 1176.5199634896962, 94898.366017, 260139.965045, 0.093325, 5139.754567, 2898.15311, 0, 2009, 39.80963134765625, 3858079, 50035556, 150755983, 204649618
39774, 39774, 0, 0, fixed_reps_5, 25998.24878126383, 104.22739762067795, 190684.309676, inf, 199.86934673366835, 394.17507909554007, 38830.411255, 132002.74979, 1.327949, 19473.24399, 376.576692, 0, 995, 174.55816650390625, 15790279, 19414627, 77354719, 112559625, 25719.695107221603, 50.482776403427124, 141676.28698900001, inf, 401.75757575757575, 703.5005846078718, 63569.874848, 68344.533712, 0.357881, 9378.116148, 383.4044, 0, 495, 89.828857421875, 7835479, 32468063, 37845669, 78149211, 25480.718295514584, 23.095635533332825, 134593.193515, inf, 811.7142857142857, 1176.5199634896962, 94898.366017, 34172.850984, 0.093856, 5139.754567, 382.128091, 0, 245, 46.63715744018555, 3858079, 50035556, 18384919, 72278554
39774, 39774, 0, 0, fixed_reps_7, 25995.16131967306, 101.13993602991104, 245191.80050900002, inf, 199.86934673366835, 394.17507909554007, 38830.411255, 186350.302698, 1.304837, 19473.24399, 536.537729, 0, 1393, 168.06971740722656, 15790279, 19414627, 108296527, 143501433, 25718.484833180904, 49.27250236272812, 173866.58889100002, inf, 401.75757575757575, 703.5005846078718, 63569.874848, 100373.818057, 0.357611, 9378.116148, 544.422227, 0, 693, 88.71121978759766, 7835479, 32468063, 52983897, 93287439, 25480.060420036316, 22.437760055065155, 149560.27025899998, inf, 811.7142857142857, 1176.5199634896962, 94898.366017, 48973.239084, 0.098665, 5139.754567, 548.811926, 0, 343, 46.115535736083984, 3858079, 50035556, 25738867, 79632502
39774, 39774, 0, 0, fixed_reps_9, 25991.585754454136, 97.56437081098557, 296597.220831, inf, 199.86934673366835, 394.17507909554007, 38830.411255, 237605.327732, 1.511133, 19473.24399, 686.726721, 0, 1791, 161.18692016601562, 15790279, 19414627, 139238335, 174443241, 25717.529359281063, 48.31702846288681, 201715.301553, inf, 401.75757575757575, 703.5005846078718, 63569.874848, 128058.951748, 0.349044, 9378.116148, 708.009765, 0, 891, 87.84135437011719, 7835479, 32468063, 68122125, 108425667, 25480.046531140804, 22.423871159553528, 163991.710765, inf, 811.7142857142857, 1176.5199634896962, 94898.366017, 63248.528767, 0.092343, 5139.754567, 704.969071, 0, 441, 44.8101806640625, 3858079, 50035556, 33092815, 86986450
39774, 39774, 0, 0, greedy_1.000000, 26013.609998881817, 119.58861523866653, 81477.92094699999, inf, 199.86934673366835, 394.17507909554007, 38830.411255, 23096.900344, 1.228414, 19473.24399, 76.127797, 0.009147, 199, 195.7871856689453, 15790279, 19414627, 15471103, 50676009, 25728.800157785416, 59.58782696723938, 85077.21993399998, inf, 401.75757575757575, 703.5005846078718, 63569.874848, 12052.772011, 0.294893, 9378.116148, 76.158247, 0.003787, 99, 97.9240493774414, 7835479, 32468063, 7569213, 47872755, 25486.719566881657, 29.096906900405884, 105941.64028699999, inf, 811.7142857142857, 1176.5199634896962, 94898.366017, 5828.306077, 0.075392, 5139.754567, 75.135939, 0.002295, 49, 48.4163932800293, 3858079, 50035556, 3677023, 57570658
39774, 39774, 0, 0, greedy_11.000000, 25996.31946963072, 102.2980859875679, 385295.846142, inf, 199.86934673366835, 394.17507909554007, 38830.411255, 189408.664468, 1.835322, 19473.24399, 137581.145434, 0.545673, 2189, 172.7806396484375, 15790279, 19414627, 185694173, 220899079, 25722.342924892902, 53.130594074726105, 240732.317958, inf, 401.75757575757575, 703.5005846078718, 63569.874848, 95512.122734, 0.354996, 9378.116148, 72271.691256, 0.157976, 1089, 93.0003433227539, 7835479, 32468063, 89893509, 130197051, 25482.696215093136, 25.07355511188507, 175834.451061, inf, 811.7142857142857, 1176.5199634896962, 94898.366017, 40794.2385, 0.100699, 5139.754567, 35001.951954, 0.039324, 539, 47.65043258666992, 3858079, 50035556, 43281472, 97175107
39774, 39774, 0, 0, greedy_13.000000, 25996.31946963072, 102.2980859875679, 432393.576153, inf, 199.86934673366835, 394.17507909554007, 38830.411255, 208673.565642, 1.350753, 19473.24399, 165414.377878, 0.626635, 2587, 172.7806396484375, 15790279, 19414627, 216775585, 251980491, 25721.848374545574, 52.63604372739792, 269433.172772, inf, 401.75757575757575, 703.5005846078718, 63569.874848, 110539.701017, 0.366778, 9378.116148, 85944.938812, 0.175169, 1287, 92.97454071044922, 7835479, 32468063, 105108225, 145411767, 25482.10811984539, 24.485459864139557, 189834.48128399998, inf, 811.7142857142857, 1176.5199634896962, 94898.366017, 47650.037303, 0.095128, 5139.754567, 42146.178686, 0.049583, 637, 47.63800811767578, 3858079, 50035556, 50733588, 104627223
39774, 39774, 0, 0, greedy_15.000000, 25996.31946963072, 102.2980859875679, 483029.598431, inf, 199.86934673366835, 394.17507909554007, 38830.411255, 229228.838095, 1.352456, 19473.24399, 195495.032585, 0.72005, 2985, 172.7806396484375, 15790279, 19414627, 247856997, 283061903, 25721.37241834402, 52.160087525844574, 298774.163946, inf, 401.75757575757575, 703.5005846078718, 63569.874848, 125290.739025, 0.36253, 9378.116148, 100534.88197, 0.189425, 1485, 92.9503402709961, 7835479, 32468063, 120322941, 160626483, 25482.07654094696, 24.453880965709686, 205827.91019199998, inf, 811.7142857142857, 1176.5199634896962, 94898.366017, 55611.626657, 0.095089, 5139.754567, 50178.017537, 0.050325, 735, 47.62297058105469, 3858079, 50035556, 58185704, 112079339
39774, 39774, 0, 0, greedy_17.000000, 25996.31946963072, 102.2980859875679, 531281.140166, inf, 199.86934673366835, 394.17507909554007, 38830.411255, 256082.396101, 1.467932, 19473.24399, 216892.802062, 0.818826, 3383, 172.7806396484375, 15790279, 19414627, 278938409, 314143315, 25719.96192097664, 50.749590158462524, 326736.093742, inf, 401.75757575757575, 703.5005846078718, 63569.874848, 139300.765613, 0.368691, 9378.116148, 114486.740695, 0.227747, 1683, 92.93718719482422, 7835479, 32468063, 135537657, 175841199, 25481.798763155937, 24.176103174686432, 217519.674504, inf, 811.7142857142857, 1176.5199634896962, 94898.366017, 60972.866685, 0.096792, 5139.754567, 56508.534798, 0.055645, 833, 47.614200592041016, 3858079, 50035556, 65637820, 119531455
39774, 39774, 0, 0, greedy_19.000000, 25996.31946963072, 102.2980859875679, 577260.2650309999, inf, 199.86934673366835, 394.17507909554007, 38830.411255, 277136.691961, 2.086472, 19473.24399, 241816.452236, 1.379117, 3781, 172.7806396484375, 15790279, 19414627, 310019821, 345224727, 25719.145117998123, 49.9327871799469, 352933.01060599997, inf, 401.75757575757575, 703.5005846078718, 63569.874848, 153295.722048, 0.353954, 9378.116148, 126688.703046, 0.240562, 1881, 92.91462707519531, 7835479, 32468063, 150752373, 191055915, 25481.700078964233, 24.077418982982635, 231332.060065, inf, 811.7142857142857, 1176.5199634896962, 94898.366017, 68239.079188, 0.098395, 5139.754567, 63054.697096, 0.064802, 931, 47.60439682006836, 3858079, 50035556, 73089936, 126983571
39774, 39774, 0, 0, greedy_21.000000, 25996.31946963072, 102.2980859875679, 623945.565485, inf, 199.86934673366835, 394.17507909554007, 38830.411255, 294962.735086, 1.331917, 19473.24399, 270676.608041, 1.235196, 4179, 172.7806396484375, 15790279, 19414627, 341101233, 376306139, 25718.1377530694, 48.92542225122452, 379164.711877, inf, 401.75757575757575, 703.5005846078718, 63569.874848, 166915.703682, 0.358432, 9378.116148, 139300.384783, 0.273984, 2079, 92.90033721923828, 7835479, 32468063, 165967089, 206270631, 25481.438030660152, 23.815370678901672, 247512.24664499998, inf, 811.7142857142857, 1176.5199634896962, 94898.366017, 75873.447669, 0.079429, 5139.754567, 71600.528721, 0.070242, 1029, 47.59336471557617, 3858079, 50035556, 80542052, 134435687
39774, 39774, 0, 0, greedy_23.000000, 25996.31946963072, 102.2980859875679, 679103.6230639999, inf, 199.86934673366835, 394.17507909554007, 38830.411255, 320368.823602, 1.358578, 19473.24399, 300428.710423, 1.075216, 4577, 172.7806396484375, 15790279, 19414627, 372182645, 407387551, 25717.565611481667, 48.353280663490295, 409639.47584800003, inf, 401.75757575757575, 703.5005846078718, 63569.874848, 180535.577804, 0.364323, 9378.116148, 156155.165768, 0.376957, 2277, 92.86701202392578, 7835479, 32468063, 181181805, 221485347, 25481.152069211006, 23.5294092297554, 261532.79521599997, inf, 811.7142857142857, 1176.5199634896962, 94898.366017, 82802.615672, 0.097843, 5139.754567, 78691.886367, 0.07475, 1127, 47.580867767333984, 3858079, 50035556, 87994168, 141887803
39774, 39774, 0, 0, greedy_25.000000, 25996.31946963072, 102.2980859875679, 716050.729964, inf, 199.86934673366835, 394.17507909554007, 38830.411255, 337492.276989, 1.093371, 19473.24399, 320252.523775, 1.180584, 4975, 172.7806396484375, 15790279, 19414627, 403264057, 438468963, 25716.795251369476, 47.58292055130005, 436009.44759500003, inf, 401.75757575757575, 703.5005846078718, 63569.874848, 193408.773504, 0.36238, 9378.116148, 169652.001737, 0.318978, 2475, 92.84319305419922, 7835479, 32468063, 196396521, 236700063, 25481.02374482155, 23.4010848402977, 274568.777363, inf, 811.7142857142857, 1176.5199634896962, 94898.366017, 89013.14325, 0.098324, 5139.754567, 85517.335135, 0.08007, 1225, 47.580867767333984, 3858079, 50035556, 95446284, 149339919
39774, 39774, 0, 0, greedy_27.000000, 25996.31946963072, 102.2980859875679, 766024.9931249999, inf, 199.86934673366835, 394.17507909554007, 38830.411255, 360860.363625, 1.328271, 19473.24399, 346858.34258, 1.303404, 5373, 172.7806396484375, 15790279, 19414627, 434345469, 469550375, 25716.16007167101, 46.947740852832794, 462539.174351, inf, 401.75757575757575, 703.5005846078718, 63569.874848, 206765.378784, 0.353353, 9378.116148, 182825.09999, 0.351228, 2673, 92.80034637451172, 7835479, 32468063, 211611237, 251914779, 25480.881237864494, 23.25857788324356, 288413.60298499995, inf, 811.7142857142857, 1176.5199634896962, 94898.366017, 95589.83936, 0.096861, 5139.754567, 92785.453776, 0.092404, 1323, 47.57033920288086, 3858079, 50035556, 102898400, 156792035
39774, 39774, 0, 0, greedy_29.000000, 25996.31946963072, 102.2980859875679, 815104.53257, inf, 199.86934673366835, 394.17507909554007, 38830.411255, 382182.815077, 1.343219, 19473.24399, 374615.350843, 1.368186, 5771, 172.7806396484375, 15790279, 19414627, 465426881, 500631787, 25715.086335122585, 45.87400430440903, 488639.726785, inf, 401.75757575757575, 703.5005846078718, 63569.874848, 219209.199958, 0.364874, 9378.116148, 196481.795112, 0.375845, 2871, 92.64478302001953, 7835479, 32468063, 226825953, 267129495, 25480.847779214382, 23.22511923313141, 301906.757978, inf, 811.7142857142857, 1176.5199634896962, 94898.366017, 102134.051008, 0.100137, 5139.754567, 99734.392723, 0.093526, 1421, 47.563472747802734, 3858079, 50035556, 110350516, 164244151
39774, 39774, 0, 0, greedy_3.000000, 26005.943331718445, 111.9219480752945, 162074.50371400005, inf, 199.86934673366835, 394.17507909554007, 38830.411255, 75279.510911, 1.691943, 19473.24399, 28489.510321, 0.135294, 597, 173.70657348632812, 15790279, 19414627, 61368525, 96573431, 25723.631788492203, 54.41945767402649, 124195.86131699999, inf, 401.75757575757575, 703.5005846078718, 63569.874848, 37013.976937, 0.294672, 9378.116148, 14233.562083, 0.036629, 297, 93.2003402709961, 7835479, 32468063, 29034645, 69338187, 25483.27067399025, 25.64801400899887, 124305.026627, inf, 811.7142857142857, 1176.5199634896962, 94898.366017, 17284.18192, 0.084539, 5139.754567, 6982.618374, 0.02121, 147, 47.78086471557617, 3858079, 50035556, 13473008, 67366643
39774, 39774, 0, 0, greedy_31.000000, 25996.31946963072, 102.2980859875679, 866657.3167199999, inf, 199.86934673366835, 394.17507909554007, 38830.411255, 406155.635934, 1.348168, 19473.24399, 402195.228646, 1.448727, 6169, 172.7806396484375, 15790279, 19414627, 496508293, 531713199, 25714.48112374544, 45.26879292726517, 511897.880116, inf, 401.75757575757575, 703.5005846078718, 63569.874848, 230853.722331, 0.355576, 9378.116148, 208095.400884, 0.410329, 3069, 92.2003402709961, 7835479, 32468063, 242040669, 282344211, 25480.703225255013, 23.08056527376175, 315769.216912, inf, 811.7142857142857, 1176.5199634896962, 94898.366017, 109042.95153, 0.098304, 5139.754567, 106687.920247, 0.126247, 1519, 47.553592681884766, 3858079, 50035556, 117802632, 171696267
39774, 39774, 0, 0, greedy_33.000000, 25996.31946963072, 102.2980859875679, 924055.750786, inf, 199.86934673366835, 394.17507909554007, 38830.411255, 434532.085152, 1.49318, 19473.24399, 431216.928711, 1.588498, 6567, 172.7806396484375, 15790279, 19414627, 527589705, 562794611, 25714.48112374544, 45.26879292726517, 537283.627457, inf, 401.75757575757575, 703.5005846078718, 63569.874848, 240329.41277, 0.355116, 9378.116148, 224005.251548, 0.617027, 3267, 92.2003402709961, 7835479, 32468063, 257255385, 297558927, 25480.4576112628, 22.834951281547546, 329775.64551199996, inf, 811.7142857142857, 1176.5199634896962, 94898.366017, 116077.411486, 0.10167, 5139.754567, 113659.911914, 0.099858, 1617, 47.54557418823242, 3858079, 50035556, 125254748, 179148383
39774, 39774, 0, 0, greedy_35.000000, 25996.31946963072, 102.2980859875679, 982051.1779029999, inf, 199.86934673366835, 394.17507909554007, 38830.411255, 457707.451885, 1.324083, 19473.24399, 466037.004042, 1.742648, 6965, 172.7806396484375, 15790279, 19414627, 558671117, 593876023, 25714.48112374544, 45.26879292726517, 560374.8362029999, inf, 401.75757575757575, 703.5005846078718, 63569.874848, 252121.242806, 0.365836, 9378.116148, 235304.719134, 0.517431, 3465, 92.2003402709961, 7835479, 32468063, 272470101, 312773643, 25479.91806870699, 22.295408725738525, 343397.16905, inf, 811.7142857142857, 1176.5199634896962, 94898.366017, 122746.863719, 0.100538, 5139.754567, 120611.969864, 0.114345, 1715, 47.53086471557617, 3858079, 50035556, 132706864, 186600499
39774, 39774, 0, 0, greedy_37.000000, 25996.31946963072, 102.2980859875679, 1022730.874848, inf, 199.86934673366835, 394.17507909554007, 38830.411255, 473434.680997, 1.323572, 19473.24399, 490989.312427, 1.902607, 7363, 172.7806396484375, 15790279, 19414627, 589752529, 624957435, 25714.48112374544, 45.26879292726517, 588457.216084, inf, 401.75757575757575, 703.5005846078718, 63569.874848, 263856.445867, 0.36778, 9378.116148, 251651.692302, 0.719139, 3663, 92.2003402709961, 7835479, 32468063, 287684817, 327988359, 25479.706118047237, 22.083458065986633, 355728.029717, inf, 811.7142857142857, 1176.5199634896962, 94898.366017, 129057.020171, 0.096841, 5139.754567, 126632.676935, 0.115186, 1813, 47.53086471557617, 3858079, 50035556, 140158980, 194052615
39774, 39774, 0, 0, greedy_39.000000, 25996.31946963072, 102.2980859875679, 1081994.280583, inf, 199.86934673366835, 394.17507909554007, 38830.411255, 504336.061438, 1.304406, 19473.24399, 519351.420796, 1.838698, 7761, 172.7806396484375, 15790279, 19414627, 620833941, 656038847, 25714.48112374544, 45.26879292726517, 611457.861809, inf, 401.75757575757575, 703.5005846078718, 63569.874848, 272420.512339, 0.359975, 9378.116148, 266088.488473, 0.510026, 3861, 92.2003402709961, 7835479, 32468063, 302899533, 343203075, 25479.386979341507, 21.764319360256195, 369446.089294, inf, 811.7142857142857, 1176.5199634896962, 94898.366017, 135186.083084, 0.097793, 5139.754567, 134221.63724, 0.150593, 1911, 47.53086471557617, 3858079, 50035556, 147611096, 201504731
39774, 39774, 0, 0, greedy_5.000000, 26004.51133674383, 110.4899531006813, 221820.188575, inf, 199.86934673366835, 394.17507909554007, 38830.411255, 107193.265186, 2.317306, 19473.24399, 56320.710918, 0.23992, 995, 173.5806427001953, 15790279, 19414627, 92449937, 127654843, 25723.418143868446, 54.20581305027008, 153200.89282100002, inf, 401.75757575757575, 703.5005846078718, 63569.874848, 51500.63973, 0.360466, 9378.116148, 28751.83299, 0.068639, 495, 93.0803451538086, 7835479, 32468063, 44249361, 84552903, 25483.052816808224, 25.43015682697296, 134935.513912, inf, 811.7142857142857, 1176.5199634896962, 94898.366017, 20943.883893, 0.080641, 5139.754567, 13953.402735, 0.026059, 245, 47.78086471557617, 3858079, 50035556, 20925124, 74818759
39774, 39774, 0, 0, greedy_7.000000, 26003.08697551489, 109.06559187173843, 279524.483277, inf, 199.86934673366835, 394.17507909554007, 38830.411255, 136977.652097, 2.032622, 19473.24399, 84240.823984, 0.319329, 1393, 173.51397705078125, 15790279, 19414627, 123531349, 158736255, 25723.012750208378, 53.80041939020157, 182888.257472, inf, 401.75757575757575, 703.5005846078718, 63569.874848, 66350.972502, 0.364954, 9378.116148, 43588.832409, 0.096611, 693, 93.04244232177734, 7835479, 32468063, 59464077, 99767619, 25483.052816808224, 25.43015682697296, 148939.91002399998, inf, 811.7142857142857, 1176.5199634896962, 94898.366017, 27901.275871, 0.081042, 5139.754567, 21000.399225, 0.033302, 343, 47.68562698364258, 3858079, 50035556, 28377240, 82270875
39774, 39774, 0, 0, greedy_9.000000, 25999.873594105244, 105.85221046209335, 329718.453758, inf, 199.86934673366835, 394.17507909554007, 38830.411255, 161321.325335, 2.781035, 19473.24399, 110090.261545, 0.430598, 1791, 173.42349243164062, 15790279, 19414627, 154612761, 189817667, 25722.824807703495, 53.612476885318756, 212104.511775, inf, 401.75757575757575, 703.5005846078718, 63569.874848, 81216.571021, 0.360265, 9378.116148, 57939.453478, 0.136015, 891, 93.0151596069336, 7835479, 32468063, 74678793, 114982335, 25482.77076560259, 25.14810562133789, 161953.131701, inf, 811.7142857142857, 1176.5199634896962, 94898.366017, 33959.112153, 0.102833, 5139.754567, 27955.76347, 0.032661, 441, 47.66975402832031, 3858079, 50035556, 35829356, 89722991
39774, 39774, 0, 0, opt, 25959.643894135952, 65.62251049280167, 2747482.4428250003, inf, 199.86934673366835, 394.17507909554007, 38830.411255, 2689177.753992, 1.033588, 19473.24399, 0, 0, 0, 0, 15790279, 19414627, 1518046800, 1553251706, 25694.82384222746, 25.611511409282684, 2640384.5938589997, inf, 401.75757575757575, 703.5005846078718, 63569.874848, 2567436.319071, 0.283792, 9378.116148, 0, 0, 0, 0, 7835479, 32468063, 1473897816, 1514201358, 25467.79418218136, 10.171522200107574, 2576513.176147, inf, 811.7142857142857, 1176.5199634896962, 94898.366017, 2476474.980572, 0.074991, 5139.754567, 0, 0, 0, 0, 3858079, 50035556, 1432839876, 1486733511
39774, 39774, 0, 0, plus_edge, 26011.260566949844, 117.23918330669403, 83162.719937, inf, 199.86934673366835, 394.17507909554007, 38830.411255, 24858.036094, 1.028598, 19473.24399, 0, 0, 0, 0, 15790279, 19414627, 15470334, 50675240, 25727.78203624487, 58.56970542669296, 85234.483236, inf, 401.75757575757575, 703.5005846078718, 63569.874848, 12286.21516, 0.27708, 9378.116148, 0, 0, 0, 0, 7835479, 32468063, 7538944, 47842486, 25486.15367168188, 28.531011700630188, 105799.99189499998, inf, 811.7142857142857, 1176.5199634896962, 94898.366017, 5761.797613, 0.073698, 5139.754567, 0, 0, 0, 0, 3858079, 50035556, 3639504, 57533139
39774, 39774, 0, 0, simple, 26013.609998881817, 119.58861523866653, 83121.089315, inf, 199.86934673366835, 394.17507909554007, 38830.411255, 24816.412806, 1.021264, 19473.24399, 0, 0, 0, 0, 15790279, 19414627, 15431130, 50636036, 25728.800157785416, 59.58782696723938, 85206.46191599999, inf, 401.75757575757575, 703.5005846078718, 63569.874848, 12258.111666, 0.359254, 9378.116148, 0, 0, 0, 0, 7835479, 32468063, 7529340, 47832882, 25486.719566881657, 29.096906900405884, 105795.43370799998, inf, 811.7142857142857, 1176.5199634896962, 94898.366017, 5757.240758, 0.072366, 5139.754567, 0, 0, 0, 0, 3858079, 50035556, 3637200, 57530835
39774, 39774, 0, 0, dp_1.000000, 25964.591349601746, 122.35169392824173, 109466.825526, inf, 199.86934673366835, 539.2013850904806, 68121.475328, 21803.078185, 1.542192, 19463.236203, 77.482137, 0.011481, 199, 0, 15790279, 32883359, 14485063, 63158701, 25616.680149912834, 59.892714619636536, 173006.14228200002, inf, 401.75757575757575, 1140.5397542959543, 153460.629339, 10280.823302, 0.292979, 9186.222416, 78.168966, 0.00528, 99, 0, 7835479, 72360997, 6727001, 86923477, 25357.626332640648, 31.202580273151398, 207752.02328300002, inf, 811.7142857142857, 1829.5257219692041, 197834.553578, 4875.054349, 0.073327, 4964.389369, 77.948983, 0.003677, 49, 0, 3858079, 98128202, 3259471, 105245752
39774, 39774, 0, 0, dp_11.000000, 25932.74235165119, 90.50269597768784, 467567.28709899995, inf, 199.86934673366835, 539.2013850904806, 68121.475328, 241556.190897, 1.288006, 19463.236203, 138176.356248, 248.740417, 2189, 106.30368041992188, 15790279, 32883359, 238749293, 287422931, 25602.913204312325, 46.12576901912689, 347575.78427299997, inf, 401.75757575757575, 1140.5397542959543, 153460.629339, 115567.52062, 0.3465, 9186.222416, 69331.645867, 29.419531, 1089, 67.5160140991211, 7835479, 72360997, 113569811, 193766287, 25350.34091204405, 23.91715967655182, 295707.260788, inf, 811.7142857142857, 1829.5257219692041, 197834.553578, 58334.484278, 0.087273, 4964.389369, 34570.003782, 3.742508, 539, 35.73480224609375, 3858079, 98128202, 55533483, 157519764
39774, 39774, 0, 0, dp_13.000000, 25930.175007760525, 87.93535208702087, 540295.725675, inf, 199.86934673366835, 539.2013850904806, 68121.475328, 287202.790481, 1.322671, 19463.236203, 165149.59067, 357.310322, 2587, 98.61284637451172, 15790279, 32883359, 283615435, 332289073, 25601.729819595814, 44.94238430261612, 387457.16523, inf, 401.75757575757575, 1140.5397542959543, 153460.629339, 139745.88418, 0.347521, 9186.222416, 85022.649668, 41.432106, 1287, 64.67076873779297, 7835479, 72360997, 134955791, 215152267, 25349.291641652584, 22.867889285087585, 312275.42023399996, inf, 811.7142857142857, 1829.5257219692041, 197834.553578, 67910.546322, 0.088977, 4964.389369, 41560.741593, 5.100395, 637, 34.9810676574707, 3858079, 98128202, 66004783, 167991064
39774, 39774, 0, 0, dp_15.000000, 25926.99061435461, 84.75095868110657, 606663.8633890001, inf, 199.86934673366835, 539.2013850904806, 68121.475328, 326593.25697, 1.070848, 19463.236203, 192016.789715, 468.034325, 2985, 91.8497085571289, 15790279, 32883359, 326620137, 375293775, 25600.685466706753, 43.898031413555145, 423327.48329999996, inf, 401.75757575757575, 1140.5397542959543, 153460.629339, 161116.053492, 0.358092, 9186.222416, 99508.304969, 55.914992, 1485, 61.94737243652344, 7835479, 72360997, 156341771, 236538247, 25349.11989825964, 22.69614589214325, 331809.79659600003, inf, 811.7142857142857, 1829.5257219692041, 197834.553578, 80528.178657, 0.085861, 4964.389369, 48475.772066, 6.817065, 735, 34.377166748046875, 3858079, 98128202, 76476083, 178462364
39774, 39774, 0, 0, dp_17.000000, 25925.918809235096, 83.6791535615921, 683777.6411020001, inf, 199.86934673366835, 539.2013850904806, 68121.475328, 376881.859078, 1.459247, 19463.236203, 218704.908194, 604.703052, 3383, 85.76336669921875, 15790279, 32883359, 371486279, 420159917, 25599.41788035631, 42.630445063114166, 460886.548513, inf, 401.75757575757575, 1140.5397542959543, 153460.629339, 184204.217687, 0.354735, 9186.222416, 113962.369978, 72.754358, 1683, 59.36781692504883, 7835479, 72360997, 177727751, 257924227, 25348.25826984644, 21.83451747894287, 346211.13424700004, inf, 811.7142857142857, 1829.5257219692041, 197834.553578, 88827.181886, 0.085991, 4964.389369, 54576.163904, 8.759519, 833, 33.58647918701172, 3858079, 98128202, 86947383, 188933664
39774, 39774, 0, 0, dp_19.000000, 25924.671617627144, 82.43196195363998, 759527.683971, inf, 199.86934673366835, 539.2013850904806, 68121.475328, 420728.6022, 1.333351, 19463.236203, 250423.679195, 789.357694, 3781, 80.26083374023438, 15790279, 32883359, 416352421, 465026059, 25598.300564408302, 41.513129115104675, 496983.36218000005, inf, 401.75757575757575, 1140.5397542959543, 153460.629339, 206095.990923, 0.353123, 9186.222416, 128148.219619, 91.94676, 1881, 56.883914947509766, 7835479, 72360997, 199113731, 279310207, 25347.855239510536, 21.431487143039703, 362127.351768, inf, 811.7142857142857, 1829.5257219692041, 197834.553578, 97013.020957, 0.092474, 4964.389369, 62304.332943, 10.962447, 931, 32.88358688354492, 3858079, 98128202, 97418683, 199404964
39774, 39774, 0, 0, dp_21.000000, 25922.37485575676, 80.13520008325577, 814543.1412320001, inf, 199.86934673366835, 539.2013850904806, 68121.475328, 453528.648832, 1.517566, 19463.236203, 272497.025019, 931.238284, 4179, 75.03690338134766, 15790279, 32883359, 461218563, 509892201, 25596.72000873089, 39.932573437690735, 530330.3210359999, inf, 401.75757575757575, 1140.5397542959543, 153460.629339, 225213.90889, 0.352582, 9186.222416, 142356.015995, 113.191814, 2079, 54.672367095947266, 7835479, 72360997, 220499711, 300696187, 25347.733233571053, 21.30948120355606, 382194.194206, inf, 811.7142857142857, 1829.5257219692041, 197834.553578, 110387.156311, 0.086062, 4964.389369, 68994.577308, 13.431578, 1029, 32.402557373046875, 3858079, 98128202, 107779999, 209766280
39774, 39774, 0, 0, dp_23.000000, 25921.24860715866, 79.00895148515701, 898461.368355, inf, 199.86934673366835, 539.2013850904806, 68121.475328, 506212.445762, 1.361073, 19463.236203, 303544.62623, 1118.223759, 4577, 70.21328735351562, 15790279, 32883359, 506084705, 554758343, 25596.087974071503, 39.300538778305054, 563606.455331, inf, 401.75757575757575, 1140.5397542959543, 153460.629339, 244161.638018, 0.349315, 9186.222416, 156661.135626, 136.480617, 2277, 52.49517059326172, 7835479, 72360997, 241885691, 322082167, 25347.450694084167, 21.02694171667099, 398519.624279, inf, 811.7142857142857, 1829.5257219692041, 197834.553578, 119116.849585, 0.086983, 4964.389369, 76587.747535, 15.997229, 1127, 31.642898559570312, 3858079, 98128202, 118361283, 220347564
39774, 39774, 0, 0, dp_25.000000, 25920.258744180202, 78.01908850669861, 967020.856523, inf, 199.86934673366835, 539.2013850904806, 68121.475328, 544948.204602, 1.31184, 19463.236203, 333162.240085, 1324.388465, 4975, 65.82518768310547, 15790279, 32883359, 550950847, 599624485, 25595.61188709736, 38.82445180416107, 593990.363101, inf, 401.75757575757575, 1140.5397542959543, 153460.629339, 262613.320951, 0.352651, 9186.222416, 168567.370711, 162.467033, 2475, 50.509239196777344, 7835479, 72360997, 263271671, 343468147, 25346.645895957947, 20.222143590450287, 412133.034604, inf, 811.7142857142857, 1829.5257219692041, 197834.553578, 125717.452289, 0.089097, 4964.389369, 83597.560459, 18.989812, 1225, 31.04578399658203, 3858079, 98128202, 128832583, 230818864
39774, 39774, 0, 0, dp_27.000000, 25919.169705450535, 76.93004977703094, 1033607.051611, inf, 199.86934673366835, 539.2013850904806, 68121.475328, 592714.527515, 1.314915, 19463.236203, 351759.884337, 1546.613313, 5373, 61.9233283996582, 15790279, 32883359, 595618414, 644292052, 25594.57776015997, 37.7903248667717, 627928.6848469999, inf, 401.75757575757575, 1140.5397542959543, 153460.629339, 283408.797272, 0.340398, 9186.222416, 181683.032258, 189.663164, 2673, 48.58445739746094, 7835479, 72360997, 284657651, 364854127, 25346.523890018463, 20.100137650966644, 432823.0562420001, inf, 811.7142857142857, 1829.5257219692041, 197834.553578, 139228.259483, 0.088066, 4964.389369, 90773.36095, 22.404796, 1323, 30.537046432495117, 3858079, 98128202, 139276387, 241262668
39774, 39774, 0, 0, dp_29.000000, 25918.04596811533, 75.80631244182587, 1114088.0829049998, inf, 199.86934673366835, 539.2013850904806, 68121.475328, 639458.643754, 1.325024, 19463.236203, 385256.965295, 1786.437301, 5771, 58.28107452392578, 15790279, 32883359, 640683131, 689356769, 25594.129527807236, 37.342092514038086, 661064.6193730001, inf, 401.75757575757575, 1140.5397542959543, 153460.629339, 302586.459363, 0.336732, 9186.222416, 195611.72688, 219.244643, 2871, 46.705322265625, 7835479, 72360997, 306043631, 386240107, 25345.716476798058, 19.292724430561066, 447504.216635, inf, 811.7142857142857, 1829.5257219692041, 197834.553578, 147595.701306, 0.087574, 4964.389369, 97083.667222, 25.817586, 1421, 29.88431739807129, 3858079, 98128202, 149775183, 251761464
39774, 39774, 0, 0, dp_3.000000, 25950.15840137005, 107.91874569654465, 181188.73364700002, inf, 199.86934673366835, 539.2013850904806, 68121.475328, 64523.652208, 1.4025, 19463.236203, 29065.864785, 13.102623, 597, 153.4621124267578, 15790279, 32883359, 59351205, 108024843, 25611.43031400442, 54.6428787112236, 208732.642103, inf, 401.75757575757575, 1140.5397542959543, 153460.629339, 32089.549932, 0.356328, 9186.222416, 13994.341104, 1.542984, 297, 85.6180419921875, 7835479, 72360997, 28112981, 108309457, 25354.085927009583, 27.66217464208603, 224687.305889, inf, 811.7142857142857, 1829.5257219692041, 197834.553578, 15598.794529, 0.091181, 4964.389369, 6289.262229, 0.215003, 147, 42.29804229736328, 3858079, 98128202, 13730771, 115717052
39774, 39774, 0, 0, dp_31.000000, 25917.66794335842, 75.42828768491745, 1176593.544612, inf, 199.86934673366835, 539.2013850904806, 68121.475328, 675926.372104, 1.331066, 19463.236203, 411038.034835, 2043.095076, 6169, 55.153350830078125, 15790279, 32883359, 685350698, 734024336, 25593.41110408306, 36.623668789863586, 703721.468932, inf, 401.75757575757575, 1140.5397542959543, 153460.629339, 330176.767075, 0.350858, 9186.222416, 210646.86042, 250.638824, 3069, 44.93968963623047, 7835479, 72360997, 327429611, 407626087, 25345.35161370039, 18.92786133289337, 468344.932725, inf, 811.7142857142857, 1829.5257219692041, 197834.553578, 161137.848389, 0.088186, 4964.389369, 104378.624675, 29.428528, 1519, 29.501522064208984, 3858079, 98128202, 160136499, 262122780
39774, 39774, 0, 0, dp_33.000000, 25916.91942113638, 74.67976546287537, 1249703.2968869999, inf, 199.86934673366835, 539.2013850904806, 68121.475328, 729432.076918, 1.302823, 19463.236203, 430370.143192, 2315.062423, 6567, 52.287654876708984, 15790279, 32883359, 730216840, 778890478, 25592.375207066536, 35.58777177333832, 741030.2549990001, inf, 401.75757575757575, 1140.5397542959543, 153460.629339, 350522.588088, 0.337152, 9186.222416, 227575.971794, 284.50621, 3267, 43.279571533203125, 7835479, 72360997, 348815591, 429012067, 25345.16344642639, 18.73969405889511, 482775.165264, inf, 811.7142857142857, 1829.5257219692041, 197834.553578, 168373.857005, 0.089017, 4964.389369, 111568.724037, 33.552258, 1617, 28.819046020507812, 3858079, 98128202, 170717783, 272704064
39774, 39774, 0, 0, dp_35.000000, 25916.33478921652, 74.09513354301453, 1334757.423227, inf, 199.86934673366835, 539.2013850904806, 68121.475328, 777854.51107, 1.297473, 19463.236203, 466710.902863, 2606.00029, 6965, 49.65199661254883, 15790279, 32883359, 775281557, 823955195, 25591.60841834545, 34.82098305225372, 768743.8108740001, inf, 401.75757575757575, 1140.5397542959543, 153460.629339, 365774.714671, 0.344866, 9186.222416, 240001.760169, 320.139413, 3465, 41.9649772644043, 7835479, 72360997, 370201571, 450398047, 25344.836462199688, 18.412709832191467, 503522.40769200004, inf, 811.7142857142857, 1829.5257219692041, 197834.553578, 182121.056591, 0.084869, 4964.389369, 118564.505186, 37.818099, 1715, 28.509462356567383, 3858079, 98128202, 181079099, 283065380
39774, 39774, 0, 0, dp_37.000000, 25916.126455903053, 73.88680022954941, 1413448.9493419998, inf, 199.86934673366835, 539.2013850904806, 68121.475328, 824441.704636, 1.478222, 19463.236203, 498505.875074, 2915.179879, 7363, 47.265296936035156, 15790279, 32883359, 819949124, 868622762, 25591.497212946415, 34.709777653217316, 802547.955369, inf, 401.75757575757575, 1140.5397542959543, 153460.629339, 389416.843786, 0.340919, 9186.222416, 250125.257498, 358.661411, 3663, 40.56642150878906, 7835479, 72360997, 391587551, 471784027, 25344.45128905773, 18.027536690235138, 510568.181466, inf, 811.7142857142857, 1829.5257219692041, 197834.553578, 181989.391689, 0.089267, 4964.389369, 125737.302429, 42.455134, 1813, 27.826995849609375, 3858079, 98128202, 186491135, 288477416
39774, 39774, 0, 0, dp_39.000000, 25915.286412656307, 73.04675698280334, 1478018.504014, inf, 199.86934673366835, 539.2013850904806, 68121.475328, 864370.605204, 1.289147, 19463.236203, 522818.781769, 3243.116363, 7761, 44.788944244384766, 15790279, 32883359, 864815266, 913488904, 25591.315394759178, 34.52795946598053, 843677.536725, inf, 401.75757575757575, 1140.5397542959543, 153460.629339, 414303.99018, 0.339086, 9186.222416, 266328.060108, 398.295596, 3861, 39.22362518310547, 7835479, 72360997, 412973531, 493170007, 25344.208431899548, 17.784679532051086, 531721.4775629999, inf, 811.7142857142857, 1829.5257219692041, 197834.553578, 196121.488795, 0.088395, 4964.389369, 132753.75513, 47.202296, 1911, 27.5361385345459, 3858079, 98128202, 196962435, 298948716
39774, 39774, 0, 0, dp_5.000000, 25944.122846364975, 101.8831906914711, 254475.99641100003, inf, 199.86934673366835, 539.2013850904806, 68121.475328, 109552.269308, 1.568021, 19463.236203, 57293.160632, 44.286919, 995, 137.30653381347656, 15790279, 32883359, 104217347, 152890985, 25608.876290917397, 52.088855624198914, 243862.488951, inf, 401.75757575757575, 1140.5397542959543, 153460.629339, 53208.034456, 0.351088, 9186.222416, 28001.925644, 5.326008, 495, 79.93637084960938, 7835479, 72360997, 49498961, 129695437, 25352.8484634161, 26.424711048603058, 242549.34496400002, inf, 811.7142857142857, 1829.5257219692041, 197834.553578, 26575.541267, 0.076223, 4964.389369, 13174.122766, 0.661761, 245, 40.083065032958984, 3858079, 98128202, 24147079, 126133360
39774, 39774, 0, 0, dp_7.000000, 25940.24569159746, 98.00603592395782, 329424.15473300003, inf, 199.86934673366835, 539.2013850904806, 68121.475328, 155972.428008, 1.265222, 19463.236203, 85764.841968, 100.908004, 1393, 124.817626953125, 15790279, 32883359, 149083489, 197757127, 25606.4607565403, 49.67332124710083, 280062.47631600004, inf, 401.75757575757575, 1140.5397542959543, 153460.629339, 74973.578131, 0.333495, 9186.222416, 42430.393327, 11.319608, 693, 75.15867614746094, 7835479, 72360997, 70797851, 150994327, 25351.90509492159, 25.481342554092407, 261225.922297, inf, 811.7142857142857, 1829.5257219692041, 197834.553578, 38044.796698, 0.073047, 4964.389369, 20380.553206, 1.556399, 343, 38.04891586303711, 3858079, 98128202, 34618379, 136604660
39774, 39774, 0, 0, dp_9.000000, 25936.26643437147, 94.02677869796753, 398795.542328, inf, 199.86934673366835, 539.2013850904806, 68121.475328, 197930.730215, 1.519178, 19463.236203, 113116.098395, 162.483009, 1791, 114.89171600341797, 15790279, 32883359, 193949631, 242623269, 25604.50813740492, 47.72070211172104, 314530.396952, inf, 401.75757575757575, 1140.5397542959543, 153460.629339, 95265.299404, 0.342603, 9186.222416, 56598.66903, 19.23416, 891, 71.00293731689453, 7835479, 72360997, 92270921, 172467397, 25351.011978328228, 24.588225960731506, 278801.73665300006, inf, 811.7142857142857, 1829.5257219692041, 197834.553578, 48500.012725, 0.075682, 4964.389369, 27500.174724, 2.530575, 441, 36.65544509887695, 3858079, 98128202, 45062183, 147048464
39774, 39774, 0, 0, fixed_reps_1, 25964.591349601746, 122.35169392824173, 109406.14451700001, inf, 199.86934673366835, 539.2013850904806, 68121.475328, 21738.091629, 1.342477, 19463.236203, 81.99888, 0, 199, 195.90020751953125, 15790279, 32883359, 14485063, 63158701, 25616.680149912834, 59.892714619636536, 173034.32680600003, inf, 401.75757575757575, 1140.5397542959543, 153460.629339, 10302.180843, 0.359254, 9186.222416, 84.934954, 0, 99, 97.65834045410156, 7835479, 72360997, 6727001, 86923477, 25357.626332640648, 31.202580273151398, 207661.11539800002, inf, 811.7142857142857, 1829.5257219692041, 197834.553578, 4778.893776, 0.074059, 4964.389369, 83.204616, 0, 49, 48.23617172241211, 3858079, 98128202, 3259471, 105245752
39774, 39774, 0, 0, fixed_reps_11, 25939.956985592842, 97.71732991933823, 357217.21842499997, inf, 199.86934673366835, 539.2013850904806, 68121.475328, 268776.916157, 1.529047, 19463.236203, 854.06169, 0, 2189, 154.4408416748047, 15790279, 32883359, 159333703, 208007341, 25604.57926619053, 47.79183089733124, 298219.08634000004, inf, 401.75757575757575, 1140.5397542959543, 153460.629339, 134779.715686, 0.337723, 9186.222416, 792.181176, 0, 1089, 87.54279327392578, 7835479, 72360997, 73996021, 154192497, 25351.27263379097, 24.848881423473358, 271604.64914399997, inf, 811.7142857142857, 1829.5257219692041, 197834.553578, 68007.396332, 0.088686, 4964.389369, 798.221179, 0, 539, 43.40620040893555, 3858079, 98128202, 35853691, 137839972
39774, 39774, 0, 0, fixed_reps_13, 25937.559674203396, 95.32001852989197, 403676.34256900003, inf, 199.86934673366835, 539.2013850904806, 68121.475328, 315087.286494, 1.330915, 19463.236203, 1003.013629, 0, 2587, 147.5175323486328, 15790279, 32883359, 188303431, 236977069, 25604.171052336693, 47.38361704349518, 321026.47052, inf, 401.75757575757575, 1140.5397542959543, 153460.629339, 157463.221005, 0.338094, 9186.222416, 916.059666, 0, 1287, 84.97239685058594, 7835479, 72360997, 87449825, 167646301, 25351.105689466, 24.681937098503113, 283170.765741, inf, 811.7142857142857, 1829.5257219692041, 197834.553578, 79432.451367, 0.085179, 4964.389369, 939.286248, 0, 637, 42.325401306152344, 3858079, 98128202, 42372535, 144358816
39774, 39774, 0, 0, fixed_reps_15, 25935.942398011684, 93.70274233818054, 440340.50874099997, inf, 199.86934673366835, 539.2013850904806, 68121.475328, 351584.680223, 1.281553, 19463.236203, 1169.835434, 0, 2985, 142.8131103515625, 15790279, 32883359, 217273159, 265946797, 25603.322173535824, 46.53473824262619, 342827.898223, inf, 401.75757575757575, 1140.5397542959543, 153460.629339, 179135.868648, 0.32539, 9186.222416, 1044.85243, 0, 1485, 82.5080795288086, 7835479, 72360997, 100903629, 181100105, 25350.782650113106, 24.358897745609283, 294513.00057599996, inf, 811.7142857142857, 1829.5257219692041, 197834.553578, 90640.741824, 0.084348, 4964.389369, 1073.231457, 0, 735, 41.2732048034668, 3858079, 98128202, 48891379, 150877660
39774, 39774, 0, 0, fixed_reps_17, 25933.679543852806, 91.43988817930222, 482954.928567, inf, 199.86934673366835, 539.2013850904806, 68121.475328, 394097.337056, 1.281503, 19463.236203, 1271.598477, 0, 3383, 138.85025024414062, 15790279, 32883359, 246242887, 294916525, 25602.631132662296, 45.84369736909866, 364579.728985, inf, 401.75757575757575, 1140.5397542959543, 153460.629339, 200780.694524, 0.338565, 9186.222416, 1151.844141, 0, 1683, 81.83521270751953, 7835479, 72360997, 114357433, 194553909, 25350.590983390808, 24.167231023311615, 305516.499963, inf, 811.7142857142857, 1829.5257219692041, 197834.553578, 101521.107588, 0.082094, 4964.389369, 1196.367334, 0, 833, 40.598899841308594, 3858079, 98128202, 55410223, 157396504
39774, 39774, 0, 0, fixed_reps_19, 25932.425168037415, 90.18551236391068, 526962.408437, inf, 199.86934673366835, 539.2013850904806, 68121.475328, 437946.556576, 1.287264, 19463.236203, 1429.853066, 0, 3781, 135.1041717529297, 15790279, 32883359, 275212615, 323886253, 25602.19688361883, 45.409448325634, 386439.46797700005, inf, 401.75757575757575, 1140.5397542959543, 153460.629339, 222477.400832, 0.329989, 9186.222416, 1314.885401, 0, 1881, 81.09577178955078, 7835479, 72360997, 127811237, 208007713, 25349.62858045101, 23.204828083515167, 315943.77741000004, inf, 811.7142857142857, 1829.5257219692041, 197834.553578, 111823.236115, 0.082775, 4964.389369, 1321.515573, 0, 931, 40.42646789550781, 3858079, 98128202, 61929067, 163915348
39774, 39774, 0, 0, fixed_reps_21, 25931.369112074375, 89.12945640087128, 579328.3581790001, inf, 199.86934673366835, 539.2013850904806, 68121.475328, 490127.953113, 1.515693, 19463.236203, 1614.177842, 0, 4179, 131.6429901123047, 15790279, 32883359, 304182343, 352855981, 25601.822130441666, 45.03469514846802, 408952.577909, inf, 401.75757575757575, 1140.5397542959543, 153460.629339, 244857.245911, 0.336722, 9186.222416, 1448.143521, 0, 2079, 80.40206146240234, 7835479, 72360997, 141265041, 221461517, 25349.507368266582, 23.083615899086, 326551.524684, inf, 811.7142857142857, 1829.5257219692041, 197834.553578, 122297.060529, 0.083677, 4964.389369, 1455.437531, 0, 1029, 40.217735290527344, 3858079, 98128202, 68447911, 170434192
39774, 39774, 0, 0, fixed_reps_23, 25929.27254164219, 87.03288596868515, 620471.708189, inf, 199.86934673366835, 539.2013850904806, 68121.475328, 531115.876396, 1.557361, 19463.236203, 1769.562901, 0, 4577, 127.48039245605469, 15790279, 32883359, 333152071, 381825709, 25601.044677317142, 44.257242023944855, 430343.94033500005, inf, 401.75757575757575, 1140.5397542959543, 153460.629339, 266167.187083, 0.33065, 9186.222416, 1529.570847, 0, 2277, 79.57161712646484, 7835479, 72360997, 154718845, 234915321, 25348.7314388752, 22.307686507701874, 337415.853549, inf, 811.7142857142857, 1829.5257219692041, 197834.553578, 133028.77509, 0.083447, 4964.389369, 1588.052065, 0, 1127, 40.025753021240234, 3858079, 98128202, 74966755, 176953036
39774, 39774, 0, 0, fixed_reps_25, 25927.49820125103, 85.25854557752609, 665478.256702, inf, 199.86934673366835, 539.2013850904806, 68121.475328, 575983.14794, 1.530531, 19463.236203, 1908.8667, 0, 4975, 124.92581176757812, 15790279, 32883359, 362121799, 410795437, 25600.223902225494, 43.43646693229675, 451714.192966, inf, 401.75757575757575, 1140.5397542959543, 153460.629339, 287380.380006, 0.331482, 9186.222416, 1686.629723, 0, 2475, 78.44686889648438, 7835479, 72360997, 168172649, 248369125, 25347.915807187557, 21.49205482006073, 347593.537465, inf, 811.7142857142857, 1829.5257219692041, 197834.553578, 143086.931913, 0.084499, 4964.389369, 1707.578106, 0, 1225, 39.85905456542969, 3858079, 98128202, 81485599, 183471880
39774, 39774, 0, 0, fixed_reps_27, 25926.076930999756, 83.83727532625198, 699215.8213000001, inf, 199.86934673366835, 539.2013850904806, 68121.475328, 609621.975207, 1.343517, 19463.236203, 2007.791045, 0, 5373, 120.92025756835938, 15790279, 32883359, 391091527, 439765165, 25599.686203718185, 42.89876842498779, 475056.207478, inf, 401.75757575757575, 1140.5397542959543, 153460.629339, 310585.834488, 0.330901, 9186.222416, 1823.190334, 0, 2673, 75.81884002685547, 7835479, 72360997, 181626453, 261822929, 25347.77035266161, 21.34660029411316, 358208.607806, inf, 811.7142857142857, 1829.5257219692041, 197834.553578, 153573.50145, 0.082856, 4964.389369, 1836.080553, 0, 1323, 39.6313362121582, 3858079, 98128202, 88004443, 189990724
39774, 39774, 0, 0, fixed_reps_29, 25924.659237384796, 82.41958171129227, 738631.314014, inf, 199.86934673366835, 539.2013850904806, 68121.475328, 648891.867391, 1.301571, 19463.236203, 2153.433521, 0, 5771, 117.16695404052734, 15790279, 32883359, 420061255, 468734893, 25599.025274455547, 42.2378391623497, 496356.297688, inf, 401.75757575757575, 1140.5397542959543, 153460.629339, 331762.437285, 0.340018, 9186.222416, 1946.66863, 0, 2871, 75.10839080810547, 7835479, 72360997, 195080257, 275276733, 25347.51925379038, 21.09550142288208, 369025.872151, inf, 811.7142857142857, 1829.5257219692041, 197834.553578, 164272.658395, 0.083216, 4964.389369, 1954.187593, 0, 1421, 39.439544677734375, 3858079, 98128202, 94523287, 196509568
39774, 39774, 0, 0, fixed_reps_3, 25954.78563672304, 112.54598104953766, 156842.052159, inf, 199.86934673366835, 539.2013850904806, 68121.475328, 69043.645591, 1.383034, 19463.236203, 212.312003, 0, 597, 185.39523315429688, 15790279, 32883359, 43454791, 92128429, 25613.132085323334, 56.34465003013611, 197550.699472, inf, 401.75757575757575, 1140.5397542959543, 153460.629339, 34673.324081, 0.287409, 9186.222416, 230.236227, 0, 297, 95.25497436523438, 7835479, 72360997, 20180805, 100377281, 25354.731160998344, 28.30740863084793, 220259.355721, inf, 811.7142857142857, 1829.5257219692041, 197834.553578, 17233.753331, 0.076122, 4964.389369, 226.583321, 0, 147, 47.55000686645508, 3858079, 98128202, 9778315, 111764596
39774, 39774, 0, 0, fixed_reps_31, 25923.361707389355, 81.12205171585083, 780280.660519, inf, 199.86934673366835, 539.2013850904806, 68121.475328, 690396.120792, 1.299477, 19463.236203, 2298.528719, 0, 6169, 111.57337951660156, 15790279, 32883359, 449030983, 497704621, 25598.129114091396, 41.3416787981987, 517628.25891200005, inf, 401.75757575757575, 1140.5397542959543, 153460.629339, 352908.336717, 0.333686, 9186.222416, 2072.736754, 0, 3069, 73.72074890136719, 7835479, 72360997, 208534061, 288730537, 25347.19210445881, 20.76835209131241, 379534.277639, inf, 811.7142857142857, 1829.5257219692041, 197834.553578, 174661.215993, 0.082465, 4964.389369, 2074.036234, 0, 1519, 39.263916015625, 3858079, 98128202, 101042131, 203028412
39774, 39774, 0, 0, fixed_reps_33, 25921.73097705841, 79.49132138490677, 831751.613034, inf, 199.86934673366835, 539.2013850904806, 68121.475328, 741726.121486, 1.495475, 19463.236203, 2439.284542, 0, 6567, 108.1915283203125, 15790279, 32883359, 478000711, 526674349, 25597.795059382915, 41.007624089717865, 538488.045953, inf, 401.75757575757575, 1140.5397542959543, 153460.629339, 373636.099496, 0.328706, 9186.222416, 2204.765996, 0, 3267, 71.85816955566406, 7835479, 72360997, 221987865, 302184341, 25346.977818727493, 20.554066359996796, 389903.23279800004, inf, 811.7142857142857, 1829.5257219692041, 197834.553578, 184901.788303, 0.08516, 4964.389369, 2202.416388, 0, 1617, 38.9687385559082, 3858079, 98128202, 107560975, 209547256
39774, 39774, 0, 0, fixed_reps_35, 25921.54331457615, 79.30365890264511, 870113.445548, inf, 199.86934673366835, 539.2013850904806, 68121.475328, 779830.012271, 1.655644, 19463.236203, 2697.066102, 0, 6965, 106.32781982421875, 15790279, 32883359, 506970439, 555644077, 25596.995167553425, 40.2077322602272, 558757.08509, inf, 401.75757575757575, 1140.5397542959543, 153460.629339, 393784.025582, 0.335028, 9186.222416, 2325.872725, 0, 3465, 71.1689682006836, 7835479, 72360997, 235441669, 315638145, 25346.953205883503, 20.52945351600647, 400200.961422, inf, 811.7142857142857, 1829.5257219692041, 197834.553578, 195081.45513, 0.082795, 4964.389369, 2320.48055, 0, 1715, 38.099369049072266, 3858079, 98128202, 114079819, 216066100
39774, 39774, 0, 0, fixed_reps_37, 25921.12069553137, 78.88103985786438, 907681.888962, inf, 199.86934673366835, 539.2013850904806, 68121.475328, 817364.961466, 1.019542, 19463.236203, 2731.196423, 0, 7363, 104.25898742675781, 15790279, 32883359, 535940167, 584613805, 25596.066784858704, 39.27934956550598, 580989.1927830001, inf, 401.75757575757575, 1140.5397542959543, 153460.629339, 415886.698036, 0.325621, 9186.222416, 2455.317371, 0, 3663, 69.61683654785156, 7835479, 72360997, 248895473, 329091949, 25346.27807223797, 19.854319870471954, 410537.72923, inf, 811.7142857142857, 1829.5257219692041, 197834.553578, 205290.520645, 0.084368, 4964.389369, 2448.18127, 0, 1813, 37.77461242675781, 3858079, 98128202, 120598663, 222584944
39774, 39774, 0, 0, fixed_reps_39, 25920.6559343338, 78.4162786602974, 945778.573066, inf, 199.86934673366835, 539.2013850904806, 68121.475328, 855320.819523, 1.260804, 19463.236203, 2871.781208, 0, 7761, 100.19288635253906, 15790279, 32883359, 564909895, 613583533, 25595.62962335348, 38.84218806028366, 601432.573223, inf, 401.75757575757575, 1140.5397542959543, 153460.629339, 436197.592356, 0.335639, 9186.222416, 2587.793473, 0, 3861, 67.62449645996094, 7835479, 72360997, 262349277, 342545753, 25346.1316075325, 19.70785516500473, 421001.87336400006, inf, 811.7142857142857, 1829.5257219692041, 197834.553578, 215632.431127, 0.084037, 4964.389369, 2570.415253, 0, 1911, 36.48575210571289, 3858079, 98128202, 127117507, 229103788
39774, 39774, 0, 0, fixed_reps_41, 25920.122466266155, 77.88281059265137, 994633.0962639999, inf, 199.86934673366835, 539.2013850904806, 68121.475328, 904029.968045, 1.318934, 19463.236203, 3017.097754, 0, 8159, 97.72743225097656, 15790279, 32883359, 593879623, 642553261, 25595.230783343315, 38.44334805011749, 623007.7450440001, inf, 401.75757575757575, 1140.5397542959543, 153460.629339, 457646.237335, 0.341751, 9186.222416, 2714.314203, 0, 4059, 65.64450073242188, 7835479, 72360997, 275803081, 355999557, 25345.87194365263, 19.448191285133362, 430923.823969, inf, 811.7142857142857, 1829.5257219692041, 197834.553578, 225425.072316, 0.084769, 4964.389369, 2699.723937, 0, 2009, 36.04318618774414, 3858079, 98128202, 133636351, 235622632
39774, 39774, 0, 0, fixed_reps_5, 25948.44045841694, 106.2008027434349, 211723.99621800001, inf, 199.86934673366835, 539.2013850904806, 68121.475328, 123762.190013, 1.383314, 19463.236203, 375.71136, 0, 995, 174.57933044433594, 15790279, 32883359, 72424519, 121098157, 25610.289098978043, 53.50166368484497, 224327.53363500003, inf, 401.75757575757575, 1140.5397542959543, 153460.629339, 61300.667377, 0.345127, 9186.222416, 379.669376, 0, 495, 93.20553588867188, 7835479, 72360997, 33634609, 113831085, 25353.244083464146, 26.82033109664917, 233182.788626, inf, 811.7142857142857, 1829.5257219692041, 197834.553578, 30010.774153, 0.089809, 4964.389369, 372.981717, 0, 245, 46.60220718383789, 3858079, 98128202, 16297159, 118283440
39774, 39774, 0, 0, fixed_reps_7, 25943.673571944237, 101.43391627073288, 262276.977367, inf, 199.86934673366835, 539.2013850904806, 68121.475328, 174150.466173, 1.554375, 19463.236203, 540.245288, 0, 1393, 165.84982299804688, 15790279, 32883359, 101394247, 150067885, 25608.543661117554, 51.75622582435608, 250276.45715, inf, 401.75757575757575, 1140.5397542959543, 153460.629339, 87105.737358, 0.340329, 9186.222416, 523.527708, 0, 693, 90.22321319580078, 7835479, 72360997, 47088413, 127284889, 25352.869451224804, 26.445698857307434, 247075.49857599998, inf, 811.7142857142857, 1829.5257219692041, 197834.553578, 43764.038775, 0.077355, 4964.389369, 512.439499, 0, 343, 45.07941818237305, 3858079, 98128202, 22816003, 124802284
39774, 39774, 0, 0, fixed_reps_9, 25941.18354344368, 98.94388777017593, 310738.954778, inf, 199.86934673366835, 539.2013850904806, 68121.475328, 222452.421524, 1.311859, 19463.236203, 700.509864, 0, 1791, 159.75823974609375, 15790279, 32883359, 130363975, 179037613, 25606.299122810364, 49.51168751716614, 274708.940734, inf, 401.75757575757575, 1140.5397542959543, 153460.629339, 111392.921738, 0.336371, 9186.222416, 668.83087, 0, 891, 88.45623016357422, 7835479, 72360997, 60542217, 140738693, 25351.81354290247, 25.389790534973145, 259374.52195599998, inf, 811.7142857142857, 1829.5257219692041, 197834.553578, 55912.043614, 0.086953, 4964.389369, 663.448442, 0, 441, 43.82391357421875, 3858079, 98128202, 29334847, 131321128
39774, 39774, 0, 0, greedy_1.000000, 25964.591349601746, 122.35169392824173, 109350.376857, inf, 199.86934673366835, 539.2013850904806, 68121.475328, 21686.86682, 1.30625, 19463.236203, 77.482137, 0.010119, 199, 195.90020751953125, 15790279, 32883359, 14485063, 63158701, 25616.680149912834, 59.892714619636536, 172995.767966, inf, 401.75757575757575, 1140.5397542959543, 153460.629339, 10270.449227, 0.29358, 9186.222416, 78.168966, 0.004438, 99, 97.65834045410156, 7835479, 72360997, 6727001, 86923477, 25357.626332640648, 31.202580273151398, 207754.76262900003, inf, 811.7142857142857, 1829.5257219692041, 197834.553578, 4877.792904, 0.076062, 4964.389369, 77.948983, 0.001733, 49, 48.23617172241211, 3858079, 98128202, 3259471, 105245752
39774, 39774, 0, 0, greedy_11.000000, 25946.960891008377, 104.7212353348732, 405612.84366899997, inf, 199.86934673366835, 539.2013850904806, 68121.475328, 179849.685551, 1.350542, 19463.236203, 138176.356248, 0.739797, 2189, 170.2349395751953, 15790279, 32883359, 177019233, 225692871, 25610.680106937885, 53.89267164468765, 310596.366883, inf, 401.75757575757575, 1140.5397542959543, 153460.629339, 78617.37788, 0.345858, 9186.222416, 69331.645867, 0.145523, 1089, 91.72276306152344, 7835479, 72360997, 82174483, 162370959, 25353.063028752804, 26.639276385307312, 272816.949947, inf, 811.7142857142857, 1829.5257219692041, 197834.553578, 35447.8709, 0.092102, 4964.389369, 34570.003782, 0.040216, 539, 44.84618377685547, 3858079, 98128202, 39348591, 141334872
39774, 39774, 0, 0, greedy_13.000000, 25946.063658595085, 103.82400292158127, 458881.588133, inf, 199.86934673366835, 539.2013850904806, 68121.475328, 206145.304787, 1.372033, 19463.236203, 165149.59067, 0.609112, 2587, 170.2168731689453, 15790279, 32883359, 206078805, 254752443, 25610.276500463486, 53.489065170288086, 339560.293296, inf, 401.75757575757575, 1140.5397542959543, 153460.629339, 91890.279131, 0.342252, 9186.222416, 85022.649668, 0.17049, 1287, 91.71147155761719, 7835479, 72360997, 95797675, 175994151, 25352.76661926508, 26.342866897583008, 285169.884769, inf, 811.7142857142857, 1829.5257219692041, 197834.553578, 40810.067009, 0.09077, 4964.389369, 41560.741593, 0.04245, 637, 44.83729553222656, 3858079, 98128202, 45941051, 147927332
39774, 39774, 0, 0, greedy_15.000000, 25944.041045486927, 101.80138981342316, 511654.10681100003, inf, 199.86934673366835, 539.2013850904806, 68121.475328, 232050.794589, 1.08795, 19463.236203, 192016.789715, 0.723026, 2985, 170.19544982910156, 15790279, 32883359, 235138377, 283812015, 25609.999119520187, 53.211684226989746, 365551.804309, inf, 401.75757575757575, 1140.5397542959543, 153460.629339, 103396.102082, 0.35697, 9186.222416, 99508.304969, 0.188533, 1485, 91.70203399658203, 7835479, 72360997, 109420867, 189617343, 25352.425369739532, 26.00161737203598, 297068.71985600004, inf, 811.7142857142857, 1829.5257219692041, 197834.553578, 45793.871323, 0.080541, 4964.389369, 48475.772066, 0.052979, 735, 44.83229446411133, 3858079, 98128202, 52533511, 154519792
39774, 39774, 0, 0, greedy_17.000000, 25943.297600090504, 101.05794441699982, 567945.5145020001, inf, 199.86934673366835, 539.2013850904806, 68121.475328, 261653.786924, 1.320517, 19463.236203, 218704.908194, 0.787336, 3383, 170.1822967529297, 15790279, 32883359, 264197949, 312871587, 25609.721951067448, 52.93451577425003, 391910.92093300004, inf, 401.75757575757575, 1140.5397542959543, 153460.629339, 115301.121126, 0.34129, 9186.222416, 113962.369978, 0.236784, 1683, 91.6941909790039, 7835479, 72360997, 123044059, 203240535, 25351.980329990387, 25.556577622890472, 308353.01162099995, inf, 811.7142857142857, 1829.5257219692041, 197834.553578, 50977.763385, 0.07991, 4964.389369, 54576.163904, 0.061475, 833, 44.82215881347656, 3858079, 98128202, 59125971, 161112252
39774, 39774, 0, 0, greedy_19.000000, 25941.577420294285, 99.33776462078094, 635776.0139380001, inf, 199.86934673366835, 539.2013850904806, 68121.475328, 297765.080884, 1.393063, 19463.236203, 250423.679195, 1.149265, 3781, 170.1676788330078, 15790279, 32883359, 293257521, 341931159, 25609.2326772213, 52.445241928100586, 417702.80925600004, inf, 401.75757575757575, 1140.5397542959543, 153460.629339, 126907.136746, 0.352901, 9186.222416, 128148.219619, 0.248235, 1881, 91.68526458740234, 7835479, 72360997, 136667251, 216863727, 25351.712472856045, 25.28872048854828, 321612.32582399994, inf, 811.7142857142857, 1829.5257219692041, 197834.553578, 56508.893581, 0.093986, 4964.389369, 62304.332943, 0.062367, 931, 44.81443786621094, 3858079, 98128202, 65718431, 167704712
39774, 39774, 0, 0, greedy_21.000000, 25940.557965397835, 98.3183097243309, 667373.3110730001, inf, 199.86934673366835, 539.2013850904806, 68121.475328, 307289.171257, 1.36542, 19463.236203, 272497.025019, 1.037846, 4179, 170.15133666992188, 15790279, 32883359, 322317093, 370990731, 25608.950091719627, 52.16265642642975, 443697.434823, inf, 401.75757575757575, 1140.5397542959543, 153460.629339, 138693.962659, 0.34131, 9186.222416, 142356.015995, 0.263104, 2079, 91.68045806884766, 7835479, 72360997, 150290443, 230486919, 25351.69708830118, 25.273335933685303, 332976.718755, inf, 811.7142857142857, 1829.5257219692041, 197834.553578, 61183.037268, 0.094086, 4964.389369, 68994.577308, 0.067146, 1029, 44.81443786621094, 3858079, 98128202, 72310891, 174297172
39774, 39774, 0, 0, greedy_23.000000, 25939.520419836044, 97.28076416254044, 726261.0413500001, inf, 199.86934673366835, 539.2013850904806, 68121.475328, 335129.007584, 1.542132, 19463.236203, 303544.62623, 1.153873, 4577, 170.13294982910156, 15790279, 32883359, 351376665, 400050303, 25608.42912954092, 51.641694247722626, 469181.083389, inf, 401.75757575757575, 1140.5397542959543, 153460.629339, 149872.408318, 0.336692, 9186.222416, 156661.135626, 0.350998, 2277, 91.67276763916016, 7835479, 72360997, 163913635, 244110111, 25351.69708830118, 25.273335933685303, 346164.663803, inf, 811.7142857142857, 1829.5257219692041, 197834.553578, 66777.824422, 0.075401, 4964.389369, 76587.747535, 0.073498, 1127, 44.80577850341797, 3858079, 98128202, 78903351, 180889632
39774, 39774, 0, 0, greedy_25.000000, 25938.65615606308, 96.41650038957596, 782234.232704, inf, 199.86934673366835, 539.2013850904806, 68121.475328, 361484.671956, 1.360922, 19463.236203, 333162.240085, 1.24821, 4975, 170.11212158203125, 15790279, 32883359, 380436237, 429109875, 25608.16521012783, 51.37777483463287, 489563.934621, inf, 401.75757575757575, 1140.5397542959543, 153460.629339, 158349.058439, 0.338936, 9186.222416, 168567.370711, 0.31478, 2475, 91.6658706665039, 7835479, 72360997, 177536827, 257733303, 25351.69708830118, 25.273335933685303, 358757.58967599995, inf, 811.7142857142857, 1829.5257219692041, 197834.553578, 72360.917213, 0.089337, 4964.389369, 83597.560459, 0.07972, 1225, 44.799400329589844, 3858079, 98128202, 85495811, 187482092
39774, 39774, 0, 0, greedy_27.000000, 25936.178211390972, 93.93855571746826, 821503.485418, inf, 199.86934673366835, 539.2013850904806, 68121.475328, 382156.19642, 1.355271, 19463.236203, 351759.884337, 1.337859, 5373, 170.09251403808594, 15790279, 32883359, 409495809, 458169447, 25608.10194015503, 51.314504861831665, 514377.30516099994, inf, 401.75757575757575, 1140.5397542959543, 153460.629339, 170046.744058, 0.342011, 9186.222416, 181683.032258, 0.335079, 2673, 91.66223907470703, 7835479, 72360997, 191160019, 271356495, 25351.68698722124, 25.263234853744507, 371267.38837600005, inf, 811.7142857142857, 1829.5257219692041, 197834.553578, 77694.903519, 0.091101, 4964.389369, 90773.36095, 0.089859, 1323, 44.79729461669922, 3858079, 98128202, 92088271, 194074552
39774, 39774, 0, 0, greedy_29.000000, 25934.0339705348, 91.79431486129761, 881019.840499, inf, 199.86934673366835, 539.2013850904806, 68121.475328, 408175.193534, 1.544356, 19463.236203, 385256.965295, 1.425783, 5771, 170.07044982910156, 15790279, 32883359, 438555381, 487229019, 25607.713015317917, 50.92558002471924, 542840.933681, inf, 401.75757575757575, 1140.5397542959543, 153460.629339, 184581.430082, 0.347862, 9186.222416, 195611.72688, 0.577102, 2871, 91.6553726196289, 7835479, 72360997, 204783211, 284979687, 25351.1420738101, 24.718321442604065, 382949.165623, inf, 811.7142857142857, 1829.5257219692041, 197834.553578, 83066.367211, 0.090069, 4964.389369, 97083.667222, 0.098174, 1421, 44.790626525878906, 3858079, 98128202, 98680731, 200667012
39774, 39774, 0, 0, greedy_3.000000, 25953.374672949314, 111.13501727581024, 187806.123919, inf, 199.86934673366835, 539.2013850904806, 68121.475328, 71154.123292, 1.293055, 19463.236203, 29065.864785, 0.131256, 597, 170.6492156982422, 15790279, 32883359, 59351205, 108024843, 25612.465501070023, 55.67806577682495, 212196.979761, inf, 401.75757575757575, 1140.5397542959543, 153460.629339, 35555.396479, 0.351329, 9186.222416, 13994.341104, 0.039094, 297, 91.87276458740234, 7835479, 72360997, 27681715, 107878191, 25354.902440309525, 28.478687942028046, 225886.61886, inf, 811.7142857142857, 1829.5257219692041, 197834.553578, 16798.322482, 0.07981, 4964.389369, 6289.262229, 0.011392, 147, 44.95729446411133, 3858079, 98128202, 12978751, 114965032
39774, 39774, 0, 0, greedy_31.000000, 25932.91081738472, 90.67116171121597, 929008.0735810001, inf, 199.86934673366835, 539.2013850904806, 68121.475328, 430382.457444, 1.347296, 19463.236203, 411038.034835, 1.522475, 6169, 170.02879333496094, 15790279, 32883359, 467614953, 516288591, 25607.312716186047, 50.52528089284897, 568885.429531, inf, 401.75757575757575, 1140.5397542959543, 153460.629339, 195590.974142, 0.343675, 9186.222416, 210646.86042, 0.399539, 3069, 91.65054321289062, 7835479, 72360997, 218406403, 298602879, 25351.1420738101, 24.718321442604065, 395163.370248, inf, 811.7142857142857, 1829.5257219692041, 197834.553578, 87985.60221, 0.091391, 4964.389369, 104378.624675, 0.109025, 1519, 44.790626525878906, 3858079, 98128202, 105273191, 207259472
39774, 39774, 0, 0, greedy_33.000000, 25930.60011446476, 88.36045879125595, 969238.020866, inf, 199.86934673366835, 539.2013850904806, 68121.475328, 451280.155968, 1.388414, 19463.236203, 430370.143192, 1.621761, 6567, 169.97177124023438, 15790279, 32883359, 496674525, 545348163, 25606.601434648037, 49.813999354839325, 596605.2741070001, inf, 401.75757575757575, 1140.5397542959543, 153460.629339, 206381.696764, 0.335439, 9186.222416, 227575.971794, 0.418355, 3267, 91.64549255371094, 7835479, 72360997, 232029595, 312226071, 25351.110022604465, 24.686270236968994, 407884.239968, inf, 811.7142857142857, 1829.5257219692041, 197834.553578, 93516.366637, 0.091652, 4964.389369, 111568.724037, 0.114695, 1617, 44.784881591796875, 3858079, 98128202, 111865651, 213851932
39774, 39774, 0, 0, greedy_35.000000, 25928.261154949665, 86.0214992761612, 1028957.5593620001, inf, 199.86934673366835, 539.2013850904806, 68121.475328, 474658.614934, 1.528216, 19463.236203, 466710.902863, 1.801818, 6965, 169.77879333496094, 15790279, 32883359, 525734097, 574407735, 25606.477781832218, 49.69034653902054, 619104.471169, inf, 401.75757575757575, 1140.5397542959543, 153460.629339, 216455.066828, 0.340449, 9186.222416, 240001.760169, 0.451968, 3465, 91.63746643066406, 7835479, 72360997, 245652787, 325849263, 25351.110022604465, 24.686270236968994, 420170.73283, inf, 811.7142857142857, 1829.5257219692041, 197834.553578, 98807.08364, 0.09049, 4964.389369, 118564.505186, 0.110567, 1715, 44.78082275390625, 3858079, 98128202, 118458111, 220444392
39774, 39774, 0, 0, greedy_37.000000, 25927.627352654934, 85.38769698143005, 1083237.097812, inf, 199.86934673366835, 539.2013850904806, 68121.475328, 497143.374234, 1.300419, 19463.236203, 498505.875074, 1.836554, 7363, 169.44544982910156, 15790279, 32883359, 554793669, 603467307, 25606.169910013676, 49.38247472047806, 639518.967468, inf, 401.75757575757575, 1140.5397542959543, 153460.629339, 226746.048967, 0.338745, 9186.222416, 250125.257498, 0.470503, 3663, 91.6346664428711, 7835479, 72360997, 259275979, 339472455, 25351.110022604465, 24.686270236968994, 433288.50789700006, inf, 811.7142857142857, 1829.5257219692041, 197834.553578, 104752.054491, 0.09074, 4964.389369, 125737.302429, 0.11729, 1813, 44.775474548339844, 3858079, 98128202, 125050571, 227036852
39774, 39774, 0, 0, greedy_39.000000, 25927.627352654934, 85.38769698143005, 1129648.156694, inf, 199.86934673366835, 539.2013850904806, 68121.475328, 519241.424591, 1.310267, 19463.236203, 522818.781769, 1.928536, 7761, 169.44544982910156, 15790279, 32883359, 583853241, 632526879, 25605.952052891254, 49.16461759805679, 670843.646614, inf, 401.75757575757575, 1140.5397542959543, 153460.629339, 241867.70513, 0.338765, 9186.222416, 266328.060108, 0.690856, 3861, 91.63034057617188, 7835479, 72360997, 272899171, 353095647, 25350.843355953693, 24.4196035861969, 445346.682283, inf, 811.7142857142857, 1829.5257219692041, 197834.553578, 109793.774253, 0.092643, 4964.389369, 132753.75513, 0.11731, 1911, 44.775474548339844, 3858079, 98128202, 131643031, 233629312
39774, 39774, 0, 0, greedy_5.000000, 25951.19540721178, 108.95575153827667, 247143.68599699996, inf, 199.86934673366835, 539.2013850904806, 68121.475328, 102264.233762, 1.334041, 19463.236203, 57293.160632, 0.246031, 995, 170.30909729003906, 15790279, 32883359, 89840517, 138514155, 25611.943725526333, 55.15629023313522, 235978.78148700003, inf, 401.75757575757575, 1140.5397542959543, 153460.629339, 45329.602115, 0.33614, 9186.222416, 28001.925644, 0.065833, 495, 91.78185272216797, 7835479, 72360997, 41304907, 121501383, 25354.077257156372, 27.65350478887558, 235568.68407800002, inf, 811.7142857142857, 1829.5257219692041, 197834.553578, 19595.520471, 0.079008, 4964.389369, 13174.122766, 0.018886, 245, 44.95729446411133, 3858079, 98128202, 19571211, 121557492
39774, 39774, 0, 0, greedy_7.000000, 25949.311200141907, 107.07154446840286, 301831.697107, inf, 199.86934673366835, 539.2013850904806, 68121.475328, 128480.51299, 1.302232, 19463.236203, 85764.841968, 0.328386, 1393, 170.27879333496094, 15790279, 32883359, 118900089, 167573727, 25611.29763752222, 54.51020222902298, 262174.165281, inf, 401.75757575757575, 1140.5397542959543, 153460.629339, 57096.482337, 0.346059, 9186.222416, 42430.393327, 0.091803, 693, 91.75276184082031, 7835479, 72360997, 54928099, 135124575, 25353.836816072464, 27.4130637049675, 247966.6105, inf, 811.7142857142857, 1829.5257219692041, 197834.553578, 24786.995694, 0.090921, 4964.389369, 20380.553206, 0.027732, 343, 44.87621307373047, 3858079, 98128202, 26163671, 128149952
39774, 39774, 0, 0, greedy_9.000000, 25948.335983097553, 106.09632742404938, 356081.83290000004, inf, 199.86934673366835, 539.2013850904806, 68121.475328, 155379.077375, 1.529278, 19463.236203, 113116.098395, 0.416321, 1791, 170.25315856933594, 15790279, 32883359, 147959661, 196633299, 25610.93205320835, 54.1446179151535, 287954.861455, inf, 401.75757575757575, 1140.5397542959543, 153460.629339, 68708.868283, 0.354896, 9186.222416, 56598.66903, 0.117491, 891, 91.73483276367188, 7835479, 72360997, 68551291, 148747767, 25353.1217546463, 26.69800227880478, 260648.83795100002, inf, 811.7142857142857, 1829.5257219692041, 197834.553578, 30349.591538, 0.094818, 4964.389369, 27500.174724, 0.033924, 441, 44.857295989990234, 3858079, 98128202, 32756131, 134742412
39774, 39774, 0, 0, opt, 25906.945547878742, 64.70589220523834, 2324594.901293, inf, 199.86934673366835, 539.2013850904806, 68121.475328, 2237009.11617, 1.073592, 19463.236203, 0, 0, 0, 0, 15790279, 32883359, 1320126600, 1368800238, 25584.443971812725, 27.656536519527435, 2096178.0509539999, inf, 401.75757575757575, 1140.5397542959543, 153460.629339, 1933530.924704, 0.274495, 9186.222416, 0, 0, 0, 0, 7835479, 72360997, 1138150180, 1218346656, 25338.301877498627, 11.878125131130219, 2036026.688764, inf, 811.7142857142857, 1829.5257219692041, 197834.553578, 1833227.674503, 0.071314, 4964.389369, 0, 0, 0, 0, 3858079, 98128202, 1088291680, 1190277961
39774, 39774, 0, 0, plus_edge, 25961.672626316547, 119.43297064304352, 109127.25882000002, inf, 199.86934673366835, 539.2013850904806, 68121.475328, 21541.508583, 1.038706, 19463.236203, 0, 0, 0, 0, 15790279, 32883359, 14484294, 63157932, 25616.111480534077, 59.32404524087906, 172846.42982000002, inf, 401.75757575757575, 1140.5397542959543, 153460.629339, 10199.296827, 0.281238, 9186.222416, 0, 0, 0, 0, 7835479, 72360997, 6696732, 86893208, 25357.46074819565, 31.036995828151703, 207736.00157000002, inf, 811.7142857142857, 1829.5257219692041, 197834.553578, 4936.987209, 0.071414, 4964.389369, 0, 0, 0, 0, 3858079, 98128202, 3221952, 105208233
39774, 39774, 0, 0, simple, 25964.591349601746, 122.35169392824173, 109677.245614, inf, 199.86934673366835, 539.2013850904806, 68121.475328, 22091.546372, 0.987711, 19463.236203, 0, 0, 0, 0, 15790279, 32883359, 14445090, 63118728, 25616.680149912834, 59.892714619636536, 172890.72298000002, inf, 401.75757575757575, 1140.5397542959543, 153460.629339, 10243.589647, 0.281578, 9186.222416, 0, 0, 0, 0, 7835479, 72360997, 6687128, 86883604, 25357.626332640648, 31.202580273151398, 207662.135144, inf, 811.7142857142857, 1829.5257219692041, 197834.553578, 4863.119701, 0.072496, 4964.389369, 0, 0, 0, 0, 3858079, 98128202, 3219648, 105205929
39774, 39774, 0, 0, dp_1.000000, 25859.43395537138, 122.99363702535629, 144366.859013, inf, 199.86934673366835, 687.9251398263483, 100728.904261, 23882.616677, 1.37043, 19679.798442, 74.155186, 0.014017, 199, 0, 15790279, 51042394, 15495259, 82327932, 25594.39245468378, 61.803628385066986, 174940.30224999998, inf, 401.75757575757575, 1180.4946582683822, 153503.299079, 11858.864876, 0.292148, 9508.722009, 69.117095, 0.007043, 99, 0, 7835479, 76951464, 7555787, 92342730, 25384.56919503212, 31.454605758190155, 193646.829439, inf, 811.7142857142857, 1783.1430860438882, 182757.451646, 5639.720246, 0.072176, 5181.270429, 68.311635, 0.003307, 49, 0, 3858079, 94022857, 3652543, 101533479
39774, 39774, 0, 0, dp_11.000000, 25832.15172404051, 95.71140569448471, 531545.983014, inf, 199.86934673366835, 687.9251398263483, 100728.904261, 268581.547485, 1.390087, 19679.798442, 142305.562433, 248.780306, 2189, 107.17501831054688, 15790279, 51042394, 249978949, 316811622, 25580.24458628893, 47.6557599902153, 368752.64206700004, inf, 401.75757575757575, 1180.4946582683822, 153503.299079, 134779.10419, 0.341751, 9508.722009, 70931.890163, 29.284875, 1089, 70.8530502319336, 7835479, 76951464, 121231613, 206018556, 25377.98824709654, 24.873657822608948, 288262.585426, inf, 811.7142857142857, 1783.1430860438882, 182757.451646, 64434.30042, 0.094086, 5181.270429, 35885.779747, 3.689098, 539, 40.17183303833008, 3858079, 94022857, 60021653, 157902589
39774, 39774, 0, 0, dp_13.000000, 25830.098963558674, 93.6586452126503, 609164.020085, inf, 199.86934673366835, 687.9251398263483, 100728.904261, 318390.197983, 1.400226, 19679.798442, 170007.065777, 356.653396, 2587, 99.740966796875, 15790279, 51042394, 296875687, 363708360, 25578.183057308197, 45.59423100948334, 408129.210596, inf, 401.75757575757575, 1180.4946582683822, 153503.299079, 158783.534546, 0.341971, 9508.722009, 86291.651357, 41.661634, 1287, 67.7994384765625, 7835479, 76951464, 144292079, 229079022, 25377.209551751614, 24.09496247768402, 308063.94286699995, inf, 811.7142857142857, 1783.1430860438882, 182757.451646, 77403.580633, 0.093074, 5181.270429, 42716.37723, 5.169855, 637, 39.059165954589844, 3858079, 94022857, 71295475, 169176411
39774, 39774, 0, 0, dp_15.000000, 25828.22621369362, 91.78589534759521, 688743.502058, inf, 199.86934673366835, 687.9251398263483, 100728.904261, 369799.678784, 1.533907, 19679.798442, 198065.590933, 467.995731, 2985, 92.94462585449219, 15790279, 51042394, 343772425, 410605098, 25577.31302213669, 44.72419583797455, 447374.003943, inf, 401.75757575757575, 1180.4946582683822, 153503.299079, 184395.923445, 0.342572, 9508.722009, 99909.833373, 55.883465, 1485, 64.95218658447266, 7835479, 76951464, 167352545, 252139488, 25376.061365365982, 22.94677609205246, 326475.003555, inf, 811.7142857142857, 1783.1430860438882, 182757.451646, 88644.239389, 0.093645, 5181.270429, 49884.967274, 6.981172, 735, 38.00730895996094, 3858079, 94022857, 82569297, 180450233
39774, 39774, 0, 0, dp_17.000000, 25825.998280346394, 89.55796200037003, 754902.498398, inf, 199.86934673366835, 687.9251398263483, 100728.904261, 407427.188479, 1.592326, 19679.798442, 226460.953202, 604.061688, 3383, 86.38191986083984, 15790279, 51042394, 390669163, 457501836, 25576.821236610413, 44.232410311698914, 484294.5036, inf, 401.75757575757575, 1180.4946582683822, 153503.299079, 208248.702164, 0.34668, 9508.722009, 112960.800182, 72.633486, 1683, 62.254615783691406, 7835479, 76951464, 190413011, 275199954, 25374.926659703255, 21.812070429325104, 346450.089775, inf, 811.7142857142857, 1783.1430860438882, 182757.451646, 101408.18981, 0.095259, 5181.270429, 57094.307285, 8.775346, 833, 36.98020935058594, 3858079, 94022857, 93843119, 191724055
39774, 39774, 0, 0, dp_19.000000, 25824.249339163303, 87.80902081727982, 824860.382062, inf, 199.86934673366835, 687.9251398263483, 100728.904261, 455125.071419, 1.585824, 19679.798442, 248538.930475, 786.091641, 3781, 80.4022445678711, 15790279, 51042394, 437565901, 504398574, 25576.235522210598, 43.64669591188431, 523341.99951999995, inf, 401.75757575757575, 1180.4946582683822, 153503.299079, 232448.881684, 0.34155, 9508.722009, 127789.037192, 91.718006, 1881, 59.751766204833984, 7835479, 76951464, 213473477, 298260420, 25374.74514710903, 21.63055783510208, 367850.13869600004, inf, 811.7142857142857, 1783.1430860438882, 182757.451646, 115637.856454, 0.09596, 5181.270429, 64262.614491, 10.849716, 931, 36.33811569213867, 3858079, 94022857, 104720061, 202600997
39774, 39774, 0, 0, dp_21.000000, 25821.498295783997, 85.05797743797302, 904615.286749, inf, 199.86934673366835, 687.9251398263483, 100728.904261, 503122.570462, 1.389085, 19679.798442, 280152.466538, 930.157961, 4179, 75.1370849609375, 15790279, 51042394, 484462639, 551295312, 25575.27310681343, 42.6842805147171, 561287.0808720001, inf, 401.75757575757575, 1180.4946582683822, 153503.299079, 256628.665913, 0.353583, 9508.722009, 141533.026594, 113.013694, 2079, 57.3789176940918, 7835479, 76951464, 236533943, 321320886, 25373.942063689232, 20.827474415302277, 385719.52964499994, inf, 811.7142857142857, 1783.1430860438882, 182757.451646, 127343.848164, 0.091843, 5181.270429, 70423.500537, 13.367026, 1029, 35.50767135620117, 3858079, 94022857, 116138203, 214019139
39774, 39774, 0, 0, dp_23.000000, 25820.115312576294, 83.67499423027039, 970882.8059129999, inf, 199.86934673366835, 687.9251398263483, 100728.904261, 545275.622123, 1.323843, 19679.798442, 304070.457607, 1126.699637, 4577, 70.56932067871094, 15790279, 51042394, 531086606, 597919279, 25574.514928281307, 41.926101982593536, 596064.3124139999, inf, 401.75757575757575, 1180.4946582683822, 153503.299079, 277634.188516, 0.345107, 9508.722009, 155281.318888, 136.438815, 2277, 55.315277099609375, 7835479, 76951464, 259594409, 344381352, 25373.057345688343, 19.942756414413452, 405124.810398, inf, 811.7142857142857, 1783.1430860438882, 182757.451646, 139269.219261, 0.094216, 5181.270429, 77900.729186, 16.04566, 1127, 34.758975982666016, 3858079, 94022857, 127556345, 225437281
39774, 39774, 0, 0, dp_25.000000, 25818.566690564156, 82.12637221813202, 1048015.7372169999, inf, 199.86934673366835, 687.9251398263483, 100728.904261, 597979.159229, 1.313641, 19679.798442, 328305.278013, 1321.283631, 4975, 66.11730194091797, 15790279, 51042394, 578256115, 645088788, 25573.806270301342, 41.217444002628326, 639403.865675, inf, 401.75757575757575, 1180.4946582683822, 153503.299079, 308294.181218, 0.340509, 9508.722009, 167935.201693, 162.121167, 2475, 53.39048767089844, 7835479, 76951464, 282654875, 367441818, 25372.689976871014, 19.575387597084045, 422796.072095, inf, 811.7142857142857, 1783.1430860438882, 182757.451646, 149794.270082, 0.094087, 5181.270429, 85044.025195, 18.960656, 1225, 34.18650436401367, 3858079, 94022857, 138938407, 236819343
39774, 39774, 0, 0, dp_27.000000, 25817.368796765804, 80.92847841978073, 1121629.666835, inf, 199.86934673366835, 687.9251398263483, 100728.904261, 641769.815742, 1.347798, 19679.798442, 357906.651122, 1543.14947, 5373, 62.11567687988281, 15790279, 51042394, 625152853, 691985526, 25573.41701501608, 40.828188717365265, 674264.9530389999, inf, 401.75757575757575, 1180.4946582683822, 153503.299079, 328891.756173, 0.334387, 9508.722009, 182171.49995, 189.341441, 2673, 51.659400939941406, 7835479, 76951464, 305715341, 390502284, 25372.528072059155, 19.413482785224915, 445774.319926, inf, 811.7142857142857, 1783.1430860438882, 182757.451646, 165732.357063, 0.093435, 5181.270429, 92080.857343, 22.29001, 1323, 33.50395584106445, 3858079, 94022857, 149815349, 247696285
39774, 39774, 0, 0, dp_29.000000, 25816.126498818398, 79.68618047237396, 1207761.964291, inf, 199.86934673366835, 687.9251398263483, 100728.904261, 696909.295958, 1.322741, 19679.798442, 388660.4806, 1782.162289, 5771, 58.26527404785156, 15790279, 51042394, 671931220, 738763893, 25572.55861800909, 39.96979171037674, 710124.038772, inf, 401.75757575757575, 1180.4946582683822, 153503.299079, 354651.837464, 0.345037, 9508.722009, 192241.212242, 218.622941, 2871, 49.93016052246094, 7835479, 76951464, 328775807, 413562750, 25371.80518245697, 18.69059318304062, 464236.562383, inf, 811.7142857142857, 1783.1430860438882, 182757.451646, 177286.693227, 0.09085, 5181.270429, 98985.198942, 25.857289, 1421, 32.84754943847656, 3858079, 94022857, 161377811, 259258747
39774, 39774, 0, 0, dp_3.000000, 25849.60817581415, 113.1678574681282, 221381.075434, inf, 199.86934673366835, 687.9251398263483, 100728.904261, 72402.395405, 1.375329, 19679.798442, 28555.255459, 13.346538, 597, 153.86521911621094, 15790279, 51042394, 62391997, 129224670, 25590.16613817215, 57.577311873435974, 213810.53139699998, inf, 401.75757575757575, 1180.4946582683822, 153503.299079, 36412.477874, 0.282189, 9508.722009, 14383.964037, 1.786209, 297, 87.23833465576172, 7835479, 76951464, 30579287, 115366230, 25382.30971568823, 29.19512641429901, 212568.440153, inf, 811.7142857142857, 1783.1430860438882, 182757.451646, 17689.044087, 0.077636, 5181.270429, 6940.379959, 0.216396, 147, 45.36348342895508, 3858079, 94022857, 14926365, 112807301
39774, 39774, 0, 0, dp_31.000000, 25815.35636907816, 78.91605073213577, 1286414.1027860001, inf, 199.86934673366835, 687.9251398263483, 100728.904261, 743565.444918, 1.301841, 19679.798442, 420398.901813, 2039.751511, 6169, 54.68789291381836, 15790279, 51042394, 718946329, 785779002, 25571.142348229885, 38.55352193117142, 744945.03852, inf, 401.75757575757575, 1180.4946582683822, 153503.299079, 375926.21074, 0.334978, 9508.722009, 205756.288898, 250.182816, 3069, 48.40479278564453, 7835479, 76951464, 351836273, 436623216, 25371.80518245697, 18.69059318304062, 488389.97061600006, inf, 811.7142857142857, 1783.1430860438882, 182757.451646, 194404.261302, 0.098255, 5181.270429, 106017.471728, 29.417256, 1519, 32.39093017578125, 3858079, 94022857, 172362993, 270243929
39774, 39774, 0, 0, dp_33.000000, 25814.422571897507, 77.98225355148315, 1357993.0324960002, inf, 199.86934673366835, 687.9251398263483, 100728.904261, 797688.616091, 1.334743, 19679.798442, 437582.768755, 2311.610204, 6567, 51.40021514892578, 15790279, 51042394, 765491382, 832324055, 25570.475989222527, 37.887162923812866, 789606.035354, inf, 401.75757575757575, 1180.4946582683822, 153503.299079, 407512.980079, 0.342011, 9508.722009, 218796.795077, 283.897099, 3267, 46.89154815673828, 7835479, 76951464, 374896739, 459683682, 25371.35281741619, 18.238228142261505, 504489.09651, inf, 811.7142857142857, 1783.1430860438882, 182757.451646, 203588.518073, 0.095319, 5181.270429, 112928.112192, 33.648851, 1617, 31.681167602539062, 3858079, 94022857, 183745055, 281625991
39774, 39774, 0, 0, dp_35.000000, 25813.836304068565, 77.39598572254181, 1446228.0145339998, inf, 199.86934673366835, 687.9251398263483, 100728.904261, 851689.945751, 1.333631, 19679.798442, 471525.769305, 2602.263144, 6965, 48.49197769165039, 15790279, 51042394, 812388120, 879220793, 25569.387026131153, 36.79819983243942, 825979.477367, inf, 401.75757575757575, 1180.4946582683822, 153503.299079, 427323.51381, 0.347531, 9508.722009, 235324.032629, 319.562309, 3465, 45.46476745605469, 7835479, 76951464, 397957205, 482744148, 25371.35281741619, 18.238228142261505, 525343.359451, inf, 811.7142857142857, 1783.1430860438882, 182757.451646, 217259.710536, 0.091611, 5181.270429, 120106.98375, 37.851479, 1715, 31.340978622436523, 3858079, 94022857, 194910637, 292791573
39774, 39774, 0, 0, dp_37.000000, 25813.215233802795, 76.77491545677185, 1523516.1563910001, inf, 199.86934673366835, 687.9251398263483, 100728.904261, 903494.074294, 1.263429, 19679.798442, 496701.217342, 2910.898623, 7363, 45.86248016357422, 15790279, 51042394, 859363772, 926196445, 25569.09023118019, 36.501404881477356, 871174.950224, inf, 401.75757575757575, 1180.4946582683822, 153503.299079, 456769.424923, 0.353583, 9508.722009, 251035.15545, 357.99518, 3663, 44.07009506225586, 7835479, 76951464, 421017671, 505804614, 25370.583373069763, 17.468783795833588, 541547.833316, inf, 811.7142857142857, 1783.1430860438882, 182757.451646, 226789.075701, 0.091531, 5181.270429, 126777.467074, 42.476935, 1813, 30.68560791015625, 3858079, 94022857, 206292699, 304173635
39774, 39774, 0, 0, dp_39.000000, 25812.697773516178, 76.25745517015457, 1595706.9249910002, inf, 199.86934673366835, 687.9251398263483, 100728.904261, 954054.867354, 1.294037, 19679.798442, 518004.802501, 3237.258396, 7761, 43.5721321105957, 15790279, 51042394, 906181596, 973014269, 25569.020786762238, 36.431960463523865, 913814.480158, inf, 401.75757575757575, 1180.4946582683822, 153503.299079, 484068.793251, 0.357631, 9508.722009, 266335.80409, 397.504098, 3861, 42.86064147949219, 7835479, 76951464, 444078137, 528865080, 25370.583373069763, 17.468783795833588, 564175.765575, inf, 811.7142857142857, 1783.1430860438882, 182757.451646, 242558.786879, 0.091983, 5181.270429, 133631.076142, 47.088496, 1911, 30.36925506591797, 3858079, 94022857, 217458281, 315339217
39774, 39774, 0, 0, dp_5.000000, 25842.626000106335, 106.18568176031113, 299366.52166, inf, 199.86934673366835, 687.9251398263483, 100728.904261, 120987.83664, 1.406547, 19679.798442, 57924.254819, 44.320951, 995, 138.21624755859375, 15790279, 51042394, 109288735, 176121408, 25586.782560765743, 54.19373446702957, 251042.034995, inf, 401.75757575757575, 1180.4946582683822, 153503.299079, 59591.038507, 0.349896, 9508.722009, 28433.118397, 5.507107, 495, 82.123046875, 7835479, 76951464, 53639753, 138426696, 25379.714801967144, 26.600212693214417, 231213.118857, inf, 811.7142857142857, 1783.1430860438882, 182757.451646, 29169.260033, 0.07496, 5181.270429, 14104.360073, 0.701716, 245, 43.824642181396484, 3858079, 94022857, 26200187, 124081123
39774, 39774, 0, 0, dp_7.000000, 25837.655457377434, 101.21513903141022, 377114.9981830001, inf, 199.86934673366835, 687.9251398263483, 100728.904261, 170232.014846, 1.587447, 19679.798442, 86370.809117, 101.88407, 1393, 125.92581176757812, 15790279, 51042394, 156185473, 223018146, 25584.353266358376, 51.764440059661865, 286780.4808839999, inf, 401.75757575757575, 1180.4946582683822, 153503.299079, 81408.693454, 0.354013, 9508.722009, 42347.940456, 11.471873, 693, 77.85112762451172, 7835479, 76951464, 75110681, 159897624, 25378.52272284031, 25.408133566379547, 251149.53022499997, inf, 811.7142857142857, 1783.1430860438882, 182757.451646, 41532.247617, 0.090129, 5181.270429, 21677.104924, 1.36548, 343, 42.60316848754883, 3858079, 94022857, 37474009, 135354945
39774, 39774, 0, 0, dp_9.000000, 25834.81745994091, 98.37714159488678, 455624.81681600004, inf, 199.86934673366835, 687.9251398263483, 100728.904261, 220154.406084, 1.41288, 19679.798442, 114897.632304, 162.662845, 1791, 115.73774719238281, 15790279, 51042394, 203082211, 269914884, 25583.135750830173, 50.54692453145981, 327741.65649599995, inf, 401.75757575757575, 1180.4946582683822, 153503.299079, 108291.487077, 0.335269, 9508.722009, 56418.449884, 19.363178, 891, 74.22055053710938, 7835479, 76951464, 98171147, 182958090, 25378.32455664873, 25.209967374801636, 268984.67246699997, inf, 811.7142857142857, 1783.1430860438882, 182757.451646, 52289.577797, 0.092593, 5181.270429, 28753.972876, 2.307126, 441, 41.37407684326172, 3858079, 94022857, 48747831, 146628767
39774, 39774, 0, 0, fixed_reps_1, 25859.43395537138, 122.99363702535629, 144994.008441, inf, 199.86934673366835, 687.9251398263483, 100728.904261, 24492.154708, 1.337788, 19679.798442, 91.813242, 0, 199, 194.37869262695312, 15790279, 51042394, 15495259, 82327932, 25594.39245468378, 61.803628385066986, 174871.40456999998, inf, 401.75757575757575, 1180.4946582683822, 153503.299079, 11784.721593, 0.288261, 9508.722009, 74.373628, 0, 99, 97.70130157470703, 7835479, 76951464, 7555787, 92342730, 25384.56919503212, 31.454605758190155, 193560.77501699998, inf, 811.7142857142857, 1783.1430860438882, 182757.451646, 5547.819237, 0.091201, 5181.270429, 74.142504, 0, 49, 48.39116287231445, 3858079, 94022857, 3652543, 101533479
39774, 39774, 0, 0, fixed_reps_11, 25838.37848573923, 101.93816739320755, 410388.479557, inf, 199.86934673366835, 687.9251398263483, 100728.904261, 289144.290851, 1.425513, 19679.798442, 834.06049, 0, 2189, 154.6239013671875, 15790279, 51042394, 170445859, 237278532, 25581.823114991188, 49.234288692474365, 318721.50537, inf, 401.75757575757575, 1180.4946582683822, 153503.299079, 154870.366891, 0.361057, 9508.722009, 838.756334, 0, 1089, 87.87310028076172, 7835479, 76951464, 83112667, 167899610, 25377.540324032307, 24.425734758377075, 266365.700841, inf, 811.7142857142857, 1783.1430860438882, 182757.451646, 77557.706075, 0.088416, 5181.270429, 869.184275, 0, 539, 45.964839935302734, 3858079, 94022857, 40177483, 138058419
39774, 39774, 0, 0, fixed_reps_13, 25836.53018772602, 100.08986937999725, 460523.538212, inf, 199.86934673366835, 687.9251398263483, 100728.904261, 339129.445286, 1.464046, 19679.798442, 983.926177, 0, 2587, 151.2117462158203, 15790279, 51042394, 201435979, 268268652, 25580.079908311367, 47.49108201265335, 345000.816345, inf, 401.75757575757575, 1180.4946582683822, 153503.299079, 180973.988332, 0.346369, 9508.722009, 1014.460556, 0, 1287, 86.92423248291016, 7835479, 76951464, 98224043, 183010986, 25376.72433334589, 23.60974407196045, 279450.949492, inf, 811.7142857142857, 1783.1430860438882, 182757.451646, 90494.837021, 0.093645, 5181.270429, 1017.296751, 0, 637, 45.72193908691406, 3858079, 94022857, 47482471, 145363407
39774, 39774, 0, 0, fixed_reps_15, 25834.831620633602, 98.39130228757858, 509391.249527, inf, 199.86934673366835, 687.9251398263483, 100728.904261, 387841.047699, 1.342428, 19679.798442, 1140.156697, 0, 2985, 146.93373107910156, 15790279, 51042394, 232426099, 299258772, 25579.452071607113, 46.8632453083992, 370309.54716799996, inf, 401.75757575757575, 1180.4946582683822, 153503.299079, 206171.271767, 0.34679, 9508.722009, 1125.907523, 0, 1485, 85.64055633544922, 7835479, 76951464, 113335419, 198122362, 25375.905533134937, 22.79094386100769, 292257.477195, inf, 811.7142857142857, 1783.1430860438882, 182757.451646, 103167.302465, 0.091461, 5181.270429, 1151.361194, 0, 735, 45.46790313720703, 3858079, 94022857, 54787459, 152668395
39774, 39774, 0, 0, fixed_reps_17, 25833.776733458042, 97.33641511201859, 558075.8372040001, inf, 199.86934673366835, 687.9251398263483, 100728.904261, 436364.540747, 1.318453, 19679.798442, 1301.275301, 0, 3383, 144.541259765625, 15790279, 51042394, 263416219, 330248892, 25578.66211295128, 46.073286652565, 395657.940121, inf, 401.75757575757575, 1180.4946582683822, 153503.299079, 231360.949926, 0.338454, 9508.722009, 1284.630653, 0, 1683, 84.60352325439453, 7835479, 76951464, 128446795, 213233738, 25375.84075576067, 22.726166486740112, 304850.783098, inf, 811.7142857142857, 1783.1430860438882, 182757.451646, 115618.766124, 0.087914, 5181.270429, 1293.206985, 0, 833, 45.18190002441406, 3858079, 94022857, 62092447, 159973383
39774, 39774, 0, 0, fixed_reps_19, 25832.275591135025, 95.83527278900146, 609861.2081070001, inf, 199.86934673366835, 687.9251398263483, 100728.904261, 488016.322483, 1.312813, 19679.798442, 1434.870108, 0, 3781, 141.20118713378906, 15790279, 51042394, 294406339, 361239012, 25578.330811798573, 45.741985499858856, 420509.86901799997, inf, 401.75757575757575, 1180.4946582683822, 153503.299079, 256068.88106, 0.350627, 9508.722009, 1428.616243, 0, 1881, 83.4451904296875, 7835479, 76951464, 143558171, 228345114, 25375.141145288944, 22.02655601501465, 317401.126293, inf, 811.7142857142857, 1783.1430860438882, 182757.451646, 128038.048856, 0.088356, 5181.270429, 1424.267006, 0, 931, 44.91592788696289, 3858079, 94022857, 69397435, 167278371
39774, 39774, 0, 0, fixed_reps_21, 25830.175231456757, 93.73491311073303, 658248.8736790001, inf, 199.86934673366835, 687.9251398263483, 100728.904261, 536242.497393, 1.306521, 19679.798442, 1596.367062, 0, 4179, 135.35464477539062, 15790279, 51042394, 325396459, 392229132, 25578.059383153915, 45.47055685520172, 446895.7964069999, inf, 401.75757575757575, 1180.4946582683822, 153503.299079, 282322.540305, 0.3521, 9508.722009, 1560.882914, 0, 2079, 82.63819122314453, 7835479, 76951464, 158669547, 243456490, 25375.09569078684, 21.981101512908936, 330486.940655, inf, 811.7142857142857, 1783.1430860438882, 182757.451646, 140990.562106, 0.089387, 5181.270429, 1557.567087, 0, 1029, 44.513671875, 3858079, 94022857, 76702423, 174583359
39774, 39774, 0, 0, fixed_reps_23, 25829.43912035227, 92.99880200624466, 705806.898453, inf, 199.86934673366835, 687.9251398263483, 100728.904261, 583643.906137, 1.307232, 19679.798442, 1752.982381, 0, 4577, 130.47093200683594, 15790279, 51042394, 356386579, 423219252, 25577.17927569151, 44.59044939279556, 472301.2397539999, inf, 401.75757575757575, 1180.4946582683822, 153503.299079, 307589.654859, 0.352331, 9508.722009, 1699.211476, 0, 2277, 81.65470886230469, 7835479, 76951464, 173780923, 258567866, 25374.209804415703, 21.095215141773224, 343002.160332, inf, 811.7142857142857, 1783.1430860438882, 182757.451646, 153371.532672, 0.091071, 5181.270429, 1691.814514, 0, 1127, 43.81969451904297, 3858079, 94022857, 84007411, 181888347
39774, 39774, 0, 0, fixed_reps_25, 25828.497051239014, 92.05673289299011, 755704.790904, inf, 199.86934673366835, 687.9251398263483, 100728.904261, 633414.076678, 1.285591, 19679.798442, 1880.725932, 0, 4975, 126.40142059326172, 15790279, 51042394, 387376699, 454209372, 25576.74454897642, 44.15572267770767, 495824.990068, inf, 401.75757575757575, 1180.4946582683822, 153503.299079, 330964.787628, 0.345549, 9508.722009, 1847.835803, 0, 2475, 81.01122283935547, 7835479, 76951464, 188892299, 273679242, 25373.854442715645, 20.73985344171524, 355175.166301, inf, 811.7142857142857, 1783.1430860438882, 182757.451646, 165413.369277, 0.089868, 5181.270429, 1822.985081, 0, 1225, 43.66525650024414, 3858079, 94022857, 91312399, 189193335
39774, 39774, 0, 0, fixed_reps_27, 25827.848250448704, 91.4079321026802, 802674.916506, inf, 199.86934673366835, 687.9251398263483, 100728.904261, 680227.874527, 1.344601, 19679.798442, 2036.994675, 0, 5373, 122.01838684082031, 15790279, 51042394, 418366819, 485199492, 25576.577815771103, 43.98898947238922, 523963.66883499996, inf, 401.75757575757575, 1180.4946582683822, 153503.299079, 358964.485282, 0.355937, 9508.722009, 1986.806528, 0, 2673, 80.18055725097656, 7835479, 76951464, 204003675, 288790618, 25373.716207504272, 20.601618230342865, 368632.42206, inf, 811.7142857142857, 1783.1430860438882, 182757.451646, 178725.755429, 0.087684, 5181.270429, 1967.856872, 0, 1323, 42.76057434082031, 3858079, 94022857, 98617387, 196498323
39774, 39774, 0, 0, fixed_reps_29, 25826.879187583923, 90.43886923789978, 846771.107518, inf, 199.86934673366835, 687.9251398263483, 100728.904261, 724180.692966, 1.576527, 19679.798442, 2180.135322, 0, 5771, 118.66793823242188, 15790279, 51042394, 449356939, 516189612, 25575.6793679595, 43.090541660785675, 542959.735893, inf, 401.75757575757575, 1180.4946582683822, 153503.299079, 377829.19183, 0.3416, 9508.722009, 2118.181375, 0, 2871, 79.1425552368164, 7835479, 76951464, 219115051, 303901994, 25373.480731129646, 20.366141855716705, 379934.51400200004, inf, 811.7142857142857, 1783.1430860438882, 182757.451646, 189902.022498, 0.090099, 5181.270429, 2093.67933, 0, 1421, 42.57320022583008, 3858079, 94022857, 105922375, 203803311
39774, 39774, 0, 0, fixed_reps_3, 25851.492050230503, 115.05173188447952, 197083.971381, inf, 199.86934673366835, 687.9251398263483, 100728.904261, 76445.380111, 1.338571, 19679.798442, 228.549996, 0, 597, 179.457275390625, 15790279, 51042394, 46485379, 113318052, 25589.986749351025, 57.397923052310944, 202010.58839999998, inf, 401.75757575757575, 1180.4946582683822, 153503.299079, 38769.146255, 0.358272, 9508.722009, 229.062785, 0, 297, 94.81256866455078, 7835479, 76951464, 22667163, 107454106, 25381.668956518173, 28.554367244243622, 207230.947049, inf, 811.7142857142857, 1783.1430860438882, 182757.451646, 19053.620383, 0.075252, 5181.270429, 238.529339, 0, 147, 47.71883010864258, 3858079, 94022857, 10957531, 108838467
39774, 39774, 0, 0, fixed_reps_31, 25823.74610990286, 87.30579155683517, 892436.278836, inf, 199.86934673366835, 687.9251398263483, 100728.904261, 769692.15171, 1.34403, 19679.798442, 2334.080393, 0, 6169, 113.34815979003906, 15790279, 51042394, 480347059, 547179732, 25574.784590542316, 42.19576424360275, 567601.826015, inf, 401.75757575757575, 1180.4946582683822, 153503.299079, 402390.053622, 0.36265, 9508.722009, 2199.388655, 0, 3069, 78.49697875976562, 7835479, 76951464, 234226427, 319013370, 25373.233478426933, 20.118889153003693, 392378.35562199994, inf, 811.7142857142857, 1783.1430860438882, 182757.451646, 202206.786527, 0.087604, 5181.270429, 2232.759416, 0, 1519, 42.43739318847656, 3858079, 94022857, 113227363, 211108299
39774, 39774, 0, 0, fixed_reps_33, 25822.862374424934, 86.42205607891083, 939497.9671979999, inf, 199.86934673366835, 687.9251398263483, 100728.904261, 816610.667866, 1.530039, 19679.798442, 2477.06659, 0, 6567, 111.50479888916016, 15790279, 51042394, 511337179, 578169852, 25574.14781218767, 41.55898588895798, 592714.207082, inf, 401.75757575757575, 1180.4946582683822, 153503.299079, 427368.050058, 0.343594, 9508.722009, 2333.792342, 0, 3267, 77.19359588623047, 7835479, 76951464, 249337803, 334124746, 25373.090621232986, 19.976031959056854, 406191.80598, inf, 811.7142857142857, 1783.1430860438882, 182757.451646, 215881.488955, 0.087715, 5181.270429, 2371.507235, 0, 1617, 42.3257942199707, 3858079, 94022857, 120532351, 218413287
39774, 39774, 0, 0, fixed_reps_35, 25821.6287163496, 85.18839800357819, 983776.867047, inf, 199.86934673366835, 687.9251398263483, 100728.904261, 860737.76215, 1.380799, 19679.798442, 2629.021395, 0, 6965, 107.99288940429688, 15790279, 51042394, 542327299, 609159972, 25573.99781215191, 41.40898585319519, 617732.1624390001, inf, 401.75757575757575, 1180.4946582683822, 153503.299079, 452248.685032, 0.348464, 9508.722009, 2471.107855, 0, 3465, 75.1592788696289, 7835479, 76951464, 264449179, 349236122, 25372.485635638237, 19.371046364307404, 418303.25241699995, inf, 811.7142857142857, 1783.1430860438882, 182757.451646, 227863.359794, 0.068438, 5181.270429, 2501.10211, 0, 1715, 42.13645935058594, 3858079, 94022857, 127837339, 225718275
39774, 39774, 0, 0, fixed_reps_37, 25820.710251510143, 84.26993316411972, 1029228.39845, inf, 199.86934673366835, 687.9251398263483, 100728.904261, 906039.425102, 1.357386, 19679.798442, 2778.913259, 0, 7363, 104.66478729248047, 15790279, 51042394, 573317419, 640150092, 25573.729955017567, 41.141128718853, 642673.800326, inf, 401.75757575757575, 1180.4946582683822, 153503.299079, 477056.643035, 0.335739, 9508.722009, 2604.800464, 0, 3663, 73.74243927001953, 7835479, 76951464, 279560555, 364347498, 25372.351081311703, 19.236492037773132, 430627.861034, inf, 811.7142857142857, 1783.1430860438882, 182757.451646, 240059.635521, 0.091933, 5181.270429, 2629.411505, 0, 1813, 41.94628143310547, 3858079, 94022857, 135142327, 233023263
39774, 39774, 0, 0, fixed_reps_39, 25819.868321180344, 83.42800283432007, 1077809.6335170001, inf, 199.86934673366835, 687.9251398263483, 100728.904261, 954471.176647, 1.383054, 19679.798442, 2928.371113, 0, 7761, 101.31771087646484, 15790279, 51042394, 604307539, 671140212, 25573.363793313503, 40.77496701478958, 667293.938548, inf, 401.75757575757575, 1180.4946582683822, 153503.299079, 501543.109236, 0.340659, 9508.722009, 2738.467565, 0, 3861, 73.20594787597656, 7835479, 76951464, 294671931, 379458874, 25372.28441464901, 19.16982537508011, 442902.620585, inf, 811.7142857142857, 1783.1430860438882, 182757.451646, 252186.422465, 0.090319, 5181.270429, 2777.385726, 0, 1911, 41.816986083984375, 3858079, 94022857, 142447315, 240328251
39774, 39774, 0, 0, fixed_reps_41, 25819.797691881657, 83.35737353563309, 1123978.972478, inf, 199.86934673366835, 687.9251398263483, 100728.904261, 1000471.763615, 1.322079, 19679.798442, 3097.184081, 0, 8159, 98.87615203857422, 15790279, 51042394, 635297659, 702130332, 25573.141571044922, 40.55274474620819, 691567.585343, inf, 401.75757575757575, 1180.4946582683822, 153503.299079, 525672.464399, 0.349194, 9508.722009, 2882.750662, 0, 4059, 71.870849609375, 7835479, 76951464, 309783307, 394570250, 25371.855626761913, 18.741037487983704, 455455.769112, inf, 811.7142857142857, 1783.1430860438882, 182757.451646, 264618.257779, 0.088876, 5181.270429, 2898.700382, 0, 2009, 41.641197204589844, 3858079, 94022857, 149752303, 247633239
39774, 39774, 0, 0, fixed_reps_5, 25845.981208860874, 109.54089051485062, 254058.01257200004, inf, 199.86934673366835, 687.9251398263483, 100728.904261, 133264.686809, 1.3445, 19679.798442, 383.27856, 0, 995, 172.82139587402344, 15790279, 51042394, 77475499, 144308172, 25587.80997812748, 55.22115182876587, 232419.94770299998, inf, 401.75757575757575, 1180.4946582683822, 153503.299079, 69018.978436, 0.354935, 9508.722009, 388.593244, 0, 495, 91.8497543334961, 7835479, 76951464, 37778539, 122565482, 25381.15192359686, 28.037334322929382, 223091.27979499998, inf, 811.7142857142857, 1783.1430860438882, 182757.451646, 34742.271988, 0.078056, 5181.270429, 410.207676, 0, 245, 46.995662689208984, 3858079, 94022857, 18262519, 116143455
39774, 39774, 0, 0, fixed_reps_7, 25842.44643944502, 106.00612109899521, 307195.54968999996, inf, 199.86934673366835, 687.9251398263483, 100728.904261, 186241.640746, 1.308584, 19679.798442, 543.897657, 0, 1393, 167.67433166503906, 15790279, 51042394, 108465619, 175298292, 25585.75600540638, 53.167179107666016, 261983.10952899998, inf, 401.75757575757575, 1180.4946582683822, 153503.299079, 98419.659878, 0.355487, 9508.722009, 551.073076, 0, 693, 90.7703628540039, 7835479, 76951464, 52889915, 137676858, 25380.37725752592, 27.262668251991272, 238408.883037, inf, 811.7142857142857, 1783.1430860438882, 182757.451646, 49902.920362, 0.092163, 5181.270429, 567.148437, 0, 343, 46.49109649658203, 3858079, 94022857, 25567507, 123448443
39774, 39774, 0, 0, fixed_reps_9, 25839.9771489501, 103.53683060407639, 362410.539991, inf, 199.86934673366835, 687.9251398263483, 100728.904261, 241313.799007, 1.739412, 19679.798442, 686.298869, 0, 1791, 160.97769165039062, 15790279, 51042394, 139455739, 206288412, 25583.74340158701, 51.154575288295746, 288875.289292, inf, 401.75757575757575, 1180.4946582683822, 153503.299079, 125170.687564, 0.347552, 9508.722009, 692.233088, 0, 891, 89.09961700439453, 7835479, 76951464, 68001291, 152788234, 25378.6218649745, 25.507275700569153, 252829.74370700002, inf, 811.7142857142857, 1783.1430860438882, 182757.451646, 64165.35237, 0.088767, 5181.270429, 725.580495, 0, 441, 46.210723876953125, 3858079, 94022857, 32872495, 130753431
39774, 39774, 0, 0, greedy_1.000000, 25859.43395537138, 122.99363702535629, 144383.422723, inf, 199.86934673366835, 687.9251398263483, 100728.904261, 23899.200095, 1.355372, 19679.798442, 74.155186, 0.009367, 199, 194.37869262695312, 15790279, 51042394, 15495259, 82327932, 25594.39245468378, 61.803628385066986, 174920.36959099997, inf, 401.75757575757575, 1180.4946582683822, 153503.299079, 11838.869358, 0.357982, 9508.722009, 69.117095, 0.004068, 99, 97.70130157470703, 7835479, 76951464, 7555787, 92342730, 25384.56919503212, 31.454605758190155, 193644.871987, inf, 811.7142857142857, 1783.1430860438882, 182757.451646, 5637.763486, 0.072897, 5181.270429, 68.311635, 0.001894, 49, 48.39116287231445, 3858079, 94022857, 3652543, 101533479
39774, 39774, 0, 0, greedy_11.000000, 25845.36784172058, 108.9275233745575, 463255.856436, inf, 199.86934673366835, 687.9251398263483, 100728.904261, 200539.504035, 1.566137, 19679.798442, 142305.562433, 0.521128, 2189, 173.21640014648438, 15790279, 51042394, 184243587, 251076260, 25586.718519568443, 54.129693269729614, 331007.376925, inf, 401.75757575757575, 1180.4946582683822, 153503.299079, 97062.955287, 0.368862, 9508.722009, 70931.890163, 0.141525, 1089, 95.1065444946289, 7835479, 76951464, 88593043, 173379986, 25379.445644557476, 26.331055283546448, 266623.364949, inf, 811.7142857142857, 1783.1430860438882, 182757.451646, 42798.728504, 0.0958, 5181.270429, 35885.779747, 0.038823, 539, 47.931949615478516, 3858079, 94022857, 43015363, 140896299
39774, 39774, 0, 0, greedy_13.000000, 25845.36784172058, 108.9275233745575, 520224.43792600004, inf, 199.86934673366835, 687.9251398263483, 100728.904261, 229806.604313, 1.428128, 19679.798442, 170007.065777, 0.637005, 2587, 173.21640014648438, 15790279, 51042394, 215436439, 282269112, 25585.93099939823, 53.34217309951782, 361539.366804, inf, 401.75757575757575, 1180.4946582683822, 153503.299079, 112235.175846, 0.357982, 9508.722009, 86291.651357, 0.160531, 1287, 95.08955383300781, 7835479, 76951464, 103787563, 188574506, 25378.70854616165, 25.593956887722015, 280138.929587, inf, 811.7142857142857, 1783.1430860438882, 182757.451646, 49483.693545, 0.093195, 5181.270429, 42716.37723, 0.043542, 637, 47.92058563232422, 3858079, 94022857, 50449055, 148329991
39774, 39774, 0, 0, greedy_15.000000, 25845.36784172058, 108.9275233745575, 577632.9909110001, inf, 199.86934673366835, 687.9251398263483, 100728.904261, 259156.60468, 1.395597, 19679.798442, 198065.590933, 0.696998, 2985, 173.21640014648438, 15790279, 51042394, 246629291, 313461964, 25584.98039907217, 52.39157277345657, 390688.24122799997, inf, 401.75757575757575, 1180.4946582683822, 153503.299079, 127765.816447, 0.371657, 9508.722009, 99909.833373, 0.198663, 1485, 95.07157897949219, 7835479, 76951464, 118982083, 203769026, 25378.57521277666, 25.460623502731323, 293948.778484, inf, 811.7142857142857, 1783.1430860438882, 182757.451646, 56124.946848, 0.093245, 5181.270429, 49884.967274, 0.049042, 735, 47.914093017578125, 3858079, 94022857, 57882747, 155763683
39774, 39774, 0, 0, greedy_17.000000, 25845.36784172058, 108.9275233745575, 635197.7356819999, inf, 199.86934673366835, 687.9251398263483, 100728.904261, 288325.646614, 1.606102, 19679.798442, 226460.953202, 0.827061, 3383, 173.21640014648438, 15790279, 51042394, 277822143, 344654816, 25584.184393405914, 51.59556710720062, 419096.906655, inf, 401.75757575757575, 1180.4946582683822, 153503.299079, 143123.511279, 0.360195, 9508.722009, 112960.800182, 0.213911, 1683, 95.0488510131836, 7835479, 76951464, 134176603, 218963546, 25378.36426872015, 25.249679446220398, 308849.68778299994, inf, 811.7142857142857, 1783.1430860438882, 182757.451646, 63816.498132, 0.097783, 5181.270429, 57094.307285, 0.062508, 833, 47.903106689453125, 3858079, 94022857, 65316439, 163197375
39774, 39774, 0, 0, greedy_19.000000, 25845.36784172058, 108.9275233745575, 681395.7296579999, inf, 199.86934673366835, 687.9251398263483, 100728.904261, 312445.464133, 1.438418, 19679.798442, 248538.930475, 1.193929, 3781, 173.21640014648438, 15790279, 51042394, 309014995, 375847668, 25583.211093187332, 50.62226688861847, 448250.207797, inf, 401.75757575757575, 1180.4946582683822, 153503.299079, 157448.54387, 0.354455, 9508.722009, 127789.037192, 0.251192, 1881, 95.03569793701172, 7835479, 76951464, 149371123, 234158066, 25377.93035054207, 24.815761268138885, 323741.883471, inf, 811.7142857142857, 1783.1430860438882, 182757.451646, 71540.391304, 0.091902, 5181.270429, 64262.614491, 0.063699, 931, 47.890281677246094, 3858079, 94022857, 72750131, 170631067
39774, 39774, 0, 0, greedy_21.000000, 25845.36784172058, 108.9275233745575, 749575.7647589999, inf, 199.86934673366835, 687.9251398263483, 100728.904261, 349012.110278, 1.448907, 19679.798442, 280152.466538, 1.036333, 4179, 173.21640014648438, 15790279, 51042394, 340207847, 407040520, 25581.957468509674, 49.36864221096039, 476339.876746, inf, 401.75757575757575, 1180.4946582683822, 153503.299079, 171794.204422, 0.360156, 9508.722009, 141533.026594, 0.264486, 2079, 95.01314544677734, 7835479, 76951464, 164565643, 249352586, 25377.37997454405, 24.265385270118713, 335578.52414600004, inf, 811.7142857142857, 1783.1430860438882, 182757.451646, 77216.141785, 0.094677, 5181.270429, 70423.500537, 0.065072, 1029, 47.88453674316406, 3858079, 94022857, 80183823, 178064759
39774, 39774, 0, 0, greedy_23.000000, 25845.36784172058, 108.9275233745575, 791166.320602, inf, 199.86934673366835, 687.9251398263483, 100728.904261, 366683.248497, 2.795202, 19679.798442, 304070.457607, 1.116593, 4577, 173.21640014648438, 15790279, 51042394, 371400699, 438233372, 25581.3115568161, 48.72273051738739, 505146.72088900005, inf, 401.75757575757575, 1180.4946582683822, 153503.299079, 186852.704064, 0.371877, 9508.722009, 155281.318888, 0.304972, 2277, 94.99116516113281, 7835479, 76951464, 179760163, 264547106, 25376.97195494175, 23.857365667819977, 350656.042676, inf, 811.7142857142857, 1783.1430860438882, 182757.451646, 84816.422778, 0.09598, 5181.270429, 77900.729186, 0.072657, 1127, 47.878379821777344, 3858079, 94022857, 87617515, 185498451
39774, 39774, 0, 0, greedy_25.000000, 25845.36784172058, 108.9275233745575, 849387.867079, inf, 199.86934673366835, 687.9251398263483, 100728.904261, 400671.30971, 1.346806, 19679.798442, 328305.278013, 1.229847, 4975, 173.21640014648438, 15790279, 51042394, 402593551, 469426224, 25580.663253962994, 48.07442766427994, 532215.301777, inf, 401.75757575757575, 1180.4946582683822, 153503.299079, 201267.395033, 0.369614, 9508.722009, 167935.201693, 0.314349, 2475, 94.96552276611328, 7835479, 76951464, 194954683, 279741626, 25376.927510499954, 23.812921226024628, 365731.691362, inf, 811.7142857142857, 1783.1430860438882, 182757.451646, 92748.757983, 0.097753, 5181.270429, 85044.025195, 0.088356, 1225, 47.869449615478516, 3858079, 94022857, 95051207, 192932143
39774, 39774, 0, 0, greedy_27.000000, 25845.36784172058, 108.9275233745575, 904631.145511, inf, 199.86934673366835, 687.9251398263483, 100728.904261, 426313.021561, 1.51984, 19679.798442, 357906.651122, 1.250285, 5373, 173.21640014648438, 15790279, 51042394, 433786403, 500619076, 25579.770271718502, 47.18144541978836, 560490.0898750001, inf, 401.75757575757575, 1180.4946582683822, 153503.299079, 215305.867102, 0.362189, 9508.722009, 182171.49995, 0.339546, 2673, 94.9238510131836, 7835479, 76951464, 210149203, 294936146, 25376.791751265526, 23.677161991596222, 379800.46224400005, inf, 811.7142857142857, 1783.1430860438882, 182757.451646, 99780.70396, 0.09581, 5181.270429, 92080.857343, 0.083056, 1323, 47.85694885253906, 3858079, 94022857, 102484899, 200365835
39774, 39774, 0, 0, greedy_29.000000, 25845.36784172058, 108.9275233745575, 968469.517431, inf, 199.86934673366835, 687.9251398263483, 100728.904261, 459397.54598, 1.344942, 19679.798442, 388660.4806, 1.443206, 5771, 173.21640014648438, 15790279, 51042394, 464979255, 531811928, 25579.333050072193, 46.74422377347946, 583949.124216, inf, 401.75757575757575, 1180.4946582683822, 153503.299079, 228695.170174, 0.352631, 9508.722009, 192241.212242, 0.368081, 2871, 94.8251724243164, 7835479, 76951464, 225343723, 310130666, 25376.473894119263, 23.3593048453331, 392976.144548, inf, 811.7142857142857, 1783.1430860438882, 182757.451646, 106052.02048, 0.100579, 5181.270429, 98985.198942, 0.102472, 1421, 47.85694885253906, 3858079, 94022857, 109918591, 207799527
39774, 39774, 0, 0, greedy_3.000000, 25853.122503697872, 116.6821853518486, 226119.42430699998, inf, 199.86934673366835, 687.9251398263483, 100728.904261, 77153.937699, 1.400416, 19679.798442, 28555.255459, 0.12803, 597, 174.10101318359375, 15790279, 51042394, 59472179, 126304852, 25591.785730838776, 59.19690454006195, 212613.820184, inf, 401.75757575757575, 1180.4946582683822, 153503.299079, 35217.436111, 0.360867, 9508.722009, 14383.964037, 0.038081, 297, 95.2988510131836, 7835479, 76951464, 27814963, 112601906, 25383.190859496593, 30.07627022266388, 212343.992518, inf, 811.7142857142857, 1783.1430860438882, 182757.451646, 17464.749198, 0.096882, 5181.270429, 6940.379959, 0.044404, 147, 48.056949615478516, 3858079, 94022857, 13280595, 111161531
39774, 39774, 0, 0, greedy_31.000000, 25845.36784172058, 108.9275233745575, 1027560.1549, inf, 199.86934673366835, 687.9251398263483, 100728.904261, 486749.761965, 1.345303, 19679.798442, 420398.901813, 1.443116, 6169, 173.21640014648438, 15790279, 51042394, 496172107, 563004780, 25578.10086542368, 45.51203912496567, 611186.471832, inf, 401.75757575757575, 1180.4946582683822, 153503.299079, 242417.403914, 0.361198, 9508.722009, 205756.288898, 0.396734, 3069, 94.2988510131836, 7835479, 76951464, 240538243, 325325186, 25375.806100666523, 22.691511392593384, 406834.858567, inf, 811.7142857142857, 1783.1430860438882, 182757.451646, 112878.461353, 0.093695, 5181.270429, 106017.471728, 0.109716, 1519, 47.84861755371094, 3858079, 94022857, 117352283, 215233219
39774, 39774, 0, 0, greedy_33.000000, 25845.36784172058, 108.9275233745575, 1069311.8392780002, inf, 199.86934673366835, 687.9251398263483, 100728.904261, 511317.433858, 1.351184, 19679.798442, 437582.768755, 1.582778, 6567, 173.21640014648438, 15790279, 51042394, 527364959, 594197632, 25578.10086542368, 45.51203912496567, 640105.535488, inf, 401.75757575757575, 1180.4946582683822, 153503.299079, 258295.965579, 0.353764, 9508.722009, 218796.795077, 0.39998, 3267, 94.2988510131836, 7835479, 76951464, 255732763, 340519706, 25375.522942185402, 22.40835291147232, 421195.383262, inf, 811.7142857142857, 1783.1430860438882, 182757.451646, 120328.347457, 0.093766, 5181.270429, 112928.112192, 0.107772, 1617, 47.84266662597656, 3858079, 94022857, 124785975, 222666911
39774, 39774, 0, 0, greedy_35.000000, 25845.36784172058, 108.9275233745575, 1143212.706185, inf, 199.86934673366835, 687.9251398263483, 100728.904261, 551275.075133, 1.349641, 19679.798442, 471525.769305, 1.809403, 6965, 173.21640014648438, 15790279, 51042394, 558557811, 625390484, 25578.10086542368, 45.51203912496567, 672009.6589499998, inf, 401.75757575757575, 1180.4946582683822, 153503.299079, 273672.803038, 0.361478, 9508.722009, 235324.032629, 0.440717, 3465, 94.2988510131836, 7835479, 76951464, 270927283, 355714226, 25375.499132692814, 22.384543418884277, 435248.995448, inf, 811.7142857142857, 1783.1430860438882, 182757.451646, 127203.076984, 0.089468, 5181.270429, 120106.98375, 0.123171, 1715, 47.8347282409668, 3858079, 94022857, 132219667, 230100603
39774, 39774, 0, 0, greedy_37.000000, 25845.36784172058, 108.9275233745575, 1196775.464615, inf, 199.86934673366835, 687.9251398263483, 100728.904261, 579662.449495, 1.314055, 19679.798442, 496701.217342, 1.78102, 7363, 173.21640014648438, 15790279, 51042394, 589750663, 656583336, 25578.10086542368, 45.51203912496567, 703661.039423, inf, 401.75757575757575, 1180.4946582683822, 153503.299079, 289613.030894, 0.366207, 9508.722009, 251035.15545, 0.465784, 3663, 94.2988510131836, 7835479, 76951464, 286121803, 370908746, 25375.319197952747, 22.20460867881775, 449355.121605, inf, 811.7142857142857, 1783.1430860438882, 182757.451646, 134638.719687, 0.096471, 5181.270429, 126777.467074, 0.116298, 1813, 47.82967758178711, 3858079, 94022857, 139653359, 237534295
39774, 39774, 0, 0, greedy_39.000000, 25845.36784172058, 108.9275233745575, 1237483.4976599999, inf, 199.86934673366835, 687.9251398263483, 100728.904261, 599066.836807, 1.314075, 19679.798442, 518004.802501, 1.841574, 7761, 173.21640014648438, 15790279, 51042394, 620943515, 687776188, 25578.10086542368, 45.51203912496567, 736265.581699, inf, 401.75757575757575, 1180.4946582683822, 153503.299079, 306916.89227, 0.373621, 9508.722009, 266335.80409, 0.49063, 3861, 94.2988510131836, 7835479, 76951464, 301316323, 386103266, 25375.31220495701, 22.197615683078766, 463581.70812299993, inf, 811.7142857142857, 1783.1430860438882, 182757.451646, 142011.685886, 0.089688, 5181.270429, 133631.076142, 0.134332, 1911, 47.8216552734375, 3858079, 94022857, 147087051, 244967987
39774, 39774, 0, 0, greedy_5.000000, 25850.508231401443, 114.06791305541992, 290900.88229, inf, 199.86934673366835, 687.9251398263483, 100728.904261, 112566.332392, 1.364909, 19679.798442, 57924.254819, 0.227467, 995, 173.9891357421875, 15790279, 51042394, 90665031, 157497704, 25589.90607661009, 57.317250311374664, 241227.748162, inf, 401.75757575757575, 1180.4946582683822, 153503.299079, 49782.183149, 0.363061, 9508.722009, 28433.118397, 0.062467, 495, 95.1788558959961, 7835479, 76951464, 43009483, 127796426, 25382.426542401314, 29.311953127384186, 224323.255484, inf, 811.7142857142857, 1783.1430860438882, 182757.451646, 22280.077646, 0.075141, 5181.270429, 14104.360073, 0.020549, 245, 48.00289535522461, 3858079, 94022857, 20714287, 118595223
39774, 39774, 0, 0, greedy_7.000000, 25848.92892175913, 112.48860341310501, 349043.10112, inf, 199.86934673366835, 687.9251398263483, 100728.904261, 142261.840931, 1.425824, 19679.798442, 86370.809117, 0.322545, 1393, 173.90061950683594, 15790279, 51042394, 121857883, 188690556, 25588.293376922607, 55.70455062389374, 270321.4758029999, inf, 401.75757575757575, 1180.4946582683822, 153503.299079, 64961.056671, 0.361057, 9508.722009, 42347.940456, 0.096531, 693, 95.14885711669922, 7835479, 76951464, 58204003, 142990946, 25381.485973656178, 28.371384382247925, 238986.88807799996, inf, 811.7142857142857, 1783.1430860438882, 182757.451646, 29370.928781, 0.093986, 5181.270429, 21677.104924, 0.038312, 343, 47.963199615478516, 3858079, 94022857, 28147979, 126028915
39774, 39774, 0, 0, greedy_9.000000, 25845.36784172058, 108.9275233745575, 406822.68337800005, inf, 199.86934673366835, 687.9251398263483, 100728.904261, 171514.354711, 1.377584, 19679.798442, 114897.632304, 0.616076, 1791, 173.21640014648438, 15790279, 51042394, 153050735, 219883408, 25587.183654010296, 54.594827711582184, 300282.32035299996, inf, 401.75757575757575, 1180.4946582683822, 153503.299079, 80851.37958, 0.356208, 9508.722009, 56418.449884, 0.113593, 891, 95.12493896484375, 7835479, 76951464, 73398523, 158185466, 25380.86578285694, 27.751193583011627, 252699.236523, inf, 811.7142857142857, 1783.1430860438882, 182757.451646, 36006.43427, 0.076574, 5181.270429, 28753.972876, 0.030728, 441, 47.945838928222656, 3858079, 94022857, 35581671, 133462607
39774, 39774, 0, 0, opt, 25806.369619071484, 69.92930072546005, 2752492.715996, inf, 199.86934673366835, 687.9251398263483, 100728.904261, 2632082.890638, 1.122655, 19679.798442, 0, 0, 0, 0, 15790279, 51042394, 1523040200, 1589872873, 25561.838597238064, 29.249770939350128, 2703738.5489379996, inf, 401.75757575757575, 1180.4946582683822, 153503.299079, 2540726.253846, 0.274004, 9508.722009, 0, 0, 0, 0, 7835479, 76951464, 1468548282, 1553335225, 25364.12462759018, 11.010038316249847, 2607027.279628, inf, 811.7142857142857, 1783.1430860438882, 182757.451646, 2419088.484616, 0.072937, 5181.270429, 0, 0, 0, 0, 3858079, 94022857, 1413794800, 1511675736
39774, 39774, 0, 0, plus_edge, 25855.80810600519, 119.36778765916824, 144848.246624, inf, 199.86934673366835, 687.9251398263483, 100728.904261, 24438.472753, 1.071168, 19679.798442, 0, 0, 0, 0, 15790279, 51042394, 15494490, 82327163, 25592.266549527645, 59.67772322893143, 175032.43009399998, inf, 401.75757575757575, 1180.4946582683822, 153503.299079, 12020.136585, 0.272421, 9508.722009, 0, 0, 0, 0, 7835479, 76951464, 7525518, 92312461, 25383.494511663914, 30.37992238998413, 193482.464345, inf, 811.7142857142857, 1783.1430860438882, 182757.451646, 5543.665265, 0.077005, 5181.270429, 0, 0, 0, 0, 3858079, 94022857, 3615024, 101495960
39774, 39774, 0, 0, simple, 25859.43395537138, 122.99363702535629, 145023.116451, inf, 199.86934673366835, 687.9251398263483, 100728.904261, 24613.372236, 1.041512, 19679.798442, 0, 0, 0, 0, 15790279, 51042394, 15455286, 82287959, 25594.39245468378, 61.803628385066986, 174813.513537, inf, 401.75757575757575, 1180.4946582683822, 153503.299079, 11801.221431, 0.271018, 9508.722009, 0, 0, 0, 0, 7835479, 76951464, 7515914, 92302857, 25384.56919503212, 31.454605758190155, 193464.460431, inf, 811.7142857142857, 1783.1430860438882, 182757.451646, 5525.668455, 0.069901, 5181.270429, 0, 0, 0, 0, 3858079, 94022857, 3612720, 101493656
39774, 39774, 0, 0, dp_1.000000, 25969.450688898563, 124.29986476898193, 103944.519754, inf, 199.86934673366835, 457.710231802347, 55803.254097, 23218.785469, 1.261866, 24842.57, 78.635648, 0.012674, 199, 0, 15790279, 24800031, 15243007, 55833317, 25674.385006010532, 61.925730764865875, 120898.45362400002, inf, 401.75757575757575, 835.4688889855861, 98025.254262, 11555.220595, 0.372559, 11241.678381, 75.921465, 0.006362, 99, 0, 7835479, 42521275, 7386443, 57743197, 25427.824680566788, 31.54458177089691, 138860.032538, inf, 811.7142857142857, 1291.728694582637, 127272.056736, 5551.458599, 0.078788, 5964.151847, 72.283282, 0.003286, 49, 0, 3858079, 57002469, 3608863, 64469411
39774, 39774, 0, 0, dp_11.000000, 25938.236196398735, 93.0853722691536, 482840.77832800004, inf, 199.86934673366835, 457.710231802347, 55803.254097, 260161.897652, 1.304377, 24842.57, 141782.803289, 248.948913, 2189, 103.78016662597656, 15790279, 24800031, 247191437, 287781747, 25660.088851690292, 47.629576444625854, 311623.364576, inf, 401.75757575757575, 835.4688889855861, 98025.254262, 129939.986361, 0.365104, 11241.678381, 72386.815873, 29.264595, 1089, 69.19053649902344, 7835479, 42521275, 119886140, 170242894, 25419.624266028404, 23.344167232513428, 234332.74876299998, inf, 811.7142857142857, 1291.728694582637, 127272.056736, 65241.68178, 0.097423, 5964.151847, 35851.122264, 3.638713, 539, 38.76811981201172, 3858079, 57002469, 59428081, 120288629
39774, 39774, 0, 0, dp_13.000000, 25935.617557942867, 90.46673381328583, 550065.685405, inf, 199.86934673366835, 457.710231802347, 55803.254097, 300516.461365, 1.49335, 24842.57, 168544.846925, 357.059668, 2587, 95.89805603027344, 15790279, 24800031, 293506197, 334096507, 25658.834002315998, 46.37472707033157, 350322.12273, inf, 401.75757575757575, 835.4688889855861, 98025.254262, 155180.549247, 0.355667, 11241.678381, 85832.898415, 41.386758, 1287, 66.0876235961914, 7835479, 42521275, 142604462, 192961216, 25418.777412950993, 22.497314155101776, 253948.050816, inf, 811.7142857142857, 1291.728694582637, 127272.056736, 77274.703414, 0.095098, 5964.151847, 43432.017746, 5.025975, 637, 37.657649993896484, 3858079, 57002469, 70612723, 131473271
39774, 39774, 0, 0, dp_15.000000, 25933.661279439926, 88.5104553103447, 624690.7670650001, inf, 199.86934673366835, 457.710231802347, 55803.254097, 348867.298012, 1.363768, 24842.57, 194707.81774, 468.463448, 2985, 89.29413604736328, 15790279, 24800031, 339895883, 380486193, 25657.944433569908, 45.48515832424164, 390190.046354, inf, 401.75757575757575, 835.4688889855861, 98025.254262, 180812.971022, 0.357269, 11241.678381, 100053.835551, 55.949869, 1485, 63.27992630004883, 7835479, 42521275, 165322784, 215679538, 25419.30374622345, 23.0236474275589, 269888.99087499996, inf, 811.7142857142857, 1291.728694582637, 127272.056736, 86348.506788, 0.094918, 5964.151847, 50297.274595, 6.905991, 735, 36.45161437988281, 3858079, 57002469, 79093573, 139954121
39774, 39774, 0, 0, dp_17.000000, 25931.419418871403, 86.26859474182129, 699871.200416, inf, 199.86934673366835, 457.710231802347, 55803.254097, 394860.56983, 1.523157, 24842.57, 223759.116409, 604.166923, 3383, 83.24057006835938, 15790279, 24800031, 386285569, 426875879, 25654.671127915382, 42.21185266971588, 429980.083036, inf, 401.75757575757575, 835.4688889855861, 98025.254262, 206857.025012, 0.358853, 11241.678381, 113783.055277, 72.711251, 1683, 60.79729461669922, 7835479, 42521275, 188041106, 238397860, 25418.257861673832, 21.97776287794113, 291735.030635, inf, 811.7142857142857, 1291.728694582637, 127272.056736, 100567.658551, 0.092594, 5964.151847, 57922.206575, 8.864332, 833, 35.545799255371094, 3858079, 57002469, 90278215, 151138763
39774, 39774, 0, 0, dp_19.000000, 25930.422019720078, 85.27119559049606, 783460.1893690001, inf, 199.86934673366835, 457.710231802347, 55803.254097, 451303.954358, 1.336707, 24842.57, 250724.360721, 784.713486, 3781, 77.63069915771484, 15790279, 24800031, 432675255, 473265565, 25653.724561035633, 41.26528578996658, 464910.817345, inf, 401.75757575757575, 835.4688889855861, 98025.254262, 229756.563306, 0.365004, 11241.678381, 125795.090679, 91.865713, 1881, 58.575294494628906, 7835479, 42521275, 210759428, 261116182, 25417.192149579525, 20.912050783634186, 311997.033187, inf, 811.7142857142857, 1291.728694582637, 127272.056736, 113642.628298, 0.098634, 5964.151847, 65107.242005, 10.855667, 931, 34.68626403808594, 3858079, 57002469, 101462857, 162323405
39774, 39774, 0, 0, dp_21.000000, 25928.813386380672, 83.662562251091, 855213.4161060001, inf, 199.86934673366835, 457.710231802347, 55803.254097, 492426.237554, 1.312963, 24842.57, 281208.923586, 931.117906, 4179, 72.70533752441406, 15790279, 24800031, 479064941, 519655251, 25653.04778790474, 40.588512659072876, 504507.794227, inf, 401.75757575757575, 835.4688889855861, 98025.254262, 253698.109656, 0.353924, 11241.678381, 141429.296916, 113.101088, 2079, 56.575279235839844, 7835479, 42521275, 233477750, 283834504, 25417.00135821104, 20.72125941514969, 329912.99733499996, inf, 811.7142857142857, 1291.728694582637, 127272.056736, 124194.661101, 0.076303, 5964.151847, 72468.74759, 13.303758, 1029, 34.10631561279297, 3858079, 57002469, 112647499, 173508047
39774, 39774, 0, 0, dp_23.000000, 25927.296660661697, 82.14583653211594, 926901.1567829999, inf, 199.86934673366835, 457.710231802347, 55803.254097, 540679.536245, 1.321789, 24842.57, 304447.97959, 1126.495062, 4577, 68.36688232421875, 15790279, 24800031, 525454627, 566044937, 25652.12002682686, 39.66075158119202, 540595.7067689999, inf, 401.75757575757575, 835.4688889855861, 98025.254262, 275984.313777, 0.28264, 11241.678381, 155207.787284, 136.390425, 2277, 54.61545944213867, 7835479, 42521275, 256196072, 306552826, 25416.67513269186, 20.39503389596939, 351868.540268, inf, 811.7142857142857, 1291.728694582637, 127272.056736, 139334.829129, 0.09625, 5964.151847, 79281.384981, 16.021325, 1127, 33.46171569824219, 3858079, 57002469, 123832141, 184692689
39774, 39774, 0, 0, dp_25.000000, 25926.30367052555, 81.15284639596939, 1020160.624542, inf, 199.86934673366835, 457.710231802347, 55803.254097, 601949.568002, 1.310998, 24842.57, 336237.494928, 1326.426517, 4975, 64.41527557373047, 15790279, 24800031, 571844313, 612434623, 25651.50500047207, 39.04572522640228, 579740.1106090001, inf, 401.75757575757575, 835.4688889855861, 98025.254262, 301745.316974, 0.361788, 11241.678381, 168565.221216, 162.277988, 2475, 52.75110626220703, 7835479, 42521275, 278914394, 329271148, 25416.456115543842, 20.176016747951508, 368100.04937, inf, 811.7142857142857, 1291.728694582637, 127272.056736, 148421.468696, 0.092844, 5964.151847, 86423.193616, 19.085631, 1225, 32.765419006347656, 3858079, 57002469, 135016783, 195877331
39774, 39774, 0, 0, dp_27.000000, 25925.254345178604, 80.10352104902267, 1101158.3128000002, inf, 199.86934673366835, 457.710231802347, 55803.254097, 648252.414152, 1.329484, 24842.57, 370709.982296, 1548.762771, 5373, 60.99623107910156, 15790279, 24800031, 618233999, 658824309, 25650.996134340763, 38.53685909509659, 616392.095104, inf, 401.75757575757575, 835.4688889855861, 98025.254262, 324038.496819, 0.287048, 11241.678381, 182896.921467, 189.457127, 2673, 51.084529876708984, 7835479, 42521275, 301632716, 351989470, 25416.286647737026, 20.006548941135406, 390088.54844199994, inf, 811.7142857142857, 1291.728694582637, 127272.056736, 164102.415147, 0.098074, 5964.151847, 92727.562237, 22.264401, 1323, 32.33623123168945, 3858079, 57002469, 146201425, 207061973
39774, 39774, 0, 0, dp_29.000000, 25924.047693252563, 78.89686912298203, 1177503.624987, inf, 199.86934673366835, 457.710231802347, 55803.254097, 696478.191829, 1.308494, 24842.57, 398588.553833, 1789.746734, 5771, 57.91115951538086, 15790279, 24800031, 664427085, 705017395, 25650.70965105295, 38.25037580728531, 657850.910565, inf, 401.75757575757575, 835.4688889855861, 98025.254262, 352392.237509, 0.354775, 11241.678381, 195972.057907, 219.327731, 2871, 49.57955551147461, 7835479, 42521275, 324351038, 374707792, 25415.923792243004, 19.643693447113037, 401887.99333399994, inf, 811.7142857142857, 1291.728694582637, 127272.056736, 170613.342578, 0.09617, 5964.151847, 98012.611613, 25.73439, 1421, 31.620027542114258, 3858079, 57002469, 157386067, 218246615
39774, 39774, 0, 0, dp_3.000000, 25958.954486250877, 113.80366212129593, 178698.95151400001, inf, 199.86934673366835, 457.710231802347, 55803.254097, 68791.906166, 1.335033, 24842.57, 29246.764121, 13.122097, 597, 155.67222595214844, 15790279, 24800031, 61632693, 102223003, 25668.4444809556, 55.985205709934235, 158876.55082300003, inf, 401.75757575757575, 835.4688889855861, 98025.254262, 34849.923447, 0.297939, 11241.678381, 14757.61372, 1.783074, 297, 86.9239501953125, 7835479, 42521275, 30104765, 80461519, 25424.10866624117, 27.828567445278168, 156916.505156, inf, 811.7142857142857, 1291.728694582637, 127272.056736, 16742.707437, 0.082725, 5964.151847, 6937.278984, 0.227427, 147, 44.75494384765625, 3858079, 57002469, 14689513, 75550061
39774, 39774, 0, 0, dp_31.000000, 25922.677419304848, 77.52659517526627, 1254977.716277, inf, 199.86934673366835, 457.710231802347, 55803.254097, 744357.554291, 1.34932, 24842.57, 427924.555855, 2048.432714, 6169, 55.05513381958008, 15790279, 24800031, 710816771, 751407081, 25649.925646483898, 37.46637123823166, 697296.386563, inf, 401.75757575757575, 835.4688889855861, 98025.254262, 377191.143701, 0.348925, 11241.678381, 210587.551067, 250.410227, 3069, 47.952484130859375, 7835479, 42521275, 347069360, 397426114, 25415.806331932545, 19.5262331366539, 420140.521605, inf, 811.7142857142857, 1291.728694582637, 127272.056736, 181587.320453, 0.093596, 5964.151847, 105287.506043, 29.39293, 1519, 31.19682502746582, 3858079, 57002469, 168570709, 229431257
39774, 39774, 0, 0, dp_33.000000, 25921.73028856516, 76.57946443557739, 1338466.695255, inf, 199.86934673366835, 457.710231802347, 55803.254097, 799607.589188, 1.529489, 24842.57, 455890.101381, 2321.6511, 6567, 52.499752044677734, 15790279, 24800031, 757206457, 797796767, 25649.292313158512, 36.83303791284561, 737675.762332, inf, 401.75757575757575, 835.4688889855861, 98025.254262, 403706.528481, 0.359063, 11241.678381, 224417.493536, 284.448609, 3267, 46.64812469482422, 7835479, 42521275, 369787682, 420144436, 25415.568036854267, 19.287938058376312, 445729.561287, inf, 811.7142857142857, 1291.728694582637, 127272.056736, 198703.665114, 0.098445, 5964.151847, 113755.947377, 33.641768, 1617, 30.580259323120117, 3858079, 57002469, 179755351, 240615899
39774, 39774, 0, 0, dp_35.000000, 25920.629014968872, 75.47819083929062, 1424380.074943, inf, 199.86934673366835, 457.710231802347, 55803.254097, 855925.966838, 1.346725, 24842.57, 485194.235821, 2612.701462, 6965, 50.14262390136719, 15790279, 24800031, 803596143, 844186453, 25648.723326444626, 36.26405119895935, 774264.3825640001, inf, 401.75757575757575, 835.4688889855861, 98025.254262, 427214.101534, 0.361207, 11241.678381, 237463.024386, 319.962794, 3465, 45.18852615356445, 7835479, 42521275, 392506004, 442862758, 25415.225576519966, 18.945477724075317, 459413.45937600004, inf, 811.7142857142857, 1291.728694582637, 127272.056736, 205701.036705, 0.079098, 5964.151847, 120438.372828, 37.762162, 1715, 30.066984176635742, 3858079, 57002469, 190939993, 251800541
39774, 39774, 0, 0, dp_37.000000, 25920.414624869823, 75.263800740242, 1493739.453185, inf, 199.86934673366835, 457.710231802347, 55803.254097, 895533.99212, 1.308303, 24842.57, 514635.949711, 2922.378954, 7363, 48.009925842285156, 15790279, 24800031, 850182429, 890772739, 25648.362720370293, 35.90344512462616, 817426.408292, inf, 401.75757575757575, 835.4688889855861, 98025.254262, 455924.262756, 0.363511, 11241.678381, 251876.596257, 358.253125, 3663, 43.88774108886719, 7835479, 42521275, 415224326, 465581080, 25415.283850431442, 19.003751635551453, 483834.5807509999, inf, 811.7142857142857, 1291.728694582637, 127272.056736, 222981.628947, 0.09588, 5964.151847, 127574.315869, 42.331472, 1813, 29.5562801361084, 3858079, 57002469, 202124635, 262985183
39774, 39774, 0, 0, dp_39.000000, 25919.792148828506, 74.64132469892502, 1580307.9836320002, inf, 199.86934673366835, 457.710231802347, 55803.254097, 953101.467473, 1.390187, 24842.57, 543306.173674, 3253.128201, 7761, 45.898075103759766, 15790279, 24800031, 896375515, 936965825, 25647.497920155525, 35.038644909858704, 853896.745714, inf, 401.75757575757575, 835.4688889855861, 98025.254262, 479118.665659, 0.360626, 11241.678381, 265112.571224, 398.215562, 3861, 42.63924789428711, 7835479, 42521275, 437942648, 488299402, 25415.022762656212, 18.742663860321045, 497045.19405700004, inf, 811.7142857142857, 1291.728694582637, 127272.056736, 229669.118895, 0.094477, 5964.151847, 134092.625857, 47.146245, 1911, 28.979917526245117, 3858079, 57002469, 213309277, 274169825
39774, 39774, 0, 0, dp_5.000000, 25950.057686805725, 104.90686267614365, 254594.77446200003, inf, 199.86934673366835, 457.710231802347, 55803.254097, 116468.357722, 1.285261, 24842.57, 57435.096867, 44.210515, 995, 137.971923828125, 15790279, 24800031, 108022379, 148612689, 25665.648891329765, 53.189616084098816, 195557.02895700003, inf, 401.75757575757575, 835.4688889855861, 98025.254262, 56595.074798, 0.360456, 11241.678381, 29688.959528, 5.701532, 495, 80.5592269897461, 7835479, 42521275, 51731174, 102087928, 25423.29689949751, 27.016800701618195, 176292.896658, inf, 811.7142857142857, 1291.728694582637, 127272.056736, 28877.16034, 0.082605, 5964.151847, 14178.75197, 0.69316, 245, 42.72512435913086, 3858079, 57002469, 25874155, 86734703
39774, 39774, 0, 0, dp_7.000000, 25945.577115237713, 100.42629110813141, 328173.68311700004, inf, 199.86934673366835, 457.710231802347, 55803.254097, 161411.81954, 1.33291, 24842.57, 86013.214776, 101.491794, 1393, 124.04443359375, 15790279, 24800031, 154412065, 195002375, 25663.56561422348, 51.10633897781372, 234310.08570100003, inf, 401.75757575757575, 835.4688889855861, 98025.254262, 80844.697776, 0.365144, 11241.678381, 44186.753088, 11.33705, 693, 76.19281005859375, 7835479, 42521275, 74449496, 124806250, 25423.63221025467, 27.35211145877838, 194893.35622000002, inf, 811.7142857142857, 1291.728694582637, 127272.056736, 40211.940681, 0.079219, 5964.151847, 21443.547082, 1.580655, 343, 41.27803421020508, 3858079, 57002469, 37162789, 98023337
39774, 39774, 0, 0, dp_9.000000, 25941.08387595415, 95.9330518245697, 402345.030242, inf, 199.86934673366835, 457.710231802347, 55803.254097, 209014.485741, 1.302182, 24842.57, 112520.813405, 162.604817, 1791, 113.16740417480469, 15790279, 24800031, 200801751, 241392061, 25661.913882136345, 49.454606890678406, 271957.96355800005, inf, 401.75757575757575, 835.4688889855861, 98025.254262, 104287.288658, 0.362098, 11241.678381, 58383.971242, 19.408917, 891, 72.42259216308594, 7835479, 42521275, 97167818, 147524572, 25421.44340121746, 25.163302421569824, 213712.596129, inf, 811.7142857142857, 1291.728694582637, 127272.056736, 51706.677577, 0.093876, 5964.151847, 28767.131373, 2.48472, 441, 39.942054748535156, 3858079, 57002469, 48243439, 109103987
39774, 39774, 0, 0, fixed_reps_1, 25969.450688898563, 124.29986476898193, 104410.11053, inf, 199.86934673366835, 457.710231802347, 55803.254097, 23669.414528, 1.267877, 24842.57, 93.604028, 0, 199, 195.56336975097656, 15790279, 24800031, 15243007, 55833317, 25674.385006010532, 61.925730764865875, 121136.35830900002, inf, 401.75757575757575, 835.4688889855861, 98025.254262, 11788.682751, 0.301506, 11241.678381, 80.441409, 0, 99, 97.78421020507812, 7835479, 42521275, 7386443, 57743197, 25427.824680566788, 31.54458177089691, 139023.088784, inf, 811.7142857142857, 1291.728694582637, 127272.056736, 5706.316015, 0.08043, 5964.151847, 80.483756, 0, 49, 48.19004821777344, 3858079, 57002469, 3608863, 64469411
39774, 39774, 0, 0, fixed_reps_11, 25945.95737785101, 100.80655372142792, 363576.715229, inf, 199.86934673366835, 457.710231802347, 55803.254097, 282066.103901, 1.346916, 24842.57, 863.440315, 0, 2189, 157.47398376464844, 15790279, 24800031, 167671087, 208261397, 25660.994263470173, 48.53498822450638, 264891.16125899996, inf, 401.75757575757575, 835.4688889855861, 98025.254262, 154760.337936, 0.350137, 11241.678381, 863.540543, 0, 1089, 88.25492095947266, 7835479, 42521275, 81249883, 131606637, 25419.51271903515, 23.232620239257812, 213626.80537400002, inf, 811.7142857142857, 1291.728694582637, 127272.056736, 79496.254379, 0.092914, 5964.151847, 894.249498, 0, 539, 44.86009979248047, 3858079, 57002469, 39697003, 100557551
39774, 39774, 0, 0, fixed_reps_13, 25944.634784519672, 99.48396039009094, 415743.952959, inf, 199.86934673366835, 457.710231802347, 55803.254097, 334092.625285, 1.31163, 24842.57, 1004.191947, 0, 2587, 152.8697967529297, 15790279, 24800031, 198156703, 238747013, 25660.661660313606, 48.20238506793976, 290589.252377, inf, 401.75757575757575, 835.4688889855861, 98025.254262, 180315.76922, 0.348513, 11241.678381, 1006.202001, 0, 1287, 87.5690689086914, 7835479, 42521275, 96022571, 146379325, 25419.153627336025, 22.87352854013443, 227347.59593799998, inf, 811.7142857142857, 1291.728694582637, 127272.056736, 93060.132965, 0.094407, 5964.151847, 1051.159983, 0, 637, 44.60520553588867, 3858079, 57002469, 46914631, 107775179
39774, 39774, 0, 0, fixed_reps_15, 25942.090199947357, 96.93937581777573, 459458.663421, inf, 199.86934673366835, 457.710231802347, 55803.254097, 377660.337766, 1.296131, 24842.57, 1151.205427, 0, 2985, 146.96099853515625, 15790279, 24800031, 228642319, 269232629, 25660.47485268116, 48.01557743549347, 316324.31145300006, inf, 401.75757575757575, 835.4688889855861, 98025.254262, 205904.882195, 0.34649, 11241.678381, 1152.150125, 0, 1485, 86.83676147460938, 7835479, 42521275, 110795259, 161152013, 25419.03264826536, 22.752549469470978, 240834.305624, inf, 811.7142857142857, 1291.728694582637, 127272.056736, 106400.852595, 0.093816, 5964.151847, 1197.15063, 0, 735, 44.403751373291016, 3858079, 57002469, 54132259, 114992807
39774, 39774, 0, 0, fixed_reps_17, 25940.065633952618, 94.9148098230362, 506037.806811, inf, 199.86934673366835, 457.710231802347, 55803.254097, 424088.669786, 1.286683, 24842.57, 1302.026245, 0, 3383, 141.8997802734375, 15790279, 24800031, 259127935, 299718245, 25660.177251517773, 47.71797627210617, 342343.068715, inf, 401.75757575757575, 835.4688889855861, 98025.254262, 231783.038742, 0.342332, 11241.678381, 1292.754998, 0, 1683, 85.93230438232422, 7835479, 42521275, 125567947, 175924701, 25418.474314928055, 22.194216132164, 253797.67376, inf, 811.7142857142857, 1291.728694582637, 127272.056736, 119211.494084, 0.096591, 5964.151847, 1349.874502, 0, 833, 44.19834899902344, 3858079, 57002469, 61349887, 122210435
39774, 39774, 0, 0, fixed_reps_19, 25937.945889353752, 92.79506522417068, 554949.08982, inf, 199.86934673366835, 457.710231802347, 55803.254097, 472845.617682, 1.294128, 24842.57, 1456.353913, 0, 3781, 135.7787322998047, 15790279, 24800031, 289613551, 330203861, 25659.403927624226, 46.94465237855911, 368249.104756, inf, 401.75757575757575, 835.4688889855861, 98025.254262, 257547.252712, 0.346731, 11241.678381, 1434.57267, 0, 1881, 84.33464813232422, 7835479, 42521275, 140340635, 190697389, 25418.068308353424, 21.788209557533264, 266876.968939, inf, 811.7142857142857, 1291.728694582637, 127272.056736, 132146.786883, 0.094537, 5964.151847, 1493.878936, 0, 931, 43.943241119384766, 3858079, 57002469, 68567515, 129428063
39774, 39774, 0, 0, fixed_reps_21, 25936.129660606384, 90.97883647680283, 601880.7617270001, inf, 199.86934673366835, 457.710231802347, 55803.254097, 519620.621486, 1.358829, 24842.57, 1612.957315, 0, 4179, 129.55653381347656, 15790279, 24800031, 320099167, 360689477, 25658.468968749046, 46.00969350337982, 394504.950849, inf, 401.75757575757575, 835.4688889855861, 98025.254262, 283650.911123, 0.339015, 11241.678381, 1586.768068, 0, 2079, 82.28025817871094, 7835479, 42521275, 155113323, 205470077, 25417.743133544922, 21.463034749031067, 279716.941929, inf, 811.7142857142857, 1291.728694582637, 127272.056736, 144850.672445, 0.096431, 5964.151847, 1629.96447, 0, 1029, 43.719112396240234, 3858079, 57002469, 75785143, 136645691
39774, 39774, 0, 0, fixed_reps_23, 25935.255726218224, 90.10490208864212, 658628.876927, inf, 199.86934673366835, 457.710231802347, 55803.254097, 576215.804319, 1.389926, 24842.57, 1765.858585, 0, 4577, 125.37714385986328, 15790279, 24800031, 350584783, 391175093, 25657.8269020319, 45.367626786231995, 419696.061285, inf, 401.75757575757575, 835.4688889855861, 98025.254262, 308703.153378, 0.349947, 11241.678381, 1725.625317, 0, 2277, 80.9400405883789, 7835479, 42521275, 169886011, 220242765, 25417.33551132679, 21.055412530899048, 293219.95815900003, inf, 811.7142857142857, 1291.728694582637, 127272.056736, 158195.837345, 0.097142, 5964.151847, 1787.815089, 0, 1127, 43.32496643066406, 3858079, 57002469, 83002771, 143863319
39774, 39774, 0, 0, fixed_reps_25, 25934.431911230087, 89.28108710050583, 697893.179589, inf, 199.86934673366835, 457.710231802347, 55803.254097, 615298.862413, 1.304316, 24842.57, 1947.188763, 0, 4975, 119.87974548339844, 15790279, 24800031, 381070399, 421660709, 25657.043276011944, 44.58400076627731, 445286.24542600004, inf, 401.75757575757575, 835.4688889855861, 98025.254262, 334150.517064, 0.34636, 11241.678381, 1868.449359, 0, 2475, 79.69178009033203, 7835479, 42521275, 184658699, 235015453, 25417.196622371674, 20.916523575782776, 305666.34939499997, inf, 811.7142857142857, 1291.728694582637, 127272.056736, 170508.947626, 0.092303, 5964.151847, 1921.100883, 0, 1225, 42.72125244140625, 3858079, 57002469, 90220399, 151080947
39774, 39774, 0, 0, fixed_reps_27, 25933.958071172237, 88.80724704265594, 740746.581536, inf, 199.86934673366835, 457.710231802347, 55803.254097, 658030.635556, 1.316579, 24842.57, 2068.805304, 0, 5373, 116.18435668945312, 15790279, 24800031, 411556015, 452146325, 25656.760995805264, 44.301720559597015, 470613.587906, inf, 401.75757575757575, 835.4688889855861, 98025.254262, 359332.299121, 0.349235, 11241.678381, 2014.006907, 0, 2673, 76.4602279663086, 7835479, 42521275, 199431387, 249788141, 25416.58805835247, 20.30795955657959, 318402.13425700006, inf, 811.7142857142857, 1291.728694582637, 127272.056736, 183099.447913, 0.092834, 5964.151847, 2066.384927, 0, 1323, 42.52676773071289, 3858079, 57002469, 97438027, 158298575
39774, 39774, 0, 0, fixed_reps_29, 25933.248716652393, 88.09789252281189, 786803.4289670001, inf, 199.86934673366835, 457.710231802347, 55803.254097, 703934.781251, 1.488431, 24842.57, 2221.335188, 0, 5771, 111.96757507324219, 15790279, 24800031, 442041631, 482631941, 25656.47943019867, 44.02015495300293, 496421.740216, inf, 401.75757575757575, 835.4688889855861, 98025.254262, 385001.139359, 0.34137, 11241.678381, 2153.326844, 0, 2871, 74.60078430175781, 7835479, 42521275, 214204075, 264560829, 25416.488546729088, 20.20844793319702, 330558.264864, inf, 811.7142857142857, 1291.728694582637, 127272.056736, 195122.300841, 0.092133, 5964.151847, 2199.663307, 0, 1421, 42.37040328979492, 3858079, 57002469, 104655655, 165516203
39774, 39774, 0, 0, fixed_reps_3, 25958.761486947536, 113.61066281795502, 155370.60054299998, inf, 199.86934673366835, 457.710231802347, 55803.254097, 74507.992246, 1.29575, 24842.57, 215.48845, 0, 597, 182.51541137695312, 15790279, 24800031, 45728623, 86318933, 25667.247241437435, 54.787966191768646, 149044.777999, inf, 401.75757575757575, 835.4688889855861, 98025.254262, 39552.53638, 0.3523, 11241.678381, 224.956676, 0, 297, 95.2722396850586, 7835479, 42521275, 22159131, 72515885, 25422.831601023674, 26.551502227783203, 153868.114884, inf, 811.7142857142857, 1291.728694582637, 127272.056736, 20408.224856, 0.098044, 5964.151847, 223.583401, 0, 147, 47.39606857299805, 3858079, 57002469, 10826491, 71687039
39774, 39774, 0, 0, fixed_reps_31, 25932.73399245739, 87.58316832780838, 829831.066738, inf, 199.86934673366835, 457.710231802347, 55803.254097, 746808.194127, 1.301241, 24842.57, 2375.747273, 0, 6169, 107.5259017944336, 15790279, 24800031, 472527247, 513117557, 25656.07423633337, 43.614961087703705, 522735.474451, inf, 401.75757575757575, 835.4688889855861, 98025.254262, 411167.609143, 0.336491, 11241.678381, 2300.596174, 0, 3069, 73.45310974121094, 7835479, 42521275, 228976763, 279333517, 25416.2357994318, 19.955700635910034, 342693.12400699995, inf, 811.7142857142857, 1291.728694582637, 127272.056736, 207121.836832, 0.094627, 5964.151847, 2334.983965, 0, 1519, 42.17463302612305, 3858079, 57002469, 111873283, 172733831
39774, 39774, 0, 0, fixed_reps_33, 25931.481310725212, 86.33048659563065, 876187.331411, inf, 199.86934673366835, 457.710231802347, 55803.254097, 793020.41537, 1.331276, 24842.57, 2519.760668, 0, 6567, 104.7898178100586, 15790279, 24800031, 503012863, 543603173, 25655.923821508884, 43.464546263217926, 548210.826401, inf, 401.75757575757575, 835.4688889855861, 98025.254262, 436506.195333, 0.345017, 11241.678381, 2437.353408, 0, 3267, 72.61814880371094, 7835479, 42521275, 243749451, 294106205, 25416.033086657524, 19.7529878616333, 356001.302815, inf, 811.7142857142857, 1291.728694582637, 127272.056736, 220280.987052, 0.09598, 5964.151847, 2484.0112, 0, 1617, 41.989044189453125, 3858079, 57002469, 119090911, 179951459
39774, 39774, 0, 0, fixed_reps_35, 25930.421420633793, 85.27059650421143, 921234.0494980001, inf, 199.86934673366835, 457.710231802347, 55803.254097, 837914.204442, 1.313082, 24842.57, 2672.707877, 0, 6965, 101.94862365722656, 15790279, 24800031, 533498479, 574088789, 25655.589844465256, 43.13056921958923, 573849.1048470001, inf, 401.75757575757575, 835.4688889855861, 98025.254262, 461986.81089, 0.33597, 11241.678381, 2595.025344, 0, 3465, 70.9156723022461, 7835479, 42521275, 258522139, 308878893, 25415.99975335598, 19.71965456008911, 368206.635937, inf, 811.7142857142857, 1291.728694582637, 127272.056736, 232352.863026, 0.091772, 5964.151847, 2617.472556, 0, 1715, 41.84831237792969, 3858079, 57002469, 126308539, 187169087
39774, 39774, 0, 0, fixed_reps_37, 25929.13171029091, 83.98088616132736, 964489.654075, inf, 199.86934673366835, 457.710231802347, 55803.254097, 881024.703479, 1.298615, 24842.57, 2817.827884, 0, 7363, 99.13399505615234, 15790279, 24800031, 563984095, 604574405, 25655.24961513281, 42.79033988714218, 598324.292092, inf, 401.75757575757575, 835.4688889855861, 98025.254262, 486316.238852, 0.345187, 11241.678381, 2740.77541, 0, 3663, 70.49134063720703, 7835479, 42521275, 273294827, 323651581, 25415.99975335598, 19.71965456008911, 380647.394404, inf, 811.7142857142857, 1291.728694582637, 127272.056736, 244666.287538, 0.091441, 5964.151847, 2744.806842, 0, 1813, 41.58440017700195, 3858079, 57002469, 133526167, 194386715
39774, 39774, 0, 0, fixed_reps_39, 25928.573557257652, 83.42273312807083, 1008552.845944, inf, 199.86934673366835, 457.710231802347, 55803.254097, 924937.85563, 1.503589, 24842.57, 2967.662628, 0, 7761, 96.2203140258789, 15790279, 24800031, 594469711, 635060021, 25655.06126266718, 42.601987421512604, 610232.962784, inf, 401.75757575757575, 835.4688889855861, 98025.254262, 498121.220497, 0.340608, 11241.678381, 2844.469036, 0, 3861, 69.51106262207031, 7835479, 42521275, 288067515, 338424269, 25415.71129179001, 19.431192994117737, 393112.613673, inf, 811.7142857142857, 1291.728694582637, 127272.056736, 256988.57835, 0.09066, 5964.151847, 2887.73608, 0, 1911, 40.83168029785156, 3858079, 57002469, 140743795, 201604343
39774, 39774, 0, 0, fixed_reps_41, 25927.762493669987, 82.61166954040527, 1053977.175505, inf, 199.86934673366835, 457.710231802347, 55803.254097, 970207.706827, 1.31183, 24842.57, 3122.332751, 0, 8159, 93.02716064453125, 15790279, 24800031, 624955327, 665545637, 25654.635932266712, 42.176657021045685, 637878.421611, inf, 401.75757575757575, 835.4688889855861, 98025.254262, 525627.229408, 0.348934, 11241.678381, 2983.910626, 0, 4059, 69.14603424072266, 7835479, 42521275, 302840203, 353196957, 25415.60018068552, 19.320081889629364, 399665.062376, inf, 811.7142857142857, 1291.728694582637, 127272.056736, 263415.560135, 0.086803, 5964.151847, 3013.206855, 0, 2009, 39.934688568115234, 3858079, 57002469, 147961423, 208821971
39774, 39774, 0, 0, fixed_reps_5, 25954.65030145645, 109.49947732686996, 210255.775176, inf, 199.86934673366835, 457.710231802347, 55803.254097, 129226.508344, 1.292073, 24842.57, 382.150662, 0, 995, 175.203369140625, 15790279, 24800031, 76214239, 116804549, 25664.781600296497, 52.32232505083084, 179846.23429700002, inf, 401.75757575757575, 835.4688889855861, 98025.254262, 70190.947224, 0.348964, 11241.678381, 388.005466, 0, 495, 91.74870300292969, 7835479, 42521275, 36931819, 87288573, 25421.607583880424, 25.32748508453369, 169107.664016, inf, 811.7142857142857, 1291.728694582637, 127272.056736, 35487.895197, 0.083958, 5964.151847, 383.476278, 0, 245, 45.95737075805664, 3858079, 57002469, 18044119, 78904667
39774, 39774, 0, 0, fixed_reps_7, 25951.074794232845, 105.92397010326385, 263904.430293, inf, 199.86934673366835, 457.710231802347, 55803.254097, 182708.29888, 1.288105, 24842.57, 549.019211, 0, 1393, 168.4805145263672, 15790279, 24800031, 106699855, 147290165, 25662.91271573305, 50.453440487384796, 209561.36474600004, inf, 401.75757575757575, 835.4688889855861, 98025.254262, 99730.199137, 0.350096, 11241.678381, 563.88287, 0, 693, 89.90779113769531, 7835479, 42521275, 51704507, 102061261, 25421.131810367107, 24.851711571216583, 184284.752871, inf, 811.7142857142857, 1291.728694582637, 127272.056736, 50498.258081, 0.098405, 5964.151847, 550.187802, 0, 343, 45.46522521972656, 3858079, 57002469, 25261747, 86122295
39774, 39774, 0, 0, fixed_reps_9, 25948.501873016357, 103.35104888677597, 321089.231334, inf, 199.86934673366835, 457.710231802347, 55803.254097, 239719.95105, 1.289919, 24842.57, 722.166268, 0, 1791, 164.2009735107422, 15790279, 24800031, 137185471, 177775781, 25661.70621675253, 49.24694150686264, 238441.16007500002, inf, 401.75757575757575, 835.4688889855861, 98025.254262, 128457.560496, 0.354515, 11241.678381, 716.312421, 0, 891, 89.14269256591797, 7835479, 42521275, 66477195, 116833949, 25420.373981177807, 24.093882381916046, 199475.747801, inf, 811.7142857142857, 1291.728694582637, 127272.056736, 65507.833838, 0.098565, 5964.151847, 731.606815, 0, 441, 45.138877868652344, 3858079, 57002469, 32479375, 93339923
39774, 39774, 0, 0, greedy_1.000000, 25969.450688898563, 124.29986476898193, 103778.01462899998, inf, 199.86934673366835, 457.710231802347, 55803.254097, 23052.236352, 1.307221, 24842.57, 78.635648, 0.011311, 199, 195.56336975097656, 15790279, 24800031, 15243007, 55833317, 25674.385006010532, 61.925730764865875, 120950.17103700001, inf, 401.75757575757575, 835.4688889855861, 98025.254262, 11607.01286, 0.299531, 11241.678381, 75.921465, 0.004538, 99, 97.78421020507812, 7835479, 42521275, 7386443, 57743197, 25427.824680566788, 31.54458177089691, 138842.63766699997, inf, 811.7142857142857, 1291.728694582637, 127272.056736, 5534.069449, 0.074229, 5964.151847, 72.283282, 0.002124, 49, 48.19004821777344, 3858079, 57002469, 3608863, 64469411
39774, 39774, 0, 0, greedy_11.000000, 25951.988975942135, 106.8381518125534, 420093.968369, inf, 199.86934673366835, 457.710231802347, 55803.254097, 197663.268727, 1.33847, 24842.57, 141782.803289, 0.733786, 2189, 172.2547607421875, 15790279, 24800031, 184476037, 225066347, 25665.80100363493, 53.34172838926315, 278392.72628199996, inf, 401.75757575757575, 835.4688889855861, 98025.254262, 96738.468652, 0.363441, 11241.678381, 72386.815873, 0.145673, 1089, 93.59529113769531, 7835479, 42521275, 88389613, 138746367, 25422.73482477665, 26.454725980758667, 211730.225256, inf, 811.7142857142857, 1291.728694582637, 127272.056736, 42642.758524, 0.096711, 5964.151847, 35851.122264, 0.039174, 539, 46.66850280761719, 3858079, 57002469, 42941235, 103801783
39774, 39774, 0, 0, greedy_13.000000, 25950.09735274315, 104.94652861356735, 476028.93190399994, inf, 199.86934673366835, 457.710231802347, 55803.254097, 226836.323709, 1.308364, 24842.57, 168544.846925, 0.628809, 2587, 172.1714324951172, 15790279, 24800031, 215216363, 255806673, 25665.59135466814, 53.13207942247391, 306405.21186000004, inf, 401.75757575757575, 835.4688889855861, 98025.254262, 111304.844526, 0.372218, 11241.678381, 85832.898415, 0.164058, 1287, 93.58279418945312, 7835479, 42521275, 103239019, 153595773, 25422.61475008726, 26.334651291370392, 226715.564309, inf, 811.7142857142857, 1291.728694582637, 127272.056736, 50047.190603, 0.100439, 5964.151847, 43432.017746, 0.046938, 637, 46.6506462097168, 3858079, 57002469, 50236159, 111096707
39774, 39774, 0, 0, greedy_15.000000, 25947.56132799387, 102.41050386428833, 522779.12220600003, inf, 199.86934673366835, 457.710231802347, 55803.254097, 247423.479197, 1.292854, 24842.57, 194707.81774, 0.708318, 2985, 171.58810424804688, 15790279, 24800031, 245956689, 286546999, 25665.38462817669, 52.925352931022644, 335238.185769, inf, 401.75757575757575, 835.4688889855861, 98025.254262, 125916.854739, 0.382007, 11241.678381, 100053.835551, 0.180829, 1485, 93.56851196289062, 7835479, 42521275, 118088425, 168445179, 25422.372362077236, 26.092263281345367, 239423.278168, inf, 811.7142857142857, 1291.728694582637, 127272.056736, 55889.659475, 0.081573, 5964.151847, 50297.274595, 0.053942, 735, 46.64350128173828, 3858079, 57002469, 57531083, 118391631
39774, 39774, 0, 0, greedy_17.000000, 25947.56132799387, 102.41050386428833, 575255.381474, inf, 199.86934673366835, 457.710231802347, 55803.254097, 270848.307968, 1.299637, 24842.57, 223759.116409, 0.833363, 3383, 171.58810424804688, 15790279, 24800031, 276697015, 317287325, 25665.156082987785, 52.696807742118835, 362973.671928, inf, 401.75757575757575, 835.4688889855861, 98025.254262, 139923.099382, 0.363151, 11241.678381, 113783.055277, 0.221475, 1683, 93.5555191040039, 7835479, 42521275, 132937831, 183294585, 25421.977756738663, 25.69765794277191, 254262.217356, inf, 811.7142857142857, 1291.728694582637, 127272.056736, 63103.657095, 0.080752, 5964.151847, 57922.206575, 0.064351, 833, 46.63350296020508, 3858079, 57002469, 64826007, 125686555
39774, 39774, 0, 0, greedy_19.000000, 25947.56132799387, 102.41050386428833, 622748.248947, inf, 199.86934673366835, 457.710231802347, 55803.254097, 291375.562237, 1.299066, 24842.57, 250724.360721, 1.202826, 3781, 171.58810424804688, 15790279, 24800031, 307437341, 348027651, 25664.02773565054, 51.568460404872894, 386600.15201099997, inf, 401.75757575757575, 835.4688889855861, 98025.254262, 151537.536699, 0.357661, 11241.678381, 125795.090679, 0.234329, 1881, 93.54469299316406, 7835479, 42521275, 147787237, 198143991, 25421.483469486237, 25.203370690345764, 268677.60559399996, inf, 811.7142857142857, 1291.728694582637, 127272.056736, 70333.988364, 0.097072, 5964.151847, 65107.242005, 0.06957, 931, 46.626834869384766, 3858079, 57002469, 72120931, 132981479
39774, 39774, 0, 0, greedy_21.000000, 25947.56132799387, 102.41050386428833, 674597.530972, inf, 199.86934673366835, 457.710231802347, 55803.254097, 312740.462237, 1.285039, 24842.57, 281208.923586, 1.036013, 4179, 171.58810424804688, 15790279, 24800031, 338177667, 378767977, 25663.55564701557, 51.09637176990509, 419745.476194, inf, 401.75757575757575, 835.4688889855861, 98025.254262, 169048.621553, 0.364243, 11241.678381, 141429.296916, 0.260839, 2079, 93.53279113769531, 7835479, 42521275, 162636643, 212993397, 25421.125893712044, 24.845794916152954, 282782.773856, inf, 811.7142857142857, 1291.728694582637, 127272.056736, 77077.630963, 0.100829, 5964.151847, 72468.74759, 0.085891, 1029, 46.619590759277344, 3858079, 57002469, 79415855, 140276403
39774, 39774, 0, 0, greedy_23.000000, 25947.56132799387, 102.41050386428833, 716031.853597, inf, 199.86934673366835, 457.710231802347, 55803.254097, 330935.496572, 1.340514, 24842.57, 304447.97959, 1.212824, 4577, 171.58810424804688, 15790279, 24800031, 368917993, 409508303, 25663.058498203754, 50.59922295808792, 448251.556299, inf, 401.75757575757575, 835.4688889855861, 98025.254262, 183776.180502, 0.366768, 11241.678381, 155207.787284, 0.289102, 2277, 93.51963806152344, 7835479, 42521275, 177486049, 227842803, 25421.055186629295, 24.77508783340454, 296815.492905, inf, 811.7142857142857, 1291.728694582637, 127272.056736, 84297.724243, 0.098194, 5964.151847, 79281.384981, 0.076904, 1127, 46.6116828918457, 3858079, 57002469, 86710779, 147571327
39774, 39774, 0, 0, greedy_25.000000, 25947.56132799387, 102.41050386428833, 783053.438602, inf, 199.86934673366835, 457.710231802347, 55803.254097, 366167.607567, 1.302592, 24842.57, 336237.494928, 1.209418, 4975, 171.58810424804688, 15790279, 24800031, 399658319, 440248629, 25662.660451710224, 50.20117646455765, 475643.78696299996, inf, 401.75757575757575, 835.4688889855861, 98025.254262, 197810.956004, 0.358763, 11241.678381, 168565.221216, 0.318337, 2475, 93.51006317138672, 7835479, 42521275, 192335455, 242692209, 25420.86340111494, 24.583302319049835, 310750.834041, inf, 811.7142857142857, 1291.728694582637, 127272.056736, 91091.245392, 0.103484, 5964.151847, 86423.193616, 0.082966, 1225, 46.60302734375, 3858079, 57002469, 94005703, 154866251
39774, 39774, 0, 0, greedy_27.000000, 25947.56132799387, 102.41050386428833, 840499.461572, inf, 199.86934673366835, 457.710231802347, 55803.254097, 389141.080932, 1.291902, 24842.57, 370709.982296, 1.282345, 5373, 171.58810424804688, 15790279, 24800031, 430398645, 470988955, 25662.58098912239, 50.12171387672424, 504011.356884, inf, 401.75757575757575, 835.4688889855861, 98025.254262, 211846.792571, 0.364374, 11241.678381, 182896.921467, 0.345829, 2673, 93.49707794189453, 7835479, 42521275, 207184861, 257541615, 25420.63350099325, 24.353402197360992, 324481.587006, inf, 811.7142857142857, 1291.728694582637, 127272.056736, 98517.619187, 0.099847, 5964.151847, 92727.562237, 0.097152, 1323, 46.593502044677734, 3858079, 57002469, 101300627, 162161175
39774, 39774, 0, 0, greedy_29.000000, 25947.56132799387, 102.41050386428833, 890582.491556, inf, 199.86934673366835, 457.710231802347, 55803.254097, 411345.221784, 1.303083, 24842.57, 398588.553833, 1.588759, 5771, 171.58810424804688, 15790279, 24800031, 461138971, 501729281, 25662.043855309486, 49.584580063819885, 530433.164824, inf, 401.75757575757575, 835.4688889855861, 98025.254262, 225193.43088, 0.376576, 11241.678381, 195972.057907, 0.366818, 2871, 93.4827880859375, 7835479, 42521275, 222034267, 272391021, 25420.54865717888, 24.268558382987976, 333487.633381, inf, 811.7142857142857, 1291.728694582637, 127272.056736, 102238.637496, 0.079258, 5964.151847, 98012.611613, 0.096431, 1421, 46.593502044677734, 3858079, 57002469, 108595551, 169456099
39774, 39774, 0, 0, greedy_3.000000, 25958.212499797344, 113.06167566776276, 185712.86129600002, inf, 199.86934673366835, 457.710231802347, 55803.254097, 75818.652919, 1.492349, 24842.57, 29246.764121, 0.12781, 597, 172.58810424804688, 15790279, 24800031, 61514733, 102105043, 25668.545187592506, 56.085912346839905, 162698.897242, inf, 401.75757575757575, 835.4688889855861, 98025.254262, 38673.944126, 0.369573, 11241.678381, 14757.61372, 0.03718, 297, 93.78279113769531, 7835479, 42521275, 28991989, 79348743, 25423.86297428608, 27.5828754901886, 159246.56320300003, inf, 811.7142857142857, 1291.728694582637, 127272.056736, 19072.964298, 0.098124, 5964.151847, 6937.278984, 0.013214, 147, 46.79350280761719, 3858079, 57002469, 13761539, 74622087
39774, 39774, 0, 0, greedy_31.000000, 25947.56132799387, 102.41050386428833, 942699.76614, inf, 199.86934673366835, 457.710231802347, 55803.254097, 434126.660948, 1.282304, 24842.57, 427924.555855, 1.442936, 6169, 171.58810424804688, 15790279, 24800031, 491879297, 532469607, 25661.508357346058, 49.04908210039139, 559526.415706, inf, 401.75757575757575, 835.4688889855861, 98025.254262, 239671.170028, 0.363952, 11241.678381, 210587.551067, 0.398016, 3069, 93.47029113769531, 7835479, 42521275, 236883673, 287240427, 25420.285323798656, 24.005225002765656, 349995.90608100005, inf, 811.7142857142857, 1291.728694582637, 127272.056736, 111471.987231, 0.096281, 5964.151847, 105287.506043, 0.107943, 1519, 46.58517074584961, 3858079, 57002469, 115890475, 176751023
39774, 39774, 0, 0, greedy_33.000000, 25947.56132799387, 102.41050386428833, 993588.8332689999, inf, 199.86934673366835, 457.710231802347, 55803.254097, 457049.796666, 1.434881, 24842.57, 455890.101381, 1.676244, 6567, 171.58810424804688, 15790279, 24800031, 522619623, 563209933, 25661.222284018993, 48.763008773326874, 587022.379041, inf, 401.75757575757575, 835.4688889855861, 98025.254262, 253337.16225, 0.370584, 11241.678381, 224417.493536, 0.420028, 3267, 93.449462890625, 7835479, 42521275, 251733079, 302089833, 25420.20034611225, 23.920247316360474, 365305.94069400005, inf, 811.7142857142857, 1291.728694582637, 127272.056736, 118313.572456, 0.10145, 5964.151847, 113755.947377, 0.110828, 1617, 46.57921600341797, 3858079, 57002469, 123185399, 184045947
39774, 39774, 0, 0, greedy_35.000000, 25947.56132799387, 102.41050386428833, 1043901.979835, inf, 199.86934673366835, 457.710231802347, 55803.254097, 478058.795989, 1.30132, 24842.57, 485194.235821, 1.822608, 6965, 171.58810424804688, 15790279, 24800031, 553359949, 593950259, 25660.3299254179, 47.87065017223358, 612980.629129, inf, 401.75757575757575, 835.4688889855861, 98025.254262, 266249.877479, 0.363903, 11241.678381, 237463.024386, 0.430718, 3465, 93.449462890625, 7835479, 42521275, 266582485, 316939239, 25420.099335968494, 23.819237172603607, 378742.904006, inf, 811.7142857142857, 1291.728694582637, 127272.056736, 125068.137107, 0.0798, 5964.151847, 120438.372828, 0.105688, 1715, 46.57611083984375, 3858079, 57002469, 130480323, 191340871
39774, 39774, 0, 0, greedy_37.000000, 25947.56132799387, 102.41050386428833, 1097951.0236789999, inf, 199.86934673366835, 457.710231802347, 55803.254097, 502666.127586, 1.276373, 24842.57, 514635.949711, 1.845912, 7363, 171.58810424804688, 15790279, 24800031, 584100275, 624690585, 25659.928515136242, 47.46923989057541, 641684.027692, inf, 401.75757575757575, 835.4688889855861, 98025.254262, 280539.486694, 0.363732, 11241.678381, 251876.596257, 0.648366, 3663, 93.42564392089844, 7835479, 42521275, 281431891, 331788645, 25420.073694884777, 23.79359608888626, 393508.972138, inf, 811.7142857142857, 1291.728694582637, 127272.056736, 132698.23084, 0.098344, 5964.151847, 127574.315869, 0.118502, 1813, 46.57128143310547, 3858079, 57002469, 137775247, 198635795
39774, 39774, 0, 0, greedy_39.000000, 25947.56132799387, 102.41050386428833, 1147775.489401, inf, 199.86934673366835, 457.710231802347, 55803.254097, 523820.347203, 1.295841, 24842.57, 543306.173674, 1.848586, 7761, 171.58810424804688, 15790279, 24800031, 614840601, 655430911, 25659.54613339901, 47.0868581533432, 668620.132365, inf, 401.75757575757575, 835.4688889855861, 98025.254262, 294239.780858, 0.3678, 11241.678381, 265112.571224, 0.47984, 3861, 93.40779113769531, 7835479, 42521275, 296281297, 346638051, 25420.057028234005, 23.776929438114166, 407374.872172, inf, 811.7142857142857, 1291.728694582637, 127272.056736, 140045.813322, 0.101059, 5964.151847, 134092.625857, 0.123351, 1911, 46.5627326965332, 3858079, 57002469, 145070171, 205930719
39774, 39774, 0, 0, greedy_5.000000, 25956.755672574043, 111.60484844446182, 245275.11532199997, inf, 199.86934673366835, 457.710231802347, 55803.254097, 107192.638822, 1.309315, 24842.57, 57435.096867, 0.246221, 995, 172.4062957763672, 15790279, 24800031, 92255059, 132845369, 25667.445934534073, 54.98665928840637, 191595.45333200003, inf, 401.75757575757575, 835.4688889855861, 98025.254262, 52639.136344, 0.355757, 11241.678381, 29688.959528, 0.06906, 495, 93.66514587402344, 7835479, 42521275, 43841395, 94198149, 25423.39371019602, 27.11361140012741, 170274.730393, inf, 811.7142857142857, 1291.728694582637, 127272.056736, 22859.650366, 0.099537, 5964.151847, 14178.75197, 0.019937, 245, 46.760169982910156, 3858079, 57002469, 21056463, 81917011
39774, 39774, 0, 0, greedy_7.000000, 25954.906320393085, 109.75549626350403, 304255.390343, inf, 199.86934673366835, 457.710231802347, 55803.254097, 137594.724039, 1.286612, 24842.57, 86013.214776, 0.340819, 1393, 172.35733032226562, 15790279, 24800031, 122995385, 163585695, 25667.213106215, 54.75383096933365, 220571.89890600002, inf, 401.75757575757575, 835.4688889855861, 98025.254262, 67117.761608, 0.358853, 11241.678381, 44186.753088, 0.092714, 693, 93.63279724121094, 7835479, 42521275, 58690801, 109047555, 25423.021259486675, 26.741160690784454, 184496.783243, inf, 811.7142857142857, 1291.728694582637, 127272.056736, 29816.903075, 0.097823, 5964.151847, 21443.547082, 0.02668, 343, 46.69672775268555, 3858079, 57002469, 28351387, 89211935
39774, 39774, 0, 0, greedy_9.000000, 25953.633553922176, 108.48272979259491, 359426.648757, inf, 199.86934673366835, 457.710231802347, 55803.254097, 166258.283926, 1.302943, 24842.57, 112520.813405, 0.424386, 1791, 172.31031799316406, 15790279, 24800031, 153735711, 194326021, 25666.715466976166, 54.25619173049927, 249195.255241, inf, 401.75757575757575, 835.4688889855861, 98025.254262, 81543.833095, 0.388268, 11241.678381, 58383.971242, 0.129993, 891, 93.61612701416016, 7835479, 42521275, 73540207, 123896961, 25422.828158140182, 26.548059344291687, 197793.641263, inf, 811.7142857142857, 1291.728694582637, 127272.056736, 35790.166795, 0.100098, 5964.151847, 28767.131373, 0.034414, 441, 46.68239212036133, 3858079, 57002469, 35646311, 96506859
39774, 39774, 0, 0, opt, 25913.07109683752, 67.92027270793915, 3081180.705785, inf, 199.86934673366835, 457.710231802347, 55803.254097, 3000533.530214, 1.351474, 24842.57, 0, 0, 0, 0, 15790279, 24800031, 1473045160, 1513635470, 25639.931565582752, 27.472290337085724, 2955731.618275, inf, 401.75757575757575, 835.4688889855861, 98025.254262, 2846464.398764, 0.286868, 11241.678381, 0, 0, 0, 0, 7835479, 42521275, 1399832466, 1450189220, 25407.411331295967, 11.131232500076294, 2921352.3148450004, inf, 811.7142857142857, 1291.728694582637, 127272.056736, 2788116.03029, 0.075972, 5964.151847, 0, 0, 0, 0, 3858079, 57002469, 1375848824, 1436709372
39774, 39774, 0, 0, plus_edge, 25965.725769162178, 120.57494503259659, 108123.082569, inf, 199.86934673366835, 457.710231802347, 55803.254097, 27476.219304, 1.039168, 24842.57, 0, 0, 0, 0, 15790279, 24800031, 15242238, 55832548, 25672.765326678753, 60.306051433086395, 122753.083893, inf, 401.75757575757575, 835.4688889855861, 98025.254262, 13485.854163, 0.297087, 11241.678381, 0, 0, 0, 0, 7835479, 42521275, 7356174, 57712928, 25427.391614198685, 31.111515402793884, 139803.289798, inf, 811.7142857142857, 1291.728694582637, 127272.056736, 6567.003819, 0.077396, 5964.151847, 0, 0, 0, 0, 3858079, 57002469, 3571344, 64431892
39774, 39774, 0, 0, simple, 25969.450688898563, 124.29986476898193, 108459.686143, inf, 199.86934673366835, 457.710231802347, 55803.254097, 27812.835782, 1.026264, 24842.57, 0, 0, 0, 0, 15790279, 24800031, 15203034, 55793344, 25674.385006010532, 61.925730764865875, 122736.220359, inf, 401.75757575757575, 835.4688889855861, 98025.254262, 13469.007871, 0.279845, 11241.678381, 0, 0, 0, 0, 7835479, 42521275, 7346570, 57703324, 25427.824680566788, 31.54458177089691, 139742.225832, inf, 811.7142857142857, 1291.728694582637, 127272.056736, 6505.941206, 0.076043, 5964.151847, 0, 0, 0, 0, 3858079, 57002469, 3569040, 64429588
39774, 39774, 0, 0, dp_1.000000, 26062.450115084648, 116.71769797801971, 100414.89565199999, inf, 199.86934673366835, 483.95549134511447, 55726.814017, 23688.067539, 1.356755, 20925.605282, 73.039506, 0.012553, 199, 0, 15790279, 27259100, 15635839, 58685218, 25728.284059226513, 57.782556891441345, 118544.319842, inf, 401.75757575757575, 887.4872836295876, 96564.973012, 12381.07643, 0.297388, 9528.774205, 69.192755, 0.006052, 99, 0, 7835479, 46957733, 7735715, 62528927, 25479.269353806973, 29.303550839424133, 131023.913691, inf, 811.7142857142857, 1318.5555795363846, 119901.683494, 5894.45338, 0.078096, 5157.244171, 70.451815, 0.002735, 49, 0, 3858079, 58718101, 3770623, 66346803
39774, 39774, 0, 0, dp_11.000000, 26032.66438961029, 86.93197250366211, 478190.815977, inf, 199.86934673366835, 483.95549134511447, 55726.814017, 262655.550242, 1.368296, 20925.605282, 138632.98453, 248.49361, 2189, 111.41654968261719, 15790279, 27259100, 251532429, 294581808, 25713.767818391323, 43.266316056251526, 316180.14804700005, inf, 401.75757575757575, 887.4872836295876, 96564.973012, 138073.179406, 0.366577, 9528.774205, 71983.543009, 29.311838, 1089, 73.87618255615234, 7835479, 46957733, 124738652, 179531864, 25471.423361599445, 21.457558631896973, 227121.767991, inf, 811.7142857142857, 1318.5555795363846, 119901.683494, 65726.898177, 0.076483, 5157.244171, 36332.141473, 3.724193, 539, 39.5649528503418, 3858079, 58718101, 61345133, 123921313
39774, 39774, 0, 0, dp_13.000000, 26029.84183871746, 84.10942161083221, 544730.113884, inf, 199.86934673366835, 483.95549134511447, 55726.814017, 305266.108993, 1.474696, 20925.605282, 162453.0072, 357.103696, 2587, 103.95335388183594, 15790279, 27259100, 298711747, 341761126, 25712.478929519653, 41.97742718458176, 355698.92404600006, inf, 401.75757575757575, 887.4872836295876, 96564.973012, 163290.589708, 0.355867, 9528.774205, 86272.615632, 41.615622, 1287, 71.05817413330078, 7835479, 46957733, 148162646, 202955858, 25471.198361575603, 21.232558608055115, 248159.632223, inf, 811.7142857142857, 1318.5555795363846, 119901.683494, 79560.989682, 0.094918, 5157.244171, 43534.452628, 5.16733, 637, 38.58411407470703, 3858079, 58718101, 72668730, 135244910
39774, 39774, 0, 0, dp_15.000000, 26027.733829915524, 82.00141280889511, 629807.456369, inf, 199.86934673366835, 483.95549134511447, 55726.814017, 363982.898828, 1.318623, 20925.605282, 188702.649344, 468.170275, 2985, 97.06640625, 15790279, 27259100, 345891065, 388940444, 25710.191144049168, 39.68964171409607, 395396.340564, inf, 401.75757575757575, 887.4872836295876, 96564.973012, 188930.496016, 0.364424, 9528.774205, 100315.541301, 56.191606, 1485, 68.6730728149414, 7835479, 46957733, 171586640, 226379852, 25470.87987422943, 20.914071261882782, 267083.529806, inf, 811.7142857142857, 1318.5555795363846, 119901.683494, 91391.121971, 0.095098, 5157.244171, 50626.562698, 6.822374, 735, 37.71414566040039, 3858079, 58718101, 84183632, 146759812
39774, 39774, 0, 0, dp_17.000000, 26026.484978675842, 80.75256156921387, 707525.422894, inf, 199.86934673366835, 483.95549134511447, 55726.814017, 410587.30713, 1.323723, 20925.605282, 219679.049389, 605.323353, 3383, 90.96186065673828, 15790279, 27259100, 392952534, 436001913, 25709.846458613873, 39.344956278800964, 433554.970267, inf, 401.75757575757575, 887.4872836295876, 96564.973012, 213190.969371, 0.3468, 9528.774205, 114197.234303, 72.672576, 1683, 66.43424987792969, 7835479, 46957733, 195010634, 249803846, 25470.18703919649, 20.22123622894287, 284946.579599, inf, 811.7142857142857, 1318.5555795363846, 119901.683494, 102199.047462, 0.092964, 5157.244171, 57679.669216, 8.842292, 833, 36.90966796875, 3858079, 58718101, 95889839, 158466019
39774, 39774, 0, 0, dp_19.000000, 26025.34413611889, 79.61171901226044, 783077.437604, inf, 199.86934673366835, 483.95549134511447, 55726.814017, 457537.68478, 1.315517, 20925.605282, 248098.198042, 787.819966, 3781, 85.50312805175781, 15790279, 27259100, 440131852, 483181231, 25708.69148570299, 38.18998336791992, 471969.949688, inf, 401.75757575757575, 887.4872836295876, 96564.973012, 237814.505805, 0.348213, 9528.774205, 127969.346189, 92.002264, 1881, 64.19387817382812, 7835479, 46957733, 218434628, 273227840, 25469.57639348507, 19.610590517520905, 306879.00441, inf, 811.7142857142857, 1318.5555795363846, 119901.683494, 116922.548056, 0.093676, 5157.244171, 64886.460042, 10.974971, 931, 36.33075714111328, 3858079, 58718101, 107060392, 169636572
39774, 39774, 0, 0, dp_21.000000, 26023.782411634922, 78.04999452829361, 849616.193418, inf, 199.86934673366835, 483.95549134511447, 55726.814017, 496672.638729, 2.187532, 20925.605282, 275356.02372, 932.924138, 4179, 80.59610748291016, 15790279, 27259100, 487311170, 530360549, 25708.394312262535, 37.89280992746353, 513246.760546, inf, 401.75757575757575, 887.4872836295876, 96564.973012, 265558.021822, 0.292969, 9528.774205, 141481.511577, 113.186961, 2079, 62.04066467285156, 7835479, 46957733, 241858622, 296651834, 25469.26535975933, 19.29955679178238, 321970.250183, inf, 811.7142857142857, 1318.5555795363846, 119901.683494, 124988.52044, 0.071333, 5157.244171, 71909.334403, 13.396342, 1029, 35.69012451171875, 3858079, 58718101, 118728338, 181304518
39774, 39774, 0, 0, dp_23.000000, 26022.12970608473, 76.39728897809982, 908904.006718, inf, 199.86934673366835, 483.95549134511447, 55726.814017, 538796.471459, 1.554124, 20925.605282, 292325.981713, 1127.580123, 4577, 75.96627044677734, 15790279, 27259100, 534490488, 577539867, 25707.8819745183, 37.38047218322754, 550482.5601720001, inf, 401.75757575757575, 887.4872836295876, 96564.973012, 288958.118229, 0.367789, 9528.774205, 155293.765389, 136.561548, 2277, 60.05879211425781, 7835479, 46957733, 265282616, 320075828, 25468.67554742098, 18.709744453430176, 345678.226082, inf, 811.7142857142857, 1318.5555795363846, 119901.683494, 141638.189993, 0.093566, 5157.244171, 78964.993624, 16.021234, 1127, 35.26923370361328, 3858079, 58718101, 130051935, 192628115
39774, 39774, 0, 0, dp_25.000000, 26020.661306023598, 74.9288889169693, 999462.3464939999, inf, 199.86934673366835, 483.95549134511447, 55726.814017, 599126.423146, 1.333501, 20925.605282, 322358.649714, 1323.520834, 4975, 71.64918518066406, 15790279, 27259100, 581551354, 624600733, 25707.424314677715, 36.92281234264374, 591071.572999, inf, 401.75757575757575, 887.4872836295876, 96564.973012, 316174.794479, 0.364042, 9528.774205, 168640.198087, 162.469174, 2475, 58.252166748046875, 7835479, 46957733, 288706610, 343499822, 25467.821770131588, 17.855967164039612, 362784.53408699995, inf, 811.7142857142857, 1318.5555795363846, 119901.683494, 151817.127005, 0.091311, 5157.244171, 85889.391261, 18.996845, 1225, 34.69055938720703, 3858079, 58718101, 141758142, 204334322
39774, 39774, 0, 0, dp_27.000000, 26019.62641775608, 73.89400064945221, 1070083.122736, inf, 199.86934673366835, 483.95549134511447, 55726.814017, 638209.364514, 1.35956, 20925.605282, 353671.14159, 1548.837773, 5373, 67.76150512695312, 15790279, 27259100, 628730672, 671780051, 25706.93138027191, 36.42987793684006, 634104.924952, inf, 401.75757575757575, 887.4872836295876, 96564.973012, 345143.530001, 0.358051, 9528.774205, 182677.716827, 189.572856, 2673, 56.5001335144043, 7835479, 46957733, 312130604, 366923816, 25467.291786789894, 17.325983822345734, 387670.796692, inf, 811.7142857142857, 1318.5555795363846, 119901.683494, 169301.208409, 0.09072, 5157.244171, 93288.346624, 22.223274, 1323, 34.2984733581543, 3858079, 58718101, 153081739, 215657919
39774, 39774, 0, 0, dp_29.000000, 26019.117338895798, 73.38492178916931, 1158971.904039, inf, 199.86934673366835, 483.95549134511447, 55726.814017, 708329.459991, 1.345343, 20925.605282, 372205.631972, 1783.047434, 5771, 64.19343566894531, 15790279, 27259100, 675909990, 718959369, 25706.253080904484, 35.75157856941223, 672350.115272, inf, 401.75757575757575, 887.4872836295876, 96564.973012, 370264.141246, 0.355647, 9528.774205, 195773.025487, 218.845675, 2871, 54.82952117919922, 7835479, 46957733, 335554598, 390347810, 25467.332148611546, 17.366345643997192, 403439.389463, inf, 811.7142857142857, 1318.5555795363846, 119901.683494, 178266.937674, 0.094798, 5157.244171, 100087.698405, 25.730921, 1421, 33.73774337768555, 3858079, 58718101, 164787946, 227364126
39774, 39774, 0, 0, dp_3.000000, 26052.17501425743, 106.44259715080261, 177217.592958, inf, 199.86934673366835, 483.95549134511447, 55726.814017, 71736.799253, 1.568772, 20925.605282, 28813.225187, 13.580447, 597, 157.0151824951172, 15790279, 27259100, 62815157, 105864536, 25722.959323763847, 52.45782142877579, 157289.505083, inf, 401.75757575757575, 887.4872836295876, 96564.973012, 36458.341944, 0.301235, 9528.774205, 14735.526238, 1.588449, 297, 88.99919128417969, 7835479, 46957733, 31159709, 85952921, 25475.76429963112, 25.798496663570404, 150443.284211, inf, 811.7142857142857, 1318.5555795363846, 119901.683494, 18140.11109, 0.078437, 5157.244171, 7243.94899, 0.218029, 147, 45.07835388183594, 3858079, 58718101, 15285525, 77861705
39774, 39774, 0, 0, dp_31.000000, 26018.57533800602, 72.84292089939117, 1242192.095623, inf, 199.86934673366835, 483.95549134511447, 55726.814017, 756861.316078, 1.355432, 20925.605282, 406637.185107, 2039.819707, 6169, 60.94516372680664, 15790279, 27259100, 723089308, 766138687, 25705.317429363728, 34.815927028656006, 715305.426547, inf, 401.75757575757575, 887.4872836295876, 96564.973012, 399057.062526, 0.351188, 9528.774205, 209903.436395, 250.829221, 3069, 53.44752502441406, 7835479, 46957733, 358900570, 413693782, 25466.97272837162, 17.006925404071808, 426773.5752680001, inf, 811.7142857142857, 1318.5555795363846, 119901.683494, 194635.798692, 0.072556, 5157.244171, 107049.210132, 29.566223, 1519, 33.349979400634766, 3858079, 58718101, 176149804, 238725984
39774, 39774, 0, 0, dp_33.000000, 26017.72832584381, 71.99590873718262, 1317598.647306, inf, 199.86934673366835, 483.95549134511447, 55726.814017, 804866.80338, 1.547672, 20925.605282, 433765.352265, 2312.52469, 6567, 58.035213470458984, 15790279, 27259100, 770268626, 813318005, 25705.26237154007, 34.760869204998016, 753301.023855, inf, 401.75757575757575, 887.4872836295876, 96564.973012, 423408.763229, 0.353343, 9528.774205, 223513.959153, 284.200913, 3267, 51.9530143737793, 7835479, 46957733, 382402586, 437195798, 25467.07356274128, 17.10775977373123, 442447.178364, inf, 811.7142857142857, 1318.5555795363846, 119901.683494, 203910.24142, 0.076653, 5157.244171, 113444.229363, 33.703263, 1617, 32.80070495605469, 3858079, 58718101, 187817750, 250393930
39774, 39774, 0, 0, dp_35.000000, 26016.637667179108, 70.90525007247925, 1402630.359836, inf, 199.86934673366835, 483.95549134511447, 55726.814017, 864077.284857, 1.324544, 20925.605282, 459295.776055, 2603.555081, 6965, 55.29179000854492, 15790279, 27259100, 817447944, 860497323, 25704.22279071808, 33.72128838300705, 795090.203022, inf, 401.75757575757575, 887.4872836295876, 96564.973012, 452239.949102, 0.348323, 9528.774205, 236435.76794, 320.39044, 3465, 50.65123748779297, 7835479, 46957733, 405826580, 460619792, 25466.714142501354, 16.748339533805847, 466839.12143400003, inf, 811.7142857142857, 1318.5555795363846, 119901.683494, 220573.598751, 0.07458, 5157.244171, 121168.650571, 37.869867, 1715, 32.405521392822266, 3858079, 58718101, 199141347, 261717527
39774, 39774, 0, 0, dp_37.000000, 26016.32492208481, 70.59250497817993, 1485692.082225, inf, 199.86934673366835, 483.95549134511447, 55726.814017, 919392.177293, 1.485877, 20925.605282, 486734.356049, 2911.643707, 7363, 52.91292190551758, 15790279, 27259100, 864509413, 907558792, 25703.82755255699, 33.32605022192001, 835936.0551689999, inf, 401.75757575757575, 887.4872836295876, 96564.973012, 479146.25207, 0.352551, 9528.774205, 250337.289262, 358.414069, 3663, 49.47598648071289, 7835479, 46957733, 429172552, 483965764, 25466.636968553066, 16.671165585517883, 482529.58965599997, inf, 811.7142857142857, 1318.5555795363846, 119901.683494, 229382.354197, 0.074981, 5157.244171, 128045.842029, 42.390784, 1813, 32.06664276123047, 3858079, 58718101, 210847554, 273423734
39774, 39774, 0, 0, dp_39.000000, 26014.863025724888, 69.13060861825943, 1532834.665635, inf, 199.86934673366835, 483.95549134511447, 55726.814017, 940971.331021, 1.327018, 20925.605282, 511973.003948, 3236.584349, 7761, 50.77105712890625, 15790279, 27259100, 911806580, 954855959, 25703.61289894581, 33.11139661073685, 872925.05384, inf, 401.75757575757575, 887.4872836295876, 96564.973012, 502265.983915, 0.350247, 9528.774205, 264166.96416, 398.008301, 3861, 48.1518440246582, 7835479, 46957733, 452674568, 507467780, 25466.289142489433, 16.323339521884918, 504544.48964399996, inf, 811.7142857142857, 1318.5555795363846, 119901.683494, 244819.699952, 0.075632, 5157.244171, 134618.501993, 47.284402, 1911, 31.543073654174805, 3858079, 58718101, 222209412, 284785592
39774, 39774, 0, 0, dp_5.000000, 26042.764416337013, 97.03199923038483, 251573.62430100003, inf, 199.86934673366835, 483.95549134511447, 55726.814017, 117884.525221, 1.387301, 20925.605282, 56991.148139, 44.144341, 995, 141.3817138671875, 15790279, 27259100, 109994475, 153043854, 25719.07064026594, 48.569137930870056, 196350.01451200002, inf, 401.75757575757575, 887.4872836295876, 96564.973012, 61556.730093, 0.356709, 9528.774205, 28693.661794, 5.518699, 495, 84.13731384277344, 7835479, 46957733, 54583703, 109376915, 25473.793783724308, 23.827980756759644, 170023.49335200002, inf, 811.7142857142857, 1318.5555795363846, 119901.683494, 30410.35802, 0.079319, 5157.244171, 14553.465245, 0.663103, 245, 43.015689849853516, 3858079, 58718101, 26800427, 89376607
39774, 39774, 0, 0, dp_7.000000, 26039.843308985233, 94.11089187860489, 328830.59832600004, inf, 199.86934673366835, 483.95549134511447, 55726.814017, 167606.173413, 1.363948, 20925.605282, 84469.045896, 101.59577, 1393, 129.162109375, 15790279, 27259100, 157173793, 200223172, 25716.25684416294, 45.755341827869415, 235600.73323299998, inf, 401.75757575757575, 887.4872836295876, 96564.973012, 86728.329493, 0.369794, 9528.774205, 42766.803455, 11.483274, 693, 80.24707794189453, 7835479, 46957733, 78007697, 132800909, 25473.04107761383, 23.075274646282196, 191383.58812399997, inf, 811.7142857142857, 1318.5555795363846, 119901.683494, 44425.613498, 0.096, 5157.244171, 21897.588997, 1.361964, 343, 41.68429183959961, 3858079, 58718101, 38315329, 100891509
39774, 39774, 0, 0, dp_9.000000, 26035.935913980007, 90.20349687337875, 403118.081086, inf, 199.86934673366835, 483.95549134511447, 55726.814017, 214902.348001, 1.355432, 20925.605282, 111399.280299, 162.678055, 1791, 119.75941467285156, 15790279, 27259100, 204353111, 247402490, 25714.718903958797, 44.21740162372589, 277800.978703, inf, 401.75757575757575, 887.4872836295876, 96564.973012, 114353.564243, 0.368692, 9528.774205, 57333.907317, 19.391234, 891, 76.87225341796875, 7835479, 46957733, 101431691, 156224903, 25472.15510761738, 22.189304649829865, 210085.57546400002, inf, 811.7142857142857, 1318.5555795363846, 119901.683494, 55926.97026, 0.09586, 5157.244171, 29096.902995, 2.678684, 441, 40.5716438293457, 3858079, 58718101, 49638926, 112215106
39774, 39774, 0, 0, fixed_reps_1, 26062.450115084648, 116.71769797801971, 102634.704472, inf, 199.86934673366835, 483.95549134511447, 55726.814017, 25885.945784, 1.357886, 20925.605282, 94.981503, 0, 199, 196.3590545654297, 15790279, 27259100, 15635839, 58685218, 25728.284059226513, 57.782556891441345, 118514.995756, inf, 401.75757575757575, 887.4872836295876, 96564.973012, 12344.847508, 0.361779, 9528.774205, 76.039252, 0, 99, 97.9587173461914, 7835479, 46957733, 7735715, 62528927, 25479.269353806973, 29.303550839424133, 131023.346956, inf, 811.7142857142857, 1318.5555795363846, 119901.683494, 5888.436552, 0.078908, 5157.244171, 75.903831, 0, 49, 48.3597297668457, 3858079, 58718101, 3770623, 66346803
39774, 39774, 0, 0, fixed_reps_11, 26037.820257663727, 92.08784055709839, 372930.96325900004, inf, 199.86934673366835, 483.95549134511447, 55726.814017, 295436.431602, 1.304125, 20925.605282, 840.808233, 0, 2189, 157.40093994140625, 15790279, 27259100, 171992239, 215041618, 25717.40606147051, 46.90455913543701, 265846.277905, inf, 401.75757575757575, 887.4872836295876, 96564.973012, 158899.207717, 0.337413, 9528.774205, 852.985558, 0, 1089, 89.54959869384766, 7835479, 46957733, 85091875, 139885087, 25473.69515913725, 23.729356169700623, 206881.604436, inf, 811.7142857142857, 1318.5555795363846, 119901.683494, 80959.252352, 0.092023, 5157.244171, 863.332396, 0, 539, 44.894405364990234, 3858079, 58718101, 41476363, 104052543
39774, 39774, 0, 0, fixed_reps_13, 26036.43418073654, 90.70176362991333, 415827.9023489999, inf, 199.86934673366835, 483.95549134511447, 55726.814017, 338202.988186, 1.544907, 20925.605282, 970.949957, 0, 2587, 152.91879272460938, 15790279, 27259100, 203263519, 246312898, 25716.335524260998, 45.83402192592621, 294638.092366, inf, 401.75757575757575, 887.4872836295876, 96564.973012, 187546.594505, 0.338345, 9528.774205, 997.412299, 0, 1287, 88.0809097290039, 7835479, 46957733, 100563107, 155356319, 25473.09824758768, 23.132444620132446, 220988.906385, inf, 811.7142857142857, 1318.5555795363846, 119901.683494, 94883.516972, 0.089849, 5157.244171, 1046.371899, 0, 637, 44.69925308227539, 3858079, 58718101, 49017511, 111593691
39774, 39774, 0, 0, fixed_reps_15, 26035.61163544655, 89.87921833992004, 463824.872598, inf, 199.86934673366835, 483.95549134511447, 55726.814017, 386046.275553, 1.558703, 20925.605282, 1124.619043, 0, 2985, 148.82089233398438, 15790279, 27259100, 234534799, 277584178, 25715.16974544525, 44.6682431101799, 321935.272505, inf, 401.75757575757575, 887.4872836295876, 96564.973012, 214689.403119, 0.340308, 9528.774205, 1151.781861, 0, 1485, 87.47798919677734, 7835479, 46957733, 116034339, 170827551, 25472.56323802471, 22.59743505716324, 234682.173121, inf, 811.7142857142857, 1318.5555795363846, 119901.683494, 108433.392052, 0.090881, 5157.244171, 1189.762523, 0, 735, 44.44365692138672, 3858079, 58718101, 56558659, 119134839
39774, 39774, 0, 0, fixed_reps_17, 26033.667541742325, 87.93512463569641, 513920.441775, inf, 199.86934673366835, 483.95549134511447, 55726.814017, 435988.369706, 1.320717, 20925.605282, 1278.332053, 0, 3383, 144.9271697998047, 15790279, 27259100, 265806079, 308855458, 25714.624357283115, 44.12285494804382, 349354.302792, inf, 401.75757575757575, 887.4872836295876, 96564.973012, 241953.866415, 0.347983, 9528.774205, 1306.341177, 0, 1683, 86.84527587890625, 7835479, 46957733, 131505571, 186298783, 25471.871357619762, 21.90555465221405, 247605.61876699998, inf, 811.7142857142857, 1318.5555795363846, 119901.683494, 121218.496255, 0.087764, 5157.244171, 1328.107083, 0, 833, 44.215152740478516, 3858079, 58718101, 64099807, 126675987
39774, 39774, 0, 0, fixed_reps_19, 26030.15608382225, 84.42366671562195, 562468.886089, inf, 199.86934673366835, 483.95549134511447, 55726.814017, 484375.568708, 1.328111, 20925.605282, 1439.569971, 0, 3781, 141.01950073242188, 15790279, 27259100, 297077359, 340126738, 25713.793451726437, 43.29194939136505, 376849.289979, inf, 401.75757575757575, 887.4872836295876, 96564.973012, 269307.779329, 0.344476, 9528.774205, 1447.418957, 0, 1881, 86.19349670410156, 7835479, 46957733, 146976803, 201770015, 25471.72590303421, 21.760100066661835, 260460.902879, inf, 811.7142857142857, 1318.5555795363846, 119901.683494, 133935.136726, 0.090089, 5157.244171, 1466.748399, 0, 931, 43.99363327026367, 3858079, 58718101, 71640955, 134217135
39774, 39774, 0, 0, fixed_reps_21, 26028.83660042286, 83.10418331623077, 611437.374209, inf, 199.86934673366835, 483.95549134511447, 55726.814017, 533202.160844, 1.280892, 20925.605282, 1581.513174, 0, 4179, 137.2239532470703, 15790279, 27259100, 328348639, 371398018, 25713.24048411846, 42.738981783390045, 403796.578389, inf, 401.75757575757575, 887.4872836295876, 96564.973012, 296109.894796, 0.345728, 9528.774205, 1592.590648, 0, 2079, 85.4961929321289, 7835479, 46957733, 162448035, 217241247, 25471.6505061388, 21.684703171253204, 273879.857193, inf, 811.7142857142857, 1318.5555795363846, 119901.683494, 147211.96602, 0.09069, 5157.244171, 1608.872818, 0, 1029, 43.72215270996094, 3858079, 58718101, 79182103, 141758283
39774, 39774, 0, 0, fixed_reps_23, 26027.075297176838, 81.3428800702095, 660709.325713, inf, 199.86934673366835, 483.95549134511447, 55726.814017, 582327.439982, 1.31705, 20925.605282, 1728.149382, 0, 4577, 134.50039672851562, 15790279, 27259100, 359619919, 402669298, 25712.8564158082, 42.35491347312927, 429815.226631, inf, 401.75757575757575, 887.4872836295876, 96564.973012, 321986.786917, 0.347732, 9528.774205, 1734.344765, 0, 2277, 84.7498550415039, 7835479, 46957733, 177919267, 232712479, 25471.47011399269, 21.50431102514267, 286687.186291, inf, 811.7142857142857, 1318.5555795363846, 119901.683494, 159885.862601, 0.088325, 5157.244171, 1742.3077, 0, 1127, 43.47677993774414, 3858079, 58718101, 86723251, 149299431
39774, 39774, 0, 0, fixed_reps_25, 26025.674207270145, 79.941790163517, 708944.356517, inf, 199.86934673366835, 483.95549134511447, 55726.814017, 630404.101752, 1.31679, 20925.605282, 1886.518676, 0, 4975, 129.01022338867188, 15790279, 27259100, 390891199, 433940578, 25711.25892227888, 40.75741994380951, 456625.224671, inf, 401.75757575757575, 887.4872836295876, 96564.973012, 348632.359022, 0.355116, 9528.774205, 1898.763316, 0, 2475, 83.49050903320312, 7835479, 46957733, 193390499, 248183711, 25470.734267890453, 20.76846492290497, 300140.83188799996, inf, 811.7142857142857, 1318.5555795363846, 119901.683494, 173206.164192, 0.089497, 5157.244171, 1875.650534, 0, 1225, 43.25067901611328, 3858079, 58718101, 94264399, 156840579
39774, 39774, 0, 0, fixed_reps_27, 26024.539966404438, 78.8075492978096, 757929.767433, inf, 199.86934673366835, 483.95549134511447, 55726.814017, 679243.809505, 1.326217, 20925.605282, 2032.212412, 0, 5373, 124.58753204345703, 15790279, 27259100, 422162479, 465211858, 25710.108381271362, 39.60687893629074, 484612.39147100004, inf, 401.75757575757575, 887.4872836295876, 96564.973012, 376459.35716, 0.362941, 9528.774205, 2058.924153, 0, 2673, 81.60517120361328, 7835479, 46957733, 208861731, 263654943, 25470.562839269638, 20.59703630208969, 312607.421435, inf, 811.7142857142857, 1318.5555795363846, 119901.683494, 185543.693879, 0.090479, 5157.244171, 2004.709412, 0, 1323, 43.08671951293945, 3858079, 58718101, 101805547, 164381727
39774, 39774, 0, 0, fixed_reps_29, 26022.996415674686, 77.26399856805801, 808280.8164059999, inf, 199.86934673366835, 483.95549134511447, 55726.814017, 729422.314847, 1.292905, 20925.605282, 2204.789355, 0, 5771, 121.189208984375, 15790279, 27259100, 453433759, 496483138, 25709.6956217885, 39.194119453430176, 510930.356012, inf, 401.75757575757575, 887.4872836295876, 96564.973012, 402632.236517, 0.344636, 9528.774205, 2204.027642, 0, 2871, 80.23225402832031, 7835479, 46957733, 224332963, 279126175, 25469.886450350285, 19.920647382736206, 325056.810152, inf, 811.7142857142857, 1318.5555795363846, 119901.683494, 197865.672081, 0.087664, 5157.244171, 2132.122742, 0, 1421, 42.772281646728516, 3858079, 58718101, 109346695, 171922875
39774, 39774, 0, 0, fixed_reps_3, 26051.139393031597, 105.40697592496872, 153406.048699, inf, 199.86934673366835, 483.95549134511447, 55726.814017, 76539.854351, 1.289588, 20925.605282, 212.485461, 0, 597, 185.9304656982422, 15790279, 27259100, 46907119, 89956498, 25724.369690835476, 53.86818850040436, 146563.189562, inf, 401.75757575757575, 887.4872836295876, 96564.973012, 40245.846207, 0.274555, 9528.774205, 223.321583, 0, 297, 95.93452453613281, 7835479, 46957733, 23206947, 78000159, 25476.647306919098, 26.68150395154953, 145199.80064299997, inf, 811.7142857142857, 1318.5555795363846, 119901.683494, 19921.566867, 0.077164, 5157.244171, 219.228947, 0, 147, 47.700923919677734, 3858079, 58718101, 11311771, 73887951
39774, 39774, 0, 0, fixed_reps_31, 26022.1255402565, 76.39312314987183, 852294.368943, inf, 199.86934673366835, 483.95549134511447, 55726.814017, 773304.330834, 1.282686, 20925.605282, 2336.336124, 0, 6169, 117.10844421386719, 15790279, 27259100, 484705039, 527754418, 25708.82018339634, 38.31868106126785, 533431.7899170001, inf, 401.75757575757575, 887.4872836295876, 96564.973012, 425000.919879, 0.338956, 9528.774205, 2336.783865, 0, 3069, 79.00990295410156, 7835479, 46957733, 239804195, 294597407, 25469.057689130306, 19.091886162757874, 338334.08216399996, inf, 811.7142857142857, 1318.5555795363846, 119901.683494, 211006.179376, 0.089849, 5157.244171, 2268.885274, 0, 1519, 42.49142074584961, 3858079, 58718101, 116887843, 179464023
39774, 39774, 0, 0, fixed_reps_33, 26022.04220688343, 76.30978977680206, 899005.32513, inf, 199.86934673366835, 483.95549134511447, 55726.814017, 819859.729439, 1.313373, 20925.605282, 2491.863019, 0, 6567, 113.55646514892578, 15790279, 27259100, 515976319, 559025698, 25708.139829456806, 37.63832712173462, 554500.777761, inf, 401.75757575757575, 887.4872836295876, 96564.973012, 445964.328742, 0.346841, 9528.774205, 2442.354961, 0, 3267, 78.2512435913086, 7835479, 46957733, 255275427, 310068639, 25468.59959167242, 18.63378870487213, 350465.45325900003, inf, 811.7142857142857, 1318.5555795363846, 119901.683494, 223008.15788, 0.086983, 5157.244171, 2398.280731, 0, 1617, 41.5926513671875, 3858079, 58718101, 124428991, 187005171
39774, 39774, 0, 0, fixed_reps_35, 26021.939032256603, 76.20661514997482, 955571.043547, inf, 199.86934673366835, 483.95549134511447, 55726.814017, 876261.270872, 1.336015, 20925.605282, 2656.017361, 0, 6965, 110.99354553222656, 15790279, 27259100, 547247599, 590296978, 25707.084225296974, 36.58272296190262, 580755.343429, inf, 401.75757575757575, 887.4872836295876, 96564.973012, 472069.426597, 0.350137, 9528.774205, 2591.819478, 0, 3465, 76.77308654785156, 7835479, 46957733, 270746659, 325539871, 25468.59959167242, 18.63378870487213, 364239.23896899994, inf, 811.7142857142857, 1318.5555795363846, 119901.683494, 236632.157246, 0.088656, 5157.244171, 2548.065402, 0, 1715, 40.47077941894531, 3858079, 58718101, 131970139, 194546319
39774, 39774, 0, 0, fixed_reps_37, 26021.358379602432, 75.62596249580383, 993750.22981, inf, 199.86934673366835, 483.95549134511447, 55726.814017, 914300.750205, 1.275342, 20925.605282, 2795.784964, 0, 7363, 108.90343475341797, 15790279, 27259100, 578518879, 621568258, 25706.117652893066, 35.61615055799484, 607997.358444, inf, 401.75757575757575, 887.4872836295876, 96564.973012, 499154.89371, 0.340368, 9528.774205, 2748.377149, 0, 3663, 76.3512191772461, 7835479, 46957733, 286217891, 341011103, 25468.554137170315, 18.58833420276642, 377251.12753500004, inf, 811.7142857142857, 1318.5555795363846, 119901.683494, 249502.527292, 0.092092, 5157.244171, 2689.580486, 0, 1813, 40.311561584472656, 3858079, 58718101, 139511287, 202087467
39774, 39774, 0, 0, fixed_reps_39, 26020.98995757103, 75.25754046440125, 1060772.468998, inf, 199.86934673366835, 483.95549134511447, 55726.814017, 981176.420682, 1.764539, 20925.605282, 2941.864478, 0, 7761, 107.15391540527344, 15790279, 27259100, 609790159, 652839538, 25705.81359577179, 35.31209343671799, 633729.4162290001, inf, 401.75757575757575, 887.4872836295876, 96564.973012, 524715.952811, 0.349495, 9528.774205, 2919.366706, 0, 3861, 75.13723754882812, 7835479, 46957733, 301689123, 356482335, 25468.277214109898, 18.311411142349243, 390412.811546, inf, 811.7142857142857, 1318.5555795363846, 119901.683494, 262513.142794, 0.089247, 5157.244171, 2840.65184, 0, 1911, 40.135902404785156, 3858079, 58718101, 147052435, 209628615
39774, 39774, 0, 0, fixed_reps_41, 26020.93273830414, 75.20032119750977, 1090278.891735, inf, 199.86934673366835, 483.95549134511447, 55726.814017, 1010476.863783, 1.284779, 20925.605282, 3148.323874, 0, 8159, 104.91495513916016, 15790279, 27259100, 641061439, 684110818, 25705.6580401659, 35.15653783082962, 659526.953859, inf, 401.75757575757575, 887.4872836295876, 96564.973012, 550360.400793, 0.344626, 9528.774205, 3072.461223, 0, 4059, 74.02404022216797, 7835479, 46957733, 317160355, 371953567, 25467.801625728607, 17.835822761058807, 402938.90997399995, inf, 811.7142857142857, 1318.5555795363846, 119901.683494, 274910.081915, 0.091852, 5157.244171, 2969.808542, 0, 2009, 40.002586364746094, 3858079, 58718101, 154593583, 217169763
39774, 39774, 0, 0, fixed_reps_5, 26046.892406463623, 101.15998935699463, 208965.073104, inf, 199.86934673366835, 483.95549134511447, 55726.814017, 131943.651484, 1.32779, 20925.605282, 367.674531, 0, 995, 175.78970336914062, 15790279, 27259100, 78178399, 121227778, 25722.04501837492, 51.54351603984833, 178074.90678699999, inf, 401.75757575757575, 887.4872836295876, 96564.973012, 71596.782037, 0.355487, 9528.774205, 384.022046, 0, 495, 93.69803619384766, 7835479, 46957733, 38678179, 93471391, 25475.689156115055, 25.723353147506714, 160326.40949599998, inf, 811.7142857142857, 1318.5555795363846, 119901.683494, 34895.940234, 0.091, 5157.244171, 371.450597, 0, 245, 46.98143768310547, 3858079, 58718101, 18852919, 81429099
39774, 39774, 0, 0, fixed_reps_7, 26043.210536301136, 97.4781191945076, 266739.94819799997, inf, 199.86934673366835, 483.95549134511447, 55726.814017, 189561.394148, 1.289537, 20925.605282, 524.845214, 0, 1393, 169.74737548828125, 15790279, 27259100, 109449679, 152499058, 25720.024775266647, 49.523272931575775, 208084.76197000002, inf, 401.75757575757575, 887.4872836295876, 96564.973012, 101453.756213, 0.342953, 9528.774205, 536.915587, 0, 693, 92.59239196777344, 7835479, 46957733, 54149411, 108942623, 25474.564420700073, 24.598617732524872, 176146.859771, inf, 811.7142857142857, 1318.5555795363846, 119901.683494, 50549.029629, 0.09081, 5157.244171, 538.811667, 0, 343, 46.253414154052734, 3858079, 58718101, 26394067, 88970247
39774, 39774, 0, 0, fixed_reps_9, 26040.267539143562, 94.5351220369339, 321599.690338, inf, 199.86934673366835, 483.95549134511447, 55726.814017, 244246.868605, 1.463715, 20925.605282, 698.938719, 0, 1791, 163.8509063720703, 15790279, 27259100, 140720959, 183770338, 25718.429644823074, 47.92814248800278, 237805.447601, inf, 401.75757575757575, 887.4872836295876, 96564.973012, 131008.720626, 0.350497, 9528.774205, 702.629261, 0, 891, 90.8692398071289, 7835479, 46957733, 69620643, 124413855, 25473.88821476698, 23.922411799430847, 192152.892225, inf, 811.7142857142857, 1318.5555795363846, 119901.683494, 66385.927487, 0.091441, 5157.244171, 707.945632, 0, 441, 45.13603210449219, 3858079, 58718101, 33935215, 96511395
39774, 39774, 0, 0, greedy_1.000000, 26062.450115084648, 116.71769797801971, 100538.98400600001, inf, 199.86934673366835, 483.95549134511447, 55726.814017, 23812.388149, 1.127905, 20925.605282, 73.039506, 0.009147, 199, 196.3590545654297, 15790279, 27259100, 15635839, 58685218, 25728.284059226513, 57.782556891441345, 118477.695863, inf, 401.75757575757575, 887.4872836295876, 96564.973012, 12314.453574, 0.298139, 9528.774205, 69.192755, 0.004178, 99, 97.9587173461914, 7835479, 46957733, 7735715, 62528927, 25479.269353806973, 29.303550839424133, 131019.17969299998, inf, 811.7142857142857, 1318.5555795363846, 119901.683494, 5889.71848, 0.07985, 5157.244171, 70.451815, 0.001883, 49, 48.3597297668457, 3858079, 58718101, 3770623, 66346803
39774, 39774, 0, 0, greedy_11.000000, 26050.98842918873, 105.25601208209991, 369334.43163099996, inf, 199.86934673366835, 483.95549134511447, 55726.814017, 154046.793462, 1.517816, 20925.605282, 138632.98453, 0.716524, 2189, 174.8335418701172, 15790279, 27259100, 187501139, 230550518, 25718.228825449944, 47.72732311487198, 266598.78624600003, inf, 401.75757575757575, 887.4872836295876, 96564.973012, 88520.969814, 0.36832, 9528.774205, 71983.543009, 0.157886, 1089, 93.63700866699219, 7835479, 46957733, 91858155, 146651367, 25476.01806873083, 26.052265763282776, 202427.204839, inf, 811.7142857142857, 1318.5555795363846, 119901.683494, 41036.00163, 0.09602, 5157.244171, 36332.141473, 0.038051, 539, 46.98431396484375, 3858079, 58718101, 43823117, 106399297
39774, 39774, 0, 0, greedy_13.000000, 26050.98842918873, 105.25601208209991, 405212.147942, inf, 199.86934673366835, 483.95549134511447, 55726.814017, 166104.771355, 1.324945, 20925.605282, 162453.0072, 0.625143, 2587, 174.8335418701172, 15790279, 27259100, 219045823, 262095202, 25718.228825449944, 47.72732311487198, 289465.80720599997, inf, 401.75757575757575, 887.4872836295876, 96564.973012, 97098.914023, 0.369072, 9528.774205, 86272.615632, 0.161262, 1287, 93.63700866699219, 7835479, 46957733, 107457585, 162250797, 25475.49636566639, 25.530562698841095, 216704.381466, inf, 811.7142857142857, 1318.5555795363846, 119901.683494, 48110.86106, 0.098154, 5157.244171, 43534.452628, 0.041959, 637, 46.96050262451172, 3858079, 58718101, 51470547, 114046727
39774, 39774, 0, 0, greedy_15.000000, 26050.98842918873, 105.25601208209991, 455778.32701, inf, 199.86934673366835, 483.95549134511447, 55726.814017, 190421.180149, 1.337298, 20925.605282, 188702.649344, 0.74092, 2985, 174.8335418701172, 15790279, 27259100, 250590507, 293639886, 25718.228825449944, 47.72732311487198, 312251.78402799997, inf, 401.75757575757575, 887.4872836295876, 96564.973012, 105841.916555, 0.361989, 9528.774205, 100315.541301, 0.216966, 1485, 93.63700866699219, 7835479, 46957733, 123057015, 177850227, 25475.225153446198, 25.25935047864914, 230046.25364799998, inf, 811.7142857142857, 1318.5555795363846, 119901.683494, 54360.616911, 0.077846, 5157.244171, 50626.562698, 0.068528, 735, 46.94860076904297, 3858079, 58718101, 59117977, 121694157
39774, 39774, 0, 0, greedy_17.000000, 26050.98842918873, 105.25601208209991, 506063.467734, inf, 199.86934673366835, 483.95549134511447, 55726.814017, 209729.878089, 1.28014, 20925.605282, 219679.049389, 0.840817, 3383, 174.8335418701172, 15790279, 27259100, 282135191, 325184570, 25718.228825449944, 47.72732311487198, 335085.76439799997, inf, 401.75757575757575, 887.4872836295876, 96564.973012, 114794.187302, 0.359924, 9528.774205, 114197.234303, 0.235652, 1683, 93.63700866699219, 7835479, 46957733, 138656445, 193449657, 25474.557018220425, 24.59121525287628, 243518.445415, inf, 811.7142857142857, 1318.5555795363846, 119901.683494, 60779.699765, 0.093185, 5157.244171, 57679.669216, 0.055584, 833, 46.92716979980469, 3858079, 58718101, 66765407, 129341587
39774, 39774, 0, 0, greedy_19.000000, 26050.98842918873, 105.25601208209991, 548883.5576510001, inf, 199.86934673366835, 483.95549134511447, 55726.814017, 224130.34903, 1.327029, 20925.605282, 248098.198042, 1.264251, 3781, 174.8335418701172, 15790279, 27259100, 313679875, 356729254, 25718.228825449944, 47.72732311487198, 357477.77824099996, inf, 401.75757575757575, 887.4872836295876, 96564.973012, 123414.083628, 0.363311, 9528.774205, 127969.346189, 0.237896, 1881, 93.63700866699219, 7835479, 46957733, 154255875, 209049087, 25473.974689424038, 24.008886456489563, 256725.65483099996, inf, 811.7142857142857, 1318.5555795363846, 119901.683494, 66780.110109, 0.097303, 5157.244171, 64886.460042, 0.059712, 931, 46.91288375854492, 3858079, 58718101, 74412837, 136989017
39774, 39774, 0, 0, greedy_21.000000, 26050.98842918873, 105.25601208209991, 594245.1182029999, inf, 199.86934673366835, 483.95549134511447, 55726.814017, 242234.31068, 1.341606, 20925.605282, 275356.02372, 1.022898, 4179, 174.8335418701172, 15790279, 27259100, 345224559, 388273938, 25718.228825449944, 47.72732311487198, 379756.219432, inf, 401.75757575757575, 887.4872836295876, 96564.973012, 132180.301161, 0.360957, 9528.774205, 141481.511577, 0.29852, 2079, 93.63700866699219, 7835479, 46957733, 169855305, 224648517, 25473.21735960245, 23.251556634902954, 270277.42277999996, inf, 811.7142857142857, 1318.5555795363846, 119901.683494, 73309.014498, 0.073628, 5157.244171, 71909.334403, 0.072586, 1029, 46.896400451660156, 3858079, 58718101, 82060267, 144636447
39774, 39774, 0, 0, greedy_23.000000, 26050.98842918873, 105.25601208209991, 621942.979293, inf, 199.86934673366835, 483.95549134511447, 55726.814017, 252961.859714, 1.319975, 20925.605282, 292325.981713, 1.398592, 4577, 174.8335418701172, 15790279, 27259100, 376769243, 419818622, 25718.228825449944, 47.72732311487198, 402179.17211700004, inf, 401.75757575757575, 887.4872836295876, 96564.973012, 140790.946975, 0.367489, 9528.774205, 155293.765389, 0.345047, 2277, 93.63700866699219, 7835479, 46957733, 185454735, 240247947, 25472.711551368237, 22.74574840068817, 283758.98213799996, inf, 811.7142857142857, 1318.5555795363846, 119901.683494, 79734.900178, 0.092443, 5157.244171, 78964.993624, 0.068228, 1127, 46.877166748046875, 3858079, 58718101, 89707697, 152283877
39774, 39774, 0, 0, greedy_25.000000, 26050.98842918873, 105.25601208209991, 674301.111526, inf, 199.86934673366835, 483.95549134511447, 55726.814017, 275287.189392, 1.486658, 20925.605282, 322358.649714, 1.366463, 4975, 174.8335418701172, 15790279, 27259100, 408313927, 451363306, 25718.228825449944, 47.72732311487198, 423751.65625400003, inf, 401.75757575757575, 887.4872836295876, 96564.973012, 149016.969841, 0.376165, 9528.774205, 168640.198087, 0.364944, 2475, 93.63700866699219, 7835479, 46957733, 201054165, 255847377, 25472.3212043643, 22.355401396751404, 296664.394608, inf, 811.7142857142857, 1318.5555795363846, 119901.683494, 85715.928296, 0.073297, 5157.244171, 85889.391261, 0.074089, 1225, 46.85444259643555, 3858079, 58718101, 97355127, 159931307
39774, 39774, 0, 0, greedy_27.000000, 26050.98842918873, 105.25601208209991, 724148.334221, inf, 199.86934673366835, 483.95549134511447, 55726.814017, 293822.107493, 1.312601, 20925.605282, 353671.14159, 1.353238, 5373, 174.8335418701172, 15790279, 27259100, 439858611, 482907990, 25718.228825449944, 47.72732311487198, 446779.34862400003, inf, 401.75757575757575, 887.4872836295876, 96564.973012, 158007.186771, 0.36285, 9528.774205, 182677.716827, 0.334959, 2673, 93.63700866699219, 7835479, 46957733, 216653595, 271446807, 25471.84754472971, 21.881741762161255, 310043.803334, inf, 811.7142857142857, 1318.5555795363846, 119901.683494, 91696.355149, 0.092423, 5157.244171, 93288.346624, 0.081473, 1323, 46.81947708129883, 3858079, 58718101, 105002557, 167578737
39774, 39774, 0, 0, greedy_29.000000, 26050.98842918873, 105.25601208209991, 754740.202301, inf, 199.86934673366835, 483.95549134511447, 55726.814017, 305879.427733, 1.321228, 20925.605282, 372205.631972, 1.402069, 5771, 174.8335418701172, 15790279, 27259100, 471403295, 514452674, 25718.228825449944, 47.72732311487198, 468577.240161, inf, 401.75757575757575, 887.4872836295876, 96564.973012, 166709.811527, 0.290725, 9528.774205, 195773.025487, 0.365205, 2871, 93.63700866699219, 7835479, 46957733, 232253025, 287046237, 25471.05009263754, 21.08428966999054, 322512.45498599997, inf, 811.7142857142857, 1318.5555795363846, 119901.683494, 97365.642927, 0.094537, 5157.244171, 100087.698405, 0.091452, 1421, 46.77002716064453, 3858079, 58718101, 112649987, 175226167
39774, 39774, 0, 0, greedy_3.000000, 26053.887792170048, 108.15537506341934, 182751.228389, inf, 199.86934673366835, 483.95549134511447, 55726.814017, 77284.105721, 1.344231, 20925.605282, 28813.225187, 0.133951, 597, 175.7158966064453, 15790279, 27259100, 61322403, 104371782, 25725.282461225986, 54.78095889091492, 158694.64495200003, inf, 401.75757575757575, 887.4872836295876, 96564.973012, 37864.970646, 0.365305, 9528.774205, 14735.526238, 0.035546, 297, 94.63700866699219, 7835479, 46957733, 29460435, 84253647, 25476.736796200275, 26.77099323272705, 148533.631025, inf, 811.7142857142857, 1318.5555795363846, 119901.683494, 16230.664652, 0.078036, 5157.244171, 7243.94899, 0.011682, 147, 47.127166748046875, 3858079, 58718101, 13233397, 75809577
39774, 39774, 0, 0, greedy_31.000000, 26050.98842918873, 105.25601208209991, 812104.0903220001, inf, 199.86934673366835, 483.95549134511447, 55726.814017, 328811.602008, 1.329002, 20925.605282, 406637.185107, 1.554906, 6169, 174.8335418701172, 15790279, 27259100, 502947979, 545997358, 25718.228825449944, 47.72732311487198, 491337.343122, inf, 401.75757575757575, 887.4872836295876, 96564.973012, 175339.217412, 0.361218, 9528.774205, 209903.436395, 0.58088, 3069, 93.63700866699219, 7835479, 46957733, 247852455, 302645667, 25470.502874672413, 20.537071704864502, 335178.46765, inf, 811.7142857142857, 1318.5555795363846, 119901.683494, 103070.130759, 0.094998, 5157.244171, 107049.210132, 0.104096, 1519, 46.67262268066406, 3858079, 58718101, 120297417, 182873597
39774, 39774, 0, 0, greedy_33.000000, 26050.98842918873, 105.25601208209991, 856221.146727, inf, 199.86934673366835, 483.95549134511447, 55726.814017, 345800.429549, 1.326999, 20925.605282, 433765.352265, 1.618615, 6567, 174.8335418701172, 15790279, 27259100, 534492663, 577542042, 25718.228825449944, 47.72732311487198, 513923.927249, inf, 401.75757575757575, 887.4872836295876, 96564.973012, 184315.434154, 0.363311, 9528.774205, 223513.959153, 0.423414, 3267, 93.63700866699219, 7835479, 46957733, 263451885, 318245097, 25470.084198653698, 20.118395686149597, 347284.773219, inf, 811.7142857142857, 1318.5555795363846, 119901.683494, 108781.435503, 0.076483, 5157.244171, 113444.229363, 0.104205, 1617, 46.127166748046875, 3858079, 58718101, 127944847, 190521027
39774, 39774, 0, 0, greedy_35.000000, 26050.98842918873, 105.25601208209991, 899420.481539, inf, 199.86934673366835, 483.95549134511447, 55726.814017, 363469.082877, 1.339693, 20925.605282, 459295.776055, 1.863615, 6965, 174.8335418701172, 15790279, 27259100, 566037347, 609086726, 25718.228825449944, 47.72732311487198, 535404.812928, inf, 401.75757575757575, 887.4872836295876, 96564.973012, 192874.494465, 0.366367, 9528.774205, 236435.76794, 0.436939, 3465, 93.63700866699219, 7835479, 46957733, 279051315, 333844527, 25470.084198653698, 20.118395686149597, 361057.049115, inf, 811.7142857142857, 1318.5555795363846, 119901.683494, 114829.286293, 0.071584, 5157.244171, 121168.650571, 0.113002, 1715, 46.127166748046875, 3858079, 58718101, 135592277, 198168457
39774, 39774, 0, 0, greedy_37.000000, 26050.98842918873, 105.25601208209991, 943154.981234, inf, 199.86934673366835, 483.95549134511447, 55726.814017, 379765.117154, 1.318122, 20925.605282, 486734.356049, 1.77061, 7363, 174.8335418701172, 15790279, 27259100, 597582031, 640631410, 25718.228825449944, 47.72732311487198, 557551.6054870001, inf, 401.75757575757575, 887.4872836295876, 96564.973012, 201119.739342, 0.363031, 9528.774205, 250337.289262, 0.466635, 3663, 93.63700866699219, 7835479, 46957733, 294650745, 349443957, 25470.084198653698, 20.118395686149597, 372829.085159, inf, 811.7142857142857, 1318.5555795363846, 119901.683494, 119724.132762, 0.070452, 5157.244171, 128045.842029, 0.112251, 1813, 46.127166748046875, 3858079, 58718101, 143239707, 205815887
39774, 39774, 0, 0, greedy_39.000000, 26050.98842918873, 105.25601208209991, 986403.08464, inf, 199.86934673366835, 483.95549134511447, 55726.814017, 397774.421467, 1.313814, 20925.605282, 511973.003948, 1.926112, 7761, 174.8335418701172, 15790279, 27259100, 629126715, 672176094, 25718.228825449944, 47.72732311487198, 580296.0236119999, inf, 401.75757575757575, 887.4872836295876, 96564.973012, 210034.544946, 0.284363, 9528.774205, 264166.96416, 0.482926, 3861, 93.63700866699219, 7835479, 46957733, 310250175, 365043387, 25470.084198653698, 20.118395686149597, 384835.001536, inf, 811.7142857142857, 1318.5555795363846, 119901.683494, 125157.37541, 0.073287, 5157.244171, 134618.501993, 0.123181, 1911, 46.127166748046875, 3858079, 58718101, 150887137, 213463317
39774, 39774, 0, 0, greedy_5.000000, 26050.98842918873, 105.25601208209991, 234230.389244, inf, 199.86934673366835, 483.95549134511447, 55726.814017, 100585.252043, 1.340964, 20925.605282, 56991.148139, 0.228799, 995, 174.8335418701172, 15790279, 27259100, 92867087, 135916466, 25723.940533459187, 53.43903112411499, 186162.94106100002, inf, 401.75757575757575, 887.4872836295876, 96564.973012, 51375.108236, 0.363171, 9528.774205, 28693.661794, 0.060643, 495, 94.48316955566406, 7835479, 46957733, 45059865, 99853077, 25476.571350455284, 26.60554748773575, 161206.87198199998, inf, 811.7142857142857, 1318.5555795363846, 119901.683494, 21594.357313, 0.091913, 5157.244171, 14553.465245, 0.029846, 245, 47.05574035644531, 3858079, 58718101, 20880827, 83457007
39774, 39774, 0, 0, greedy_7.000000, 26050.98842918873, 105.25601208209991, 280009.031283, inf, 199.86934673366835, 483.95549134511447, 55726.814017, 118885.89245, 1.354249, 20925.605282, 84469.045896, 0.319389, 1393, 174.8335418701172, 15790279, 27259100, 124411771, 167461150, 25722.453547418118, 51.95204508304596, 213766.34083299997, inf, 401.75757575757575, 887.4872836295876, 96564.973012, 64905.328585, 0.364193, 9528.774205, 42766.803455, 0.097383, 693, 94.414794921875, 7835479, 46957733, 60659295, 115452507, 25476.448624253273, 26.48282128572464, 175069.78048899997, inf, 811.7142857142857, 1318.5555795363846, 119901.683494, 28113.149262, 0.090069, 5157.244171, 21897.588997, 0.024496, 343, 47.02002716064453, 3858079, 58718101, 28528257, 91104437
39774, 39774, 0, 0, greedy_9.000000, 26050.98842918873, 105.25601208209991, 324387.054227, inf, 199.86934673366835, 483.95549134511447, 55726.814017, 136333.583589, 1.351484, 20925.605282, 111399.280299, 0.419556, 1791, 174.8335418701172, 15790279, 27259100, 155956455, 199005834, 25720.49304050207, 49.99153816699982, 242261.680921, inf, 401.75757575757575, 887.4872836295876, 96564.973012, 78833.5533, 0.359364, 9528.774205, 57333.907317, 0.113723, 891, 94.30368041992188, 7835479, 46957733, 76258725, 131051937, 25476.406957626343, 26.441154658794403, 188462.208647, inf, 811.7142857142857, 1318.5555795363846, 119901.683494, 34306.254987, 0.09091, 5157.244171, 29096.902995, 0.03209, 441, 47.002166748046875, 3858079, 58718101, 36175687, 98751867
39774, 39774, 0, 0, opt, 26008.053911805153, 62.321494698524475, 2814506.58347, inf, 199.86934673366835, 483.95549134511447, 55726.814017, 2737853.11837, 1.045801, 20925.605282, 0, 0, 0, 0, 15790279, 27259100, 1551049972, 1594099351, 25695.071895480156, 24.57039314508438, 2822102.83305, inf, 401.75757575757575, 887.4872836295876, 96564.973012, 2716008.745605, 0.340228, 9528.774205, 0, 0, 0, 0, 7835479, 46957733, 1541636698, 1596429910, 25460.394428551197, 10.428625583648682, 2799180.706468, inf, 811.7142857142857, 1318.5555795363846, 119901.683494, 2674121.703602, 0.075201, 5157.244171, 0, 0, 0, 0, 3858079, 58718101, 1509932104, 1572508284
39774, 39774, 0, 0, plus_edge, 26059.6696305871, 113.93721348047256, 101772.004356, inf, 199.86934673366835, 483.95549134511447, 55726.814017, 25118.533006, 1.052051, 20925.605282, 0, 0, 0, 0, 15790279, 27259100, 15635070, 58684449, 25727.821111142635, 57.31960880756378, 118312.67613400001, inf, 401.75757575757575, 887.4872836295876, 96564.973012, 12218.629786, 0.299131, 9528.774205, 0, 0, 0, 0, 7835479, 46957733, 7705446, 62498658, 25478.811778128147, 28.845975160598755, 130931.29044099999, inf, 811.7142857142857, 1318.5555795363846, 119901.683494, 5872.28493, 0.077846, 5157.244171, 0, 0, 0, 0, 3858079, 58718101, 3733104, 66309284
39774, 39774, 0, 0, simple, 26062.450115084648, 116.71769797801971, 101730.615675, inf, 199.86934673366835, 483.95549134511447, 55726.814017, 25077.160595, 1.035781, 20925.605282, 0, 0, 0, 0, 15790279, 27259100, 15595866, 58645245, 25728.284059226513, 57.782556891441345, 118378.73021299999, inf, 401.75757575757575, 887.4872836295876, 96564.973012, 12284.686781, 0.296215, 9528.774205, 0, 0, 0, 0, 7835479, 46957733, 7695842, 62489054, 25479.269353806973, 29.303550839424133, 130937.428942, inf, 811.7142857142857, 1318.5555795363846, 119901.683494, 5878.422028, 0.079249, 5157.244171, 0, 0, 0, 0, 3858079, 58718101, 3730800, 66306980
39774, 39774, 0, 0, dp_1.000000, 26008.113172352314, 121.7311127781868, 93793.86784800001, inf, 199.86934673366835, 474.5874198823948, 50745.673632, 22647.563728, 1.277074, 20322.394882, 76.946048, 0.012484, 199, 0, 15790279, 26365620, 14898685, 57054584, 25749.88721138239, 60.703642547130585, 117028.83815099999, inf, 401.75757575757575, 915.2018388732354, 95944.983757, 11417.13311, 0.291857, 9591.782278, 74.641077, 0.006072, 99, 0, 7835479, 49430789, 7221803, 64488071, 25540.583821475506, 29.72284722328186, 135562.512414, inf, 811.7142857142857, 1417.0990632634123, 124859.250421, 5620.630836, 0.078327, 5007.32994, 75.219664, 0.003226, 49, 0, 3858079, 65322834, 3506767, 72687680
39774, 39774, 0, 0, dp_11.000000, 25981.340407967567, 94.95834839344025, 460478.6667049999, inf, 199.86934673366835, 474.5874198823948, 50745.673632, 250222.737634, 2.05853, 20322.394882, 138936.804062, 248.997965, 2189, 106.04764556884766, 15790279, 26365620, 243350833, 285506732, 25736.464090526104, 47.28052169084549, 306759.45707, inf, 401.75757575757575, 915.2018388732354, 95944.983757, 130649.203128, 0.353042, 9591.782278, 70543.783684, 29.351181, 1089, 69.6352767944336, 7835479, 49430789, 119116574, 176382842, 25533.352610886097, 22.491636633872986, 227051.24642600003, inf, 811.7142857142857, 1417.0990632634123, 124859.250421, 61848.558988, 0.082043, 5007.32994, 35332.445502, 3.579532, 539, 42.10930633544922, 3858079, 65322834, 56371693, 125552606
39774, 39774, 0, 0, dp_13.000000, 25978.501879632473, 92.1198200583458, 532205.5857520001, inf, 199.86934673366835, 474.5874198823948, 50745.673632, 297873.989077, 2.145885, 20322.394882, 162902.535849, 358.846427, 2587, 98.89177703857422, 15790279, 26365620, 289048397, 331204296, 25735.385539770126, 46.20197093486786, 344807.11865200003, inf, 401.75757575757575, 915.2018388732354, 95944.983757, 155283.814954, 0.365385, 9591.782278, 83944.782011, 41.390267, 1287, 66.8301010131836, 7835479, 49430789, 141502256, 198768524, 25532.572133898735, 21.711159646511078, 247696.63511499998, inf, 811.7142857142857, 1417.0990632634123, 124859.250421, 75395.50798, 0.098134, 5007.32994, 42429.315514, 5.133126, 637, 41.21286392211914, 3858079, 65322834, 67347889, 136528802
39774, 39774, 0, 0, dp_15.000000, 25976.690500617027, 90.30844104290009, 608729.412055, inf, 199.86934673366835, 474.5874198823948, 50745.673632, 343952.151924, 1.847614, 20322.394882, 193237.09327, 470.250733, 2985, 92.9566421508789, 15790279, 26365620, 334745961, 376901860, 25734.07260763645, 44.88903880119324, 385617.53891, inf, 401.75757575757575, 915.2018388732354, 95944.983757, 181924.478639, 0.356849, 9591.782278, 98099.975513, 55.961874, 1485, 64.37369537353516, 7835479, 49430789, 163887938, 221154206, 25532.028721749783, 21.167747497558594, 266449.92503600003, inf, 811.7142857142857, 1417.0990632634123, 124859.250421, 87248.190775, 0.096922, 5007.32994, 49328.340814, 6.716164, 735, 40.319908142089844, 3858079, 65322834, 78324085, 147504998
39774, 39774, 0, 0, dp_17.000000, 25975.012732625008, 88.63067305088043, 682622.42507, inf, 199.86934673366835, 474.5874198823948, 50745.673632, 394627.164584, 1.564394, 20322.394882, 216319.841258, 605.78632, 3383, 87.7494125366211, 15790279, 26365620, 380443525, 422599424, 25732.70029079914, 43.516721963882446, 422491.842473, inf, 401.75757575757575, 915.2018388732354, 95944.983757, 204291.579458, 0.35163, 9591.782278, 112590.430258, 72.715092, 1683, 62.10795211791992, 7835479, 49430789, 186273620, 243539888, 25531.84812426567, 20.987150013446808, 283197.710949, inf, 811.7142857142857, 1417.0990632634123, 124859.250421, 97002.563504, 0.099957, 5007.32994, 56319.405954, 9.061173, 833, 39.438255310058594, 3858079, 65322834, 89300281, 158481194
39774, 39774, 0, 0, dp_19.000000, 25972.729651927948, 86.3475923538208, 752947.830032, inf, 199.86934673366835, 474.5874198823948, 50745.673632, 437118.870337, 1.363026, 20322.394882, 243973.407391, 786.120764, 3781, 83.01840209960938, 15790279, 26365620, 426105417, 468261316, 25731.717864990234, 42.53429615497589, 458202.343923, inf, 401.75757575757575, 915.2018388732354, 95944.983757, 226312.451114, 0.503905, 9591.782278, 126260.687313, 91.935556, 1881, 60.0273323059082, 7835479, 49430789, 208659302, 265925570, 25531.341454565525, 20.480480313301086, 301800.883094, inf, 811.7142857142857, 1417.0990632634123, 124859.250421, 108921.109649, 0.094948, 5007.32994, 63002.055718, 11.042418, 931, 38.61205291748047, 3858079, 65322834, 100276477, 169457390
39774, 39774, 0, 0, dp_21.000000, 25972.18194001913, 85.79988044500351, 826959.380807, inf, 199.86934673366835, 474.5874198823948, 50745.673632, 478982.325707, 1.746786, 20322.394882, 275965.623113, 941.616687, 4179, 78.89652252197266, 15790279, 26365620, 471838653, 513994552, 25731.102616727352, 41.91904789209366, 498247.514936, inf, 401.75757575757575, 915.2018388732354, 95944.983757, 251722.968331, 0.355938, 9591.782278, 140874.191154, 113.233478, 2079, 58.27337646484375, 7835479, 49430789, 231011345, 288277613, 25530.05851984024, 19.19754558801651, 321224.207508, inf, 811.7142857142857, 1417.0990632634123, 124859.250421, 121326.225674, 0.099095, 5007.32994, 70017.595665, 13.706713, 1029, 37.94293212890625, 3858079, 65322834, 111252673, 180433586
39774, 39774, 0, 0, dp_23.000000, 25970.935403227806, 84.5533436536789, 906784.319333, inf, 199.86934673366835, 474.5874198823948, 50745.673632, 534070.947687, 1.317501, 20322.394882, 300517.181574, 1126.804057, 4577, 74.94354248046875, 15790279, 26365620, 517536217, 559692116, 25730.4201130867, 41.236544251441956, 535840.8054550001, inf, 401.75757575757575, 915.2018388732354, 95944.983757, 275456.509777, 0.289513, 9591.782278, 154710.557101, 136.683029, 2277, 56.528987884521484, 7835479, 49430789, 253430666, 310696934, 25529.87100368738, 19.010029435157776, 342203.407302, inf, 811.7142857142857, 1417.0990632634123, 124859.250421, 135255.344536, 0.097462, 5007.32994, 77065.364641, 16.020302, 1127, 37.274959564208984, 3858079, 65322834, 122228869, 191409782
39774, 39774, 0, 0, dp_25.000000, 25970.23818087578, 83.856121301651, 979454.927659, inf, 199.86934673366835, 474.5874198823948, 50745.673632, 581672.644553, 1.348549, 20322.394882, 325389.574592, 1323.291451, 4975, 71.1954574584961, 15790279, 26365620, 563233781, 605389680, 25729.75504398346, 40.57147514820099, 572353.8271829999, inf, 401.75757575757575, 915.2018388732354, 95944.983757, 298248.699609, 0.366177, 9591.782278, 168405.692604, 162.302758, 2475, 54.86417007446289, 7835479, 49430789, 275816348, 333082616, 25529.580978035927, 18.72000378370285, 359716.130219, inf, 811.7142857142857, 1417.0990632634123, 124859.250421, 145894.656922, 0.096731, 5007.32994, 83935.815842, 18.980363, 1225, 36.5308723449707, 3858079, 65322834, 133205065, 202385978
39774, 39774, 0, 0, dp_27.000000, 25969.25479441881, 82.8727348446846, 1065326.238435, inf, 199.86934673366835, 474.5874198823948, 50745.673632, 633573.435126, 1.346496, 20322.394882, 359138.089937, 1545.298362, 5373, 67.53326416015625, 15790279, 26365620, 608738185, 650894084, 25728.837162911892, 39.65359407663345, 615605.319281, inf, 401.75757575757575, 915.2018388732354, 95944.983757, 327613.538167, 0.351579, 9591.782278, 182265.338359, 189.325141, 2673, 53.384037017822266, 7835479, 49430789, 298168391, 355434659, 25529.41558045149, 18.554606199264526, 382563.175377, inf, 811.7142857142857, 1417.0990632634123, 124859.250421, 161630.369832, 0.096832, 5007.32994, 91043.912361, 22.215991, 1323, 36.10896682739258, 3858079, 65322834, 144181261, 213362174
39774, 39774, 0, 0, dp_29.000000, 25968.10297125578, 81.72091168165207, 1119252.5440589997, inf, 199.86934673366835, 474.5874198823948, 50745.673632, 659354.638054, 1.354139, 20322.394882, 387043.946158, 1784.537194, 5771, 64.03584289550781, 15790279, 26365620, 654435749, 696591648, 25728.033162772655, 38.849593937397, 643757.925615, inf, 401.75757575757575, 915.2018388732354, 95944.983757, 341339.866463, 0.340809, 9591.782278, 196661.853506, 219.098802, 2871, 51.77086639404297, 7835479, 49430789, 316382837, 373649105, 25529.07748514414, 18.216510891914368, 397186.87210100004, inf, 811.7142857142857, 1417.0990632634123, 124859.250421, 169436.777398, 0.092844, 5007.32994, 97857.69884, 25.722658, 1421, 35.42142868041992, 3858079, 65322834, 155157457, 224338370
39774, 39774, 0, 0, dp_3.000000, 25997.644469320774, 111.26240974664688, 165225.397538, inf, 199.86934673366835, 474.5874198823948, 50745.673632, 66010.148838, 1.567178, 20322.394882, 28131.987546, 13.625462, 597, 157.2019805908203, 15790279, 26365620, 60596249, 102752148, 25745.59912931919, 56.415560483932495, 154317.251766, inf, 401.75757575757575, 915.2018388732354, 95944.983757, 34457.625918, 0.299723, 9591.782278, 14320.577662, 1.982428, 297, 86.39063262939453, 7835479, 49430789, 29573846, 86840114, 25537.665208995342, 26.804234743118286, 154827.37193100003, inf, 811.7142857142857, 1417.0990632634123, 124859.250421, 18101.346947, 0.075251, 5007.32994, 6859.140202, 0.22917, 147, 46.59181213378906, 3858079, 65322834, 14482963, 83663876
39774, 39774, 0, 0, dp_31.000000, 25967.52717757225, 81.14511799812317, 1183828.9561380001, inf, 199.86934673366835, 474.5874198823948, 50745.673632, 705831.474567, 1.30078, 20322.394882, 404887.358284, 2040.753993, 6169, 60.85255432128906, 15790279, 26365620, 700133313, 742289212, 25727.134094297886, 37.95052546262741, 683589.527365, inf, 401.75757575757575, 915.2018388732354, 95944.983757, 371504.088245, 0.297487, 9591.782278, 206298.226031, 250.149567, 3069, 50.43198013305664, 7835479, 49430789, 338768519, 396034787, 25528.56802546978, 17.707051217556, 413131.07367599994, inf, 811.7142857142857, 1417.0990632634123, 124859.250421, 178174.691726, 0.09559, 5007.32994, 105060.266972, 29.439027, 1519, 35.05263137817383, 3858079, 65322834, 166133653, 235314566
39774, 39774, 0, 0, dp_33.000000, 25966.770850896835, 80.38879132270813, 1282208.107053, inf, 199.86934673366835, 474.5874198823948, 50745.673632, 770131.934972, 1.359719, 20322.394882, 438692.300619, 2314.443229, 6567, 57.8962287902832, 15790279, 26365620, 745795205, 787951104, 25726.91737949848, 37.73381066322327, 725903.558868, inf, 401.75757575757575, 915.2018388732354, 95944.983757, 397401.007547, 0.360386, 9591.782278, 222681.383201, 284.041699, 3267, 48.897438049316406, 7835479, 49430789, 361154201, 418420469, 25528.38724333048, 17.5262690782547, 433370.019923, inf, 811.7142857142857, 1417.0990632634123, 124859.250421, 191574.975607, 0.094958, 5007.32994, 111894.851612, 33.517385, 1617, 34.41747283935547, 3858079, 65322834, 177109849, 246290762
39774, 39774, 0, 0, dp_35.000000, 25966.20813548565, 79.82607591152191, 1363508.6989600002, inf, 199.86934673366835, 474.5874198823948, 50745.673632, 820186.373731, 1.324104, 20322.394882, 469647.840099, 2605.092512, 6965, 55.159751892089844, 15790279, 26365620, 791528441, 833684340, 25725.984363675117, 36.80079483985901, 762931.8441870001, inf, 401.75757575757575, 915.2018388732354, 95944.983757, 419228.637233, 0.360907, 9591.782278, 237846.052416, 320.027596, 3465, 47.617191314697266, 7835479, 49430789, 383539883, 440806151, 25528.15393960476, 17.292965352535248, 448928.088996, inf, 811.7142857142857, 1417.0990632634123, 124859.250421, 200428.058958, 0.097633, 5007.32994, 118595.498529, 37.853515, 1715, 34.01192855834961, 3858079, 65322834, 188086045, 257266958
39774, 39774, 0, 0, dp_37.000000, 25965.83014124632, 79.44808167219162, 1438179.404809, inf, 199.86934673366835, 474.5874198823948, 50745.673632, 864792.659993, 1.297363, 20322.394882, 499400.370892, 2917.008047, 7363, 52.533287048339844, 15790279, 26365620, 837226005, 879381904, 25726.400236666203, 37.21666783094406, 798207.918862, inf, 401.75757575757575, 915.2018388732354, 95944.983757, 443248.217506, 0.355216, 9591.782278, 249064.413434, 358.166671, 3663, 46.39583969116211, 7835479, 49430789, 405925565, 463191833, 25528.115478038788, 17.254503786563873, 471113.96011399996, inf, 811.7142857142857, 1417.0990632634123, 124859.250421, 215254.409857, 0.097593, 5007.32994, 125950.55419, 42.318113, 1813, 33.44331359863281, 3858079, 65322834, 199062241, 268243154
39774, 39774, 0, 0, dp_39.000000, 25965.674297094345, 79.2922375202179, 1513013.7019610002, inf, 199.86934673366835, 474.5874198823948, 50745.673632, 913399.782493, 1.329714, 20322.394882, 525305.356337, 3239.164903, 7761, 50.17832565307617, 15790279, 26365620, 882816553, 924972452, 25725.620780050755, 36.43721121549606, 838025.1714849999, inf, 401.75757575757575, 915.2018388732354, 95944.983757, 467317.127405, 0.360806, 9591.782278, 264772.883968, 398.033271, 3861, 45.07504653930664, 7835479, 49430789, 428311247, 485577515, 25527.991762638092, 17.130788385868073, 493716.317693, inf, 811.7142857142857, 1417.0990632634123, 124859.250421, 230802.180119, 0.098424, 5007.32994, 133000.334911, 47.123878, 1911, 33.14866638183594, 3858079, 65322834, 210038437, 279219350
39774, 39774, 0, 0, dp_5.000000, 25991.9867259264, 105.60466635227203, 237107.84137399998, inf, 199.86934673366835, 474.5874198823948, 50745.673632, 110526.401463, 1.57325, 20322.394882, 55466.929632, 44.868515, 995, 139.3596649169922, 15790279, 26365620, 106293813, 148449712, 25742.690895855427, 53.507327020168304, 190946.062795, inf, 401.75757575757575, 915.2018388732354, 95944.983757, 56761.68932, 0.361698, 9591.782278, 28641.831739, 5.414003, 495, 80.78933715820312, 7835479, 49430789, 51959528, 109225796, 25537.396504998207, 26.535530745983124, 171973.49029799996, inf, 811.7142857142857, 1417.0990632634123, 124859.250421, 28116.746849, 0.076824, 5007.32994, 13989.403454, 0.68281, 245, 45.27277374267578, 3858079, 65322834, 23443105, 92624018
39774, 39774, 0, 0, dp_7.000000, 25986.863557577133, 100.48149800300598, 317610.55923500005, inf, 199.86934673366835, 474.5874198823948, 50745.673632, 162502.239905, 2.133961, 20322.394882, 83936.734018, 101.382837, 1393, 125.70713806152344, 15790279, 26365620, 151955705, 194111604, 25740.489146113396, 51.30557727813721, 230231.31100800002, inf, 401.75757575757575, 915.2018388732354, 95944.983757, 81996.653438, 0.368171, 9591.782278, 42686.193728, 11.329636, 693, 76.53363037109375, 7835479, 49430789, 74345210, 131611478, 25535.722924232483, 24.86194998025894, 190827.772735, inf, 811.7142857142857, 1417.0990632634123, 124859.250421, 39796.251529, 0.084298, 5007.32994, 21163.457564, 1.398983, 343, 44.07805633544922, 3858079, 65322834, 34419301, 103600214
39774, 39774, 0, 0, dp_9.000000, 25984.32454365492, 97.94248408079147, 386398.616915, inf, 199.86934673366835, 474.5874198823948, 50745.673632, 202686.39975, 2.287139, 20322.394882, 112478.772384, 163.089128, 1791, 114.85497283935547, 15790279, 26365620, 197653269, 239809168, 25738.481892168522, 49.2983233332634, 268893.09936600004, inf, 401.75757575757575, 915.2018388732354, 95944.983757, 106729.403378, 0.364353, 9591.782278, 56607.103484, 19.462116, 891, 72.89698791503906, 7835479, 49430789, 96730892, 153997160, 25533.983052551746, 23.1220782995224, 209322.23213299995, inf, 811.7142857142857, 1417.0990632634123, 124859.250421, 51125.137929, 0.099417, 5007.32994, 28328.111678, 2.302748, 441, 42.94245147705078, 3858079, 65322834, 45395497, 114576410
39774, 39774, 0, 0, fixed_reps_1, 26008.113172352314, 121.7311127781868, 93877.58998900001, inf, 199.86934673366835, 474.5874198823948, 50745.673632, 22729.006833, 1.272496, 20322.394882, 79.242146, 0, 199, 194.91709899902344, 15790279, 26365620, 14898685, 57054584, 25749.88721138239, 60.703642547130585, 117020.848411, inf, 401.75757575757575, 915.2018388732354, 95944.983757, 11403.098456, 0.294412, 9591.782278, 80.689508, 0, 99, 97.89926147460938, 7835479, 49430789, 7221803, 64488071, 25540.583821475506, 29.72284722328186, 135411.587512, inf, 811.7142857142857, 1417.0990632634123, 124859.250421, 5466.098851, 0.080351, 5007.32994, 78.827949, 0, 49, 48.25883865356445, 3858079, 65322834, 3506767, 72687680
39774, 39774, 0, 0, fixed_reps_11, 25984.48537528515, 98.10331571102142, 347674.360993, inf, 199.86934673366835, 474.5874198823948, 50745.673632, 275757.518909, 1.265303, 20322.394882, 847.508267, 0, 2189, 160.8838348388672, 15790279, 26365620, 163883545, 206039444, 25737.41679662466, 48.23322778940201, 257773.06980599998, inf, 401.75757575757575, 915.2018388732354, 95944.983757, 151394.258756, 0.34636, 9591.782278, 841.698655, 0, 1089, 88.04786682128906, 7835479, 49430789, 79438843, 136705111, 25535.31130594015, 24.450331687927246, 207007.226077, inf, 811.7142857142857, 1417.0990632634123, 124859.250421, 76328.528819, 0.097213, 5007.32994, 812.019684, 0, 539, 45.9819221496582, 3858079, 65322834, 38573947, 107754860
39774, 39774, 0, 0, fixed_reps_13, 25981.714271843433, 95.33221226930618, 396080.661305, inf, 199.86934673366835, 474.5874198823948, 50745.673632, 324007.048465, 1.282214, 20322.394882, 1004.262112, 0, 2587, 152.92127990722656, 15790279, 26365620, 193680517, 235836416, 25736.274489343166, 47.09092050790787, 283221.86730199994, inf, 401.75757575757575, 915.2018388732354, 95944.983757, 176698.34857, 0.346239, 9591.782278, 986.406458, 0, 1287, 85.9889907836914, 7835479, 49430789, 93882251, 151148519, 25534.702558219433, 23.841583967208862, 220350.415564, inf, 811.7142857142857, 1417.0990632634123, 124859.250421, 89511.58378, 0.093245, 5007.32994, 972.158178, 0, 637, 45.7856559753418, 3858079, 65322834, 45587383, 114768296
39774, 39774, 0, 0, fixed_reps_15, 25979.20970952511, 92.82764995098114, 444724.40366999997, inf, 199.86934673366835, 474.5874198823948, 50745.673632, 372509.967615, 1.278367, 20322.394882, 1145.089174, 0, 2985, 147.83847045898438, 15790279, 26365620, 223477489, 265633388, 25735.190290272236, 46.00672143697739, 308605.05566799996, inf, 401.75757575757575, 915.2018388732354, 95944.983757, 201937.11977, 0.275666, 9591.782278, 1130.894197, 0, 1485, 85.35358428955078, 7835479, 49430789, 108325659, 165591927, 25534.048084914684, 23.187110662460327, 235402.110907, inf, 811.7142857142857, 1417.0990632634123, 124859.250421, 104411.58823, 0.095058, 5007.32994, 1123.847258, 0, 735, 45.567359924316406, 3858079, 65322834, 52600819, 121781732
39774, 39774, 0, 0, fixed_reps_17, 25977.48816984892, 91.10611027479172, 489318.484901, inf, 199.86934673366835, 474.5874198823948, 50745.673632, 416956.411774, 1.326969, 20322.394882, 1292.677644, 0, 3383, 142.21009826660156, 15790279, 26365620, 253274461, 295430360, 25733.57219451666, 44.3886256814003, 333867.32162699994, inf, 401.75757575757575, 915.2018388732354, 95944.983757, 227059.97204, 0.356979, 9591.782278, 1270.226573, 0, 1683, 83.85747528076172, 7835479, 49430789, 122769067, 180035335, 25533.52262198925, 22.661647737026215, 248205.063701, inf, 811.7142857142857, 1417.0990632634123, 124859.250421, 117069.192937, 0.09596, 5007.32994, 1269.194443, 0, 833, 45.39133071899414, 3858079, 65322834, 59614255, 128795168
39774, 39774, 0, 0, fixed_reps_19, 25975.90563249588, 89.52357292175293, 538012.763948, inf, 199.86934673366835, 474.5874198823948, 50745.673632, 465502.641881, 1.254563, 20322.394882, 1440.79899, 0, 3781, 137.0863037109375, 15790279, 26365620, 283071433, 325227332, 25732.461417257786, 43.27784842252731, 359001.564793, inf, 401.75757575757575, 915.2018388732354, 95944.983757, 252063.567497, 0.273583, 9591.782278, 1400.957678, 0, 1881, 82.50225067138672, 7835479, 49430789, 137212475, 194478743, 25533.4635207057, 22.602546453475952, 261269.35598599998, inf, 811.7142857142857, 1417.0990632634123, 124859.250421, 129993.609963, 0.09058, 5007.32994, 1409.075082, 0, 931, 45.22597122192383, 3858079, 65322834, 66627691, 135808604
39774, 39774, 0, 0, fixed_reps_21, 25974.44900316, 88.06694358587265, 592287.243654, inf, 199.86934673366835, 474.5874198823948, 50745.673632, 519621.636371, 1.424231, 20322.394882, 1596.114538, 0, 4179, 130.96270751953125, 15790279, 26365620, 312868405, 355024304, 25731.107728242874, 41.92415940761566, 383878.805512, inf, 401.75757575757575, 915.2018388732354, 95944.983757, 276802.823523, 0.343434, 9591.782278, 1538.87252, 0, 2079, 81.26478576660156, 7835479, 49430789, 151655883, 208922151, 25533.14010798931, 22.27913373708725, 274352.36057200003, inf, 811.7142857142857, 1417.0990632634123, 124859.250421, 142931.940481, 0.093966, 5007.32994, 1553.745764, 0, 1029, 45.01508712768555, 3858079, 65322834, 73641127, 142822040
39774, 39774, 0, 0, fixed_reps_23, 25973.67425572872, 87.29219615459442, 636741.543057, inf, 199.86934673366835, 474.5874198823948, 50745.673632, 563921.235528, 1.288206, 20322.394882, 1750.950809, 0, 4577, 126.43424224853516, 15790279, 26365620, 342665377, 384821276, 25731.006718158722, 41.82314932346344, 408408.789659, inf, 401.75757575757575, 915.2018388732354, 95944.983757, 301202.630239, 0.270918, 9591.782278, 1669.122467, 0, 2277, 80.06465911865234, 7835479, 49430789, 166099291, 223365559, 25532.98045885563, 22.119484603405, 287519.756398, inf, 811.7142857142857, 1417.0990632634123, 124859.250421, 155962.264406, 0.092143, 5007.32994, 1690.819488, 0, 1127, 44.84260559082031, 3858079, 65322834, 80654563, 149835476
39774, 39774, 0, 0, fixed_reps_25, 25972.889552235603, 86.50749266147614, 673316.7031500001, inf, 199.86934673366835, 474.5874198823948, 50745.673632, 600381.428783, 1.343129, 20322.394882, 1865.862724, 0, 4975, 123.36901092529297, 15790279, 26365620, 372462349, 414618248, 25731.006718158722, 41.82314932346344, 433432.73283100006, inf, 401.75757575757575, 915.2018388732354, 95944.983757, 326088.276758, 0.338876, 9591.782278, 1807.351162, 0, 2475, 79.50504302978516, 7835479, 49430789, 180542699, 237808967, 25532.33993589878, 21.478961646556854, 300161.85136399994, inf, 811.7142857142857, 1417.0990632634123, 124859.250421, 168466.367248, 0.094107, 5007.32994, 1828.809648, 0, 1225, 44.70991897583008, 3858079, 65322834, 87667999, 156848912
39774, 39774, 0, 0, fixed_reps_27, 25972.65859001875, 86.27653044462204, 717844.933767, inf, 199.86934673366835, 474.5874198823948, 50745.673632, 644757.825102, 1.316379, 20322.394882, 2017.723772, 0, 5373, 119.469970703125, 15790279, 26365620, 402259321, 444415220, 25729.80784857273, 40.624279737472534, 457472.47972199996, inf, 401.75757575757575, 915.2018388732354, 95944.983757, 349988.217965, 0.270347, 9591.782278, 1947.225375, 0, 2673, 77.94359588623047, 7835479, 49430789, 194986107, 252252375, 25531.801950216293, 20.940975964069366, 312490.241524, inf, 811.7142857142857, 1417.0990632634123, 124859.250421, 180665.355544, 0.094918, 5007.32994, 1958.210701, 0, 1323, 44.59996032714844, 3858079, 65322834, 94681435, 163862348
39774, 39774, 0, 0, fixed_reps_29, 25971.854069650173, 85.47201007604599, 764450.125121, inf, 199.86934673366835, 474.5874198823948, 50745.673632, 691223.069577, 1.314305, 20322.394882, 2157.672725, 0, 5771, 114.19051361083984, 15790279, 26365620, 432056293, 474212192, 25729.617808759212, 40.43423992395401, 477184.194667, inf, 401.75757575757575, 915.2018388732354, 95944.983757, 369568.130105, 0.361508, 9591.782278, 2078.937019, 0, 2871, 76.7772445678711, 7835479, 49430789, 209429515, 266695783, 25531.662960529327, 20.801986277103424, 325298.087799, inf, 811.7142857142857, 1417.0990632634123, 124859.250421, 193330.236149, 0.092394, 5007.32994, 2101.178895, 0, 1421, 44.44773864746094, 3858079, 65322834, 101694871, 170875784
39774, 39774, 0, 0, fixed_reps_3, 25998.16044574976, 111.77838617563248, 144176.98842799998, inf, 199.86934673366835, 474.5874198823948, 50745.673632, 72891.45734, 1.71156, 20322.394882, 215.751014, 0, 597, 184.77159118652344, 15790279, 26365620, 44695657, 86851556, 25743.892198860645, 54.70863002538681, 144062.21577, inf, 401.75757575757575, 915.2018388732354, 95944.983757, 38308.216054, 0.343174, 9591.782278, 216.890507, 0, 297, 95.77737426757812, 7835479, 49430789, 21665211, 78931479, 25537.36245316267, 26.501478910446167, 148968.00832, inf, 811.7142857142857, 1417.0990632634123, 124859.250421, 18897.232111, 0.081573, 5007.32994, 204.114275, 0, 147, 47.61379623413086, 3858079, 65322834, 10520203, 79701116
39774, 39774, 0, 0, fixed_reps_31, 25970.88331282139, 84.50125324726105, 807701.0322309999, inf, 199.86934673366835, 474.5874198823948, 50745.673632, 734326.610014, 1.290951, 20322.394882, 2305.062752, 0, 6169, 109.4937973022461, 15790279, 26365620, 461853265, 504009164, 25729.198011875153, 40.014443039894104, 506183.63740199996, inf, 401.75757575757575, 915.2018388732354, 95944.983757, 398440.666505, 0.283231, 9591.782278, 2205.921631, 0, 3069, 75.447509765625, 7835479, 49430789, 223872923, 281139191, 25530.787750303745, 19.9267760515213, 337632.047644, inf, 811.7142857142857, 1417.0990632634123, 124859.250421, 205541.30891, 0.098825, 5007.32994, 2224.059548, 0, 1519, 44.272342681884766, 3858079, 65322834, 108708307, 177889220
39774, 39774, 0, 0, fixed_reps_33, 25969.966626644135, 83.58456707000732, 853129.0474459999, inf, 199.86934673366835, 474.5874198823948, 50745.673632, 779611.070079, 1.293005, 20322.394882, 2448.615848, 0, 6567, 106.50410461425781, 15790279, 26365620, 491650237, 533806136, 25728.795617461205, 39.612048625946045, 530345.552439, inf, 401.75757575757575, 915.2018388732354, 95944.983757, 422467.920973, 0.345949, 9591.782278, 2340.519482, 0, 3267, 74.7095718383789, 7835479, 49430789, 238316331, 295582599, 25530.655644357204, 19.79467010498047, 350099.68857299996, inf, 811.7142857142857, 1417.0990632634123, 124859.250421, 217874.53085, 0.09076, 5007.32994, 2358.486602, 0, 1617, 44.12086868286133, 3858079, 65322834, 115721743, 184902656
39774, 39774, 0, 0, fixed_reps_35, 25969.851366877556, 83.46930730342865, 896385.1270379999, inf, 199.86934673366835, 474.5874198823948, 50745.673632, 822722.093682, 1.287224, 20322.394882, 2593.677618, 0, 6965, 104.88851928710938, 15790279, 26365620, 521447209, 563603108, 25728.125531971455, 38.94196313619614, 552929.891914, inf, 401.75757575757575, 915.2018388732354, 95944.983757, 444911.235225, 0.273042, 9591.782278, 2481.617612, 0, 3465, 73.54122924804688, 7835479, 49430789, 252759739, 310026007, 25530.655644357204, 19.79467010498047, 363086.107379, inf, 811.7142857142857, 1417.0990632634123, 124859.250421, 230720.934402, 0.094688, 5007.32994, 2498.497928, 0, 1715, 43.99491882324219, 3858079, 65322834, 122735179, 191916092
39774, 39774, 0, 0, fixed_reps_37, 25969.270796895027, 82.88873732089996, 943774.23556, inf, 199.86934673366835, 474.5874198823948, 50745.673632, 869973.869581, 1.515562, 20322.394882, 2730.781903, 0, 7363, 101.800537109375, 15790279, 26365620, 551244181, 593400080, 25728.04400229454, 38.86043345928192, 569845.801522, inf, 401.75757575757575, 915.2018388732354, 95944.983757, 461757.283682, 0.336932, 9591.782278, 2551.414873, 0, 3663, 71.82584381103516, 7835479, 49430789, 267203147, 324469415, 25530.405644357204, 19.54467010498047, 375688.21765, inf, 811.7142857142857, 1417.0990632634123, 124859.250421, 243193.12496, 0.093576, 5007.32994, 2628.418753, 0, 1813, 43.849647521972656, 3858079, 65322834, 129748615, 198929528
39774, 39774, 0, 0, fixed_reps_39, 25968.9838616848, 82.601802110672, 982443.9533410001, inf, 199.86934673366835, 474.5874198823948, 50745.673632, 908504.201296, 1.343129, 20322.394882, 2870.340402, 0, 7761, 100.57713317871094, 15790279, 26365620, 581041153, 623197052, 25727.574832618237, 38.39126378297806, 603324.204699, inf, 401.75757575757575, 915.2018388732354, 95944.983757, 495037.63404, 0.281768, 9591.782278, 2749.522856, 0, 3861, 71.3370361328125, 7835479, 49430789, 281646555, 338912823, 25530.058843016624, 19.197868764400482, 388407.06993100006, inf, 811.7142857142857, 1417.0990632634123, 124859.250421, 255773.405715, 0.094938, 5007.32994, 2766.988917, 0, 1911, 43.725582122802734, 3858079, 65322834, 136762051, 205942964
39774, 39774, 0, 0, fixed_reps_41, 25968.522027790546, 82.13996821641922, 1031904.247139, inf, 199.86934673366835, 474.5874198823948, 50745.673632, 957807.00127, 1.324173, 20322.394882, 3027.853182, 0, 8159, 97.78308868408203, 15790279, 26365620, 610838125, 652994024, 25726.956325232983, 37.77275639772415, 626890.916644, inf, 401.75757575757575, 915.2018388732354, 95944.983757, 518466.796031, 0.348213, 9591.782278, 2887.006365, 0, 4059, 70.6578369140625, 7835479, 49430789, 296089963, 353356231, 25529.8552390337, 18.994264781475067, 400607.30717399996, inf, 811.7142857142857, 1417.0990632634123, 124859.250421, 267836.214759, 0.093506, 5007.32994, 2904.418548, 0, 2009, 43.57516098022461, 3858079, 65322834, 143775487, 212956400
39774, 39774, 0, 0, fixed_reps_5, 25992.78761035204, 106.40555077791214, 198362.890636, inf, 199.86934673366835, 474.5874198823948, 50745.673632, 126916.667718, 2.545734, 20322.394882, 375.60867, 0, 995, 178.73300170898438, 15790279, 26365620, 74492629, 116648528, 25742.338074326515, 53.154505491256714, 172968.52296200002, inf, 401.75757575757575, 915.2018388732354, 95944.983757, 67062.968715, 0.358578, 9591.782278, 368.429634, 0, 495, 93.60161590576172, 7835479, 49430789, 36108619, 93374887, 25536.82395595312, 25.962981700897217, 164168.220222, inf, 811.7142857142857, 1417.0990632634123, 124859.250421, 33938.9602, 0.096431, 5007.32994, 362.58323, 0, 245, 46.85873794555664, 3858079, 65322834, 17533639, 86714552
39774, 39774, 0, 0, fixed_reps_7, 25989.032425522804, 102.65036594867706, 250715.30960399998, inf, 199.86934673366835, 474.5874198823948, 50745.673632, 179105.494652, 1.289608, 20322.394882, 540.45683, 0, 1393, 171.09645080566406, 15790279, 26365620, 104289601, 146445500, 25739.911186814308, 50.72761797904968, 203334.021364, inf, 401.75757575757575, 915.2018388732354, 95944.983757, 97263.567515, 0.355846, 9591.782278, 533.331968, 0, 693, 92.42280578613281, 7835479, 49430789, 50552027, 107818295, 25536.3633056283, 25.502331376075745, 179060.23011600002, inf, 811.7142857142857, 1417.0990632634123, 124859.250421, 48679.727139, 0.097573, 5007.32994, 513.825043, 0, 343, 46.44975662231445, 3858079, 65322834, 24547075, 93727988
39774, 39774, 0, 0, fixed_reps_9, 25987.02365207672, 100.641592502594, 299909.009693, inf, 199.86934673366835, 474.5874198823948, 50745.673632, 228135.488334, 1.276574, 20322.394882, 704.176271, 0, 1791, 164.8168182373047, 15790279, 26365620, 134086573, 176242472, 25738.991095602512, 49.807526767253876, 231488.910801, inf, 401.75757575757575, 915.2018388732354, 95944.983757, 125258.7221, 0.350895, 9591.782278, 693.071771, 0, 891, 91.43380737304688, 7835479, 49430789, 64995435, 122261703, 25535.44166725874, 24.580693006515503, 192908.638006, inf, 811.7142857142857, 1417.0990632634123, 124859.250421, 62378.909357, 0.094718, 5007.32994, 663.05357, 0, 441, 46.210872650146484, 3858079, 65322834, 31560511, 100741424
39774, 39774, 0, 0, greedy_1.000000, 26008.113172352314, 121.7311127781868, 93778.070692, inf, 199.86934673366835, 474.5874198823948, 50745.673632, 22631.750181, 1.296411, 20322.394882, 76.946048, 0.009538, 199, 194.91709899902344, 15790279, 26365620, 14898685, 57054584, 25749.88721138239, 60.703642547130585, 117021.51837399999, inf, 401.75757575757575, 915.2018388732354, 95944.983757, 11409.826919, 0.280356, 9591.782278, 74.641077, 0.003987, 99, 97.89926147460938, 7835479, 49430789, 7221803, 64488071, 25540.583821475506, 29.72284722328186, 135559.424243, inf, 811.7142857142857, 1417.0990632634123, 124859.250421, 5617.539679, 0.082565, 5007.32994, 75.219664, 0.001974, 49, 48.25883865356445, 3858079, 65322834, 3506767, 72687680
39774, 39774, 0, 0, greedy_11.000000, 25993.823468267918, 107.44140869379044, 392238.42374, inf, 199.86934673366835, 474.5874198823948, 50745.673632, 182231.098154, 1.744802, 20322.394882, 138936.804062, 0.708208, 2189, 177.1697540283203, 15790279, 26365620, 179504249, 221660148, 25742.391874849796, 53.20830601453781, 266108.19896600005, inf, 401.75757575757575, 915.2018388732354, 95944.983757, 90027.140744, 0.367519, 9591.782278, 70543.783684, 0.140984, 1089, 95.07426452636719, 7835479, 49430789, 85938879, 143205147, 25536.241395652294, 25.38042140007019, 203572.570012, inf, 811.7142857142857, 1417.0990632634123, 124859.250421, 38373.402413, 0.101581, 5007.32994, 35332.445502, 0.040155, 539, 47.72538757324219, 3858079, 65322834, 40882390, 110063303
39774, 39774, 0, 0, greedy_13.000000, 25992.809594333172, 106.42753475904465, 439189.673244, inf, 199.86934673366835, 474.5874198823948, 50745.673632, 205216.648933, 1.793965, 20322.394882, 162902.535849, 0.625983, 2587, 177.14230346679688, 15790279, 26365620, 209531757, 251687656, 25741.706723690033, 52.523154854774475, 293045.173495, inf, 401.75757575757575, 915.2018388732354, 95944.983757, 103563.094113, 0.36801, 9591.782278, 83944.782011, 0.163326, 1287, 95.05607604980469, 7835479, 49430789, 100474653, 157740921, 25536.094542443752, 25.23356819152832, 216623.207158, inf, 811.7142857142857, 1417.0990632634123, 124859.250421, 44327.164627, 0.100559, 5007.32994, 42429.315514, 0.046097, 637, 47.71525573730469, 3858079, 65322834, 47966908, 117147821
39774, 39774, 0, 0, greedy_15.000000, 25991.279642164707, 104.89758259057999, 495637.760853, inf, 199.86934673366835, 474.5874198823948, 50745.673632, 231329.179377, 2.707467, 20322.394882, 193237.09327, 0.712225, 2985, 177.12062072753906, 15790279, 26365620, 239559265, 281715164, 25741.066522479057, 51.88295364379883, 320164.964223, inf, 401.75757575757575, 915.2018388732354, 95944.983757, 116527.664037, 0.370675, 9591.782278, 98099.975513, 0.187963, 1485, 95.04774475097656, 7835479, 49430789, 115010427, 172276695, 25535.849746644497, 24.98877239227295, 229472.398487, inf, 811.7142857142857, 1417.0990632634123, 124859.250421, 50277.329595, 0.100077, 5007.32994, 49328.340814, 0.04764, 735, 47.70753479003906, 3858079, 65322834, 55051426, 124232339
39774, 39774, 0, 0, greedy_17.000000, 25989.624862134457, 103.24280256032944, 547382.108424, inf, 199.86934673366835, 474.5874198823948, 50745.673632, 259991.828397, 1.542202, 20322.394882, 216319.841258, 0.828053, 3383, 177.08348083496094, 15790279, 26365620, 269586773, 311742672, 25740.84864884615, 51.66508001089096, 349433.24627500004, inf, 401.75757575757575, 915.2018388732354, 95944.983757, 131305.471598, 0.365936, 9591.782278, 112590.430258, 0.212448, 1683, 95.03732299804688, 7835479, 49430789, 129546201, 186812469, 25535.723123311996, 24.86214905977249, 242571.58271199997, inf, 811.7142857142857, 1417.0990632634123, 124859.250421, 56385.430155, 0.105498, 5007.32994, 56319.405954, 0.060744, 833, 47.698875427246094, 3858079, 65322834, 62135944, 131316857
39774, 39774, 0, 0, greedy_19.000000, 25988.712893486023, 102.33083391189575, 598757.593258, inf, 199.86934673366835, 474.5874198823948, 50745.673632, 283713.384589, 1.379897, 20322.394882, 243973.407391, 1.352867, 3781, 177.0475311279297, 15790279, 26365620, 299614281, 341770180, 25740.753805935383, 51.57023710012436, 374905.557462, inf, 401.75757575757575, 915.2018388732354, 95944.983757, 143107.501334, 0.371797, 9591.782278, 126260.687313, 0.230983, 1881, 95.02880859375, 7835479, 49430789, 144081975, 201348243, 25535.67590111494, 24.814926862716675, 255676.90267300003, inf, 811.7142857142857, 1417.0990632634123, 124859.250421, 62808.104861, 0.098835, 5007.32994, 63002.055718, 0.062898, 931, 47.690391540527344, 3858079, 65322834, 69220462, 138401375
39774, 39774, 0, 0, greedy_21.000000, 25986.445446014404, 100.0633864402771, 649257.105606, inf, 199.86934673366835, 474.5874198823948, 50745.673632, 302220.813272, 1.566678, 20322.394882, 275965.623113, 1.034029, 4179, 176.98187255859375, 15790279, 26365620, 329641789, 371797688, 25739.92488193512, 50.741313099861145, 403661.46904700005, inf, 401.75757575757575, 915.2018388732354, 95944.983757, 157249.884882, 0.366457, 9591.782278, 140874.191154, 0.260519, 2079, 95.01798248291016, 7835479, 49430789, 158617749, 215884017, 25535.455831944942, 24.594857692718506, 268477.82116700005, inf, 811.7142857142857, 1417.0990632634123, 124859.250421, 68593.471646, 0.100358, 5007.32994, 70017.595665, 0.073137, 1029, 47.68372344970703, 3858079, 65322834, 76304980, 145485893
39774, 39774, 0, 0, greedy_23.000000, 25984.17765647173, 97.79559689760208, 699103.7244579999, inf, 199.86934673366835, 474.5874198823948, 50745.673632, 327515.842656, 1.414602, 20322.394882, 300517.181574, 1.217112, 4577, 176.70913696289062, 15790279, 26365620, 359669297, 401825196, 25739.25613939762, 50.07257056236267, 431390.137938, inf, 401.75757575757575, 915.2018388732354, 95944.983757, 171142.100161, 0.373501, 9591.782278, 154710.557101, 0.34114, 2277, 95.00607299804688, 7835479, 49430789, 173153523, 230419791, 25535.348689079285, 24.4877148270607, 281435.380076, inf, 811.7142857142857, 1417.0990632634123, 124859.250421, 74503.250678, 0.104987, 5007.32994, 77065.364641, 0.079409, 1127, 47.677978515625, 3858079, 65322834, 83389498, 152570411
39774, 39774, 0, 0, greedy_25.000000, 25983.866942167282, 97.48488259315491, 746415.305031, inf, 199.86934673366835, 474.5874198823948, 50745.673632, 349955.155103, 1.312642, 20322.394882, 325389.574592, 1.19418, 4975, 176.43641662597656, 15790279, 26365620, 389696805, 431852704, 25738.63128232956, 49.44771349430084, 456552.81679300003, inf, 401.75757575757575, 915.2018388732354, 95944.983757, 182609.659964, 0.373941, 9591.782278, 168405.692604, 0.324249, 2475, 95.00607299804688, 7835479, 49430789, 187689297, 244955565, 25535.348689079285, 24.4877148270607, 294841.409221, inf, 811.7142857142857, 1417.0990632634123, 124859.250421, 81038.829744, 0.102653, 5007.32994, 83935.815842, 0.080621, 1225, 47.671817779541016, 3858079, 65322834, 90474016, 159654929
39774, 39774, 0, 0, greedy_27.000000, 25983.866942167282, 97.48488259315491, 800700.0535250001, inf, 199.86934673366835, 474.5874198823948, 50745.673632, 370491.283538, 1.329873, 20322.394882, 359138.089937, 1.281663, 5373, 176.43641662597656, 15790279, 26365620, 419724313, 461880212, 25738.49509638548, 49.31152755022049, 484047.51505399996, inf, 401.75757575757575, 915.2018388732354, 95944.983757, 196244.70126, 0.373801, 9591.782278, 182265.338359, 0.335599, 2673, 94.992919921875, 7835479, 49430789, 202225071, 259491339, 25534.990103065968, 24.12912881374359, 308143.883883, inf, 811.7142857142857, 1417.0990632634123, 124859.250421, 87233.186027, 0.105177, 5007.32994, 91043.912361, 0.099957, 1323, 47.66520690917969, 3858079, 65322834, 97558534, 166739447
39774, 39774, 0, 0, greedy_29.000000, 25983.866942167282, 97.48488259315491, 840005.368192, inf, 199.86934673366835, 474.5874198823948, 50745.673632, 381890.666832, 1.305408, 20322.394882, 387043.946158, 1.38128, 5771, 176.43641662597656, 15790279, 26365620, 449751821, 491907720, 25738.387118458748, 49.20354962348938, 512327.63425199996, inf, 401.75757575757575, 915.2018388732354, 95944.983757, 210128.282798, 0.361829, 9591.782278, 196661.853506, 0.370084, 2871, 94.98335266113281, 7835479, 49430789, 216760845, 274027113, 25534.700204014778, 23.83922976255417, 321373.519138, inf, 811.7142857142857, 1417.0990632634123, 124859.250421, 93649.044772, 0.10149, 5007.32994, 97857.69884, 0.093675, 1421, 47.66288757324219, 3858079, 65322834, 104643052, 173823965
39774, 39774, 0, 0, greedy_3.000000, 26000.822828650475, 114.44076907634735, 171981.460134, inf, 199.86934673366835, 474.5874198823948, 50745.673632, 72779.917906, 1.361233, 20322.394882, 28131.987546, 0.124935, 597, 177.3594970703125, 15790279, 26365620, 59394217, 101550116, 25746.13254469633, 56.94897586107254, 156506.510278, inf, 401.75757575757575, 915.2018388732354, 95944.983757, 36648.751923, 0.377829, 9591.782278, 14320.577662, 0.036829, 297, 95.25607299804688, 7835479, 49430789, 27795783, 85062051, 25538.888550639153, 28.02757638692856, 153129.95006500004, inf, 811.7142857142857, 1417.0990632634123, 124859.250421, 16404.138211, 0.079479, 5007.32994, 6859.140202, 0.011812, 147, 47.85038757324219, 3858079, 65322834, 12544318, 81725231
39774, 39774, 0, 0, greedy_31.000000, 25983.866942167282, 97.48488259315491, 876566.683447, inf, 199.86934673366835, 474.5874198823948, 50745.673632, 400608.460325, 1.33837, 20322.394882, 404887.358284, 1.457954, 6169, 176.43641662597656, 15790279, 26365620, 479779329, 521935228, 25738.298229575157, 49.11466073989868, 533364.180198, inf, 401.75757575757575, 915.2018388732354, 95944.983757, 221528.428518, 0.37358, 9591.782278, 206298.226031, 0.386034, 3069, 94.97830200195312, 7835479, 49430789, 231296619, 288562887, 25534.618768572807, 23.757794320583344, 335254.28099, inf, 811.7142857142857, 1417.0990632634123, 124859.250421, 100327.236197, 0.100439, 5007.32994, 105060.266972, 0.097021, 1519, 47.650390625, 3858079, 65322834, 111727570, 180908483
39774, 39774, 0, 0, greedy_33.000000, 25983.866942167282, 97.48488259315491, 933962.439558, inf, 199.86934673366835, 474.5874198823948, 50745.673632, 424199.200804, 1.322119, 20322.394882, 438692.300619, 1.547502, 6567, 176.43641662597656, 15790279, 26365620, 509806837, 551962736, 25737.836717665195, 48.65314882993698, 563569.924899, inf, 401.75757575757575, 915.2018388732354, 95944.983757, 235350.982415, 0.378941, 9591.782278, 222681.383201, 0.414307, 3267, 94.97036743164062, 7835479, 49430789, 245832393, 303098661, 25534.523700237274, 23.6627259850502, 347793.646152, inf, 811.7142857142857, 1417.0990632634123, 124859.250421, 106031.978939, 0.100588, 5007.32994, 111894.851612, 0.134652, 1617, 47.650390625, 3858079, 65322834, 118812088, 187993001
39774, 39774, 0, 0, greedy_35.000000, 25983.866942167282, 97.48488259315491, 984496.636101, inf, 199.86934673366835, 474.5874198823948, 50745.673632, 443777.559447, 1.362746, 20322.394882, 469647.840099, 1.805295, 6965, 176.43641662597656, 15790279, 26365620, 539834345, 581990244, 25737.736717641354, 48.55314880609512, 590358.425236, inf, 401.75757575757575, 915.2018388732354, 95944.983757, 246974.791416, 0.375454, 9591.782278, 237846.052416, 0.439915, 3465, 94.95977783203125, 7835479, 49430789, 260368167, 317634435, 25534.453858852386, 23.592884600162506, 359792.201903, inf, 811.7142857142857, 1417.0990632634123, 124859.250421, 111329.911125, 0.099777, 5007.32994, 118595.498529, 0.112111, 1715, 47.650390625, 3858079, 65322834, 125896606, 195077519
39774, 39774, 0, 0, greedy_37.000000, 25983.866942167282, 97.48488259315491, 1032388.704606, inf, 199.86934673366835, 474.5874198823948, 50745.673632, 461917.129129, 1.374297, 20322.394882, 499400.370892, 1.761774, 7363, 176.43641662597656, 15790279, 26365620, 569861853, 612017752, 25737.477859139442, 48.29429030418396, 616280.7924459999, inf, 401.75757575757575, 915.2018388732354, 95944.983757, 261678.843023, 0.294843, 9591.782278, 249064.413434, 0.475111, 3663, 94.95172882080078, 7835479, 49430789, 274903941, 332170209, 25534.209811210632, 23.348836958408356, 373706.050559, inf, 811.7142857142857, 1417.0990632634123, 124859.250421, 117888.699703, 0.098374, 5007.32994, 125950.55419, 0.117931, 1813, 47.642059326171875, 3858079, 65322834, 132981124, 202162037
39774, 39774, 0, 0, greedy_39.000000, 25983.866942167282, 97.48488259315491, 1079119.2163250002, inf, 199.86934673366835, 474.5874198823948, 50745.673632, 482742.418549, 1.533326, 20322.394882, 525305.356337, 1.839599, 7761, 176.43641662597656, 15790279, 26365620, 599889361, 642045260, 25736.927477538586, 47.74390870332718, 642971.854069, inf, 401.75757575757575, 915.2018388732354, 95944.983757, 272661.322773, 0.375314, 9591.782278, 264772.883968, 0.505979, 3861, 94.94357299804688, 7835479, 49430789, 289439715, 346705983, 25534.209811210632, 23.348836958408356, 387316.079242, inf, 811.7142857142857, 1417.0990632634123, 124859.250421, 124448.942635, 0.103755, 5007.32994, 133000.334911, 0.11758, 1911, 47.639862060546875, 3858079, 65322834, 140065642, 209246555
39774, 39774, 0, 0, greedy_5.000000, 25998.971662700176, 112.58960312604904, 228617.772266, inf, 199.86934673366835, 474.5874198823948, 50745.673632, 102081.070706, 1.474946, 20322.394882, 55466.929632, 0.228468, 995, 177.25994873046875, 15790279, 26365620, 89421725, 131577624, 25745.22178030014, 56.0382114648819, 183049.70952399998, inf, 401.75757575757575, 915.2018388732354, 95944.983757, 48870.663489, 0.370194, 9591.782278, 28641.831739, 0.078067, 495, 95.138427734375, 7835479, 49430789, 42331557, 99597825, 25538.72996479273, 27.868990540504456, 164427.856229, inf, 811.7142857142857, 1417.0990632634123, 124859.250421, 20571.774039, 0.077976, 5007.32994, 13989.403454, 0.020399, 245, 47.78788757324219, 3858079, 65322834, 19628836, 88809749
39774, 39774, 0, 0, greedy_7.000000, 25997.434505045414, 111.05244547128677, 285270.185056, inf, 199.86934673366835, 474.5874198823948, 50745.673632, 130263.015174, 2.029616, 20322.394882, 83936.734018, 0.337734, 1393, 177.22213745117188, 15790279, 26365620, 119449233, 161605132, 25743.852763831615, 54.669194996356964, 210882.89251499998, inf, 401.75757575757575, 915.2018388732354, 95944.983757, 62659.543251, 0.299301, 9591.782278, 42686.193728, 0.0902, 693, 95.10792541503906, 7835479, 49430789, 56867331, 114133599, 25537.542560577393, 26.68158632516861, 177620.040469, inf, 811.7142857142857, 1417.0990632634123, 124859.250421, 26589.880345, 0.094838, 5007.32994, 21163.457564, 0.027361, 343, 47.759483337402344, 3858079, 65322834, 26713354, 95894267
39774, 39774, 0, 0, greedy_9.000000, 25995.21046090126, 108.82840132713318, 338196.270804, inf, 199.86934673366835, 474.5874198823948, 50745.673632, 154647.10154, 1.879304, 20322.394882, 112478.772384, 0.449062, 1791, 177.18641662597656, 15790279, 26365620, 149476741, 191632640, 25742.78184747696, 53.598278641700745, 239081.30127999999, inf, 401.75757575757575, 915.2018388732354, 95944.983757, 76936.943316, 0.366487, 9591.782278, 56607.103484, 0.121958, 891, 95.08940887451172, 7835479, 49430789, 71403105, 128669373, 25536.587484955788, 25.72651070356369, 190588.98783899995, inf, 811.7142857142857, 1417.0990632634123, 124859.250421, 32394.161408, 0.10111, 5007.32994, 28328.111678, 0.033282, 441, 47.739280700683594, 3858079, 65322834, 33797872, 102978785
39774, 39774, 0, 0, opt, 25956.45657557249, 70.0745159983635, 2507219.443857, inf, 199.86934673366835, 474.5874198823948, 50745.673632, 2436150.317489, 1.057854, 20322.394882, 0, 0, 0, 0, 15790279, 26365620, 1404477984, 1446633883, 25717.11999118328, 27.93642234802246, 2449503.481351, inf, 401.75757575757575, 915.2018388732354, 95944.983757, 2343966.363707, 0.351609, 9591.782278, 0, 0, 0, 0, 7835479, 49430789, 1333651794, 1390918062, 25520.34627175331, 9.485297501087189, 2393118.987134, inf, 811.7142857142857, 1417.0990632634123, 124859.250421, 2263252.334398, 0.072375, 5007.32994, 0, 0, 0, 0, 3858079, 65322834, 1291282587, 1360463500
39774, 39774, 0, 0, plus_edge, 26004.90742766857, 118.52536809444427, 94470.956428, inf, 199.86934673366835, 474.5874198823948, 50745.673632, 23401.810996, 1.076918, 20322.394882, 0, 0, 0, 0, 15790279, 26365620, 14897916, 57053815, 25748.181459248066, 58.997890412807465, 116693.858666, inf, 401.75757575757575, 915.2018388732354, 95944.983757, 11156.804871, 0.28776, 9591.782278, 0, 0, 0, 0, 7835479, 49430789, 7191534, 64457802, 25539.720286905766, 28.859312653541565, 135448.26449, inf, 811.7142857142857, 1417.0990632634123, 124859.250421, 5581.603408, 0.080721, 5007.32994, 0, 0, 0, 0, 3858079, 65322834, 3469248, 72650161
39774, 39774, 0, 0, simple, 26008.113172352314, 121.7311127781868, 94544.14681399999, inf, 199.86934673366835, 474.5874198823948, 50745.673632, 23475.052818, 1.025482, 20322.394882, 0, 0, 0, 0, 15790279, 26365620, 14858712, 57014611, 25749.88721138239, 60.703642547130585, 116671.220804, inf, 401.75757575757575, 915.2018388732354, 95944.983757, 11134.107508, 0.347261, 9591.782278, 0, 0, 0, 0, 7835479, 49430789, 7181930, 64448198, 25540.583821475506, 29.72284722328186, 135479.686905, inf, 811.7142857142857, 1417.0990632634123, 124859.250421, 5613.031052, 0.075492, 5007.32994, 0, 0, 0, 0, 3858079, 65322834, 3466944, 72647857
39774, 39774, 0, 0, dp_1.000000, 25950.550601422787, 123.42072826623917, 101470.55216500002, inf, 199.86934673366835, 498.93370020582995, 57549.303802, 23412.541378, 1.067692, 20428.138891, 79.488119, 0.012283, 199, 0, 15790279, 28723931, 15615841, 60130051, 25673.85254973173, 58.166337847709656, 143595.51219199997, inf, 401.75757575757575, 1019.3525484336437, 121896.330755, 12263.698946, 0.296165, 9356.17542, 79.005556, 0.00535, 99, 0, 7835479, 59404307, 7779815, 75019601, 25390.486138761044, 29.46629548072815, 171476.407106, inf, 811.7142857142857, 1623.691171500345, 160670.242049, 5910.127618, 0.077185, 4818.119011, 77.837937, 0.003306, 49, 0, 3858079, 80713814, 3787039, 88358932
39774, 39774, 0, 0, dp_11.000000, 25918.373610138893, 91.24373698234558, 474529.187461, inf, 199.86934673366835, 498.93370020582995, 57549.303802, 255253.779259, 1.371171, 20428.138891, 141047.574697, 249.019641, 2189, 107.43040466308594, 15790279, 28723931, 251311441, 295825651, 25658.222904622555, 42.53669273853302, 335971.257656, inf, 401.75757575757575, 1019.3525484336437, 121896.330755, 134255.960372, 0.374061, 9356.17542, 70433.14297, 29.274078, 1089, 70.53553771972656, 7835479, 59404307, 123500347, 190740133, 25383.21485453844, 22.195011258125305, 268790.249922, inf, 811.7142857142857, 1623.691171500345, 160670.242049, 67352.13672, 0.075051, 4818.119011, 35945.830557, 3.846534, 539, 37.03245162963867, 3858079, 80713814, 61529129, 146101022
39774, 39774, 0, 0, dp_13.000000, 25915.845465660095, 88.71559250354767, 552298.097768, inf, 199.86934673366835, 498.93370020582995, 57549.303802, 305797.000321, 1.307251, 20428.138891, 168164.959244, 357.388259, 2587, 100.08429718017578, 15790279, 28723931, 298450561, 342964771, 25656.92732322216, 41.24111133813858, 375491.00419999997, inf, 401.75757575757575, 1019.3525484336437, 121896.330755, 157833.044292, 0.366878, 9356.17542, 86363.559789, 41.527066, 1287, 67.9842758178711, 7835479, 59404307, 147013441, 214253227, 25382.497623085976, 21.477779805660248, 290205.09843899996, inf, 811.7142857142857, 1623.691171500345, 160670.242049, 80932.435006, 0.095369, 4818.119011, 43779.192, 5.015004, 637, 35.909976959228516, 3858079, 80713814, 73077547, 157649440
39774, 39774, 0, 0, dp_15.000000, 25912.882227420807, 85.75235426425934, 629302.375964, inf, 199.86934673366835, 498.93370020582995, 57549.303802, 352198.29951, 1.34327, 20428.138891, 198657.380844, 467.909647, 2985, 93.82417297363281, 15790279, 28723931, 345589681, 390103891, 25656.843196213245, 41.15698432922363, 415430.99100000004, inf, 401.75757575757575, 1019.3525484336437, 121896.330755, 185746.442719, 0.354224, 9356.17542, 98375.860422, 55.82746, 1485, 65.73043060302734, 7835479, 59404307, 170526535, 237766321, 25381.98175007105, 20.961906790733337, 310294.790876, inf, 811.7142857142857, 1623.691171500345, 160670.242049, 93764.179594, 0.096471, 4818.119011, 51035.116886, 7.036865, 735, 34.916419982910156, 3858079, 80713814, 84625965, 169197858
39774, 39774, 0, 0, dp_17.000000, 25910.96015918255, 83.83028602600098, 705363.452481, inf, 199.86934673366835, 498.93370020582995, 57549.303802, 401939.186001, 1.287795, 20428.138891, 224838.214778, 607.321214, 3383, 88.23999786376953, 15790279, 28723931, 392649547, 437163757, 25655.804518163204, 40.118306279182434, 458246.120289, inf, 401.75757575757575, 1019.3525484336437, 121896.330755, 212585.137037, 0.293441, 9356.17542, 114335.600046, 72.58359, 1683, 63.66734313964844, 7835479, 59404307, 194039629, 261279415, 25381.720821142197, 20.700977861881256, 326788.328899, inf, 811.7142857142857, 1623.691171500345, 160670.242049, 103653.918572, 0.096901, 4818.119011, 57636.929295, 9.023071, 833, 34.11252212524414, 3858079, 80713814, 96174383, 180746276
39774, 39774, 0, 0, dp_19.000000, 25908.341642022133, 81.21176886558533, 787329.158723, inf, 199.86934673366835, 498.93370020582995, 57549.303802, 455897.273129, 1.314054, 20428.138891, 252666.831811, 786.297036, 3781, 83.2332763671875, 15790279, 28723931, 439593472, 484107682, 25655.06846266985, 39.38225078582764, 498080.000335, inf, 401.75757575757575, 1019.3525484336437, 121896.330755, 237755.684105, 0.359454, 9356.17542, 128979.756867, 91.693734, 1881, 61.75760269165039, 7835479, 59404307, 217552723, 284792509, 25381.062294900417, 20.04245162010193, 349316.041535, inf, 811.7142857142857, 1623.691171500345, 160670.242049, 118439.568947, 0.095669, 4818.119011, 65377.133231, 10.882628, 931, 33.4678955078125, 3858079, 80713814, 107453322, 192025215
39774, 39774, 0, 0, dp_21.000000, 25906.66658103466, 79.5367078781128, 860547.075338, inf, 199.86934673366835, 498.93370020582995, 57549.303802, 500840.155438, 1.021446, 20428.138891, 280796.100868, 932.354893, 4179, 78.59951782226562, 15790279, 28723931, 486732592, 531246802, 25654.156342864037, 38.4701309800148, 539521.096951, inf, 401.75757575757575, 1019.3525484336437, 121896.330755, 264752.922811, 0.36239, 9356.17542, 143402.292708, 113.012867, 2079, 59.953208923339844, 7835479, 59404307, 241065817, 308305603, 25380.771385848522, 19.751542568206787, 366095.17031099997, inf, 811.7142857142857, 1623.691171500345, 160670.242049, 128910.621611, 0.074109, 4818.119011, 71682.608044, 13.505487, 1029, 32.61994552612305, 3858079, 80713814, 119117231, 203689124
39774, 39774, 0, 0, dp_23.000000, 25905.229474067688, 78.09960091114044, 933443.244576, inf, 199.86934673366835, 498.93370020582995, 57549.303802, 547522.586274, 1.093862, 20428.138891, 306813.968554, 1128.153193, 4577, 74.3360595703125, 15790279, 28723931, 533871712, 578385922, 25653.46648001671, 37.780268132686615, 578392.8338949999, inf, 401.75757575757575, 1019.3525484336437, 121896.330755, 289520.572012, 0.363441, 9356.17542, 157483.392416, 135.999851, 2277, 58.27040481567383, 7835479, 59404307, 264578911, 331818697, 25380.61364775896, 19.593804478645325, 384639.211462, inf, 811.7142857142857, 1623.691171500345, 160670.242049, 140368.781576, 0.094217, 4818.119011, 78765.95617, 16.018439, 1127, 31.876964569091797, 3858079, 80713814, 130665649, 215237542
39774, 39774, 0, 0, dp_25.000000, 25904.53219628334, 77.40232312679291, 1007933.757349, inf, 199.86934673366835, 498.93370020582995, 57549.303802, 601297.176233, 1.088902, 20428.138891, 327334.826328, 1323.223193, 4975, 70.31712341308594, 15790279, 28723931, 581010832, 625525042, 25652.431115746498, 36.74490386247635, 617437.595567, inf, 401.75757575757575, 1019.3525484336437, 121896.330755, 314856.682339, 0.357069, 9356.17542, 171165.785402, 162.264582, 2475, 56.54151153564453, 7835479, 59404307, 288092005, 355331791, 25380.025156199932, 19.0053129196167, 407877.775068, inf, 811.7142857142857, 1623.691171500345, 160670.242049, 156512.603391, 0.098164, 4818.119011, 85857.632273, 19.08018, 1225, 31.43328285217285, 3858079, 80713814, 142098576, 226670469
39774, 39774, 0, 0, dp_27.000000, 25903.773564338684, 76.64369118213654, 1092198.173627, inf, 199.86934673366835, 498.93370020582995, 57549.303802, 652764.141199, 1.046453, 20428.138891, 359910.724334, 1544.818948, 5373, 66.6517105102539, 15790279, 28723931, 628149952, 672664162, 25652.427327871323, 36.74111598730087, 654832.223058, inf, 401.75757575757575, 1019.3525484336437, 121896.330755, 338093.81117, 0.359775, 9356.17542, 185296.582646, 188.963292, 2673, 54.91064453125, 7835479, 59404307, 311605099, 378844885, 25379.164189875126, 18.144346594810486, 426433.259762, inf, 811.7142857142857, 1623.691171500345, 160670.242049, 167407.374788, 0.093745, 4818.119011, 93515.248555, 22.181614, 1323, 30.676660537719727, 3858079, 80713814, 153762485, 238334378
39774, 39774, 0, 0, dp_29.000000, 25903.338887929916, 76.20901477336884, 1174567.481667, inf, 199.86934673366835, 498.93370020582995, 57549.303802, 703701.388014, 1.250735, 20428.138891, 391102.867064, 1784.533161, 5771, 63.44438552856445, 15790279, 28723931, 675289072, 719803282, 25651.810525417328, 36.12431353330612, 697174.074804, inf, 401.75757575757575, 1019.3525484336437, 121896.330755, 366090.789602, 0.355667, 9356.17542, 199611.790554, 218.632806, 2871, 53.41753005981445, 7835479, 59404307, 335118193, 402357979, 25379.49912661314, 18.479283332824707, 445040.61134299997, inf, 811.7142857142857, 1623.691171500345, 160670.242049, 178878.736392, 0.096611, 4818.119011, 100647.69714, 25.72014, 1421, 30.16417694091797, 3858079, 80713814, 165464891, 250036784
39774, 39774, 0, 0, dp_3.000000, 25937.55859851837, 110.42872536182404, 175659.3094, inf, 199.86934673366835, 498.93370020582995, 57549.303802, 68873.051981, 1.02388, 20428.138891, 28794.11935, 13.671496, 597, 155.7568359375, 15790279, 28723931, 62754961, 107269171, 25669.29115742445, 53.60494554042816, 182570.735999, inf, 401.75757575757575, 1019.3525484336437, 121896.330755, 36347.190495, 0.361227, 9356.17542, 14969.094913, 1.583189, 297, 86.70557403564453, 7835479, 59404307, 31253655, 98493441, 25387.428653120995, 26.40880984067917, 190528.505579, inf, 811.7142857142857, 1623.691171500345, 160670.242049, 17826.3289, 0.081793, 4818.119011, 7213.517872, 0.215954, 147, 43.12713623046875, 3858079, 80713814, 15335457, 99907350
39774, 39774, 0, 0, dp_31.000000, 25902.855771124363, 75.7258979678154, 1250503.639905, inf, 199.86934673366835, 498.93370020582995, 57549.303802, 751387.886634, 1.049698, 20428.138891, 419097.259153, 2040.001727, 6169, 60.32828140258789, 15790279, 28723931, 722428192, 766942402, 25651.56037259102, 35.87416070699692, 737320.351903, inf, 401.75757575757575, 1019.3525484336437, 121896.330755, 391855.818165, 0.369683, 9356.17542, 213961.395149, 250.262731, 3069, 51.76240921020508, 7835479, 59404307, 358631287, 425871073, 25379.018042385578, 17.998199105262756, 468749.188294, inf, 811.7142857142857, 1623.691171500345, 160670.242049, 195604.029614, 0.095388, 4818.119011, 107627.241816, 29.460416, 1519, 29.60999298095703, 3858079, 80713814, 176743830, 261315723
39774, 39774, 0, 0, dp_33.000000, 25901.70137000084, 74.57149684429169, 1318518.9373859998, inf, 199.86934673366835, 498.93370020582995, 57549.303802, 789847.863593, 1.049097, 20428.138891, 448379.004495, 2313.577508, 6567, 57.393638610839844, 15790279, 28723931, 769567312, 814081522, 25650.87022191286, 35.18401002883911, 775956.91086, inf, 401.75757575757575, 1019.3525484336437, 121896.330755, 416387.611853, 0.354575, 9356.17542, 228032.878991, 283.559266, 3267, 50.339820861816406, 7835479, 59404307, 382144381, 449384167, 25379.410237669945, 18.390394389629364, 483892.90527799993, inf, 811.7142857142857, 1623.691171500345, 160670.242049, 203666.205218, 0.093175, 4818.119011, 114704.527894, 33.717931, 1617, 28.980730056762695, 3858079, 80713814, 188407739, 272979632
39774, 39774, 0, 0, dp_35.000000, 25900.22331738472, 73.0934442281723, 1405639.1756550001, inf, 199.86934673366835, 498.93370020582995, 57549.303802, 855030.659592, 1.067192, 20428.138891, 470023.506099, 2606.500079, 6965, 54.652095794677734, 15790279, 28723931, 816706432, 861220642, 25650.24181318283, 34.55560129880905, 817024.100589, inf, 401.75757575757575, 1019.3525484336437, 121896.330755, 443220.069869, 0.354915, 9356.17542, 242232.073753, 319.095877, 3465, 48.81205368041992, 7835479, 59404307, 405657475, 472897261, 25378.821746110916, 17.80190283060074, 503864.572579, inf, 811.7142857142857, 1623.691171500345, 160670.242049, 216542.166355, 0.09581, 4818.119011, 121795.969862, 37.979492, 1715, 28.578487396240234, 3858079, 80713814, 199340205, 283912098
39774, 39774, 0, 0, dp_37.000000, 25899.838855028152, 72.70898187160492, 1472638.516453, inf, 199.86934673366835, 498.93370020582995, 57549.303802, 886167.617419, 1.014673, 20428.138891, 505581.003879, 2911.437789, 7363, 52.00853729248047, 15790279, 28723931, 858419131, 902933341, 25649.07226508856, 33.38605320453644, 862249.434711, inf, 401.75757575757575, 1019.3525484336437, 121896.330755, 473644.677979, 0.352491, 9356.17542, 256994.371997, 357.526069, 3663, 47.546539306640625, 7835479, 59404307, 429170569, 496410355, 25379.183088362217, 18.16324508190155, 508933.13625399995, inf, 811.7142857142857, 1623.691171500345, 160670.242049, 217485.154886, 0.096781, 4818.119011, 125917.162578, 42.360949, 1813, 28.01644515991211, 3858079, 80713814, 203959163, 288531056
39774, 39774, 0, 0, dp_39.000000, 25899.427697122097, 72.29782396554947, 1564164.873807, inf, 199.86934673366835, 498.93370020582995, 57549.303802, 949036.130449, 1.25323, 20428.138891, 533911.357602, 3238.689833, 7761, 49.3967399597168, 15790279, 28723931, 905558251, 950072461, 25648.879083275795, 33.192871391773224, 893056.1655359999, inf, 401.75757575757575, 1019.3525484336437, 121896.330755, 490487.189027, 0.355887, 9356.17542, 270918.707655, 397.406792, 3861, 46.42342758178711, 7835479, 59404307, 452683663, 519923449, 25378.59459680319, 17.574753522872925, 535962.998827, inf, 811.7142857142857, 1623.691171500345, 160670.242049, 235233.365258, 0.098274, 4818.119011, 135193.931471, 47.242764, 1911, 27.618791580200195, 3858079, 80713814, 215507581, 300079474
39774, 39774, 0, 0, dp_5.000000, 25930.25964164734, 103.12976849079132, 248029.60337199998, inf, 199.86934673366835, 498.93370020582995, 57549.303802, 114091.820996, 1.30625, 20428.138891, 55914.716328, 44.317105, 995, 138.76046752929688, 15790279, 28723931, 109894081, 154408291, 25665.88478153944, 50.198569655418396, 222193.01809899998, inf, 401.75757575757575, 1019.3525484336437, 121896.330755, 61428.518702, 0.359404, 9356.17542, 29506.116151, 5.517667, 495, 81.52130889892578, 7835479, 59404307, 54766749, 122006535, 25385.340730130672, 24.320886850357056, 209790.35667599997, inf, 811.7142857142857, 1623.691171500345, 160670.242049, 29929.43597, 0.077646, 4818.119011, 14371.8156, 0.6664, 245, 40.99540328979492, 3858079, 80713814, 26883875, 111455768
39774, 39774, 0, 0, dp_7.000000, 25925.547472178936, 98.41759902238846, 326246.35688100004, inf, 199.86934673366835, 498.93370020582995, 57549.303802, 165102.901256, 1.281473, 20428.138891, 83063.458706, 101.272753, 1393, 125.87501525878906, 15790279, 28723931, 157033201, 201547411, 25663.039965867996, 47.35375398397446, 259117.33036899994, inf, 401.75757575757575, 1019.3525484336437, 121896.330755, 84297.578666, 0.373681, 9356.17542, 43555.313201, 11.558646, 693, 77.32245635986328, 7835479, 59404307, 76474159, 143713945, 25384.61674016714, 23.59689688682556, 230298.379804, inf, 811.7142857142857, 1623.691171500345, 160670.242049, 43322.230335, 0.093325, 4818.119011, 21486.333621, 1.361463, 343, 39.655635833740234, 3858079, 80713814, 38432293, 123004186
39774, 39774, 0, 0, dp_9.000000, 25921.675615549088, 94.54574239253998, 401643.37866600003, inf, 199.86934673366835, 498.93370020582995, 57549.303802, 210789.523202, 1.31209, 20428.138891, 112712.574041, 162.52664, 1791, 115.77978515625, 15790279, 28723931, 204172321, 248686531, 25660.692919135094, 45.00670725107193, 297227.2238, inf, 401.75757575757575, 1019.3525484336437, 121896.330755, 108121.277865, 0.369263, 9356.17542, 57833.814026, 19.256471, 891, 73.65577697753906, 7835479, 59404307, 99987253, 167227039, 25383.912436902523, 22.89259362220764, 248130.09334099997, inf, 811.7142857142857, 1623.691171500345, 160670.242049, 54214.742347, 0.094417, 4818.119011, 28424.442958, 2.452559, 441, 38.204105377197266, 3858079, 80713814, 49980711, 134552604
39774, 39774, 0, 0, fixed_reps_1, 25950.550601422787, 123.42072826623917, 102270.510597, inf, 199.86934673366835, 498.93370020582995, 57549.303802, 24196.952153, 1.004324, 20428.138891, 95.111427, 0, 199, 193.75595092773438, 15790279, 28723931, 15615841, 60130051, 25673.85254973173, 58.166337847709656, 143419.586162, inf, 401.75757575757575, 1019.3525484336437, 121896.330755, 12084.41859, 0.296616, 9356.17542, 82.364781, 0, 99, 97.88710021972656, 7835479, 59404307, 7779815, 75019601, 25390.486138761044, 29.46629548072815, 171588.885963, inf, 811.7142857142857, 1623.691171500345, 160670.242049, 6016.062088, 0.078117, 4818.119011, 84.384698, 0, 49, 48.232749938964844, 3858079, 80713814, 3787039, 88358932
39774, 39774, 0, 0, fixed_reps_11, 25923.306719958782, 96.17684680223465, 376096.025762, inf, 199.86934673366835, 498.93370020582995, 57549.303802, 297247.817679, 1.188819, 20428.138891, 869.576571, 0, 2189, 157.9891357421875, 15790279, 28723931, 171772261, 216286471, 25660.039921283722, 44.353709399700165, 289041.8037219999, inf, 401.75757575757575, 1019.3525484336437, 121896.330755, 156944.898437, 0.354014, 9356.17542, 844.045096, 0, 1089, 88.30010223388672, 7835479, 59404307, 85576975, 152816761, 25384.223879635334, 23.204036355018616, 249560.366651, inf, 811.7142857142857, 1623.691171500345, 160670.242049, 83184.341319, 0.092603, 4818.119011, 887.571669, 0, 539, 43.80241394042969, 3858079, 80713814, 41656939, 126228832
39774, 39774, 0, 0, fixed_reps_13, 25921.50604081154, 94.37616765499115, 423541.119182, inf, 199.86934673366835, 498.93370020582995, 57549.303802, 344526.114544, 1.05592, 20428.138891, 1036.506025, 0, 2587, 151.75857543945312, 15790279, 28723931, 203003545, 247517755, 25659.046362698078, 43.3601508140564, 316556.08983, inf, 401.75757575757575, 1019.3525484336437, 121896.330755, 184295.383139, 0.353973, 9356.17542, 1007.846543, 0, 1287, 86.88566589355469, 7835479, 59404307, 101136407, 168376193, 25383.92234504223, 22.9025017619133, 263392.835176, inf, 811.7142857142857, 1623.691171500345, 160670.242049, 96862.911495, 0.092063, 4818.119011, 1041.470558, 0, 637, 42.80301284790039, 3858079, 80713814, 49230919, 133802812
39774, 39774, 0, 0, fixed_reps_15, 25919.669628739357, 92.53975558280945, 482324.688426, inf, 199.86934673366835, 498.93370020582995, 57549.303802, 403189.305659, 1.220579, 20428.138891, 1156.719495, 0, 2985, 146.43833923339844, 15790279, 28723931, 234234829, 278749039, 25658.656331181526, 42.970119297504425, 343038.7085659999, inf, 401.75757575757575, 1019.3525484336437, 121896.330755, 210615.874355, 0.347041, 9356.17542, 1169.980995, 0, 1485, 85.50669860839844, 7835479, 59404307, 116695839, 183935625, 25383.107236802578, 22.087393522262573, 277551.871647, inf, 811.7142857142857, 1623.691171500345, 160670.242049, 110879.577537, 0.093996, 4818.119011, 1183.839054, 0, 735, 42.554298400878906, 3858079, 80713814, 56804899, 141376792
39774, 39774, 0, 0, fixed_reps_17, 25918.0911282897, 90.96125513315201, 519183.38622100005, inf, 199.86934673366835, 498.93370020582995, 57549.303802, 439874.768945, 1.228775, 20428.138891, 1329.945808, 0, 3383, 143.08863830566406, 15790279, 28723931, 265466113, 309980323, 25658.31762498617, 42.63141310214996, 369438.78998999996, inf, 401.75757575757575, 1019.3525484336437, 121896.330755, 236874.281971, 0.342251, 9356.17542, 1311.659593, 0, 1683, 84.2320785522461, 7835479, 59404307, 132255271, 199495057, 25382.8588449955, 21.839001715183258, 288107.059194, inf, 811.7142857142857, 1623.691171500345, 160670.242049, 121301.429577, 0.089107, 4818.119011, 1317.17945, 0, 833, 42.371116638183594, 3858079, 80713814, 64378879, 148950772
39774, 39774, 0, 0, fixed_reps_19, 25917.10616827011, 89.97629511356354, 567706.424628, inf, 199.86934673366835, 498.93370020582995, 57549.303802, 488245.225967, 1.094913, 20428.138891, 1482.661055, 0, 3781, 137.19216918945312, 15790279, 28723931, 296697397, 341211607, 25657.06567299366, 41.379461109638214, 395627.97419700003, inf, 401.75757575757575, 1019.3525484336437, 121896.330755, 262912.26497, 0.337944, 9356.17542, 1462.865108, 0, 1881, 83.66804504394531, 7835479, 59404307, 147814703, 215054489, 25381.96126961708, 20.94142633676529, 301009.175714, inf, 811.7142857142857, 1623.691171500345, 160670.242049, 134070.588728, 0.092633, 4818.119011, 1450.133293, 0, 931, 42.14970779418945, 3858079, 80713814, 71952859, 156524752
39774, 39774, 0, 0, fixed_reps_21, 25916.26420265436, 89.13432949781418, 617423.786234, inf, 199.86934673366835, 498.93370020582995, 57549.303802, 537801.480664, 1.260273, 20428.138891, 1643.602604, 0, 4179, 133.0025177001953, 15790279, 28723931, 327928681, 372442891, 25656.726567626, 41.04035574197769, 421160.261619, inf, 401.75757575757575, 1019.3525484336437, 121896.330755, 288304.303093, 0.347922, 9356.17542, 1603.104429, 0, 2079, 82.98345184326172, 7835479, 59404307, 163374135, 230613921, 25381.96126961708, 20.94142633676529, 314156.329081, inf, 811.7142857142857, 1623.691171500345, 160670.242049, 147077.258763, 0.093205, 4818.119011, 1590.616053, 0, 1029, 41.924495697021484, 3858079, 80713814, 79526839, 164098732
39774, 39774, 0, 0, fixed_reps_23, 25914.49428087473, 87.36440771818161, 675299.728266, inf, 199.86934673366835, 498.93370020582995, 57549.303802, 595487.732678, 1.07739, 20428.138891, 1833.475505, 0, 4577, 129.09361267089844, 15790279, 28723931, 359159965, 403674175, 25656.55611306429, 40.869901180267334, 446852.69159799995, inf, 401.75757575757575, 1019.3525484336437, 121896.330755, 313857.471269, 0.351078, 9356.17542, 1742.363076, 0, 2277, 81.93272399902344, 7835479, 59404307, 178933567, 246173353, 25381.633655190468, 20.613811910152435, 325162.96100099996, inf, 811.7142857142857, 1623.691171500345, 160670.242049, 157944.741019, 0.092303, 4818.119011, 1729.766619, 0, 1127, 41.62105178833008, 3858079, 80713814, 87100819, 171672712
39774, 39774, 0, 0, fixed_reps_25, 25913.037407696247, 85.90753453969955, 715723.927901, inf, 199.86934673366835, 498.93370020582995, 57549.303802, 635771.147139, 1.229907, 20428.138891, 1974.108162, 0, 4975, 124.7027359008789, 15790279, 28723931, 390391249, 434905459, 25656.245490431786, 40.559278547763824, 472355.48147400003, inf, 401.75757575757575, 1019.3525484336437, 121896.330755, 339223.665061, 0.349716, 9356.17542, 1878.960522, 0, 2475, 80.5140609741211, 7835479, 59404307, 194492999, 261732785, 25381.03241622448, 20.012572944164276, 337922.801364, inf, 811.7142857142857, 1623.691171500345, 160670.242049, 170571.384075, 0.088496, 4818.119011, 1862.967733, 0, 1225, 41.362403869628906, 3858079, 80713814, 94674799, 179246692
39774, 39774, 0, 0, fixed_reps_27, 25911.90997070074, 84.78009754419327, 766240.438493, inf, 199.86934673366835, 498.93370020582995, 57549.303802, 686151.320483, 1.104862, 20428.138891, 2110.570455, 0, 5373, 120.39640045166016, 15790279, 28723931, 421622533, 466136743, 25655.962950706482, 40.276738822460175, 498812.99809, inf, 401.75757575757575, 1019.3525484336437, 121896.330755, 365523.153776, 0.351769, 9356.17542, 2036.98637, 0, 2673, 79.76386260986328, 7835479, 59404307, 210052431, 277292217, 25380.98696166277, 19.96711838245392, 349920.823301, inf, 811.7142857142857, 1623.691171500345, 160670.242049, 182427.949117, 0.092012, 4818.119011, 2004.421112, 0, 1323, 40.67752456665039, 3858079, 80713814, 102248779, 186820672
39774, 39774, 0, 0, fixed_reps_29, 25910.75169032812, 83.62181717157364, 797954.88081, inf, 199.86934673366835, 498.93370020582995, 57549.303802, 717720.988313, 1.087028, 20428.138891, 2255.362776, 0, 5771, 116.86355590820312, 15790279, 28723931, 452853817, 497368027, 25655.30322855711, 39.617016673088074, 524835.127344, inf, 401.75757575757575, 1019.3525484336437, 121896.330755, 391392.852552, 0.343374, 9356.17542, 2189.425243, 0, 2871, 78.43852996826172, 7835479, 59404307, 225611863, 292851649, 25380.953628361225, 19.93378508090973, 361869.720375, inf, 811.7142857142857, 1623.691171500345, 160670.242049, 194227.64312, 0.089759, 4818.119011, 2153.626436, 0, 1421, 40.442222595214844, 3858079, 80713814, 109822759, 194394652
39774, 39774, 0, 0, fixed_reps_3, 25937.573630273342, 110.44375711679459, 152756.78594200002, inf, 199.86934673366835, 498.93370020582995, 57549.303802, 74572.776537, 1.080145, 20428.138891, 205.486567, 0, 597, 184.29019165039062, 15790279, 28723931, 46847125, 91361335, 25667.175503075123, 51.489291191101074, 171923.599576, inf, 401.75757575757575, 1019.3525484336437, 121896.330755, 40458.176279, 0.307005, 9356.17542, 212.610117, 0, 297, 95.63353729248047, 7835479, 59404307, 23339247, 90579033, 25387.206843674183, 26.187000393867493, 186347.26470099998, inf, 811.7142857142857, 1623.691171500345, 160670.242049, 20617.717561, 0.078507, 4818.119011, 241.107573, 0, 147, 47.410682678222656, 3858079, 80713814, 11361019, 95932912
39774, 39774, 0, 0, fixed_reps_31, 25909.95827537775, 82.82840222120285, 839092.2694999999, inf, 199.86934673366835, 498.93370020582995, 57549.303802, 758774.868801, 1.063054, 20428.138891, 2338.894952, 0, 6169, 112.36540222167969, 15790279, 28723931, 484085101, 528599311, 25654.825234413147, 39.139022529125214, 550008.549606, inf, 401.75757575757575, 1019.3525484336437, 121896.330755, 416407.631687, 0.350427, 9356.17542, 2348.061317, 0, 3069, 77.34058380126953, 7835479, 59404307, 241171295, 308411081, 25380.774380028248, 19.754536747932434, 374621.93475899997, inf, 811.7142857142857, 1623.691171500345, 160670.242049, 206857.979835, 0.091591, 4818.119011, 2275.502273, 0, 1519, 40.277645111083984, 3858079, 80713814, 117396739, 201968632
39774, 39774, 0, 0, fixed_reps_33, 25908.75685787201, 81.62698471546173, 883551.8537539999, inf, 199.86934673366835, 498.93370020582995, 57549.303802, 803088.865059, 1.095244, 20428.138891, 2484.450758, 0, 6567, 109.22137451171875, 15790279, 28723931, 515316385, 559830595, 25654.09099918604, 38.40478730201721, 575498.639472, inf, 401.75757575757575, 1019.3525484336437, 121896.330755, 441751.953776, 0.342232, 9356.17542, 2493.837289, 0, 3267, 75.6961898803711, 7835479, 59404307, 256730727, 323970513, 25380.443030834198, 19.4231875538826, 386653.724287, inf, 811.7142857142857, 1623.691171500345, 160670.242049, 218762.028048, 0.089558, 4818.119011, 2403.245621, 0, 1617, 39.42299270629883, 3858079, 80713814, 124970719, 209542612
39774, 39774, 0, 0, fixed_reps_35, 25908.467247486115, 81.33737432956696, 927695.927106, inf, 199.86934673366835, 498.93370020582995, 57549.303802, 847081.996227, 1.030733, 20428.138891, 2635.457453, 0, 6965, 107.131591796875, 15790279, 28723931, 546547669, 591061879, 25653.862602591515, 38.17639070749283, 601526.76686, inf, 401.75757575757575, 1019.3525484336437, 121896.330755, 467627.591984, 0.34629, 9356.17542, 2646.322411, 0, 3465, 74.87217712402344, 7835479, 59404307, 272290159, 339529945, 25380.35649240017, 19.336649119853973, 398557.584255, inf, 811.7142857142857, 1623.691171500345, 160670.242049, 230535.615399, 0.086302, 4818.119011, 2533.521494, 0, 1715, 39.254459381103516, 3858079, 80713814, 132544699, 217116592
39774, 39774, 0, 0, fixed_reps_37, 25907.59363812208, 80.46376496553421, 981541.474909, inf, 199.86934673366835, 498.93370020582995, 57549.303802, 900784.690755, 1.066219, 20428.138891, 2778.275242, 0, 7363, 104.73198699951172, 15790279, 28723931, 577778953, 622293163, 25653.56815814972, 37.88194626569748, 639006.008706, inf, 401.75757575757575, 1019.3525484336437, 121896.330755, 504950.997236, 0.34663, 9356.17542, 2802.158665, 0, 3663, 73.51347351074219, 7835479, 59404307, 287849591, 355089377, 25379.918010890484, 18.898167610168457, 410773.70679, inf, 811.7142857142857, 1623.691171500345, 160670.242049, 242610.829907, 0.088385, 4818.119011, 2674.427438, 0, 1813, 39.053707122802734, 3858079, 80713814, 140118679, 224690572
39774, 39774, 0, 0, fixed_reps_39, 25907.107921779156, 79.97804862260818, 1025041.692744, inf, 199.86934673366835, 498.93370020582995, 57549.303802, 944131.91284, 1.059447, 20428.138891, 2931.277764, 0, 7761, 102.74217987060547, 15790279, 28723931, 609010237, 653524447, 25653.108742654324, 37.42253077030182, 665575.251365, inf, 401.75757575757575, 1019.3525484336437, 121896.330755, 531298.416577, 0.348684, 9356.17542, 3023.979929, 0, 3861, 72.52058410644531, 7835479, 59404307, 303409023, 370648809, 25379.891867101192, 18.872023820877075, 424107.08650100004, inf, 811.7142857142857, 1623.691171500345, 160670.242049, 255782.789475, 0.089127, 4818.119011, 2835.846839, 0, 1911, 38.86747360229492, 3858079, 80713814, 147692659, 232264552
39774, 39774, 0, 0, fixed_reps_41, 25906.555739223957, 79.42586606740952, 1073511.8009900001, inf, 199.86934673366835, 498.93370020582995, 57549.303802, 992416.571096, 0.976641, 20428.138891, 3116.81056, 0, 8159, 99.47407531738281, 15790279, 28723931, 640241521, 684755731, 25652.50877547264, 36.82256358861923, 691273.1804429999, inf, 401.75757575757575, 1019.3525484336437, 121896.330755, 556853.562402, 0.339867, 9356.17542, 3166.771999, 0, 4059, 71.3404312133789, 7835479, 59404307, 318968455, 386208241, 25379.82912194729, 18.809278666973114, 436220.920684, inf, 811.7142857142857, 1623.691171500345, 160670.242049, 267758.302982, 0.086973, 4818.119011, 2974.169669, 0, 2009, 38.426612854003906, 3858079, 80713814, 155266639, 239838532
39774, 39774, 0, 0, fixed_reps_5, 25932.846691012383, 105.71681785583496, 208304.339832, inf, 199.86934673366835, 498.93370020582995, 57549.303802, 129964.012052, 0.997711, 20428.138891, 361.887376, 0, 995, 176.3311004638672, 15790279, 28723931, 78078409, 122592619, 25664.00359261036, 48.31738072633743, 202015.639509, inf, 401.75757575757575, 1019.3525484336437, 121896.330755, 70385.71528, 0.3572, 9356.17542, 377.060854, 0, 495, 92.01632690429688, 7835479, 59404307, 38898679, 106138465, 25386.389798402786, 25.369955122470856, 202144.504325, inf, 811.7142857142857, 1623.691171500345, 160670.242049, 36254.601677, 0.092944, 4818.119011, 401.448644, 0, 245, 45.79685974121094, 3858079, 80713814, 18934999, 103506892
39774, 39774, 0, 0, fixed_reps_7, 25927.520901978016, 100.39102882146835, 261713.45521699998, inf, 199.86934673366835, 498.93370020582995, 57549.303802, 183194.538561, 1.068293, 20428.138891, 540.40567, 0, 1393, 171.31483459472656, 15790279, 28723931, 109309693, 153823903, 25662.81297892332, 47.12676703929901, 233103.52503699998, inf, 401.75757575757575, 1019.3525484336437, 121896.330755, 101303.876564, 0.355507, 9356.17542, 546.786791, 0, 693, 90.0203628540039, 7835479, 59404307, 54458111, 121697897, 25385.07639092207, 24.05654764175415, 218682.37270299997, inf, 811.7142857142857, 1623.691171500345, 160670.242049, 52623.812969, 0.093095, 4818.119011, 570.105579, 0, 343, 45.258480072021484, 3858079, 80713814, 26508979, 111080872
39774, 39774, 0, 0, fixed_reps_9, 25924.757640957832, 97.62776780128479, 314510.69031599996, inf, 199.86934673366835, 498.93370020582995, 57549.303802, 235833.798186, 1.043136, 20428.138891, 698.406301, 0, 1791, 164.66908264160156, 15790279, 28723931, 140540977, 185055187, 25661.068344831467, 45.382132947444916, 261745.014741, inf, 401.75757575757575, 1019.3525484336437, 121896.330755, 129788.982318, 0.353313, 9356.17542, 703.172935, 0, 891, 89.10273742675781, 7835479, 59404307, 70017543, 137257329, 25384.767637193203, 23.747793912887573, 234062.606066, inf, 811.7142857142857, 1623.691171500345, 160670.242049, 67840.620308, 0.092984, 4818.119011, 733.531714, 0, 441, 44.81214904785156, 3858079, 80713814, 34082959, 118654852
39774, 39774, 0, 0, greedy_1.000000, 25950.550601422787, 123.42072826623917, 101870.07839000001, inf, 199.86934673366835, 498.93370020582995, 57549.303802, 23812.121394, 1.016846, 20428.138891, 79.488119, 0.009338, 199, 193.75595092773438, 15790279, 28723931, 15615841, 60130051, 25673.85254973173, 58.166337847709656, 143584.26570099997, inf, 401.75757575757575, 1019.3525484336437, 121896.330755, 12252.453247, 0.296165, 9356.17542, 79.005556, 0.004558, 99, 97.88710021972656, 7835479, 59404307, 7779815, 75019601, 25390.486138761044, 29.46629548072815, 171459.80482299998, inf, 811.7142857142857, 1623.691171500345, 160670.242049, 5893.529633, 0.073999, 4818.119011, 77.837937, 0.002194, 49, 48.232749938964844, 3858079, 80713814, 3787039, 88358932
39774, 39774, 0, 0, greedy_11.000000, 25938.423818469048, 111.2939453125, 380339.18075, inf, 199.86934673366835, 498.93370020582995, 57549.303802, 161312.015172, 1.468193, 20428.138891, 141047.574697, 0.679995, 2189, 175.3565673828125, 15790279, 28723931, 185803999, 230318209, 25666.86720150709, 51.18098962306976, 284650.6139419999, inf, 401.75757575757575, 1019.3525484336437, 121896.330755, 82964.470019, 0.354976, 9356.17542, 70433.14297, 0.139802, 1089, 92.6480484008789, 7835479, 59404307, 90745752, 157985538, 25386.52372097969, 25.503877699375153, 244352.790736, inf, 811.7142857142857, 1623.691171500345, 160670.242049, 42918.464186, 0.093045, 4818.119011, 35945.830557, 0.041888, 539, 45.60291290283203, 3858079, 80713814, 45265859, 129837752
39774, 39774, 0, 0, greedy_13.000000, 25938.423818469048, 111.2939453125, 434616.413641, inf, 199.86934673366835, 498.93370020582995, 57549.303802, 188471.856372, 1.515823, 20428.138891, 168164.959244, 0.639509, 2587, 175.3565673828125, 15790279, 28723931, 217405597, 261919807, 25666.86720150709, 51.18098962306976, 310871.837759, inf, 401.75757575757575, 1019.3525484336437, 121896.330755, 93255.25706, 0.354675, 9356.17542, 86363.559789, 0.16006, 1287, 92.6480484008789, 7835479, 59404307, 106393296, 173633082, 25385.56342291832, 24.543579638004303, 258887.639779, inf, 811.7142857142857, 1623.691171500345, 160670.242049, 49619.939873, 0.096842, 4818.119011, 43779.192, 0.050004, 637, 45.58439254760742, 3858079, 80713814, 52936417, 137508310
39774, 39774, 0, 0, greedy_15.000000, 25938.423818469048, 111.2939453125, 487520.125223, inf, 199.86934673366835, 498.93370020582995, 57549.303802, 210883.271769, 1.334753, 20428.138891, 198657.380844, 0.695164, 2985, 175.3565673828125, 15790279, 28723931, 249007195, 293521405, 25666.86720150709, 51.18098962306976, 331785.07387699996, inf, 401.75757575757575, 1019.3525484336437, 121896.330755, 102156.14739, 0.349786, 9356.17542, 98375.860422, 0.210104, 1485, 92.6480484008789, 7835479, 59404307, 122040840, 189280626, 25385.43832796812, 24.418484687805176, 272432.978244, inf, 811.7142857142857, 1623.691171500345, 160670.242049, 55909.350157, 0.098024, 4818.119011, 51035.116886, 0.052117, 735, 45.56587219238281, 3858079, 80713814, 60606975, 145178868
39774, 39774, 0, 0, greedy_17.000000, 25938.423818469048, 111.2939453125, 524213.745922, inf, 199.86934673366835, 498.93370020582995, 57549.303802, 221395.956823, 1.336286, 20428.138891, 224838.214778, 0.795342, 3383, 175.3565673828125, 15790279, 28723931, 280608793, 325123003, 25666.86720150709, 51.18098962306976, 358498.50005599996, inf, 401.75757575757575, 1019.3525484336437, 121896.330755, 112909.787398, 0.353052, 9356.17542, 114335.600046, 0.253385, 1683, 92.6480484008789, 7835479, 59404307, 137688384, 204928170, 25385.042882800102, 24.023039519786835, 284864.949317, inf, 811.7142857142857, 1623.691171500345, 160670.242049, 61739.506665, 0.095139, 4818.119011, 57636.929295, 0.057158, 833, 45.55105972290039, 3858079, 80713814, 68277533, 152849426
39774, 39774, 0, 0, greedy_19.000000, 25938.423818469048, 111.2939453125, 575027.223373, inf, 199.86934673366835, 498.93370020582995, 57549.303802, 244380.140263, 1.517686, 20428.138891, 252666.831811, 1.29092, 3781, 175.3565673828125, 15790279, 28723931, 312210391, 356724601, 25666.86720150709, 51.18098962306976, 383180.71402500005, inf, 401.75757575757575, 1019.3525484336437, 121896.330755, 122947.837612, 0.350287, 9356.17542, 128979.756867, 0.263084, 1881, 92.6480484008789, 7835479, 59404307, 153335928, 220575714, 25384.46292155981, 23.44307827949524, 299754.76935799996, inf, 811.7142857142857, 1623.691171500345, 160670.242049, 68889.11676, 0.091462, 4818.119011, 65377.133231, 0.066845, 931, 45.52378845214844, 3858079, 80713814, 75948091, 160519984
39774, 39774, 0, 0, greedy_21.000000, 25938.423818469048, 111.2939453125, 636027.6543220001, inf, 199.86934673366835, 498.93370020582995, 57549.303802, 277251.997538, 1.109391, 20428.138891, 280796.100868, 1.003832, 4179, 175.3565673828125, 15790279, 28723931, 343811989, 388326199, 25666.86720150709, 51.18098962306976, 407625.94270799996, inf, 401.75757575757575, 1019.3525484336437, 121896.330755, 132970.523933, 0.361728, 9356.17542, 143402.292708, 0.258164, 2079, 92.6480484008789, 7835479, 59404307, 168983472, 236223258, 25384.17758977413, 23.157746493816376, 311388.37442400004, inf, 811.7142857142857, 1623.691171500345, 160670.242049, 74217.244488, 0.091552, 4818.119011, 71682.608044, 0.06928, 1029, 45.501060485839844, 3858079, 80713814, 83618649, 168190542
39774, 39774, 0, 0, greedy_23.000000, 25938.423818469048, 111.2939453125, 651333.671481, inf, 199.86934673366835, 498.93370020582995, 57549.303802, 266539.96963, 1.089352, 20428.138891, 306813.968554, 1.201252, 4577, 175.3565673828125, 15790279, 28723931, 375413587, 419927797, 25666.86720150709, 51.18098962306976, 431522.956514, inf, 401.75757575757575, 1019.3525484336437, 121896.330755, 142786.156883, 0.355036, 9356.17542, 157483.392416, 0.546004, 2277, 92.6480484008789, 7835479, 59404307, 184631016, 251870802, 25383.795843601227, 22.776000320911407, 324741.129524, inf, 811.7142857142857, 1623.691171500345, 160670.242049, 80486.64467, 0.091551, 4818.119011, 78765.95617, 0.076073, 1127, 45.4653434753418, 3858079, 80713814, 91289207, 175861100
39774, 39774, 0, 0, greedy_25.000000, 25938.423818469048, 111.2939453125, 723289.699163, inf, 199.86934673366835, 498.93370020582995, 57549.303802, 317975.085827, 1.146249, 20428.138891, 327334.826328, 1.198066, 4975, 175.3565673828125, 15790279, 28723931, 407015185, 451529395, 25666.86720150709, 51.18098962306976, 454071.86887299997, inf, 401.75757575757575, 1019.3525484336437, 121896.330755, 151652.914984, 0.352762, 9356.17542, 171165.785402, 0.30955, 2475, 92.6480484008789, 7835479, 59404307, 200278560, 267518346, 25383.315615415573, 22.29577213525772, 338359.58393, inf, 811.7142857142857, 1623.691171500345, 160670.242049, 87013.408547, 0.09102, 4818.119011, 85857.632273, 0.09103, 1225, 45.417724609375, 3858079, 80713814, 98959765, 183531658
39774, 39774, 0, 0, greedy_27.000000, 25938.423818469048, 111.2939453125, 773919.196051, inf, 199.86934673366835, 498.93370020582995, 57549.303802, 336028.691452, 1.041782, 20428.138891, 359910.724334, 1.29579, 5373, 175.3565673828125, 15790279, 28723931, 438616783, 483130993, 25666.86720150709, 51.18098962306976, 478032.366657, inf, 401.75757575757575, 1019.3525484336437, 121896.330755, 161482.396304, 0.345157, 9356.17542, 185296.582646, 0.536375, 2673, 92.6480484008789, 7835479, 59404307, 215926104, 283165890, 25382.444925785065, 21.425082504749298, 352408.97985299997, inf, 811.7142857142857, 1623.691171500345, 160670.242049, 93405.180511, 0.094488, 4818.119011, 93515.248555, 0.095239, 1323, 45.35105895996094, 3858079, 80713814, 106630323, 191202216
39774, 39774, 0, 0, greedy_29.000000, 25938.423818469048, 111.2939453125, 831249.556923, inf, 199.86934673366835, 498.93370020582995, 57549.303802, 362166.820235, 1.054187, 20428.138891, 391102.867064, 1.372744, 5771, 175.3565673828125, 15790279, 28723931, 470218381, 514732591, 25666.86720150709, 51.18098962306976, 502208.87210399995, inf, 401.75757575757575, 1019.3525484336437, 121896.330755, 171343.834696, 0.356789, 9356.17542, 199611.790554, 0.38389, 2871, 92.6480484008789, 7835479, 59404307, 231573648, 298813434, 25382.26827645302, 21.24843317270279, 365186.664157, inf, 811.7142857142857, 1623.691171500345, 160670.242049, 99050.408436, 0.097423, 4818.119011, 100647.69714, 0.100098, 1421, 44.751060485839844, 3858079, 80713814, 114300881, 198872774
39774, 39774, 0, 0, greedy_3.000000, 25939.749358534813, 112.61948537826538, 177736.21548100002, inf, 199.86934673366835, 498.93370020582995, 57549.303802, 70963.421106, 1.104482, 20428.138891, 28794.11935, 0.12785, 597, 176.13433837890625, 15790279, 28723931, 59397607, 103911817, 25670.46847087145, 54.78225898742676, 181585.258276, inf, 401.75757575757575, 1019.3525484336437, 121896.330755, 35363.251919, 0.366206, 9356.17542, 14969.094913, 0.039063, 297, 93.59542083740234, 7835479, 59404307, 28155576, 95395362, 25389.041461229324, 28.02161794900894, 192653.15693599998, inf, 811.7142857142857, 1623.691171500345, 160670.242049, 19951.18547, 0.078638, 4818.119011, 7213.517872, 0.013896, 147, 45.751060485839844, 3858079, 80713814, 14583627, 99155520
39774, 39774, 0, 0, greedy_31.000000, 25938.423818469048, 111.2939453125, 868608.382688, inf, 199.86934673366835, 498.93370020582995, 57549.303802, 371531.1362, 1.025854, 20428.138891, 419097.259153, 1.518788, 6169, 175.3565673828125, 15790279, 28723931, 501819979, 546334189, 25666.86720150709, 51.18098962306976, 526235.409836, inf, 401.75757575757575, 1019.3525484336437, 121896.330755, 181020.760589, 0.354625, 9356.17542, 213961.395149, 0.393298, 3069, 92.6480484008789, 7835479, 59404307, 247221192, 314460978, 25382.26827645302, 21.24843317270279, 376869.437796, inf, 811.7142857142857, 1623.691171500345, 160670.242049, 103753.627872, 0.097222, 4818.119011, 107627.241816, 0.109826, 1519, 44.751060485839844, 3858079, 80713814, 121971439, 206543332
39774, 39774, 0, 0, greedy_33.000000, 25938.423818469048, 111.2939453125, 903490.4348589999, inf, 199.86934673366835, 498.93370020582995, 57549.303802, 377131.36834, 1.051401, 20428.138891, 448379.004495, 1.56793, 6567, 175.3565673828125, 15790279, 28723931, 533421577, 577935787, 25666.86720150709, 51.18098962306976, 550051.8186839999, inf, 401.75757575757575, 1019.3525484336437, 121896.330755, 190765.666168, 0.353774, 9356.17542, 228032.878991, 0.413576, 3267, 92.6480484008789, 7835479, 59404307, 262868736, 330108522, 25382.26827645302, 21.24843317270279, 387489.48404999997, inf, 811.7142857142857, 1623.691171500345, 160670.242049, 107296.397234, 0.091933, 4818.119011, 114704.527894, 0.105929, 1617, 44.751060485839844, 3858079, 80713814, 129641997, 214213890
39774, 39774, 0, 0, greedy_35.000000, 25938.423818469048, 111.2939453125, 970831.016543, inf, 199.86934673366835, 498.93370020582995, 57549.303802, 422827.111898, 1.047735, 20428.138891, 470023.506099, 1.908118, 6965, 175.3565673828125, 15790279, 28723931, 565023175, 609537385, 25666.86720150709, 51.18098962306976, 573922.25766, inf, 401.75757575757575, 1019.3525484336437, 121896.330755, 200436.821457, 0.359644, 9356.17542, 242232.073753, 0.496631, 3465, 92.6480484008789, 7835479, 59404307, 278516280, 345756066, 25382.26827645302, 21.24843317270279, 399944.76055899996, inf, 811.7142857142857, 1623.691171500345, 160670.242049, 112660.201299, 0.096621, 4818.119011, 121795.969862, 0.131717, 1715, 44.751060485839844, 3858079, 80713814, 137312555, 221884448
39774, 39774, 0, 0, greedy_37.000000, 25938.423818469048, 111.2939453125, 1047985.120032, inf, 199.86934673366835, 498.93370020582995, 57549.303802, 464423.493928, 1.256937, 20428.138891, 505581.003879, 1.922595, 7363, 175.3565673828125, 15790279, 28723931, 596624773, 641138983, 25666.86720150709, 51.18098962306976, 598997.437746, inf, 401.75757575757575, 1019.3525484336437, 121896.330755, 210749.561823, 0.349987, 9356.17542, 256994.371997, 0.647764, 3663, 92.6480484008789, 7835479, 59404307, 294163824, 361403610, 25382.26827645302, 21.24843317270279, 407947.74892600003, inf, 811.7142857142857, 1623.691171500345, 160670.242049, 116542.003121, 0.098755, 4818.119011, 125917.162578, 0.123412, 1813, 44.751060485839844, 3858079, 80713814, 144983113, 229555006
39774, 39774, 0, 0, greedy_39.000000, 25938.423818469048, 111.2939453125, 1045188.8753889999, inf, 199.86934673366835, 498.93370020582995, 57549.303802, 433296.965482, 1.314425, 20428.138891, 533911.357602, 1.795187, 7761, 175.3565673828125, 15790279, 28723931, 628226371, 672740581, 25666.86720150709, 51.18098962306976, 622632.378037, inf, 401.75757575757575, 1019.3525484336437, 121896.330755, 220460.319593, 0.353423, 9356.17542, 270918.707655, 0.491191, 3861, 92.6480484008789, 7835479, 59404307, 309811368, 377051154, 25382.26827645302, 21.24843317270279, 421497.462181, inf, 811.7142857142857, 1623.691171500345, 160670.242049, 120814.951772, 0.093996, 4818.119011, 135193.931471, 0.123882, 1911, 44.751060485839844, 3858079, 80713814, 152653671, 237225564
39774, 39774, 0, 0, greedy_5.000000, 25938.423818469048, 111.2939453125, 226937.293197, inf, 199.86934673366835, 498.93370020582995, 57549.303802, 93043.607524, 1.299787, 20428.138891, 55914.716328, 0.226865, 995, 175.3565673828125, 15790279, 28723931, 90999205, 135513415, 25668.578080534935, 52.89186865091324, 209718.94203099998, inf, 401.75757575757575, 1019.3525484336437, 121896.330755, 48959.895058, 0.35709, 9356.17542, 29506.116151, 0.067557, 495, 93.44805145263672, 7835479, 59404307, 43803120, 111042906, 25388.348792016506, 27.328948736190796, 203819.89317099997, inf, 811.7142857142857, 1623.691171500345, 160670.242049, 23959.599452, 0.093084, 4818.119011, 14371.8156, 0.023975, 245, 45.751060485839844, 3858079, 80713814, 22254185, 106826078
39774, 39774, 0, 0, greedy_7.000000, 25938.423818469048, 111.2939453125, 273681.75362100004, inf, 199.86934673366835, 498.93370020582995, 57549.303802, 112639.189415, 1.34405, 20428.138891, 83063.458706, 0.318757, 1393, 175.3565673828125, 15790279, 28723931, 122600803, 167115013, 25667.288156211376, 51.60194432735443, 237365.59888199996, inf, 401.75757575757575, 1019.3525484336437, 121896.330755, 62557.342527, 0.340719, 9356.17542, 43555.313201, 0.09626, 693, 93.29090881347656, 7835479, 59404307, 59450664, 126690450, 25387.900740087032, 26.88089680671692, 217132.08737999998, inf, 811.7142857142857, 1623.691171500345, 160670.242049, 30157.273075, 0.092032, 4818.119011, 21486.333621, 0.027592, 343, 45.651058197021484, 3858079, 80713814, 29924743, 114496636
39774, 39774, 0, 0, greedy_9.000000, 25938.423818469048, 111.2939453125, 331345.03255699994, inf, 199.86934673366835, 498.93370020582995, 57549.303802, 140653.07809, 1.312421, 20428.138891, 112712.574041, 0.625312, 1791, 175.3565673828125, 15790279, 28723931, 154202401, 198716611, 25666.86720150709, 51.18098962306976, 262286.49224, inf, 401.75757575757575, 1019.3525484336437, 121896.330755, 73199.693272, 0.353713, 9356.17542, 57833.814026, 0.125054, 891, 92.6480484008789, 7835479, 59404307, 75098208, 142337994, 25386.82851791382, 25.80867463350296, 229912.77493099996, inf, 811.7142857142857, 1623.691171500345, 160670.242049, 35999.84056, 0.093244, 4818.119011, 28424.442958, 0.037109, 441, 45.626060485839844, 3858079, 80713814, 37595301, 122167194
39774, 39774, 0, 0, opt, 25891.426288366318, 64.2964152097702, 2758274.149641, inf, 199.86934673366835, 498.93370020582995, 57549.303802, 2680295.485438, 1.22151, 20428.138891, 0, 0, 0, 0, 15790279, 28723931, 1546998453, 1591512663, 25641.30162805319, 25.615416169166565, 2871577.4377289996, inf, 401.75757575757575, 1019.3525484336437, 121896.330755, 2740324.655547, 0.276007, 9356.17542, 0, 0, 0, 0, 7835479, 59404307, 1559365150, 1626604936, 25372.634366095066, 11.614522814750671, 2819803.253486, inf, 811.7142857142857, 1623.691171500345, 160670.242049, 2654314.799622, 0.092804, 4818.119011, 0, 0, 0, 0, 3858079, 80713814, 1523326290, 1607898183
39774, 39774, 0, 0, plus_edge, 25946.129978835583, 119.00010567903519, 102151.208995, inf, 199.86934673366835, 498.93370020582995, 57549.303802, 24172.754565, 1.011737, 20428.138891, 0, 0, 0, 0, 15790279, 28723931, 15615072, 60129282, 25672.90653127432, 57.220319390296936, 143307.314555, inf, 401.75757575757575, 1019.3525484336437, 121896.330755, 12054.533154, 0.275226, 9356.17542, 0, 0, 0, 0, 7835479, 59404307, 7749546, 74989332, 25390.311621069908, 29.291777789592743, 171294.25757299998, inf, 811.7142857142857, 1623.691171500345, 160670.242049, 5805.822394, 0.074119, 4818.119011, 0, 0, 0, 0, 3858079, 80713814, 3749520, 88321413
39774, 39774, 0, 0, simple, 25950.550601422787, 123.42072826623917, 102489.281021, inf, 199.86934673366835, 498.93370020582995, 57549.303802, 24510.834747, 1.003581, 20428.138891, 0, 0, 0, 0, 15790279, 28723931, 15575868, 60090078, 25673.85254973173, 58.166337847709656, 143301.797058, inf, 401.75757575757575, 1019.3525484336437, 121896.330755, 12048.933162, 0.357721, 9356.17542, 0, 0, 0, 0, 7835479, 59404307, 7739942, 74979728, 25390.486138761044, 29.46629548072815, 171285.816724, inf, 811.7142857142857, 1623.691171500345, 160670.242049, 5797.381816, 0.073848, 4818.119011, 0, 0, 0, 0, 3858079, 80713814, 3747216, 88319109
39774, 39774, 0, 0, dp_1.000000, 26011.874788045883, 123.26235991716385, 86345.20736799999, inf, 199.86934673366835, 408.27422429808917, 41207.211577, 25321.048875, 1.265783, 19737.67174, 77.996358, 0.013035, 199, 0, 15790279, 20540355, 15571489, 51902123, 25817.628324389458, 59.21760880947113, 86605.822814, inf, 401.75757575757575, 707.2358641168535, 64142.674178, 12904.167196, 0.302307, 9478.320802, 80.353091, 0.00524, 99, 0, 7835479, 32728903, 7672407, 48236789, 25560.90450692177, 30.617869973182678, 104565.954946, inf, 811.7142857142857, 1155.9425697195325, 92961.101136, 6305.510012, 0.079639, 5217.071495, 82.189167, 0.003497, 49, 0, 3858079, 48859654, 3727087, 56444820
39774, 39774, 0, 0, dp_11.000000, 25979.26655691862, 90.65412878990173, 475132.870765, inf, 199.86934673366835, 408.27422429808917, 41207.211577, 273309.998353, 1.28521, 19737.67174, 140627.820844, 248.883041, 2189, 115.97824096679688, 15790279, 20540355, 250821329, 287151963, 25802.603440523148, 44.19272494316101, 286659.04854299995, inf, 401.75757575757575, 707.2358641168535, 64142.674178, 140288.602004, 0.350808, 9478.320802, 72719.840719, 29.260032, 1089, 73.32340240478516, 7835479, 32728903, 122550453, 163114835, 25552.939808785915, 22.653171837329865, 204285.455275, inf, 811.7142857142857, 1155.9425697195325, 92961.101136, 69833.212864, 0.093044, 5217.071495, 36270.135292, 3.841444, 539, 40.045597076416016, 3858079, 48859654, 60857167, 113574900
39774, 39774, 0, 0, dp_13.000000, 25976.393237531185, 87.78080940246582, 554398.297338, inf, 199.86934673366835, 408.27422429808917, 41207.211577, 324158.025062, 1.281343, 19737.67174, 168937.262481, 356.845135, 2587, 108.44867706298828, 15790279, 20540355, 297793421, 334124055, 25802.046740591526, 43.63602501153946, 324370.24564000004, inf, 401.75757575757575, 707.2358641168535, 64142.674178, 163981.612983, 0.367209, 9478.320802, 86725.743181, 41.527287, 1287, 70.78546905517578, 7835479, 32728903, 145846539, 186410921, 25552.61070406437, 22.32406711578369, 221432.95699999997, inf, 811.7142857142857, 1155.9425697195325, 92961.101136, 79756.694221, 0.092483, 5217.071495, 43492.98256, 5.015105, 637, 39.19721603393555, 3858079, 48859654, 72283183, 125000916
39774, 39774, 0, 0, dp_15.000000, 25974.058130919933, 85.44570279121399, 632083.825902, inf, 199.86934673366835, 408.27422429808917, 41207.211577, 373524.895402, 1.308794, 19737.67174, 197144.778052, 467.960337, 2985, 101.70185089111328, 15790279, 20540355, 344843389, 381174023, 25800.496740579605, 42.08602499961853, 361044.190768, inf, 401.75757575757575, 707.2358641168535, 64142.674178, 188260.169378, 0.349375, 9478.320802, 99106.8526, 55.824435, 1485, 68.4693832397461, 7835479, 32728903, 169142625, 209707007, 25552.09972679615, 21.813089847564697, 242530.191701, inf, 811.7142857142857, 1155.9425697195325, 92961.101136, 94964.87045, 0.088756, 5217.071495, 49380.352976, 6.706888, 735, 38.412593841552734, 3858079, 48859654, 83560327, 136278060
39774, 39774, 0, 0, dp_17.000000, 25971.95362251997, 83.34119439125061, 707044.9415690001, inf, 199.86934673366835, 408.27422429808917, 41207.211577, 419781.020845, 1.301421, 19737.67174, 225712.927184, 604.808802, 3383, 95.41877746582031, 15790279, 20540355, 391893357, 428223991, 25799.53879290819, 41.12807732820511, 406171.44944600004, inf, 401.75757575757575, 707.2358641168535, 64142.674178, 217210.070168, 0.342712, 9478.320802, 115267.24808, 72.793506, 1683, 66.31382751464844, 7835479, 32728903, 192438711, 233003093, 25551.406636059284, 21.1199991106987, 263416.146741, inf, 811.7142857142857, 1155.9425697195325, 92961.101136, 107545.609962, 0.095169, 5217.071495, 57683.479907, 8.789072, 833, 37.70817947387695, 3858079, 48859654, 94986343, 147704076
39774, 39774, 0, 0, dp_19.000000, 25969.73612612486, 81.12369799613953, 770818.4929899999, inf, 199.86934673366835, 408.27422429808917, 41207.211577, 461590.926087, 1.278538, 19737.67174, 247498.459478, 782.94557, 3781, 89.86029815673828, 15790279, 20540355, 438943325, 475273959, 25799.014461278915, 40.60374569892883, 445976.60794200003, inf, 401.75757575757575, 707.2358641168535, 64142.674178, 242494.872864, 0.353523, 9478.320802, 129768.720845, 91.66573, 1881, 64.26215362548828, 7835479, 32728903, 215734797, 256299179, 25551.340396761894, 21.053759813308716, 285233.085041, inf, 811.7142857142857, 1155.9425697195325, 92961.101136, 122249.426355, 0.088757, 5217.071495, 64794.517365, 10.879933, 931, 37.18727111816406, 3858079, 48859654, 106077397, 158795130
39774, 39774, 0, 0, dp_21.000000, 25967.695576667786, 79.08314853906631, 846437.2733219999, inf, 199.86934673366835, 408.27422429808917, 41207.211577, 509555.53027, 1.278068, 19737.67174, 275006.931486, 928.650181, 4179, 84.67670440673828, 15790279, 20540355, 485993293, 522323927, 25797.370107591152, 38.95939201116562, 487655.99198099994, inf, 401.75757575757575, 707.2358641168535, 64142.674178, 269627.580571, 0.346881, 9478.320802, 144294.206521, 112.863028, 2079, 62.28916549682617, 7835479, 32728903, 239030883, 279595265, 25550.940763115883, 20.654126167297363, 301482.214599, inf, 811.7142857142857, 1155.9425697195325, 92961.101136, 131329.22388, 0.09027, 5217.071495, 71961.401618, 13.3262, 1029, 36.45457077026367, 3858079, 48859654, 117838375, 170556108
39774, 39774, 0, 0, dp_23.000000, 25966.7745449543, 78.1621168255806, 925136.024027, inf, 199.86934673366835, 408.27422429808917, 41207.211577, 560311.845305, 1.308153, 19737.67174, 302760.235243, 1117.752009, 4577, 79.87386322021484, 15790279, 20540355, 533043261, 569373895, 25796.37334316969, 37.962627589702606, 530549.4076919999, inf, 401.75757575757575, 707.2358641168535, 64142.674178, 297796.105247, 0.340829, 9478.320802, 158995.798758, 136.167878, 2277, 60.5142936706543, 7835479, 32728903, 262326969, 302891351, 25549.64150685072, 19.35486990213394, 310840.960194, inf, 811.7142857142857, 1155.9425697195325, 92961.101136, 133473.165991, 0.094217, 5217.071495, 79173.516872, 16.010483, 1127, 35.964599609375, 3858079, 48859654, 123048985, 175766718
39774, 39774, 0, 0, dp_25.000000, 25965.50033867359, 76.88791054487228, 1006262.4248240001, inf, 199.86934673366835, 408.27422429808917, 41207.211577, 607233.827469, 1.288987, 19737.67174, 336759.398836, 1323.026215, 4975, 75.36570739746094, 15790279, 20540355, 580093229, 616423863, 25795.831171393394, 37.4204558134079, 564817.768708, inf, 401.75757575757575, 707.2358641168535, 64142.674178, 317579.428047, 0.356929, 9478.320802, 173455.245236, 161.743516, 2475, 59.004005432128906, 7835479, 32728903, 285623055, 326187437, 25549.6137291193, 19.327092170715332, 332915.84517000004, inf, 811.7142857142857, 1155.9425697195325, 92961.101136, 148425.922939, 0.09084, 5217.071495, 86292.64696, 19.0118, 1225, 35.354522705078125, 3858079, 48859654, 134475001, 187192734
39774, 39774, 0, 0, dp_27.000000, 25964.407156825066, 75.79472869634628, 1080150.721516, inf, 199.86934673366835, 408.27422429808917, 41207.211577, 654136.27396, 1.273028, 19737.67174, 363522.976411, 1545.3148, 5373, 71.4370346069336, 15790279, 20540355, 627143197, 663473831, 25795.360219538212, 36.94950395822525, 605632.669318, inf, 401.75757575757575, 707.2358641168535, 64142.674178, 347432.225676, 0.363832, 9478.320802, 184390.18822, 188.89661, 2673, 57.3980712890625, 7835479, 32728903, 308919141, 349483523, 25549.415392637253, 19.128755688667297, 348673.9924979999, inf, 811.7142857142857, 1155.9425697195325, 92961.101136, 156984.921148, 0.092172, 5217.071495, 93488.625258, 22.181289, 1323, 34.779632568359375, 3858079, 48859654, 145901017, 198618750
39774, 39774, 0, 0, dp_29.000000, 25963.992672741413, 75.38024461269379, 1153295.4608260002, inf, 199.86934673366835, 408.27422429808917, 41207.211577, 702930.530462, 1.296702, 19737.67174, 387634.921636, 1783.828709, 5771, 68.0496826171875, 15790279, 20540355, 674193165, 710523799, 25794.652571558952, 36.24185597896576, 642551.2654329999, inf, 401.75757575757575, 707.2358641168535, 64142.674178, 365695.428878, 0.344446, 9478.320802, 203015.905732, 218.591397, 2871, 55.8159065246582, 7835479, 32728903, 332215227, 372779609, 25548.942160487175, 18.655523538589478, 374540.8638749999, inf, 811.7142857142857, 1155.9425697195325, 92961.101136, 175962.700285, 0.092694, 5217.071495, 100374.163433, 25.734832, 1421, 34.29452133178711, 3858079, 48859654, 157327033, 210044766
39774, 39774, 0, 0, dp_3.000000, 25998.83361285925, 110.22118473052979, 161779.780595, inf, 199.86934673366835, 408.27422429808917, 41207.211577, 72372.97993, 1.303354, 19737.67174, 28447.384356, 13.229638, 597, 159.9103240966797, 15790279, 20540355, 62621457, 98952091, 25810.520561277866, 52.10984569787979, 126998.822133, inf, 401.75757575757575, 707.2358641168535, 64142.674178, 38519.245103, 0.351629, 9478.320802, 14856.463979, 1.766442, 297, 88.36482238769531, 7835479, 32728903, 30930341, 71494723, 25558.09012389183, 27.803486943244934, 124104.93318799998, inf, 811.7142857142857, 1155.9425697195325, 92961.101136, 18939.661373, 0.081092, 5217.071495, 6986.791837, 0.226255, 147, 44.96731185913086, 3858079, 48859654, 15153103, 67870836
39774, 39774, 0, 0, dp_31.000000, 25962.898935735226, 74.28650760650635, 1225234.991455, inf, 199.86934673366835, 408.27422429808917, 41207.211577, 752330.285036, 1.272647, 19737.67174, 409917.932281, 2040.618174, 6169, 64.81941223144531, 15790279, 20540355, 721124621, 757455255, 25794.272015988827, 35.86130040884018, 685257.5143450001, inf, 401.75757575757575, 707.2358641168535, 64142.674178, 395465.087278, 0.343404, 9478.320802, 215921.32573, 249.762953, 3069, 54.35745620727539, 7835479, 32728903, 355511313, 396075695, 25548.71604627371, 18.429409325122833, 390008.642138, inf, 811.7142857142857, 1155.9425697195325, 92961.101136, 184535.155875, 0.089147, 5217.071495, 107265.832127, 29.392358, 1519, 33.65544128417969, 3858079, 48859654, 168753049, 221470782
39774, 39774, 0, 0, dp_33.000000, 25962.583347439766, 73.9709193110466, 1313678.507509, inf, 199.86934673366835, 408.27422429808917, 41207.211577, 807084.36852, 1.478983, 19737.67174, 443334.87534, 2312.901349, 6567, 61.83167266845703, 15790279, 20540355, 768174589, 804505223, 25793.805529773235, 35.39481419324875, 724201.086668, inf, 401.75757575757575, 707.2358641168535, 64142.674178, 419442.226148, 0.343524, 9478.320802, 230853.925859, 283.596157, 3267, 52.758487701416016, 7835479, 32728903, 378807399, 419371781, 25548.06063503027, 17.773998081684113, 409076.93613, inf, 811.7142857142857, 1155.9425697195325, 92961.101136, 196390.3134, 0.093436, 5217.071495, 114474.881321, 33.475342, 1617, 33.2718620300293, 3858079, 48859654, 180179065, 232896798
39774, 39774, 0, 0, dp_35.000000, 25961.91657048464, 73.30414235591888, 1414979.402462, inf, 199.86934673366835, 408.27422429808917, 41207.211577, 872545.377334, 1.278527, 19737.67174, 478884.829477, 2603.033807, 6965, 58.994972229003906, 15790279, 20540355, 815224557, 851555191, 25793.567903518677, 35.157187938690186, 766103.1638120001, inf, 401.75757575757575, 707.2358641168535, 64142.674178, 451517.299039, 0.349536, 9478.320802, 240645.138181, 319.382076, 3465, 51.46940231323242, 7835479, 32728903, 402103485, 442667867, 25548.06063503027, 17.773998081684113, 430515.02169, inf, 811.7142857142857, 1155.9425697195325, 92961.101136, 211038.757732, 0.094447, 5217.071495, 121260.088029, 37.908851, 1715, 32.587867736816406, 3858079, 48859654, 191605081, 244322814
39774, 39774, 0, 0, dp_37.000000, 25961.52936410904, 72.91693598031998, 1482934.430172, inf, 199.86934673366835, 408.27422429808917, 41207.211577, 923234.733823, 1.293627, 19737.67174, 495840.806305, 2912.7131, 7363, 56.26381301879883, 15790279, 20540355, 862274525, 898605159, 25792.954880475998, 34.54416489601135, 804403.342685, inf, 401.75757575757575, 707.2358641168535, 64142.674178, 472158.334128, 0.350908, 9478.320802, 258266.022078, 357.640591, 3663, 50.11820602416992, 7835479, 32728903, 425399571, 465963953, 25547.60031759739, 17.31368064880371, 441407.013446, inf, 811.7142857142857, 1155.9425697195325, 92961.101136, 216188.908246, 0.092093, 5217.071495, 126997.351712, 42.488764, 1813, 32.114532470703125, 3858079, 48859654, 203031097, 255748830
39774, 39774, 0, 0, dp_39.000000, 25960.81892132759, 72.20649319887161, 1539724.6385090002, inf, 199.86934673366835, 408.27422429808917, 41207.211577, 947829.060568, 1.288807, 19737.67174, 527710.9699, 3238.435917, 7761, 53.77595520019531, 15790279, 20540355, 909443005, 945773639, 25792.63053405285, 34.219818472862244, 847518.393351, inf, 401.75757575757575, 707.2358641168535, 64142.674178, 500939.05084, 0.352461, 9478.320802, 272560.604637, 397.390433, 3861, 48.85651779174805, 7835479, 32728903, 448695657, 489260039, 25547.60031759739, 17.31368064880371, 466167.876768, inf, 811.7142857142857, 1155.9425697195325, 92961.101136, 236108.466804, 0.094447, 5217.071495, 131833.923136, 47.21975, 1911, 31.553203582763672, 3858079, 48859654, 214457113, 267174846
39774, 39774, 0, 0, dp_5.000000, 25994.087853312492, 105.47542518377304, 240060.696932, inf, 199.86934673366835, 408.27422429808917, 41207.211577, 123204.079614, 1.305398, 19737.67174, 55866.388576, 44.040027, 995, 145.53091430664062, 15790279, 20540355, 109671425, 146002059, 25808.305479168892, 49.894763588905334, 168578.36631299998, inf, 401.75757575757575, 707.2358641168535, 64142.674178, 65340.762215, 0.347953, 9478.320802, 29610.945837, 5.315328, 495, 83.5803451538086, 7835479, 32728903, 54226427, 94790809, 25556.770324349403, 26.48368740081787, 142804.334727, inf, 811.7142857142857, 1155.9425697195325, 92961.101136, 30495.455986, 0.083457, 5217.071495, 14129.937208, 0.685445, 245, 43.22772216796875, 3858079, 48859654, 26579119, 79296852
39774, 39774, 0, 0, dp_7.000000, 25987.76696807146, 99.1545399427414, 321045.43423, inf, 199.86934673366835, 408.27422429808917, 41207.211577, 174898.053364, 1.297042, 19737.67174, 85100.846887, 100.35362, 1393, 134.24545288085938, 15790279, 20540355, 156721393, 193052027, 25806.076835632324, 47.66612005233765, 206069.91009800002, inf, 401.75757575757575, 707.2358641168535, 64142.674178, 88399.005915, 0.34622, 9478.320802, 44038.269795, 11.293188, 693, 79.310791015625, 7835479, 32728903, 75958281, 116522663, 25555.625178456306, 25.338541507720947, 164797.307709, inf, 811.7142857142857, 1155.9425697195325, 92961.101136, 45328.34892, 0.091682, 5217.071495, 21289.294742, 1.399734, 343, 41.98075485229492, 3858079, 48859654, 38005135, 90722868
39774, 39774, 0, 0, dp_9.000000, 25983.457925260067, 94.84549713134766, 397508.7226740001, inf, 199.86934673366835, 408.27422429808917, 41207.211577, 223488.182899, 1.316249, 19737.67174, 112911.998288, 162.341921, 1791, 124.62802124023438, 15790279, 20540355, 203771361, 240101995, 25804.286380290985, 45.875664710998535, 243917.31961000004, inf, 401.75757575757575, 707.2358641168535, 64142.674178, 111876.220402, 0.349125, 9478.320802, 58400.382124, 19.372979, 891, 75.9970474243164, 7835479, 32728903, 99254367, 139818749, 25554.39026027918, 24.10362333059311, 185593.80144599997, inf, 811.7142857142857, 1155.9425697195325, 92961.101136, 58368.795874, 0.093997, 5217.071495, 29044.396682, 2.342262, 441, 40.945518493652344, 3858079, 48859654, 49431151, 102148884
39774, 39774, 0, 0, fixed_reps_1, 26011.874788045883, 123.26235991716385, 85724.978092, inf, 199.86934673366835, 408.27422429808917, 41207.211577, 24698.968075, 1.126222, 19737.67174, 80.000478, 0, 199, 195.16769409179688, 15790279, 20540355, 15571489, 51902123, 25817.628324389458, 59.21760880947113, 86851.13355200001, inf, 401.75757575757575, 707.2358641168535, 64142.674178, 13143.298353, 0.353122, 9478.320802, 86.487097, 0, 99, 98.2403335571289, 7835479, 32728903, 7672407, 48236789, 25560.90450692177, 30.617869973182678, 104593.527154, inf, 811.7142857142857, 1155.9425697195325, 92961.101136, 6328.990608, 0.083516, 5217.071495, 86.280399, 0, 49, 48.50776290893555, 3858079, 48859654, 3727087, 56444820
39774, 39774, 0, 0, fixed_reps_11, 25989.204571902752, 100.59214377403259, 356421.21689000004, inf, 199.86934673366835, 408.27422429808917, 41207.211577, 294616.680031, 1.233392, 19737.67174, 858.42015, 0, 2189, 161.31883239746094, 15790279, 20540355, 171284389, 207615023, 25807.62951028347, 49.21879470348358, 231102.34362, inf, 401.75757575757575, 707.2358641168535, 64142.674178, 156662.490565, 0.329598, 9478.320802, 818.528477, 0, 1089, 89.94303131103516, 7835479, 32728903, 84395487, 124959869, 25555.90619069338, 25.61955374479294, 176974.38668399997, inf, 811.7142857142857, 1155.9425697195325, 92961.101136, 77985.610056, 0.088466, 5217.071495, 810.515531, 0, 539, 44.92851638793945, 3858079, 48859654, 40997467, 93715200
39774, 39774, 0, 0, fixed_reps_13, 25987.19166523218, 98.57923710346222, 406153.799324, inf, 199.86934673366835, 408.27422429808917, 41207.211577, 344211.757828, 1.259281, 19737.67174, 995.898898, 0, 2587, 155.4327850341797, 15790279, 20540355, 202426969, 238757603, 25806.83039599657, 48.419680416584015, 258177.37132399998, inf, 401.75757575757575, 707.2358641168535, 64142.674178, 183592.705998, 0.327344, 9478.320802, 963.343002, 0, 1287, 87.3017349243164, 7835479, 32728903, 99740103, 140304485, 25555.525469481945, 25.238832533359528, 190568.647874, inf, 811.7142857142857, 1155.9425697195325, 92961.101136, 91428.888673, 0.086322, 5217.071495, 961.500248, 0, 637, 43.95368576049805, 3858079, 48859654, 48451543, 101169276
39774, 39774, 0, 0, fixed_reps_15, 25985.88656115532, 97.27413302659988, 454881.868198, inf, 199.86934673366835, 408.27422429808917, 41207.211577, 392796.665217, 1.255274, 19737.67174, 1139.06439, 0, 2985, 151.31341552734375, 15790279, 20540355, 233569549, 269900183, 25805.70651292801, 47.29579734802246, 285216.291729, inf, 401.75757575757575, 707.2358641168535, 64142.674178, 210483.005152, 0.334647, 9478.320802, 1111.95695, 0, 1485, 86.58924102783203, 7835479, 32728903, 115084719, 155649101, 25554.632698237896, 24.346061289310455, 203948.731293, inf, 811.7142857142857, 1155.9425697195325, 92961.101136, 104675.61876, 0.086963, 5217.071495, 1094.852939, 0, 735, 43.74979782104492, 3858079, 48859654, 55905619, 108623352
39774, 39774, 0, 0, fixed_reps_17, 25983.937096595764, 95.32466846704483, 507003.531799, inf, 199.86934673366835, 408.27422429808917, 41207.211577, 444755.908385, 1.396699, 19737.67174, 1301.343398, 0, 3383, 148.4082794189453, 15790279, 20540355, 264712129, 301042763, 25804.59805750847, 46.187341928482056, 312634.769864, inf, 401.75757575757575, 707.2358641168535, 64142.674178, 237747.085151, 0.332594, 9478.320802, 1266.357139, 0, 1683, 85.24478149414062, 7835479, 32728903, 130429335, 170993717, 25553.92546516657, 23.638828217983246, 216689.404993, inf, 811.7142857142857, 1155.9425697195325, 92961.101136, 117275.148768, 0.088916, 5217.071495, 1235.994678, 0, 833, 43.573001861572266, 3858079, 48859654, 63359695, 116077428
39774, 39774, 0, 0, fixed_reps_19, 25981.009491741657, 92.39706361293793, 553562.639335, inf, 199.86934673366835, 408.27422429808917, 41207.211577, 491175.934625, 1.251036, 19737.67174, 1440.570357, 0, 3781, 145.26560974121094, 15790279, 20540355, 295854709, 332185343, 25804.184993743896, 45.77427816390991, 344854.497304, inf, 401.75757575757575, 707.2358641168535, 64142.674178, 269785.010398, 0.333185, 9478.320802, 1448.158741, 0, 1881, 84.53709411621094, 7835479, 32728903, 145773951, 186338333, 25553.72005957365, 23.43342262506485, 229534.639206, inf, 811.7142857142857, 1155.9425697195325, 92961.101136, 129982.375197, 0.09073, 5217.071495, 1374.000648, 0, 931, 43.39451599121094, 3858079, 48859654, 70813771, 123531504
39774, 39774, 0, 0, fixed_reps_21, 25979.28872835636, 90.67630022764206, 605402.4329670001, inf, 199.86934673366835, 408.27422429808917, 41207.211577, 542864.407636, 1.252499, 19737.67174, 1591.889515, 0, 4179, 142.10269165039062, 15790279, 20540355, 326997289, 363327923, 25803.63785868883, 45.22714310884476, 368122.34120100003, inf, 401.75757575757575, 707.2358641168535, 64142.674178, 292937.441562, 0.326733, 9478.320802, 1563.577926, 0, 2079, 83.3547592163086, 7835479, 32728903, 161118567, 201682949, 25552.68671286106, 22.400075912475586, 242118.22304399995, inf, 811.7142857142857, 1155.9425697195325, 92961.101136, 142415.987003, 0.090389, 5217.071495, 1523.973021, 0, 1029, 43.194740295410156, 3858079, 48859654, 78267847, 130985580
39774, 39774, 0, 0, fixed_reps_23, 25977.507034003735, 88.89460587501526, 652882.670749, inf, 199.86934673366835, 408.27422429808917, 41207.211577, 590202.023184, 1.22651, 19737.67174, 1734.537738, 0, 4577, 138.48939514160156, 15790279, 20540355, 358139869, 394470503, 25802.73664844036, 44.32593286037445, 398736.73799500003, inf, 401.75757575757575, 707.2358641168535, 64142.674178, 323400.574551, 0.314881, 9478.320802, 1714.853583, 0, 2277, 82.76831817626953, 7835479, 32728903, 176463183, 217027565, 25552.648833990097, 22.362197041511536, 254850.83472100002, inf, 811.7142857142857, 1155.9425697195325, 92961.101136, 155004.830312, 0.088816, 5217.071495, 1667.742962, 0, 1127, 43.00071716308594, 3858079, 48859654, 85721923, 138439656
39774, 39774, 0, 0, fixed_reps_25, 25975.762137889862, 87.14970976114273, 703059.727593, inf, 199.86934673366835, 408.27422429808917, 41207.211577, 640225.763134, 1.221631, 19737.67174, 1887.859511, 0, 4975, 134.45712280273438, 15790279, 20540355, 389282449, 425613083, 25801.188585937023, 42.77787035703659, 424684.667736, inf, 401.75757575757575, 707.2358641168535, 64142.674178, 349163.242994, 0.313098, 9478.320802, 1900.116664, 0, 2475, 81.68276977539062, 7835479, 32728903, 191807799, 232372181, 25552.368489325047, 22.08185237646103, 267790.345868, inf, 811.7142857142857, 1155.9425697195325, 92961.101136, 167805.213202, 0.086662, 5217.071495, 1806.873373, 0, 1225, 42.83235168457031, 3858079, 48859654, 93175999, 145893732
39774, 39774, 0, 0, fixed_reps_27, 25974.706287264824, 86.09385913610458, 751246.984988, inf, 199.86934673366835, 408.27422429808917, 41207.211577, 688265.755086, 1.262237, 19737.67174, 2035.084348, 0, 5373, 131.42369079589844, 15790279, 20540355, 420425029, 456755663, 25800.613642454147, 42.20292687416077, 443415.56701600004, inf, 401.75757575757575, 707.2358641168535, 64142.674178, 367788.721756, 0.323767, 9478.320802, 2005.526513, 0, 2673, 81.23204803466797, 7835479, 32728903, 207152415, 247716797, 25552.20699942112, 21.92036247253418, 280267.37789, inf, 811.7142857142857, 1155.9425697195325, 92961.101136, 180147.110335, 0.088156, 5217.071495, 1942.006768, 0, 1323, 42.67975616455078, 3858079, 48859654, 100630075, 153347808
39774, 39774, 0, 0, fixed_reps_29, 25972.792858183384, 84.18043005466461, 806818.8287830001, inf, 199.86934673366835, 408.27422429808917, 41207.211577, 743692.678532, 1.226049, 19737.67174, 2180.040885, 0, 5771, 129.12881469726562, 15790279, 20540355, 451567609, 487898243, 25799.864183664322, 41.45346808433533, 469881.74782399996, inf, 401.75757575757575, 707.2358641168535, 64142.674178, 394108.539296, 0.332774, 9478.320802, 2151.880774, 0, 2871, 80.69133758544922, 7835479, 32728903, 222497031, 263061413, 25551.950043916702, 21.66340696811676, 293160.02220199996, inf, 811.7142857142857, 1155.9425697195325, 92961.101136, 192890.410623, 0.090109, 5217.071495, 2091.348839, 0, 1421, 42.55170440673828, 3858079, 48859654, 108084151, 160801884
39774, 39774, 0, 0, fixed_reps_3, 26002.392434060574, 113.78000593185425, 140109.003451, inf, 199.86934673366835, 408.27422429808917, 41207.211577, 78932.341483, 1.284389, 19737.67174, 230.494262, 0, 597, 185.91259765625, 15790279, 20540355, 46714069, 83044703, 25813.2937592268, 54.88304364681244, 114539.55943399998, inf, 401.75757575757575, 707.2358641168535, 64142.674178, 40696.620112, 0.338725, 9478.320802, 221.605617, 0, 297, 96.19404602050781, 7835479, 32728903, 23017023, 63581405, 25558.202326714993, 27.915689766407013, 118388.051459, inf, 811.7142857142857, 1155.9425697195325, 92961.101136, 19990.804076, 0.082023, 5217.071495, 218.992729, 0, 147, 47.861717224121094, 3858079, 48859654, 11181163, 63898896
39774, 39774, 0, 0, fixed_reps_31, 25971.743179619312, 83.13075149059296, 884241.603536, inf, 199.86934673366835, 408.27422429808917, 41207.211577, 820961.710042, 1.245576, 19737.67174, 2333.764601, 0, 6169, 126.7070083618164, 15790279, 20540355, 482710189, 519040823, 25798.94405925274, 40.53334367275238, 496212.84855600004, inf, 401.75757575757575, 707.2358641168535, 64142.674178, 420298.333145, 0.326553, 9478.320802, 2293.193878, 0, 3069, 79.52302551269531, 7835479, 32728903, 237841647, 278406029, 25551.760412693024, 21.47377574443817, 306129.191735, inf, 811.7142857142857, 1155.9425697195325, 92961.101136, 205724.627296, 0.088155, 5217.071495, 2226.303653, 0, 1519, 42.40254592895508, 3858079, 48859654, 115538227, 168255960
39774, 39774, 0, 0, fixed_reps_33, 25970.962974071503, 82.35054594278336, 915181.662271, inf, 199.86934673366835, 408.27422429808917, 41207.211577, 851705.14504, 1.245756, 19737.67174, 2530.388158, 0, 6567, 120.0347671508789, 15790279, 20540355, 513852769, 550183403, 25798.371603786945, 39.96088820695877, 524720.930165, inf, 401.75757575757575, 707.2358641168535, 64142.674178, 448635.355012, 0.32527, 9478.320802, 2464.254903, 0, 3267, 78.22770690917969, 7835479, 32728903, 253186263, 293750645, 25551.54110187292, 21.25446492433548, 318788.568261, inf, 811.7142857142857, 1155.9425697195325, 92961.101136, 218236.114631, 0.089398, 5217.071495, 2374.191601, 0, 1617, 42.18931579589844, 3858079, 48859654, 122992303, 175710036
39774, 39774, 0, 0, fixed_reps_35, 25969.66094124317, 81.04851311445236, 960476.353175, inf, 199.86934673366835, 408.27422429808917, 41207.211577, 896818.080682, 1.271375, 19737.67174, 2712.117801, 0, 6965, 116.02539825439453, 15790279, 20540355, 544995349, 581325983, 25797.64427793026, 39.23356235027313, 550852.338816, inf, 401.75757575757575, 707.2358641168535, 64142.674178, 474615.84607, 0.326914, 9478.320802, 2615.170852, 0, 3465, 77.7735595703125, 7835479, 32728903, 268530879, 309095261, 25551.143342733383, 20.85670578479767, 331562.218198, inf, 811.7142857142857, 1155.9425697195325, 92961.101136, 230873.713488, 0.087364, 5217.071495, 2510.244715, 0, 1715, 42.02604293823242, 3858079, 48859654, 130446379, 183164112
39774, 39774, 0, 0, fixed_reps_37, 25968.22695839405, 79.61453026533127, 1022241.284544, inf, 199.86934673366835, 408.27422429808917, 41207.211577, 958495.457446, 1.278979, 19737.67174, 2799.664802, 0, 7363, 113.70722961425781, 15790279, 20540355, 576137929, 612468563, 25797.29507148266, 38.884355902671814, 577256.807335, inf, 401.75757575757575, 707.2358641168535, 64142.674178, 500871.413636, 0.311595, 9478.320802, 2764.087124, 0, 3663, 77.19593048095703, 7835479, 32728903, 283875495, 324439877, 25550.948796510696, 20.6621595621109, 345012.60567500006, inf, 811.7142857142857, 1155.9425697195325, 92961.101136, 244184.566858, 0.087233, 5217.071495, 2649.778953, 0, 1813, 41.83688735961914, 3858079, 48859654, 137900455, 190618188
39774, 39774, 0, 0, fixed_reps_39, 25967.930814504623, 79.31838637590408, 1054919.607178, inf, 199.86934673366835, 408.27422429808917, 41207.211577, 991034.61512, 1.421105, 19737.67174, 2938.687636, 0, 7761, 111.07833099365234, 15790279, 20540355, 607280509, 643611143, 25797.210349202156, 38.799633622169495, 604005.439803, inf, 401.75757575757575, 707.2358641168535, 64142.674178, 527477.313901, 0.33062, 9478.320802, 2906.800302, 0, 3861, 76.3814697265625, 7835479, 32728903, 299220111, 339784493, 25550.90712982416, 20.62049287557602, 357851.332389, inf, 811.7142857142857, 1155.9425697195325, 92961.101136, 256881.240978, 0.089307, 5217.071495, 2791.829473, 0, 1911, 41.567848205566406, 3858079, 48859654, 145354531, 198072264
39774, 39774, 0, 0, fixed_reps_41, 25967.04524844885, 78.4328203201294, 1100424.894305, inf, 199.86934673366835, 408.27422429808917, 41207.211577, 1036325.822277, 1.206974, 19737.67174, 3152.981737, 0, 8159, 106.23283386230469, 15790279, 20540355, 638423089, 674753723, 25796.41344475746, 38.002729177474976, 629946.409506, inf, 401.75757575757575, 707.2358641168535, 64142.674178, 553273.171345, 0.328917, 9478.320802, 3051.914264, 0, 4059, 74.75639343261719, 7835479, 32728903, 314564727, 355129109, 25550.504532396793, 20.217895448207855, 370234.973048, inf, 811.7142857142857, 1155.9425697195325, 92961.101136, 269121.947165, 0.089698, 5217.071495, 2934.763554, 0, 2009, 41.2059326171875, 3858079, 48859654, 152808607, 205526340
39774, 39774, 0, 0, fixed_reps_5, 25998.557282090187, 109.94485396146774, 199161.960235, inf, 199.86934673366835, 408.27422429808917, 41207.211577, 137825.65636, 1.302973, 19737.67174, 390.117585, 0, 995, 178.01576232910156, 15790279, 20540355, 77856649, 114187283, 25810.991617321968, 52.580901741981506, 145145.250225, inf, 401.75757575757575, 707.2358641168535, 64142.674178, 71151.472459, 0.339146, 9478.320802, 372.44364, 0, 495, 93.75348663330078, 7835479, 32728903, 38361639, 78926021, 25557.247710824013, 26.961073875427246, 132317.085738, inf, 811.7142857142857, 1155.9425697195325, 92961.101136, 33787.875158, 0.091271, 5217.071495, 350.946678, 0, 245, 46.929744720458984, 3858079, 48859654, 18635239, 71352972
39774, 39774, 0, 0, fixed_reps_7, 25995.371650516987, 106.75922238826752, 252379.30554699997, inf, 199.86934673366835, 408.27422429808917, 41207.211577, 190891.410224, 1.239564, 19737.67174, 541.772442, 0, 1393, 171.9728546142578, 15790279, 20540355, 108999229, 145329863, 25809.986361801624, 51.575646221637726, 177078.52043499998, inf, 401.75757575757575, 707.2358641168535, 64142.674178, 102918.277775, 0.337784, 9478.320802, 538.909896, 0, 693, 91.89952850341797, 7835479, 32728903, 53706255, 94270637, 25556.97688949108, 26.690252542495728, 148075.737996, inf, 811.7142857142857, 1155.9425697195325, 92961.101136, 49383.18231, 0.080531, 5217.071495, 514.302524, 0, 343, 46.24433898925781, 3858079, 48859654, 26089315, 78807048
39774, 39774, 0, 0, fixed_reps_9, 25991.56074053049, 102.94831240177155, 303815.135021, inf, 199.86934673366835, 408.27422429808917, 41207.211577, 242174.727267, 1.239895, 19737.67174, 694.284542, 0, 1791, 168.22955322265625, 15790279, 20540355, 140141809, 176472443, 25808.850819706917, 50.44010412693024, 203687.22360499998, inf, 401.75757575757575, 707.2358641168535, 64142.674178, 129371.020382, 0.321653, 9478.320802, 694.88659, 0, 891, 91.01810455322266, 7835479, 32728903, 69050871, 109615253, 25556.495168745518, 26.20853179693222, 162888.061716, inf, 811.7142857142857, 1155.9425697195325, 92961.101136, 64042.047164, 0.087875, 5217.071495, 667.754046, 0, 441, 45.213233947753906, 3858079, 48859654, 33543391, 86261124
39774, 39774, 0, 0, greedy_1.000000, 26011.874788045883, 123.26235991716385, 85829.23073699999, inf, 199.86934673366835, 408.27422429808917, 41207.211577, 24805.073296, 1.26917, 19737.67174, 77.996358, 0.008596, 199, 195.16769409179688, 15790279, 20540355, 15571489, 51902123, 25817.628324389458, 59.21760880947113, 86595.725164, inf, 401.75757575757575, 707.2358641168535, 64142.674178, 12894.019513, 0.353543, 9478.320802, 80.353091, 0.004037, 99, 98.2403335571289, 7835479, 32728903, 7672407, 48236789, 25560.90450692177, 30.617869973182678, 104564.47657200001, inf, 811.7142857142857, 1155.9425697195325, 92961.101136, 6304.031719, 0.080992, 5217.071495, 82.189167, 0.002063, 49, 48.50776290893555, 3858079, 48859654, 3727087, 56444820
39774, 39774, 0, 0, greedy_11.000000, 25994.814257383347, 106.20182925462723, 410416.365481, inf, 199.86934673366835, 408.27422429808917, 41207.211577, 208841.825396, 1.307863, 19737.67174, 140627.820844, 0.528061, 2189, 176.6497802734375, 15790279, 20540355, 188642033, 224972667, 25809.683763444424, 51.2730478644371, 241315.033088, inf, 401.75757575757575, 707.2358641168535, 64142.674178, 94973.699204, 0.35173, 9478.320802, 72719.840719, 0.146455, 1089, 94.38969421386719, 7835479, 32728903, 90948774, 131513156, 25557.3957593441, 27.109122395515442, 177258.59475999998, inf, 811.7142857142857, 1155.9425697195325, 92961.101136, 42810.149229, 0.089809, 5217.071495, 36270.135292, 0.047799, 539, 47.544918060302734, 3858079, 48859654, 44462767, 97180500
39774, 39774, 0, 0, greedy_13.000000, 25994.814257383347, 106.20182925462723, 475565.10308900004, inf, 199.86934673366835, 408.27422429808917, 41207.211577, 245681.053582, 1.25855, 19737.67174, 168937.262481, 0.645159, 2587, 176.6497802734375, 15790279, 20540355, 219969409, 256300043, 25807.776517868042, 49.36580228805542, 269815.883747, inf, 401.75757575757575, 707.2358641168535, 64142.674178, 109468.621823, 0.347612, 9478.320802, 86725.743181, 0.176151, 1287, 94.35729217529297, 7835479, 32728903, 106378122, 146942504, 25557.13708537817, 26.850448429584503, 190079.765589, inf, 811.7142857142857, 1155.9425697195325, 92961.101136, 48408.471348, 0.089998, 5217.071495, 43492.98256, 0.049052, 637, 47.531524658203125, 3858079, 48859654, 52007983, 104725716
39774, 39774, 0, 0, greedy_15.000000, 25994.814257383347, 106.20182925462723, 539817.947366, inf, 199.86934673366835, 408.27422429808917, 41207.211577, 281726.275487, 1.252939, 19737.67174, 197144.778052, 0.757571, 2985, 176.6497802734375, 15790279, 20540355, 251296785, 287627419, 25806.797218620777, 48.38650304079056, 296717.434805, inf, 401.75757575757575, 707.2358641168535, 64142.674178, 123989.050538, 0.347933, 9478.320802, 99106.8526, 0.188754, 1485, 94.31562805175781, 7835479, 32728903, 121807470, 162371852, 25555.919859468937, 25.63322252035141, 202452.234913, inf, 811.7142857142857, 1155.9425697195325, 92961.101136, 54893.566448, 0.092574, 5217.071495, 49380.352976, 0.050284, 735, 47.5163459777832, 3858079, 48859654, 59553199, 112270932
39774, 39774, 0, 0, greedy_17.000000, 25994.814257383347, 106.20182925462723, 603886.3236610001, inf, 199.86934673366835, 408.27422429808917, 41207.211577, 317226.416648, 1.259372, 19737.67174, 225712.927184, 0.83714, 3383, 176.6497802734375, 15790279, 20540355, 282624161, 318954795, 25806.087374985218, 47.676659405231476, 326808.549052, inf, 401.75757575757575, 707.2358641168535, 64142.674178, 137919.709785, 0.355917, 9478.320802, 115267.24808, 0.24029, 1683, 94.26434326171875, 7835479, 32728903, 137236818, 177801200, 25555.667455732822, 25.380818784236908, 218231.467697, inf, 811.7142857142857, 1155.9425697195325, 92961.101136, 62369.665267, 0.093386, 5217.071495, 57683.479907, 0.056506, 833, 47.50595474243164, 3858079, 48859654, 67098415, 119816148
39774, 39774, 0, 0, greedy_19.000000, 25994.814257383347, 106.20182925462723, 654371.9938700001, inf, 199.86934673366835, 408.27422429808917, 41207.211577, 345926.155365, 1.27422, 19737.67174, 247498.459478, 1.22149, 3781, 176.6497802734375, 15790279, 20540355, 313951537, 350282171, 25804.878247320652, 46.467531740665436, 354955.028208, inf, 401.75757575757575, 707.2358641168535, 64142.674178, 151564.717077, 0.350116, 9478.320802, 129768.720845, 0.24519, 1881, 93.64895629882812, 7835479, 32728903, 152666166, 193230548, 25555.447001218796, 25.160364270210266, 232117.98381200002, inf, 811.7142857142857, 1155.9425697195325, 92961.101136, 69145.131232, 0.092703, 5217.071495, 64794.517365, 0.069881, 931, 47.48777389526367, 3858079, 48859654, 74643631, 127361364
39774, 39774, 0, 0, greedy_21.000000, 25994.814257383347, 106.20182925462723, 716366.294071, inf, 199.86934673366835, 408.27422429808917, 41207.211577, 380412.205655, 1.265803, 19737.67174, 275006.931486, 1.00781, 4179, 176.6497802734375, 15790279, 20540355, 345278913, 381609547, 25804.878247320652, 46.467531740665436, 386685.694163, inf, 401.75757575757575, 707.2358641168535, 64142.674178, 168769.878791, 0.343704, 9478.320802, 144294.206521, 0.270167, 2079, 93.64895629882812, 7835479, 32728903, 168095514, 208659896, 25555.291445612907, 25.0048086643219, 244928.96436100002, inf, 811.7142857142857, 1155.9425697195325, 92961.101136, 74789.22392, 0.093325, 5217.071495, 71961.401618, 0.072867, 1029, 47.48777389526367, 3858079, 48859654, 82188847, 134906580
39774, 39774, 0, 0, greedy_23.000000, 25994.814257383347, 106.20182925462723, 779076.854821, inf, 199.86934673366835, 408.27422429808917, 41207.211577, 415369.329588, 1.3064, 19737.67174, 302760.235243, 1.100273, 4577, 176.6497802734375, 15790279, 20540355, 376606289, 412936923, 25804.878247320652, 46.467531740665436, 419650.03765899997, inf, 401.75757575757575, 707.2358641168535, 64142.674178, 187032.600274, 0.345318, 9478.320802, 158995.798758, 0.298329, 2277, 93.64895629882812, 7835479, 32728903, 183524862, 224089244, 25554.95300859213, 24.666371643543243, 259280.52257499998, inf, 811.7142857142857, 1155.9425697195325, 92961.101136, 81928.653215, 0.09587, 5217.071495, 79173.516872, 0.083987, 1127, 47.47038269042969, 3858079, 48859654, 89734063, 142451796
39774, 39774, 0, 0, greedy_25.000000, 25994.814257383347, 106.20182925462723, 853229.531894, inf, 199.86934673366835, 408.27422429808917, 41207.211577, 455522.769422, 1.265531, 19737.67174, 336759.398836, 1.214788, 4975, 176.6497802734375, 15790279, 20540355, 407933665, 444264299, 25804.878247320652, 46.467531740665436, 451406.779088, inf, 401.75757575757575, 707.2358641168535, 64142.674178, 204329.877, 0.345929, 9478.320802, 173455.245236, 0.315943, 2475, 93.64895629882812, 7835479, 32728903, 198954210, 239518592, 25554.87456136942, 24.587924420833588, 273425.487538, inf, 811.7142857142857, 1155.9425697195325, 92961.101136, 88954.485114, 0.09579, 5217.071495, 86292.64696, 0.087043, 1225, 47.45700454711914, 3858079, 48859654, 97279279, 149997012
39774, 39774, 0, 0, greedy_27.000000, 25994.814257383347, 106.20182925462723, 908715.6845030001, inf, 199.86934673366835, 408.27422429808917, 41207.211577, 484245.184855, 1.275001, 19737.67174, 363522.976411, 1.364919, 5373, 176.6497802734375, 15790279, 20540355, 439261041, 475591675, 25804.878247320652, 46.467531740665436, 480012.874573, inf, 401.75757575757575, 707.2358641168535, 64142.674178, 222001.004204, 0.352181, 9478.320802, 184390.18822, 0.334988, 2673, 93.64895629882812, 7835479, 32728903, 214383558, 254947940, 25554.377073407173, 24.090436458587646, 287461.04233499995, inf, 811.7142857142857, 1155.9425697195325, 92961.101136, 95794.060791, 0.094688, 5217.071495, 93488.625258, 0.088967, 1323, 47.44777297973633, 3858079, 48859654, 104824495, 157542228
39774, 39774, 0, 0, greedy_29.000000, 25994.814257383347, 106.20182925462723, 967125.2576959999, inf, 199.86934673366835, 408.27422429808917, 41207.211577, 518542.800099, 1.282515, 19737.67174, 387634.921636, 1.370129, 5771, 176.6497802734375, 15790279, 20540355, 470588417, 506919051, 25804.878247320652, 46.467531740665436, 516490.84449200006, inf, 401.75757575757575, 707.2358641168535, 64142.674178, 239853.20293, 0.338365, 9478.320802, 203015.905732, 0.402485, 2871, 93.64895629882812, 7835479, 32728903, 229812906, 270377288, 25554.2583309412, 23.971693992614746, 299852.96548599994, inf, 811.7142857142857, 1155.9425697195325, 92961.101136, 101300.423314, 0.094017, 5217.071495, 100374.163433, 0.112091, 1421, 47.437774658203125, 3858079, 48859654, 112369711, 165087444
39774, 39774, 0, 0, greedy_3.000000, 26002.91187888384, 114.29945075511932, 168439.342659, inf, 199.86934673366835, 408.27422429808917, 41207.211577, 79045.648421, 1.292293, 19737.67174, 28447.384356, 0.134272, 597, 177.72569274902344, 15790279, 20540355, 62581953, 98912587, 25813.87136220932, 55.460646629333496, 127085.22741400001, inf, 401.75757575757575, 707.2358641168535, 64142.674178, 38607.387751, 0.345518, 9478.320802, 14856.463979, 0.035186, 297, 94.64895629882812, 7835479, 32728903, 29231382, 69795764, 25559.312433063984, 29.025796115398407, 124331.42047299999, inf, 811.7142857142857, 1155.9425697195325, 92961.101136, 19166.349676, 0.094156, 5217.071495, 6986.791837, 0.012173, 147, 47.687774658203125, 3858079, 48859654, 14281903, 66999636
39774, 39774, 0, 0, greedy_31.000000, 25994.814257383347, 106.20182925462723, 1024440.217904, inf, 199.86934673366835, 408.27422429808917, 41207.211577, 553574.358308, 1.495915, 19737.67174, 409917.932281, 1.548083, 6169, 176.6497802734375, 15790279, 20540355, 501915793, 538246427, 25804.878247320652, 46.467531740665436, 545521.048607, inf, 401.75757575757575, 707.2358641168535, 64142.674178, 255977.971308, 0.351409, 9478.320802, 215921.32573, 0.40518, 3069, 93.64895629882812, 7835479, 32728903, 245242254, 285806636, 25553.994421303272, 23.707784354686737, 314088.020201, inf, 811.7142857142857, 1155.9425697195325, 92961.101136, 108643.822691, 0.092103, 5217.071495, 107265.832127, 0.100649, 1519, 47.426902770996094, 3858079, 48859654, 119914927, 172632660
39774, 39774, 0, 0, greedy_33.000000, 25994.814257383347, 106.20182925462723, 1091804.065215, inf, 199.86934673366835, 408.27422429808917, 41207.211577, 587521.426136, 1.314535, 19737.67174, 443334.87534, 1.565887, 6567, 176.6497802734375, 15790279, 20540355, 533243169, 569573803, 25804.878247320652, 46.467531740665436, 579626.613133, inf, 401.75757575757575, 707.2358641168535, 64142.674178, 275150.930354, 0.354696, 9478.320802, 230853.925859, 0.407244, 3267, 93.64895629882812, 7835479, 32728903, 260671602, 301235984, 25553.65103507042, 23.3643981218338, 328495.660815, inf, 811.7142857142857, 1155.9425697195325, 92961.101136, 115842.393804, 0.091451, 5217.071495, 114474.881321, 0.121608, 1617, 47.41504669189453, 3858079, 48859654, 127460143, 180177876
39774, 39774, 0, 0, greedy_35.000000, 25994.814257383347, 106.20182925462723, 1171224.888523, inf, 199.86934673366835, 408.27422429808917, 41207.211577, 631392.028597, 1.316028, 19737.67174, 478884.829477, 1.831104, 6965, 176.6497802734375, 15790279, 20540355, 564570545, 600901179, 25804.878247320652, 46.467531740665436, 606213.818322, inf, 401.75757575757575, 707.2358641168535, 64142.674178, 291946.926919, 0.334618, 9478.320802, 240645.138181, 0.423624, 3465, 93.64895629882812, 7835479, 32728903, 276100950, 316665332, 25553.29216760397, 23.005530655384064, 342051.163191, inf, 811.7142857142857, 1155.9425697195325, 92961.101136, 122612.691796, 0.093696, 5217.071495, 121260.088029, 0.117039, 1715, 47.40205764770508, 3858079, 48859654, 135005359, 187723092
39774, 39774, 0, 0, greedy_37.000000, 25994.814257383347, 106.20182925462723, 1215586.403992, inf, 199.86934673366835, 408.27422429808917, 41207.211577, 658797.531341, 1.31188, 19737.67174, 495840.806305, 1.871149, 7363, 176.6497802734375, 15790279, 20540355, 595897921, 632228555, 25804.878247320652, 46.467531740665436, 641671.006332, inf, 401.75757575757575, 707.2358641168535, 64142.674178, 309783.176069, 0.352971, 9478.320802, 258266.022078, 0.460234, 3663, 93.64895629882812, 7835479, 32728903, 291530298, 332094680, 25552.836612045765, 22.549975097179413, 353726.87340700004, inf, 811.7142857142857, 1155.9425697195325, 92961.101136, 128551.121017, 0.095779, 5217.071495, 126997.351712, 0.132268, 1813, 47.39365768432617, 3858079, 48859654, 142550575, 195268308
39774, 39774, 0, 0, greedy_39.000000, 25994.814257383347, 106.20182925462723, 1282775.55358, inf, 199.86934673366835, 408.27422429808917, 41207.211577, 694116.486836, 1.31137, 19737.67174, 527710.9699, 1.902157, 7761, 176.6497802734375, 15790279, 20540355, 627225297, 663555931, 25804.878247320652, 46.467531740665436, 673522.4236470001, inf, 401.75757575757575, 707.2358641168535, 64142.674178, 327339.977833, 0.354535, 9478.320802, 272560.604637, 0.491662, 3861, 93.64895629882812, 7835479, 32728903, 306959646, 347524028, 25552.282467007637, 21.995830059051514, 364061.89025, inf, 811.7142857142857, 1155.9425697195325, 92961.101136, 134049.581645, 0.092483, 5217.071495, 131833.923136, 0.120355, 1911, 47.38008117675781, 3858079, 48859654, 150095791, 202813524
39774, 39774, 0, 0, greedy_5.000000, 25998.715589880943, 110.10316175222397, 225776.434295, inf, 199.86934673366835, 408.27422429808917, 41207.211577, 108963.639807, 1.29084, 19737.67174, 55866.388576, 0.231755, 995, 177.3997802734375, 15790279, 20540355, 94659905, 130990539, 25812.740832448006, 54.330116868019104, 154579.585513, inf, 401.75757575757575, 707.2358641168535, 64142.674178, 51347.223726, 0.359484, 9478.320802, 29610.945837, 0.061486, 495, 94.506103515625, 7835479, 32728903, 44660730, 85225112, 25558.320712208748, 28.034075260162354, 135364.924109, inf, 811.7142857142857, 1155.9425697195325, 92961.101136, 23056.699905, 0.095509, 5217.071495, 14129.937208, 0.018856, 245, 47.687774658203125, 3858079, 48859654, 21827119, 74544852
39774, 39774, 0, 0, greedy_7.000000, 25995.534817159176, 106.92238903045654, 285111.01164700004, inf, 199.86934673366835, 408.27422429808917, 41207.211577, 139063.473562, 1.318192, 19737.67174, 85100.846887, 0.489689, 1393, 177.20533752441406, 15790279, 20540355, 125987281, 162317915, 25811.730102300644, 53.31938672065735, 184051.075359, inf, 401.75757575757575, 707.2358641168535, 64142.674178, 66391.362333, 0.349636, 9478.320802, 44038.269795, 0.098615, 693, 94.45848083496094, 7835479, 32728903, 60090078, 100654460, 25557.99647808075, 27.709841132164, 149716.42372199998, inf, 811.7142857142857, 1155.9425697195325, 92961.101136, 30248.840952, 0.091121, 5217.071495, 21289.294742, 0.024276, 343, 47.587772369384766, 3858079, 48859654, 29372335, 82090068
39774, 39774, 0, 0, greedy_9.000000, 25994.814257383347, 106.20182925462723, 346467.12239599996, inf, 199.86934673366835, 408.27422429808917, 41207.211577, 172608.35254, 1.291612, 19737.67174, 112911.998288, 0.596639, 1791, 176.6497802734375, 15790279, 20540355, 157314657, 193645291, 25810.60387867689, 52.193163096904755, 212321.113588, inf, 401.75757575757575, 707.2358641168535, 64142.674178, 80299.247898, 0.350888, 9478.320802, 58400.382124, 0.137698, 891, 94.42168426513672, 7835479, 32728903, 75519426, 116083808, 25557.929309129715, 27.642672181129456, 163649.64740599997, inf, 811.7142857142857, 1155.9425697195325, 92961.101136, 36426.950414, 0.089498, 5217.071495, 29044.396682, 0.038181, 441, 47.562774658203125, 3858079, 48859654, 36917551, 89635284
39774, 39774, 0, 0, opt, 25951.85747373104, 63.245045602321625, 2733309.957545, inf, 199.86934673366835, 408.27422429808917, 41207.211577, 2672364.025591, 1.048637, 19737.67174, 0, 0, 0, 0, 15790279, 20540355, 1538206752, 1574537386, 25782.371981859207, 23.96126627922058, 2748559.611118, inf, 401.75757575757575, 707.2358641168535, 64142.674178, 2674938.339239, 0.276899, 9478.320802, 0, 0, 0, 0, 7835479, 32728903, 1515817112, 1556381494, 25539.934649705887, 9.64801275730133, 2675597.840988, inf, 811.7142857142857, 1155.9425697195325, 92961.101136, 2577419.593647, 0.07471, 5217.071495, 0, 0, 0, 0, 3858079, 48859654, 1473832800, 1526550533
39774, 39774, 0, 0, plus_edge, 26008.54276883602, 119.9303407073021, 86520.407242, inf, 199.86934673366835, 408.27422429808917, 41207.211577, 25574.456033, 1.067892, 19737.67174, 0, 0, 0, 0, 15790279, 20540355, 15570720, 51901354, 25816.247369349003, 57.836653769016266, 86938.22306, inf, 401.75757575757575, 707.2358641168535, 64142.674178, 13316.938968, 0.289112, 9478.320802, 0, 0, 0, 0, 7835479, 32728903, 7642138, 48206520, 25560.28057539463, 29.993938446044922, 104532.19454899999, inf, 811.7142857142857, 1155.9425697195325, 92961.101136, 6353.9429, 0.079018, 5217.071495, 0, 0, 0, 0, 3858079, 48859654, 3689568, 56407301
39774, 39774, 0, 0, simple, 26011.874788045883, 123.26235991716385, 86643.511339, inf, 199.86934673366835, 408.27422429808917, 41207.211577, 25697.50094, 1.127082, 19737.67174, 0, 0, 0, 0, 15790279, 20540355, 15531516, 51862150, 25817.628324389458, 59.21760880947113, 86783.20612, inf, 401.75757575757575, 707.2358641168535, 64142.674178, 13161.925434, 0.285706, 9478.320802, 0, 0, 0, 0, 7835479, 32728903, 7632534, 48196916, 25560.90450692177, 30.617869973182678, 104504.699218, inf, 811.7142857142857, 1155.9425697195325, 92961.101136, 6326.44828, 0.078307, 5217.071495, 0, 0, 0, 0, 3858079, 48859654, 3687264, 56404997
39774, 39774, 0, 0, dp_1.000000, 25997.894312620163, 122.78592854738235, 89321.89403899999, inf, 199.86934673366835, 446.4991944767847, 46352.025446, 23155.416569, 1.316248, 19740.777812, 72.346032, 0.011932, 199, 0, 15790279, 23791387, 14895913, 54477579, 25729.919720709324, 57.933020174503326, 108008.073448, inf, 401.75757575757575, 858.3265382597647, 87582.730866, 11097.789758, 0.305152, 9256.488251, 70.75344, 0.005981, 99, 0, 7835479, 44437726, 7090973, 59364178, 25553.589284181595, 27.02406221628189, 118898.43769899999, inf, 811.7142857142857, 1285.2513928633348, 108506.836107, 5272.01346, 0.07984, 5051.525623, 67.979593, 0.003076, 49, 0, 3858079, 56593518, 3448495, 63900092
39774, 39774, 0, 0, dp_11.000000, 25968.003304183483, 92.89492011070251, 453688.302278, inf, 199.86934673366835, 446.4991944767847, 46352.025446, 248277.62181, 1.400587, 19740.777812, 139067.497049, 248.979574, 2189, 105.03305053710938, 15790279, 23791387, 243355873, 282937539, 25717.047285974026, 45.06058543920517, 287887.914414, inf, 401.75757575757575, 858.3265382597647, 87582.730866, 121690.908977, 0.355376, 9256.488251, 69328.144455, 29.286489, 1089, 68.0594482421875, 7835479, 44437726, 116183158, 168456363, 25548.438053131104, 21.872831165790558, 212501.35961899997, inf, 811.7142857142857, 1285.2513928633348, 108506.836107, 63637.664257, 0.096902, 5051.525623, 35301.538936, 3.697794, 539, 41.83100891113281, 3858079, 56593518, 57734615, 118186212
39774, 39774, 0, 0, dp_13.000000, 25965.64853221178, 90.54014813899994, 516376.179847, inf, 199.86934673366835, 446.4991944767847, 46352.025446, 289178.280178, 2.154339, 19740.777812, 160743.678312, 359.26376, 2587, 98.0192642211914, 15790279, 23791387, 288905745, 328487411, 25715.909310758114, 43.922610223293304, 329767.585749, inf, 401.75757575757575, 858.3265382597647, 87582.730866, 148478.515793, 0.349906, 9256.488251, 84408.078165, 41.422768, 1287, 65.79585266113281, 7835479, 44437726, 138304510, 190577715, 25548.18906325102, 21.623841285705566, 231691.820446, inf, 811.7142857142857, 1285.2513928633348, 108506.836107, 76098.540167, 0.076764, 5051.525623, 42029.66115, 5.180635, 637, 41.03207778930664, 3858079, 56593518, 68591839, 129043436
39774, 39774, 0, 0, dp_15.000000, 25963.47014659643, 88.36176252365112, 595843.21153, inf, 199.86934673366835, 446.4991944767847, 46352.025446, 338466.722742, 1.251267, 19740.777812, 190813.434597, 468.999666, 2985, 91.90814208984375, 15790279, 23791387, 334443707, 374025373, 25715.071951270103, 43.0852507352829, 365814.97520499997, inf, 401.75757575757575, 858.3265382597647, 87582.730866, 170864.676952, 0.355817, 9256.488251, 98054.988171, 55.735148, 1485, 63.799556732177734, 7835479, 44437726, 160425862, 212699067, 25548.089063227177, 21.52384126186371, 251981.00418899997, inf, 811.7142857142857, 1285.2513928633348, 108506.836107, 89235.211036, 0.093806, 5051.525623, 49180.41763, 6.919987, 735, 40.28174591064453, 3858079, 56593518, 79449063, 139900660
39774, 39774, 0, 0, dp_17.000000, 25961.154628694057, 86.04624462127686, 677097.72114, inf, 199.86934673366835, 446.4991944767847, 46352.025446, 389618.077112, 1.328431, 19740.777812, 220781.758238, 603.754101, 3383, 86.43017578125, 15790279, 23791387, 380135699, 419717365, 25714.488372683525, 42.50167214870453, 403021.825449, inf, 401.75757575757575, 858.3265382597647, 87582.730866, 193334.980474, 0.344667, 9256.488251, 112774.526296, 72.754895, 1683, 61.90525436401367, 7835479, 44437726, 182547214, 234820419, 25547.225260555744, 20.660038590431213, 270371.477885, inf, 811.7142857142857, 1285.2513928633348, 108506.836107, 100695.379329, 0.102883, 5051.525623, 56108.8869, 8.747043, 833, 39.50300979614258, 3858079, 56593518, 90306287, 150757884
39774, 39774, 0, 0, dp_19.000000, 25959.062752902508, 83.95436882972717, 744255.037349, inf, 199.86934673366835, 446.4991944767847, 46352.025446, 429809.296644, 1.309426, 19740.777812, 247565.325815, 786.302206, 3781, 81.43865966796875, 15790279, 23791387, 425827691, 465409357, 25713.57883232832, 41.59213179349899, 441280.653428, inf, 401.75757575757575, 858.3265382597647, 87582.730866, 217696.568344, 0.366657, 9256.488251, 126652.506689, 91.992621, 1881, 60.1558952331543, 7835479, 44437726, 204668566, 256941771, 25546.432830691338, 19.867608726024628, 287365.669996, inf, 811.7142857142857, 1285.2513928633348, 108506.836107, 110901.542607, 0.098285, 5051.525623, 62894.514089, 11.153285, 931, 38.79328536987305, 3858079, 56593518, 101163511, 161615108
39774, 39774, 0, 0, dp_21.000000, 25956.96484518051, 81.85646110773087, 811621.578448, inf, 199.86934673366835, 446.4991944767847, 46352.025446, 478366.88754, 1.327209, 19740.777812, 266229.852981, 930.70746, 4179, 76.99494934082031, 15790279, 23791387, 471673713, 511255379, 25712.995975136757, 41.00927460193634, 478217.382544, inf, 401.75757575757575, 858.3265382597647, 87582.730866, 241851.424581, 0.348794, 9256.488251, 139413.529676, 112.860376, 2079, 58.42728042602539, 7835479, 44437726, 226789918, 279063123, 25546.193124771118, 19.627902805805206, 309071.632294, inf, 811.7142857142857, 1285.2513928633348, 108506.836107, 125803.538397, 0.076363, 5051.525623, 69696.293015, 13.362789, 1029, 38.228824615478516, 3858079, 56593518, 112020735, 172472332
39774, 39774, 0, 0, dp_23.000000, 25954.99288111925, 79.88449704647064, 888241.502246, inf, 199.86934673366835, 446.4991944767847, 46352.025446, 525283.999823, 1.291051, 19740.777812, 295744.161592, 1119.246522, 4577, 72.88984680175781, 15790279, 23791387, 517211675, 556793341, 25712.036126732826, 40.049426198005676, 517185.232, inf, 401.75757575757575, 858.3265382597647, 87582.730866, 266561.714004, 0.359735, 9256.488251, 153647.858753, 136.080391, 2277, 56.849002838134766, 7835479, 44437726, 248911270, 301184475, 25545.42819726467, 18.862975299358368, 324247.43136, inf, 811.7142857142857, 1285.2513928633348, 108506.836107, 134111.869613, 0.1009, 5051.525623, 76560.900781, 16.198336, 1127, 37.47115707397461, 3858079, 56593518, 122877959, 183329556
39774, 39774, 0, 0, dp_25.000000, 25954.18617260456, 79.07778853178024, 955663.0611699999, inf, 199.86934673366835, 446.4991944767847, 46352.025446, 570240.20713, 1.326528, 19740.777812, 318002.473471, 1326.250783, 4975, 69.00470733642578, 15790279, 23791387, 562903667, 602485333, 25711.380463719368, 39.393763184547424, 557982.056731, inf, 401.75757575757575, 858.3265382597647, 87582.730866, 292703.115012, 0.361508, 9256.488251, 168277.214165, 162.146929, 2475, 55.41232681274414, 7835479, 44437726, 271032622, 323305827, 25545.288491368294, 18.723269402980804, 345823.326882, inf, 811.7142857142857, 1285.2513928633348, 108506.836107, 148840.958686, 0.099126, 5051.525623, 83404.697537, 19.209803, 1225, 37.094085693359375, 3858079, 56593518, 133420203, 193871800
39774, 39774, 0, 0, dp_27.000000, 25953.509953916073, 78.40156984329224, 1037576.7115459999, inf, 199.86934673366835, 446.4991944767847, 46352.025446, 622208.773109, 1.513849, 19740.777812, 347726.031002, 1547.590328, 5373, 65.43287658691406, 15790279, 23791387, 608595659, 648177325, 25710.39540618658, 38.4087056517601, 587440.507566, inf, 401.75757575757575, 858.3265382597647, 87582.730866, 309147.485407, 0.351118, 9256.488251, 181264.26836, 189.183564, 2673, 54.142730712890625, 7835479, 44437726, 293153974, 345427179, 25544.899809479713, 18.334587514400482, 364023.21137299994, inf, 811.7142857142857, 1285.2513928633348, 108506.836107, 160280.548209, 0.097042, 5051.525623, 90161.895016, 22.309376, 1323, 36.4101448059082, 3858079, 56593518, 144592407, 205044004
39774, 39774, 0, 0, dp_29.000000, 25952.578640818596, 77.47025674581528, 1122392.085446, inf, 199.86934673366835, 446.4991944767847, 46352.025446, 678369.416575, 1.32788, 19740.777812, 376142.99802, 1785.539713, 5771, 62.470855712890625, 15790279, 23791387, 654003411, 693585077, 25709.870532393456, 37.88383185863495, 631274.508157, inf, 401.75757575757575, 858.3265382597647, 87582.730866, 338808.42215, 0.353723, 9256.488251, 195407.874171, 218.638996, 2871, 52.750423431396484, 7835479, 44437726, 315275326, 367548531, 25544.763057351112, 18.197835385799408, 385485.062355, inf, 811.7142857142857, 1285.2513928633348, 108506.836107, 175005.839692, 0.096712, 5051.525623, 96895.060069, 25.704152, 1421, 36.07878112792969, 3858079, 56593518, 155134651, 215586248
39774, 39774, 0, 0, dp_3.000000, 25984.427356779575, 109.31897270679474, 161679.07448100002, inf, 199.86934673366835, 446.4991944767847, 46352.025446, 66356.895846, 1.302012, 19740.777812, 29214.274538, 13.798827, 597, 150.04454040527344, 15790279, 23791387, 60587905, 100169571, 25724.92149811983, 52.93479758501053, 143477.45760700002, inf, 401.75757575757575, 858.3265382597647, 87582.730866, 32412.504912, 0.361498, 9256.488251, 14223.649169, 1.722911, 297, 84.14079284667969, 7835479, 44437726, 29180100, 81453305, 25551.366285800934, 24.80106383562088, 136481.380923, inf, 811.7142857142857, 1285.2513928633348, 108506.836107, 16424.975918, 0.081943, 5051.525623, 6497.743894, 0.217438, 147, 46.37623977661133, 3858079, 56593518, 14305719, 74757316
39774, 39774, 0, 0, dp_31.000000, 25952.11194896698, 77.00356489419937, 1193555.128803, inf, 199.86934673366835, 446.4991944767847, 46352.025446, 722836.507646, 1.319515, 19740.777812, 402582.078845, 2042.419539, 6169, 59.667930603027344, 15790279, 23791387, 699695403, 739277069, 25709.278011024, 37.291310489177704, 667741.118754, inf, 401.75757575757575, 858.3265382597647, 87582.730866, 362077.031993, 0.358052, 9256.488251, 208574.197306, 250.312286, 3069, 51.47726058959961, 7835479, 44437726, 337396678, 389669883, 25544.4272493124, 17.86202734708786, 400222.998703, inf, 811.7142857142857, 1285.2513928633348, 108506.836107, 182794.520664, 0.096041, 5051.525623, 103840.609566, 29.410702, 1519, 35.46277618408203, 3858079, 56593518, 166306855, 226758452
39774, 39774, 0, 0, dp_33.000000, 25951.111033141613, 76.0026490688324, 1242347.022697, inf, 199.86934673366835, 446.4991944767847, 46352.025446, 745052.592025, 1.337458, 19740.777812, 428884.871363, 2315.418593, 6567, 57.06936264038086, 15790279, 23791387, 745671635, 785253301, 25708.585352420807, 36.59865188598633, 706944.251661, inf, 401.75757575757575, 858.3265382597647, 87582.730866, 386507.816654, 0.356027, 9256.488251, 223312.917196, 283.942667, 3267, 50.30125045776367, 7835479, 44437726, 359518030, 411791235, 25544.2904971838, 17.725275218486786, 420424.334581, inf, 811.7142857142857, 1285.2513928633348, 108506.836107, 197322.200551, 0.100348, 5051.525623, 109510.198711, 33.473241, 1617, 35.13173294067383, 3858079, 56593518, 176849099, 237300696
39774, 39774, 0, 0, dp_35.000000, 25950.26306307316, 75.15467900037766, 1337713.918495, inf, 199.86934673366835, 446.4991944767847, 46352.025446, 817092.80402, 1.332349, 19740.777812, 451920.789018, 2606.18985, 6965, 54.669158935546875, 15790279, 23791387, 791079387, 830661053, 25708.035199820995, 36.048499286174774, 737642.006184, inf, 401.75757575757575, 858.3265382597647, 87582.730866, 403552.95186, 0.350657, 9256.488251, 236929.761852, 319.722698, 3465, 49.07683181762695, 7835479, 44437726, 381639382, 433912587, 25544.100288510323, 17.535066545009613, 436947.488575, inf, 811.7142857142857, 1285.2513928633348, 108506.836107, 205934.162526, 0.093636, 5051.525623, 117417.03514, 37.835543, 1715, 34.59209442138672, 3858079, 56593518, 188021303, 248472900
39774, 39774, 0, 0, dp_37.000000, 25949.288337767124, 74.17995369434357, 1410896.1233799998, inf, 199.86934673366835, 446.4991944767847, 46352.025446, 861554.202185, 1.302462, 19740.777812, 480330.750633, 2917.064842, 7363, 52.14930725097656, 15790279, 23791387, 836771379, 876353045, 25707.767008543015, 35.78030800819397, 781870.262704, inf, 401.75757575757575, 858.3265382597647, 87582.730866, 433779.374402, 0.288942, 9256.488251, 250893.728889, 357.651354, 3663, 47.86233901977539, 7835479, 44437726, 403760734, 456033939, 25543.86549717188, 17.300275206565857, 458473.019395, inf, 811.7142857142857, 1285.2513928633348, 108506.836107, 220476.11738, 0.098234, 5051.525623, 124396.066875, 42.375176, 1813, 34.23314666748047, 3858079, 56593518, 198563547, 259015144
39774, 39774, 0, 0, dp_39.000000, 25948.428345024586, 73.31996095180511, 1483405.082158, inf, 199.86934673366835, 446.4991944767847, 46352.025446, 910492.612041, 1.317811, 19740.777812, 503580.621404, 3237.727644, 7761, 49.973487854003906, 15790279, 23791387, 882463371, 922045037, 25707.163268446922, 35.176567912101746, 828870.756963, inf, 401.75757575757575, 858.3265382597647, 87582.730866, 466919.387827, 0.363331, 9256.488251, 264714.157093, 397.629595, 3861, 46.69976043701172, 7835479, 44437726, 425882086, 478155291, 25543.891605079174, 17.326383113861084, 472580.180882, inf, 811.7142857142857, 1285.2513928633348, 108506.836107, 227737.628166, 0.094688, 5051.525623, 131236.87173, 47.224568, 1911, 33.75136184692383, 3858079, 56593518, 209735751, 270187348
39774, 39774, 0, 0, dp_5.000000, 25978.767879366875, 103.65949529409409, 235178.24258100003, inf, 199.86934673366835, 446.4991944767847, 46352.025446, 111954.636408, 2.422052, 19740.777812, 57083.912155, 44.468708, 995, 133.54525756835938, 15790279, 23791387, 106279897, 145861563, 25721.166968286037, 49.18026775121689, 179779.80807, inf, 401.75757575757575, 858.3265382597647, 87582.730866, 54371.792982, 0.346079, 9256.488251, 28563.130086, 5.319806, 495, 78.03732299804688, 7835479, 44437726, 51301452, 103574657, 25549.703054070473, 23.13783210515976, 155100.010521, inf, 811.7142857142857, 1285.2513928633348, 108506.836107, 28033.611729, 0.096942, 5051.525623, 13507.275443, 0.664677, 245, 44.899749755859375, 3858079, 56593518, 25162943, 85614540
39774, 39774, 0, 0, dp_7.000000, 25974.887747585773, 99.77936351299286, 306279.016475, inf, 199.86934673366835, 446.4991944767847, 46352.025446, 155128.002539, 2.376046, 19740.777812, 84954.398, 101.436632, 1393, 122.29448699951172, 15790279, 23791387, 151971889, 191553555, 25719.27980750799, 47.293106973171234, 214469.438579, inf, 401.75757575757575, 858.3265382597647, 87582.730866, 75485.900553, 0.345508, 9256.488251, 42132.64613, 11.327271, 693, 73.98906707763672, 7835479, 44437726, 71940454, 124213659, 25549.432907521725, 22.867685556411743, 173296.705534, inf, 811.7142857142857, 1285.2513928633348, 108506.836107, 39167.731822, 0.098875, 5051.525623, 20568.975905, 1.537202, 343, 43.62028503417969, 3858079, 56593518, 36020167, 96471764
39774, 39774, 0, 0, dp_9.000000, 25970.852593421936, 95.74420934915543, 382988.776924, inf, 199.86934673366835, 446.4991944767847, 46352.025446, 205169.447738, 2.185999, 19740.777812, 111561.005811, 163.334118, 1791, 113.07638549804688, 15790279, 23791387, 197663881, 237245547, 25717.74286007881, 45.75615954399109, 252034.628453, inf, 401.75757575757575, 858.3265382597647, 87582.730866, 99480.798202, 0.35701, 9256.488251, 55694.913176, 19.340948, 891, 70.56889343261719, 7835479, 44437726, 94061806, 146335011, 25548.64916431904, 22.083942353725433, 193915.380222, inf, 811.7142857142857, 1285.2513928633348, 108506.836107, 52796.145189, 0.093926, 5051.525623, 27558.277125, 2.502252, 441, 42.68529510498047, 3858079, 56593518, 46877391, 107328988
39774, 39774, 0, 0, fixed_reps_1, 25997.894312620163, 122.78592854738235, 89133.881029, inf, 199.86934673366835, 446.4991944767847, 46352.025446, 22962.827305, 1.298586, 19740.777812, 76.95188, 0, 199, 194.11245727539062, 15790279, 23791387, 14895913, 54477579, 25729.919720709324, 57.933020174503326, 108110.559635, inf, 401.75757575757575, 858.3265382597647, 87582.730866, 11192.768402, 0.349685, 9256.488251, 78.222431, 0, 99, 97.513671875, 7835479, 44437726, 7090973, 59364178, 25553.589284181595, 27.02406221628189, 119037.54567599998, inf, 811.7142857142857, 1285.2513928633348, 108506.836107, 5404.970569, 0.084248, 5051.525623, 74.129129, 0, 49, 48.38047790527344, 3858079, 56593518, 3448495, 63900092
39774, 39774, 0, 0, fixed_reps_11, 25972.943254053593, 97.83486998081207, 344691.66902000003, inf, 199.86934673366835, 446.4991944767847, 46352.025446, 277732.686929, 1.281723, 19740.777812, 864.89711, 0, 2189, 148.93612670898438, 15790279, 23791387, 163853053, 203434719, 25718.402571737766, 46.41587120294571, 240962.04156700004, inf, 401.75757575757575, 858.3265382597647, 87582.730866, 143304.22776, 0.360095, 9256.488251, 818.234595, 0, 1089, 84.94070434570312, 7835479, 44437726, 77999713, 130272918, 25549.0563005805, 22.4910786151886, 189850.198555, inf, 811.7142857142857, 1285.2513928633348, 108506.836107, 75481.872732, 0.093996, 5051.525623, 809.870097, 0, 539, 46.03917694091797, 3858079, 56593518, 37932955, 98384552
39774, 39774, 0, 0, fixed_reps_13, 25971.2048214674, 96.09643739461899, 392931.08588300005, inf, 199.86934673366835, 446.4991944767847, 46352.025446, 325823.558413, 1.249323, 19740.777812, 1013.474889, 0, 2587, 145.1082000732422, 15790279, 23791387, 193644481, 233226147, 25717.625473737717, 45.63877320289612, 264845.51831400004, inf, 401.75757575757575, 858.3265382597647, 87582.730866, 167078.013433, 0.343073, 9256.488251, 927.942691, 0, 1287, 83.79033660888672, 7835479, 44437726, 92181461, 144454666, 25548.83739733696, 22.27217537164688, 203100.547157, inf, 811.7142857142857, 1285.2513928633348, 108506.836107, 88594.722211, 0.091241, 5051.525623, 947.371975, 0, 637, 45.849117279052734, 3858079, 56593518, 44829847, 105281444
39774, 39774, 0, 0, fixed_reps_15, 25970.23494821787, 95.1265641450882, 434807.173016, inf, 199.86934673366835, 446.4991944767847, 46352.025446, 367553.903429, 1.273168, 19740.777812, 1159.193161, 0, 2985, 141.0540313720703, 15790279, 23791387, 223435909, 263017575, 25716.843782782555, 44.85708224773407, 289361.201415, inf, 401.75757575757575, 858.3265382597647, 87582.730866, 191455.750981, 0.273651, 9256.488251, 1065.957666, 0, 1485, 83.04415893554688, 7835479, 44437726, 106363209, 158636414, 25548.754442751408, 22.189220786094666, 214711.690583, inf, 811.7142857142857, 1285.2513928633348, 108506.836107, 100067.182056, 0.097363, 5051.525623, 1086.049434, 0, 735, 45.642311096191406, 3858079, 56593518, 51726739, 112178336
39774, 39774, 0, 0, fixed_reps_17, 25968.353446662426, 93.24506258964539, 477142.85906, inf, 199.86934673366835, 446.4991944767847, 46352.025446, 409767.881033, 1.512266, 19740.777812, 1280.662503, 0, 3383, 138.4587860107422, 15790279, 23791387, 253227337, 292809003, 25716.252166688442, 44.265466153621674, 313546.653212, inf, 401.75757575757575, 858.3265382597647, 87582.730866, 215504.235818, 0.346029, 9256.488251, 1202.852248, 0, 1683, 81.8295669555664, 7835479, 44437726, 120544957, 172818162, 25548.74333167076, 22.17810970544815, 226045.472728, inf, 811.7142857142857, 1285.2513928633348, 108506.836107, 111288.891107, 0.092404, 5051.525623, 1198.127487, 0, 833, 45.43663024902344, 3858079, 56593518, 58623631, 119075228
39774, 39774, 0, 0, fixed_reps_19, 25967.03767591715, 91.92929184436798, 522619.72950300004, inf, 199.86934673366835, 446.4991944767847, 46352.025446, 455100.223461, 1.31182, 19740.777812, 1425.390964, 0, 3781, 132.74810791015625, 15790279, 23791387, 283018765, 322600431, 25716.01407146454, 44.02737092971802, 336536.71302900004, inf, 401.75757575757575, 858.3265382597647, 87582.730866, 238362.136167, 0.287499, 9256.488251, 1335.070246, 0, 1881, 80.39630889892578, 7835479, 44437726, 134726705, 186999910, 25548.47406756878, 21.908845603466034, 237833.25490600002, inf, 811.7142857142857, 1285.2513928633348, 108506.836107, 122952.575236, 0.099206, 5051.525623, 1322.218734, 0, 931, 45.203407287597656, 3858079, 56593518, 65520523, 125972120
39774, 39774, 0, 0, fixed_reps_21, 25964.956858217716, 89.84847414493561, 574432.93231, inf, 199.86934673366835, 446.4991944767847, 46352.025446, 506758.194256, 1.511845, 19740.777812, 1580.422951, 0, 4179, 129.8482208251953, 15790279, 23791387, 312810193, 352391859, 25715.947038412094, 43.96033787727356, 365143.912512, inf, 401.75757575757575, 858.3265382597647, 87582.730866, 266849.468082, 0.348163, 9256.488251, 1454.87715, 0, 2079, 78.92826843261719, 7835479, 44437726, 148908453, 201181658, 25548.129623115063, 21.564401149749756, 249990.97606699998, inf, 811.7142857142857, 1285.2513928633348, 108506.836107, 134979.206308, 0.094137, 5051.525623, 1453.313892, 0, 1029, 45.00929260253906, 3858079, 56593518, 72417415, 132869012
39774, 39774, 0, 0, fixed_reps_23, 25964.219612300396, 89.11122822761536, 613012.376124, inf, 199.86934673366835, 446.4991944767847, 46352.025446, 545193.201027, 1.295179, 19740.777812, 1725.07666, 0, 4577, 124.476318359375, 15790279, 23791387, 342601621, 382183287, 25714.43445378542, 42.44775325059891, 387858.10533099994, inf, 401.75757575757575, 858.3265382597647, 87582.730866, 289380.396073, 0.284243, 9256.488251, 1638.205898, 0, 2277, 76.9475326538086, 7835479, 44437726, 163090201, 215363406, 25547.840691626072, 21.275469660758972, 262332.20942699997, inf, 811.7142857142857, 1285.2513928633348, 108506.836107, 147179.052431, 0.091592, 5051.525623, 1594.703674, 0, 1127, 44.875003814697266, 3858079, 56593518, 79314307, 139765904
39774, 39774, 0, 0, fixed_reps_25, 25962.684511363506, 87.57612729072571, 660080.378391, inf, 199.86934673366835, 446.4991944767847, 46352.025446, 592080.125111, 1.490656, 19740.777812, 1905.959366, 0, 4975, 122.30502319335938, 15790279, 23791387, 372393049, 411974715, 25713.840864002705, 41.854163467884064, 408713.047608, inf, 401.75757575757575, 858.3265382597647, 87582.730866, 310109.06068, 0.352782, 9256.488251, 1764.415029, 0, 2475, 75.55655670166016, 7835479, 44437726, 177271949, 229545154, 25546.903097629547, 20.33787566423416, 274387.766747, inf, 811.7142857142857, 1285.2513928633348, 108506.836107, 159109.941807, 0.094537, 5051.525623, 1719.368673, 0, 1225, 44.68564224243164, 3858079, 56593518, 86211199, 146662796
39774, 39774, 0, 0, fixed_reps_27, 25962.192676842213, 87.08429276943207, 705769.536784, inf, 199.86934673366835, 446.4991944767847, 46352.025446, 637646.428351, 1.276985, 19740.777812, 2029.02819, 0, 5373, 119.97825622558594, 15790279, 23791387, 402184477, 441766143, 25713.57215040922, 41.58544987440109, 432487.789449, inf, 401.75757575757575, 858.3265382597647, 87582.730866, 333785.008248, 0.363832, 9256.488251, 1863.198252, 0, 2673, 73.80520629882812, 7835479, 44437726, 191453697, 243726902, 25546.41810488701, 19.85288292169571, 286589.625832, inf, 811.7142857142857, 1285.2513928633348, 108506.836107, 171176.980754, 0.092854, 5051.525623, 1854.190494, 0, 1323, 44.541751861572266, 3858079, 56593518, 93108091, 153559688
39774, 39774, 0, 0, fixed_reps_29, 25961.466209828854, 86.357825756073, 748902.999814, inf, 199.86934673366835, 446.4991944767847, 46352.025446, 680621.326148, 1.265292, 19740.777812, 2187.605116, 0, 5771, 115.71601104736328, 15790279, 23791387, 431975905, 471557571, 25712.652538001537, 40.665837466716766, 454066.12872800004, inf, 401.75757575757575, 858.3265382597647, 87582.730866, 355227.174936, 0.345829, 9256.488251, 1999.388846, 0, 2871, 73.08121490478516, 7835479, 44437726, 205635445, 257908650, 25546.151438176632, 19.58621621131897, 299396.07897, inf, 811.7142857142857, 1285.2513928633348, 108506.836107, 183855.408534, 0.092383, 5051.525623, 1982.216323, 0, 1421, 44.37587356567383, 3858079, 56593518, 100004983, 160456580
39774, 39774, 0, 0, fixed_reps_3, 25985.135196089745, 110.02681201696396, 138464.682769, inf, 199.86934673366835, 446.4991944767847, 46352.025446, 72158.818702, 1.29559, 19740.777812, 211.765219, 0, 597, 179.2283172607422, 15790279, 23791387, 44687341, 84269007, 25724.71176582575, 52.72506529092789, 134632.714438, inf, 401.75757575757575, 858.3265382597647, 87582.730866, 37572.425736, 0.327805, 9256.488251, 220.74178, 0, 297, 95.11264038085938, 7835479, 44437726, 21272721, 73545926, 25551.53969502449, 24.9744730591774, 132525.430379, inf, 811.7142857142857, 1285.2513928633348, 108506.836107, 18756.911715, 0.091662, 5051.525623, 210.065272, 0, 147, 47.76460647583008, 3858079, 56593518, 10345387, 70796984
39774, 39774, 0, 0, fixed_reps_31, 25960.46882611513, 85.36044204235077, 794753.9237810001, inf, 199.86934673366835, 446.4991944767847, 46352.025446, 726328.404846, 1.487119, 19740.777812, 2331.228558, 0, 6169, 113.87032318115234, 15790279, 23791387, 461767333, 501348999, 25712.168230175972, 40.18152964115143, 477538.511694, inf, 401.75757575757575, 858.3265382597647, 87582.730866, 378567.200734, 0.352251, 9256.488251, 2131.739592, 0, 3069, 72.14832305908203, 7835479, 44437726, 219817193, 272090398, 25546.151438176632, 19.58621621131897, 310157.32871299994, inf, 811.7142857142857, 1285.2513928633348, 108506.836107, 194488.97697, 0.095399, 5051.525623, 2109.894614, 0, 1519, 44.19178771972656, 3858079, 56593518, 106901875, 167353472
39774, 39774, 0, 0, fixed_reps_33, 25960.113764941692, 85.00538086891174, 840657.136618, inf, 199.86934673366835, 446.4991944767847, 46352.025446, 772071.919856, 1.71158, 19740.777812, 2490.701924, 0, 6567, 112.490966796875, 15790279, 23791387, 491558761, 531140427, 25711.61329895258, 39.62659841775894, 500768.728505, inf, 401.75757575757575, 858.3265382597647, 87582.730866, 401664.788535, 0.344816, 9256.488251, 2264.376037, 0, 3267, 71.55223846435547, 7835479, 44437726, 233998941, 286272146, 25545.70598357916, 19.140761613845825, 322620.52256099996, inf, 811.7142857142857, 1285.2513928633348, 108506.836107, 206822.834329, 0.091722, 5051.525623, 2239.23478, 0, 1617, 44.015201568603516, 3858079, 56593518, 113798767, 174250364
39774, 39774, 0, 0, fixed_reps_35, 25959.619104027748, 84.5107199549675, 880862.554746, inf, 199.86934673366835, 446.4991944767847, 46352.025446, 812133.852797, 2.316705, 19740.777812, 2633.581986, 0, 6965, 109.81681060791016, 15790279, 23791387, 521350189, 560931855, 25710.631506204605, 38.644805669784546, 530358.328658, inf, 401.75757575757575, 858.3265382597647, 87582.730866, 431090.26651, 0.356409, 9256.488251, 2428.486622, 0, 3465, 71.09038543701172, 7835479, 44437726, 248180689, 300453894, 25545.680009543896, 19.114787578582764, 334371.51708799996, inf, 811.7142857142857, 1285.2513928633348, 108506.836107, 218451.729988, 0.093947, 5051.525623, 2361.331423, 0, 1715, 43.83925247192383, 3858079, 56593518, 120695659, 181147256
39774, 39774, 0, 0, fixed_reps_37, 25959.06977748871, 83.96139341592789, 926870.7713699999, inf, 199.86934673366835, 446.4991944767847, 46352.025446, 857962.559545, 1.236188, 19740.777812, 2814.172379, 0, 7363, 105.54731750488281, 15790279, 23791387, 551141617, 590723283, 25710.194766700268, 38.208066165447235, 553965.845775, inf, 401.75757575757575, 858.3265382597647, 87582.730866, 454541.760569, 0.334658, 9256.488251, 2584.531431, 0, 3663, 69.98219299316406, 7835479, 44437726, 262362437, 314635642, 25545.457787275314, 18.892565310001373, 346555.728068, inf, 811.7142857142857, 1285.2513928633348, 108506.836107, 230505.278318, 0.091161, 5051.525623, 2491.996859, 0, 1813, 43.59297561645508, 3858079, 56593518, 127592551, 188044148
39774, 39774, 0, 0, fixed_reps_39, 25958.232165157795, 83.12378108501434, 972327.1084949999, inf, 199.86934673366835, 446.4991944767847, 46352.025446, 903299.95526, 1.252609, 19740.777812, 2933.097368, 0, 7761, 103.71078491210938, 15790279, 23791387, 580933045, 620514711, 25709.657511770725, 37.670811235904694, 577026.12375, inf, 401.75757575757575, 858.3265382597647, 87582.730866, 477527.667992, 0.354595, 9256.488251, 2658.882046, 0, 3861, 69.40892791748047, 7835479, 44437726, 276544185, 328817390, 25544.60019558668, 18.034973621368408, 358259.52875, inf, 811.7142857142857, 1285.2513928633348, 108506.836107, 242086.719018, 0.093505, 5051.525623, 2614.354497, 0, 1911, 42.98147964477539, 3858079, 56593518, 134489443, 194941040
39774, 39774, 0, 0, fixed_reps_41, 25957.348555088043, 82.2401710152626, 1013826.795128, inf, 199.86934673366835, 446.4991944767847, 46352.025446, 944654.490226, 1.439921, 19740.777812, 3078.061723, 0, 8159, 101.30120849609375, 15790279, 23791387, 610724473, 650306139, 25709.138806819916, 37.152106285095215, 598056.514276, inf, 401.75757575757575, 858.3265382597647, 87582.730866, 498421.823639, 0.34645, 9256.488251, 2795.12507, 0, 4059, 68.83626556396484, 7835479, 44437726, 290725933, 342999138, 25544.43769556284, 17.87247359752655, 370424.011176, inf, 811.7142857142857, 1285.2513928633348, 108506.836107, 254118.341761, 0.091361, 5051.525623, 2747.216324, 0, 2009, 42.74166488647461, 3858079, 56593518, 141386335, 201837932
39774, 39774, 0, 0, fixed_reps_5, 25980.616178035736, 105.50779396295547, 192568.83051499998, inf, 199.86934673366835, 446.4991944767847, 46352.025446, 126085.761249, 1.291302, 19740.777812, 388.974706, 0, 995, 171.25042724609375, 15790279, 23791387, 74478769, 114060435, 25722.447914600372, 50.46121406555176, 163932.77541099998, inf, 401.75757575757575, 858.3265382597647, 87582.730866, 66714.003023, 0.354905, 9256.488251, 379.198366, 0, 495, 92.2940444946289, 7835479, 44437726, 35454469, 87727674, 25550.689512848854, 24.124290883541107, 147517.43574999998, inf, 811.7142857142857, 1285.2513928633348, 108506.836107, 33590.449383, 0.0801, 5051.525623, 368.544537, 0, 245, 47.10438537597656, 3858079, 56593518, 17242279, 77693876
39774, 39774, 0, 0, fixed_reps_7, 25976.683749496937, 101.57536542415619, 242527.19710000002, inf, 199.86934673366835, 446.4991944767847, 46352.025446, 175884.093723, 1.268809, 19740.777812, 549.03131, 0, 1393, 164.30633544921875, 15790279, 23791387, 104270197, 143851863, 25720.946943461895, 48.96024292707443, 191623.50314, inf, 401.75757575757575, 858.3265382597647, 87582.730866, 94257.553239, 0.359354, 9256.488251, 526.37143, 0, 693, 90.12252807617188, 7835479, 44437726, 49636217, 101909422, 25550.36925137043, 23.804029405117035, 162094.553009, inf, 811.7142857142857, 1285.2513928633348, 108506.836107, 48016.16663, 0.0958, 5051.525623, 519.928849, 0, 343, 46.545711517333984, 3858079, 56593518, 24139171, 84590768
39774, 39774, 0, 0, fixed_reps_9, 25974.521681189537, 99.41329711675644, 297093.98475400003, inf, 199.86934673366835, 446.4991944767847, 46352.025446, 230299.927463, 1.250024, 19740.777812, 700.004009, 0, 1791, 156.0312957763672, 15790279, 23791387, 134061625, 173643291, 25719.329566061497, 47.34286552667618, 217167.091505, inf, 401.75757575757575, 858.3265382597647, 87582.730866, 119655.275729, 0.353453, 9256.488251, 672.243206, 0, 891, 87.69957733154297, 7835479, 44437726, 63817965, 116091170, 25549.56205433607, 22.996832370758057, 176385.214186, inf, 811.7142857142857, 1285.2513928633348, 108506.836107, 62155.874554, 0.09598, 5051.525623, 670.881922, 0, 441, 46.26656723022461, 3858079, 56593518, 31036063, 91487660
39774, 39774, 0, 0, greedy_1.000000, 25997.894312620163, 122.78592854738235, 88838.249998, inf, 199.86934673366835, 446.4991944767847, 46352.025446, 22671.968425, 1.123567, 19740.777812, 72.346032, 0.008716, 199, 194.11245727539062, 15790279, 23791387, 14895913, 54477579, 25729.919720709324, 57.933020174503326, 108011.47015899999, inf, 401.75757575757575, 858.3265382597647, 87582.730866, 11101.190706, 0.302898, 9256.488251, 70.75344, 0.003998, 99, 97.513671875, 7835479, 44437726, 7090973, 59364178, 25553.589284181595, 27.02406221628189, 118898.67325099997, inf, 811.7142857142857, 1285.2513928633348, 108506.836107, 5272.249323, 0.080391, 5051.525623, 67.979593, 0.002214, 49, 48.38047790527344, 3858079, 56593518, 3448495, 63900092
39774, 39774, 0, 0, greedy_11.000000, 25979.667000234127, 104.55861616134644, 393383.238756, inf, 199.86934673366835, 446.4991944767847, 46352.025446, 188220.935042, 1.447244, 19740.777812, 139067.497049, 0.556163, 2189, 171.86302185058594, 15790279, 23791387, 182328373, 221910039, 25723.701930105686, 51.71522957086563, 255508.80407, inf, 401.75757575757575, 858.3265382597647, 87582.730866, 89340.941142, 0.362059, 9256.488251, 69328.144455, 0.137297, 1089, 94.31371307373047, 7835479, 44437726, 85495758, 137768963, 25550.51079571247, 23.94557374715805, 189217.88808899996, inf, 811.7142857142857, 1285.2513928633348, 108506.836107, 40357.842251, 0.104536, 5051.525623, 35301.538936, 0.040636, 539, 47.79036331176758, 3858079, 56593518, 41114989, 101566586
39774, 39774, 0, 0, greedy_13.000000, 25976.688088059425, 101.57970398664474, 434827.162183, inf, 199.86934673366835, 446.4991944767847, 46352.025446, 207988.116155, 1.923597, 19740.777812, 160743.678312, 0.640861, 2587, 171.84046936035156, 15790279, 23791387, 212299365, 251881031, 25723.189069271088, 51.20236873626709, 285212.985192, inf, 401.75757575757575, 858.3265382597647, 87582.730866, 103965.149842, 0.377237, 9256.488251, 84408.078165, 0.160831, 1287, 94.30268859863281, 7835479, 44437726, 99751560, 152024765, 25550.41174006462, 23.846518099308014, 202598.297237, inf, 811.7142857142857, 1285.2513928633348, 108506.836107, 47010.147959, 0.079019, 5051.525623, 42029.66115, 0.047379, 637, 47.77743148803711, 3858079, 56593518, 48099645, 108551242
39774, 39774, 0, 0, greedy_15.000000, 25975.567725002766, 100.45934092998505, 495548.93134400004, inf, 199.86934673366835, 446.4991944767847, 46352.025446, 238640.606385, 1.357786, 19740.777812, 190813.434597, 0.729318, 2985, 171.8136749267578, 15790279, 23791387, 242270357, 281852023, 25722.555258750916, 50.56855821609497, 312945.718551, inf, 401.75757575757575, 858.3265382597647, 87582.730866, 118050.948027, 0.376376, 9256.488251, 98054.988171, 0.18686, 1485, 94.2901840209961, 7835479, 44437726, 114007362, 166280567, 25550.332374989986, 23.767153024673462, 215460.39661199998, inf, 811.7142857142857, 1285.2513928633348, 108506.836107, 52721.47238, 0.097483, 5051.525623, 49180.41763, 0.047389, 735, 47.7672119140625, 3858079, 56593518, 55084301, 115535898
39774, 39774, 0, 0, greedy_17.000000, 25974.326349377632, 99.21796530485153, 547760.9410140001, inf, 199.86934673366835, 446.4991944767847, 46352.025446, 260884.217394, 1.313052, 19740.777812, 220781.758238, 0.849072, 3383, 171.78135681152344, 15790279, 23791387, 272241349, 311823015, 25721.61719954014, 49.63049900531769, 339565.10228200007, inf, 401.75757575757575, 858.3265382597647, 87582.730866, 129950.75969, 0.378389, 9256.488251, 112774.526296, 0.21879, 1683, 94.28185272216797, 7835479, 44437726, 128263164, 180536369, 25550.296011388302, 23.73078942298889, 228605.859679, inf, 811.7142857142857, 1285.2513928633348, 108506.836107, 58938.450789, 0.102973, 5051.525623, 56108.8869, 0.057287, 833, 47.76151657104492, 3858079, 56593518, 62068957, 122520554
39774, 39774, 0, 0, greedy_19.000000, 25972.12333959341, 97.01495552062988, 599916.8019189999, inf, 199.86934673366835, 446.4991944767847, 46352.025446, 286256.213284, 1.286062, 19740.777812, 247565.325815, 1.1735, 3781, 171.74156188964844, 15790279, 23791387, 302212341, 341794007, 25721.333247244358, 49.346546709537506, 366722.45999899996, inf, 401.75757575757575, 858.3265382597647, 87582.730866, 143230.094173, 0.371787, 9256.488251, 126652.506689, 0.268233, 1881, 94.27279663085938, 7835479, 44437726, 142518966, 194792171, 25550.290883123875, 23.725661158561707, 242020.91437499996, inf, 811.7142857142857, 1285.2513928633348, 108506.836107, 65567.878186, 0.098715, 5051.525623, 62894.514089, 0.061655, 931, 47.74869155883789, 3858079, 56593518, 69053613, 129505210
39774, 39774, 0, 0, greedy_21.000000, 25969.59797346592, 94.48958939313889, 644448.226936, inf, 199.86934673366835, 446.4991944767847, 46352.025446, 312123.005036, 1.514119, 19740.777812, 266229.852981, 1.051542, 4179, 171.6886749267578, 15790279, 23791387, 332183333, 371764999, 25721.07350707054, 49.086806535720825, 392114.608436, inf, 401.75757575757575, 858.3265382597647, 87582.730866, 155861.230072, 0.367229, 9256.488251, 139413.529676, 0.262342, 2079, 94.26290893554688, 7835479, 44437726, 156774768, 209047973, 25550.235327601433, 23.670105636119843, 254215.03718600003, inf, 811.7142857142857, 1285.2513928633348, 108506.836107, 70960.212632, 0.102282, 5051.525623, 69696.293015, 0.067527, 1029, 47.74869155883789, 3858079, 56593518, 76038269, 136489866
39774, 39774, 0, 0, greedy_23.000000, 25966.48643910885, 91.37805503606796, 696714.69131, inf, 199.86934673366835, 446.4991944767847, 46352.025446, 334875.122967, 1.497118, 19740.777812, 295744.161592, 1.106375, 4577, 171.5706329345703, 15790279, 23791387, 362154325, 401735991, 25720.765573382378, 48.77887284755707, 420031.701434, inf, 401.75757575757575, 858.3265382597647, 87582.730866, 169543.963366, 0.360656, 9256.488251, 153647.858753, 0.299542, 2277, 94.25489044189453, 7835479, 44437726, 171030570, 223303775, 25549.95262080431, 23.387398838996887, 267322.053513, inf, 811.7142857142857, 1285.2513928633348, 108506.836107, 77202.616425, 0.103324, 5051.525623, 76560.900781, 0.071253, 1127, 47.738887786865234, 3858079, 56593518, 83022925, 143474522
39774, 39774, 0, 0, greedy_25.000000, 25964.0520029068, 88.94361883401871, 740132.9004340001, inf, 199.86934673366835, 446.4991944767847, 46352.025446, 356035.129738, 1.272066, 19740.777812, 318002.473471, 1.221901, 4975, 171.1261749267578, 15790279, 23791387, 392125317, 431706983, 25720.322686851025, 48.33598631620407, 447500.87772900006, inf, 401.75757575757575, 858.3265382597647, 87582.730866, 182383.593721, 0.516078, 9256.488251, 168277.214165, 0.334648, 2475, 94.2488021850586, 7835479, 44437726, 185286372, 237559577, 25549.774446308613, 23.209224343299866, 280499.927645, inf, 811.7142857142857, 1285.2513928633348, 108506.836107, 83536.678483, 0.100919, 5051.525623, 83404.697537, 0.088976, 1225, 47.73353958129883, 3858079, 56593518, 90007581, 150459178
39774, 39774, 0, 0, greedy_27.000000, 25964.0520029068, 88.94361883401871, 785923.816476, inf, 199.86934673366835, 446.4991944767847, 46352.025446, 372102.384616, 1.299907, 19740.777812, 347726.031002, 1.297693, 5373, 171.1261749267578, 15790279, 23791387, 422096309, 461677975, 25719.778300642967, 47.79160010814667, 472506.830998, inf, 401.75757575757575, 858.3265382597647, 87582.730866, 194402.4046, 0.362891, 9256.488251, 181264.26836, 0.57603, 2673, 94.24018859863281, 7835479, 44437726, 199542174, 251815379, 25549.700762093067, 23.13554012775421, 293414.11305299995, inf, 811.7142857142857, 1285.2513928633348, 108506.836107, 89693.666421, 0.097693, 5051.525623, 90161.895016, 0.092193, 1323, 47.72786331176758, 3858079, 56593518, 96992237, 157443834
39774, 39774, 0, 0, greedy_29.000000, 25964.0520029068, 88.94361883401871, 833277.5872760001, inf, 199.86934673366835, 446.4991944767847, 46352.025446, 391039.07269, 1.251868, 19740.777812, 376142.99802, 1.46144, 5771, 171.1261749267578, 15790279, 23791387, 452067301, 491648967, 25719.185101687908, 47.198401153087616, 499142.646814, inf, 401.75757575757575, 858.3265382597647, 87582.730866, 206894.839317, 0.355366, 9256.488251, 195407.874171, 0.358843, 2871, 94.24018859863281, 7835479, 44437726, 213797976, 266071181, 25549.54520648718, 22.979984521865845, 306227.97293399996, inf, 811.7142857142857, 1285.2513928633348, 108506.836107, 95774.355318, 0.100719, 5051.525623, 96895.060069, 0.095098, 1421, 47.723052978515625, 3858079, 56593518, 103976893, 164428490
39774, 39774, 0, 0, greedy_3.000000, 25988.441451251507, 113.3330671787262, 168256.17347100002, inf, 199.86934673366835, 446.4991944767847, 46352.025446, 72947.453365, 1.512266, 19740.777812, 29214.274538, 0.130044, 597, 173.24444580078125, 15790279, 23791387, 60587905, 100169571, 25726.60858696699, 54.62188643217087, 149631.57082599998, inf, 401.75757575757575, 858.3265382597647, 87582.730866, 38568.259119, 0.368601, 9256.488251, 14223.649169, 0.07482, 297, 94.49018859863281, 7835479, 44437726, 28472550, 80745755, 25552.046744585037, 25.481522619724274, 138102.57372599997, inf, 811.7142857142857, 1285.2513928633348, 108506.836107, 18046.370499, 0.084499, 5051.525623, 6497.743894, 0.013104, 147, 47.91536331176758, 3858079, 56593518, 13176365, 73627962
39774, 39774, 0, 0, greedy_31.000000, 25964.0520029068, 88.94361883401871, 870475.536636, inf, 199.86934673366835, 446.4991944767847, 46352.025446, 401797.875833, 1.25357, 19740.777812, 402582.078845, 1.52513, 6169, 171.1261749267578, 15790279, 23791387, 482038293, 521619959, 25718.574565649033, 46.587865114212036, 524810.5895310001, inf, 401.75757575757575, 858.3265382597647, 87582.730866, 219396.227886, 0.356248, 9256.488251, 208574.197306, 0.588974, 3069, 94.2270278930664, 7835479, 44437726, 228053778, 280326983, 25549.14061975479, 22.575397789478302, 319970.337864, inf, 811.7142857142857, 1285.2513928633348, 108506.836107, 102571.160481, 0.104366, 5051.525623, 103840.609566, 0.101721, 1519, 47.71535873413086, 3858079, 56593518, 110961549, 171413146
39774, 39774, 0, 0, greedy_33.000000, 25964.0520029068, 88.94361883401871, 911617.288185, inf, 199.86934673366835, 446.4991944767847, 46352.025446, 416636.586777, 1.429982, 19740.777812, 428884.871363, 1.596805, 6567, 171.1261749267578, 15790279, 23791387, 512009285, 551590951, 25718.046108543873, 46.05940800905228, 553130.937634, inf, 401.75757575757575, 858.3265382597647, 87582.730866, 232977.848684, 0.350828, 9256.488251, 223312.917196, 0.601809, 3267, 94.21746063232422, 7835479, 44437726, 242309580, 294582785, 25549.12950861454, 22.564286649227142, 331580.39788899996, inf, 811.7142857142857, 1285.2513928633348, 108506.836107, 108511.626252, 0.107873, 5051.525623, 109510.198711, 0.103323, 1617, 47.71535873413086, 3858079, 56593518, 117946205, 178397802
39774, 39774, 0, 0, greedy_35.000000, 25964.0520029068, 88.94361883401871, 949779.2328529999, inf, 199.86934673366835, 446.4991944767847, 46352.025446, 431762.511228, 1.265113, 19740.777812, 451920.789018, 1.864236, 6965, 171.1261749267578, 15790279, 23791387, 541980277, 581561943, 25717.48623776436, 45.499537229537964, 578678.035832, inf, 401.75757575757575, 858.3265382597647, 87582.730866, 244908.051601, 0.366648, 9256.488251, 236929.761852, 0.636614, 3465, 94.21240997314453, 7835479, 44437726, 256565382, 308838587, 25549.05808007717, 22.492858111858368, 345112.42380600004, inf, 811.7142857142857, 1285.2513928633348, 108506.836107, 114136.816852, 0.104776, 5051.525623, 117417.03514, 0.105308, 1715, 47.71535873413086, 3858079, 56593518, 124930861, 185382458
39774, 39774, 0, 0, greedy_37.000000, 25964.0520029068, 88.94361883401871, 998754.0876369999, inf, 199.86934673366835, 446.4991944767847, 46352.025446, 452327.379201, 1.233914, 19740.777812, 480330.750633, 1.920631, 7363, 171.1261749267578, 15790279, 23791387, 571951269, 611532935, 25717.17191886902, 45.185218334198, 604669.4795290001, inf, 401.75757575757575, 858.3265382597647, 87582.730866, 256935.704462, 0.364304, 9256.488251, 250893.728889, 0.462757, 3663, 94.2044677734375, 7835479, 44437726, 270821184, 323094389, 25549.05808007717, 22.492858111858368, 358581.492731, inf, 811.7142857142857, 1285.2513928633348, 108506.836107, 120626.846599, 0.100698, 5051.525623, 124396.066875, 0.116829, 1813, 47.707027435302734, 3858079, 56593518, 131915517, 192367114
39774, 39774, 0, 0, greedy_39.000000, 25964.0520029068, 88.94361883401871, 1036417.869843, inf, 199.86934673366835, 446.4991944767847, 46352.025446, 466741.223029, 1.371191, 19740.777812, 503580.621404, 1.850961, 7761, 171.1261749267578, 15790279, 23791387, 601922261, 641503927, 25717.002855062485, 45.016154527664185, 631278.3819950001, inf, 401.75757575757575, 858.3265382597647, 87582.730866, 269723.987206, 0.367148, 9256.488251, 264714.157093, 0.651431, 3861, 94.1960678100586, 7835479, 44437726, 285076986, 337350191, 25548.658080101013, 22.092858135700226, 371598.50320100004, inf, 811.7142857142857, 1285.2513928633348, 108506.836107, 126803.050329, 0.097062, 5051.525623, 131236.87173, 0.12235, 1911, 47.70107650756836, 3858079, 56593518, 138900173, 199351770
39774, 39774, 0, 0, greedy_5.000000, 25985.91615486145, 110.80777078866959, 229666.711448, inf, 199.86934673366835, 446.4991944767847, 46352.025446, 106487.570046, 2.169238, 19740.777812, 57083.912155, 0.256751, 995, 171.9661865234375, 15790279, 23791387, 92415397, 131997063, 25725.572073101997, 53.58537256717682, 175678.542759, inf, 401.75757575757575, 858.3265382597647, 87582.730866, 50275.818293, 0.308809, 9256.488251, 28563.130086, 0.066454, 495, 94.37907409667969, 7835479, 44437726, 42728352, 95001557, 25551.933856487274, 25.368634521961212, 148156.235065, inf, 811.7142857142857, 1285.2513928633348, 108506.836107, 21090.482596, 0.094116, 5051.525623, 13507.275443, 0.02118, 245, 47.91536331176758, 3858079, 56593518, 20161021, 80612618
39774, 39774, 0, 0, greedy_7.000000, 25983.69196856022, 108.5835844874382, 285908.12093900004, inf, 199.86934673366835, 446.4991944767847, 46352.025446, 134858.288998, 2.285105, 19740.777812, 84954.398, 0.345578, 1393, 171.9261932373047, 15790279, 23791387, 122386389, 161968055, 25724.728459239006, 52.741758704185486, 202937.40314100002, inf, 401.75757575757575, 858.3265382597647, 87582.730866, 63965.086186, 0.361699, 9256.488251, 42132.64613, 0.090009, 693, 94.34732818603516, 7835479, 44437726, 56984154, 109257359, 25551.130682766438, 24.565460801124573, 161609.054466, inf, 811.7142857142857, 1285.2513928633348, 108506.836107, 27481.607536, 0.084108, 5051.525623, 20568.975905, 0.025187, 343, 47.8244514465332, 3858079, 56593518, 27145677, 87597274
39774, 39774, 0, 0, greedy_9.000000, 25982.26976263523, 107.16137856245041, 339011.159782, inf, 199.86934673366835, 446.4991944767847, 46352.025446, 161354.993132, 1.917626, 19740.777812, 111561.005811, 0.439955, 1791, 171.89088439941406, 15790279, 23791387, 152357381, 191939047, 25723.941684782505, 51.95498424768448, 230156.61924000003, inf, 401.75757575757575, 858.3265382597647, 87582.730866, 77622.001096, 0.363061, 9256.488251, 55694.913176, 0.12279, 891, 94.33018493652344, 7835479, 44437726, 71239956, 123513161, 25550.728688895702, 24.163466930389404, 174995.37935899998, inf, 811.7142857142857, 1285.2513928633348, 108506.836107, 33878.612092, 0.097263, 5051.525623, 27558.277125, 0.031149, 441, 47.80424880981445, 3858079, 56593518, 34130333, 94581930
39774, 39774, 0, 0, opt, 25940.742750644684, 65.63436657190323, 2489184.20704, inf, 199.86934673366835, 446.4991944767847, 46352.025446, 2423090.339526, 1.064256, 19740.777812, 0, 0, 0, 0, 15790279, 23791387, 1403435000, 1443016666, 25698.07185280323, 26.08515226840973, 2295635.3820029995, inf, 401.75757575757575, 858.3265382597647, 87582.730866, 2198795.880136, 0.28275, 9256.488251, 0, 0, 0, 0, 7835479, 44437726, 1280138125, 1332411330, 25535.732674062252, 9.167452096939087, 2271808.334453, inf, 811.7142857142857, 1285.2513928633348, 108506.836107, 2158249.898564, 0.074159, 5051.525623, 0, 0, 0, 0, 3858079, 56593518, 1244674968, 1305126565
39774, 39774, 0, 0, plus_edge, 25994.622528791428, 119.514144718647, 88987.432766, inf, 199.86934673366835, 446.4991944767847, 46352.025446, 22893.606551, 1.022957, 19740.777812, 0, 0, 0, 0, 15790279, 23791387, 14895144, 54476810, 25728.51052516699, 56.523824632167816, 108133.410866, inf, 401.75757575757575, 858.3265382597647, 87582.730866, 11293.908868, 0.282881, 9256.488251, 0, 0, 0, 0, 7835479, 44437726, 7060704, 59333909, 25553.437269628048, 26.872047662734985, 118941.92791099999, inf, 811.7142857142857, 1285.2513928633348, 108506.836107, 5383.49111, 0.075071, 5051.525623, 0, 0, 0, 0, 3858079, 56593518, 3410976, 63862573
39774, 39774, 0, 0, simple, 25997.894312620163, 122.78592854738235, 89679.212774, inf, 199.86934673366835, 446.4991944767847, 46352.025446, 23585.342877, 1.066639, 19740.777812, 0, 0, 0, 0, 15790279, 23791387, 14855940, 54437606, 25729.919720709324, 57.933020174503326, 108012.413308, inf, 401.75757575757575, 858.3265382597647, 87582.730866, 11172.909547, 0.284644, 9256.488251, 0, 0, 0, 0, 7835479, 44437726, 7051100, 59324305, 25553.589284181595, 27.02406221628189, 118930.55802099999, inf, 811.7142857142857, 1285.2513928633348, 108506.836107, 5372.120188, 0.076103, 5051.525623, 0, 0, 0, 0, 3858079, 56593518, 3408672, 63860269
39774, 39774, 0, 0, dp_1.000000, 26064.79788851738, 117.10976678133011, 90079.32483099999, inf, 199.86934673366835, 427.3816189968366, 44690.327467, 24117.593604, 1.27443, 21194.145881, 75.971828, 0.011621, 199, 0, 15790279, 22129092, 15037087, 52956458, 25808.93869495392, 56.91430354118347, 113626.40941300002, inf, 401.75757575757575, 880.5668983345945, 92288.663148, 11878.855484, 0.301185, 9384.149863, 74.433602, 0.006131, 99, 0, 7835479, 46352070, 7132231, 61319780, 25531.305247724056, 28.628503501415253, 130527.074662, inf, 811.7142857142857, 1352.5882822294782, 119508.291908, 5778.709912, 0.078817, 5168.543268, 71.447331, 0.003426, 49, 0, 3858079, 60945304, 3482767, 68286150
39774, 39774, 0, 0, dp_11.000000, 26031.124718904495, 83.43659716844559, 464978.226081, inf, 199.86934673366835, 427.3816189968366, 44690.327467, 258037.939225, 1.346725, 21194.145881, 140805.870277, 248.596506, 2189, 112.8943099975586, 15790279, 22129092, 244843827, 282763198, 25795.970359921455, 43.9459685087204, 301900.19970900007, inf, 401.75757575757575, 880.5668983345945, 92288.663148, 128230.422831, 0.345878, 9384.149863, 71967.543386, 29.074603, 1089, 71.36125946044922, 7835479, 46352070, 118090201, 172277750, 25525.082599043846, 22.40585482120514, 222244.16437899997, inf, 811.7142857142857, 1352.5882822294782, 119508.291908, 62322.181525, 0.094808, 5168.543268, 35241.365635, 3.687235, 539, 39.998260498046875, 3858079, 60945304, 58118747, 122922130
39774, 39774, 0, 0, dp_13.000000, 26028.74573612213, 81.0576143860817, 540065.9635210001, inf, 199.86934673366835, 427.3816189968366, 44690.327467, 304108.479142, 1.299818, 21194.145881, 169715.229805, 356.481408, 2587, 105.09163665771484, 15790279, 22129092, 290819593, 328738964, 25794.650230824947, 42.62583941221237, 340457.18129900005, inf, 401.75757575757575, 880.5668983345945, 92288.663148, 152554.025602, 0.340629, 9384.149863, 86188.66026, 41.341797, 1287, 68.62210083007812, 7835479, 46352070, 140294911, 194482460, 25523.90911412239, 21.232369899749756, 236618.23359, inf, 811.7142857142857, 1352.5882822294782, 119508.291908, 69462.316899, 0.093946, 5168.543268, 42473.813627, 5.173942, 637, 38.982704162597656, 3858079, 60945304, 65936802, 130740185
39774, 39774, 0, 0, dp_15.000000, 26026.55637574196, 78.86825400590897, 611049.6852099999, inf, 199.86934673366835, 427.3816189968366, 44690.327467, 348177.95566, 1.329393, 21194.145881, 196518.087158, 467.839651, 2985, 98.57637023925781, 15790279, 22129092, 336795359, 374714730, 25793.525878489017, 41.5014870762825, 376237.33590400004, inf, 401.75757575757575, 880.5668983345945, 92288.663148, 174172.87413, 0.336571, 9384.149863, 100335.500428, 55.811764, 1485, 66.12750244140625, 7835479, 46352070, 162499621, 216687170, 25522.676545500755, 19.99980127811432, 257309.19519899998, inf, 811.7142857142857, 1352.5882822294782, 119508.291908, 83236.372906, 0.092213, 5168.543268, 49389.016576, 6.878328, 735, 38.2480354309082, 3858079, 60945304, 76863998, 141667381
39774, 39774, 0, 0, dp_17.000000, 26025.053067326546, 77.36494559049606, 683138.9735000001, inf, 199.86934673366835, 427.3816189968366, 44690.327467, 392474.68565, 1.273809, 21194.145881, 224174.643538, 603.897155, 3383, 93.12765502929688, 15790279, 22129092, 380211930, 418131301, 25791.798046708107, 39.77365529537201, 414656.4803180001, inf, 401.75757575757575, 880.5668983345945, 92288.663148, 198464.980427, 0.349134, 9384.149863, 114445.529229, 72.808517, 1683, 63.85750198364258, 7835479, 46352070, 184704331, 238891880, 25522.75159329176, 20.0748490691185, 272353.961225, inf, 811.7142857142857, 1352.5882822294782, 119508.291908, 91192.596218, 0.090269, 5168.543268, 56475.766268, 8.673294, 833, 37.696022033691406, 3858079, 60945304, 87791194, 152594577
39774, 39774, 0, 0, dp_19.000000, 26023.90340024233, 76.21527850627899, 750023.9246390001, inf, 199.86934673366835, 427.3816189968366, 44690.327467, 433050.450443, 1.297463, 21194.145881, 250303.848741, 783.854644, 3781, 88.07637786865234, 15790279, 22129092, 426187696, 464107067, 25791.185059666634, 39.16066825389862, 451923.50443000003, inf, 401.75757575757575, 880.5668983345945, 92288.663148, 221569.71105, 0.347392, 9384.149863, 128588.923778, 91.709199, 1881, 61.68484878540039, 7835479, 46352070, 206909041, 261096590, 25522.023245573044, 19.346501350402832, 295302.93848899996, inf, 811.7142857142857, 1352.5882822294782, 119508.291908, 107059.902192, 0.091201, 5168.543268, 63555.070258, 11.039662, 931, 37.16075897216797, 3858079, 60945304, 98718390, 163521773
39774, 39774, 0, 0, dp_21.000000, 26022.477763414383, 74.78964167833328, 825227.5706339999, inf, 199.86934673366835, 427.3816189968366, 44690.327467, 481892.255001, 1.291352, 21194.145881, 276521.736793, 927.81414, 4179, 83.51217651367188, 15790279, 22129092, 472163462, 510082833, 25790.61464112997, 38.590249717235565, 488163.963402, inf, 401.75757575757575, 880.5668983345945, 92288.663148, 243533.979981, 0.340309, 9384.149863, 142844.237345, 112.592756, 2079, 59.69050598144531, 7835479, 46352070, 229113751, 283301300, 25522.04499578476, 19.36825156211853, 308849.60473900003, inf, 811.7142857142857, 1352.5882822294782, 119508.291908, 113342.150688, 0.075872, 5168.543268, 70817.206173, 13.33683, 1029, 36.653255462646484, 3858079, 60945304, 109645586, 174448969
39774, 39774, 0, 0, dp_23.000000, 26020.885723114014, 73.19760137796402, 894827.7436650001, inf, 199.86934673366835, 427.3816189968366, 44690.327467, 524004.505361, 1.296192, 21194.145881, 303820.637211, 1116.831553, 4577, 79.33234405517578, 15790279, 22129092, 518020134, 555939505, 25789.525857031345, 37.50146561861038, 526779.226894, inf, 401.75757575757575, 880.5668983345945, 92288.663148, 268309.79066, 0.338195, 9384.149863, 156660.363513, 135.921515, 2277, 57.8607292175293, 7835479, 46352070, 251318461, 305506010, 25521.34674745798, 18.67000323534012, 332913.256077, inf, 811.7142857142857, 1352.5882822294782, 119508.291908, 130667.933491, 0.092513, 5168.543268, 77552.284396, 16.110501, 1127, 36.178035736083984, 3858079, 60945304, 120572782, 185376165
39774, 39774, 0, 0, dp_25.000000, 26020.162075936794, 72.47395420074463, 962363.7979300001, inf, 199.86934673366835, 427.3816189968366, 44690.327467, 568962.43946, 1.321919, 21194.145881, 326194.136629, 1321.426574, 4975, 75.41983032226562, 15790279, 22129092, 563995900, 601915271, 25787.9934951663, 35.96910375356674, 565560.3185060001, inf, 401.75757575757575, 880.5668983345945, 92288.663148, 293436.318714, 0.336141, 9384.149863, 170289.078086, 161.772554, 2475, 56.32349395751953, 7835479, 46352070, 273392011, 327579560, 25521.412942111492, 18.736197888851166, 346372.212988, inf, 811.7142857142857, 1352.5882822294782, 119508.291908, 136793.925754, 0.089148, 5168.543268, 84882.276398, 19.086512, 1225, 35.63561248779297, 3858079, 60945304, 131499978, 196303361
39774, 39774, 0, 0, dp_27.000000, 26019.404952466488, 71.71683073043823, 1048579.275412, inf, 199.86934673366835, 427.3816189968366, 44690.327467, 622323.602927, 1.288706, 21194.145881, 358826.738228, 1543.172203, 5373, 71.8533935546875, 15790279, 22129092, 610090760, 648010131, 25788.08418738842, 36.05979597568512, 601005.685852, inf, 401.75757575757575, 880.5668983345945, 92288.663148, 314977.565513, 0.325741, 9384.149863, 184165.815051, 189.166536, 2673, 54.67903518676758, 7835479, 46352070, 295727881, 349915430, 25520.833144128323, 18.15639990568161, 369891.65331500006, inf, 811.7142857142857, 1352.5882822294782, 119508.291908, 153278.800464, 0.091572, 5168.543268, 91913.754035, 22.172068, 1323, 35.2169075012207, 3858079, 60945304, 142427174, 207230557
39774, 39774, 0, 0, dp_29.000000, 26018.831109583378, 71.14298784732819, 1117606.105413, inf, 199.86934673366835, 427.3816189968366, 44690.327467, 665546.631187, 1.491446, 21194.145881, 384389.885777, 1783.623655, 5771, 68.64250183105469, 15790279, 22129092, 655947432, 693866803, 25787.57287555933, 35.548484146595, 642246.6142800001, inf, 401.75757575757575, 880.5668983345945, 92288.663148, 342489.564243, 0.337423, 9384.149863, 197864.773462, 219.126141, 2871, 53.393714904785156, 7835479, 46352070, 317801431, 371988980, 25520.76557558775, 18.08883136510849, 380733.542352, inf, 811.7142857142857, 1352.5882822294782, 119508.291908, 157110.148338, 0.089538, 5168.543268, 98920.746452, 25.722848, 1421, 34.730289459228516, 3858079, 60945304, 153354370, 218157753
39774, 39774, 0, 0, dp_3.000000, 26051.027613937855, 103.33949220180511, 166835.03627300003, inf, 199.86934673366835, 427.3816189968366, 44690.327467, 71492.971204, 1.32823, 21194.145881, 29443.163147, 13.100344, 597, 158.04916381835938, 15790279, 22129092, 61012853, 98932224, 25804.693809330463, 52.669417917728424, 150803.46405500002, inf, 401.75757575757575, 880.5668983345945, 92288.663148, 34815.164709, 0.35745, 9384.149863, 14313.404532, 1.724353, 297, 86.18849182128906, 7835479, 46352070, 29336941, 83524490, 25529.612227916718, 26.935483694076538, 148280.120495, inf, 811.7142857142857, 1352.5882822294782, 119508.291908, 16892.661668, 0.080682, 5168.543268, 6710.327304, 0.215665, 147, 46.03316879272461, 3858079, 60945304, 14409963, 79213346
39774, 39774, 0, 0, dp_31.000000, 26018.63058668375, 70.9424649477005, 1209922.391023, inf, 199.86934673366835, 427.3816189968366, 44690.327467, 728704.801571, 1.310137, 21194.145881, 413292.62496, 2039.181007, 6169, 65.76048278808594, 15790279, 22129092, 701923198, 739842569, 25787.977388560772, 35.95299714803696, 676621.550624, inf, 401.75757575757575, 880.5668983345945, 92288.663148, 362937.80792, 0.343614, 9384.149863, 211760.499671, 250.086408, 3069, 52.0941162109375, 7835479, 46352070, 340137301, 394324850, 25520.223872840405, 17.54712861776352, 405931.525633, inf, 811.7142857142857, 1352.5882822294782, 119508.291908, 174815.63521, 0.093224, 5168.543268, 106409.510703, 29.45132, 1519, 34.28784942626953, 3858079, 60945304, 164281566, 229084949
39774, 39774, 0, 0, dp_33.000000, 26017.690803170204, 70.00268143415451, 1272376.815048, inf, 199.86934673366835, 427.3816189968366, 44690.327467, 767656.413701, 1.299427, 21194.145881, 436522.491004, 2312.137568, 6567, 63.03211975097656, 15790279, 22129092, 747898964, 785818335, 25787.37738853693, 35.3529971241951, 711269.9326449999, inf, 401.75757575757575, 880.5668983345945, 92288.663148, 384060.376303, 0.344706, 9384.149863, 225252.504153, 283.894472, 3267, 50.74213790893555, 7835479, 46352070, 362276431, 416463980, 25520.313735842705, 17.63699162006378, 422083.69317, inf, 811.7142857142857, 1352.5882822294782, 119508.291908, 183484.299531, 0.089828, 5168.543268, 113888.947483, 33.521152, 1617, 33.8762321472168, 3858079, 60945304, 175208762, 240012145
39774, 39774, 0, 0, dp_35.000000, 26017.299389004707, 69.61126726865768, 1358773.1975029998, inf, 199.86934673366835, 427.3816189968366, 44690.327467, 823877.372776, 1.290901, 21194.145881, 466407.793106, 2602.267372, 6965, 60.46981430053711, 15790279, 22129092, 793874730, 831794101, 25786.54623544216, 34.521844029426575, 745559.667392, inf, 401.75757575757575, 880.5668983345945, 92288.663148, 409978.265398, 0.34686, 9384.149863, 233588.344031, 319.898092, 3465, 49.55122756958008, 7835479, 46352070, 384415561, 438603110, 25519.891513586044, 17.21476936340332, 441501.085753, inf, 811.7142857142857, 1352.5882822294782, 119508.291908, 198349.899084, 0.09077, 5168.543268, 118436.316527, 37.944196, 1715, 33.371559143066406, 3858079, 60945304, 186135958, 250939341
39774, 39774, 0, 0, dp_37.000000, 26015.73333579302, 68.04521405696869, 1424157.719629, inf, 199.86934673366835, 427.3816189968366, 44690.327467, 859990.935647, 1.337008, 21194.145881, 495370.127437, 2910.846189, 7363, 57.941715240478516, 15790279, 22129092, 839850496, 877769867, 25786.467447578907, 34.44305616617203, 794850.853698, inf, 401.75757575757575, 880.5668983345945, 92288.663148, 435741.800507, 0.3416, 9384.149863, 257078.211014, 357.687566, 3663, 48.45210266113281, 7835479, 46352070, 406521901, 460709450, 25519.791513562202, 17.114769339561462, 466855.539641, inf, 811.7142857142857, 1352.5882822294782, 119508.291908, 214690.710793, 0.092854, 5168.543268, 127445.582734, 42.318084, 1813, 33.11397171020508, 3858079, 60945304, 197063154, 261866537
39774, 39774, 0, 0, dp_39.000000, 26015.256321191788, 67.56819945573807, 1499983.586782, inf, 199.86934673366835, 427.3816189968366, 44690.327467, 909830.566657, 1.285511, 21194.145881, 521031.215401, 3236.045865, 7761, 55.56512451171875, 15790279, 22129092, 885826262, 923745633, 25786.001891970634, 33.977500557899475, 845739.840787, inf, 401.75757575757575, 880.5668983345945, 92288.663148, 477259.633486, 0.334457, 9384.149863, 266409.57824, 397.481593, 3861, 47.39411544799805, 7835479, 46352070, 428726611, 482914160, 25518.73535311222, 16.058608889579773, 481153.442147, inf, 811.7142857142857, 1352.5882822294782, 119508.291908, 221973.084272, 0.091562, 5168.543268, 134456.200276, 47.230861, 1911, 32.547550201416016, 3858079, 60945304, 207990350, 272793733
39774, 39774, 0, 0, dp_5.000000, 26043.88062530756, 96.19250357151031, 241203.37358900002, inf, 199.86934673366835, 427.3816189968366, 44690.327467, 117593.567773, 1.296081, 21194.145881, 57680.796093, 43.240294, 995, 142.18017578125, 15790279, 22129092, 106988619, 144907990, 25801.537774801254, 49.51338338851929, 187856.258902, inf, 401.75757575757575, 880.5668983345945, 92288.663148, 57256.482141, 0.345498, 9384.149863, 28921.261617, 5.356635, 495, 81.70360565185547, 7835479, 46352070, 51541651, 105729200, 25528.314011633396, 25.637267410755157, 166753.89988699998, inf, 811.7142857142857, 1352.5882822294782, 119508.291908, 28277.45783, 0.091632, 5168.543268, 13798.657591, 0.857658, 245, 44.037960052490234, 3858079, 60945304, 25337159, 90140542
39774, 39774, 0, 0, dp_7.000000, 26038.611399829388, 90.92327809333801, 314229.971283, inf, 199.86934673366835, 427.3816189968366, 44690.327467, 162338.144421, 1.318061, 21194.145881, 85905.959627, 100.075826, 1393, 130.74966430664062, 15790279, 22129092, 152964385, 190883756, 25798.87779724598, 46.853405833244324, 225611.69315399998, inf, 401.75757575757575, 880.5668983345945, 92288.663148, 80544.112002, 0.356408, 9384.149863, 43383.027204, 11.384529, 693, 77.92416381835938, 7835479, 46352070, 73746361, 127933910, 25527.138936638832, 24.4621924161911, 185359.36069499998, inf, 811.7142857142857, 1352.5882822294782, 119508.291908, 39664.794717, 0.093505, 5168.543268, 21016.089825, 1.547472, 343, 42.15534591674805, 3858079, 60945304, 36264355, 101067738
39774, 39774, 0, 0, dp_9.000000, 26033.556943833828, 85.86882209777832, 391482.28073099995, inf, 199.86934673366835, 427.3816189968366, 44690.327467, 212396.658441, 1.315837, 21194.145881, 113037.212117, 162.620988, 1791, 121.27583312988281, 15790279, 22129092, 198868061, 236787432, 25797.302263319492, 45.277871906757355, 263089.7213050001, inf, 401.75757575757575, 880.5668983345945, 92288.663148, 103753.141432, 0.364263, 9384.149863, 57644.412047, 18.990552, 891, 74.45516967773438, 7835479, 46352070, 95885491, 150073040, 25526.655380249023, 23.978636026382446, 203738.604444, inf, 811.7142857142857, 1352.5882822294782, 119508.291908, 50843.98404, 0.074539, 5168.543268, 28215.157662, 2.553027, 441, 41.05413055419922, 3858079, 60945304, 47191551, 111994934
39774, 39774, 0, 0, fixed_reps_1, 26064.79788851738, 117.10976678133011, 89110.179766, inf, 199.86934673366835, 427.3816189968366, 44690.327467, 23145.582911, 1.302142, 21194.145881, 78.821365, 0, 199, 195.0868682861328, 15790279, 22129092, 15037087, 52956458, 25808.93869495392, 56.91430354118347, 113372.998859, inf, 401.75757575757575, 880.5668983345945, 92288.663148, 11621.918558, 0.30384, 9384.149863, 77.96345, 0, 99, 97.96381378173828, 7835479, 46352070, 7132231, 61319780, 25531.305247724056, 28.628503501415253, 130483.73124399998, inf, 811.7142857142857, 1352.5882822294782, 119508.291908, 5729.610921, 0.086573, 5168.543268, 77.198574, 0, 49, 48.45930099487305, 3858079, 60945304, 3482767, 68286150
39774, 39774, 0, 0, fixed_reps_11, 26036.526474237442, 88.83835250139236, 348870.922856, inf, 199.86934673366835, 427.3816189968366, 44690.327467, 282148.785689, 1.252539, 21194.145881, 836.41128, 0, 2189, 157.7756805419922, 15790279, 22129092, 165405967, 203325338, 25798.539354920387, 46.51496350765228, 245132.077421, inf, 401.75757575757575, 880.5668983345945, 92288.663148, 142640.246009, 0.338705, 9384.149863, 818.679696, 0, 1089, 86.32833099365234, 7835479, 46352070, 78453551, 132641100, 25524.95339512825, 22.27665090560913, 200092.733087, inf, 811.7142857142857, 1352.5882822294782, 119508.291908, 74560.382518, 0.091842, 5168.543268, 855.423551, 0, 539, 45.932212829589844, 3858079, 60945304, 38309947, 103113330
39774, 39774, 0, 0, fixed_reps_13, 26034.24527043104, 86.55714869499207, 399753.63185, inf, 199.86934673366835, 427.3816189968366, 44690.327467, 332885.153258, 1.255063, 21194.145881, 982.750181, 0, 2587, 155.6031494140625, 15790279, 22129092, 195479743, 233399114, 25797.3638189435, 45.33942753076553, 271907.754788, inf, 401.75757575757575, 880.5668983345945, 92288.663148, 169284.948491, 0.327865, 9384.149863, 949.665421, 0, 1287, 84.60877227783203, 7835479, 46352070, 92717815, 146905364, 25524.483216404915, 21.806472182273865, 213356.296118, inf, 811.7142857142857, 1352.5882822294782, 119508.291908, 87676.538867, 0.089829, 5168.543268, 1002.832246, 0, 637, 45.71297836303711, 3858079, 60945304, 45275383, 110078766
39774, 39774, 0, 0, fixed_reps_15, 26032.86774212122, 85.17962038516998, 442807.82343099994, inf, 199.86934673366835, 427.3816189968366, 44690.327467, 375801.10497, 1.247009, 21194.145881, 1120.998104, 0, 2985, 152.67071533203125, 15790279, 22129092, 225553519, 263472890, 25796.919841647148, 44.89545023441315, 298166.841782, inf, 401.75757575757575, 880.5668983345945, 92288.663148, 195383.092519, 0.328025, 9384.149863, 1110.608227, 0, 1485, 84.01216888427734, 7835479, 46352070, 106982079, 161169628, 25524.369459807873, 21.69271558523178, 226328.035318, inf, 811.7142857142857, 1352.5882822294782, 119508.291908, 100501.590002, 0.093285, 5168.543268, 1149.516855, 0, 735, 45.48300552368164, 3858079, 60945304, 52240819, 117044202
39774, 39774, 0, 0, fixed_reps_17, 26031.780837237835, 84.09271550178528, 499175.32983999996, inf, 199.86934673366835, 427.3816189968366, 44690.327467, 432014.140585, 1.268248, 21194.145881, 1275.447659, 0, 3383, 146.76043701171875, 15790279, 22129092, 255627295, 293546666, 25796.49985039234, 44.47545897960663, 323271.96598, inf, 401.75757575757575, 880.5668983345945, 92288.663148, 220333.070442, 0.331732, 9384.149863, 1265.750795, 0, 1683, 83.40404510498047, 7835479, 46352070, 121246343, 175433892, 25524.086688160896, 21.40994393825531, 239164.256217, inf, 811.7142857142857, 1352.5882822294782, 119508.291908, 113202.030149, 0.088886, 5168.543268, 1285.302006, 0, 833, 45.27750778198242, 3858079, 60945304, 59206255, 124009638
39774, 39774, 0, 0, fixed_reps_19, 26031.24153959751, 83.55341786146164, 538176.410609, inf, 199.86934673366835, 427.3816189968366, 44690.327467, 470853.952769, 1.308964, 21194.145881, 1436.675528, 0, 3781, 141.67825317382812, 15790279, 22129092, 285701071, 323620442, 25795.839202404022, 43.81481099128723, 347299.654715, inf, 401.75757575757575, 880.5668983345945, 92288.663148, 244231.225466, 0.337573, 9384.149863, 1395.278665, 0, 1881, 82.74479675292969, 7835479, 46352070, 135510607, 189698156, 25523.52954530716, 20.852801084518433, 251773.047249, inf, 811.7142857142857, 1352.5882822294782, 119508.291908, 125664.591638, 0.088827, 5168.543268, 1431.531608, 0, 931, 45.0781364440918, 3858079, 60945304, 66171691, 130975074
39774, 39774, 0, 0, fixed_reps_21, 26030.09973925352, 82.41161751747131, 597293.922669, inf, 199.86934673366835, 427.3816189968366, 44690.327467, 529826.043697, 1.286633, 21194.145881, 1582.118991, 0, 4179, 136.6552276611328, 15790279, 22129092, 315774847, 353694218, 25794.35518270731, 42.33079129457474, 372394.620451, inf, 401.75757575757575, 880.5668983345945, 92288.663148, 269191.558667, 0.334187, 9384.149863, 1529.914586, 0, 2079, 82.03400421142578, 7835479, 46352070, 149774871, 203962420, 25522.947804808617, 20.271060585975647, 264087.41171899997, inf, 811.7142857142857, 1352.5882822294782, 119508.291908, 137847.489752, 0.089378, 5168.543268, 1562.997413, 0, 1029, 44.8487548828125, 3858079, 60945304, 73137127, 137940510
39774, 39774, 0, 0, fixed_reps_23, 26028.76093542576, 81.07281368970871, 638117.4588299999, inf, 199.86934673366835, 427.3816189968366, 44690.327467, 570484.955736, 1.30595, 21194.145881, 1746.723796, 0, 4577, 134.1897735595703, 15790279, 22129092, 345848623, 383767994, 25793.452482521534, 41.42809110879898, 396075.427815, inf, 401.75757575757575, 880.5668983345945, 92288.663148, 292739.726345, 0.338575, 9384.149863, 1662.549884, 0, 2277, 80.47708892822266, 7835479, 46352070, 164039135, 218226684, 25522.91899460554, 20.242250382900238, 275977.642671, inf, 811.7142857142857, 1352.5882822294782, 119508.291908, 149599.856124, 0.095569, 5168.543268, 1700.855802, 0, 1127, 44.67826461791992, 3858079, 60945304, 80102563, 144905946
39774, 39774, 0, 0, fixed_reps_25, 26026.722967505455, 79.03484576940536, 686233.9556839999, inf, 199.86934673366835, 427.3816189968366, 44690.327467, 618490.866921, 1.267697, 21194.145881, 1857.347718, 0, 4975, 129.12171936035156, 15790279, 22129092, 375922399, 413841770, 25792.730678617954, 40.70628720521927, 420849.63586499996, inf, 401.75757575757575, 880.5668983345945, 92288.663148, 317377.651739, 0.328306, 9384.149863, 1798.842809, 0, 2475, 79.97039031982422, 7835479, 46352070, 178303399, 232490948, 25522.70867705345, 20.031932830810547, 288364.023453, inf, 811.7142857142857, 1352.5882822294782, 119508.291908, 161854.918855, 0.091601, 5168.543268, 1832.177821, 0, 1225, 44.448909759521484, 3858079, 60945304, 87067999, 151871382
39774, 39774, 0, 0, fixed_reps_27, 26025.681300878525, 77.99317914247513, 740054.2995600001, inf, 199.86934673366835, 427.3816189968366, 44690.327467, 672126.570281, 1.257848, 21194.145881, 2041.998083, 0, 5373, 127.14208984375, 15790279, 22129092, 405996175, 443915546, 25792.418016195297, 40.393624782562256, 445761.72143900004, inf, 401.75757575757575, 880.5668983345945, 92288.663148, 342162.835727, 0.330911, 9384.149863, 1925.74179, 0, 2673, 79.45384979248047, 7835479, 46352070, 192567663, 246755212, 25521.90928775072, 19.232543528079987, 301130.506297, inf, 811.7142857142857, 1352.5882822294782, 119508.291908, 174471.453653, 0.089308, 5168.543268, 1982.12816, 0, 1323, 44.242218017578125, 3858079, 60945304, 94033435, 158836818
39774, 39774, 0, 0, fixed_reps_29, 26024.526325285435, 76.83820354938507, 783656.931569, inf, 199.86934673366835, 427.3816189968366, 44690.327467, 715567.742801, 1.422367, 21194.145881, 2203.293053, 0, 5771, 123.69979095458984, 15790279, 22129092, 436069951, 473989322, 25791.576607704163, 39.55221629142761, 470315.699276, inf, 401.75757575757575, 880.5668983345945, 92288.663148, 366582.811144, 0.330039, 9384.149863, 2059.745082, 0, 2871, 78.97423553466797, 7835479, 46352070, 206831927, 261019476, 25521.293410122395, 18.61666589975357, 313156.333279, inf, 811.7142857142857, 1352.5882822294782, 119508.291908, 186374.285451, 0.089938, 5168.543268, 2105.122714, 0, 1421, 44.028831481933594, 3858079, 60945304, 100998871, 165802254
39774, 39774, 0, 0, fixed_reps_3, 26052.384733080864, 104.6966113448143, 138714.54400999998, inf, 199.86934673366835, 427.3816189968366, 44690.327467, 72615.36659, 1.289188, 21194.145881, 213.414884, 0, 597, 183.76487731933594, 15790279, 22129092, 45110863, 83030234, 25804.37378501892, 52.34939360618591, 138387.999059, inf, 401.75757575757575, 880.5668983345945, 92288.663148, 36485.295817, 0.34114, 9384.149863, 229.549091, 0, 297, 94.91967010498047, 7835479, 46352070, 21396495, 75584044, 25527.848106622696, 25.17136240005493, 143688.315077, inf, 811.7142857142857, 1352.5882822294782, 119508.291908, 18769.725618, 0.079369, 5168.543268, 241.674914, 0, 147, 47.84016418457031, 3858079, 60945304, 10448203, 75251586
39774, 39774, 0, 0, fixed_reps_31, 26022.836787045002, 75.14866530895233, 829197.7957, inf, 199.86934673366835, 427.3816189968366, 44690.327467, 761008.760618, 1.500433, 21194.145881, 2303.061301, 0, 6169, 119.62584686279297, 15790279, 22129092, 466143727, 504063098, 25791.350200772285, 39.325809359550476, 492936.66883, inf, 401.75757575757575, 880.5668983345945, 92288.663148, 389078.41524, 0.325801, 9384.149863, 2185.114778, 0, 3069, 77.85961151123047, 7835479, 46352070, 221096191, 275283740, 25520.812296509743, 18.135552287101746, 325014.476224, inf, 811.7142857142857, 1352.5882822294782, 119508.291908, 198108.279939, 0.087223, 5168.543268, 2229.273886, 0, 1519, 43.81181335449219, 3858079, 60945304, 107964307, 172767690
39774, 39774, 0, 0, fixed_reps_33, 26022.34560340643, 74.65748167037964, 878928.633567, inf, 199.86934673366835, 427.3816189968366, 44690.327467, 810539.17116, 1.241088, 21194.145881, 2503.747971, 0, 6567, 117.38095092773438, 15790279, 22129092, 496217503, 534136874, 25790.930226564407, 38.90583515167236, 516513.228137, inf, 401.75757575757575, 880.5668983345945, 92288.663148, 412528.680888, 0.316313, 9384.149863, 2311.417925, 0, 3267, 77.26005554199219, 7835479, 46352070, 235360455, 289548004, 25520.52378642559, 17.847042202949524, 337281.877605, inf, 811.7142857142857, 1352.5882822294782, 119508.291908, 210250.440874, 0.087113, 5168.543268, 2354.514442, 0, 1617, 43.52069091796875, 3858079, 60945304, 114929743, 179733126
39774, 39774, 0, 0, fixed_reps_35, 26020.82286989689, 73.13474816083908, 929082.97693, inf, 199.86934673366835, 427.3816189968366, 44690.327467, 860534.778021, 1.251346, 21194.145881, 2662.474215, 0, 6965, 114.68458557128906, 15790279, 22129092, 526291279, 564210650, 25790.303292691708, 38.278901278972626, 539282.27853, inf, 401.75757575757575, 880.5668983345945, 92288.663148, 435172.15557, 0.3252, 9384.149863, 2436.984749, 0, 3465, 76.12409210205078, 7835479, 46352070, 249624719, 303812268, 25520.18668228388, 17.509938061237335, 349303.312914, inf, 811.7142857142857, 1352.5882822294782, 119508.291908, 222143.931171, 0.091572, 5168.543268, 2482.454995, 0, 1715, 43.25124740600586, 3858079, 60945304, 121895179, 186698562
39774, 39774, 0, 0, fixed_reps_37, 26019.78015702963, 72.0920352935791, 971357.6637449999, inf, 199.86934673366835, 427.3816189968366, 44690.327467, 902665.215502, 1.272225, 21194.145881, 2806.70267, 0, 7363, 111.26500701904297, 15790279, 22129092, 556365055, 594284426, 25789.83711439371, 37.812722980976105, 563107.408973, inf, 401.75757575757575, 880.5668983345945, 92288.663148, 458862.214746, 0.337824, 9384.149863, 2572.043392, 0, 3663, 75.5438461303711, 7835479, 46352070, 263888983, 318076532, 25520.18668228388, 17.509938061237335, 361633.144064, inf, 811.7142857142857, 1352.5882822294782, 119508.291908, 234335.138156, 0.089007, 5168.543268, 2621.081725, 0, 1813, 42.44300842285156, 3858079, 60945304, 128860615, 193663998
39774, 39774, 0, 0, fixed_reps_39, 26018.860420286655, 71.17229855060577, 1022228.386484, inf, 199.86934673366835, 427.3816189968366, 44690.327467, 953391.519809, 1.303835, 21194.145881, 2951.089492, 0, 7761, 108.5804214477539, 15790279, 22129092, 586438831, 624358202, 25789.23622316122, 37.211831748485565, 581012.831764, inf, 401.75757575757575, 880.5668983345945, 92288.663148, 476636.129791, 0.333946, 9384.149863, 2703.555016, 0, 3861, 74.37635803222656, 7835479, 46352070, 278153247, 332340796, 25519.803685605526, 17.12694138288498, 373888.07718699996, inf, 811.7142857142857, 1352.5882822294782, 119508.291908, 246456.260242, 0.091401, 5168.543268, 2754.890368, 0, 1911, 42.25088882446289, 3858079, 60945304, 135826051, 200629434
39774, 39774, 0, 0, fixed_reps_41, 26018.011213958263, 70.32309222221375, 1057071.767758, inf, 199.86934673366835, 427.3816189968366, 44690.327467, 988097.856026, 1.301491, 21194.145881, 3088.136893, 0, 8159, 105.60518646240234, 15790279, 22129092, 616512607, 654431978, 25788.980240285397, 36.95584887266159, 603915.7432050001, inf, 401.75757575757575, 880.5668983345945, 92288.663148, 499472.089049, 0.339106, 9384.149863, 2770.502039, 0, 4059, 73.8324966430664, 7835479, 46352070, 292417511, 346605060, 25519.331968307495, 16.655224084854126, 386203.805016, inf, 811.7142857142857, 1352.5882822294782, 119508.291908, 258635.14104, 0.086733, 5168.543268, 2891.742067, 0, 2009, 41.33182907104492, 3858079, 60945304, 142791487, 207594870
39774, 39774, 0, 0, fixed_reps_5, 26047.53382462263, 99.84570288658142, 191963.209924, inf, 199.86934673366835, 427.3816189968366, 44690.327467, 125709.209678, 1.319835, 21194.145881, 368.207063, 0, 995, 176.94207763671875, 15790279, 22129092, 75184639, 113104010, 25801.813322126865, 49.7889307141304, 165690.379672, inf, 401.75757575757575, 880.5668983345945, 92288.663148, 63639.748999, 0.338545, 9384.149863, 377.479117, 0, 495, 90.9949722290039, 7835479, 46352070, 35660759, 89848308, 25526.627704143524, 23.95095992088318, 158050.191429, inf, 811.7142857142857, 1352.5882822294782, 119508.291908, 32976.323601, 0.089638, 5168.543268, 396.943014, 0, 245, 46.86501693725586, 3858079, 60945304, 17413639, 82217022
39774, 39774, 0, 0, fixed_reps_7, 26043.270085692406, 95.58196395635605, 247371.82103999998, inf, 199.86934673366835, 427.3816189968366, 44690.327467, 180959.228973, 1.457803, 21194.145881, 526.660916, 0, 1393, 173.89662170410156, 15790279, 22129092, 105258415, 143177786, 25800.95031374693, 48.92592233419418, 193538.947827, inf, 401.75757575757575, 880.5668983345945, 92288.663148, 91335.361116, 0.326833, 9384.149863, 530.446867, 0, 693, 89.9367446899414, 7835479, 46352070, 49925023, 104112572, 25526.178504943848, 23.501760721206665, 173063.30517399998, inf, 811.7142857142857, 1352.5882822294782, 119508.291908, 47830.836024, 0.09053, 5168.543268, 555.543444, 0, 343, 46.48202133178711, 3858079, 60945304, 24379075, 89182458
39774, 39774, 0, 0, fixed_reps_9, 26039.040156304836, 91.35203456878662, 299268.276887, inf, 199.86934673366835, 427.3816189968366, 44690.327467, 232701.051654, 1.240115, 21194.145881, 681.51177, 0, 1791, 162.69723510742188, 15790279, 22129092, 135332191, 173251562, 25799.632769942284, 47.608378529548645, 219955.534378, inf, 401.75757575757575, 880.5668983345945, 92288.663148, 117606.544179, 0.331581, 9384.149863, 675.845607, 0, 891, 88.30369567871094, 7835479, 46352070, 64189287, 118376836, 25525.1117284894, 22.434984266757965, 187044.640666, inf, 811.7142857142857, 1352.5882822294782, 119508.291908, 61655.420624, 0.091892, 5168.543268, 712.292974, 0, 441, 46.197059631347656, 3858079, 60945304, 31344511, 96147894
39774, 39774, 0, 0, greedy_1.000000, 26064.79788851738, 117.10976678133011, 88957.80353, inf, 199.86934673366835, 427.3816189968366, 44690.327467, 22996.263711, 1.085686, 21194.145881, 75.971828, 0.008957, 199, 195.0868682861328, 15790279, 22129092, 15037087, 52956458, 25808.93869495392, 56.91430354118347, 113663.33693200002, inf, 401.75757575757575, 880.5668983345945, 92288.663148, 11915.778124, 0.307627, 9384.149863, 74.433602, 0.004568, 99, 97.96381378173828, 7835479, 46352070, 7132231, 61319780, 25531.305247724056, 28.628503501415253, 130525.65987899998, inf, 811.7142857142857, 1352.5882822294782, 119508.291908, 5777.289618, 0.08527, 5168.543268, 71.447331, 0.002484, 49, 48.45930099487305, 3858079, 60945304, 3482767, 68286150
39774, 39774, 0, 0, greedy_11.000000, 26047.859413206577, 100.17129147052765, 397436.266996, inf, 199.86934673366835, 427.3816189968366, 44690.327467, 190744.071508, 1.336326, 21194.145881, 140805.870277, 0.515537, 2189, 176.8300323486328, 15790279, 22129092, 180327271, 218246642, 25802.646325588226, 50.62193417549133, 263774.383157, inf, 401.75757575757575, 880.5668983345945, 92288.663148, 90133.500564, 0.353532, 9384.149863, 71967.543386, 0.172664, 1089, 91.46980285644531, 7835479, 46352070, 85738942, 139926491, 25528.472871661186, 25.796127438545227, 198802.94646, inf, 811.7142857142857, 1352.5882822294782, 119508.291908, 38884.615706, 0.095479, 5168.543268, 35241.365635, 0.034464, 539, 47.970924377441406, 3858079, 60945304, 40542722, 105346105
39774, 39774, 0, 0, greedy_13.000000, 26045.52891486883, 97.84079313278198, 454755.906519, inf, 199.86934673366835, 427.3816189968366, 44690.327467, 219154.318682, 1.280602, 21194.145881, 169715.229805, 0.604082, 2587, 176.799072265625, 15790279, 22129092, 210503233, 248422604, 25802.38106584549, 50.35667443275452, 291650.236463, inf, 401.75757575757575, 880.5668983345945, 92288.663148, 103788.253436, 0.346069, 9384.149863, 86188.66026, 0.163687, 1287, 91.46039581298828, 7835479, 46352070, 100106614, 154294163, 25527.507974624634, 24.831230401992798, 211803.70353, inf, 811.7142857142857, 1352.5882822294782, 119508.291908, 44652.919444, 0.093575, 5168.543268, 42473.813627, 0.041708, 637, 47.96258544921875, 3858079, 60945304, 47581768, 112385151
39774, 39774, 0, 0, greedy_15.000000, 26044.13410025835, 96.44597852230072, 505167.734564, inf, 199.86934673366835, 427.3816189968366, 44690.327467, 242763.121519, 1.331707, 21194.145881, 196518.087158, 0.720832, 2985, 176.75985717773438, 15790279, 22129092, 240679195, 278598566, 25801.81340199709, 49.7890105843544, 318786.83179599995, inf, 401.75757575757575, 880.5668983345945, 92288.663148, 116777.991499, 0.338084, 9384.149863, 100335.500428, 0.188774, 1485, 91.44991302490234, 7835479, 46352070, 114474286, 168661835, 25527.227422893047, 24.55067867040634, 224815.02962899997, inf, 811.7142857142857, 1352.5882822294782, 119508.291908, 50749.038596, 0.091161, 5168.543268, 49389.016576, 0.04812, 735, 47.95306396484375, 3858079, 60945304, 54620814, 119424197
39774, 39774, 0, 0, greedy_17.000000, 26042.706867575645, 95.0187458395958, 558972.313454, inf, 199.86934673366835, 427.3816189968366, 44690.327467, 268911.051746, 1.298635, 21194.145881, 224174.643538, 0.846187, 3383, 176.72955322265625, 15790279, 22129092, 270855157, 308774528, 25801.50003194809, 49.475640535354614, 345957.29597, inf, 401.75757575757575, 880.5668983345945, 92288.663148, 129838.38824, 0.349435, 9384.149863, 114445.529229, 0.216055, 1683, 91.44221496582031, 7835479, 46352070, 128841958, 183029507, 25526.939273536205, 24.2625293135643, 237658.96959899997, inf, 811.7142857142857, 1352.5882822294782, 119508.291908, 56506.215308, 0.093225, 5168.543268, 56475.766268, 0.059622, 833, 47.947776794433594, 3858079, 60945304, 61659860, 126463243
39774, 39774, 0, 0, greedy_19.000000, 26040.265230596066, 92.57710886001587, 611458.498761, inf, 199.86934673366835, 427.3816189968366, 44690.327467, 295267.639775, 1.289618, 21194.145881, 250303.848741, 1.247279, 3781, 176.66461181640625, 15790279, 22129092, 301031119, 338950490, 25800.36251181364, 48.33812040090561, 373332.096505, inf, 401.75757575757575, 880.5668983345945, 92288.663148, 143069.756384, 0.336611, 9384.149863, 128588.923778, 0.266721, 1881, 91.43169403076172, 7835479, 46352070, 143209630, 197397179, 25526.594789803028, 23.918045580387115, 251210.51851999995, inf, 811.7142857142857, 1352.5882822294782, 119508.291908, 62978.459018, 0.095709, 5168.543268, 63555.070258, 0.058359, 931, 47.938026428222656, 3858079, 60945304, 68698906, 133502289
39774, 39774, 0, 0, greedy_21.000000, 26036.53284162283, 88.84471988677979, 660005.1649219999, inf, 199.86934673366835, 427.3816189968366, 44690.327467, 317596.656981, 1.291593, 21194.145881, 276521.736793, 1.006207, 4179, 176.3659210205078, 15790279, 22129092, 331207081, 369126452, 25799.796300530434, 47.77190911769867, 401440.736615, inf, 401.75757575757575, 880.5668983345945, 92288.663148, 156923.06277, 0.358633, 9384.149863, 142844.237345, 0.264856, 2079, 91.41999053955078, 7835479, 46352070, 157577302, 211764851, 25526.509941279888, 23.833197057247162, 264919.09492, inf, 811.7142857142857, 1352.5882822294782, 119508.291908, 69424.88749, 0.097262, 5168.543268, 70817.206173, 0.068819, 1029, 47.92925262451172, 3858079, 60945304, 75737952, 140541335
39774, 39774, 0, 0, greedy_23.000000, 26035.712204635143, 88.02408289909363, 709668.274705, inf, 199.86934673366835, 427.3816189968366, 44690.327467, 339960.677152, 1.374568, 21194.145881, 303820.637211, 1.112426, 4577, 176.0931854248047, 15790279, 22129092, 361383043, 399302414, 25799.00064611435, 46.97625470161438, 427806.588423, inf, 401.75757575757575, 880.5668983345945, 92288.663148, 169472.752763, 0.345388, 9384.149863, 156660.363513, 0.313748, 2277, 91.4149398803711, 7835479, 46352070, 171944974, 226132523, 25526.482019245625, 23.80527502298355, 277139.797565, inf, 811.7142857142857, 1352.5882822294782, 119508.291908, 74910.487345, 0.092383, 5168.543268, 77552.284396, 0.098265, 1127, 47.92925262451172, 3858079, 60945304, 82776998, 147580381
39774, 39774, 0, 0, greedy_25.000000, 26035.712204635143, 88.02408289909363, 753356.7763850001, inf, 199.86934673366835, 427.3816189968366, 44690.327467, 361275.595777, 1.381871, 21194.145881, 326194.136629, 1.18876, 4975, 176.0931854248047, 15790279, 22129092, 391559005, 429478376, 25798.902185857296, 46.877794444561005, 453807.885284, inf, 401.75757575757575, 880.5668983345945, 92288.663148, 181845.324311, 0.341099, 9384.149863, 170289.078086, 0.328777, 2475, 91.40692138671875, 7835479, 46352070, 186312646, 240500195, 25526.208209753036, 23.531465530395508, 291170.522179, inf, 811.7142857142857, 1352.5882822294782, 119508.291908, 81611.24252, 0.091361, 5168.543268, 84882.276398, 0.076724, 1225, 47.9220085144043, 3858079, 60945304, 89816044, 154619427
39774, 39774, 0, 0, greedy_27.000000, 26035.712204635143, 88.02408289909363, 810645.1192719999, inf, 199.86934673366835, 427.3816189968366, 44690.327467, 385931.330194, 1.265682, 21194.145881, 358826.738228, 1.31182, 5373, 176.0931854248047, 15790279, 22129092, 421734967, 459654338, 25797.941052913666, 45.916661500930786, 480417.363197, inf, 401.75757575757575, 880.5668983345945, 92288.663148, 194577.846498, 0.343935, 9384.149863, 184165.815051, 0.544702, 2673, 91.40221405029297, 7835479, 46352070, 200680318, 254867867, 25526.158209741116, 23.48146551847458, 304728.04643700004, inf, 811.7142857142857, 1352.5882822294782, 119508.291908, 88137.25648, 0.094327, 5168.543268, 91913.754035, 0.106419, 1323, 47.914100646972656, 3858079, 60945304, 96855090, 161658473
39774, 39774, 0, 0, greedy_29.000000, 26035.712204635143, 88.02408289909363, 855827.016006, inf, 199.86934673366835, 427.3816189968366, 44690.327467, 405550.007433, 1.271304, 21194.145881, 384389.885777, 1.378144, 5771, 176.0931854248047, 15790279, 22129092, 451910929, 489830300, 25797.361007988453, 45.336616575717926, 506681.484546, inf, 401.75757575757575, 880.5668983345945, 92288.663148, 207142.991133, 0.343484, 9384.149863, 197864.773462, 0.563456, 2871, 91.39221954345703, 7835479, 46352070, 215047990, 269235539, 25525.82249546051, 23.145751237869263, 318138.948165, inf, 811.7142857142857, 1352.5882822294782, 119508.291908, 94541.184496, 0.092383, 5168.543268, 98920.746452, 0.089658, 1421, 47.910736083984375, 3858079, 60945304, 103894136, 168697519
39774, 39774, 0, 0, greedy_3.000000, 26055.057821512222, 107.36969977617264, 170548.541936, inf, 199.86934673366835, 427.3816189968366, 44690.327467, 75219.4595, 1.314414, 21194.145881, 29443.163147, 0.131527, 597, 177.0191192626953, 15790279, 22129092, 59623423, 97542794, 25804.95183956623, 52.92744815349579, 153301.79660400003, inf, 401.75757575757575, 880.5668983345945, 92288.663148, 37315.190372, 0.351159, 9384.149863, 14313.404532, 0.03753, 297, 91.64221954345703, 7835479, 46352070, 28268254, 82455803, 25530.055455207825, 27.378710985183716, 147212.17363099998, inf, 811.7142857142857, 1352.5882822294782, 119508.291908, 15824.918547, 0.080711, 5168.543268, 6710.327304, 0.011893, 147, 48.095924377441406, 3858079, 60945304, 12386538, 77189921
39774, 39774, 0, 0, greedy_31.000000, 26035.712204635143, 88.02408289909363, 907555.3902400001, inf, 199.86934673366835, 427.3816189968366, 44690.327467, 428375.465431, 1.283457, 21194.145881, 413292.62496, 1.543044, 6169, 176.0931854248047, 15790279, 22129092, 482086891, 520006262, 25796.312202572823, 44.287811160087585, 533962.239654, inf, 401.75757575757575, 880.5668983345945, 92288.663148, 220528.182255, 0.350237, 9384.149863, 211760.499671, 0.39448, 3069, 91.38134765625, 7835479, 46352070, 229415662, 283603211, 25525.772721767426, 23.095977544784546, 333691.260188, inf, 811.7142857142857, 1352.5882822294782, 119508.291908, 102604.726156, 0.093916, 5168.543268, 106409.510703, 0.094237, 1519, 47.90544891357422, 3858079, 60945304, 110933182, 175736565
39774, 39774, 0, 0, greedy_33.000000, 26035.712204635143, 88.02408289909363, 952680.440666, inf, 199.86934673366835, 427.3816189968366, 44690.327467, 450270.584942, 1.286432, 21194.145881, 436522.491004, 1.60494, 6567, 176.0931854248047, 15790279, 22129092, 512262853, 550182224, 25796.01819074154, 43.993799328804016, 560238.2137440001, inf, 401.75757575757575, 880.5668983345945, 92288.663148, 233312.12794, 0.350236, 9384.149863, 225252.504153, 0.418404, 3267, 91.37554931640625, 7835479, 46352070, 243783334, 297970883, 25525.117175281048, 22.44043105840683, 347248.780744, inf, 811.7142857142857, 1352.5882822294782, 119508.291908, 108682.793361, 0.095288, 5168.543268, 113888.947483, 0.109436, 1617, 47.9014778137207, 3858079, 60945304, 117972228, 182775611
39774, 39774, 0, 0, greedy_35.000000, 26035.712204635143, 88.02408289909363, 1004848.589962, inf, 199.86934673366835, 427.3816189968366, 44690.327467, 472553.187397, 1.275171, 21194.145881, 466407.793106, 1.86094, 6965, 176.0931854248047, 15790279, 22129092, 542438815, 580358186, 25795.77223545313, 43.74784404039383, 578327.897004, inf, 401.75757575757575, 880.5668983345945, 92288.663148, 243065.761487, 0.348474, 9384.149863, 233588.344031, 0.630001, 3465, 91.3694839477539, 7835479, 46352070, 258151006, 312338555, 25525.117175281048, 22.44043105840683, 358426.96572800004, inf, 811.7142857142857, 1352.5882822294782, 119508.291908, 115313.608008, 0.094027, 5168.543268, 118436.316527, 0.11199, 1715, 47.89591979980469, 3858079, 60945304, 125011274, 189814657
39774, 39774, 0, 0, greedy_37.000000, 26035.712204635143, 88.02408289909363, 1059399.429561, inf, 199.86934673366835, 427.3816189968366, 44690.327467, 498141.777003, 1.256006, 21194.145881, 495370.127437, 1.795767, 7363, 176.0931854248047, 15790279, 22129092, 572614777, 610534148, 25795.48698979616, 43.462598383426666, 625913.33151, inf, 401.75757575757575, 880.5668983345945, 92288.663148, 267161.306036, 0.346701, 9384.149863, 257078.211014, 0.654748, 3663, 91.36096954345703, 7835479, 46352070, 272518678, 326706227, 25525.093365728855, 22.416621506214142, 372579.813752, inf, 811.7142857142857, 1352.5882822294782, 119508.291908, 120457.188212, 0.094157, 5168.543268, 127445.582734, 0.113473, 1813, 47.89591979980469, 3858079, 60945304, 132050320, 196853703
39774, 39774, 0, 0, greedy_39.000000, 26035.712204635143, 88.02408289909363, 1101217.22728, inf, 199.86934673366835, 427.3816189968366, 44690.327467, 514298.373466, 1.25356, 21194.145881, 521031.215401, 1.911505, 7761, 176.0931854248047, 15790279, 22129092, 602790739, 640710110, 25795.458082199097, 43.433690786361694, 638521.1261890001, inf, 401.75757575757575, 880.5668983345945, 92288.663148, 270437.727819, 0.347712, 9384.149863, 266409.57824, 0.659407, 3861, 91.35054779052734, 7835479, 46352070, 286886350, 341073899, 25524.950508594513, 22.27376437187195, 386648.354719, inf, 811.7142857142857, 1352.5882822294782, 119508.291908, 127515.097782, 0.092964, 5168.543268, 134456.200276, 0.128521, 1911, 47.88758850097656, 3858079, 60945304, 139089366, 203892749
39774, 39774, 0, 0, greedy_5.000000, 26053.020415604115, 105.33229386806488, 229164.88875200003, inf, 199.86934673366835, 427.3816189968366, 44690.327467, 105598.099621, 1.29568, 21194.145881, 57680.796093, 0.22401, 995, 176.92652893066406, 15790279, 22129092, 89799385, 127718756, 25804.628007650375, 52.60361623764038, 180234.473849, inf, 401.75757575757575, 880.5668983345945, 92288.663148, 49639.984063, 0.348293, 9384.149863, 28921.261617, 0.066865, 495, 91.53507232666016, 7835479, 46352070, 42635926, 96823475, 25529.815755724907, 27.13901150226593, 158406.70415, inf, 811.7142857142857, 1352.5882822294782, 119508.291908, 19931.101637, 0.09057, 5168.543268, 13798.657591, 0.019176, 245, 48.033424377441406, 3858079, 60945304, 19425584, 84228967
39774, 39774, 0, 0, greedy_7.000000, 26050.88367718458, 103.1955554485321, 287532.370262, inf, 199.86934673366835, 427.3816189968366, 44690.327467, 135740.312681, 1.30155, 21194.145881, 85905.959627, 0.323056, 1393, 176.8931884765625, 15790279, 22129092, 119975347, 157894718, 25803.93345618248, 51.90906476974487, 208629.431674, inf, 401.75757575757575, 880.5668983345945, 92288.663148, 63573.151273, 0.344536, 9384.149863, 43383.027204, 0.09565, 693, 91.50428009033203, 7835479, 46352070, 57003598, 111191147, 25529.811126112938, 27.134381890296936, 171638.54324399997, inf, 811.7142857142857, 1352.5882822294782, 119508.291908, 25945.510681, 0.080972, 5168.543268, 21016.089825, 0.02659, 343, 48.00068664550781, 3858079, 60945304, 26464630, 91268013
39774, 39774, 0, 0, greedy_9.000000, 26049.172819435596, 101.48469769954681, 342051.53173399996, inf, 199.86934673366835, 427.3816189968366, 44690.327467, 163128.090305, 1.337699, 21194.145881, 113037.212117, 0.418265, 1791, 176.85984802246094, 15790279, 22129092, 150151309, 188070680, 25803.376985430717, 51.35259401798248, 236197.391409, inf, 401.75757575757575, 880.5668983345945, 92288.663148, 76879.689396, 0.352742, 9384.149863, 57644.412047, 0.124213, 891, 91.48596954345703, 7835479, 46352070, 71371270, 125558819, 25528.99444025755, 26.317696034908295, 185506.81987600002, inf, 811.7142857142857, 1352.5882822294782, 119508.291908, 32614.720919, 0.075722, 5168.543268, 28215.157662, 0.030397, 441, 47.98480987548828, 3858079, 60945304, 33503676, 98307059
39774, 39774, 0, 0, opt, 26006.86723726988, 59.179115533828735, 2551116.2811660003, inf, 199.86934673366835, 427.3816189968366, 44690.327467, 2485230.698518, 1.1093, 21194.145881, 0, 0, 0, 0, 15790279, 22129092, 1430914410, 1468833781, 25777.91361683607, 25.88922542333603, 2328234.277965, inf, 401.75757575757575, 880.5668983345945, 92288.663148, 2226561.192553, 0.272401, 9384.149863, 0, 0, 0, 0, 7835479, 46352070, 1297860990, 1352048539, 25512.260951280594, 9.58420705795288, 2307740.863916, inf, 811.7142857142857, 1352.5882822294782, 119508.291908, 2183063.953319, 0.075421, 5168.543268, 0, 0, 0, 0, 3858079, 60945304, 1271702775, 1336506158
39774, 39774, 0, 0, plus_edge, 26062.843426167965, 115.15530443191528, 89959.89815400001, inf, 199.86934673366835, 427.3816189968366, 44690.327467, 24074.361413, 1.063393, 21194.145881, 0, 0, 0, 0, 15790279, 22129092, 15036318, 52955689, 25808.126941263676, 56.102549850940704, 113544.136278, inf, 401.75757575757575, 880.5668983345945, 92288.663148, 11871.029927, 0.29334, 9384.149863, 0, 0, 0, 0, 7835479, 46352070, 7101962, 61289511, 25530.554147660732, 27.877403438091278, 130286.694246, inf, 811.7142857142857, 1352.5882822294782, 119508.291908, 5609.783578, 0.075492, 5168.543268, 0, 0, 0, 0, 3858079, 60945304, 3445248, 68248631
39774, 39774, 0, 0, simple, 26064.79788851738, 117.10976678133011, 90130.33897099999, inf, 199.86934673366835, 427.3816189968366, 44690.327467, 24244.785438, 1.080185, 21194.145881, 0, 0, 0, 0, 15790279, 22129092, 14997114, 52916485, 25808.93869495392, 56.91430354118347, 113474.97386200001, inf, 401.75757575757575, 880.5668983345945, 92288.663148, 11801.874404, 0.286447, 9384.149863, 0, 0, 0, 0, 7835479, 46352070, 7092358, 61279907, 25531.305247724056, 28.628503501415253, 130297.160402, inf, 811.7142857142857, 1352.5882822294782, 119508.291908, 5620.248723, 0.076503, 5168.543268, 0, 0, 0, 0, 3858079, 60945304, 3442944, 68246327
39774, 39774, 0, 0, dp_1.000000, 26007.37460243702, 125.04664850234985, 96791.783817, inf, 199.86934673366835, 418.2938581594823, 48354.755784, 24247.510882, 1.357766, 24108.526466, 79.620877, 0.012042, 199, 0, 15790279, 21364405, 15501793, 52656477, 25725.022145450115, 61.20008444786072, 131784.781363, inf, 401.75757575757575, 849.5389610141442, 105476.283239, 12873.220547, 0.301495, 13363.36974, 71.600691, 0.005651, 99, 0, 7835479, 43694830, 7636833, 59167142, 25440.14571273327, 30.53618985414505, 183808.90186100002, inf, 811.7142857142857, 1493.7652603609527, 170546.720328, 6105.042649, 0.078447, 7089.921242, 67.1366, 0.002595, 49, 0, 3858079, 70790374, 3702511, 78350964
39774, 39774, 0, 0, dp_11.000000, 25975.818230330944, 93.49027639627457, 481235.40380200004, inf, 199.86934673366835, 418.2938581594823, 48354.755784, 269000.186089, 1.332539, 24108.526466, 139520.684741, 249.918183, 2189, 106.12503814697266, 15790279, 21364405, 250051153, 287205837, 25708.877618789673, 45.055557787418365, 331287.34381700004, inf, 401.75757575757575, 849.5389610141442, 105476.283239, 138968.840449, 0.360567, 13363.36974, 73449.133381, 29.356441, 1089, 67.94719696044922, 7835479, 43694830, 123682395, 175212704, 25433.264297366142, 23.654774487018585, 280098.346198, inf, 811.7142857142857, 1493.7652603609527, 170546.720328, 65386.691898, 0.095429, 7089.921242, 37071.20524, 3.712061, 539, 39.394927978515625, 3858079, 70790374, 60581711, 135230164
39774, 39774, 0, 0, dp_13.000000, 25972.685238182545, 90.35728424787521, 556548.594141, inf, 199.86934673366835, 418.2938581594823, 48354.755784, 316120.917501, 1.549546, 24108.526466, 167604.351932, 358.492912, 2587, 97.71435546875, 15790279, 21364405, 296961025, 334115709, 25707.253552258015, 43.43149125576019, 369391.639486, inf, 401.75757575757575, 849.5389610141442, 105476.283239, 162864.86389, 0.353864, 13363.36974, 87644.641363, 42.12739, 1287, 65.06512451171875, 7835479, 43694830, 146906607, 198436916, 25432.20923370123, 22.599710822105408, 302392.89361900004, inf, 811.7142857142857, 1493.7652603609527, 170546.720328, 80022.940673, 0.07506, 7089.921242, 44728.219097, 5.017219, 637, 38.47001266479492, 3858079, 70790374, 71883433, 146531886
39774, 39774, 0, 0, dp_15.000000, 25969.504535079002, 87.17658114433289, 639955.56693, inf, 199.86934673366835, 418.2938581594823, 48354.755784, 368345.490132, 1.302533, 24108.526466, 198673.358985, 472.13303, 2985, 90.6593017578125, 15790279, 21364405, 343870897, 381025581, 25706.56327456236, 42.74121356010437, 410082.530637, inf, 401.75757575757575, 849.5389610141442, 105476.283239, 189245.476939, 0.35758, 13363.36974, 101940.311593, 56.731546, 1485, 62.51013946533203, 7835479, 43694830, 170130819, 221661128, 25431.89300709963, 22.28348422050476, 322575.28523, inf, 811.7142857142857, 1493.7652603609527, 170546.720328, 92960.558446, 0.077515, 7089.921242, 51971.157093, 6.850606, 735, 37.56916427612305, 3858079, 70790374, 83259273, 157907726
39774, 39774, 0, 0, dp_17.000000, 25967.30215406418, 84.97420012950897, 714865.6750889999, inf, 199.86934673366835, 418.2938581594823, 48354.755784, 413252.841127, 1.334463, 24108.526466, 228535.637704, 612.579545, 3383, 84.47210693359375, 15790279, 21364405, 390780769, 427935453, 25705.56297916174, 41.74091815948486, 451801.832629, inf, 401.75757575757575, 849.5389610141442, 105476.283239, 216682.193769, 0.360696, 13363.36974, 116206.82205, 72.803135, 1683, 60.25251388549805, 7835479, 43694830, 193355031, 244885340, 25431.25835096836, 21.648828089237213, 341049.300058, inf, 811.7142857142857, 1493.7652603609527, 170546.720328, 103960.963815, 0.078006, 7089.921242, 59442.908787, 8.70788, 833, 36.77947235107422, 3858079, 70790374, 94635113, 169283566
39774, 39774, 0, 0, dp_19.000000, 25966.040099322796, 83.71214538812637, 799346.080521, inf, 199.86934673366835, 418.2938581594823, 48354.755784, 469197.694646, 1.426996, 24108.526466, 256888.188539, 795.48809, 3781, 79.01406860351562, 15790279, 21364405, 437690641, 474845325, 25705.25465786457, 41.43259686231613, 492747.030575, inf, 401.75757575757575, 849.5389610141442, 105476.283239, 243792.572008, 0.357851, 13363.36974, 130021.615323, 92.832414, 1881, 58.24211502075195, 7835479, 43694830, 216579243, 268109552, 25430.57712715864, 20.967604279518127, 360632.44478200004, inf, 811.7142857142857, 1493.7652603609527, 170546.720328, 116226.258222, 0.077435, 7089.921242, 66758.481904, 10.985651, 931, 36.040672302246094, 3858079, 70790374, 106010953, 180659406
39774, 39774, 0, 0, dp_21.000000, 25964.47263330221, 82.14467936754227, 876077.0635089999, inf, 199.86934673366835, 418.2938581594823, 48354.755784, 517788.197368, 1.33309, 24108.526466, 284891.883859, 932.366942, 4179, 74.0942153930664, 15790279, 21364405, 484600513, 521755197, 25704.284197807312, 40.462136805057526, 529374.1405699999, inf, 401.75757575757575, 849.5389610141442, 105476.283239, 266373.395595, 0.355748, 13363.36974, 144046.709282, 114.026966, 2079, 56.355567932128906, 7835479, 43694830, 239803455, 291333764, 25430.25225287676, 20.642729997634888, 380819.50326, inf, 811.7142857142857, 1493.7652603609527, 170546.720328, 129087.585137, 0.079219, 7089.921242, 74081.90693, 13.290404, 1029, 35.41792297363281, 3858079, 70790374, 117238557, 191887010
39774, 39774, 0, 0, dp_23.000000, 25963.591964006424, 81.26401007175446, 949903.4468379999, inf, 199.86934673366835, 418.2938581594823, 48354.755784, 562744.76237, 1.310077, 24108.526466, 313573.595988, 1120.496153, 4577, 69.99527740478516, 15790279, 21364405, 531356277, 568510961, 25703.393498659134, 39.571437656879425, 570667.059655, inf, 401.75757575757575, 849.5389610141442, 105476.283239, 293770.440023, 0.358172, 13363.36974, 157919.311945, 137.296536, 2277, 54.67018127441406, 7835479, 43694830, 263027667, 314557976, 25429.477307498455, 19.86778461933136, 399327.28356, inf, 811.7142857142857, 1493.7652603609527, 170546.720328, 141957.449114, 0.07502, 7089.921242, 79717.103615, 16.014241, 1127, 34.6140251159668, 3858079, 70790374, 128762633, 203411086
39774, 39774, 0, 0, dp_25.000000, 25962.455028772354, 80.12707483768463, 1027932.758467, inf, 199.86934673366835, 418.2938581594823, 48354.755784, 613142.324623, 1.295329, 24108.526466, 341001.167542, 1324.688723, 4975, 66.25537109375, 15790279, 21364405, 578266149, 615420833, 25702.85495942831, 39.03289842605591, 608220.621534, inf, 401.75757575757575, 849.5389610141442, 105476.283239, 317643.416999, 0.364774, 13363.36974, 171574.052255, 163.134527, 2475, 53.117332458496094, 7835479, 43694830, 286251879, 337782188, 25429.360424399376, 19.750901520252228, 421106.416249, inf, 811.7142857142857, 1493.7652603609527, 170546.720328, 154812.903719, 0.07467, 7089.921242, 88637.82764, 18.96865, 1225, 33.89118957519531, 3858079, 70790374, 140138473, 214786926
39774, 39774, 0, 0, dp_27.000000, 25961.021406829357, 78.69345289468765, 1081923.980421, inf, 199.86934673366835, 418.2938581594823, 48354.755784, 639015.472357, 1.318703, 24108.526466, 368897.905813, 1546.001298, 5373, 62.84532165527344, 15790279, 21364405, 624978206, 662132890, 25702.180328786373, 38.35826778411865, 654008.872464, inf, 401.75757575757575, 849.5389610141442, 105476.283239, 349698.684196, 0.356017, 13363.36974, 185279.974908, 190.204364, 2673, 51.687686920166016, 7835479, 43694830, 309476091, 361006400, 25429.295290350914, 19.685767471790314, 443463.296807, inf, 811.7142857142857, 1493.7652603609527, 170546.720328, 170046.002552, 0.077284, 7089.921242, 95758.262095, 22.313306, 1323, 33.38459396362305, 3858079, 70790374, 151254900, 225903353
39774, 39774, 0, 0, dp_29.000000, 25960.29546892643, 77.96751499176025, 1157399.635282, inf, 199.86934673366835, 418.2938581594823, 48354.755784, 686283.567124, 1.33856, 24108.526466, 396864.974626, 1786.472722, 5771, 59.66810989379883, 15790279, 21364405, 672240001, 709394685, 25701.388787686825, 37.56672668457031, 699044.4712319999, inf, 401.75757575757575, 849.5389610141442, 105476.283239, 378412.44001, 0.362901, 13363.36974, 201572.842843, 219.172499, 2871, 50.44722366333008, 7835479, 43694830, 332700303, 384230612, 25428.62442535162, 19.014902472496033, 459501.094991, inf, 811.7142857142857, 1493.7652603609527, 170546.720328, 178920.299929, 0.076383, 7089.921242, 102918.369588, 25.707521, 1421, 32.7540397644043, 3858079, 70790374, 162890153, 237538606
39774, 39774, 0, 0, dp_3.000000, 25993.845882713795, 111.51792877912521, 173417.59647800002, inf, 199.86934673366835, 418.2938581594823, 48354.755784, 71160.255191, 1.493721, 24108.526466, 29779.421778, 13.143538, 597, 157.19854736328125, 15790279, 21364405, 62411665, 99566349, 25719.540161311626, 55.71810030937195, 170831.64454399998, inf, 401.75757575757575, 849.5389610141442, 105476.283239, 36930.812082, 0.364003, 13363.36974, 15059.091577, 1.723903, 297, 84.47039794921875, 7835479, 43694830, 30785547, 82315856, 25438.14565050602, 28.536127626895905, 203850.968728, inf, 811.7142857142857, 1493.7652603609527, 170546.720328, 18785.223901, 0.081262, 7089.921242, 7428.602237, 0.419758, 147, 44.38936996459961, 3858079, 70790374, 15078351, 89726804
39774, 39774, 0, 0, dp_31.000000, 25959.452746391296, 77.12479245662689, 1251560.152178, inf, 199.86934673366835, 418.2938581594823, 48354.755784, 754263.789951, 1.527444, 24108.526466, 422789.311981, 2042.240552, 6169, 56.79276657104492, 15790279, 21364405, 719149873, 756304557, 25701.018474578857, 37.196413576602936, 732590.269984, inf, 401.75757575757575, 849.5389610141442, 105476.283239, 397788.930034, 0.360396, 13363.36974, 215709.994746, 251.331829, 3069, 49.103309631347656, 7835479, 43694830, 355924515, 407454824, 25428.50373572111, 18.89421284198761, 482781.102972, inf, 811.7142857142857, 1493.7652603609527, 170546.720328, 194870.51119, 0.075391, 7089.921242, 110244.432379, 29.442442, 1519, 32.329383850097656, 3858079, 70790374, 174006580, 248655033
39774, 39774, 0, 0, dp_33.000000, 25958.969502151012, 76.64154821634293, 1330818.133716, inf, 199.86934673366835, 418.2938581594823, 48354.755784, 802266.953171, 1.318512, 24108.526466, 453769.176219, 2317.403564, 6567, 54.135066986083984, 15790279, 21364405, 765399606, 802554290, 25700.715910494328, 36.89384949207306, 778020.566468, inf, 401.75757575757575, 849.5389610141442, 105476.283239, 429856.666353, 0.35228, 13363.36974, 229039.548299, 284.346557, 3267, 47.898651123046875, 7835479, 43694830, 379148727, 430679036, 25428.485536456108, 18.876013576984406, 501997.618206, inf, 811.7142857142857, 1493.7652603609527, 170546.720328, 207258.50299, 0.075772, 7089.921242, 117068.876717, 33.521157, 1617, 31.746944427490234, 3858079, 70790374, 185641833, 260290286
39774, 39774, 0, 0, dp_35.000000, 25958.820250034332, 76.49229609966278, 1412931.237094, inf, 199.86934673366835, 418.2938581594823, 48354.755784, 856309.191795, 1.357756, 24108.526466, 481550.351403, 2607.05389, 6965, 51.69104766845703, 15790279, 21364405, 812617694, 849772378, 25700.211365044117, 36.38930404186249, 817314.617813, inf, 401.75757575757575, 849.5389610141442, 105476.283239, 455386.650456, 0.358362, 13363.36974, 242767.686998, 320.269018, 3465, 46.80710220336914, 7835479, 43694830, 402372939, 453903248, 25428.3648468256, 18.755323946475983, 525901.587911, inf, 811.7142857142857, 1493.7652603609527, 170546.720328, 223249.740839, 0.095829, 7089.921242, 124977.245816, 37.863857, 1715, 31.356639862060547, 3858079, 70790374, 196758260, 271406713
39774, 39774, 0, 0, dp_37.000000, 25958.242472231388, 75.9145182967186, 1493961.102094, inf, 199.86934673366835, 418.2938581594823, 48354.755784, 907409.578362, 1.336396, 24108.526466, 511170.40769, 2916.497396, 7363, 49.3438606262207, 15790279, 21364405, 859219350, 896374034, 25699.266470730305, 35.44440972805023, 858550.717297, inf, 401.75757575757575, 849.5389610141442, 105476.283239, 482367.816383, 0.358493, 13363.36974, 256984.403603, 358.485839, 3663, 45.743797302246094, 7835479, 43694830, 425597151, 477127460, 25428.07955354452, 18.470030665397644, 539969.2259480001, inf, 811.7142857142857, 1493.7652603609527, 170546.720328, 230645.4585, 0.073908, 7089.921242, 131644.620784, 42.431186, 1813, 30.875774383544922, 3858079, 70790374, 208393513, 283041966
39774, 39774, 0, 0, dp_39.000000, 25957.438900887966, 75.11094695329666, 1578439.4425360002, inf, 199.86934673366835, 418.2938581594823, 48354.755784, 955580.076507, 1.334312, 24108.526466, 547154.344124, 3240.405343, 7761, 47.213584899902344, 15790279, 21364405, 906089659, 943244343, 25698.559035539627, 34.73697453737259, 896275.934131, inf, 401.75757575757575, 849.5389610141442, 105476.283239, 506974.703256, 0.352921, 13363.36974, 270062.718251, 398.506724, 3861, 44.712066650390625, 7835479, 43694830, 448821363, 500351672, 25428.007487416267, 18.397964537143707, 560150.987883, inf, 811.7142857142857, 1493.7652603609527, 170546.720328, 245142.745208, 0.092423, 7089.921242, 137324.351549, 47.157133, 1911, 30.45576286315918, 3858079, 70790374, 219509940, 294158393
39774, 39774, 0, 0, dp_5.000000, 25987.199884593487, 104.87193065881729, 249717.23394499999, inf, 199.86934673366835, 418.2938581594823, 48354.755784, 119022.226872, 1.378906, 24108.526466, 58186.213407, 44.13251, 995, 139.16552734375, 15790279, 21364405, 109321537, 146476221, 25716.676500976086, 52.85443997383118, 210580.647855, inf, 401.75757575757575, 849.5389610141442, 105476.283239, 61841.848364, 0.359844, 13363.36974, 29893.386262, 5.400406, 495, 78.59168243408203, 7835479, 43694830, 54009759, 105540068, 25436.756787896156, 27.147265017032623, 224675.569429, inf, 811.7142857142857, 1493.7652603609527, 170546.720328, 32189.923543, 0.080612, 7089.921242, 14848.239221, 0.684483, 245, 42.869964599609375, 3858079, 70790374, 26380073, 101028526
39774, 39774, 0, 0, dp_7.000000, 25982.413718640804, 100.0857647061348, 330292.52255299996, inf, 199.86934673366835, 418.2938581594823, 48354.755784, 171800.789573, 1.356413, 24108.526466, 85925.507425, 101.586892, 1393, 126.52788543701172, 15790279, 21364405, 156231409, 193386093, 25713.443689882755, 49.62162888050079, 251556.28483, inf, 401.75757575757575, 849.5389610141442, 105476.283239, 88148.99332, 0.354585, 13363.36974, 44555.706215, 11.577731, 693, 74.40271759033203, 7835479, 43694830, 77233971, 128764280, 25434.498355031013, 24.8888321518898, 246338.58261800001, inf, 811.7142857142857, 1493.7652603609527, 170546.720328, 46401.863139, 0.096972, 7089.921242, 22298.417304, 1.563633, 343, 41.630340576171875, 3858079, 70790374, 37755913, 112404366
39774, 39774, 0, 0, dp_9.000000, 25978.7682557106, 96.44030177593231, 401729.39408799994, inf, 199.86934673366835, 418.2938581594823, 48354.755784, 214629.107723, 1.352937, 24108.526466, 114472.980573, 162.670605, 1791, 115.58830261230469, 15790279, 21364405, 203141281, 240295965, 25710.604927122593, 46.78286612033844, 291688.76290900004, inf, 401.75757575757575, 849.5389610141442, 105476.283239, 114808.68892, 0.359263, 13363.36974, 58020.534039, 19.527708, 891, 71.00614929199219, 7835479, 43694830, 100458183, 151988492, 25433.418842852116, 23.809319972991943, 261673.811657, inf, 811.7142857142857, 1493.7652603609527, 170546.720328, 54283.953852, 0.100067, 7089.921242, 29750.635997, 2.480171, 441, 40.44492721557617, 3858079, 70790374, 49205871, 123854324
39774, 39774, 0, 0, fixed_reps_1, 26007.37460243702, 125.04664850234985, 99098.15247100001, inf, 199.86934673366835, 418.2938581594823, 48354.755784, 26537.944616, 1.486757, 24108.526466, 95.438848, 0, 199, 194.79884338378906, 15790279, 21364405, 15501793, 52656477, 25725.022145450115, 61.20008444786072, 131553.70621, inf, 401.75757575757575, 849.5389610141442, 105476.283239, 12637.882813, 0.30374, 13363.36974, 75.866678, 0, 99, 97.64154052734375, 7835479, 43694830, 7636833, 59167142, 25440.14571273327, 30.53618985414505, 183811.883338, inf, 811.7142857142857, 1493.7652603609527, 170546.720328, 6102.984667, 0.08035, 7089.921242, 72.176751, 0, 49, 48.322635650634766, 3858079, 70790374, 3702511, 78350964
39774, 39774, 0, 0, fixed_reps_11, 25981.1623968482, 98.83444291353226, 361319.85541200003, inf, 199.86934673366835, 418.2938581594823, 48354.755784, 288001.408034, 1.348629, 24108.526466, 853.816499, 0, 2189, 157.69403076171875, 15790279, 21364405, 170517733, 207672417, 25710.789195120335, 46.96713411808014, 277399.60315999994, inf, 401.75757575757575, 849.5389610141442, 105476.283239, 157669.397958, 0.364914, 13363.36974, 890.187309, 0, 1089, 86.32170104980469, 7835479, 43694830, 84004173, 135534482, 25434.173867881298, 24.564345002174377, 259935.87108900002, inf, 811.7142857142857, 1493.7652603609527, 170546.720328, 81389.691613, 0.093937, 7089.921242, 909.443969, 0, 539, 44.91547775268555, 3858079, 70790374, 40727131, 115375584
39774, 39774, 0, 0, fixed_reps_13, 25979.794937729836, 97.46698379516602, 412574.188222, inf, 199.86934673366835, 418.2938581594823, 48354.755784, 339101.780855, 1.451122, 24108.526466, 1007.673995, 0, 2587, 153.29383850097656, 15790279, 21364405, 201520921, 238675605, 25709.71864360571, 45.89658260345459, 305526.32622999995, inf, 401.75757575757575, 849.5389610141442, 105476.283239, 185644.411168, 0.35738, 13363.36974, 1041.904703, 0, 1287, 85.0046157836914, 7835479, 43694830, 99277641, 150807950, 25433.618733227253, 24.009210348129272, 274085.37776199996, inf, 811.7142857142857, 1493.7652603609527, 170546.720328, 95385.305176, 0.09063, 7089.921242, 1063.340386, 0, 637, 44.681846618652344, 3858079, 70790374, 48132055, 122780508
39774, 39774, 0, 0, fixed_reps_15, 25978.247496306896, 95.91954237222672, 459876.67759299994, inf, 199.86934673366835, 418.2938581594823, 48354.755784, 386253.294578, 1.27455, 24108.526466, 1158.826215, 0, 2985, 149.73788452148438, 15790279, 21364405, 232524109, 269678793, 25708.785489678383, 44.96342867612839, 331511.176114, inf, 401.75757575757575, 849.5389610141442, 105476.283239, 211474.603702, 0.359244, 13363.36974, 1196.560189, 0, 1485, 83.65151977539062, 7835479, 43694830, 114551109, 166081418, 25432.688278734684, 23.078755855560303, 288154.710436, inf, 811.7142857142857, 1493.7652603609527, 170546.720328, 109286.476683, 0.092423, 7089.921242, 1231.49976, 0, 735, 44.44959259033203, 3858079, 70790374, 55536979, 130185432
39774, 39774, 0, 0, fixed_reps_17, 25975.61644232273, 93.28848838806152, 508699.77939, inf, 199.86934673366835, 418.2938581594823, 48354.755784, 434921.3439, 1.448577, 24108.526466, 1313.704663, 0, 3383, 143.67076110839844, 15790279, 21364405, 263527297, 300681981, 25708.235164105892, 44.413103103637695, 357586.75203299994, inf, 401.75757575757575, 849.5389610141442, 105476.283239, 237403.613972, 0.361558, 13363.36974, 1343.123524, 0, 1683, 82.2351303100586, 7835479, 43694830, 129824577, 181354886, 25432.21086728573, 22.601344406604767, 302006.878589, inf, 811.7142857142857, 1493.7652603609527, 170546.720328, 122980.236429, 0.09096, 7089.921242, 1389.90963, 0, 833, 44.2338981628418, 3858079, 70790374, 62941903, 137590356
39774, 39774, 0, 0, fixed_reps_19, 25973.05204552412, 90.72409158945084, 555221.271632, inf, 199.86934673366835, 418.2938581594823, 48354.755784, 481302.72733, 1.294227, 24108.526466, 1453.967825, 0, 3781, 137.86148071289062, 15790279, 21364405, 294530485, 331685169, 25707.353687107563, 43.53162610530853, 383821.77201200003, inf, 401.75757575757575, 849.5389610141442, 105476.283239, 263482.081016, 0.353192, 13363.36974, 1499.684825, 0, 1881, 81.57699584960938, 7835479, 43694830, 145098045, 196628354, 25432.067706406116, 22.458183526992798, 315792.249571, inf, 811.7142857142857, 1493.7652603609527, 170546.720328, 136610.663018, 0.092624, 7089.921242, 1544.852359, 0, 931, 43.60545349121094, 3858079, 70790374, 70346827, 144995280
39774, 39774, 0, 0, fixed_reps_21, 25971.329412400723, 89.00145846605301, 607083.939027, inf, 199.86934673366835, 418.2938581594823, 48354.755784, 533007.594999, 1.283668, 24108.526466, 1611.77811, 0, 4179, 131.0771484375, 15790279, 21364405, 325533673, 362688357, 25706.764125406742, 42.94206440448761, 409418.40531199996, inf, 401.75757575757575, 849.5389610141442, 105476.283239, 288931.671436, 0.356539, 13363.36974, 1646.724358, 0, 2079, 80.75053405761719, 7835479, 43694830, 160371513, 211901822, 25431.927355527878, 22.31783264875412, 328969.450846, inf, 811.7142857142857, 1493.7652603609527, 170546.720328, 149634.241921, 0.09028, 7089.921242, 1698.477075, 0, 1029, 43.11273956298828, 3858079, 70790374, 77751751, 152400204
39774, 39774, 0, 0, fixed_reps_23, 25969.041401445866, 86.71344751119614, 670755.394225, inf, 199.86934673366835, 418.2938581594823, 48354.755784, 596486.900611, 1.214396, 24108.526466, 1803.996968, 0, 4577, 125.63092803955078, 15790279, 21364405, 356536861, 393691545, 25705.855690658092, 42.03362965583801, 436127.095313, inf, 401.75757575757575, 849.5389610141442, 105476.283239, 315493.466846, 0.360196, 13363.36974, 1793.615292, 0, 2277, 78.17138671875, 7835479, 43694830, 175644981, 227175290, 25431.765817046165, 22.15629416704178, 342048.21942, inf, 811.7142857142857, 1493.7652603609527, 170546.720328, 162570.311451, 0.091722, 7089.921242, 1841.174677, 0, 1127, 42.9573860168457, 3858079, 70790374, 85156675, 159805128
39774, 39774, 0, 0, fixed_reps_25, 25968.392734467983, 86.06478053331375, 712684.789512, inf, 199.86934673366835, 418.2938581594823, 48354.755784, 638282.882341, 1.224396, 24108.526466, 1937.400525, 0, 4975, 121.6252212524414, 15790279, 21364405, 387540049, 424694733, 25705.2309307456, 41.40886974334717, 462036.128283, inf, 401.75757575757575, 849.5389610141442, 105476.283239, 341261.391566, 0.358522, 13363.36974, 1934.725216, 0, 2475, 76.26605987548828, 7835479, 43694830, 190918449, 242448758, 25431.476716041565, 21.867193162441254, 355233.23487999995, inf, 811.7142857142857, 1493.7652603609527, 170546.720328, 175600.074596, 0.091982, 7089.921242, 1996.426732, 0, 1225, 42.73491287231445, 3858079, 70790374, 92561599, 167210052
39774, 39774, 0, 0, fixed_reps_27, 25967.87669891119, 85.54874497652054, 760952.02085, inf, 199.86934673366835, 418.2938581594823, 48354.755784, 686384.078854, 1.245787, 24108.526466, 2103.413959, 0, 5373, 118.91463470458984, 15790279, 21364405, 418543237, 455697921, 25704.520973980427, 40.6989129781723, 488359.47778699995, inf, 401.75757575757575, 849.5389610141442, 105476.283239, 367432.828834, 0.358562, 13363.36974, 2086.637412, 0, 2673, 75.2804946899414, 7835479, 43694830, 206191917, 257722226, 25431.14778804779, 21.53826516866684, 367942.674755, inf, 811.7142857142857, 1493.7652603609527, 170546.720328, 188149.427049, 0.091021, 7089.921242, 2156.515115, 0, 1323, 42.546348571777344, 3858079, 70790374, 99966523, 174614976
39774, 39774, 0, 0, fixed_reps_29, 25967.18432468176, 84.85637074708939, 804046.812944, inf, 199.86934673366835, 418.2938581594823, 48354.755784, 729344.668175, 1.281844, 24108.526466, 2237.580675, 0, 5771, 116.80068969726562, 15790279, 21364405, 449546425, 486701109, 25704.112255513668, 40.290194511413574, 517064.725209, inf, 401.75757575757575, 849.5389610141442, 105476.283239, 395992.926388, 0.346249, 13363.36974, 2231.799593, 0, 2871, 73.94013977050781, 7835479, 43694830, 221465385, 272995694, 25430.709723353386, 21.100200474262238, 381392.870386, inf, 811.7142857142857, 1493.7652603609527, 170546.720328, 201459.412495, 0.090059, 7089.921242, 2296.726262, 0, 1421, 42.35728454589844, 3858079, 70790374, 107371447, 182019900
39774, 39774, 0, 0, fixed_reps_3, 25996.669275581837, 114.3413216471672, 149100.44803, inf, 199.86934673366835, 418.2938581594823, 48354.755784, 76408.762483, 1.472632, 24108.526466, 226.930665, 0, 597, 183.5614776611328, 15790279, 21364405, 46504981, 83659665, 25719.410707712173, 55.588646709918976, 159138.944761, inf, 401.75757575757575, 849.5389610141442, 105476.283239, 40070.551068, 0.350948, 13363.36974, 228.389766, 0, 297, 94.61019897460938, 7835479, 43694830, 22910301, 74440610, 25437.5142429471, 27.904720067977905, 198617.71327, inf, 811.7142857142857, 1493.7652603609527, 170546.720328, 20740.743782, 0.080751, 7089.921242, 240.247167, 0, 147, 47.699832916259766, 3858079, 70790374, 11107435, 85755888
39774, 39774, 0, 0, fixed_reps_31, 25966.10654693842, 83.77859300374985, 846691.913538, inf, 199.86934673366835, 418.2938581594823, 48354.755784, 771869.903188, 1.228103, 24108.526466, 2357.499997, 0, 6169, 114.10040283203125, 15790279, 21364405, 480549613, 517704297, 25703.320056438446, 39.49799543619156, 542399.637829, inf, 401.75757575757575, 849.5389610141442, 105476.283239, 421181.910439, 0.282731, 13363.36974, 2377.79168, 0, 3069, 73.45642852783203, 7835479, 43694830, 236738853, 288269162, 25430.20703858137, 20.59751570224762, 394791.62070900004, inf, 811.7142857142857, 1493.7652603609527, 170546.720328, 214711.624415, 0.089638, 7089.921242, 2443.265086, 0, 1519, 42.18574905395508, 3858079, 70790374, 114776371, 189424824
39774, 39774, 0, 0, fixed_reps_33, 25965.37655609846, 83.04860216379166, 899446.7565599999, inf, 199.86934673366835, 418.2938581594823, 48354.755784, 824436.432623, 1.271794, 24108.526466, 2545.769893, 0, 6567, 109.07001495361328, 15790279, 21364405, 511552801, 548707485, 25703.209613621235, 39.38755261898041, 568096.843182, inf, 401.75757575757575, 849.5389610141442, 105476.283239, 446730.947576, 0.355076, 13363.36974, 2525.887551, 0, 3267, 72.04281616210938, 7835479, 43694830, 252012321, 303542630, 25429.675058066845, 20.065535187721252, 408091.885733, inf, 811.7142857142857, 1493.7652603609527, 170546.720328, 227867.172283, 0.090038, 7089.921242, 2587.981842, 0, 1617, 41.95743179321289, 3858079, 70790374, 122181295, 196829748
39774, 39774, 0, 0, fixed_reps_35, 25965.20425993204, 82.87630599737167, 940501.58643, inf, 199.86934673366835, 418.2938581594823, 48354.755784, 865367.399278, 1.239314, 24108.526466, 2669.665588, 0, 6965, 102.15180206298828, 15790279, 21364405, 542555989, 579710673, 25702.70401287079, 38.88195186853409, 592784.4159909999, inf, 401.75757575757575, 849.5389610141442, 105476.283239, 471266.531426, 0.282099, 13363.36974, 2677.949487, 0, 3465, 70.62909698486328, 7835479, 43694830, 267285789, 318816098, 25429.239907741547, 19.630384862422943, 421305.331999, inf, 811.7142857142857, 1493.7652603609527, 170546.720328, 240933.407561, 0.091511, 7089.921242, 2735.191357, 0, 1715, 41.091522216796875, 3858079, 70790374, 129586219, 204234672
39774, 39774, 0, 0, fixed_reps_37, 25963.93845641613, 81.61050248146057, 997297.239493, inf, 199.86934673366835, 418.2938581594823, 48354.755784, 922003.110205, 1.270573, 24108.526466, 2829.576465, 0, 7363, 99.38836669921875, 15790279, 21364405, 573559177, 610713861, 25702.51772147417, 38.6956604719162, 613315.5421889999, inf, 401.75757575757575, 849.5389610141442, 105476.283239, 491706.405602, 0.34645, 13363.36974, 2769.137158, 0, 3663, 70.23402404785156, 7835479, 43694830, 282559257, 334089566, 25428.883391439915, 19.273868560791016, 434251.89521099994, inf, 811.7142857142857, 1493.7652603609527, 170546.720328, 253727.175478, 0.089397, 7089.921242, 2887.988766, 0, 1813, 40.38848876953125, 3858079, 70790374, 136991143, 211639596
39774, 39774, 0, 0, fixed_reps_39, 25963.2360162735, 80.90806233882904, 1038338.31531, inf, 199.86934673366835, 418.2938581594823, 48354.755784, 962827.272271, 1.282245, 24108.526466, 3046.478544, 0, 7761, 96.45531463623047, 15790279, 21364405, 604562365, 641717049, 25702.212421894073, 38.390360891819, 644157.911429, inf, 401.75757575757575, 849.5389610141442, 105476.283239, 522348.917695, 0.349025, 13363.36974, 2968.99173, 0, 3861, 69.79094696044922, 7835479, 43694830, 297832725, 349363034, 25427.737954854965, 18.128431975841522, 447323.427649, inf, 811.7142857142857, 1493.7652603609527, 170546.720328, 266652.98189, 0.088235, 7089.921242, 3033.715954, 0, 1911, 40.26506805419922, 3858079, 70790374, 144396067, 219044520
39774, 39774, 0, 0, fixed_reps_41, 25963.021730542183, 80.69377660751343, 1101130.6871099998, inf, 199.86934673366835, 418.2938581594823, 48354.755784, 1025530.390731, 1.224917, 24108.526466, 3135.789212, 0, 8159, 93.51214599609375, 15790279, 21364405, 635565553, 672720237, 25702.185127198696, 38.36306619644165, 671150.1255089999, inf, 401.75757575757575, 849.5389610141442, 105476.283239, 549242.858945, 0.361769, 13363.36974, 3067.251816, 0, 4059, 69.36515045166016, 7835479, 43694830, 313106193, 364636502, 25427.69250035286, 18.08297747373581, 460173.427116, inf, 811.7142857142857, 1493.7652603609527, 170546.720328, 279356.677827, 0.092043, 7089.921242, 3180.015676, 0, 2009, 40.15269470214844, 3858079, 70790374, 151800991, 226449444
39774, 39774, 0, 0, fixed_reps_5, 25991.303730487823, 108.97577655315399, 206902.54522200002, inf, 199.86934673366835, 418.2938581594823, 48354.755784, 134054.823107, 1.252769, 24108.526466, 383.187096, 0, 995, 177.65582275390625, 15790279, 21364405, 77508169, 114662853, 25717.547307670116, 53.72524666786194, 189422.082703, inf, 401.75757575757575, 849.5389610141442, 105476.283239, 70189.730569, 0.352191, 13363.36974, 392.346964, 0, 495, 90.8614730834961, 7835479, 43694830, 38183769, 89714078, 25436.507780075073, 26.898257195949554, 213751.43075900004, inf, 811.7142857142857, 1493.7652603609527, 170546.720328, 35705.68467, 0.093365, 7089.921242, 409.011154, 0, 245, 46.83976364135742, 3858079, 70790374, 18512359, 93160812
39774, 39774, 0, 0, fixed_reps_7, 25986.62500923872, 104.29705530405045, 262668.45839600003, inf, 199.86934673366835, 418.2938581594823, 48354.755784, 189650.905154, 1.479364, 24108.526466, 552.791628, 0, 1393, 168.8573760986328, 15790279, 21364405, 108511357, 145666041, 25714.732503175735, 50.91044217348099, 220388.627004, inf, 401.75757575757575, 849.5389610141442, 105476.283239, 100991.772859, 0.359224, 13363.36974, 556.841942, 0, 693, 88.90894317626953, 7835479, 43694830, 53457237, 104987546, 25436.035791516304, 26.42626863718033, 229401.345285, inf, 811.7142857142857, 1493.7652603609527, 170546.720328, 51191.733845, 0.092483, 7089.921242, 572.877387, 0, 343, 45.54401779174805, 3858079, 70790374, 25917283, 100565736
39774, 39774, 0, 0, fixed_reps_9, 25984.51201236248, 102.18405842781067, 314020.332553, inf, 199.86934673366835, 418.2938581594823, 48354.755784, 240858.5508, 1.213175, 24108.526466, 697.286328, 0, 1791, 163.8108673095703, 15790279, 21364405, 139514545, 176669229, 25712.584335386753, 48.762274384498596, 249350.066963, inf, 401.75757575757575, 849.5389610141442, 105476.283239, 129789.176242, 0.361779, 13363.36974, 720.875963, 0, 891, 87.32342529296875, 7835479, 43694830, 68730705, 120261014, 25435.037736952305, 25.428214073181152, 245035.46842699999, inf, 811.7142857142857, 1493.7652603609527, 170546.720328, 66649.952188, 0.094097, 7089.921242, 748.780572, 0, 441, 45.17802429199219, 3858079, 70790374, 33322207, 107970660
39774, 39774, 0, 0, greedy_1.000000, 26007.37460243702, 125.04664850234985, 96985.93225999999, inf, 199.86934673366835, 418.2938581594823, 48354.755784, 24441.796471, 1.223204, 24108.526466, 79.620877, 0.009458, 199, 194.79884338378906, 15790279, 21364405, 15501793, 52656477, 25725.022145450115, 61.20008444786072, 131842.55286199998, inf, 401.75757575757575, 849.5389610141442, 105476.283239, 12930.990133, 0.304701, 13363.36974, 71.600691, 0.004358, 99, 97.64154052734375, 7835479, 43694830, 7636833, 59167142, 25440.14571273327, 30.53618985414505, 183784.76388399999, inf, 811.7142857142857, 1493.7652603609527, 170546.720328, 6080.904422, 0.079359, 7089.921242, 67.1366, 0.001933, 49, 48.322635650634766, 3858079, 70790374, 3702511, 78350964
39774, 39774, 0, 0, greedy_11.000000, 25991.09694814682, 108.76899421215057, 381488.127885, inf, 199.86934673366835, 418.2938581594823, 48354.755784, 169502.278694, 1.339692, 24108.526466, 139520.684741, 0.542508, 2189, 178.30494689941406, 15790279, 21364405, 182556675, 219711359, 25718.032348036766, 54.210287034511566, 289673.814181, inf, 401.75757575757575, 849.5389610141442, 105476.283239, 97384.508117, 0.355737, 13363.36974, 73449.133381, 0.163967, 1089, 91.30789947509766, 7835479, 43694830, 90712236, 142242545, 25435.69570583105, 26.086182951927185, 259474.50105700002, inf, 811.7142857142857, 1493.7652603609527, 170546.720328, 44766.517421, 0.097122, 7089.921242, 37071.20524, 0.039704, 539, 46.687591552734375, 3858079, 70790374, 44490441, 119138894
39774, 39774, 0, 0, greedy_13.000000, 25991.09694814682, 108.76899421215057, 429388.912211, inf, 199.86934673366835, 418.2938581594823, 48354.755784, 189319.332431, 1.31716, 24108.526466, 167604.351932, 0.628438, 2587, 178.30494689941406, 15790279, 21364405, 213720473, 250875157, 25717.529824078083, 53.70776307582855, 318602.570129, inf, 401.75757575757575, 849.5389610141442, 105476.283239, 112117.82388, 0.284844, 13363.36974, 87644.641363, 0.167063, 1287, 91.28011322021484, 7835479, 43694830, 106061790, 157592099, 25435.186025321484, 25.576502442359924, 273008.987755, inf, 811.7142857142857, 1493.7652603609527, 170546.720328, 50644.007894, 0.075712, 7089.921242, 44728.219097, 0.043482, 637, 46.67689514160156, 3858079, 70790374, 52020075, 126668528
39774, 39774, 0, 0, greedy_15.000000, 25991.09694814682, 108.76899421215057, 481313.729487, inf, 199.86934673366835, 418.2938581594823, 48354.755784, 210174.916338, 1.429511, 24108.526466, 198673.358985, 0.742403, 2985, 178.30494689941406, 15790279, 21364405, 244884271, 282038955, 25716.197914123535, 52.37585312128067, 346484.49155599996, inf, 401.75757575757575, 849.5389610141442, 105476.283239, 125704.05, 0.286507, 13363.36974, 101940.311593, 0.190477, 1485, 91.2523422241211, 7835479, 43694830, 121411344, 172941653, 25435.01190316677, 25.402380287647247, 287835.374262, inf, 811.7142857142857, 1493.7652603609527, 170546.720328, 58227.450995, 0.075231, 7089.921242, 51971.157093, 0.049373, 735, 46.65728759765625, 3858079, 70790374, 59549709, 134198162
39774, 39774, 0, 0, greedy_17.000000, 25991.09694814682, 108.76899421215057, 531658.918815, inf, 199.86934673366835, 418.2938581594823, 48354.755784, 230657.725928, 1.452624, 24108.526466, 228535.637704, 0.820309, 3383, 178.30494689941406, 15790279, 21364405, 276048069, 313202753, 25715.682249963284, 51.86018896102905, 375044.185202, inf, 401.75757575757575, 849.5389610141442, 105476.283239, 139997.131358, 0.36268, 13363.36974, 116206.82205, 0.216135, 1683, 91.22242736816406, 7835479, 43694830, 136760898, 188291207, 25434.89069110155, 25.281168222427368, 300882.368406, inf, 811.7142857142857, 1493.7652603609527, 170546.720328, 63802.684709, 0.075251, 7089.921242, 59442.908787, 0.058089, 833, 46.65728759765625, 3858079, 70790374, 67079343, 141727796
39774, 39774, 0, 0, greedy_19.000000, 25991.09694814682, 108.76899421215057, 581993.5331819999, inf, 199.86934673366835, 418.2938581594823, 48354.755784, 252637.888466, 2.675938, 24108.526466, 256888.188539, 1.497989, 3781, 178.30494689941406, 15790279, 21364405, 307211867, 344366551, 25714.98107767105, 51.15901666879654, 402148.898982, inf, 401.75757575757575, 849.5389610141442, 105476.283239, 153287.027148, 0.359154, 13363.36974, 130021.615323, 0.244378, 1881, 91.19678497314453, 7835479, 43694830, 152110452, 203640761, 25434.82540589571, 25.215883016586304, 314990.528643, inf, 811.7142857142857, 1493.7652603609527, 170546.720328, 70595.268382, 0.075622, 7089.921242, 66758.481904, 0.061165, 931, 46.64213943481445, 3858079, 70790374, 74608977, 149257430
39774, 39774, 0, 0, greedy_21.000000, 25991.09694814682, 108.76899421215057, 635412.61016, inf, 199.86934673366835, 418.2938581594823, 48354.755784, 278055.07092, 1.347207, 24108.526466, 284891.883859, 1.025924, 4179, 178.30494689941406, 15790279, 21364405, 338375665, 375530349, 25713.985478520393, 50.163417518138885, 429634.04452, inf, 401.75757575757575, 849.5389610141442, 105476.283239, 166747.061485, 0.356569, 13363.36974, 144046.709282, 0.264205, 2079, 91.13011932373047, 7835479, 43694830, 167460006, 218990315, 25434.761953890324, 25.15243101119995, 329585.342391, inf, 811.7142857142857, 1493.7652603609527, 170546.720328, 77866.649521, 0.074319, 7089.921242, 74081.90693, 0.070051, 1029, 46.631649017333984, 3858079, 70790374, 82138611, 156787064
39774, 39774, 0, 0, greedy_23.000000, 25991.09694814682, 108.76899421215057, 686360.951915, inf, 199.86934673366835, 418.2938581594823, 48354.755784, 300321.476867, 1.46127, 24108.526466, 313573.595988, 1.13554, 4577, 178.30494689941406, 15790279, 21364405, 369539463, 406694147, 25712.933498203754, 49.11143720149994, 456680.60571100004, inf, 401.75757575757575, 849.5389610141442, 105476.283239, 179920.977322, 0.363522, 13363.36974, 157919.311945, 0.299943, 2277, 90.53011322021484, 7835479, 43694830, 182809560, 234339869, 25434.69787502289, 25.088352143764496, 340982.293766, inf, 811.7142857142857, 1493.7652603609527, 170546.720328, 83628.397738, 0.0746, 7089.921242, 79717.103615, 0.076243, 1127, 46.62395477294922, 3858079, 70790374, 89668245, 164316698
39774, 39774, 0, 0, greedy_25.000000, 25991.09694814682, 108.76899421215057, 743361.067829, inf, 199.86934673366835, 418.2938581594823, 48354.755784, 329894.102991, 1.323932, 24108.526466, 341001.167542, 1.191114, 4975, 178.30494689941406, 15790279, 21364405, 400703261, 437857945, 25712.933498203754, 49.11143720149994, 479984.628653, inf, 401.75757575757575, 849.5389610141442, 105476.283239, 189570.239296, 0.359434, 13363.36974, 171574.052255, 0.324689, 2475, 90.53011322021484, 7835479, 43694830, 198159114, 249689423, 25434.38835120201, 24.77882832288742, 356469.346912, inf, 811.7142857142857, 1493.7652603609527, 170546.720328, 90194.713574, 0.07466, 7089.921242, 88637.82764, 0.089468, 1225, 46.61183547973633, 3858079, 70790374, 97197879, 171846332
39774, 39774, 0, 0, greedy_27.000000, 25991.09694814682, 108.76899421215057, 775983.2416559999, inf, 199.86934673366835, 418.2938581594823, 48354.755784, 334619.058387, 1.310337, 24108.526466, 368897.905813, 1.684869, 5373, 178.30494689941406, 15790279, 21364405, 431867059, 469021743, 25712.933498203754, 49.11143720149994, 505342.997591, inf, 401.75757575757575, 849.5389610141442, 105476.283239, 201222.678548, 0.349195, 13363.36974, 185279.974908, 0.341961, 2673, 90.53011322021484, 7835479, 43694830, 213508668, 265038977, 25434.174181222916, 24.56465834379196, 371394.818446, inf, 811.7142857142857, 1493.7652603609527, 170546.720328, 97999.744982, 0.075452, 7089.921242, 95758.262095, 0.094347, 1323, 46.60173416137695, 3858079, 70790374, 104727513, 179375966
39774, 39774, 0, 0, greedy_29.000000, 25991.09694814682, 108.76899421215057, 824918.896076, inf, 199.86934673366835, 418.2938581594823, 48354.755784, 355587.971728, 1.302943, 24108.526466, 396864.974626, 1.364529, 5771, 178.30494689941406, 15790279, 21364405, 463030857, 500185541, 25712.933498203754, 49.11143720149994, 532219.807544, inf, 401.75757575757575, 849.5389610141442, 105476.283239, 211806.535206, 0.355917, 13363.36974, 201572.842843, 0.420599, 2871, 90.53011322021484, 7835479, 43694830, 228858222, 280388531, 25433.86898648739, 24.259463608264923, 385555.842382, inf, 811.7142857142857, 1493.7652603609527, 170546.720328, 105000.661817, 0.07463, 7089.921242, 102918.369588, 0.094777, 1421, 46.59318542480469, 3858079, 70790374, 112257147, 186905600
39774, 39774, 0, 0, greedy_3.000000, 25999.60383617878, 117.27588224411011, 174448.362754, inf, 199.86934673366835, 418.2938581594823, 48354.755784, 72204.116966, 1.383654, 24108.526466, 29779.421778, 0.158106, 597, 179.16700744628906, 15790279, 21364405, 57901483, 95056167, 25720.8966293931, 57.07456839084625, 173754.351288, inf, 401.75757575757575, 849.5389610141442, 105476.283239, 39855.202774, 0.363832, 13363.36974, 15059.091577, 0.040126, 297, 91.53011322021484, 7835479, 43694830, 29314020, 80844329, 25438.01121133566, 28.40168845653534, 205924.67136500005, inf, 811.7142857142857, 1493.7652603609527, 170546.720328, 20859.318323, 0.096461, 7089.921242, 7428.602237, 0.012774, 147, 46.82395553588867, 3858079, 70790374, 14371905, 89020358
39774, 39774, 0, 0, greedy_31.000000, 25991.09694814682, 108.76899421215057, 877974.300265, inf, 199.86934673366835, 418.2938581594823, 48354.755784, 382718.845, 1.292994, 24108.526466, 422789.311981, 1.56804, 6169, 178.30494689941406, 15790279, 21364405, 494194655, 531349339, 25712.933498203754, 49.11143720149994, 557310.373652, inf, 401.75757575757575, 849.5389610141442, 105476.283239, 222759.969167, 0.363442, 13363.36974, 215709.994746, 0.393318, 3069, 90.53011322021484, 7835479, 43694830, 244207776, 295738085, 25433.62481403351, 24.015291154384613, 399693.174566, inf, 811.7142857142857, 1493.7652603609527, 170546.720328, 111811.916892, 0.07458, 7089.921242, 110244.432379, 0.109145, 1519, 46.582576751708984, 3858079, 70790374, 119786781, 194435234
39774, 39774, 0, 0, greedy_33.000000, 25991.09694814682, 108.76899421215057, 912263.0092270002, inf, 199.86934673366835, 418.2938581594823, 48354.755784, 386027.664926, 1.290791, 24108.526466, 453769.176219, 1.595041, 6567, 178.30494689941406, 15790279, 21364405, 525358453, 562513137, 25712.933498203754, 49.11143720149994, 579547.2739329999, inf, 401.75757575757575, 849.5389610141442, 105476.283239, 231667.288595, 0.347953, 13363.36974, 229039.548299, 0.436107, 3267, 90.53011322021484, 7835479, 43694830, 259557330, 311087639, 25433.44738036394, 23.837857484817505, 412143.38302400004, inf, 811.7142857142857, 1493.7652603609527, 170546.720328, 117437.666986, 0.075181, 7089.921242, 117068.876717, 0.12257, 1617, 46.57395553588867, 3858079, 70790374, 127316415, 201964868
39774, 39774, 0, 0, greedy_35.000000, 25991.09694814682, 108.76899421215057, 977155.195286, inf, 199.86934673366835, 418.2938581594823, 48354.755784, 423138.411816, 1.299397, 24108.526466, 481550.351403, 1.85042, 6965, 178.30494689941406, 15790279, 21364405, 556522251, 593676935, 25712.933498203754, 49.11143720149994, 604559.2232929999, inf, 401.75757575757575, 849.5389610141442, 105476.283239, 242950.897909, 0.361147, 13363.36974, 242767.686998, 0.62426, 3465, 90.53011322021484, 7835479, 43694830, 274906884, 326437193, 25433.151780188084, 23.54225730895996, 426371.96103400004, inf, 811.7142857142857, 1493.7652603609527, 170546.720328, 123757.878041, 0.075251, 7089.921242, 124977.245816, 0.120356, 1715, 46.56079864501953, 3858079, 70790374, 134846049, 209494502
39774, 39774, 0, 0, greedy_37.000000, 25991.09694814682, 108.76899421215057, 1006873.5661690001, inf, 199.86934673366835, 418.2938581594823, 48354.755784, 423236.736393, 1.300518, 24108.526466, 511170.40769, 1.839318, 7363, 178.30494689941406, 15790279, 21364405, 587686049, 624840733, 25712.933498203754, 49.11143720149994, 629846.378443, inf, 401.75757575757575, 849.5389610141442, 105476.283239, 254021.499539, 0.352461, 13363.36974, 256984.403603, 0.469861, 3663, 90.53011322021484, 7835479, 43694830, 290256438, 341786747, 25432.91983574629, 23.310312867164612, 440576.553725, inf, 811.7142857142857, 1493.7652603609527, 170546.720328, 131295.07176, 0.076273, 7089.921242, 131644.620784, 0.143338, 1813, 46.55122756958008, 3858079, 70790374, 142375683, 217024136
39774, 39774, 0, 0, greedy_39.000000, 25991.09694814682, 108.76899421215057, 1073623.512883, inf, 199.86934673366835, 418.2938581594823, 48354.755784, 454002.731943, 1.289078, 24108.526466, 547154.344124, 1.865488, 7761, 178.30494689941406, 15790279, 21364405, 618849847, 656004531, 25712.933498203754, 49.11143720149994, 654056.036284, inf, 401.75757575757575, 849.5389610141442, 105476.283239, 265152.811413, 0.358372, 13363.36974, 270062.718251, 0.495269, 3861, 90.53011322021484, 7835479, 43694830, 305605992, 357136301, 25432.887784421444, 23.27826154232025, 451971.164037, inf, 811.7142857142857, 1493.7652603609527, 170546.720328, 137009.928854, 0.094677, 7089.921242, 137324.351549, 0.147387, 1911, 46.53824234008789, 3858079, 70790374, 149905317, 224553770
39774, 39774, 0, 0, greedy_5.000000, 25997.976117789745, 115.64816385507584, 231364.85908400003, inf, 199.86934673366835, 418.2938581594823, 48354.755784, 100713.772764, 1.368056, 24108.526466, 58186.213407, 0.222607, 995, 179.0741729736328, 15790279, 21364405, 89065281, 126219965, 25719.764973282814, 55.94291228055954, 202368.931183, inf, 401.75757575757575, 849.5389610141442, 105476.283239, 53635.463408, 0.355247, 13363.36974, 29893.386262, 0.073287, 495, 91.39678192138672, 7835479, 43694830, 44663574, 96193883, 25437.127806007862, 27.518283128738403, 217239.49670199997, inf, 811.7142857142857, 1493.7652603609527, 170546.720328, 24754.495676, 0.096872, 7089.921242, 14848.239221, 0.023363, 245, 46.82395553588867, 3858079, 70790374, 21901539, 96549992
39774, 39774, 0, 0, greedy_7.000000, 25995.581127166748, 113.25317323207855, 286668.500128, inf, 199.86934673366835, 418.2938581594823, 48354.755784, 128277.793849, 1.575785, 24108.526466, 85925.507425, 0.340819, 1393, 178.98915100097656, 15790279, 21364405, 120229079, 157383763, 25718.706764161587, 54.884703159332275, 231165.15501799996, inf, 401.75757575757575, 849.5389610141442, 105476.283239, 67769.338527, 0.371426, 13363.36974, 44555.706215, 0.085871, 693, 91.35770416259766, 7835479, 43694830, 60013128, 111543437, 25437.005600094795, 27.39607721567154, 231011.48078600003, inf, 811.7142857142857, 1493.7652603609527, 170546.720328, 31076.301095, 0.094237, 7089.921242, 22298.417304, 0.02658, 343, 46.72718048095703, 3858079, 70790374, 29431173, 104079626
39774, 39774, 0, 0, greedy_9.000000, 25991.09694814682, 108.76899421215057, 338635.84579999995, inf, 199.86934673366835, 418.2938581594823, 48354.755784, 151697.625977, 1.527104, 24108.526466, 114472.980573, 0.429896, 1791, 178.30494689941406, 15790279, 21364405, 151392877, 188547561, 25718.390390396118, 54.56832939386368, 259939.86188999997, inf, 401.75757575757575, 849.5389610141442, 105476.283239, 83079.196906, 0.366196, 13363.36974, 58020.534039, 0.11177, 891, 91.33011627197266, 7835479, 43694830, 75362682, 126892991, 25435.83906251192, 26.22953963279724, 245516.092498, inf, 811.7142857142857, 1493.7652603609527, 170546.720328, 38128.68086, 0.098755, 7089.921242, 29750.635997, 0.035316, 441, 46.703956604003906, 3858079, 70790374, 36960807, 111609260
39774, 39774, 0, 0, opt, 25949.682087898254, 67.3541339635849, 3209576.2117500002, inf, 199.86934673366835, 418.2938581594823, 48354.755784, 3137111.292781, 1.636719, 24108.526466, 0, 0, 0, 0, 15790279, 21364405, 1524243701, 1561398385, 25690.30835068226, 26.48628968000412, 3661044.596851, inf, 401.75757575757575, 849.5389610141442, 105476.283239, 3542204.649239, 0.294633, 13363.36974, 0, 0, 0, 0, 7835479, 43694830, 1501315479, 1552845788, 25420.608650803566, 10.999127924442291, 3606349.077174, inf, 811.7142857142857, 1493.7652603609527, 170546.720328, 3428712.358049, 0.077555, 7089.921242, 0, 0, 0, 0, 3858079, 70790374, 1454454573, 1529103026
39774, 39774, 0, 0, plus_edge, 26004.72876751423, 122.40081357955933, 100996.479418, inf, 199.86934673366835, 418.2938581594823, 48354.755784, 28532.201221, 0.995947, 24108.526466, 0, 0, 0, 0, 15790279, 21364405, 15501024, 52655708, 25724.259085714817, 60.43702471256256, 135515.12996499997, inf, 401.75757575757575, 849.5389610141442, 105476.283239, 16675.183396, 0.29359, 13363.36974, 0, 0, 0, 0, 7835479, 43694830, 7606564, 59136873, 25439.499530911446, 29.89000803232193, 185640.22211600002, inf, 811.7142857142857, 1493.7652603609527, 170546.720328, 8003.506667, 0.073879, 7089.921242, 0, 0, 0, 0, 3858079, 70790374, 3664992, 78313445
39774, 39774, 0, 0, simple, 26007.37460243702, 125.04664850234985, 101468.70323700001, inf, 199.86934673366835, 418.2938581594823, 48354.755784, 29004.346673, 1.074314, 24108.526466, 0, 0, 0, 0, 15790279, 21364405, 15461820, 52616504, 25725.022145450115, 61.20008444786072, 135431.59889899998, inf, 401.75757575757575, 849.5389610141442, 105476.283239, 16591.659764, 0.286156, 13363.36974, 0, 0, 0, 0, 7835479, 43694830, 7596960, 59127269, 25440.14571273327, 30.53618985414505, 185637.37262200002, inf, 811.7142857142857, 1493.7652603609527, 170546.720328, 8000.656722, 0.07433, 7089.921242, 0, 0, 0, 0, 3858079, 70790374, 3662688, 78311141
